set	label	compound	file	species	inchikey	solvent	regime	temperature_K	status	miscible_at_15_wt_percent	solubility_wt_percent	computed_in
PFAS	PFBA	Perfluorobutanoic acid	PFAS/Heptafluorobutyric_acid.orcacosmo	neutral	YPJUNDFVDDCYIH-UHFFFAOYSA-N	1,2-propanediol	RT	298.15	single_liquid_phase	True	100.0	release promotion-v2
PFAS	PFBA	Perfluorobutanoic acid	PFAS/Heptafluorobutyric_acid.orcacosmo	neutral	YPJUNDFVDDCYIH-UHFFFAOYSA-N	1,2-propanediol	high	393.15	single_liquid_phase	True	100.0	release promotion-v2
PFAS	PFBA	Perfluorobutanoic acid	PFAS/Heptafluorobutyric_acid.orcacosmo	neutral	YPJUNDFVDDCYIH-UHFFFAOYSA-N	1-propanol	RT	298.15	single_liquid_phase	True	100.0	release promotion-v2
PFAS	PFBA	Perfluorobutanoic acid	PFAS/Heptafluorobutyric_acid.orcacosmo	neutral	YPJUNDFVDDCYIH-UHFFFAOYSA-N	1-propanol	high	369.34999999999997	single_liquid_phase	True	100.0	release promotion-v2
PFAS	PFBA	Perfluorobutanoic acid	PFAS/Heptafluorobutyric_acid.orcacosmo	neutral	YPJUNDFVDDCYIH-UHFFFAOYSA-N	2,3-dihydropyran	RT	298.15	single_liquid_phase	True	100.0	release promotion-v2
PFAS	PFBA	Perfluorobutanoic acid	PFAS/Heptafluorobutyric_acid.orcacosmo	neutral	YPJUNDFVDDCYIH-UHFFFAOYSA-N	2,3-dihydropyran	high	358.15	single_liquid_phase	True	100.0	release promotion-v2
PFAS	PFBA	Perfluorobutanoic acid	PFAS/Heptafluorobutyric_acid.orcacosmo	neutral	YPJUNDFVDDCYIH-UHFFFAOYSA-N	2-butanone	RT	298.15	single_liquid_phase	True	100.0	release promotion-v2
PFAS	PFBA	Perfluorobutanoic acid	PFAS/Heptafluorobutyric_acid.orcacosmo	neutral	YPJUNDFVDDCYIH-UHFFFAOYSA-N	2-butanone	high	351.65	single_liquid_phase	True	100.0	release promotion-v2
PFAS	PFBA	Perfluorobutanoic acid	PFAS/Heptafluorobutyric_acid.orcacosmo	neutral	YPJUNDFVDDCYIH-UHFFFAOYSA-N	acetic acid	RT	298.15	single_liquid_phase	True	100.0	release promotion-v2
PFAS	PFBA	Perfluorobutanoic acid	PFAS/Heptafluorobutyric_acid.orcacosmo	neutral	YPJUNDFVDDCYIH-UHFFFAOYSA-N	acetic acid	high	390.04999999999995	single_liquid_phase	True	100.0	release promotion-v2
PFAS	PFBA	Perfluorobutanoic acid	PFAS/Heptafluorobutyric_acid.orcacosmo	neutral	YPJUNDFVDDCYIH-UHFFFAOYSA-N	acetone	RT	298.15	single_liquid_phase	True	100.0	release promotion-v2
PFAS	PFBA	Perfluorobutanoic acid	PFAS/Heptafluorobutyric_acid.orcacosmo	neutral	YPJUNDFVDDCYIH-UHFFFAOYSA-N	acetone	high	328.15	single_liquid_phase	True	100.0	release promotion-v2
PFAS	PFBA	Perfluorobutanoic acid	PFAS/Heptafluorobutyric_acid.orcacosmo	neutral	YPJUNDFVDDCYIH-UHFFFAOYSA-N	acetylacetone	RT	298.15	single_liquid_phase	True	100.0	release promotion-v2
PFAS	PFBA	Perfluorobutanoic acid	PFAS/Heptafluorobutyric_acid.orcacosmo	neutral	YPJUNDFVDDCYIH-UHFFFAOYSA-N	acetylacetone	high	393.15	single_liquid_phase	True	100.0	release promotion-v2
PFAS	PFBA	Perfluorobutanoic acid	PFAS/Heptafluorobutyric_acid.orcacosmo	neutral	YPJUNDFVDDCYIH-UHFFFAOYSA-N	benzene	RT	298.15	single_liquid_phase	True	100.0	release promotion-v2
PFAS	PFBA	Perfluorobutanoic acid	PFAS/Heptafluorobutyric_acid.orcacosmo	neutral	YPJUNDFVDDCYIH-UHFFFAOYSA-N	benzene	high	352.15	single_liquid_phase	True	100.0	release promotion-v2
PFAS	PFBA	Perfluorobutanoic acid	PFAS/Heptafluorobutyric_acid.orcacosmo	neutral	YPJUNDFVDDCYIH-UHFFFAOYSA-N	chloroform	RT	298.15	single_liquid_phase	True	100.0	release promotion-v2
PFAS	PFBA	Perfluorobutanoic acid	PFAS/Heptafluorobutyric_acid.orcacosmo	neutral	YPJUNDFVDDCYIH-UHFFFAOYSA-N	chloroform	high	333.25	single_liquid_phase	True	100.0	release promotion-v2
PFAS	PFBA	Perfluorobutanoic acid	PFAS/Heptafluorobutyric_acid.orcacosmo	neutral	YPJUNDFVDDCYIH-UHFFFAOYSA-N	cyclohexane	RT	298.15	single_liquid_phase	True	100.0	release promotion-v2
PFAS	PFBA	Perfluorobutanoic acid	PFAS/Heptafluorobutyric_acid.orcacosmo	neutral	YPJUNDFVDDCYIH-UHFFFAOYSA-N	cyclohexane	high	352.84999999999997	single_liquid_phase	True	100.0	release promotion-v2
PFAS	PFBA	Perfluorobutanoic acid	PFAS/Heptafluorobutyric_acid.orcacosmo	neutral	YPJUNDFVDDCYIH-UHFFFAOYSA-N	cyclohexanol	RT	298.15	single_liquid_phase	True	100.0	release promotion-v2
PFAS	PFBA	Perfluorobutanoic acid	PFAS/Heptafluorobutyric_acid.orcacosmo	neutral	YPJUNDFVDDCYIH-UHFFFAOYSA-N	cyclohexanol	high	393.15	single_liquid_phase	True	100.0	release promotion-v2
PFAS	PFBA	Perfluorobutanoic acid	PFAS/Heptafluorobutyric_acid.orcacosmo	neutral	YPJUNDFVDDCYIH-UHFFFAOYSA-N	dichloromethane	RT	298.15	single_liquid_phase	True	100.0	release promotion-v2
PFAS	PFBA	Perfluorobutanoic acid	PFAS/Heptafluorobutyric_acid.orcacosmo	neutral	YPJUNDFVDDCYIH-UHFFFAOYSA-N	dichloromethane	high	312.15	single_liquid_phase	True	100.0	release promotion-v2
PFAS	PFBA	Perfluorobutanoic acid	PFAS/Heptafluorobutyric_acid.orcacosmo	neutral	YPJUNDFVDDCYIH-UHFFFAOYSA-N	dimethyl sulfoxide	RT	298.15	single_liquid_phase	True	100.0	release promotion-v2
PFAS	PFBA	Perfluorobutanoic acid	PFAS/Heptafluorobutyric_acid.orcacosmo	neutral	YPJUNDFVDDCYIH-UHFFFAOYSA-N	dimethyl sulfoxide	high	393.15	single_liquid_phase	True	100.0	release promotion-v2
PFAS	PFBA	Perfluorobutanoic acid	PFAS/Heptafluorobutyric_acid.orcacosmo	neutral	YPJUNDFVDDCYIH-UHFFFAOYSA-N	diphenyl ether	RT	298.15	single_liquid_phase	True	100.0	release promotion-v2
PFAS	PFBA	Perfluorobutanoic acid	PFAS/Heptafluorobutyric_acid.orcacosmo	neutral	YPJUNDFVDDCYIH-UHFFFAOYSA-N	diphenyl ether	high	393.15	single_liquid_phase	True	100.0	release promotion-v2
PFAS	PFBA	Perfluorobutanoic acid	PFAS/Heptafluorobutyric_acid.orcacosmo	neutral	YPJUNDFVDDCYIH-UHFFFAOYSA-N	dodecane	RT	298.15	single_liquid_phase	True	100.0	release promotion-v2
PFAS	PFBA	Perfluorobutanoic acid	PFAS/Heptafluorobutyric_acid.orcacosmo	neutral	YPJUNDFVDDCYIH-UHFFFAOYSA-N	dodecane	high	393.15	single_liquid_phase	True	100.0	release promotion-v2
PFAS	PFBA	Perfluorobutanoic acid	PFAS/Heptafluorobutyric_acid.orcacosmo	neutral	YPJUNDFVDDCYIH-UHFFFAOYSA-N	ethanol	RT	298.15	single_liquid_phase	True	100.0	release promotion-v2
PFAS	PFBA	Perfluorobutanoic acid	PFAS/Heptafluorobutyric_acid.orcacosmo	neutral	YPJUNDFVDDCYIH-UHFFFAOYSA-N	ethanol	high	350.34999999999997	single_liquid_phase	True	100.0	release promotion-v2
PFAS	PFBA	Perfluorobutanoic acid	PFAS/Heptafluorobutyric_acid.orcacosmo	neutral	YPJUNDFVDDCYIH-UHFFFAOYSA-N	ethyl acetate	RT	298.15	single_liquid_phase	True	100.0	release promotion-v2
PFAS	PFBA	Perfluorobutanoic acid	PFAS/Heptafluorobutyric_acid.orcacosmo	neutral	YPJUNDFVDDCYIH-UHFFFAOYSA-N	ethyl acetate	high	349.25	single_liquid_phase	True	100.0	release promotion-v2
PFAS	PFBA	Perfluorobutanoic acid	PFAS/Heptafluorobutyric_acid.orcacosmo	neutral	YPJUNDFVDDCYIH-UHFFFAOYSA-N	ethylene glycol	RT	298.15	single_liquid_phase	True	100.0	release promotion-v2
PFAS	PFBA	Perfluorobutanoic acid	PFAS/Heptafluorobutyric_acid.orcacosmo	neutral	YPJUNDFVDDCYIH-UHFFFAOYSA-N	ethylene glycol	high	393.15	single_liquid_phase	True	100.0	release promotion-v2
PFAS	PFBA	Perfluorobutanoic acid	PFAS/Heptafluorobutyric_acid.orcacosmo	neutral	YPJUNDFVDDCYIH-UHFFFAOYSA-N	heptane	RT	298.15	single_liquid_phase	True	100.0	release promotion-v2
PFAS	PFBA	Perfluorobutanoic acid	PFAS/Heptafluorobutyric_acid.orcacosmo	neutral	YPJUNDFVDDCYIH-UHFFFAOYSA-N	heptane	high	370.65	single_liquid_phase	True	100.0	release promotion-v2
PFAS	PFBA	Perfluorobutanoic acid	PFAS/Heptafluorobutyric_acid.orcacosmo	neutral	YPJUNDFVDDCYIH-UHFFFAOYSA-N	hexane	RT	298.15	single_liquid_phase	True	100.0	release promotion-v2
PFAS	PFBA	Perfluorobutanoic acid	PFAS/Heptafluorobutyric_acid.orcacosmo	neutral	YPJUNDFVDDCYIH-UHFFFAOYSA-N	hexane	high	340.84999999999997	single_liquid_phase	True	100.0	release promotion-v2
PFAS	PFBA	Perfluorobutanoic acid	PFAS/Heptafluorobutyric_acid.orcacosmo	neutral	YPJUNDFVDDCYIH-UHFFFAOYSA-N	isopropanol	RT	298.15	single_liquid_phase	True	100.0	release promotion-v2
PFAS	PFBA	Perfluorobutanoic acid	PFAS/Heptafluorobutyric_acid.orcacosmo	neutral	YPJUNDFVDDCYIH-UHFFFAOYSA-N	isopropanol	high	354.45	single_liquid_phase	True	100.0	release promotion-v2
PFAS	PFBA	Perfluorobutanoic acid	PFAS/Heptafluorobutyric_acid.orcacosmo	neutral	YPJUNDFVDDCYIH-UHFFFAOYSA-N	isopropylamine	RT	298.15	single_liquid_phase	True	100.0	release promotion-v2
PFAS	PFBA	Perfluorobutanoic acid	PFAS/Heptafluorobutyric_acid.orcacosmo	neutral	YPJUNDFVDDCYIH-UHFFFAOYSA-N	isopropylamine	high	303.84999999999997	single_liquid_phase	True	100.0	release promotion-v2
PFAS	PFBA	Perfluorobutanoic acid	PFAS/Heptafluorobutyric_acid.orcacosmo	neutral	YPJUNDFVDDCYIH-UHFFFAOYSA-N	methanol	RT	298.15	single_liquid_phase	True	100.0	release promotion-v2
PFAS	PFBA	Perfluorobutanoic acid	PFAS/Heptafluorobutyric_acid.orcacosmo	neutral	YPJUNDFVDDCYIH-UHFFFAOYSA-N	methanol	high	336.7499999999999	single_liquid_phase	True	100.0	release promotion-v2
PFAS	PFBA	Perfluorobutanoic acid	PFAS/Heptafluorobutyric_acid.orcacosmo	neutral	YPJUNDFVDDCYIH-UHFFFAOYSA-N	methylacetate	RT	298.15	single_liquid_phase	True	100.0	release promotion-v2
PFAS	PFBA	Perfluorobutanoic acid	PFAS/Heptafluorobutyric_acid.orcacosmo	neutral	YPJUNDFVDDCYIH-UHFFFAOYSA-N	methylacetate	high	328.95	single_liquid_phase	True	100.0	release promotion-v2
PFAS	PFBA	Perfluorobutanoic acid	PFAS/Heptafluorobutyric_acid.orcacosmo	neutral	YPJUNDFVDDCYIH-UHFFFAOYSA-N	n,n-dimethylformamide	RT	298.15	single_liquid_phase	True	100.0	release promotion-v2
PFAS	PFBA	Perfluorobutanoic acid	PFAS/Heptafluorobutyric_acid.orcacosmo	neutral	YPJUNDFVDDCYIH-UHFFFAOYSA-N	n,n-dimethylformamide	high	393.15	single_liquid_phase	True	100.0	release promotion-v2
PFAS	PFBA	Perfluorobutanoic acid	PFAS/Heptafluorobutyric_acid.orcacosmo	neutral	YPJUNDFVDDCYIH-UHFFFAOYSA-N	o-xylene	RT	298.15	single_liquid_phase	True	100.0	release promotion-v2
PFAS	PFBA	Perfluorobutanoic acid	PFAS/Heptafluorobutyric_acid.orcacosmo	neutral	YPJUNDFVDDCYIH-UHFFFAOYSA-N	o-xylene	high	393.15	single_liquid_phase	True	100.0	release promotion-v2
PFAS	PFBA	Perfluorobutanoic acid	PFAS/Heptafluorobutyric_acid.orcacosmo	neutral	YPJUNDFVDDCYIH-UHFFFAOYSA-N	tert-butanol	RT	298.15	single_liquid_phase	True	100.0	release promotion-v2
PFAS	PFBA	Perfluorobutanoic acid	PFAS/Heptafluorobutyric_acid.orcacosmo	neutral	YPJUNDFVDDCYIH-UHFFFAOYSA-N	tert-butanol	high	354.54999999999995	single_liquid_phase	True	100.0	release promotion-v2
PFAS	PFBA	Perfluorobutanoic acid	PFAS/Heptafluorobutyric_acid.orcacosmo	neutral	YPJUNDFVDDCYIH-UHFFFAOYSA-N	tetrahydrofuran	RT	298.15	single_liquid_phase	True	100.0	release promotion-v2
PFAS	PFBA	Perfluorobutanoic acid	PFAS/Heptafluorobutyric_acid.orcacosmo	neutral	YPJUNDFVDDCYIH-UHFFFAOYSA-N	tetrahydrofuran	high	337.15	single_liquid_phase	True	100.0	release promotion-v2
PFAS	PFBA	Perfluorobutanoic acid	PFAS/Heptafluorobutyric_acid.orcacosmo	neutral	YPJUNDFVDDCYIH-UHFFFAOYSA-N	tetrahydropyran	RT	298.15	single_liquid_phase	True	100.0	release promotion-v2
PFAS	PFBA	Perfluorobutanoic acid	PFAS/Heptafluorobutyric_acid.orcacosmo	neutral	YPJUNDFVDDCYIH-UHFFFAOYSA-N	tetrahydropyran	high	360.15	single_liquid_phase	True	100.0	release promotion-v2
PFAS	PFBA	Perfluorobutanoic acid	PFAS/Heptafluorobutyric_acid.orcacosmo	neutral	YPJUNDFVDDCYIH-UHFFFAOYSA-N	toluene	RT	298.15	single_liquid_phase	True	100.0	release promotion-v2
PFAS	PFBA	Perfluorobutanoic acid	PFAS/Heptafluorobutyric_acid.orcacosmo	neutral	YPJUNDFVDDCYIH-UHFFFAOYSA-N	toluene	high	382.75	single_liquid_phase	True	100.0	release promotion-v2
PFAS	PFBA	Perfluorobutanoic acid	PFAS/Heptafluorobutyric_acid.orcacosmo	neutral	YPJUNDFVDDCYIH-UHFFFAOYSA-N	triethylamine	RT	298.15	single_liquid_phase	True	100.0	release promotion-v2
PFAS	PFBA	Perfluorobutanoic acid	PFAS/Heptafluorobutyric_acid.orcacosmo	neutral	YPJUNDFVDDCYIH-UHFFFAOYSA-N	triethylamine	high	361.15	single_liquid_phase	True	100.0	release promotion-v2
PFAS	PFBA	Perfluorobutanoic acid	PFAS/Heptafluorobutyric_acid.orcacosmo	neutral	YPJUNDFVDDCYIH-UHFFFAOYSA-N	water	RT	298.15	two_liquid_phases	False	1.9235381712825463	release promotion-v2
PFAS	PFBA	Perfluorobutanoic acid	PFAS/Heptafluorobutyric_acid.orcacosmo	neutral	YPJUNDFVDDCYIH-UHFFFAOYSA-N	water	high	372.15	two_liquid_phases	False	2.820173742499449	release promotion-v2
PFAS	PFPA	Perfluoropentanoic acid	PFAS/Perfluorovaleric_acid.orcacosmo	neutral	CXZGQIAOTKWCDB-UHFFFAOYSA-N	1,2-propanediol	RT	298.15	single_liquid_phase	True	100.0	release promotion-v2
PFAS	PFPA	Perfluoropentanoic acid	PFAS/Perfluorovaleric_acid.orcacosmo	neutral	CXZGQIAOTKWCDB-UHFFFAOYSA-N	1,2-propanediol	high	393.15	single_liquid_phase	True	100.0	release promotion-v2
PFAS	PFPA	Perfluoropentanoic acid	PFAS/Perfluorovaleric_acid.orcacosmo	neutral	CXZGQIAOTKWCDB-UHFFFAOYSA-N	1-propanol	RT	298.15	single_liquid_phase	True	100.0	release promotion-v2
PFAS	PFPA	Perfluoropentanoic acid	PFAS/Perfluorovaleric_acid.orcacosmo	neutral	CXZGQIAOTKWCDB-UHFFFAOYSA-N	1-propanol	high	369.34999999999997	single_liquid_phase	True	100.0	release promotion-v2
PFAS	PFPA	Perfluoropentanoic acid	PFAS/Perfluorovaleric_acid.orcacosmo	neutral	CXZGQIAOTKWCDB-UHFFFAOYSA-N	2,3-dihydropyran	RT	298.15	single_liquid_phase	True	100.0	release promotion-v2
PFAS	PFPA	Perfluoropentanoic acid	PFAS/Perfluorovaleric_acid.orcacosmo	neutral	CXZGQIAOTKWCDB-UHFFFAOYSA-N	2,3-dihydropyran	high	358.15	single_liquid_phase	True	100.0	release promotion-v2
PFAS	PFPA	Perfluoropentanoic acid	PFAS/Perfluorovaleric_acid.orcacosmo	neutral	CXZGQIAOTKWCDB-UHFFFAOYSA-N	2-butanone	RT	298.15	single_liquid_phase	True	100.0	release promotion-v2
PFAS	PFPA	Perfluoropentanoic acid	PFAS/Perfluorovaleric_acid.orcacosmo	neutral	CXZGQIAOTKWCDB-UHFFFAOYSA-N	2-butanone	high	351.65	single_liquid_phase	True	100.0	release promotion-v2
PFAS	PFPA	Perfluoropentanoic acid	PFAS/Perfluorovaleric_acid.orcacosmo	neutral	CXZGQIAOTKWCDB-UHFFFAOYSA-N	acetic acid	RT	298.15	single_liquid_phase	True	100.0	release promotion-v2
PFAS	PFPA	Perfluoropentanoic acid	PFAS/Perfluorovaleric_acid.orcacosmo	neutral	CXZGQIAOTKWCDB-UHFFFAOYSA-N	acetic acid	high	390.04999999999995	single_liquid_phase	True	100.0	release promotion-v2
PFAS	PFPA	Perfluoropentanoic acid	PFAS/Perfluorovaleric_acid.orcacosmo	neutral	CXZGQIAOTKWCDB-UHFFFAOYSA-N	acetone	RT	298.15	single_liquid_phase	True	100.0	release promotion-v2
PFAS	PFPA	Perfluoropentanoic acid	PFAS/Perfluorovaleric_acid.orcacosmo	neutral	CXZGQIAOTKWCDB-UHFFFAOYSA-N	acetone	high	328.15	single_liquid_phase	True	100.0	release promotion-v2
PFAS	PFPA	Perfluoropentanoic acid	PFAS/Perfluorovaleric_acid.orcacosmo	neutral	CXZGQIAOTKWCDB-UHFFFAOYSA-N	acetylacetone	RT	298.15	single_liquid_phase	True	100.0	release promotion-v2
PFAS	PFPA	Perfluoropentanoic acid	PFAS/Perfluorovaleric_acid.orcacosmo	neutral	CXZGQIAOTKWCDB-UHFFFAOYSA-N	acetylacetone	high	393.15	single_liquid_phase	True	100.0	release promotion-v2
PFAS	PFPA	Perfluoropentanoic acid	PFAS/Perfluorovaleric_acid.orcacosmo	neutral	CXZGQIAOTKWCDB-UHFFFAOYSA-N	benzene	RT	298.15	single_liquid_phase	True	100.0	release promotion-v2
PFAS	PFPA	Perfluoropentanoic acid	PFAS/Perfluorovaleric_acid.orcacosmo	neutral	CXZGQIAOTKWCDB-UHFFFAOYSA-N	benzene	high	352.15	single_liquid_phase	True	100.0	release promotion-v2
PFAS	PFPA	Perfluoropentanoic acid	PFAS/Perfluorovaleric_acid.orcacosmo	neutral	CXZGQIAOTKWCDB-UHFFFAOYSA-N	chloroform	RT	298.15	single_liquid_phase	True	100.0	release promotion-v2
PFAS	PFPA	Perfluoropentanoic acid	PFAS/Perfluorovaleric_acid.orcacosmo	neutral	CXZGQIAOTKWCDB-UHFFFAOYSA-N	chloroform	high	333.25	single_liquid_phase	True	100.0	release promotion-v2
PFAS	PFPA	Perfluoropentanoic acid	PFAS/Perfluorovaleric_acid.orcacosmo	neutral	CXZGQIAOTKWCDB-UHFFFAOYSA-N	cyclohexane	RT	298.15	single_liquid_phase	True	100.0	release promotion-v2
PFAS	PFPA	Perfluoropentanoic acid	PFAS/Perfluorovaleric_acid.orcacosmo	neutral	CXZGQIAOTKWCDB-UHFFFAOYSA-N	cyclohexane	high	352.84999999999997	single_liquid_phase	True	100.0	release promotion-v2
PFAS	PFPA	Perfluoropentanoic acid	PFAS/Perfluorovaleric_acid.orcacosmo	neutral	CXZGQIAOTKWCDB-UHFFFAOYSA-N	cyclohexanol	RT	298.15	single_liquid_phase	True	100.0	release promotion-v2
PFAS	PFPA	Perfluoropentanoic acid	PFAS/Perfluorovaleric_acid.orcacosmo	neutral	CXZGQIAOTKWCDB-UHFFFAOYSA-N	cyclohexanol	high	393.15	single_liquid_phase	True	100.0	release promotion-v2
PFAS	PFPA	Perfluoropentanoic acid	PFAS/Perfluorovaleric_acid.orcacosmo	neutral	CXZGQIAOTKWCDB-UHFFFAOYSA-N	dichloromethane	RT	298.15	single_liquid_phase	True	100.0	release promotion-v2
PFAS	PFPA	Perfluoropentanoic acid	PFAS/Perfluorovaleric_acid.orcacosmo	neutral	CXZGQIAOTKWCDB-UHFFFAOYSA-N	dichloromethane	high	312.15	single_liquid_phase	True	100.0	release promotion-v2
PFAS	PFPA	Perfluoropentanoic acid	PFAS/Perfluorovaleric_acid.orcacosmo	neutral	CXZGQIAOTKWCDB-UHFFFAOYSA-N	dimethyl sulfoxide	RT	298.15	single_liquid_phase	True	100.0	release promotion-v2
PFAS	PFPA	Perfluoropentanoic acid	PFAS/Perfluorovaleric_acid.orcacosmo	neutral	CXZGQIAOTKWCDB-UHFFFAOYSA-N	dimethyl sulfoxide	high	393.15	single_liquid_phase	True	100.0	release promotion-v2
PFAS	PFPA	Perfluoropentanoic acid	PFAS/Perfluorovaleric_acid.orcacosmo	neutral	CXZGQIAOTKWCDB-UHFFFAOYSA-N	diphenyl ether	RT	298.15	single_liquid_phase	True	100.0	release promotion-v2
PFAS	PFPA	Perfluoropentanoic acid	PFAS/Perfluorovaleric_acid.orcacosmo	neutral	CXZGQIAOTKWCDB-UHFFFAOYSA-N	diphenyl ether	high	393.15	single_liquid_phase	True	100.0	release promotion-v2
PFAS	PFPA	Perfluoropentanoic acid	PFAS/Perfluorovaleric_acid.orcacosmo	neutral	CXZGQIAOTKWCDB-UHFFFAOYSA-N	dodecane	RT	298.15	single_liquid_phase	True	100.0	release promotion-v2
PFAS	PFPA	Perfluoropentanoic acid	PFAS/Perfluorovaleric_acid.orcacosmo	neutral	CXZGQIAOTKWCDB-UHFFFAOYSA-N	dodecane	high	393.15	single_liquid_phase	True	100.0	release promotion-v2
PFAS	PFPA	Perfluoropentanoic acid	PFAS/Perfluorovaleric_acid.orcacosmo	neutral	CXZGQIAOTKWCDB-UHFFFAOYSA-N	ethanol	RT	298.15	single_liquid_phase	True	100.0	release promotion-v2
PFAS	PFPA	Perfluoropentanoic acid	PFAS/Perfluorovaleric_acid.orcacosmo	neutral	CXZGQIAOTKWCDB-UHFFFAOYSA-N	ethanol	high	350.34999999999997	single_liquid_phase	True	100.0	release promotion-v2
PFAS	PFPA	Perfluoropentanoic acid	PFAS/Perfluorovaleric_acid.orcacosmo	neutral	CXZGQIAOTKWCDB-UHFFFAOYSA-N	ethyl acetate	RT	298.15	single_liquid_phase	True	100.0	release promotion-v2
PFAS	PFPA	Perfluoropentanoic acid	PFAS/Perfluorovaleric_acid.orcacosmo	neutral	CXZGQIAOTKWCDB-UHFFFAOYSA-N	ethyl acetate	high	349.25	single_liquid_phase	True	100.0	release promotion-v2
PFAS	PFPA	Perfluoropentanoic acid	PFAS/Perfluorovaleric_acid.orcacosmo	neutral	CXZGQIAOTKWCDB-UHFFFAOYSA-N	ethylene glycol	RT	298.15	single_liquid_phase	True	100.0	release promotion-v2
PFAS	PFPA	Perfluoropentanoic acid	PFAS/Perfluorovaleric_acid.orcacosmo	neutral	CXZGQIAOTKWCDB-UHFFFAOYSA-N	ethylene glycol	high	393.15	single_liquid_phase	True	100.0	release promotion-v2
PFAS	PFPA	Perfluoropentanoic acid	PFAS/Perfluorovaleric_acid.orcacosmo	neutral	CXZGQIAOTKWCDB-UHFFFAOYSA-N	heptane	RT	298.15	single_liquid_phase	True	100.0	release promotion-v2
PFAS	PFPA	Perfluoropentanoic acid	PFAS/Perfluorovaleric_acid.orcacosmo	neutral	CXZGQIAOTKWCDB-UHFFFAOYSA-N	heptane	high	370.65	single_liquid_phase	True	100.0	release promotion-v2
PFAS	PFPA	Perfluoropentanoic acid	PFAS/Perfluorovaleric_acid.orcacosmo	neutral	CXZGQIAOTKWCDB-UHFFFAOYSA-N	hexane	RT	298.15	single_liquid_phase	True	100.0	release promotion-v2
PFAS	PFPA	Perfluoropentanoic acid	PFAS/Perfluorovaleric_acid.orcacosmo	neutral	CXZGQIAOTKWCDB-UHFFFAOYSA-N	hexane	high	340.84999999999997	single_liquid_phase	True	100.0	release promotion-v2
PFAS	PFPA	Perfluoropentanoic acid	PFAS/Perfluorovaleric_acid.orcacosmo	neutral	CXZGQIAOTKWCDB-UHFFFAOYSA-N	isopropanol	RT	298.15	single_liquid_phase	True	100.0	release promotion-v2
PFAS	PFPA	Perfluoropentanoic acid	PFAS/Perfluorovaleric_acid.orcacosmo	neutral	CXZGQIAOTKWCDB-UHFFFAOYSA-N	isopropanol	high	354.45	single_liquid_phase	True	100.0	release promotion-v2
PFAS	PFPA	Perfluoropentanoic acid	PFAS/Perfluorovaleric_acid.orcacosmo	neutral	CXZGQIAOTKWCDB-UHFFFAOYSA-N	isopropylamine	RT	298.15	single_liquid_phase	True	100.0	release promotion-v2
PFAS	PFPA	Perfluoropentanoic acid	PFAS/Perfluorovaleric_acid.orcacosmo	neutral	CXZGQIAOTKWCDB-UHFFFAOYSA-N	isopropylamine	high	303.84999999999997	single_liquid_phase	True	100.0	release promotion-v2
PFAS	PFPA	Perfluoropentanoic acid	PFAS/Perfluorovaleric_acid.orcacosmo	neutral	CXZGQIAOTKWCDB-UHFFFAOYSA-N	methanol	RT	298.15	single_liquid_phase	True	100.0	release promotion-v2
PFAS	PFPA	Perfluoropentanoic acid	PFAS/Perfluorovaleric_acid.orcacosmo	neutral	CXZGQIAOTKWCDB-UHFFFAOYSA-N	methanol	high	336.7499999999999	single_liquid_phase	True	100.0	release promotion-v2
PFAS	PFPA	Perfluoropentanoic acid	PFAS/Perfluorovaleric_acid.orcacosmo	neutral	CXZGQIAOTKWCDB-UHFFFAOYSA-N	methylacetate	RT	298.15	single_liquid_phase	True	100.0	release promotion-v2
PFAS	PFPA	Perfluoropentanoic acid	PFAS/Perfluorovaleric_acid.orcacosmo	neutral	CXZGQIAOTKWCDB-UHFFFAOYSA-N	methylacetate	high	328.95	single_liquid_phase	True	100.0	release promotion-v2
PFAS	PFPA	Perfluoropentanoic acid	PFAS/Perfluorovaleric_acid.orcacosmo	neutral	CXZGQIAOTKWCDB-UHFFFAOYSA-N	n,n-dimethylformamide	RT	298.15	single_liquid_phase	True	100.0	release promotion-v2
PFAS	PFPA	Perfluoropentanoic acid	PFAS/Perfluorovaleric_acid.orcacosmo	neutral	CXZGQIAOTKWCDB-UHFFFAOYSA-N	n,n-dimethylformamide	high	393.15	single_liquid_phase	True	100.0	release promotion-v2
PFAS	PFPA	Perfluoropentanoic acid	PFAS/Perfluorovaleric_acid.orcacosmo	neutral	CXZGQIAOTKWCDB-UHFFFAOYSA-N	o-xylene	RT	298.15	single_liquid_phase	True	100.0	release promotion-v2
PFAS	PFPA	Perfluoropentanoic acid	PFAS/Perfluorovaleric_acid.orcacosmo	neutral	CXZGQIAOTKWCDB-UHFFFAOYSA-N	o-xylene	high	393.15	single_liquid_phase	True	100.0	release promotion-v2
PFAS	PFPA	Perfluoropentanoic acid	PFAS/Perfluorovaleric_acid.orcacosmo	neutral	CXZGQIAOTKWCDB-UHFFFAOYSA-N	tert-butanol	RT	298.15	single_liquid_phase	True	100.0	release promotion-v2
PFAS	PFPA	Perfluoropentanoic acid	PFAS/Perfluorovaleric_acid.orcacosmo	neutral	CXZGQIAOTKWCDB-UHFFFAOYSA-N	tert-butanol	high	354.54999999999995	single_liquid_phase	True	100.0	release promotion-v2
PFAS	PFPA	Perfluoropentanoic acid	PFAS/Perfluorovaleric_acid.orcacosmo	neutral	CXZGQIAOTKWCDB-UHFFFAOYSA-N	tetrahydrofuran	RT	298.15	single_liquid_phase	True	100.0	release promotion-v2
PFAS	PFPA	Perfluoropentanoic acid	PFAS/Perfluorovaleric_acid.orcacosmo	neutral	CXZGQIAOTKWCDB-UHFFFAOYSA-N	tetrahydrofuran	high	337.15	single_liquid_phase	True	100.0	release promotion-v2
PFAS	PFPA	Perfluoropentanoic acid	PFAS/Perfluorovaleric_acid.orcacosmo	neutral	CXZGQIAOTKWCDB-UHFFFAOYSA-N	tetrahydropyran	RT	298.15	single_liquid_phase	True	100.0	release promotion-v2
PFAS	PFPA	Perfluoropentanoic acid	PFAS/Perfluorovaleric_acid.orcacosmo	neutral	CXZGQIAOTKWCDB-UHFFFAOYSA-N	tetrahydropyran	high	360.15	single_liquid_phase	True	100.0	release promotion-v2
PFAS	PFPA	Perfluoropentanoic acid	PFAS/Perfluorovaleric_acid.orcacosmo	neutral	CXZGQIAOTKWCDB-UHFFFAOYSA-N	toluene	RT	298.15	single_liquid_phase	True	100.0	release promotion-v2
PFAS	PFPA	Perfluoropentanoic acid	PFAS/Perfluorovaleric_acid.orcacosmo	neutral	CXZGQIAOTKWCDB-UHFFFAOYSA-N	toluene	high	382.75	single_liquid_phase	True	100.0	release promotion-v2
PFAS	PFPA	Perfluoropentanoic acid	PFAS/Perfluorovaleric_acid.orcacosmo	neutral	CXZGQIAOTKWCDB-UHFFFAOYSA-N	triethylamine	RT	298.15	single_liquid_phase	True	100.0	release promotion-v2
PFAS	PFPA	Perfluoropentanoic acid	PFAS/Perfluorovaleric_acid.orcacosmo	neutral	CXZGQIAOTKWCDB-UHFFFAOYSA-N	triethylamine	high	361.15	single_liquid_phase	True	100.0	release promotion-v2
PFAS	PFPA	Perfluoropentanoic acid	PFAS/Perfluorovaleric_acid.orcacosmo	neutral	CXZGQIAOTKWCDB-UHFFFAOYSA-N	water	RT	298.15	two_liquid_phases	False	0.42202597074377823	release promotion-v2
PFAS	PFPA	Perfluoropentanoic acid	PFAS/Perfluorovaleric_acid.orcacosmo	neutral	CXZGQIAOTKWCDB-UHFFFAOYSA-N	water	high	372.15	two_liquid_phases	False	0.7303841506545721	release promotion-v2
PFAS	PFHxA	Perfluorohexanoic acid	PFAS/Perfluorohexanoic_acid.orcacosmo	neutral	PXUULQAPEKKVAH-UHFFFAOYSA-N	1,2-propanediol	RT	298.15	single_liquid_phase	True	100.0	release promotion-v2
PFAS	PFHxA	Perfluorohexanoic acid	PFAS/Perfluorohexanoic_acid.orcacosmo	neutral	PXUULQAPEKKVAH-UHFFFAOYSA-N	1,2-propanediol	high	393.15	single_liquid_phase	True	100.0	release promotion-v2
PFAS	PFHxA	Perfluorohexanoic acid	PFAS/Perfluorohexanoic_acid.orcacosmo	neutral	PXUULQAPEKKVAH-UHFFFAOYSA-N	1-propanol	RT	298.15	single_liquid_phase	True	100.0	release promotion-v2
PFAS	PFHxA	Perfluorohexanoic acid	PFAS/Perfluorohexanoic_acid.orcacosmo	neutral	PXUULQAPEKKVAH-UHFFFAOYSA-N	1-propanol	high	369.34999999999997	single_liquid_phase	True	100.0	release promotion-v2
PFAS	PFHxA	Perfluorohexanoic acid	PFAS/Perfluorohexanoic_acid.orcacosmo	neutral	PXUULQAPEKKVAH-UHFFFAOYSA-N	2,3-dihydropyran	RT	298.15	single_liquid_phase	True	100.0	release promotion-v2
PFAS	PFHxA	Perfluorohexanoic acid	PFAS/Perfluorohexanoic_acid.orcacosmo	neutral	PXUULQAPEKKVAH-UHFFFAOYSA-N	2,3-dihydropyran	high	358.15	single_liquid_phase	True	100.0	release promotion-v2
PFAS	PFHxA	Perfluorohexanoic acid	PFAS/Perfluorohexanoic_acid.orcacosmo	neutral	PXUULQAPEKKVAH-UHFFFAOYSA-N	2-butanone	RT	298.15	single_liquid_phase	True	100.0	release promotion-v2
PFAS	PFHxA	Perfluorohexanoic acid	PFAS/Perfluorohexanoic_acid.orcacosmo	neutral	PXUULQAPEKKVAH-UHFFFAOYSA-N	2-butanone	high	351.65	single_liquid_phase	True	100.0	release promotion-v2
PFAS	PFHxA	Perfluorohexanoic acid	PFAS/Perfluorohexanoic_acid.orcacosmo	neutral	PXUULQAPEKKVAH-UHFFFAOYSA-N	acetic acid	RT	298.15	single_liquid_phase	True	100.0	release promotion-v2
PFAS	PFHxA	Perfluorohexanoic acid	PFAS/Perfluorohexanoic_acid.orcacosmo	neutral	PXUULQAPEKKVAH-UHFFFAOYSA-N	acetic acid	high	390.04999999999995	single_liquid_phase	True	100.0	release promotion-v2
PFAS	PFHxA	Perfluorohexanoic acid	PFAS/Perfluorohexanoic_acid.orcacosmo	neutral	PXUULQAPEKKVAH-UHFFFAOYSA-N	acetone	RT	298.15	single_liquid_phase	True	100.0	release promotion-v2
PFAS	PFHxA	Perfluorohexanoic acid	PFAS/Perfluorohexanoic_acid.orcacosmo	neutral	PXUULQAPEKKVAH-UHFFFAOYSA-N	acetone	high	328.15	single_liquid_phase	True	100.0	release promotion-v2
PFAS	PFHxA	Perfluorohexanoic acid	PFAS/Perfluorohexanoic_acid.orcacosmo	neutral	PXUULQAPEKKVAH-UHFFFAOYSA-N	acetylacetone	RT	298.15	single_liquid_phase	True	100.0	release promotion-v2
PFAS	PFHxA	Perfluorohexanoic acid	PFAS/Perfluorohexanoic_acid.orcacosmo	neutral	PXUULQAPEKKVAH-UHFFFAOYSA-N	acetylacetone	high	393.15	single_liquid_phase	True	100.0	release promotion-v2
PFAS	PFHxA	Perfluorohexanoic acid	PFAS/Perfluorohexanoic_acid.orcacosmo	neutral	PXUULQAPEKKVAH-UHFFFAOYSA-N	benzene	RT	298.15	single_liquid_phase	True	100.0	release promotion-v2
PFAS	PFHxA	Perfluorohexanoic acid	PFAS/Perfluorohexanoic_acid.orcacosmo	neutral	PXUULQAPEKKVAH-UHFFFAOYSA-N	benzene	high	352.15	single_liquid_phase	True	100.0	release promotion-v2
PFAS	PFHxA	Perfluorohexanoic acid	PFAS/Perfluorohexanoic_acid.orcacosmo	neutral	PXUULQAPEKKVAH-UHFFFAOYSA-N	chloroform	RT	298.15	single_liquid_phase	True	100.0	release promotion-v2
PFAS	PFHxA	Perfluorohexanoic acid	PFAS/Perfluorohexanoic_acid.orcacosmo	neutral	PXUULQAPEKKVAH-UHFFFAOYSA-N	chloroform	high	333.25	single_liquid_phase	True	100.0	release promotion-v2
PFAS	PFHxA	Perfluorohexanoic acid	PFAS/Perfluorohexanoic_acid.orcacosmo	neutral	PXUULQAPEKKVAH-UHFFFAOYSA-N	cyclohexane	RT	298.15	single_liquid_phase	True	100.0	release promotion-v2
PFAS	PFHxA	Perfluorohexanoic acid	PFAS/Perfluorohexanoic_acid.orcacosmo	neutral	PXUULQAPEKKVAH-UHFFFAOYSA-N	cyclohexane	high	352.84999999999997	single_liquid_phase	True	100.0	release promotion-v2
PFAS	PFHxA	Perfluorohexanoic acid	PFAS/Perfluorohexanoic_acid.orcacosmo	neutral	PXUULQAPEKKVAH-UHFFFAOYSA-N	cyclohexanol	RT	298.15	single_liquid_phase	True	100.0	release promotion-v2
PFAS	PFHxA	Perfluorohexanoic acid	PFAS/Perfluorohexanoic_acid.orcacosmo	neutral	PXUULQAPEKKVAH-UHFFFAOYSA-N	cyclohexanol	high	393.15	single_liquid_phase	True	100.0	release promotion-v2
PFAS	PFHxA	Perfluorohexanoic acid	PFAS/Perfluorohexanoic_acid.orcacosmo	neutral	PXUULQAPEKKVAH-UHFFFAOYSA-N	dichloromethane	RT	298.15	single_liquid_phase	True	100.0	release promotion-v2
PFAS	PFHxA	Perfluorohexanoic acid	PFAS/Perfluorohexanoic_acid.orcacosmo	neutral	PXUULQAPEKKVAH-UHFFFAOYSA-N	dichloromethane	high	312.15	single_liquid_phase	True	100.0	release promotion-v2
PFAS	PFHxA	Perfluorohexanoic acid	PFAS/Perfluorohexanoic_acid.orcacosmo	neutral	PXUULQAPEKKVAH-UHFFFAOYSA-N	dimethyl sulfoxide	RT	298.15	single_liquid_phase	True	100.0	release promotion-v2
PFAS	PFHxA	Perfluorohexanoic acid	PFAS/Perfluorohexanoic_acid.orcacosmo	neutral	PXUULQAPEKKVAH-UHFFFAOYSA-N	dimethyl sulfoxide	high	393.15	single_liquid_phase	True	100.0	release promotion-v2
PFAS	PFHxA	Perfluorohexanoic acid	PFAS/Perfluorohexanoic_acid.orcacosmo	neutral	PXUULQAPEKKVAH-UHFFFAOYSA-N	diphenyl ether	RT	298.15	single_liquid_phase	True	100.0	release promotion-v2
PFAS	PFHxA	Perfluorohexanoic acid	PFAS/Perfluorohexanoic_acid.orcacosmo	neutral	PXUULQAPEKKVAH-UHFFFAOYSA-N	diphenyl ether	high	393.15	single_liquid_phase	True	100.0	release promotion-v2
PFAS	PFHxA	Perfluorohexanoic acid	PFAS/Perfluorohexanoic_acid.orcacosmo	neutral	PXUULQAPEKKVAH-UHFFFAOYSA-N	dodecane	RT	298.15	single_liquid_phase	True	100.0	release promotion-v2
PFAS	PFHxA	Perfluorohexanoic acid	PFAS/Perfluorohexanoic_acid.orcacosmo	neutral	PXUULQAPEKKVAH-UHFFFAOYSA-N	dodecane	high	393.15	single_liquid_phase	True	100.0	release promotion-v2
PFAS	PFHxA	Perfluorohexanoic acid	PFAS/Perfluorohexanoic_acid.orcacosmo	neutral	PXUULQAPEKKVAH-UHFFFAOYSA-N	ethanol	RT	298.15	single_liquid_phase	True	100.0	release promotion-v2
PFAS	PFHxA	Perfluorohexanoic acid	PFAS/Perfluorohexanoic_acid.orcacosmo	neutral	PXUULQAPEKKVAH-UHFFFAOYSA-N	ethanol	high	350.34999999999997	single_liquid_phase	True	100.0	release promotion-v2
PFAS	PFHxA	Perfluorohexanoic acid	PFAS/Perfluorohexanoic_acid.orcacosmo	neutral	PXUULQAPEKKVAH-UHFFFAOYSA-N	ethyl acetate	RT	298.15	single_liquid_phase	True	100.0	release promotion-v2
PFAS	PFHxA	Perfluorohexanoic acid	PFAS/Perfluorohexanoic_acid.orcacosmo	neutral	PXUULQAPEKKVAH-UHFFFAOYSA-N	ethyl acetate	high	349.25	single_liquid_phase	True	100.0	release promotion-v2
PFAS	PFHxA	Perfluorohexanoic acid	PFAS/Perfluorohexanoic_acid.orcacosmo	neutral	PXUULQAPEKKVAH-UHFFFAOYSA-N	ethylene glycol	RT	298.15	single_liquid_phase	True	100.0	release promotion-v2
PFAS	PFHxA	Perfluorohexanoic acid	PFAS/Perfluorohexanoic_acid.orcacosmo	neutral	PXUULQAPEKKVAH-UHFFFAOYSA-N	ethylene glycol	high	393.15	single_liquid_phase	True	100.0	release promotion-v2
PFAS	PFHxA	Perfluorohexanoic acid	PFAS/Perfluorohexanoic_acid.orcacosmo	neutral	PXUULQAPEKKVAH-UHFFFAOYSA-N	heptane	RT	298.15	single_liquid_phase	True	100.0	release promotion-v2
PFAS	PFHxA	Perfluorohexanoic acid	PFAS/Perfluorohexanoic_acid.orcacosmo	neutral	PXUULQAPEKKVAH-UHFFFAOYSA-N	heptane	high	370.65	single_liquid_phase	True	100.0	release promotion-v2
PFAS	PFHxA	Perfluorohexanoic acid	PFAS/Perfluorohexanoic_acid.orcacosmo	neutral	PXUULQAPEKKVAH-UHFFFAOYSA-N	hexane	RT	298.15	single_liquid_phase	True	100.0	release promotion-v2
PFAS	PFHxA	Perfluorohexanoic acid	PFAS/Perfluorohexanoic_acid.orcacosmo	neutral	PXUULQAPEKKVAH-UHFFFAOYSA-N	hexane	high	340.84999999999997	single_liquid_phase	True	100.0	release promotion-v2
PFAS	PFHxA	Perfluorohexanoic acid	PFAS/Perfluorohexanoic_acid.orcacosmo	neutral	PXUULQAPEKKVAH-UHFFFAOYSA-N	isopropanol	RT	298.15	single_liquid_phase	True	100.0	release promotion-v2
PFAS	PFHxA	Perfluorohexanoic acid	PFAS/Perfluorohexanoic_acid.orcacosmo	neutral	PXUULQAPEKKVAH-UHFFFAOYSA-N	isopropanol	high	354.45	single_liquid_phase	True	100.0	release promotion-v2
PFAS	PFHxA	Perfluorohexanoic acid	PFAS/Perfluorohexanoic_acid.orcacosmo	neutral	PXUULQAPEKKVAH-UHFFFAOYSA-N	isopropylamine	RT	298.15	single_liquid_phase	True	100.0	release promotion-v2
PFAS	PFHxA	Perfluorohexanoic acid	PFAS/Perfluorohexanoic_acid.orcacosmo	neutral	PXUULQAPEKKVAH-UHFFFAOYSA-N	isopropylamine	high	303.84999999999997	single_liquid_phase	True	100.0	release promotion-v2
PFAS	PFHxA	Perfluorohexanoic acid	PFAS/Perfluorohexanoic_acid.orcacosmo	neutral	PXUULQAPEKKVAH-UHFFFAOYSA-N	methanol	RT	298.15	single_liquid_phase	True	100.0	release promotion-v2
PFAS	PFHxA	Perfluorohexanoic acid	PFAS/Perfluorohexanoic_acid.orcacosmo	neutral	PXUULQAPEKKVAH-UHFFFAOYSA-N	methanol	high	336.7499999999999	single_liquid_phase	True	100.0	release promotion-v2
PFAS	PFHxA	Perfluorohexanoic acid	PFAS/Perfluorohexanoic_acid.orcacosmo	neutral	PXUULQAPEKKVAH-UHFFFAOYSA-N	methylacetate	RT	298.15	single_liquid_phase	True	100.0	release promotion-v2
PFAS	PFHxA	Perfluorohexanoic acid	PFAS/Perfluorohexanoic_acid.orcacosmo	neutral	PXUULQAPEKKVAH-UHFFFAOYSA-N	methylacetate	high	328.95	single_liquid_phase	True	100.0	release promotion-v2
PFAS	PFHxA	Perfluorohexanoic acid	PFAS/Perfluorohexanoic_acid.orcacosmo	neutral	PXUULQAPEKKVAH-UHFFFAOYSA-N	n,n-dimethylformamide	RT	298.15	single_liquid_phase	True	100.0	release promotion-v2
PFAS	PFHxA	Perfluorohexanoic acid	PFAS/Perfluorohexanoic_acid.orcacosmo	neutral	PXUULQAPEKKVAH-UHFFFAOYSA-N	n,n-dimethylformamide	high	393.15	single_liquid_phase	True	100.0	release promotion-v2
PFAS	PFHxA	Perfluorohexanoic acid	PFAS/Perfluorohexanoic_acid.orcacosmo	neutral	PXUULQAPEKKVAH-UHFFFAOYSA-N	o-xylene	RT	298.15	single_liquid_phase	True	100.0	release promotion-v2
PFAS	PFHxA	Perfluorohexanoic acid	PFAS/Perfluorohexanoic_acid.orcacosmo	neutral	PXUULQAPEKKVAH-UHFFFAOYSA-N	o-xylene	high	393.15	single_liquid_phase	True	100.0	release promotion-v2
PFAS	PFHxA	Perfluorohexanoic acid	PFAS/Perfluorohexanoic_acid.orcacosmo	neutral	PXUULQAPEKKVAH-UHFFFAOYSA-N	tert-butanol	RT	298.15	single_liquid_phase	True	100.0	release promotion-v2
PFAS	PFHxA	Perfluorohexanoic acid	PFAS/Perfluorohexanoic_acid.orcacosmo	neutral	PXUULQAPEKKVAH-UHFFFAOYSA-N	tert-butanol	high	354.54999999999995	single_liquid_phase	True	100.0	release promotion-v2
PFAS	PFHxA	Perfluorohexanoic acid	PFAS/Perfluorohexanoic_acid.orcacosmo	neutral	PXUULQAPEKKVAH-UHFFFAOYSA-N	tetrahydrofuran	RT	298.15	single_liquid_phase	True	100.0	release promotion-v2
PFAS	PFHxA	Perfluorohexanoic acid	PFAS/Perfluorohexanoic_acid.orcacosmo	neutral	PXUULQAPEKKVAH-UHFFFAOYSA-N	tetrahydrofuran	high	337.15	single_liquid_phase	True	100.0	release promotion-v2
PFAS	PFHxA	Perfluorohexanoic acid	PFAS/Perfluorohexanoic_acid.orcacosmo	neutral	PXUULQAPEKKVAH-UHFFFAOYSA-N	tetrahydropyran	RT	298.15	single_liquid_phase	True	100.0	release promotion-v2
PFAS	PFHxA	Perfluorohexanoic acid	PFAS/Perfluorohexanoic_acid.orcacosmo	neutral	PXUULQAPEKKVAH-UHFFFAOYSA-N	tetrahydropyran	high	360.15	single_liquid_phase	True	100.0	release promotion-v2
PFAS	PFHxA	Perfluorohexanoic acid	PFAS/Perfluorohexanoic_acid.orcacosmo	neutral	PXUULQAPEKKVAH-UHFFFAOYSA-N	toluene	RT	298.15	single_liquid_phase	True	100.0	release promotion-v2
PFAS	PFHxA	Perfluorohexanoic acid	PFAS/Perfluorohexanoic_acid.orcacosmo	neutral	PXUULQAPEKKVAH-UHFFFAOYSA-N	toluene	high	382.75	single_liquid_phase	True	100.0	release promotion-v2
PFAS	PFHxA	Perfluorohexanoic acid	PFAS/Perfluorohexanoic_acid.orcacosmo	neutral	PXUULQAPEKKVAH-UHFFFAOYSA-N	triethylamine	RT	298.15	single_liquid_phase	True	100.0	release promotion-v2
PFAS	PFHxA	Perfluorohexanoic acid	PFAS/Perfluorohexanoic_acid.orcacosmo	neutral	PXUULQAPEKKVAH-UHFFFAOYSA-N	triethylamine	high	361.15	single_liquid_phase	True	100.0	release promotion-v2
PFAS	PFHxA	Perfluorohexanoic acid	PFAS/Perfluorohexanoic_acid.orcacosmo	neutral	PXUULQAPEKKVAH-UHFFFAOYSA-N	water	RT	298.15	two_liquid_phases	False	0.06833871554812439	release promotion-v2
PFAS	PFHxA	Perfluorohexanoic acid	PFAS/Perfluorohexanoic_acid.orcacosmo	neutral	PXUULQAPEKKVAH-UHFFFAOYSA-N	water	high	372.15	two_liquid_phases	False	0.1505634457501555	release promotion-v2
PFAS	PFHA	Perfluoroheptanoic acid	PFAS/Perfluoroheptanoic_acid.orcacosmo	neutral	ZWBAMYVPMDSJGQ-UHFFFAOYSA-N	1,2-propanediol	RT	298.15	single_liquid_phase	True	100.0	release promotion-v2
PFAS	PFHA	Perfluoroheptanoic acid	PFAS/Perfluoroheptanoic_acid.orcacosmo	neutral	ZWBAMYVPMDSJGQ-UHFFFAOYSA-N	1,2-propanediol	high	393.15	single_liquid_phase	True	100.0	release promotion-v2
PFAS	PFHA	Perfluoroheptanoic acid	PFAS/Perfluoroheptanoic_acid.orcacosmo	neutral	ZWBAMYVPMDSJGQ-UHFFFAOYSA-N	1-propanol	RT	298.15	single_liquid_phase	True	100.0	release promotion-v2
PFAS	PFHA	Perfluoroheptanoic acid	PFAS/Perfluoroheptanoic_acid.orcacosmo	neutral	ZWBAMYVPMDSJGQ-UHFFFAOYSA-N	1-propanol	high	369.34999999999997	single_liquid_phase	True	100.0	release promotion-v2
PFAS	PFHA	Perfluoroheptanoic acid	PFAS/Perfluoroheptanoic_acid.orcacosmo	neutral	ZWBAMYVPMDSJGQ-UHFFFAOYSA-N	2,3-dihydropyran	RT	298.15	single_liquid_phase	True	100.0	release promotion-v2
PFAS	PFHA	Perfluoroheptanoic acid	PFAS/Perfluoroheptanoic_acid.orcacosmo	neutral	ZWBAMYVPMDSJGQ-UHFFFAOYSA-N	2,3-dihydropyran	high	358.15	single_liquid_phase	True	100.0	release promotion-v2
PFAS	PFHA	Perfluoroheptanoic acid	PFAS/Perfluoroheptanoic_acid.orcacosmo	neutral	ZWBAMYVPMDSJGQ-UHFFFAOYSA-N	2-butanone	RT	298.15	single_liquid_phase	True	100.0	release promotion-v2
PFAS	PFHA	Perfluoroheptanoic acid	PFAS/Perfluoroheptanoic_acid.orcacosmo	neutral	ZWBAMYVPMDSJGQ-UHFFFAOYSA-N	2-butanone	high	351.65	single_liquid_phase	True	100.0	release promotion-v2
PFAS	PFHA	Perfluoroheptanoic acid	PFAS/Perfluoroheptanoic_acid.orcacosmo	neutral	ZWBAMYVPMDSJGQ-UHFFFAOYSA-N	acetic acid	RT	298.15	single_liquid_phase	True	100.0	release promotion-v2
PFAS	PFHA	Perfluoroheptanoic acid	PFAS/Perfluoroheptanoic_acid.orcacosmo	neutral	ZWBAMYVPMDSJGQ-UHFFFAOYSA-N	acetic acid	high	390.04999999999995	single_liquid_phase	True	100.0	release promotion-v2
PFAS	PFHA	Perfluoroheptanoic acid	PFAS/Perfluoroheptanoic_acid.orcacosmo	neutral	ZWBAMYVPMDSJGQ-UHFFFAOYSA-N	acetone	RT	298.15	single_liquid_phase	True	100.0	release promotion-v2
PFAS	PFHA	Perfluoroheptanoic acid	PFAS/Perfluoroheptanoic_acid.orcacosmo	neutral	ZWBAMYVPMDSJGQ-UHFFFAOYSA-N	acetone	high	328.15	single_liquid_phase	True	100.0	release promotion-v2
PFAS	PFHA	Perfluoroheptanoic acid	PFAS/Perfluoroheptanoic_acid.orcacosmo	neutral	ZWBAMYVPMDSJGQ-UHFFFAOYSA-N	acetylacetone	RT	298.15	single_liquid_phase	True	100.0	release promotion-v2
PFAS	PFHA	Perfluoroheptanoic acid	PFAS/Perfluoroheptanoic_acid.orcacosmo	neutral	ZWBAMYVPMDSJGQ-UHFFFAOYSA-N	acetylacetone	high	393.15	single_liquid_phase	True	100.0	release promotion-v2
PFAS	PFHA	Perfluoroheptanoic acid	PFAS/Perfluoroheptanoic_acid.orcacosmo	neutral	ZWBAMYVPMDSJGQ-UHFFFAOYSA-N	benzene	RT	298.15	single_liquid_phase	True	100.0	release promotion-v2
PFAS	PFHA	Perfluoroheptanoic acid	PFAS/Perfluoroheptanoic_acid.orcacosmo	neutral	ZWBAMYVPMDSJGQ-UHFFFAOYSA-N	benzene	high	352.15	single_liquid_phase	True	100.0	release promotion-v2
PFAS	PFHA	Perfluoroheptanoic acid	PFAS/Perfluoroheptanoic_acid.orcacosmo	neutral	ZWBAMYVPMDSJGQ-UHFFFAOYSA-N	chloroform	RT	298.15	single_liquid_phase	True	100.0	release promotion-v2
PFAS	PFHA	Perfluoroheptanoic acid	PFAS/Perfluoroheptanoic_acid.orcacosmo	neutral	ZWBAMYVPMDSJGQ-UHFFFAOYSA-N	chloroform	high	333.25	single_liquid_phase	True	100.0	release promotion-v2
PFAS	PFHA	Perfluoroheptanoic acid	PFAS/Perfluoroheptanoic_acid.orcacosmo	neutral	ZWBAMYVPMDSJGQ-UHFFFAOYSA-N	cyclohexane	RT	298.15	single_liquid_phase	True	100.0	release promotion-v2
PFAS	PFHA	Perfluoroheptanoic acid	PFAS/Perfluoroheptanoic_acid.orcacosmo	neutral	ZWBAMYVPMDSJGQ-UHFFFAOYSA-N	cyclohexane	high	352.84999999999997	single_liquid_phase	True	100.0	release promotion-v2
PFAS	PFHA	Perfluoroheptanoic acid	PFAS/Perfluoroheptanoic_acid.orcacosmo	neutral	ZWBAMYVPMDSJGQ-UHFFFAOYSA-N	cyclohexanol	RT	298.15	single_liquid_phase	True	100.0	release promotion-v2
PFAS	PFHA	Perfluoroheptanoic acid	PFAS/Perfluoroheptanoic_acid.orcacosmo	neutral	ZWBAMYVPMDSJGQ-UHFFFAOYSA-N	cyclohexanol	high	393.15	single_liquid_phase	True	100.0	release promotion-v2
PFAS	PFHA	Perfluoroheptanoic acid	PFAS/Perfluoroheptanoic_acid.orcacosmo	neutral	ZWBAMYVPMDSJGQ-UHFFFAOYSA-N	dichloromethane	RT	298.15	single_liquid_phase	True	100.0	release promotion-v2
PFAS	PFHA	Perfluoroheptanoic acid	PFAS/Perfluoroheptanoic_acid.orcacosmo	neutral	ZWBAMYVPMDSJGQ-UHFFFAOYSA-N	dichloromethane	high	312.15	single_liquid_phase	True	100.0	release promotion-v2
PFAS	PFHA	Perfluoroheptanoic acid	PFAS/Perfluoroheptanoic_acid.orcacosmo	neutral	ZWBAMYVPMDSJGQ-UHFFFAOYSA-N	dimethyl sulfoxide	RT	298.15	single_liquid_phase	True	100.0	release promotion-v2
PFAS	PFHA	Perfluoroheptanoic acid	PFAS/Perfluoroheptanoic_acid.orcacosmo	neutral	ZWBAMYVPMDSJGQ-UHFFFAOYSA-N	dimethyl sulfoxide	high	393.15	single_liquid_phase	True	100.0	release promotion-v2
PFAS	PFHA	Perfluoroheptanoic acid	PFAS/Perfluoroheptanoic_acid.orcacosmo	neutral	ZWBAMYVPMDSJGQ-UHFFFAOYSA-N	diphenyl ether	RT	298.15	single_liquid_phase	True	100.0	release promotion-v2
PFAS	PFHA	Perfluoroheptanoic acid	PFAS/Perfluoroheptanoic_acid.orcacosmo	neutral	ZWBAMYVPMDSJGQ-UHFFFAOYSA-N	diphenyl ether	high	393.15	single_liquid_phase	True	100.0	release promotion-v2
PFAS	PFHA	Perfluoroheptanoic acid	PFAS/Perfluoroheptanoic_acid.orcacosmo	neutral	ZWBAMYVPMDSJGQ-UHFFFAOYSA-N	dodecane	RT	298.15	single_liquid_phase	True	100.0	release promotion-v2
PFAS	PFHA	Perfluoroheptanoic acid	PFAS/Perfluoroheptanoic_acid.orcacosmo	neutral	ZWBAMYVPMDSJGQ-UHFFFAOYSA-N	dodecane	high	393.15	single_liquid_phase	True	100.0	release promotion-v2
PFAS	PFHA	Perfluoroheptanoic acid	PFAS/Perfluoroheptanoic_acid.orcacosmo	neutral	ZWBAMYVPMDSJGQ-UHFFFAOYSA-N	ethanol	RT	298.15	single_liquid_phase	True	100.0	release promotion-v2
PFAS	PFHA	Perfluoroheptanoic acid	PFAS/Perfluoroheptanoic_acid.orcacosmo	neutral	ZWBAMYVPMDSJGQ-UHFFFAOYSA-N	ethanol	high	350.34999999999997	single_liquid_phase	True	100.0	release promotion-v2
PFAS	PFHA	Perfluoroheptanoic acid	PFAS/Perfluoroheptanoic_acid.orcacosmo	neutral	ZWBAMYVPMDSJGQ-UHFFFAOYSA-N	ethyl acetate	RT	298.15	single_liquid_phase	True	100.0	release promotion-v2
PFAS	PFHA	Perfluoroheptanoic acid	PFAS/Perfluoroheptanoic_acid.orcacosmo	neutral	ZWBAMYVPMDSJGQ-UHFFFAOYSA-N	ethyl acetate	high	349.25	single_liquid_phase	True	100.0	release promotion-v2
PFAS	PFHA	Perfluoroheptanoic acid	PFAS/Perfluoroheptanoic_acid.orcacosmo	neutral	ZWBAMYVPMDSJGQ-UHFFFAOYSA-N	ethylene glycol	RT	298.15	single_liquid_phase	True	100.0	release promotion-v2
PFAS	PFHA	Perfluoroheptanoic acid	PFAS/Perfluoroheptanoic_acid.orcacosmo	neutral	ZWBAMYVPMDSJGQ-UHFFFAOYSA-N	ethylene glycol	high	393.15	single_liquid_phase	True	100.0	release promotion-v2
PFAS	PFHA	Perfluoroheptanoic acid	PFAS/Perfluoroheptanoic_acid.orcacosmo	neutral	ZWBAMYVPMDSJGQ-UHFFFAOYSA-N	heptane	RT	298.15	single_liquid_phase	True	100.0	release promotion-v2
PFAS	PFHA	Perfluoroheptanoic acid	PFAS/Perfluoroheptanoic_acid.orcacosmo	neutral	ZWBAMYVPMDSJGQ-UHFFFAOYSA-N	heptane	high	370.65	single_liquid_phase	True	100.0	release promotion-v2
PFAS	PFHA	Perfluoroheptanoic acid	PFAS/Perfluoroheptanoic_acid.orcacosmo	neutral	ZWBAMYVPMDSJGQ-UHFFFAOYSA-N	hexane	RT	298.15	single_liquid_phase	True	100.0	release promotion-v2
PFAS	PFHA	Perfluoroheptanoic acid	PFAS/Perfluoroheptanoic_acid.orcacosmo	neutral	ZWBAMYVPMDSJGQ-UHFFFAOYSA-N	hexane	high	340.84999999999997	single_liquid_phase	True	100.0	release promotion-v2
PFAS	PFHA	Perfluoroheptanoic acid	PFAS/Perfluoroheptanoic_acid.orcacosmo	neutral	ZWBAMYVPMDSJGQ-UHFFFAOYSA-N	isopropanol	RT	298.15	single_liquid_phase	True	100.0	release promotion-v2
PFAS	PFHA	Perfluoroheptanoic acid	PFAS/Perfluoroheptanoic_acid.orcacosmo	neutral	ZWBAMYVPMDSJGQ-UHFFFAOYSA-N	isopropanol	high	354.45	single_liquid_phase	True	100.0	release promotion-v2
PFAS	PFHA	Perfluoroheptanoic acid	PFAS/Perfluoroheptanoic_acid.orcacosmo	neutral	ZWBAMYVPMDSJGQ-UHFFFAOYSA-N	isopropylamine	RT	298.15	single_liquid_phase	True	100.0	release promotion-v2
PFAS	PFHA	Perfluoroheptanoic acid	PFAS/Perfluoroheptanoic_acid.orcacosmo	neutral	ZWBAMYVPMDSJGQ-UHFFFAOYSA-N	isopropylamine	high	303.84999999999997	single_liquid_phase	True	100.0	release promotion-v2
PFAS	PFHA	Perfluoroheptanoic acid	PFAS/Perfluoroheptanoic_acid.orcacosmo	neutral	ZWBAMYVPMDSJGQ-UHFFFAOYSA-N	methanol	RT	298.15	single_liquid_phase	True	100.0	release promotion-v2
PFAS	PFHA	Perfluoroheptanoic acid	PFAS/Perfluoroheptanoic_acid.orcacosmo	neutral	ZWBAMYVPMDSJGQ-UHFFFAOYSA-N	methanol	high	336.7499999999999	single_liquid_phase	True	100.0	release promotion-v2
PFAS	PFHA	Perfluoroheptanoic acid	PFAS/Perfluoroheptanoic_acid.orcacosmo	neutral	ZWBAMYVPMDSJGQ-UHFFFAOYSA-N	methylacetate	RT	298.15	single_liquid_phase	True	100.0	release promotion-v2
PFAS	PFHA	Perfluoroheptanoic acid	PFAS/Perfluoroheptanoic_acid.orcacosmo	neutral	ZWBAMYVPMDSJGQ-UHFFFAOYSA-N	methylacetate	high	328.95	single_liquid_phase	True	100.0	release promotion-v2
PFAS	PFHA	Perfluoroheptanoic acid	PFAS/Perfluoroheptanoic_acid.orcacosmo	neutral	ZWBAMYVPMDSJGQ-UHFFFAOYSA-N	n,n-dimethylformamide	RT	298.15	single_liquid_phase	True	100.0	release promotion-v2
PFAS	PFHA	Perfluoroheptanoic acid	PFAS/Perfluoroheptanoic_acid.orcacosmo	neutral	ZWBAMYVPMDSJGQ-UHFFFAOYSA-N	n,n-dimethylformamide	high	393.15	single_liquid_phase	True	100.0	release promotion-v2
PFAS	PFHA	Perfluoroheptanoic acid	PFAS/Perfluoroheptanoic_acid.orcacosmo	neutral	ZWBAMYVPMDSJGQ-UHFFFAOYSA-N	o-xylene	RT	298.15	single_liquid_phase	True	100.0	release promotion-v2
PFAS	PFHA	Perfluoroheptanoic acid	PFAS/Perfluoroheptanoic_acid.orcacosmo	neutral	ZWBAMYVPMDSJGQ-UHFFFAOYSA-N	o-xylene	high	393.15	single_liquid_phase	True	100.0	release promotion-v2
PFAS	PFHA	Perfluoroheptanoic acid	PFAS/Perfluoroheptanoic_acid.orcacosmo	neutral	ZWBAMYVPMDSJGQ-UHFFFAOYSA-N	tert-butanol	RT	298.15	single_liquid_phase	True	100.0	release promotion-v2
PFAS	PFHA	Perfluoroheptanoic acid	PFAS/Perfluoroheptanoic_acid.orcacosmo	neutral	ZWBAMYVPMDSJGQ-UHFFFAOYSA-N	tert-butanol	high	354.54999999999995	single_liquid_phase	True	100.0	release promotion-v2
PFAS	PFHA	Perfluoroheptanoic acid	PFAS/Perfluoroheptanoic_acid.orcacosmo	neutral	ZWBAMYVPMDSJGQ-UHFFFAOYSA-N	tetrahydrofuran	RT	298.15	single_liquid_phase	True	100.0	release promotion-v2
PFAS	PFHA	Perfluoroheptanoic acid	PFAS/Perfluoroheptanoic_acid.orcacosmo	neutral	ZWBAMYVPMDSJGQ-UHFFFAOYSA-N	tetrahydrofuran	high	337.15	single_liquid_phase	True	100.0	release promotion-v2
PFAS	PFHA	Perfluoroheptanoic acid	PFAS/Perfluoroheptanoic_acid.orcacosmo	neutral	ZWBAMYVPMDSJGQ-UHFFFAOYSA-N	tetrahydropyran	RT	298.15	single_liquid_phase	True	100.0	release promotion-v2
PFAS	PFHA	Perfluoroheptanoic acid	PFAS/Perfluoroheptanoic_acid.orcacosmo	neutral	ZWBAMYVPMDSJGQ-UHFFFAOYSA-N	tetrahydropyran	high	360.15	single_liquid_phase	True	100.0	release promotion-v2
PFAS	PFHA	Perfluoroheptanoic acid	PFAS/Perfluoroheptanoic_acid.orcacosmo	neutral	ZWBAMYVPMDSJGQ-UHFFFAOYSA-N	toluene	RT	298.15	single_liquid_phase	True	100.0	release promotion-v2
PFAS	PFHA	Perfluoroheptanoic acid	PFAS/Perfluoroheptanoic_acid.orcacosmo	neutral	ZWBAMYVPMDSJGQ-UHFFFAOYSA-N	toluene	high	382.75	single_liquid_phase	True	100.0	release promotion-v2
PFAS	PFHA	Perfluoroheptanoic acid	PFAS/Perfluoroheptanoic_acid.orcacosmo	neutral	ZWBAMYVPMDSJGQ-UHFFFAOYSA-N	triethylamine	RT	298.15	single_liquid_phase	True	100.0	release promotion-v2
PFAS	PFHA	Perfluoroheptanoic acid	PFAS/Perfluoroheptanoic_acid.orcacosmo	neutral	ZWBAMYVPMDSJGQ-UHFFFAOYSA-N	triethylamine	high	361.15	single_liquid_phase	True	100.0	release promotion-v2
PFAS	PFHA	Perfluoroheptanoic acid	PFAS/Perfluoroheptanoic_acid.orcacosmo	neutral	ZWBAMYVPMDSJGQ-UHFFFAOYSA-N	water	RT	298.15	two_liquid_phases	False	0.012914182294566253	release promotion-v2
PFAS	PFHA	Perfluoroheptanoic acid	PFAS/Perfluoroheptanoic_acid.orcacosmo	neutral	ZWBAMYVPMDSJGQ-UHFFFAOYSA-N	water	high	372.15	two_liquid_phases	False	0.034608639817827816	release promotion-v2
PFAS	PFOA	Perfluorooctanoic acid	PFAS/Perfluorooctanoic_acid.orcacosmo	neutral	SNGREZUHAYWORS-UHFFFAOYSA-N	1,2-propanediol	RT	298.15	single_liquid_phase	True	100.0	release promotion-v2
PFAS	PFOA	Perfluorooctanoic acid	PFAS/Perfluorooctanoic_acid.orcacosmo	neutral	SNGREZUHAYWORS-UHFFFAOYSA-N	1,2-propanediol	high	393.15	single_liquid_phase	True	100.0	release promotion-v2
PFAS	PFOA	Perfluorooctanoic acid	PFAS/Perfluorooctanoic_acid.orcacosmo	neutral	SNGREZUHAYWORS-UHFFFAOYSA-N	1-propanol	RT	298.15	single_liquid_phase	True	100.0	release promotion-v2
PFAS	PFOA	Perfluorooctanoic acid	PFAS/Perfluorooctanoic_acid.orcacosmo	neutral	SNGREZUHAYWORS-UHFFFAOYSA-N	1-propanol	high	369.34999999999997	single_liquid_phase	True	100.0	release promotion-v2
PFAS	PFOA	Perfluorooctanoic acid	PFAS/Perfluorooctanoic_acid.orcacosmo	neutral	SNGREZUHAYWORS-UHFFFAOYSA-N	2,3-dihydropyran	RT	298.15	single_liquid_phase	True	100.0	release promotion-v2
PFAS	PFOA	Perfluorooctanoic acid	PFAS/Perfluorooctanoic_acid.orcacosmo	neutral	SNGREZUHAYWORS-UHFFFAOYSA-N	2,3-dihydropyran	high	358.15	single_liquid_phase	True	100.0	release promotion-v2
PFAS	PFOA	Perfluorooctanoic acid	PFAS/Perfluorooctanoic_acid.orcacosmo	neutral	SNGREZUHAYWORS-UHFFFAOYSA-N	2-butanone	RT	298.15	single_liquid_phase	True	100.0	release promotion-v2
PFAS	PFOA	Perfluorooctanoic acid	PFAS/Perfluorooctanoic_acid.orcacosmo	neutral	SNGREZUHAYWORS-UHFFFAOYSA-N	2-butanone	high	351.65	single_liquid_phase	True	100.0	release promotion-v2
PFAS	PFOA	Perfluorooctanoic acid	PFAS/Perfluorooctanoic_acid.orcacosmo	neutral	SNGREZUHAYWORS-UHFFFAOYSA-N	acetic acid	RT	298.15	single_liquid_phase	True	100.0	release promotion-v2
PFAS	PFOA	Perfluorooctanoic acid	PFAS/Perfluorooctanoic_acid.orcacosmo	neutral	SNGREZUHAYWORS-UHFFFAOYSA-N	acetic acid	high	390.04999999999995	single_liquid_phase	True	100.0	release promotion-v2
PFAS	PFOA	Perfluorooctanoic acid	PFAS/Perfluorooctanoic_acid.orcacosmo	neutral	SNGREZUHAYWORS-UHFFFAOYSA-N	acetone	RT	298.15	single_liquid_phase	True	100.0	release promotion-v2
PFAS	PFOA	Perfluorooctanoic acid	PFAS/Perfluorooctanoic_acid.orcacosmo	neutral	SNGREZUHAYWORS-UHFFFAOYSA-N	acetone	high	328.15	single_liquid_phase	True	100.0	release promotion-v2
PFAS	PFOA	Perfluorooctanoic acid	PFAS/Perfluorooctanoic_acid.orcacosmo	neutral	SNGREZUHAYWORS-UHFFFAOYSA-N	acetylacetone	RT	298.15	single_liquid_phase	True	100.0	release promotion-v2
PFAS	PFOA	Perfluorooctanoic acid	PFAS/Perfluorooctanoic_acid.orcacosmo	neutral	SNGREZUHAYWORS-UHFFFAOYSA-N	acetylacetone	high	393.15	single_liquid_phase	True	100.0	release promotion-v2
PFAS	PFOA	Perfluorooctanoic acid	PFAS/Perfluorooctanoic_acid.orcacosmo	neutral	SNGREZUHAYWORS-UHFFFAOYSA-N	benzene	RT	298.15	single_liquid_phase	True	100.0	release promotion-v2
PFAS	PFOA	Perfluorooctanoic acid	PFAS/Perfluorooctanoic_acid.orcacosmo	neutral	SNGREZUHAYWORS-UHFFFAOYSA-N	benzene	high	352.15	single_liquid_phase	True	100.0	release promotion-v2
PFAS	PFOA	Perfluorooctanoic acid	PFAS/Perfluorooctanoic_acid.orcacosmo	neutral	SNGREZUHAYWORS-UHFFFAOYSA-N	chloroform	RT	298.15	single_liquid_phase	True	100.0	release promotion-v2
PFAS	PFOA	Perfluorooctanoic acid	PFAS/Perfluorooctanoic_acid.orcacosmo	neutral	SNGREZUHAYWORS-UHFFFAOYSA-N	chloroform	high	333.25	single_liquid_phase	True	100.0	release promotion-v2
PFAS	PFOA	Perfluorooctanoic acid	PFAS/Perfluorooctanoic_acid.orcacosmo	neutral	SNGREZUHAYWORS-UHFFFAOYSA-N	cyclohexane	RT	298.15	single_liquid_phase	True	100.0	release promotion-v2
PFAS	PFOA	Perfluorooctanoic acid	PFAS/Perfluorooctanoic_acid.orcacosmo	neutral	SNGREZUHAYWORS-UHFFFAOYSA-N	cyclohexane	high	352.84999999999997	single_liquid_phase	True	100.0	release promotion-v2
PFAS	PFOA	Perfluorooctanoic acid	PFAS/Perfluorooctanoic_acid.orcacosmo	neutral	SNGREZUHAYWORS-UHFFFAOYSA-N	cyclohexanol	RT	298.15	single_liquid_phase	True	100.0	release promotion-v2
PFAS	PFOA	Perfluorooctanoic acid	PFAS/Perfluorooctanoic_acid.orcacosmo	neutral	SNGREZUHAYWORS-UHFFFAOYSA-N	cyclohexanol	high	393.15	single_liquid_phase	True	100.0	release promotion-v2
PFAS	PFOA	Perfluorooctanoic acid	PFAS/Perfluorooctanoic_acid.orcacosmo	neutral	SNGREZUHAYWORS-UHFFFAOYSA-N	dichloromethane	RT	298.15	single_liquid_phase	True	100.0	release promotion-v2
PFAS	PFOA	Perfluorooctanoic acid	PFAS/Perfluorooctanoic_acid.orcacosmo	neutral	SNGREZUHAYWORS-UHFFFAOYSA-N	dichloromethane	high	312.15	single_liquid_phase	True	100.0	release promotion-v2
PFAS	PFOA	Perfluorooctanoic acid	PFAS/Perfluorooctanoic_acid.orcacosmo	neutral	SNGREZUHAYWORS-UHFFFAOYSA-N	dimethyl sulfoxide	RT	298.15	single_liquid_phase	True	100.0	release promotion-v2
PFAS	PFOA	Perfluorooctanoic acid	PFAS/Perfluorooctanoic_acid.orcacosmo	neutral	SNGREZUHAYWORS-UHFFFAOYSA-N	dimethyl sulfoxide	high	393.15	single_liquid_phase	True	100.0	release promotion-v2
PFAS	PFOA	Perfluorooctanoic acid	PFAS/Perfluorooctanoic_acid.orcacosmo	neutral	SNGREZUHAYWORS-UHFFFAOYSA-N	diphenyl ether	RT	298.15	single_liquid_phase	True	100.0	release promotion-v2
PFAS	PFOA	Perfluorooctanoic acid	PFAS/Perfluorooctanoic_acid.orcacosmo	neutral	SNGREZUHAYWORS-UHFFFAOYSA-N	diphenyl ether	high	393.15	single_liquid_phase	True	100.0	release promotion-v2
PFAS	PFOA	Perfluorooctanoic acid	PFAS/Perfluorooctanoic_acid.orcacosmo	neutral	SNGREZUHAYWORS-UHFFFAOYSA-N	dodecane	RT	298.15	single_liquid_phase	True	100.0	release promotion-v2
PFAS	PFOA	Perfluorooctanoic acid	PFAS/Perfluorooctanoic_acid.orcacosmo	neutral	SNGREZUHAYWORS-UHFFFAOYSA-N	dodecane	high	393.15	single_liquid_phase	True	100.0	release promotion-v2
PFAS	PFOA	Perfluorooctanoic acid	PFAS/Perfluorooctanoic_acid.orcacosmo	neutral	SNGREZUHAYWORS-UHFFFAOYSA-N	ethanol	RT	298.15	single_liquid_phase	True	100.0	release promotion-v2
PFAS	PFOA	Perfluorooctanoic acid	PFAS/Perfluorooctanoic_acid.orcacosmo	neutral	SNGREZUHAYWORS-UHFFFAOYSA-N	ethanol	high	350.34999999999997	single_liquid_phase	True	100.0	release promotion-v2
PFAS	PFOA	Perfluorooctanoic acid	PFAS/Perfluorooctanoic_acid.orcacosmo	neutral	SNGREZUHAYWORS-UHFFFAOYSA-N	ethyl acetate	RT	298.15	single_liquid_phase	True	100.0	release promotion-v2
PFAS	PFOA	Perfluorooctanoic acid	PFAS/Perfluorooctanoic_acid.orcacosmo	neutral	SNGREZUHAYWORS-UHFFFAOYSA-N	ethyl acetate	high	349.25	single_liquid_phase	True	100.0	release promotion-v2
PFAS	PFOA	Perfluorooctanoic acid	PFAS/Perfluorooctanoic_acid.orcacosmo	neutral	SNGREZUHAYWORS-UHFFFAOYSA-N	ethylene glycol	RT	298.15	single_liquid_phase	True	100.0	release promotion-v2
PFAS	PFOA	Perfluorooctanoic acid	PFAS/Perfluorooctanoic_acid.orcacosmo	neutral	SNGREZUHAYWORS-UHFFFAOYSA-N	ethylene glycol	high	393.15	single_liquid_phase	True	100.0	release promotion-v2
PFAS	PFOA	Perfluorooctanoic acid	PFAS/Perfluorooctanoic_acid.orcacosmo	neutral	SNGREZUHAYWORS-UHFFFAOYSA-N	heptane	RT	298.15	single_liquid_phase	True	100.0	release promotion-v2
PFAS	PFOA	Perfluorooctanoic acid	PFAS/Perfluorooctanoic_acid.orcacosmo	neutral	SNGREZUHAYWORS-UHFFFAOYSA-N	heptane	high	370.65	single_liquid_phase	True	100.0	release promotion-v2
PFAS	PFOA	Perfluorooctanoic acid	PFAS/Perfluorooctanoic_acid.orcacosmo	neutral	SNGREZUHAYWORS-UHFFFAOYSA-N	hexane	RT	298.15	single_liquid_phase	True	100.0	release promotion-v2
PFAS	PFOA	Perfluorooctanoic acid	PFAS/Perfluorooctanoic_acid.orcacosmo	neutral	SNGREZUHAYWORS-UHFFFAOYSA-N	hexane	high	340.84999999999997	single_liquid_phase	True	100.0	release promotion-v2
PFAS	PFOA	Perfluorooctanoic acid	PFAS/Perfluorooctanoic_acid.orcacosmo	neutral	SNGREZUHAYWORS-UHFFFAOYSA-N	isopropanol	RT	298.15	single_liquid_phase	True	100.0	release promotion-v2
PFAS	PFOA	Perfluorooctanoic acid	PFAS/Perfluorooctanoic_acid.orcacosmo	neutral	SNGREZUHAYWORS-UHFFFAOYSA-N	isopropanol	high	354.45	single_liquid_phase	True	100.0	release promotion-v2
PFAS	PFOA	Perfluorooctanoic acid	PFAS/Perfluorooctanoic_acid.orcacosmo	neutral	SNGREZUHAYWORS-UHFFFAOYSA-N	isopropylamine	RT	298.15	single_liquid_phase	True	100.0	release promotion-v2
PFAS	PFOA	Perfluorooctanoic acid	PFAS/Perfluorooctanoic_acid.orcacosmo	neutral	SNGREZUHAYWORS-UHFFFAOYSA-N	isopropylamine	high	303.84999999999997	single_liquid_phase	True	100.0	release promotion-v2
PFAS	PFOA	Perfluorooctanoic acid	PFAS/Perfluorooctanoic_acid.orcacosmo	neutral	SNGREZUHAYWORS-UHFFFAOYSA-N	methanol	RT	298.15	single_liquid_phase	True	100.0	release promotion-v2
PFAS	PFOA	Perfluorooctanoic acid	PFAS/Perfluorooctanoic_acid.orcacosmo	neutral	SNGREZUHAYWORS-UHFFFAOYSA-N	methanol	high	336.7499999999999	single_liquid_phase	True	100.0	release promotion-v2
PFAS	PFOA	Perfluorooctanoic acid	PFAS/Perfluorooctanoic_acid.orcacosmo	neutral	SNGREZUHAYWORS-UHFFFAOYSA-N	methylacetate	RT	298.15	single_liquid_phase	True	100.0	release promotion-v2
PFAS	PFOA	Perfluorooctanoic acid	PFAS/Perfluorooctanoic_acid.orcacosmo	neutral	SNGREZUHAYWORS-UHFFFAOYSA-N	methylacetate	high	328.95	single_liquid_phase	True	100.0	release promotion-v2
PFAS	PFOA	Perfluorooctanoic acid	PFAS/Perfluorooctanoic_acid.orcacosmo	neutral	SNGREZUHAYWORS-UHFFFAOYSA-N	n,n-dimethylformamide	RT	298.15	single_liquid_phase	True	100.0	release promotion-v2
PFAS	PFOA	Perfluorooctanoic acid	PFAS/Perfluorooctanoic_acid.orcacosmo	neutral	SNGREZUHAYWORS-UHFFFAOYSA-N	n,n-dimethylformamide	high	393.15	single_liquid_phase	True	100.0	release promotion-v2
PFAS	PFOA	Perfluorooctanoic acid	PFAS/Perfluorooctanoic_acid.orcacosmo	neutral	SNGREZUHAYWORS-UHFFFAOYSA-N	o-xylene	RT	298.15	single_liquid_phase	True	100.0	release promotion-v2
PFAS	PFOA	Perfluorooctanoic acid	PFAS/Perfluorooctanoic_acid.orcacosmo	neutral	SNGREZUHAYWORS-UHFFFAOYSA-N	o-xylene	high	393.15	single_liquid_phase	True	100.0	release promotion-v2
PFAS	PFOA	Perfluorooctanoic acid	PFAS/Perfluorooctanoic_acid.orcacosmo	neutral	SNGREZUHAYWORS-UHFFFAOYSA-N	tert-butanol	RT	298.15	single_liquid_phase	True	100.0	release promotion-v2
PFAS	PFOA	Perfluorooctanoic acid	PFAS/Perfluorooctanoic_acid.orcacosmo	neutral	SNGREZUHAYWORS-UHFFFAOYSA-N	tert-butanol	high	354.54999999999995	single_liquid_phase	True	100.0	release promotion-v2
PFAS	PFOA	Perfluorooctanoic acid	PFAS/Perfluorooctanoic_acid.orcacosmo	neutral	SNGREZUHAYWORS-UHFFFAOYSA-N	tetrahydrofuran	RT	298.15	single_liquid_phase	True	100.0	release promotion-v2
PFAS	PFOA	Perfluorooctanoic acid	PFAS/Perfluorooctanoic_acid.orcacosmo	neutral	SNGREZUHAYWORS-UHFFFAOYSA-N	tetrahydrofuran	high	337.15	single_liquid_phase	True	100.0	release promotion-v2
PFAS	PFOA	Perfluorooctanoic acid	PFAS/Perfluorooctanoic_acid.orcacosmo	neutral	SNGREZUHAYWORS-UHFFFAOYSA-N	tetrahydropyran	RT	298.15	single_liquid_phase	True	100.0	release promotion-v2
PFAS	PFOA	Perfluorooctanoic acid	PFAS/Perfluorooctanoic_acid.orcacosmo	neutral	SNGREZUHAYWORS-UHFFFAOYSA-N	tetrahydropyran	high	360.15	single_liquid_phase	True	100.0	release promotion-v2
PFAS	PFOA	Perfluorooctanoic acid	PFAS/Perfluorooctanoic_acid.orcacosmo	neutral	SNGREZUHAYWORS-UHFFFAOYSA-N	toluene	RT	298.15	single_liquid_phase	True	100.0	release promotion-v2
PFAS	PFOA	Perfluorooctanoic acid	PFAS/Perfluorooctanoic_acid.orcacosmo	neutral	SNGREZUHAYWORS-UHFFFAOYSA-N	toluene	high	382.75	single_liquid_phase	True	100.0	release promotion-v2
PFAS	PFOA	Perfluorooctanoic acid	PFAS/Perfluorooctanoic_acid.orcacosmo	neutral	SNGREZUHAYWORS-UHFFFAOYSA-N	triethylamine	RT	298.15	single_liquid_phase	True	100.0	release promotion-v2
PFAS	PFOA	Perfluorooctanoic acid	PFAS/Perfluorooctanoic_acid.orcacosmo	neutral	SNGREZUHAYWORS-UHFFFAOYSA-N	triethylamine	high	361.15	single_liquid_phase	True	100.0	release promotion-v2
PFAS	PFOA	Perfluorooctanoic acid	PFAS/Perfluorooctanoic_acid.orcacosmo	neutral	SNGREZUHAYWORS-UHFFFAOYSA-N	water	RT	298.15	two_liquid_phases	False	0.0018168618361841245	release promotion-v2
PFAS	PFOA	Perfluorooctanoic acid	PFAS/Perfluorooctanoic_acid.orcacosmo	neutral	SNGREZUHAYWORS-UHFFFAOYSA-N	water	high	372.15	two_liquid_phases	False	0.006396923764943252	release promotion-v2
PFAS	PFNA	Perfluorononanoic acid	PFAS/Perfluorononanoic_acid.orcacosmo	neutral	UZUFPBIDKMEQEQ-UHFFFAOYSA-N	1,2-propanediol	RT	298.15	single_liquid_phase	True	100.0	release promotion-v2
PFAS	PFNA	Perfluorononanoic acid	PFAS/Perfluorononanoic_acid.orcacosmo	neutral	UZUFPBIDKMEQEQ-UHFFFAOYSA-N	1,2-propanediol	high	393.15	single_liquid_phase	True	100.0	release promotion-v2
PFAS	PFNA	Perfluorononanoic acid	PFAS/Perfluorononanoic_acid.orcacosmo	neutral	UZUFPBIDKMEQEQ-UHFFFAOYSA-N	1-propanol	RT	298.15	single_liquid_phase	True	100.0	release promotion-v2
PFAS	PFNA	Perfluorononanoic acid	PFAS/Perfluorononanoic_acid.orcacosmo	neutral	UZUFPBIDKMEQEQ-UHFFFAOYSA-N	1-propanol	high	369.34999999999997	single_liquid_phase	True	100.0	release promotion-v2
PFAS	PFNA	Perfluorononanoic acid	PFAS/Perfluorononanoic_acid.orcacosmo	neutral	UZUFPBIDKMEQEQ-UHFFFAOYSA-N	2,3-dihydropyran	RT	298.15	single_liquid_phase	True	100.0	release promotion-v2
PFAS	PFNA	Perfluorononanoic acid	PFAS/Perfluorononanoic_acid.orcacosmo	neutral	UZUFPBIDKMEQEQ-UHFFFAOYSA-N	2,3-dihydropyran	high	358.15	single_liquid_phase	True	100.0	release promotion-v2
PFAS	PFNA	Perfluorononanoic acid	PFAS/Perfluorononanoic_acid.orcacosmo	neutral	UZUFPBIDKMEQEQ-UHFFFAOYSA-N	2-butanone	RT	298.15	single_liquid_phase	True	100.0	release promotion-v2
PFAS	PFNA	Perfluorononanoic acid	PFAS/Perfluorononanoic_acid.orcacosmo	neutral	UZUFPBIDKMEQEQ-UHFFFAOYSA-N	2-butanone	high	351.65	single_liquid_phase	True	100.0	release promotion-v2
PFAS	PFNA	Perfluorononanoic acid	PFAS/Perfluorononanoic_acid.orcacosmo	neutral	UZUFPBIDKMEQEQ-UHFFFAOYSA-N	acetic acid	RT	298.15	single_liquid_phase	True	100.0	release promotion-v2
PFAS	PFNA	Perfluorononanoic acid	PFAS/Perfluorononanoic_acid.orcacosmo	neutral	UZUFPBIDKMEQEQ-UHFFFAOYSA-N	acetic acid	high	390.04999999999995	single_liquid_phase	True	100.0	release promotion-v2
PFAS	PFNA	Perfluorononanoic acid	PFAS/Perfluorononanoic_acid.orcacosmo	neutral	UZUFPBIDKMEQEQ-UHFFFAOYSA-N	acetone	RT	298.15	single_liquid_phase	True	100.0	release promotion-v2
PFAS	PFNA	Perfluorononanoic acid	PFAS/Perfluorononanoic_acid.orcacosmo	neutral	UZUFPBIDKMEQEQ-UHFFFAOYSA-N	acetone	high	328.15	single_liquid_phase	True	100.0	release promotion-v2
PFAS	PFNA	Perfluorononanoic acid	PFAS/Perfluorononanoic_acid.orcacosmo	neutral	UZUFPBIDKMEQEQ-UHFFFAOYSA-N	acetylacetone	RT	298.15	single_liquid_phase	True	100.0	release promotion-v2
PFAS	PFNA	Perfluorononanoic acid	PFAS/Perfluorononanoic_acid.orcacosmo	neutral	UZUFPBIDKMEQEQ-UHFFFAOYSA-N	acetylacetone	high	393.15	single_liquid_phase	True	100.0	release promotion-v2
PFAS	PFNA	Perfluorononanoic acid	PFAS/Perfluorononanoic_acid.orcacosmo	neutral	UZUFPBIDKMEQEQ-UHFFFAOYSA-N	benzene	RT	298.15	single_liquid_phase	True	100.0	release promotion-v2
PFAS	PFNA	Perfluorononanoic acid	PFAS/Perfluorononanoic_acid.orcacosmo	neutral	UZUFPBIDKMEQEQ-UHFFFAOYSA-N	benzene	high	352.15	single_liquid_phase	True	100.0	release promotion-v2
PFAS	PFNA	Perfluorononanoic acid	PFAS/Perfluorononanoic_acid.orcacosmo	neutral	UZUFPBIDKMEQEQ-UHFFFAOYSA-N	chloroform	RT	298.15	single_liquid_phase	True	100.0	release promotion-v2
PFAS	PFNA	Perfluorononanoic acid	PFAS/Perfluorononanoic_acid.orcacosmo	neutral	UZUFPBIDKMEQEQ-UHFFFAOYSA-N	chloroform	high	333.25	single_liquid_phase	True	100.0	release promotion-v2
PFAS	PFNA	Perfluorononanoic acid	PFAS/Perfluorononanoic_acid.orcacosmo	neutral	UZUFPBIDKMEQEQ-UHFFFAOYSA-N	cyclohexane	RT	298.15	single_liquid_phase	True	100.0	release promotion-v2
PFAS	PFNA	Perfluorononanoic acid	PFAS/Perfluorononanoic_acid.orcacosmo	neutral	UZUFPBIDKMEQEQ-UHFFFAOYSA-N	cyclohexane	high	352.84999999999997	single_liquid_phase	True	100.0	release promotion-v2
PFAS	PFNA	Perfluorononanoic acid	PFAS/Perfluorononanoic_acid.orcacosmo	neutral	UZUFPBIDKMEQEQ-UHFFFAOYSA-N	cyclohexanol	RT	298.15	single_liquid_phase	True	100.0	release promotion-v2
PFAS	PFNA	Perfluorononanoic acid	PFAS/Perfluorononanoic_acid.orcacosmo	neutral	UZUFPBIDKMEQEQ-UHFFFAOYSA-N	cyclohexanol	high	393.15	single_liquid_phase	True	100.0	release promotion-v2
PFAS	PFNA	Perfluorononanoic acid	PFAS/Perfluorononanoic_acid.orcacosmo	neutral	UZUFPBIDKMEQEQ-UHFFFAOYSA-N	dichloromethane	RT	298.15	single_liquid_phase	True	100.0	release promotion-v2
PFAS	PFNA	Perfluorononanoic acid	PFAS/Perfluorononanoic_acid.orcacosmo	neutral	UZUFPBIDKMEQEQ-UHFFFAOYSA-N	dichloromethane	high	312.15	single_liquid_phase	True	100.0	release promotion-v2
PFAS	PFNA	Perfluorononanoic acid	PFAS/Perfluorononanoic_acid.orcacosmo	neutral	UZUFPBIDKMEQEQ-UHFFFAOYSA-N	dimethyl sulfoxide	RT	298.15	single_liquid_phase	True	100.0	release promotion-v2
PFAS	PFNA	Perfluorononanoic acid	PFAS/Perfluorononanoic_acid.orcacosmo	neutral	UZUFPBIDKMEQEQ-UHFFFAOYSA-N	dimethyl sulfoxide	high	393.15	single_liquid_phase	True	100.0	release promotion-v2
PFAS	PFNA	Perfluorononanoic acid	PFAS/Perfluorononanoic_acid.orcacosmo	neutral	UZUFPBIDKMEQEQ-UHFFFAOYSA-N	diphenyl ether	RT	298.15	single_liquid_phase	True	100.0	release promotion-v2
PFAS	PFNA	Perfluorononanoic acid	PFAS/Perfluorononanoic_acid.orcacosmo	neutral	UZUFPBIDKMEQEQ-UHFFFAOYSA-N	diphenyl ether	high	393.15	single_liquid_phase	True	100.0	release promotion-v2
PFAS	PFNA	Perfluorononanoic acid	PFAS/Perfluorononanoic_acid.orcacosmo	neutral	UZUFPBIDKMEQEQ-UHFFFAOYSA-N	dodecane	RT	298.15	single_liquid_phase	True	100.0	release promotion-v2
PFAS	PFNA	Perfluorononanoic acid	PFAS/Perfluorononanoic_acid.orcacosmo	neutral	UZUFPBIDKMEQEQ-UHFFFAOYSA-N	dodecane	high	393.15	single_liquid_phase	True	100.0	release promotion-v2
PFAS	PFNA	Perfluorononanoic acid	PFAS/Perfluorononanoic_acid.orcacosmo	neutral	UZUFPBIDKMEQEQ-UHFFFAOYSA-N	ethanol	RT	298.15	single_liquid_phase	True	100.0	release promotion-v2
PFAS	PFNA	Perfluorononanoic acid	PFAS/Perfluorononanoic_acid.orcacosmo	neutral	UZUFPBIDKMEQEQ-UHFFFAOYSA-N	ethanol	high	350.34999999999997	single_liquid_phase	True	100.0	release promotion-v2
PFAS	PFNA	Perfluorononanoic acid	PFAS/Perfluorononanoic_acid.orcacosmo	neutral	UZUFPBIDKMEQEQ-UHFFFAOYSA-N	ethyl acetate	RT	298.15	single_liquid_phase	True	100.0	release promotion-v2
PFAS	PFNA	Perfluorononanoic acid	PFAS/Perfluorononanoic_acid.orcacosmo	neutral	UZUFPBIDKMEQEQ-UHFFFAOYSA-N	ethyl acetate	high	349.25	single_liquid_phase	True	100.0	release promotion-v2
PFAS	PFNA	Perfluorononanoic acid	PFAS/Perfluorononanoic_acid.orcacosmo	neutral	UZUFPBIDKMEQEQ-UHFFFAOYSA-N	ethylene glycol	RT	298.15	single_liquid_phase	True	100.0	release promotion-v2
PFAS	PFNA	Perfluorononanoic acid	PFAS/Perfluorononanoic_acid.orcacosmo	neutral	UZUFPBIDKMEQEQ-UHFFFAOYSA-N	ethylene glycol	high	393.15	single_liquid_phase	True	100.0	release promotion-v2
PFAS	PFNA	Perfluorononanoic acid	PFAS/Perfluorononanoic_acid.orcacosmo	neutral	UZUFPBIDKMEQEQ-UHFFFAOYSA-N	heptane	RT	298.15	single_liquid_phase	True	100.0	release promotion-v2
PFAS	PFNA	Perfluorononanoic acid	PFAS/Perfluorononanoic_acid.orcacosmo	neutral	UZUFPBIDKMEQEQ-UHFFFAOYSA-N	heptane	high	370.65	single_liquid_phase	True	100.0	release promotion-v2
PFAS	PFNA	Perfluorononanoic acid	PFAS/Perfluorononanoic_acid.orcacosmo	neutral	UZUFPBIDKMEQEQ-UHFFFAOYSA-N	hexane	RT	298.15	single_liquid_phase	True	100.0	release promotion-v2
PFAS	PFNA	Perfluorononanoic acid	PFAS/Perfluorononanoic_acid.orcacosmo	neutral	UZUFPBIDKMEQEQ-UHFFFAOYSA-N	hexane	high	340.84999999999997	single_liquid_phase	True	100.0	release promotion-v2
PFAS	PFNA	Perfluorononanoic acid	PFAS/Perfluorononanoic_acid.orcacosmo	neutral	UZUFPBIDKMEQEQ-UHFFFAOYSA-N	isopropanol	RT	298.15	single_liquid_phase	True	100.0	release promotion-v2
PFAS	PFNA	Perfluorononanoic acid	PFAS/Perfluorononanoic_acid.orcacosmo	neutral	UZUFPBIDKMEQEQ-UHFFFAOYSA-N	isopropanol	high	354.45	single_liquid_phase	True	100.0	release promotion-v2
PFAS	PFNA	Perfluorononanoic acid	PFAS/Perfluorononanoic_acid.orcacosmo	neutral	UZUFPBIDKMEQEQ-UHFFFAOYSA-N	isopropylamine	RT	298.15	single_liquid_phase	True	100.0	release promotion-v2
PFAS	PFNA	Perfluorononanoic acid	PFAS/Perfluorononanoic_acid.orcacosmo	neutral	UZUFPBIDKMEQEQ-UHFFFAOYSA-N	isopropylamine	high	303.84999999999997	single_liquid_phase	True	100.0	release promotion-v2
PFAS	PFNA	Perfluorononanoic acid	PFAS/Perfluorononanoic_acid.orcacosmo	neutral	UZUFPBIDKMEQEQ-UHFFFAOYSA-N	methanol	RT	298.15	single_liquid_phase	True	100.0	release promotion-v2
PFAS	PFNA	Perfluorononanoic acid	PFAS/Perfluorononanoic_acid.orcacosmo	neutral	UZUFPBIDKMEQEQ-UHFFFAOYSA-N	methanol	high	336.7499999999999	single_liquid_phase	True	100.0	release promotion-v2
PFAS	PFNA	Perfluorononanoic acid	PFAS/Perfluorononanoic_acid.orcacosmo	neutral	UZUFPBIDKMEQEQ-UHFFFAOYSA-N	methylacetate	RT	298.15	single_liquid_phase	True	100.0	release promotion-v2
PFAS	PFNA	Perfluorononanoic acid	PFAS/Perfluorononanoic_acid.orcacosmo	neutral	UZUFPBIDKMEQEQ-UHFFFAOYSA-N	methylacetate	high	328.95	single_liquid_phase	True	100.0	release promotion-v2
PFAS	PFNA	Perfluorononanoic acid	PFAS/Perfluorononanoic_acid.orcacosmo	neutral	UZUFPBIDKMEQEQ-UHFFFAOYSA-N	n,n-dimethylformamide	RT	298.15	single_liquid_phase	True	100.0	release promotion-v2
PFAS	PFNA	Perfluorononanoic acid	PFAS/Perfluorononanoic_acid.orcacosmo	neutral	UZUFPBIDKMEQEQ-UHFFFAOYSA-N	n,n-dimethylformamide	high	393.15	single_liquid_phase	True	100.0	release promotion-v2
PFAS	PFNA	Perfluorononanoic acid	PFAS/Perfluorononanoic_acid.orcacosmo	neutral	UZUFPBIDKMEQEQ-UHFFFAOYSA-N	o-xylene	RT	298.15	single_liquid_phase	True	100.0	release promotion-v2
PFAS	PFNA	Perfluorononanoic acid	PFAS/Perfluorononanoic_acid.orcacosmo	neutral	UZUFPBIDKMEQEQ-UHFFFAOYSA-N	o-xylene	high	393.15	single_liquid_phase	True	100.0	release promotion-v2
PFAS	PFNA	Perfluorononanoic acid	PFAS/Perfluorononanoic_acid.orcacosmo	neutral	UZUFPBIDKMEQEQ-UHFFFAOYSA-N	tert-butanol	RT	298.15	single_liquid_phase	True	100.0	release promotion-v2
PFAS	PFNA	Perfluorononanoic acid	PFAS/Perfluorononanoic_acid.orcacosmo	neutral	UZUFPBIDKMEQEQ-UHFFFAOYSA-N	tert-butanol	high	354.54999999999995	single_liquid_phase	True	100.0	release promotion-v2
PFAS	PFNA	Perfluorononanoic acid	PFAS/Perfluorononanoic_acid.orcacosmo	neutral	UZUFPBIDKMEQEQ-UHFFFAOYSA-N	tetrahydrofuran	RT	298.15	single_liquid_phase	True	100.0	release promotion-v2
PFAS	PFNA	Perfluorononanoic acid	PFAS/Perfluorononanoic_acid.orcacosmo	neutral	UZUFPBIDKMEQEQ-UHFFFAOYSA-N	tetrahydrofuran	high	337.15	single_liquid_phase	True	100.0	release promotion-v2
PFAS	PFNA	Perfluorononanoic acid	PFAS/Perfluorononanoic_acid.orcacosmo	neutral	UZUFPBIDKMEQEQ-UHFFFAOYSA-N	tetrahydropyran	RT	298.15	single_liquid_phase	True	100.0	release promotion-v2
PFAS	PFNA	Perfluorononanoic acid	PFAS/Perfluorononanoic_acid.orcacosmo	neutral	UZUFPBIDKMEQEQ-UHFFFAOYSA-N	tetrahydropyran	high	360.15	single_liquid_phase	True	100.0	release promotion-v2
PFAS	PFNA	Perfluorononanoic acid	PFAS/Perfluorononanoic_acid.orcacosmo	neutral	UZUFPBIDKMEQEQ-UHFFFAOYSA-N	toluene	RT	298.15	single_liquid_phase	True	100.0	release promotion-v2
PFAS	PFNA	Perfluorononanoic acid	PFAS/Perfluorononanoic_acid.orcacosmo	neutral	UZUFPBIDKMEQEQ-UHFFFAOYSA-N	toluene	high	382.75	single_liquid_phase	True	100.0	release promotion-v2
PFAS	PFNA	Perfluorononanoic acid	PFAS/Perfluorononanoic_acid.orcacosmo	neutral	UZUFPBIDKMEQEQ-UHFFFAOYSA-N	triethylamine	RT	298.15	single_liquid_phase	True	100.0	release promotion-v2
PFAS	PFNA	Perfluorononanoic acid	PFAS/Perfluorononanoic_acid.orcacosmo	neutral	UZUFPBIDKMEQEQ-UHFFFAOYSA-N	triethylamine	high	361.15	single_liquid_phase	True	100.0	release promotion-v2
PFAS	PFNA	Perfluorononanoic acid	PFAS/Perfluorononanoic_acid.orcacosmo	neutral	UZUFPBIDKMEQEQ-UHFFFAOYSA-N	water	RT	298.15	two_liquid_phases	False	0.00026282858373286673	release promotion-v2
PFAS	PFNA	Perfluorononanoic acid	PFAS/Perfluorononanoic_acid.orcacosmo	neutral	UZUFPBIDKMEQEQ-UHFFFAOYSA-N	water	high	372.15	two_liquid_phases	False	0.0012373324643901236	release promotion-v2
PFAS	PFDA	Perfluorodecanoic acid	PFAS/Perfluorodecanoic_acid.orcacosmo	neutral	PCIUEQPBYFRTEM-UHFFFAOYSA-N	1,2-propanediol	RT	298.15	single_liquid_phase	True	100.0	release promotion-v2
PFAS	PFDA	Perfluorodecanoic acid	PFAS/Perfluorodecanoic_acid.orcacosmo	neutral	PCIUEQPBYFRTEM-UHFFFAOYSA-N	1,2-propanediol	high	393.15	single_liquid_phase	True	100.0	release promotion-v2
PFAS	PFDA	Perfluorodecanoic acid	PFAS/Perfluorodecanoic_acid.orcacosmo	neutral	PCIUEQPBYFRTEM-UHFFFAOYSA-N	1-propanol	RT	298.15	single_liquid_phase	True	100.0	release promotion-v2
PFAS	PFDA	Perfluorodecanoic acid	PFAS/Perfluorodecanoic_acid.orcacosmo	neutral	PCIUEQPBYFRTEM-UHFFFAOYSA-N	1-propanol	high	369.34999999999997	single_liquid_phase	True	100.0	release promotion-v2
PFAS	PFDA	Perfluorodecanoic acid	PFAS/Perfluorodecanoic_acid.orcacosmo	neutral	PCIUEQPBYFRTEM-UHFFFAOYSA-N	2,3-dihydropyran	RT	298.15	single_liquid_phase	True	100.0	release promotion-v2
PFAS	PFDA	Perfluorodecanoic acid	PFAS/Perfluorodecanoic_acid.orcacosmo	neutral	PCIUEQPBYFRTEM-UHFFFAOYSA-N	2,3-dihydropyran	high	358.15	single_liquid_phase	True	100.0	release promotion-v2
PFAS	PFDA	Perfluorodecanoic acid	PFAS/Perfluorodecanoic_acid.orcacosmo	neutral	PCIUEQPBYFRTEM-UHFFFAOYSA-N	2-butanone	RT	298.15	single_liquid_phase	True	100.0	release promotion-v2
PFAS	PFDA	Perfluorodecanoic acid	PFAS/Perfluorodecanoic_acid.orcacosmo	neutral	PCIUEQPBYFRTEM-UHFFFAOYSA-N	2-butanone	high	351.65	single_liquid_phase	True	100.0	release promotion-v2
PFAS	PFDA	Perfluorodecanoic acid	PFAS/Perfluorodecanoic_acid.orcacosmo	neutral	PCIUEQPBYFRTEM-UHFFFAOYSA-N	acetic acid	RT	298.15	single_liquid_phase	True	100.0	release promotion-v2
PFAS	PFDA	Perfluorodecanoic acid	PFAS/Perfluorodecanoic_acid.orcacosmo	neutral	PCIUEQPBYFRTEM-UHFFFAOYSA-N	acetic acid	high	390.04999999999995	single_liquid_phase	True	100.0	release promotion-v2
PFAS	PFDA	Perfluorodecanoic acid	PFAS/Perfluorodecanoic_acid.orcacosmo	neutral	PCIUEQPBYFRTEM-UHFFFAOYSA-N	acetone	RT	298.15	single_liquid_phase	True	100.0	release promotion-v2
PFAS	PFDA	Perfluorodecanoic acid	PFAS/Perfluorodecanoic_acid.orcacosmo	neutral	PCIUEQPBYFRTEM-UHFFFAOYSA-N	acetone	high	328.15	single_liquid_phase	True	100.0	release promotion-v2
PFAS	PFDA	Perfluorodecanoic acid	PFAS/Perfluorodecanoic_acid.orcacosmo	neutral	PCIUEQPBYFRTEM-UHFFFAOYSA-N	acetylacetone	RT	298.15	single_liquid_phase	True	100.0	release promotion-v2
PFAS	PFDA	Perfluorodecanoic acid	PFAS/Perfluorodecanoic_acid.orcacosmo	neutral	PCIUEQPBYFRTEM-UHFFFAOYSA-N	acetylacetone	high	393.15	single_liquid_phase	True	100.0	release promotion-v2
PFAS	PFDA	Perfluorodecanoic acid	PFAS/Perfluorodecanoic_acid.orcacosmo	neutral	PCIUEQPBYFRTEM-UHFFFAOYSA-N	benzene	RT	298.15	single_liquid_phase	True	100.0	release promotion-v2
PFAS	PFDA	Perfluorodecanoic acid	PFAS/Perfluorodecanoic_acid.orcacosmo	neutral	PCIUEQPBYFRTEM-UHFFFAOYSA-N	benzene	high	352.15	single_liquid_phase	True	100.0	release promotion-v2
PFAS	PFDA	Perfluorodecanoic acid	PFAS/Perfluorodecanoic_acid.orcacosmo	neutral	PCIUEQPBYFRTEM-UHFFFAOYSA-N	chloroform	RT	298.15	single_liquid_phase	True	100.0	release promotion-v2
PFAS	PFDA	Perfluorodecanoic acid	PFAS/Perfluorodecanoic_acid.orcacosmo	neutral	PCIUEQPBYFRTEM-UHFFFAOYSA-N	chloroform	high	333.25	single_liquid_phase	True	100.0	release promotion-v2
PFAS	PFDA	Perfluorodecanoic acid	PFAS/Perfluorodecanoic_acid.orcacosmo	neutral	PCIUEQPBYFRTEM-UHFFFAOYSA-N	cyclohexane	RT	298.15	single_liquid_phase	True	100.0	release promotion-v2
PFAS	PFDA	Perfluorodecanoic acid	PFAS/Perfluorodecanoic_acid.orcacosmo	neutral	PCIUEQPBYFRTEM-UHFFFAOYSA-N	cyclohexane	high	352.84999999999997	single_liquid_phase	True	100.0	release promotion-v2
PFAS	PFDA	Perfluorodecanoic acid	PFAS/Perfluorodecanoic_acid.orcacosmo	neutral	PCIUEQPBYFRTEM-UHFFFAOYSA-N	cyclohexanol	RT	298.15	single_liquid_phase	True	100.0	release promotion-v2
PFAS	PFDA	Perfluorodecanoic acid	PFAS/Perfluorodecanoic_acid.orcacosmo	neutral	PCIUEQPBYFRTEM-UHFFFAOYSA-N	cyclohexanol	high	393.15	single_liquid_phase	True	100.0	release promotion-v2
PFAS	PFDA	Perfluorodecanoic acid	PFAS/Perfluorodecanoic_acid.orcacosmo	neutral	PCIUEQPBYFRTEM-UHFFFAOYSA-N	dichloromethane	RT	298.15	single_liquid_phase	True	100.0	release promotion-v2
PFAS	PFDA	Perfluorodecanoic acid	PFAS/Perfluorodecanoic_acid.orcacosmo	neutral	PCIUEQPBYFRTEM-UHFFFAOYSA-N	dichloromethane	high	312.15	single_liquid_phase	True	100.0	release promotion-v2
PFAS	PFDA	Perfluorodecanoic acid	PFAS/Perfluorodecanoic_acid.orcacosmo	neutral	PCIUEQPBYFRTEM-UHFFFAOYSA-N	dimethyl sulfoxide	RT	298.15	single_liquid_phase	True	100.0	release promotion-v2
PFAS	PFDA	Perfluorodecanoic acid	PFAS/Perfluorodecanoic_acid.orcacosmo	neutral	PCIUEQPBYFRTEM-UHFFFAOYSA-N	dimethyl sulfoxide	high	393.15	single_liquid_phase	True	100.0	release promotion-v2
PFAS	PFDA	Perfluorodecanoic acid	PFAS/Perfluorodecanoic_acid.orcacosmo	neutral	PCIUEQPBYFRTEM-UHFFFAOYSA-N	diphenyl ether	RT	298.15	single_liquid_phase	True	100.0	release promotion-v2
PFAS	PFDA	Perfluorodecanoic acid	PFAS/Perfluorodecanoic_acid.orcacosmo	neutral	PCIUEQPBYFRTEM-UHFFFAOYSA-N	diphenyl ether	high	393.15	single_liquid_phase	True	100.0	release promotion-v2
PFAS	PFDA	Perfluorodecanoic acid	PFAS/Perfluorodecanoic_acid.orcacosmo	neutral	PCIUEQPBYFRTEM-UHFFFAOYSA-N	dodecane	RT	298.15	single_liquid_phase	True	100.0	release promotion-v2
PFAS	PFDA	Perfluorodecanoic acid	PFAS/Perfluorodecanoic_acid.orcacosmo	neutral	PCIUEQPBYFRTEM-UHFFFAOYSA-N	dodecane	high	393.15	single_liquid_phase	True	100.0	release promotion-v2
PFAS	PFDA	Perfluorodecanoic acid	PFAS/Perfluorodecanoic_acid.orcacosmo	neutral	PCIUEQPBYFRTEM-UHFFFAOYSA-N	ethanol	RT	298.15	single_liquid_phase	True	100.0	release promotion-v2
PFAS	PFDA	Perfluorodecanoic acid	PFAS/Perfluorodecanoic_acid.orcacosmo	neutral	PCIUEQPBYFRTEM-UHFFFAOYSA-N	ethanol	high	350.34999999999997	single_liquid_phase	True	100.0	release promotion-v2
PFAS	PFDA	Perfluorodecanoic acid	PFAS/Perfluorodecanoic_acid.orcacosmo	neutral	PCIUEQPBYFRTEM-UHFFFAOYSA-N	ethyl acetate	RT	298.15	single_liquid_phase	True	100.0	release promotion-v2
PFAS	PFDA	Perfluorodecanoic acid	PFAS/Perfluorodecanoic_acid.orcacosmo	neutral	PCIUEQPBYFRTEM-UHFFFAOYSA-N	ethyl acetate	high	349.25	single_liquid_phase	True	100.0	release promotion-v2
PFAS	PFDA	Perfluorodecanoic acid	PFAS/Perfluorodecanoic_acid.orcacosmo	neutral	PCIUEQPBYFRTEM-UHFFFAOYSA-N	ethylene glycol	RT	298.15	single_liquid_phase	True	100.0	release promotion-v2
PFAS	PFDA	Perfluorodecanoic acid	PFAS/Perfluorodecanoic_acid.orcacosmo	neutral	PCIUEQPBYFRTEM-UHFFFAOYSA-N	ethylene glycol	high	393.15	single_liquid_phase	True	100.0	release promotion-v2
PFAS	PFDA	Perfluorodecanoic acid	PFAS/Perfluorodecanoic_acid.orcacosmo	neutral	PCIUEQPBYFRTEM-UHFFFAOYSA-N	heptane	RT	298.15	single_liquid_phase	True	100.0	release promotion-v2
PFAS	PFDA	Perfluorodecanoic acid	PFAS/Perfluorodecanoic_acid.orcacosmo	neutral	PCIUEQPBYFRTEM-UHFFFAOYSA-N	heptane	high	370.65	single_liquid_phase	True	100.0	release promotion-v2
PFAS	PFDA	Perfluorodecanoic acid	PFAS/Perfluorodecanoic_acid.orcacosmo	neutral	PCIUEQPBYFRTEM-UHFFFAOYSA-N	hexane	RT	298.15	single_liquid_phase	True	100.0	release promotion-v2
PFAS	PFDA	Perfluorodecanoic acid	PFAS/Perfluorodecanoic_acid.orcacosmo	neutral	PCIUEQPBYFRTEM-UHFFFAOYSA-N	hexane	high	340.84999999999997	single_liquid_phase	True	100.0	release promotion-v2
PFAS	PFDA	Perfluorodecanoic acid	PFAS/Perfluorodecanoic_acid.orcacosmo	neutral	PCIUEQPBYFRTEM-UHFFFAOYSA-N	isopropanol	RT	298.15	single_liquid_phase	True	100.0	release promotion-v2
PFAS	PFDA	Perfluorodecanoic acid	PFAS/Perfluorodecanoic_acid.orcacosmo	neutral	PCIUEQPBYFRTEM-UHFFFAOYSA-N	isopropanol	high	354.45	single_liquid_phase	True	100.0	release promotion-v2
PFAS	PFDA	Perfluorodecanoic acid	PFAS/Perfluorodecanoic_acid.orcacosmo	neutral	PCIUEQPBYFRTEM-UHFFFAOYSA-N	isopropylamine	RT	298.15	single_liquid_phase	True	100.0	release promotion-v2
PFAS	PFDA	Perfluorodecanoic acid	PFAS/Perfluorodecanoic_acid.orcacosmo	neutral	PCIUEQPBYFRTEM-UHFFFAOYSA-N	isopropylamine	high	303.84999999999997	single_liquid_phase	True	100.0	release promotion-v2
PFAS	PFDA	Perfluorodecanoic acid	PFAS/Perfluorodecanoic_acid.orcacosmo	neutral	PCIUEQPBYFRTEM-UHFFFAOYSA-N	methanol	RT	298.15	single_liquid_phase	True	100.0	release promotion-v2
PFAS	PFDA	Perfluorodecanoic acid	PFAS/Perfluorodecanoic_acid.orcacosmo	neutral	PCIUEQPBYFRTEM-UHFFFAOYSA-N	methanol	high	336.7499999999999	single_liquid_phase	True	100.0	release promotion-v2
PFAS	PFDA	Perfluorodecanoic acid	PFAS/Perfluorodecanoic_acid.orcacosmo	neutral	PCIUEQPBYFRTEM-UHFFFAOYSA-N	methylacetate	RT	298.15	single_liquid_phase	True	100.0	release promotion-v2
PFAS	PFDA	Perfluorodecanoic acid	PFAS/Perfluorodecanoic_acid.orcacosmo	neutral	PCIUEQPBYFRTEM-UHFFFAOYSA-N	methylacetate	high	328.95	single_liquid_phase	True	100.0	release promotion-v2
PFAS	PFDA	Perfluorodecanoic acid	PFAS/Perfluorodecanoic_acid.orcacosmo	neutral	PCIUEQPBYFRTEM-UHFFFAOYSA-N	n,n-dimethylformamide	RT	298.15	single_liquid_phase	True	100.0	release promotion-v2
PFAS	PFDA	Perfluorodecanoic acid	PFAS/Perfluorodecanoic_acid.orcacosmo	neutral	PCIUEQPBYFRTEM-UHFFFAOYSA-N	n,n-dimethylformamide	high	393.15	single_liquid_phase	True	100.0	release promotion-v2
PFAS	PFDA	Perfluorodecanoic acid	PFAS/Perfluorodecanoic_acid.orcacosmo	neutral	PCIUEQPBYFRTEM-UHFFFAOYSA-N	o-xylene	RT	298.15	single_liquid_phase	True	100.0	release promotion-v2
PFAS	PFDA	Perfluorodecanoic acid	PFAS/Perfluorodecanoic_acid.orcacosmo	neutral	PCIUEQPBYFRTEM-UHFFFAOYSA-N	o-xylene	high	393.15	single_liquid_phase	True	100.0	release promotion-v2
PFAS	PFDA	Perfluorodecanoic acid	PFAS/Perfluorodecanoic_acid.orcacosmo	neutral	PCIUEQPBYFRTEM-UHFFFAOYSA-N	tert-butanol	RT	298.15	single_liquid_phase	True	100.0	release promotion-v2
PFAS	PFDA	Perfluorodecanoic acid	PFAS/Perfluorodecanoic_acid.orcacosmo	neutral	PCIUEQPBYFRTEM-UHFFFAOYSA-N	tert-butanol	high	354.54999999999995	single_liquid_phase	True	100.0	release promotion-v2
PFAS	PFDA	Perfluorodecanoic acid	PFAS/Perfluorodecanoic_acid.orcacosmo	neutral	PCIUEQPBYFRTEM-UHFFFAOYSA-N	tetrahydrofuran	RT	298.15	single_liquid_phase	True	100.0	release promotion-v2
PFAS	PFDA	Perfluorodecanoic acid	PFAS/Perfluorodecanoic_acid.orcacosmo	neutral	PCIUEQPBYFRTEM-UHFFFAOYSA-N	tetrahydrofuran	high	337.15	single_liquid_phase	True	100.0	release promotion-v2
PFAS	PFDA	Perfluorodecanoic acid	PFAS/Perfluorodecanoic_acid.orcacosmo	neutral	PCIUEQPBYFRTEM-UHFFFAOYSA-N	tetrahydropyran	RT	298.15	single_liquid_phase	True	100.0	release promotion-v2
PFAS	PFDA	Perfluorodecanoic acid	PFAS/Perfluorodecanoic_acid.orcacosmo	neutral	PCIUEQPBYFRTEM-UHFFFAOYSA-N	tetrahydropyran	high	360.15	single_liquid_phase	True	100.0	release promotion-v2
PFAS	PFDA	Perfluorodecanoic acid	PFAS/Perfluorodecanoic_acid.orcacosmo	neutral	PCIUEQPBYFRTEM-UHFFFAOYSA-N	toluene	RT	298.15	single_liquid_phase	True	100.0	release promotion-v2
PFAS	PFDA	Perfluorodecanoic acid	PFAS/Perfluorodecanoic_acid.orcacosmo	neutral	PCIUEQPBYFRTEM-UHFFFAOYSA-N	toluene	high	382.75	single_liquid_phase	True	100.0	release promotion-v2
PFAS	PFDA	Perfluorodecanoic acid	PFAS/Perfluorodecanoic_acid.orcacosmo	neutral	PCIUEQPBYFRTEM-UHFFFAOYSA-N	triethylamine	RT	298.15	single_liquid_phase	True	100.0	release promotion-v2
PFAS	PFDA	Perfluorodecanoic acid	PFAS/Perfluorodecanoic_acid.orcacosmo	neutral	PCIUEQPBYFRTEM-UHFFFAOYSA-N	triethylamine	high	361.15	single_liquid_phase	True	100.0	release promotion-v2
PFAS	PFDA	Perfluorodecanoic acid	PFAS/Perfluorodecanoic_acid.orcacosmo	neutral	PCIUEQPBYFRTEM-UHFFFAOYSA-N	water	RT	298.15	two_liquid_phases	False	4.2788172172290874e-05	release promotion-v2
PFAS	PFDA	Perfluorodecanoic acid	PFAS/Perfluorodecanoic_acid.orcacosmo	neutral	PCIUEQPBYFRTEM-UHFFFAOYSA-N	water	high	372.15	two_liquid_phases	False	0.0002628222689476215	release promotion-v2
PFAS	TFPA	2,3,3,3-Tetrafluoro-2-(heptafluoropropoxy)propanoic acid	PFAS/2,3,3,3-Tetrafluoro-2-(heptafluoropropoxy)propanoic_acid.orcacosmo	neutral	CSEBNABAWMZWIF-UHFFFAOYSA-N	1,2-propanediol	RT	298.15	single_liquid_phase	True	100.0	release promotion-v2
PFAS	TFPA	2,3,3,3-Tetrafluoro-2-(heptafluoropropoxy)propanoic acid	PFAS/2,3,3,3-Tetrafluoro-2-(heptafluoropropoxy)propanoic_acid.orcacosmo	neutral	CSEBNABAWMZWIF-UHFFFAOYSA-N	1,2-propanediol	high	393.15	single_liquid_phase	True	100.0	release promotion-v2
PFAS	TFPA	2,3,3,3-Tetrafluoro-2-(heptafluoropropoxy)propanoic acid	PFAS/2,3,3,3-Tetrafluoro-2-(heptafluoropropoxy)propanoic_acid.orcacosmo	neutral	CSEBNABAWMZWIF-UHFFFAOYSA-N	1-propanol	RT	298.15	single_liquid_phase	True	100.0	release promotion-v2
PFAS	TFPA	2,3,3,3-Tetrafluoro-2-(heptafluoropropoxy)propanoic acid	PFAS/2,3,3,3-Tetrafluoro-2-(heptafluoropropoxy)propanoic_acid.orcacosmo	neutral	CSEBNABAWMZWIF-UHFFFAOYSA-N	1-propanol	high	369.34999999999997	single_liquid_phase	True	100.0	release promotion-v2
PFAS	TFPA	2,3,3,3-Tetrafluoro-2-(heptafluoropropoxy)propanoic acid	PFAS/2,3,3,3-Tetrafluoro-2-(heptafluoropropoxy)propanoic_acid.orcacosmo	neutral	CSEBNABAWMZWIF-UHFFFAOYSA-N	2,3-dihydropyran	RT	298.15	single_liquid_phase	True	100.0	release promotion-v2
PFAS	TFPA	2,3,3,3-Tetrafluoro-2-(heptafluoropropoxy)propanoic acid	PFAS/2,3,3,3-Tetrafluoro-2-(heptafluoropropoxy)propanoic_acid.orcacosmo	neutral	CSEBNABAWMZWIF-UHFFFAOYSA-N	2,3-dihydropyran	high	358.15	single_liquid_phase	True	100.0	release promotion-v2
PFAS	TFPA	2,3,3,3-Tetrafluoro-2-(heptafluoropropoxy)propanoic acid	PFAS/2,3,3,3-Tetrafluoro-2-(heptafluoropropoxy)propanoic_acid.orcacosmo	neutral	CSEBNABAWMZWIF-UHFFFAOYSA-N	2-butanone	RT	298.15	single_liquid_phase	True	100.0	release promotion-v2
PFAS	TFPA	2,3,3,3-Tetrafluoro-2-(heptafluoropropoxy)propanoic acid	PFAS/2,3,3,3-Tetrafluoro-2-(heptafluoropropoxy)propanoic_acid.orcacosmo	neutral	CSEBNABAWMZWIF-UHFFFAOYSA-N	2-butanone	high	351.65	single_liquid_phase	True	100.0	release promotion-v2
PFAS	TFPA	2,3,3,3-Tetrafluoro-2-(heptafluoropropoxy)propanoic acid	PFAS/2,3,3,3-Tetrafluoro-2-(heptafluoropropoxy)propanoic_acid.orcacosmo	neutral	CSEBNABAWMZWIF-UHFFFAOYSA-N	acetic acid	RT	298.15	single_liquid_phase	True	100.0	release promotion-v2
PFAS	TFPA	2,3,3,3-Tetrafluoro-2-(heptafluoropropoxy)propanoic acid	PFAS/2,3,3,3-Tetrafluoro-2-(heptafluoropropoxy)propanoic_acid.orcacosmo	neutral	CSEBNABAWMZWIF-UHFFFAOYSA-N	acetic acid	high	390.04999999999995	single_liquid_phase	True	100.0	release promotion-v2
PFAS	TFPA	2,3,3,3-Tetrafluoro-2-(heptafluoropropoxy)propanoic acid	PFAS/2,3,3,3-Tetrafluoro-2-(heptafluoropropoxy)propanoic_acid.orcacosmo	neutral	CSEBNABAWMZWIF-UHFFFAOYSA-N	acetone	RT	298.15	single_liquid_phase	True	100.0	release promotion-v2
PFAS	TFPA	2,3,3,3-Tetrafluoro-2-(heptafluoropropoxy)propanoic acid	PFAS/2,3,3,3-Tetrafluoro-2-(heptafluoropropoxy)propanoic_acid.orcacosmo	neutral	CSEBNABAWMZWIF-UHFFFAOYSA-N	acetone	high	328.15	single_liquid_phase	True	100.0	release promotion-v2
PFAS	TFPA	2,3,3,3-Tetrafluoro-2-(heptafluoropropoxy)propanoic acid	PFAS/2,3,3,3-Tetrafluoro-2-(heptafluoropropoxy)propanoic_acid.orcacosmo	neutral	CSEBNABAWMZWIF-UHFFFAOYSA-N	acetylacetone	RT	298.15	single_liquid_phase	True	100.0	release promotion-v2
PFAS	TFPA	2,3,3,3-Tetrafluoro-2-(heptafluoropropoxy)propanoic acid	PFAS/2,3,3,3-Tetrafluoro-2-(heptafluoropropoxy)propanoic_acid.orcacosmo	neutral	CSEBNABAWMZWIF-UHFFFAOYSA-N	acetylacetone	high	393.15	single_liquid_phase	True	100.0	release promotion-v2
PFAS	TFPA	2,3,3,3-Tetrafluoro-2-(heptafluoropropoxy)propanoic acid	PFAS/2,3,3,3-Tetrafluoro-2-(heptafluoropropoxy)propanoic_acid.orcacosmo	neutral	CSEBNABAWMZWIF-UHFFFAOYSA-N	benzene	RT	298.15	single_liquid_phase	True	100.0	release promotion-v2
PFAS	TFPA	2,3,3,3-Tetrafluoro-2-(heptafluoropropoxy)propanoic acid	PFAS/2,3,3,3-Tetrafluoro-2-(heptafluoropropoxy)propanoic_acid.orcacosmo	neutral	CSEBNABAWMZWIF-UHFFFAOYSA-N	benzene	high	352.15	single_liquid_phase	True	100.0	release promotion-v2
PFAS	TFPA	2,3,3,3-Tetrafluoro-2-(heptafluoropropoxy)propanoic acid	PFAS/2,3,3,3-Tetrafluoro-2-(heptafluoropropoxy)propanoic_acid.orcacosmo	neutral	CSEBNABAWMZWIF-UHFFFAOYSA-N	chloroform	RT	298.15	single_liquid_phase	True	100.0	release promotion-v2
PFAS	TFPA	2,3,3,3-Tetrafluoro-2-(heptafluoropropoxy)propanoic acid	PFAS/2,3,3,3-Tetrafluoro-2-(heptafluoropropoxy)propanoic_acid.orcacosmo	neutral	CSEBNABAWMZWIF-UHFFFAOYSA-N	chloroform	high	333.25	single_liquid_phase	True	100.0	release promotion-v2
PFAS	TFPA	2,3,3,3-Tetrafluoro-2-(heptafluoropropoxy)propanoic acid	PFAS/2,3,3,3-Tetrafluoro-2-(heptafluoropropoxy)propanoic_acid.orcacosmo	neutral	CSEBNABAWMZWIF-UHFFFAOYSA-N	cyclohexane	RT	298.15	single_liquid_phase	True	100.0	release promotion-v2
PFAS	TFPA	2,3,3,3-Tetrafluoro-2-(heptafluoropropoxy)propanoic acid	PFAS/2,3,3,3-Tetrafluoro-2-(heptafluoropropoxy)propanoic_acid.orcacosmo	neutral	CSEBNABAWMZWIF-UHFFFAOYSA-N	cyclohexane	high	352.84999999999997	single_liquid_phase	True	100.0	release promotion-v2
PFAS	TFPA	2,3,3,3-Tetrafluoro-2-(heptafluoropropoxy)propanoic acid	PFAS/2,3,3,3-Tetrafluoro-2-(heptafluoropropoxy)propanoic_acid.orcacosmo	neutral	CSEBNABAWMZWIF-UHFFFAOYSA-N	cyclohexanol	RT	298.15	single_liquid_phase	True	100.0	release promotion-v2
PFAS	TFPA	2,3,3,3-Tetrafluoro-2-(heptafluoropropoxy)propanoic acid	PFAS/2,3,3,3-Tetrafluoro-2-(heptafluoropropoxy)propanoic_acid.orcacosmo	neutral	CSEBNABAWMZWIF-UHFFFAOYSA-N	cyclohexanol	high	393.15	single_liquid_phase	True	100.0	release promotion-v2
PFAS	TFPA	2,3,3,3-Tetrafluoro-2-(heptafluoropropoxy)propanoic acid	PFAS/2,3,3,3-Tetrafluoro-2-(heptafluoropropoxy)propanoic_acid.orcacosmo	neutral	CSEBNABAWMZWIF-UHFFFAOYSA-N	dichloromethane	RT	298.15	single_liquid_phase	True	100.0	release promotion-v2
PFAS	TFPA	2,3,3,3-Tetrafluoro-2-(heptafluoropropoxy)propanoic acid	PFAS/2,3,3,3-Tetrafluoro-2-(heptafluoropropoxy)propanoic_acid.orcacosmo	neutral	CSEBNABAWMZWIF-UHFFFAOYSA-N	dichloromethane	high	312.15	single_liquid_phase	True	100.0	release promotion-v2
PFAS	TFPA	2,3,3,3-Tetrafluoro-2-(heptafluoropropoxy)propanoic acid	PFAS/2,3,3,3-Tetrafluoro-2-(heptafluoropropoxy)propanoic_acid.orcacosmo	neutral	CSEBNABAWMZWIF-UHFFFAOYSA-N	dimethyl sulfoxide	RT	298.15	single_liquid_phase	True	100.0	release promotion-v2
PFAS	TFPA	2,3,3,3-Tetrafluoro-2-(heptafluoropropoxy)propanoic acid	PFAS/2,3,3,3-Tetrafluoro-2-(heptafluoropropoxy)propanoic_acid.orcacosmo	neutral	CSEBNABAWMZWIF-UHFFFAOYSA-N	dimethyl sulfoxide	high	393.15	single_liquid_phase	True	100.0	release promotion-v2
PFAS	TFPA	2,3,3,3-Tetrafluoro-2-(heptafluoropropoxy)propanoic acid	PFAS/2,3,3,3-Tetrafluoro-2-(heptafluoropropoxy)propanoic_acid.orcacosmo	neutral	CSEBNABAWMZWIF-UHFFFAOYSA-N	diphenyl ether	RT	298.15	single_liquid_phase	True	100.0	release promotion-v2
PFAS	TFPA	2,3,3,3-Tetrafluoro-2-(heptafluoropropoxy)propanoic acid	PFAS/2,3,3,3-Tetrafluoro-2-(heptafluoropropoxy)propanoic_acid.orcacosmo	neutral	CSEBNABAWMZWIF-UHFFFAOYSA-N	diphenyl ether	high	393.15	single_liquid_phase	True	100.0	release promotion-v2
PFAS	TFPA	2,3,3,3-Tetrafluoro-2-(heptafluoropropoxy)propanoic acid	PFAS/2,3,3,3-Tetrafluoro-2-(heptafluoropropoxy)propanoic_acid.orcacosmo	neutral	CSEBNABAWMZWIF-UHFFFAOYSA-N	dodecane	RT	298.15	single_liquid_phase	True	100.0	release promotion-v2
PFAS	TFPA	2,3,3,3-Tetrafluoro-2-(heptafluoropropoxy)propanoic acid	PFAS/2,3,3,3-Tetrafluoro-2-(heptafluoropropoxy)propanoic_acid.orcacosmo	neutral	CSEBNABAWMZWIF-UHFFFAOYSA-N	dodecane	high	393.15	single_liquid_phase	True	100.0	release promotion-v2
PFAS	TFPA	2,3,3,3-Tetrafluoro-2-(heptafluoropropoxy)propanoic acid	PFAS/2,3,3,3-Tetrafluoro-2-(heptafluoropropoxy)propanoic_acid.orcacosmo	neutral	CSEBNABAWMZWIF-UHFFFAOYSA-N	ethanol	RT	298.15	single_liquid_phase	True	100.0	release promotion-v2
PFAS	TFPA	2,3,3,3-Tetrafluoro-2-(heptafluoropropoxy)propanoic acid	PFAS/2,3,3,3-Tetrafluoro-2-(heptafluoropropoxy)propanoic_acid.orcacosmo	neutral	CSEBNABAWMZWIF-UHFFFAOYSA-N	ethanol	high	350.34999999999997	single_liquid_phase	True	100.0	release promotion-v2
PFAS	TFPA	2,3,3,3-Tetrafluoro-2-(heptafluoropropoxy)propanoic acid	PFAS/2,3,3,3-Tetrafluoro-2-(heptafluoropropoxy)propanoic_acid.orcacosmo	neutral	CSEBNABAWMZWIF-UHFFFAOYSA-N	ethyl acetate	RT	298.15	single_liquid_phase	True	100.0	release promotion-v2
PFAS	TFPA	2,3,3,3-Tetrafluoro-2-(heptafluoropropoxy)propanoic acid	PFAS/2,3,3,3-Tetrafluoro-2-(heptafluoropropoxy)propanoic_acid.orcacosmo	neutral	CSEBNABAWMZWIF-UHFFFAOYSA-N	ethyl acetate	high	349.25	single_liquid_phase	True	100.0	release promotion-v2
PFAS	TFPA	2,3,3,3-Tetrafluoro-2-(heptafluoropropoxy)propanoic acid	PFAS/2,3,3,3-Tetrafluoro-2-(heptafluoropropoxy)propanoic_acid.orcacosmo	neutral	CSEBNABAWMZWIF-UHFFFAOYSA-N	ethylene glycol	RT	298.15	single_liquid_phase	True	100.0	release promotion-v2
PFAS	TFPA	2,3,3,3-Tetrafluoro-2-(heptafluoropropoxy)propanoic acid	PFAS/2,3,3,3-Tetrafluoro-2-(heptafluoropropoxy)propanoic_acid.orcacosmo	neutral	CSEBNABAWMZWIF-UHFFFAOYSA-N	ethylene glycol	high	393.15	single_liquid_phase	True	100.0	release promotion-v2
PFAS	TFPA	2,3,3,3-Tetrafluoro-2-(heptafluoropropoxy)propanoic acid	PFAS/2,3,3,3-Tetrafluoro-2-(heptafluoropropoxy)propanoic_acid.orcacosmo	neutral	CSEBNABAWMZWIF-UHFFFAOYSA-N	heptane	RT	298.15	single_liquid_phase	True	100.0	release promotion-v2
PFAS	TFPA	2,3,3,3-Tetrafluoro-2-(heptafluoropropoxy)propanoic acid	PFAS/2,3,3,3-Tetrafluoro-2-(heptafluoropropoxy)propanoic_acid.orcacosmo	neutral	CSEBNABAWMZWIF-UHFFFAOYSA-N	heptane	high	370.65	single_liquid_phase	True	100.0	release promotion-v2
PFAS	TFPA	2,3,3,3-Tetrafluoro-2-(heptafluoropropoxy)propanoic acid	PFAS/2,3,3,3-Tetrafluoro-2-(heptafluoropropoxy)propanoic_acid.orcacosmo	neutral	CSEBNABAWMZWIF-UHFFFAOYSA-N	hexane	RT	298.15	single_liquid_phase	True	100.0	release promotion-v2
PFAS	TFPA	2,3,3,3-Tetrafluoro-2-(heptafluoropropoxy)propanoic acid	PFAS/2,3,3,3-Tetrafluoro-2-(heptafluoropropoxy)propanoic_acid.orcacosmo	neutral	CSEBNABAWMZWIF-UHFFFAOYSA-N	hexane	high	340.84999999999997	single_liquid_phase	True	100.0	release promotion-v2
PFAS	TFPA	2,3,3,3-Tetrafluoro-2-(heptafluoropropoxy)propanoic acid	PFAS/2,3,3,3-Tetrafluoro-2-(heptafluoropropoxy)propanoic_acid.orcacosmo	neutral	CSEBNABAWMZWIF-UHFFFAOYSA-N	isopropanol	RT	298.15	single_liquid_phase	True	100.0	release promotion-v2
PFAS	TFPA	2,3,3,3-Tetrafluoro-2-(heptafluoropropoxy)propanoic acid	PFAS/2,3,3,3-Tetrafluoro-2-(heptafluoropropoxy)propanoic_acid.orcacosmo	neutral	CSEBNABAWMZWIF-UHFFFAOYSA-N	isopropanol	high	354.45	single_liquid_phase	True	100.0	release promotion-v2
PFAS	TFPA	2,3,3,3-Tetrafluoro-2-(heptafluoropropoxy)propanoic acid	PFAS/2,3,3,3-Tetrafluoro-2-(heptafluoropropoxy)propanoic_acid.orcacosmo	neutral	CSEBNABAWMZWIF-UHFFFAOYSA-N	isopropylamine	RT	298.15	single_liquid_phase	True	100.0	release promotion-v2
PFAS	TFPA	2,3,3,3-Tetrafluoro-2-(heptafluoropropoxy)propanoic acid	PFAS/2,3,3,3-Tetrafluoro-2-(heptafluoropropoxy)propanoic_acid.orcacosmo	neutral	CSEBNABAWMZWIF-UHFFFAOYSA-N	isopropylamine	high	303.84999999999997	single_liquid_phase	True	100.0	release promotion-v2
PFAS	TFPA	2,3,3,3-Tetrafluoro-2-(heptafluoropropoxy)propanoic acid	PFAS/2,3,3,3-Tetrafluoro-2-(heptafluoropropoxy)propanoic_acid.orcacosmo	neutral	CSEBNABAWMZWIF-UHFFFAOYSA-N	methanol	RT	298.15	single_liquid_phase	True	100.0	release promotion-v2
PFAS	TFPA	2,3,3,3-Tetrafluoro-2-(heptafluoropropoxy)propanoic acid	PFAS/2,3,3,3-Tetrafluoro-2-(heptafluoropropoxy)propanoic_acid.orcacosmo	neutral	CSEBNABAWMZWIF-UHFFFAOYSA-N	methanol	high	336.7499999999999	single_liquid_phase	True	100.0	release promotion-v2
PFAS	TFPA	2,3,3,3-Tetrafluoro-2-(heptafluoropropoxy)propanoic acid	PFAS/2,3,3,3-Tetrafluoro-2-(heptafluoropropoxy)propanoic_acid.orcacosmo	neutral	CSEBNABAWMZWIF-UHFFFAOYSA-N	methylacetate	RT	298.15	single_liquid_phase	True	100.0	release promotion-v2
PFAS	TFPA	2,3,3,3-Tetrafluoro-2-(heptafluoropropoxy)propanoic acid	PFAS/2,3,3,3-Tetrafluoro-2-(heptafluoropropoxy)propanoic_acid.orcacosmo	neutral	CSEBNABAWMZWIF-UHFFFAOYSA-N	methylacetate	high	328.95	single_liquid_phase	True	100.0	release promotion-v2
PFAS	TFPA	2,3,3,3-Tetrafluoro-2-(heptafluoropropoxy)propanoic acid	PFAS/2,3,3,3-Tetrafluoro-2-(heptafluoropropoxy)propanoic_acid.orcacosmo	neutral	CSEBNABAWMZWIF-UHFFFAOYSA-N	n,n-dimethylformamide	RT	298.15	single_liquid_phase	True	100.0	release promotion-v2
PFAS	TFPA	2,3,3,3-Tetrafluoro-2-(heptafluoropropoxy)propanoic acid	PFAS/2,3,3,3-Tetrafluoro-2-(heptafluoropropoxy)propanoic_acid.orcacosmo	neutral	CSEBNABAWMZWIF-UHFFFAOYSA-N	n,n-dimethylformamide	high	393.15	single_liquid_phase	True	100.0	release promotion-v2
PFAS	TFPA	2,3,3,3-Tetrafluoro-2-(heptafluoropropoxy)propanoic acid	PFAS/2,3,3,3-Tetrafluoro-2-(heptafluoropropoxy)propanoic_acid.orcacosmo	neutral	CSEBNABAWMZWIF-UHFFFAOYSA-N	o-xylene	RT	298.15	single_liquid_phase	True	100.0	release promotion-v2
PFAS	TFPA	2,3,3,3-Tetrafluoro-2-(heptafluoropropoxy)propanoic acid	PFAS/2,3,3,3-Tetrafluoro-2-(heptafluoropropoxy)propanoic_acid.orcacosmo	neutral	CSEBNABAWMZWIF-UHFFFAOYSA-N	o-xylene	high	393.15	single_liquid_phase	True	100.0	release promotion-v2
PFAS	TFPA	2,3,3,3-Tetrafluoro-2-(heptafluoropropoxy)propanoic acid	PFAS/2,3,3,3-Tetrafluoro-2-(heptafluoropropoxy)propanoic_acid.orcacosmo	neutral	CSEBNABAWMZWIF-UHFFFAOYSA-N	tert-butanol	RT	298.15	single_liquid_phase	True	100.0	release promotion-v2
PFAS	TFPA	2,3,3,3-Tetrafluoro-2-(heptafluoropropoxy)propanoic acid	PFAS/2,3,3,3-Tetrafluoro-2-(heptafluoropropoxy)propanoic_acid.orcacosmo	neutral	CSEBNABAWMZWIF-UHFFFAOYSA-N	tert-butanol	high	354.54999999999995	single_liquid_phase	True	100.0	release promotion-v2
PFAS	TFPA	2,3,3,3-Tetrafluoro-2-(heptafluoropropoxy)propanoic acid	PFAS/2,3,3,3-Tetrafluoro-2-(heptafluoropropoxy)propanoic_acid.orcacosmo	neutral	CSEBNABAWMZWIF-UHFFFAOYSA-N	tetrahydrofuran	RT	298.15	single_liquid_phase	True	100.0	release promotion-v2
PFAS	TFPA	2,3,3,3-Tetrafluoro-2-(heptafluoropropoxy)propanoic acid	PFAS/2,3,3,3-Tetrafluoro-2-(heptafluoropropoxy)propanoic_acid.orcacosmo	neutral	CSEBNABAWMZWIF-UHFFFAOYSA-N	tetrahydrofuran	high	337.15	single_liquid_phase	True	100.0	release promotion-v2
PFAS	TFPA	2,3,3,3-Tetrafluoro-2-(heptafluoropropoxy)propanoic acid	PFAS/2,3,3,3-Tetrafluoro-2-(heptafluoropropoxy)propanoic_acid.orcacosmo	neutral	CSEBNABAWMZWIF-UHFFFAOYSA-N	tetrahydropyran	RT	298.15	single_liquid_phase	True	100.0	release promotion-v2
PFAS	TFPA	2,3,3,3-Tetrafluoro-2-(heptafluoropropoxy)propanoic acid	PFAS/2,3,3,3-Tetrafluoro-2-(heptafluoropropoxy)propanoic_acid.orcacosmo	neutral	CSEBNABAWMZWIF-UHFFFAOYSA-N	tetrahydropyran	high	360.15	single_liquid_phase	True	100.0	release promotion-v2
PFAS	TFPA	2,3,3,3-Tetrafluoro-2-(heptafluoropropoxy)propanoic acid	PFAS/2,3,3,3-Tetrafluoro-2-(heptafluoropropoxy)propanoic_acid.orcacosmo	neutral	CSEBNABAWMZWIF-UHFFFAOYSA-N	toluene	RT	298.15	single_liquid_phase	True	100.0	release promotion-v2
PFAS	TFPA	2,3,3,3-Tetrafluoro-2-(heptafluoropropoxy)propanoic acid	PFAS/2,3,3,3-Tetrafluoro-2-(heptafluoropropoxy)propanoic_acid.orcacosmo	neutral	CSEBNABAWMZWIF-UHFFFAOYSA-N	toluene	high	382.75	single_liquid_phase	True	100.0	release promotion-v2
PFAS	TFPA	2,3,3,3-Tetrafluoro-2-(heptafluoropropoxy)propanoic acid	PFAS/2,3,3,3-Tetrafluoro-2-(heptafluoropropoxy)propanoic_acid.orcacosmo	neutral	CSEBNABAWMZWIF-UHFFFAOYSA-N	triethylamine	RT	298.15	single_liquid_phase	True	100.0	release promotion-v2
PFAS	TFPA	2,3,3,3-Tetrafluoro-2-(heptafluoropropoxy)propanoic acid	PFAS/2,3,3,3-Tetrafluoro-2-(heptafluoropropoxy)propanoic_acid.orcacosmo	neutral	CSEBNABAWMZWIF-UHFFFAOYSA-N	triethylamine	high	361.15	single_liquid_phase	True	100.0	release promotion-v2
PFAS	TFPA	2,3,3,3-Tetrafluoro-2-(heptafluoropropoxy)propanoic acid	PFAS/2,3,3,3-Tetrafluoro-2-(heptafluoropropoxy)propanoic_acid.orcacosmo	neutral	CSEBNABAWMZWIF-UHFFFAOYSA-N	water	RT	298.15	two_liquid_phases	False	0.021243852345935857	release promotion-v2
PFAS	TFPA	2,3,3,3-Tetrafluoro-2-(heptafluoropropoxy)propanoic acid	PFAS/2,3,3,3-Tetrafluoro-2-(heptafluoropropoxy)propanoic_acid.orcacosmo	neutral	CSEBNABAWMZWIF-UHFFFAOYSA-N	water	high	372.15	two_liquid_phases	False	0.061521206501975796	release promotion-v2
PFAS	PFTriDA	Perfluorotridecanoic acid	PFAS/Perfluorotridecanoic_acid.orcacosmo	neutral	LVDGGZAZAYHXEY-UHFFFAOYSA-N	1,2-propanediol	RT	298.15	single_liquid_phase	True	100.0	A-12 batch p02
PFAS	PFTriDA	Perfluorotridecanoic acid	PFAS/Perfluorotridecanoic_acid.orcacosmo	neutral	LVDGGZAZAYHXEY-UHFFFAOYSA-N	1,2-propanediol	high	393.15	single_liquid_phase	True	100.0	A-12 batch p02
PFAS	PFTriDA	Perfluorotridecanoic acid	PFAS/Perfluorotridecanoic_acid.orcacosmo	neutral	LVDGGZAZAYHXEY-UHFFFAOYSA-N	1-propanol	RT	298.15	single_liquid_phase	True	100.0	A-12 batch p02
PFAS	PFTriDA	Perfluorotridecanoic acid	PFAS/Perfluorotridecanoic_acid.orcacosmo	neutral	LVDGGZAZAYHXEY-UHFFFAOYSA-N	1-propanol	high	369.34999999999997	single_liquid_phase	True	100.0	A-12 batch p02
PFAS	PFTriDA	Perfluorotridecanoic acid	PFAS/Perfluorotridecanoic_acid.orcacosmo	neutral	LVDGGZAZAYHXEY-UHFFFAOYSA-N	2,3-dihydropyran	RT	298.15	single_liquid_phase	True	100.0	A-12 batch p02
PFAS	PFTriDA	Perfluorotridecanoic acid	PFAS/Perfluorotridecanoic_acid.orcacosmo	neutral	LVDGGZAZAYHXEY-UHFFFAOYSA-N	2,3-dihydropyran	high	358.15	single_liquid_phase	True	100.0	A-12 batch p02
PFAS	PFTriDA	Perfluorotridecanoic acid	PFAS/Perfluorotridecanoic_acid.orcacosmo	neutral	LVDGGZAZAYHXEY-UHFFFAOYSA-N	2-butanone	RT	298.15	single_liquid_phase	True	100.0	A-12 batch p02
PFAS	PFTriDA	Perfluorotridecanoic acid	PFAS/Perfluorotridecanoic_acid.orcacosmo	neutral	LVDGGZAZAYHXEY-UHFFFAOYSA-N	2-butanone	high	351.65	single_liquid_phase	True	100.0	A-12 batch p02
PFAS	PFTriDA	Perfluorotridecanoic acid	PFAS/Perfluorotridecanoic_acid.orcacosmo	neutral	LVDGGZAZAYHXEY-UHFFFAOYSA-N	acetic acid	RT	298.15	two_liquid_phases	False	8.399409684710031	A-12 batch p02
PFAS	PFTriDA	Perfluorotridecanoic acid	PFAS/Perfluorotridecanoic_acid.orcacosmo	neutral	LVDGGZAZAYHXEY-UHFFFAOYSA-N	acetic acid	high	390.04999999999995	two_liquid_phases	False	14.468027769888039	A-12 batch p02
PFAS	PFTriDA	Perfluorotridecanoic acid	PFAS/Perfluorotridecanoic_acid.orcacosmo	neutral	LVDGGZAZAYHXEY-UHFFFAOYSA-N	acetone	RT	298.15	single_liquid_phase	True	100.0	A-12 batch p02
PFAS	PFTriDA	Perfluorotridecanoic acid	PFAS/Perfluorotridecanoic_acid.orcacosmo	neutral	LVDGGZAZAYHXEY-UHFFFAOYSA-N	acetone	high	328.15	single_liquid_phase	True	100.0	A-12 batch p02
PFAS	PFTriDA	Perfluorotridecanoic acid	PFAS/Perfluorotridecanoic_acid.orcacosmo	neutral	LVDGGZAZAYHXEY-UHFFFAOYSA-N	acetylacetone	RT	298.15	single_liquid_phase	True	100.0	A-12 batch p02
PFAS	PFTriDA	Perfluorotridecanoic acid	PFAS/Perfluorotridecanoic_acid.orcacosmo	neutral	LVDGGZAZAYHXEY-UHFFFAOYSA-N	acetylacetone	high	393.15	single_liquid_phase	True	100.0	A-12 batch p02
PFAS	PFTriDA	Perfluorotridecanoic acid	PFAS/Perfluorotridecanoic_acid.orcacosmo	neutral	LVDGGZAZAYHXEY-UHFFFAOYSA-N	benzene	RT	298.15	single_liquid_phase	True	100.0	A-12 batch p02
PFAS	PFTriDA	Perfluorotridecanoic acid	PFAS/Perfluorotridecanoic_acid.orcacosmo	neutral	LVDGGZAZAYHXEY-UHFFFAOYSA-N	benzene	high	352.15	single_liquid_phase	True	100.0	A-12 batch p02
PFAS	PFTriDA	Perfluorotridecanoic acid	PFAS/Perfluorotridecanoic_acid.orcacosmo	neutral	LVDGGZAZAYHXEY-UHFFFAOYSA-N	chloroform	RT	298.15	single_liquid_phase	True	100.0	A-12 batch p02
PFAS	PFTriDA	Perfluorotridecanoic acid	PFAS/Perfluorotridecanoic_acid.orcacosmo	neutral	LVDGGZAZAYHXEY-UHFFFAOYSA-N	chloroform	high	333.25	single_liquid_phase	True	100.0	A-12 batch p02
PFAS	PFTriDA	Perfluorotridecanoic acid	PFAS/Perfluorotridecanoic_acid.orcacosmo	neutral	LVDGGZAZAYHXEY-UHFFFAOYSA-N	cyclohexane	RT	298.15	single_liquid_phase	True	100.0	A-12 batch p02
PFAS	PFTriDA	Perfluorotridecanoic acid	PFAS/Perfluorotridecanoic_acid.orcacosmo	neutral	LVDGGZAZAYHXEY-UHFFFAOYSA-N	cyclohexane	high	352.84999999999997	single_liquid_phase	True	100.0	A-12 batch p02
PFAS	PFTriDA	Perfluorotridecanoic acid	PFAS/Perfluorotridecanoic_acid.orcacosmo	neutral	LVDGGZAZAYHXEY-UHFFFAOYSA-N	cyclohexanol	RT	298.15	single_liquid_phase	True	100.0	A-12 batch p02
PFAS	PFTriDA	Perfluorotridecanoic acid	PFAS/Perfluorotridecanoic_acid.orcacosmo	neutral	LVDGGZAZAYHXEY-UHFFFAOYSA-N	cyclohexanol	high	393.15	single_liquid_phase	True	100.0	A-12 batch p02
PFAS	PFTriDA	Perfluorotridecanoic acid	PFAS/Perfluorotridecanoic_acid.orcacosmo	neutral	LVDGGZAZAYHXEY-UHFFFAOYSA-N	dichloromethane	RT	298.15	single_liquid_phase	True	100.0	A-12 batch p02
PFAS	PFTriDA	Perfluorotridecanoic acid	PFAS/Perfluorotridecanoic_acid.orcacosmo	neutral	LVDGGZAZAYHXEY-UHFFFAOYSA-N	dichloromethane	high	312.15	single_liquid_phase	True	100.0	A-12 batch p02
PFAS	PFTriDA	Perfluorotridecanoic acid	PFAS/Perfluorotridecanoic_acid.orcacosmo	neutral	LVDGGZAZAYHXEY-UHFFFAOYSA-N	dimethyl sulfoxide	RT	298.15	single_liquid_phase	True	100.0	A-12 batch p02
PFAS	PFTriDA	Perfluorotridecanoic acid	PFAS/Perfluorotridecanoic_acid.orcacosmo	neutral	LVDGGZAZAYHXEY-UHFFFAOYSA-N	dimethyl sulfoxide	high	393.15	single_liquid_phase	True	100.0	A-12 batch p02
PFAS	PFTriDA	Perfluorotridecanoic acid	PFAS/Perfluorotridecanoic_acid.orcacosmo	neutral	LVDGGZAZAYHXEY-UHFFFAOYSA-N	diphenyl ether	RT	298.15	single_liquid_phase	True	100.0	A-12 batch p02
PFAS	PFTriDA	Perfluorotridecanoic acid	PFAS/Perfluorotridecanoic_acid.orcacosmo	neutral	LVDGGZAZAYHXEY-UHFFFAOYSA-N	diphenyl ether	high	393.15	single_liquid_phase	True	100.0	A-12 batch p02
PFAS	PFTriDA	Perfluorotridecanoic acid	PFAS/Perfluorotridecanoic_acid.orcacosmo	neutral	LVDGGZAZAYHXEY-UHFFFAOYSA-N	dodecane	RT	298.15	single_liquid_phase	True	100.0	A-12 batch p02
PFAS	PFTriDA	Perfluorotridecanoic acid	PFAS/Perfluorotridecanoic_acid.orcacosmo	neutral	LVDGGZAZAYHXEY-UHFFFAOYSA-N	dodecane	high	393.15	single_liquid_phase	True	100.0	A-12 batch p02
PFAS	PFTriDA	Perfluorotridecanoic acid	PFAS/Perfluorotridecanoic_acid.orcacosmo	neutral	LVDGGZAZAYHXEY-UHFFFAOYSA-N	ethanol	RT	298.15	single_liquid_phase	True	100.0	A-12 batch p02
PFAS	PFTriDA	Perfluorotridecanoic acid	PFAS/Perfluorotridecanoic_acid.orcacosmo	neutral	LVDGGZAZAYHXEY-UHFFFAOYSA-N	ethanol	high	350.34999999999997	single_liquid_phase	True	100.0	A-12 batch p02
PFAS	PFTriDA	Perfluorotridecanoic acid	PFAS/Perfluorotridecanoic_acid.orcacosmo	neutral	LVDGGZAZAYHXEY-UHFFFAOYSA-N	ethyl acetate	RT	298.15	single_liquid_phase	True	100.0	A-12 batch p02
PFAS	PFTriDA	Perfluorotridecanoic acid	PFAS/Perfluorotridecanoic_acid.orcacosmo	neutral	LVDGGZAZAYHXEY-UHFFFAOYSA-N	ethyl acetate	high	349.25	single_liquid_phase	True	100.0	A-12 batch p02
PFAS	PFTriDA	Perfluorotridecanoic acid	PFAS/Perfluorotridecanoic_acid.orcacosmo	neutral	LVDGGZAZAYHXEY-UHFFFAOYSA-N	ethylene glycol	RT	298.15	two_liquid_phases	False	8.822420228551458	A-12 batch p02
PFAS	PFTriDA	Perfluorotridecanoic acid	PFAS/Perfluorotridecanoic_acid.orcacosmo	neutral	LVDGGZAZAYHXEY-UHFFFAOYSA-N	ethylene glycol	high	393.15	two_liquid_phases	False	12.791514725003125	A-12 batch p02
PFAS	PFTriDA	Perfluorotridecanoic acid	PFAS/Perfluorotridecanoic_acid.orcacosmo	neutral	LVDGGZAZAYHXEY-UHFFFAOYSA-N	heptane	RT	298.15	single_liquid_phase	True	100.0	A-12 batch p02
PFAS	PFTriDA	Perfluorotridecanoic acid	PFAS/Perfluorotridecanoic_acid.orcacosmo	neutral	LVDGGZAZAYHXEY-UHFFFAOYSA-N	heptane	high	370.65	single_liquid_phase	True	100.0	A-12 batch p02
PFAS	PFTriDA	Perfluorotridecanoic acid	PFAS/Perfluorotridecanoic_acid.orcacosmo	neutral	LVDGGZAZAYHXEY-UHFFFAOYSA-N	hexane	RT	298.15	single_liquid_phase	True	100.0	A-12 batch p02
PFAS	PFTriDA	Perfluorotridecanoic acid	PFAS/Perfluorotridecanoic_acid.orcacosmo	neutral	LVDGGZAZAYHXEY-UHFFFAOYSA-N	hexane	high	340.84999999999997	single_liquid_phase	True	100.0	A-12 batch p02
PFAS	PFTriDA	Perfluorotridecanoic acid	PFAS/Perfluorotridecanoic_acid.orcacosmo	neutral	LVDGGZAZAYHXEY-UHFFFAOYSA-N	isopropanol	RT	298.15	single_liquid_phase	True	100.0	A-12 batch p02
PFAS	PFTriDA	Perfluorotridecanoic acid	PFAS/Perfluorotridecanoic_acid.orcacosmo	neutral	LVDGGZAZAYHXEY-UHFFFAOYSA-N	isopropanol	high	354.45	single_liquid_phase	True	100.0	A-12 batch p02
PFAS	PFTriDA	Perfluorotridecanoic acid	PFAS/Perfluorotridecanoic_acid.orcacosmo	neutral	LVDGGZAZAYHXEY-UHFFFAOYSA-N	isopropylamine	RT	298.15	single_liquid_phase	True	100.0	A-12 batch p02
PFAS	PFTriDA	Perfluorotridecanoic acid	PFAS/Perfluorotridecanoic_acid.orcacosmo	neutral	LVDGGZAZAYHXEY-UHFFFAOYSA-N	isopropylamine	high	303.84999999999997	single_liquid_phase	True	100.0	A-12 batch p02
PFAS	PFTriDA	Perfluorotridecanoic acid	PFAS/Perfluorotridecanoic_acid.orcacosmo	neutral	LVDGGZAZAYHXEY-UHFFFAOYSA-N	methanol	RT	298.15	two_liquid_phases	True	46.524563802901824	A-12 batch p02
PFAS	PFTriDA	Perfluorotridecanoic acid	PFAS/Perfluorotridecanoic_acid.orcacosmo	neutral	LVDGGZAZAYHXEY-UHFFFAOYSA-N	methanol	high	336.7499999999999	two_liquid_phases	True	41.8083602246666	A-12 batch p02
PFAS	PFTriDA	Perfluorotridecanoic acid	PFAS/Perfluorotridecanoic_acid.orcacosmo	neutral	LVDGGZAZAYHXEY-UHFFFAOYSA-N	methylacetate	RT	298.15	single_liquid_phase	True	100.0	A-12 batch p02
PFAS	PFTriDA	Perfluorotridecanoic acid	PFAS/Perfluorotridecanoic_acid.orcacosmo	neutral	LVDGGZAZAYHXEY-UHFFFAOYSA-N	methylacetate	high	328.95	single_liquid_phase	True	100.0	A-12 batch p02
PFAS	PFTriDA	Perfluorotridecanoic acid	PFAS/Perfluorotridecanoic_acid.orcacosmo	neutral	LVDGGZAZAYHXEY-UHFFFAOYSA-N	n,n-dimethylformamide	RT	298.15	single_liquid_phase	True	100.0	A-12 batch p02
PFAS	PFTriDA	Perfluorotridecanoic acid	PFAS/Perfluorotridecanoic_acid.orcacosmo	neutral	LVDGGZAZAYHXEY-UHFFFAOYSA-N	n,n-dimethylformamide	high	393.15	single_liquid_phase	True	100.0	A-12 batch p02
PFAS	PFTriDA	Perfluorotridecanoic acid	PFAS/Perfluorotridecanoic_acid.orcacosmo	neutral	LVDGGZAZAYHXEY-UHFFFAOYSA-N	o-xylene	RT	298.15	single_liquid_phase	True	100.0	A-12 batch p02
PFAS	PFTriDA	Perfluorotridecanoic acid	PFAS/Perfluorotridecanoic_acid.orcacosmo	neutral	LVDGGZAZAYHXEY-UHFFFAOYSA-N	o-xylene	high	393.15	single_liquid_phase	True	100.0	A-12 batch p02
PFAS	PFTriDA	Perfluorotridecanoic acid	PFAS/Perfluorotridecanoic_acid.orcacosmo	neutral	LVDGGZAZAYHXEY-UHFFFAOYSA-N	tert-butanol	RT	298.15	single_liquid_phase	True	100.0	A-12 batch p02
PFAS	PFTriDA	Perfluorotridecanoic acid	PFAS/Perfluorotridecanoic_acid.orcacosmo	neutral	LVDGGZAZAYHXEY-UHFFFAOYSA-N	tert-butanol	high	354.54999999999995	single_liquid_phase	True	100.0	A-12 batch p02
PFAS	PFTriDA	Perfluorotridecanoic acid	PFAS/Perfluorotridecanoic_acid.orcacosmo	neutral	LVDGGZAZAYHXEY-UHFFFAOYSA-N	tetrahydrofuran	RT	298.15	single_liquid_phase	True	100.0	A-12 batch p02
PFAS	PFTriDA	Perfluorotridecanoic acid	PFAS/Perfluorotridecanoic_acid.orcacosmo	neutral	LVDGGZAZAYHXEY-UHFFFAOYSA-N	tetrahydrofuran	high	337.15	single_liquid_phase	True	100.0	A-12 batch p02
PFAS	PFTriDA	Perfluorotridecanoic acid	PFAS/Perfluorotridecanoic_acid.orcacosmo	neutral	LVDGGZAZAYHXEY-UHFFFAOYSA-N	tetrahydropyran	RT	298.15	single_liquid_phase	True	100.0	A-12 batch p02
PFAS	PFTriDA	Perfluorotridecanoic acid	PFAS/Perfluorotridecanoic_acid.orcacosmo	neutral	LVDGGZAZAYHXEY-UHFFFAOYSA-N	tetrahydropyran	high	360.15	single_liquid_phase	True	100.0	A-12 batch p02
PFAS	PFTriDA	Perfluorotridecanoic acid	PFAS/Perfluorotridecanoic_acid.orcacosmo	neutral	LVDGGZAZAYHXEY-UHFFFAOYSA-N	toluene	RT	298.15	single_liquid_phase	True	100.0	A-12 batch p02
PFAS	PFTriDA	Perfluorotridecanoic acid	PFAS/Perfluorotridecanoic_acid.orcacosmo	neutral	LVDGGZAZAYHXEY-UHFFFAOYSA-N	toluene	high	382.75	single_liquid_phase	True	100.0	A-12 batch p02
PFAS	PFTriDA	Perfluorotridecanoic acid	PFAS/Perfluorotridecanoic_acid.orcacosmo	neutral	LVDGGZAZAYHXEY-UHFFFAOYSA-N	triethylamine	RT	298.15	single_liquid_phase	True	100.0	A-12 batch p02
PFAS	PFTriDA	Perfluorotridecanoic acid	PFAS/Perfluorotridecanoic_acid.orcacosmo	neutral	LVDGGZAZAYHXEY-UHFFFAOYSA-N	triethylamine	high	361.15	single_liquid_phase	True	100.0	A-12 batch p02
PFAS	PFTriDA	Perfluorotridecanoic acid	PFAS/Perfluorotridecanoic_acid.orcacosmo	neutral	LVDGGZAZAYHXEY-UHFFFAOYSA-N	water	RT	298.15	two_liquid_phases	False	1.205710586619019e-07	A-12 batch p02
PFAS	PFTriDA	Perfluorotridecanoic acid	PFAS/Perfluorotridecanoic_acid.orcacosmo	neutral	LVDGGZAZAYHXEY-UHFFFAOYSA-N	water	high	372.15	two_liquid_phases	False	1.680631123255614e-06	A-12 batch p02
PFAS	PFUnDA	Perfluoroundecanoic acid	PFAS/Perfluoroundecanoic_acid.orcacosmo	neutral	SIDINRCMMRKXGQ-UHFFFAOYSA-N	1,2-propanediol	RT	298.15	single_liquid_phase	True	100.0	release promotion-v2
PFAS	PFUnDA	Perfluoroundecanoic acid	PFAS/Perfluoroundecanoic_acid.orcacosmo	neutral	SIDINRCMMRKXGQ-UHFFFAOYSA-N	1,2-propanediol	high	393.15	single_liquid_phase	True	100.0	release promotion-v2
PFAS	PFUnDA	Perfluoroundecanoic acid	PFAS/Perfluoroundecanoic_acid.orcacosmo	neutral	SIDINRCMMRKXGQ-UHFFFAOYSA-N	1-propanol	RT	298.15	single_liquid_phase	True	100.0	release promotion-v2
PFAS	PFUnDA	Perfluoroundecanoic acid	PFAS/Perfluoroundecanoic_acid.orcacosmo	neutral	SIDINRCMMRKXGQ-UHFFFAOYSA-N	1-propanol	high	369.34999999999997	single_liquid_phase	True	100.0	release promotion-v2
PFAS	PFUnDA	Perfluoroundecanoic acid	PFAS/Perfluoroundecanoic_acid.orcacosmo	neutral	SIDINRCMMRKXGQ-UHFFFAOYSA-N	2,3-dihydropyran	RT	298.15	single_liquid_phase	True	100.0	release promotion-v2
PFAS	PFUnDA	Perfluoroundecanoic acid	PFAS/Perfluoroundecanoic_acid.orcacosmo	neutral	SIDINRCMMRKXGQ-UHFFFAOYSA-N	2,3-dihydropyran	high	358.15	single_liquid_phase	True	100.0	release promotion-v2
PFAS	PFUnDA	Perfluoroundecanoic acid	PFAS/Perfluoroundecanoic_acid.orcacosmo	neutral	SIDINRCMMRKXGQ-UHFFFAOYSA-N	2-butanone	RT	298.15	single_liquid_phase	True	100.0	release promotion-v2
PFAS	PFUnDA	Perfluoroundecanoic acid	PFAS/Perfluoroundecanoic_acid.orcacosmo	neutral	SIDINRCMMRKXGQ-UHFFFAOYSA-N	2-butanone	high	351.65	single_liquid_phase	True	100.0	release promotion-v2
PFAS	PFUnDA	Perfluoroundecanoic acid	PFAS/Perfluoroundecanoic_acid.orcacosmo	neutral	SIDINRCMMRKXGQ-UHFFFAOYSA-N	acetic acid	RT	298.15	two_liquid_phases	True	26.299072807698632	release promotion-v2
PFAS	PFUnDA	Perfluoroundecanoic acid	PFAS/Perfluoroundecanoic_acid.orcacosmo	neutral	SIDINRCMMRKXGQ-UHFFFAOYSA-N	acetic acid	high	390.04999999999995	single_liquid_phase	True	100.0	release promotion-v2
PFAS	PFUnDA	Perfluoroundecanoic acid	PFAS/Perfluoroundecanoic_acid.orcacosmo	neutral	SIDINRCMMRKXGQ-UHFFFAOYSA-N	acetone	RT	298.15	single_liquid_phase	True	100.0	release promotion-v2
PFAS	PFUnDA	Perfluoroundecanoic acid	PFAS/Perfluoroundecanoic_acid.orcacosmo	neutral	SIDINRCMMRKXGQ-UHFFFAOYSA-N	acetone	high	328.15	single_liquid_phase	True	100.0	release promotion-v2
PFAS	PFUnDA	Perfluoroundecanoic acid	PFAS/Perfluoroundecanoic_acid.orcacosmo	neutral	SIDINRCMMRKXGQ-UHFFFAOYSA-N	acetylacetone	RT	298.15	single_liquid_phase	True	100.0	release promotion-v2
PFAS	PFUnDA	Perfluoroundecanoic acid	PFAS/Perfluoroundecanoic_acid.orcacosmo	neutral	SIDINRCMMRKXGQ-UHFFFAOYSA-N	acetylacetone	high	393.15	single_liquid_phase	True	100.0	release promotion-v2
PFAS	PFUnDA	Perfluoroundecanoic acid	PFAS/Perfluoroundecanoic_acid.orcacosmo	neutral	SIDINRCMMRKXGQ-UHFFFAOYSA-N	benzene	RT	298.15	single_liquid_phase	True	100.0	release promotion-v2
PFAS	PFUnDA	Perfluoroundecanoic acid	PFAS/Perfluoroundecanoic_acid.orcacosmo	neutral	SIDINRCMMRKXGQ-UHFFFAOYSA-N	benzene	high	352.15	single_liquid_phase	True	100.0	release promotion-v2
PFAS	PFUnDA	Perfluoroundecanoic acid	PFAS/Perfluoroundecanoic_acid.orcacosmo	neutral	SIDINRCMMRKXGQ-UHFFFAOYSA-N	chloroform	RT	298.15	single_liquid_phase	True	100.0	release promotion-v2
PFAS	PFUnDA	Perfluoroundecanoic acid	PFAS/Perfluoroundecanoic_acid.orcacosmo	neutral	SIDINRCMMRKXGQ-UHFFFAOYSA-N	chloroform	high	333.25	single_liquid_phase	True	100.0	release promotion-v2
PFAS	PFUnDA	Perfluoroundecanoic acid	PFAS/Perfluoroundecanoic_acid.orcacosmo	neutral	SIDINRCMMRKXGQ-UHFFFAOYSA-N	cyclohexane	RT	298.15	single_liquid_phase	True	100.0	release promotion-v2
PFAS	PFUnDA	Perfluoroundecanoic acid	PFAS/Perfluoroundecanoic_acid.orcacosmo	neutral	SIDINRCMMRKXGQ-UHFFFAOYSA-N	cyclohexane	high	352.84999999999997	single_liquid_phase	True	100.0	release promotion-v2
PFAS	PFUnDA	Perfluoroundecanoic acid	PFAS/Perfluoroundecanoic_acid.orcacosmo	neutral	SIDINRCMMRKXGQ-UHFFFAOYSA-N	cyclohexanol	RT	298.15	single_liquid_phase	True	100.0	release promotion-v2
PFAS	PFUnDA	Perfluoroundecanoic acid	PFAS/Perfluoroundecanoic_acid.orcacosmo	neutral	SIDINRCMMRKXGQ-UHFFFAOYSA-N	cyclohexanol	high	393.15	single_liquid_phase	True	100.0	release promotion-v2
PFAS	PFUnDA	Perfluoroundecanoic acid	PFAS/Perfluoroundecanoic_acid.orcacosmo	neutral	SIDINRCMMRKXGQ-UHFFFAOYSA-N	dichloromethane	RT	298.15	single_liquid_phase	True	100.0	release promotion-v2
PFAS	PFUnDA	Perfluoroundecanoic acid	PFAS/Perfluoroundecanoic_acid.orcacosmo	neutral	SIDINRCMMRKXGQ-UHFFFAOYSA-N	dichloromethane	high	312.15	single_liquid_phase	True	100.0	release promotion-v2
PFAS	PFUnDA	Perfluoroundecanoic acid	PFAS/Perfluoroundecanoic_acid.orcacosmo	neutral	SIDINRCMMRKXGQ-UHFFFAOYSA-N	dimethyl sulfoxide	RT	298.15	single_liquid_phase	True	100.0	release promotion-v2
PFAS	PFUnDA	Perfluoroundecanoic acid	PFAS/Perfluoroundecanoic_acid.orcacosmo	neutral	SIDINRCMMRKXGQ-UHFFFAOYSA-N	dimethyl sulfoxide	high	393.15	single_liquid_phase	True	100.0	release promotion-v2
PFAS	PFUnDA	Perfluoroundecanoic acid	PFAS/Perfluoroundecanoic_acid.orcacosmo	neutral	SIDINRCMMRKXGQ-UHFFFAOYSA-N	diphenyl ether	RT	298.15	single_liquid_phase	True	100.0	release promotion-v2
PFAS	PFUnDA	Perfluoroundecanoic acid	PFAS/Perfluoroundecanoic_acid.orcacosmo	neutral	SIDINRCMMRKXGQ-UHFFFAOYSA-N	diphenyl ether	high	393.15	single_liquid_phase	True	100.0	release promotion-v2
PFAS	PFUnDA	Perfluoroundecanoic acid	PFAS/Perfluoroundecanoic_acid.orcacosmo	neutral	SIDINRCMMRKXGQ-UHFFFAOYSA-N	dodecane	RT	298.15	single_liquid_phase	True	100.0	release promotion-v2
PFAS	PFUnDA	Perfluoroundecanoic acid	PFAS/Perfluoroundecanoic_acid.orcacosmo	neutral	SIDINRCMMRKXGQ-UHFFFAOYSA-N	dodecane	high	393.15	single_liquid_phase	True	100.0	release promotion-v2
PFAS	PFUnDA	Perfluoroundecanoic acid	PFAS/Perfluoroundecanoic_acid.orcacosmo	neutral	SIDINRCMMRKXGQ-UHFFFAOYSA-N	ethanol	RT	298.15	single_liquid_phase	True	100.0	release promotion-v2
PFAS	PFUnDA	Perfluoroundecanoic acid	PFAS/Perfluoroundecanoic_acid.orcacosmo	neutral	SIDINRCMMRKXGQ-UHFFFAOYSA-N	ethanol	high	350.34999999999997	single_liquid_phase	True	100.0	release promotion-v2
PFAS	PFUnDA	Perfluoroundecanoic acid	PFAS/Perfluoroundecanoic_acid.orcacosmo	neutral	SIDINRCMMRKXGQ-UHFFFAOYSA-N	ethyl acetate	RT	298.15	single_liquid_phase	True	100.0	release promotion-v2
PFAS	PFUnDA	Perfluoroundecanoic acid	PFAS/Perfluoroundecanoic_acid.orcacosmo	neutral	SIDINRCMMRKXGQ-UHFFFAOYSA-N	ethyl acetate	high	349.25	single_liquid_phase	True	100.0	release promotion-v2
PFAS	PFUnDA	Perfluoroundecanoic acid	PFAS/Perfluoroundecanoic_acid.orcacosmo	neutral	SIDINRCMMRKXGQ-UHFFFAOYSA-N	ethylene glycol	RT	298.15	two_liquid_phases	True	26.50900016602064	release promotion-v2
PFAS	PFUnDA	Perfluoroundecanoic acid	PFAS/Perfluoroundecanoic_acid.orcacosmo	neutral	SIDINRCMMRKXGQ-UHFFFAOYSA-N	ethylene glycol	high	393.15	two_liquid_phases	True	38.107622438656556	release promotion-v2
PFAS	PFUnDA	Perfluoroundecanoic acid	PFAS/Perfluoroundecanoic_acid.orcacosmo	neutral	SIDINRCMMRKXGQ-UHFFFAOYSA-N	heptane	RT	298.15	single_liquid_phase	True	100.0	release promotion-v2
PFAS	PFUnDA	Perfluoroundecanoic acid	PFAS/Perfluoroundecanoic_acid.orcacosmo	neutral	SIDINRCMMRKXGQ-UHFFFAOYSA-N	heptane	high	370.65	single_liquid_phase	True	100.0	release promotion-v2
PFAS	PFUnDA	Perfluoroundecanoic acid	PFAS/Perfluoroundecanoic_acid.orcacosmo	neutral	SIDINRCMMRKXGQ-UHFFFAOYSA-N	hexane	RT	298.15	single_liquid_phase	True	100.0	release promotion-v2
PFAS	PFUnDA	Perfluoroundecanoic acid	PFAS/Perfluoroundecanoic_acid.orcacosmo	neutral	SIDINRCMMRKXGQ-UHFFFAOYSA-N	hexane	high	340.84999999999997	single_liquid_phase	True	100.0	release promotion-v2
PFAS	PFUnDA	Perfluoroundecanoic acid	PFAS/Perfluoroundecanoic_acid.orcacosmo	neutral	SIDINRCMMRKXGQ-UHFFFAOYSA-N	isopropanol	RT	298.15	single_liquid_phase	True	100.0	release promotion-v2
PFAS	PFUnDA	Perfluoroundecanoic acid	PFAS/Perfluoroundecanoic_acid.orcacosmo	neutral	SIDINRCMMRKXGQ-UHFFFAOYSA-N	isopropanol	high	354.45	single_liquid_phase	True	100.0	release promotion-v2
PFAS	PFUnDA	Perfluoroundecanoic acid	PFAS/Perfluoroundecanoic_acid.orcacosmo	neutral	SIDINRCMMRKXGQ-UHFFFAOYSA-N	isopropylamine	RT	298.15	single_liquid_phase	True	100.0	release promotion-v2
PFAS	PFUnDA	Perfluoroundecanoic acid	PFAS/Perfluoroundecanoic_acid.orcacosmo	neutral	SIDINRCMMRKXGQ-UHFFFAOYSA-N	isopropylamine	high	303.84999999999997	single_liquid_phase	True	100.0	release promotion-v2
PFAS	PFUnDA	Perfluoroundecanoic acid	PFAS/Perfluoroundecanoic_acid.orcacosmo	neutral	SIDINRCMMRKXGQ-UHFFFAOYSA-N	methanol	RT	298.15	single_liquid_phase	True	100.0	release promotion-v2
PFAS	PFUnDA	Perfluoroundecanoic acid	PFAS/Perfluoroundecanoic_acid.orcacosmo	neutral	SIDINRCMMRKXGQ-UHFFFAOYSA-N	methanol	high	336.7499999999999	single_liquid_phase	True	100.0	release promotion-v2
PFAS	PFUnDA	Perfluoroundecanoic acid	PFAS/Perfluoroundecanoic_acid.orcacosmo	neutral	SIDINRCMMRKXGQ-UHFFFAOYSA-N	methylacetate	RT	298.15	single_liquid_phase	True	100.0	release promotion-v2
PFAS	PFUnDA	Perfluoroundecanoic acid	PFAS/Perfluoroundecanoic_acid.orcacosmo	neutral	SIDINRCMMRKXGQ-UHFFFAOYSA-N	methylacetate	high	328.95	single_liquid_phase	True	100.0	release promotion-v2
PFAS	PFUnDA	Perfluoroundecanoic acid	PFAS/Perfluoroundecanoic_acid.orcacosmo	neutral	SIDINRCMMRKXGQ-UHFFFAOYSA-N	n,n-dimethylformamide	RT	298.15	single_liquid_phase	True	100.0	release promotion-v2
PFAS	PFUnDA	Perfluoroundecanoic acid	PFAS/Perfluoroundecanoic_acid.orcacosmo	neutral	SIDINRCMMRKXGQ-UHFFFAOYSA-N	n,n-dimethylformamide	high	393.15	single_liquid_phase	True	100.0	release promotion-v2
PFAS	PFUnDA	Perfluoroundecanoic acid	PFAS/Perfluoroundecanoic_acid.orcacosmo	neutral	SIDINRCMMRKXGQ-UHFFFAOYSA-N	o-xylene	RT	298.15	single_liquid_phase	True	100.0	release promotion-v2
PFAS	PFUnDA	Perfluoroundecanoic acid	PFAS/Perfluoroundecanoic_acid.orcacosmo	neutral	SIDINRCMMRKXGQ-UHFFFAOYSA-N	o-xylene	high	393.15	single_liquid_phase	True	100.0	release promotion-v2
PFAS	PFUnDA	Perfluoroundecanoic acid	PFAS/Perfluoroundecanoic_acid.orcacosmo	neutral	SIDINRCMMRKXGQ-UHFFFAOYSA-N	tert-butanol	RT	298.15	single_liquid_phase	True	100.0	release promotion-v2
PFAS	PFUnDA	Perfluoroundecanoic acid	PFAS/Perfluoroundecanoic_acid.orcacosmo	neutral	SIDINRCMMRKXGQ-UHFFFAOYSA-N	tert-butanol	high	354.54999999999995	single_liquid_phase	True	100.0	release promotion-v2
PFAS	PFUnDA	Perfluoroundecanoic acid	PFAS/Perfluoroundecanoic_acid.orcacosmo	neutral	SIDINRCMMRKXGQ-UHFFFAOYSA-N	tetrahydrofuran	RT	298.15	single_liquid_phase	True	100.0	release promotion-v2
PFAS	PFUnDA	Perfluoroundecanoic acid	PFAS/Perfluoroundecanoic_acid.orcacosmo	neutral	SIDINRCMMRKXGQ-UHFFFAOYSA-N	tetrahydrofuran	high	337.15	single_liquid_phase	True	100.0	release promotion-v2
PFAS	PFUnDA	Perfluoroundecanoic acid	PFAS/Perfluoroundecanoic_acid.orcacosmo	neutral	SIDINRCMMRKXGQ-UHFFFAOYSA-N	tetrahydropyran	RT	298.15	single_liquid_phase	True	100.0	release promotion-v2
PFAS	PFUnDA	Perfluoroundecanoic acid	PFAS/Perfluoroundecanoic_acid.orcacosmo	neutral	SIDINRCMMRKXGQ-UHFFFAOYSA-N	tetrahydropyran	high	360.15	single_liquid_phase	True	100.0	release promotion-v2
PFAS	PFUnDA	Perfluoroundecanoic acid	PFAS/Perfluoroundecanoic_acid.orcacosmo	neutral	SIDINRCMMRKXGQ-UHFFFAOYSA-N	toluene	RT	298.15	single_liquid_phase	True	100.0	release promotion-v2
PFAS	PFUnDA	Perfluoroundecanoic acid	PFAS/Perfluoroundecanoic_acid.orcacosmo	neutral	SIDINRCMMRKXGQ-UHFFFAOYSA-N	toluene	high	382.75	single_liquid_phase	True	100.0	release promotion-v2
PFAS	PFUnDA	Perfluoroundecanoic acid	PFAS/Perfluoroundecanoic_acid.orcacosmo	neutral	SIDINRCMMRKXGQ-UHFFFAOYSA-N	triethylamine	RT	298.15	single_liquid_phase	True	100.0	release promotion-v2
PFAS	PFUnDA	Perfluoroundecanoic acid	PFAS/Perfluoroundecanoic_acid.orcacosmo	neutral	SIDINRCMMRKXGQ-UHFFFAOYSA-N	triethylamine	high	361.15	single_liquid_phase	True	100.0	release promotion-v2
PFAS	PFUnDA	Perfluoroundecanoic acid	PFAS/Perfluoroundecanoic_acid.orcacosmo	neutral	SIDINRCMMRKXGQ-UHFFFAOYSA-N	water	RT	298.15	two_liquid_phases	False	5.5477377849868325e-06	release promotion-v2
PFAS	PFUnDA	Perfluoroundecanoic acid	PFAS/Perfluoroundecanoic_acid.orcacosmo	neutral	SIDINRCMMRKXGQ-UHFFFAOYSA-N	water	high	372.15	two_liquid_phases	False	4.6885466684092645e-05	release promotion-v2
PFAS	PFDoDA	Perfluorododecanoic acid	PFAS/Perfluorododecanoic_acid.orcacosmo	neutral	CXGONMQFMIYUJR-UHFFFAOYSA-N	1,2-propanediol	RT	298.15	single_liquid_phase	True	100.0	release promotion-v2
PFAS	PFDoDA	Perfluorododecanoic acid	PFAS/Perfluorododecanoic_acid.orcacosmo	neutral	CXGONMQFMIYUJR-UHFFFAOYSA-N	1,2-propanediol	high	393.15	single_liquid_phase	True	100.0	release promotion-v2
PFAS	PFDoDA	Perfluorododecanoic acid	PFAS/Perfluorododecanoic_acid.orcacosmo	neutral	CXGONMQFMIYUJR-UHFFFAOYSA-N	1-propanol	RT	298.15	single_liquid_phase	True	100.0	release promotion-v2
PFAS	PFDoDA	Perfluorododecanoic acid	PFAS/Perfluorododecanoic_acid.orcacosmo	neutral	CXGONMQFMIYUJR-UHFFFAOYSA-N	1-propanol	high	369.34999999999997	single_liquid_phase	True	100.0	release promotion-v2
PFAS	PFDoDA	Perfluorododecanoic acid	PFAS/Perfluorododecanoic_acid.orcacosmo	neutral	CXGONMQFMIYUJR-UHFFFAOYSA-N	2,3-dihydropyran	RT	298.15	single_liquid_phase	True	100.0	release promotion-v2
PFAS	PFDoDA	Perfluorododecanoic acid	PFAS/Perfluorododecanoic_acid.orcacosmo	neutral	CXGONMQFMIYUJR-UHFFFAOYSA-N	2,3-dihydropyran	high	358.15	single_liquid_phase	True	100.0	release promotion-v2
PFAS	PFDoDA	Perfluorododecanoic acid	PFAS/Perfluorododecanoic_acid.orcacosmo	neutral	CXGONMQFMIYUJR-UHFFFAOYSA-N	2-butanone	RT	298.15	single_liquid_phase	True	100.0	release promotion-v2
PFAS	PFDoDA	Perfluorododecanoic acid	PFAS/Perfluorododecanoic_acid.orcacosmo	neutral	CXGONMQFMIYUJR-UHFFFAOYSA-N	2-butanone	high	351.65	single_liquid_phase	True	100.0	release promotion-v2
PFAS	PFDoDA	Perfluorododecanoic acid	PFAS/Perfluorododecanoic_acid.orcacosmo	neutral	CXGONMQFMIYUJR-UHFFFAOYSA-N	acetic acid	RT	298.15	two_liquid_phases	True	15.790219964605571	release promotion-v2
PFAS	PFDoDA	Perfluorododecanoic acid	PFAS/Perfluorododecanoic_acid.orcacosmo	neutral	CXGONMQFMIYUJR-UHFFFAOYSA-N	acetic acid	high	390.04999999999995	two_liquid_phases	True	27.799548857722943	release promotion-v2
PFAS	PFDoDA	Perfluorododecanoic acid	PFAS/Perfluorododecanoic_acid.orcacosmo	neutral	CXGONMQFMIYUJR-UHFFFAOYSA-N	acetone	RT	298.15	single_liquid_phase	True	100.0	release promotion-v2
PFAS	PFDoDA	Perfluorododecanoic acid	PFAS/Perfluorododecanoic_acid.orcacosmo	neutral	CXGONMQFMIYUJR-UHFFFAOYSA-N	acetone	high	328.15	single_liquid_phase	True	100.0	release promotion-v2
PFAS	PFDoDA	Perfluorododecanoic acid	PFAS/Perfluorododecanoic_acid.orcacosmo	neutral	CXGONMQFMIYUJR-UHFFFAOYSA-N	acetylacetone	RT	298.15	single_liquid_phase	True	100.0	release promotion-v2
PFAS	PFDoDA	Perfluorododecanoic acid	PFAS/Perfluorododecanoic_acid.orcacosmo	neutral	CXGONMQFMIYUJR-UHFFFAOYSA-N	acetylacetone	high	393.15	single_liquid_phase	True	100.0	release promotion-v2
PFAS	PFDoDA	Perfluorododecanoic acid	PFAS/Perfluorododecanoic_acid.orcacosmo	neutral	CXGONMQFMIYUJR-UHFFFAOYSA-N	benzene	RT	298.15	single_liquid_phase	True	100.0	release promotion-v2
PFAS	PFDoDA	Perfluorododecanoic acid	PFAS/Perfluorododecanoic_acid.orcacosmo	neutral	CXGONMQFMIYUJR-UHFFFAOYSA-N	benzene	high	352.15	single_liquid_phase	True	100.0	release promotion-v2
PFAS	PFDoDA	Perfluorododecanoic acid	PFAS/Perfluorododecanoic_acid.orcacosmo	neutral	CXGONMQFMIYUJR-UHFFFAOYSA-N	chloroform	RT	298.15	single_liquid_phase	True	100.0	release promotion-v2
PFAS	PFDoDA	Perfluorododecanoic acid	PFAS/Perfluorododecanoic_acid.orcacosmo	neutral	CXGONMQFMIYUJR-UHFFFAOYSA-N	chloroform	high	333.25	single_liquid_phase	True	100.0	release promotion-v2
PFAS	PFDoDA	Perfluorododecanoic acid	PFAS/Perfluorododecanoic_acid.orcacosmo	neutral	CXGONMQFMIYUJR-UHFFFAOYSA-N	cyclohexane	RT	298.15	single_liquid_phase	True	100.0	release promotion-v2
PFAS	PFDoDA	Perfluorododecanoic acid	PFAS/Perfluorododecanoic_acid.orcacosmo	neutral	CXGONMQFMIYUJR-UHFFFAOYSA-N	cyclohexane	high	352.84999999999997	single_liquid_phase	True	100.0	release promotion-v2
PFAS	PFDoDA	Perfluorododecanoic acid	PFAS/Perfluorododecanoic_acid.orcacosmo	neutral	CXGONMQFMIYUJR-UHFFFAOYSA-N	cyclohexanol	RT	298.15	single_liquid_phase	True	100.0	release promotion-v2
PFAS	PFDoDA	Perfluorododecanoic acid	PFAS/Perfluorododecanoic_acid.orcacosmo	neutral	CXGONMQFMIYUJR-UHFFFAOYSA-N	cyclohexanol	high	393.15	single_liquid_phase	True	100.0	release promotion-v2
PFAS	PFDoDA	Perfluorododecanoic acid	PFAS/Perfluorododecanoic_acid.orcacosmo	neutral	CXGONMQFMIYUJR-UHFFFAOYSA-N	dichloromethane	RT	298.15	single_liquid_phase	True	100.0	release promotion-v2
PFAS	PFDoDA	Perfluorododecanoic acid	PFAS/Perfluorododecanoic_acid.orcacosmo	neutral	CXGONMQFMIYUJR-UHFFFAOYSA-N	dichloromethane	high	312.15	single_liquid_phase	True	100.0	release promotion-v2
PFAS	PFDoDA	Perfluorododecanoic acid	PFAS/Perfluorododecanoic_acid.orcacosmo	neutral	CXGONMQFMIYUJR-UHFFFAOYSA-N	dimethyl sulfoxide	RT	298.15	single_liquid_phase	True	100.0	release promotion-v2
PFAS	PFDoDA	Perfluorododecanoic acid	PFAS/Perfluorododecanoic_acid.orcacosmo	neutral	CXGONMQFMIYUJR-UHFFFAOYSA-N	dimethyl sulfoxide	high	393.15	single_liquid_phase	True	100.0	release promotion-v2
PFAS	PFDoDA	Perfluorododecanoic acid	PFAS/Perfluorododecanoic_acid.orcacosmo	neutral	CXGONMQFMIYUJR-UHFFFAOYSA-N	diphenyl ether	RT	298.15	single_liquid_phase	True	100.0	release promotion-v2
PFAS	PFDoDA	Perfluorododecanoic acid	PFAS/Perfluorododecanoic_acid.orcacosmo	neutral	CXGONMQFMIYUJR-UHFFFAOYSA-N	diphenyl ether	high	393.15	single_liquid_phase	True	100.0	release promotion-v2
PFAS	PFDoDA	Perfluorododecanoic acid	PFAS/Perfluorododecanoic_acid.orcacosmo	neutral	CXGONMQFMIYUJR-UHFFFAOYSA-N	dodecane	RT	298.15	single_liquid_phase	True	100.0	release promotion-v2
PFAS	PFDoDA	Perfluorododecanoic acid	PFAS/Perfluorododecanoic_acid.orcacosmo	neutral	CXGONMQFMIYUJR-UHFFFAOYSA-N	dodecane	high	393.15	single_liquid_phase	True	100.0	release promotion-v2
PFAS	PFDoDA	Perfluorododecanoic acid	PFAS/Perfluorododecanoic_acid.orcacosmo	neutral	CXGONMQFMIYUJR-UHFFFAOYSA-N	ethanol	RT	298.15	single_liquid_phase	True	100.0	release promotion-v2
PFAS	PFDoDA	Perfluorododecanoic acid	PFAS/Perfluorododecanoic_acid.orcacosmo	neutral	CXGONMQFMIYUJR-UHFFFAOYSA-N	ethanol	high	350.34999999999997	single_liquid_phase	True	100.0	release promotion-v2
PFAS	PFDoDA	Perfluorododecanoic acid	PFAS/Perfluorododecanoic_acid.orcacosmo	neutral	CXGONMQFMIYUJR-UHFFFAOYSA-N	ethyl acetate	RT	298.15	single_liquid_phase	True	100.0	release promotion-v2
PFAS	PFDoDA	Perfluorododecanoic acid	PFAS/Perfluorododecanoic_acid.orcacosmo	neutral	CXGONMQFMIYUJR-UHFFFAOYSA-N	ethyl acetate	high	349.25	single_liquid_phase	True	100.0	release promotion-v2
PFAS	PFDoDA	Perfluorododecanoic acid	PFAS/Perfluorododecanoic_acid.orcacosmo	neutral	CXGONMQFMIYUJR-UHFFFAOYSA-N	ethylene glycol	RT	298.15	two_liquid_phases	True	16.022289171012368	release promotion-v2
PFAS	PFDoDA	Perfluorododecanoic acid	PFAS/Perfluorododecanoic_acid.orcacosmo	neutral	CXGONMQFMIYUJR-UHFFFAOYSA-N	ethylene glycol	high	393.15	two_liquid_phases	True	23.201895801021237	release promotion-v2
PFAS	PFDoDA	Perfluorododecanoic acid	PFAS/Perfluorododecanoic_acid.orcacosmo	neutral	CXGONMQFMIYUJR-UHFFFAOYSA-N	heptane	RT	298.15	single_liquid_phase	True	100.0	release promotion-v2
PFAS	PFDoDA	Perfluorododecanoic acid	PFAS/Perfluorododecanoic_acid.orcacosmo	neutral	CXGONMQFMIYUJR-UHFFFAOYSA-N	heptane	high	370.65	single_liquid_phase	True	100.0	release promotion-v2
PFAS	PFDoDA	Perfluorododecanoic acid	PFAS/Perfluorododecanoic_acid.orcacosmo	neutral	CXGONMQFMIYUJR-UHFFFAOYSA-N	hexane	RT	298.15	single_liquid_phase	True	100.0	release promotion-v2
PFAS	PFDoDA	Perfluorododecanoic acid	PFAS/Perfluorododecanoic_acid.orcacosmo	neutral	CXGONMQFMIYUJR-UHFFFAOYSA-N	hexane	high	340.84999999999997	single_liquid_phase	True	100.0	release promotion-v2
PFAS	PFDoDA	Perfluorododecanoic acid	PFAS/Perfluorododecanoic_acid.orcacosmo	neutral	CXGONMQFMIYUJR-UHFFFAOYSA-N	isopropanol	RT	298.15	single_liquid_phase	True	100.0	release promotion-v2
PFAS	PFDoDA	Perfluorododecanoic acid	PFAS/Perfluorododecanoic_acid.orcacosmo	neutral	CXGONMQFMIYUJR-UHFFFAOYSA-N	isopropanol	high	354.45	single_liquid_phase	True	100.0	release promotion-v2
PFAS	PFDoDA	Perfluorododecanoic acid	PFAS/Perfluorododecanoic_acid.orcacosmo	neutral	CXGONMQFMIYUJR-UHFFFAOYSA-N	isopropylamine	RT	298.15	single_liquid_phase	True	100.0	release promotion-v2
PFAS	PFDoDA	Perfluorododecanoic acid	PFAS/Perfluorododecanoic_acid.orcacosmo	neutral	CXGONMQFMIYUJR-UHFFFAOYSA-N	isopropylamine	high	303.84999999999997	single_liquid_phase	True	100.0	release promotion-v2
PFAS	PFDoDA	Perfluorododecanoic acid	PFAS/Perfluorododecanoic_acid.orcacosmo	neutral	CXGONMQFMIYUJR-UHFFFAOYSA-N	methanol	RT	298.15	single_liquid_phase	True	100.0	release promotion-v2
PFAS	PFDoDA	Perfluorododecanoic acid	PFAS/Perfluorododecanoic_acid.orcacosmo	neutral	CXGONMQFMIYUJR-UHFFFAOYSA-N	methanol	high	336.7499999999999	single_liquid_phase	True	100.0	release promotion-v2
PFAS	PFDoDA	Perfluorododecanoic acid	PFAS/Perfluorododecanoic_acid.orcacosmo	neutral	CXGONMQFMIYUJR-UHFFFAOYSA-N	methylacetate	RT	298.15	single_liquid_phase	True	100.0	release promotion-v2
PFAS	PFDoDA	Perfluorododecanoic acid	PFAS/Perfluorododecanoic_acid.orcacosmo	neutral	CXGONMQFMIYUJR-UHFFFAOYSA-N	methylacetate	high	328.95	single_liquid_phase	True	100.0	release promotion-v2
PFAS	PFDoDA	Perfluorododecanoic acid	PFAS/Perfluorododecanoic_acid.orcacosmo	neutral	CXGONMQFMIYUJR-UHFFFAOYSA-N	n,n-dimethylformamide	RT	298.15	single_liquid_phase	True	100.0	release promotion-v2
PFAS	PFDoDA	Perfluorododecanoic acid	PFAS/Perfluorododecanoic_acid.orcacosmo	neutral	CXGONMQFMIYUJR-UHFFFAOYSA-N	n,n-dimethylformamide	high	393.15	single_liquid_phase	True	100.0	release promotion-v2
PFAS	PFDoDA	Perfluorododecanoic acid	PFAS/Perfluorododecanoic_acid.orcacosmo	neutral	CXGONMQFMIYUJR-UHFFFAOYSA-N	o-xylene	RT	298.15	single_liquid_phase	True	100.0	release promotion-v2
PFAS	PFDoDA	Perfluorododecanoic acid	PFAS/Perfluorododecanoic_acid.orcacosmo	neutral	CXGONMQFMIYUJR-UHFFFAOYSA-N	o-xylene	high	393.15	single_liquid_phase	True	100.0	release promotion-v2
PFAS	PFDoDA	Perfluorododecanoic acid	PFAS/Perfluorododecanoic_acid.orcacosmo	neutral	CXGONMQFMIYUJR-UHFFFAOYSA-N	tert-butanol	RT	298.15	single_liquid_phase	True	100.0	release promotion-v2
PFAS	PFDoDA	Perfluorododecanoic acid	PFAS/Perfluorododecanoic_acid.orcacosmo	neutral	CXGONMQFMIYUJR-UHFFFAOYSA-N	tert-butanol	high	354.54999999999995	single_liquid_phase	True	100.0	release promotion-v2
PFAS	PFDoDA	Perfluorododecanoic acid	PFAS/Perfluorododecanoic_acid.orcacosmo	neutral	CXGONMQFMIYUJR-UHFFFAOYSA-N	tetrahydrofuran	RT	298.15	single_liquid_phase	True	100.0	release promotion-v2
PFAS	PFDoDA	Perfluorododecanoic acid	PFAS/Perfluorododecanoic_acid.orcacosmo	neutral	CXGONMQFMIYUJR-UHFFFAOYSA-N	tetrahydrofuran	high	337.15	single_liquid_phase	True	100.0	release promotion-v2
PFAS	PFDoDA	Perfluorododecanoic acid	PFAS/Perfluorododecanoic_acid.orcacosmo	neutral	CXGONMQFMIYUJR-UHFFFAOYSA-N	tetrahydropyran	RT	298.15	single_liquid_phase	True	100.0	release promotion-v2
PFAS	PFDoDA	Perfluorododecanoic acid	PFAS/Perfluorododecanoic_acid.orcacosmo	neutral	CXGONMQFMIYUJR-UHFFFAOYSA-N	tetrahydropyran	high	360.15	single_liquid_phase	True	100.0	release promotion-v2
PFAS	PFDoDA	Perfluorododecanoic acid	PFAS/Perfluorododecanoic_acid.orcacosmo	neutral	CXGONMQFMIYUJR-UHFFFAOYSA-N	toluene	RT	298.15	single_liquid_phase	True	100.0	release promotion-v2
PFAS	PFDoDA	Perfluorododecanoic acid	PFAS/Perfluorododecanoic_acid.orcacosmo	neutral	CXGONMQFMIYUJR-UHFFFAOYSA-N	toluene	high	382.75	single_liquid_phase	True	100.0	release promotion-v2
PFAS	PFDoDA	Perfluorododecanoic acid	PFAS/Perfluorododecanoic_acid.orcacosmo	neutral	CXGONMQFMIYUJR-UHFFFAOYSA-N	triethylamine	RT	298.15	single_liquid_phase	True	100.0	release promotion-v2
PFAS	PFDoDA	Perfluorododecanoic acid	PFAS/Perfluorododecanoic_acid.orcacosmo	neutral	CXGONMQFMIYUJR-UHFFFAOYSA-N	triethylamine	high	361.15	single_liquid_phase	True	100.0	release promotion-v2
PFAS	PFDoDA	Perfluorododecanoic acid	PFAS/Perfluorododecanoic_acid.orcacosmo	neutral	CXGONMQFMIYUJR-UHFFFAOYSA-N	water	RT	298.15	two_liquid_phases	False	8.17118150175961e-07	release promotion-v2
PFAS	PFDoDA	Perfluorododecanoic acid	PFAS/Perfluorododecanoic_acid.orcacosmo	neutral	CXGONMQFMIYUJR-UHFFFAOYSA-N	water	high	372.15	two_liquid_phases	False	9.110790914293567e-06	release promotion-v2
PFAS	PFTetraDA	Perfluorotetradecanoic acid	PFAS/Perfluorotetradecanoic_acid.orcacosmo	neutral	RUDINRUXCKIXAJ-UHFFFAOYSA-N	1,2-propanediol	RT	298.15	single_liquid_phase	True	100.0	A-12 batch p02
PFAS	PFTetraDA	Perfluorotetradecanoic acid	PFAS/Perfluorotetradecanoic_acid.orcacosmo	neutral	RUDINRUXCKIXAJ-UHFFFAOYSA-N	1,2-propanediol	high	393.15	single_liquid_phase	True	100.0	A-12 batch p02
PFAS	PFTetraDA	Perfluorotetradecanoic acid	PFAS/Perfluorotetradecanoic_acid.orcacosmo	neutral	RUDINRUXCKIXAJ-UHFFFAOYSA-N	1-propanol	RT	298.15	single_liquid_phase	True	100.0	A-12 batch p02
PFAS	PFTetraDA	Perfluorotetradecanoic acid	PFAS/Perfluorotetradecanoic_acid.orcacosmo	neutral	RUDINRUXCKIXAJ-UHFFFAOYSA-N	1-propanol	high	369.34999999999997	single_liquid_phase	True	100.0	A-12 batch p02
PFAS	PFTetraDA	Perfluorotetradecanoic acid	PFAS/Perfluorotetradecanoic_acid.orcacosmo	neutral	RUDINRUXCKIXAJ-UHFFFAOYSA-N	2,3-dihydropyran	RT	298.15	single_liquid_phase	True	100.0	A-12 batch p02
PFAS	PFTetraDA	Perfluorotetradecanoic acid	PFAS/Perfluorotetradecanoic_acid.orcacosmo	neutral	RUDINRUXCKIXAJ-UHFFFAOYSA-N	2,3-dihydropyran	high	358.15	single_liquid_phase	True	100.0	A-12 batch p02
PFAS	PFTetraDA	Perfluorotetradecanoic acid	PFAS/Perfluorotetradecanoic_acid.orcacosmo	neutral	RUDINRUXCKIXAJ-UHFFFAOYSA-N	2-butanone	RT	298.15	single_liquid_phase	True	100.0	A-12 batch p02
PFAS	PFTetraDA	Perfluorotetradecanoic acid	PFAS/Perfluorotetradecanoic_acid.orcacosmo	neutral	RUDINRUXCKIXAJ-UHFFFAOYSA-N	2-butanone	high	351.65	single_liquid_phase	True	100.0	A-12 batch p02
PFAS	PFTetraDA	Perfluorotetradecanoic acid	PFAS/Perfluorotetradecanoic_acid.orcacosmo	neutral	RUDINRUXCKIXAJ-UHFFFAOYSA-N	acetic acid	RT	298.15	two_liquid_phases	False	4.89852372819772	A-12 batch p02
PFAS	PFTetraDA	Perfluorotetradecanoic acid	PFAS/Perfluorotetradecanoic_acid.orcacosmo	neutral	RUDINRUXCKIXAJ-UHFFFAOYSA-N	acetic acid	high	390.04999999999995	two_liquid_phases	False	9.016620233650112	A-12 batch p02
PFAS	PFTetraDA	Perfluorotetradecanoic acid	PFAS/Perfluorotetradecanoic_acid.orcacosmo	neutral	RUDINRUXCKIXAJ-UHFFFAOYSA-N	acetone	RT	298.15	single_liquid_phase	True	100.0	A-12 batch p02
PFAS	PFTetraDA	Perfluorotetradecanoic acid	PFAS/Perfluorotetradecanoic_acid.orcacosmo	neutral	RUDINRUXCKIXAJ-UHFFFAOYSA-N	acetone	high	328.15	single_liquid_phase	True	100.0	A-12 batch p02
PFAS	PFTetraDA	Perfluorotetradecanoic acid	PFAS/Perfluorotetradecanoic_acid.orcacosmo	neutral	RUDINRUXCKIXAJ-UHFFFAOYSA-N	acetylacetone	RT	298.15	single_liquid_phase	True	100.0	A-12 batch p02
PFAS	PFTetraDA	Perfluorotetradecanoic acid	PFAS/Perfluorotetradecanoic_acid.orcacosmo	neutral	RUDINRUXCKIXAJ-UHFFFAOYSA-N	acetylacetone	high	393.15	single_liquid_phase	True	100.0	A-12 batch p02
PFAS	PFTetraDA	Perfluorotetradecanoic acid	PFAS/Perfluorotetradecanoic_acid.orcacosmo	neutral	RUDINRUXCKIXAJ-UHFFFAOYSA-N	benzene	RT	298.15	single_liquid_phase	True	100.0	A-12 batch p02
PFAS	PFTetraDA	Perfluorotetradecanoic acid	PFAS/Perfluorotetradecanoic_acid.orcacosmo	neutral	RUDINRUXCKIXAJ-UHFFFAOYSA-N	benzene	high	352.15	single_liquid_phase	True	100.0	A-12 batch p02
PFAS	PFTetraDA	Perfluorotetradecanoic acid	PFAS/Perfluorotetradecanoic_acid.orcacosmo	neutral	RUDINRUXCKIXAJ-UHFFFAOYSA-N	chloroform	RT	298.15	single_liquid_phase	True	100.0	A-12 batch p02
PFAS	PFTetraDA	Perfluorotetradecanoic acid	PFAS/Perfluorotetradecanoic_acid.orcacosmo	neutral	RUDINRUXCKIXAJ-UHFFFAOYSA-N	chloroform	high	333.25	single_liquid_phase	True	100.0	A-12 batch p02
PFAS	PFTetraDA	Perfluorotetradecanoic acid	PFAS/Perfluorotetradecanoic_acid.orcacosmo	neutral	RUDINRUXCKIXAJ-UHFFFAOYSA-N	cyclohexane	RT	298.15	single_liquid_phase	True	100.0	A-12 batch p02
PFAS	PFTetraDA	Perfluorotetradecanoic acid	PFAS/Perfluorotetradecanoic_acid.orcacosmo	neutral	RUDINRUXCKIXAJ-UHFFFAOYSA-N	cyclohexane	high	352.84999999999997	single_liquid_phase	True	100.0	A-12 batch p02
PFAS	PFTetraDA	Perfluorotetradecanoic acid	PFAS/Perfluorotetradecanoic_acid.orcacosmo	neutral	RUDINRUXCKIXAJ-UHFFFAOYSA-N	cyclohexanol	RT	298.15	single_liquid_phase	True	100.0	A-12 batch p02
PFAS	PFTetraDA	Perfluorotetradecanoic acid	PFAS/Perfluorotetradecanoic_acid.orcacosmo	neutral	RUDINRUXCKIXAJ-UHFFFAOYSA-N	cyclohexanol	high	393.15	single_liquid_phase	True	100.0	A-12 batch p02
PFAS	PFTetraDA	Perfluorotetradecanoic acid	PFAS/Perfluorotetradecanoic_acid.orcacosmo	neutral	RUDINRUXCKIXAJ-UHFFFAOYSA-N	dichloromethane	RT	298.15	single_liquid_phase	True	100.0	A-12 batch p02
PFAS	PFTetraDA	Perfluorotetradecanoic acid	PFAS/Perfluorotetradecanoic_acid.orcacosmo	neutral	RUDINRUXCKIXAJ-UHFFFAOYSA-N	dichloromethane	high	312.15	single_liquid_phase	True	100.0	A-12 batch p02
PFAS	PFTetraDA	Perfluorotetradecanoic acid	PFAS/Perfluorotetradecanoic_acid.orcacosmo	neutral	RUDINRUXCKIXAJ-UHFFFAOYSA-N	dimethyl sulfoxide	RT	298.15	single_liquid_phase	True	100.0	A-12 batch p02
PFAS	PFTetraDA	Perfluorotetradecanoic acid	PFAS/Perfluorotetradecanoic_acid.orcacosmo	neutral	RUDINRUXCKIXAJ-UHFFFAOYSA-N	dimethyl sulfoxide	high	393.15	single_liquid_phase	True	100.0	A-12 batch p02
PFAS	PFTetraDA	Perfluorotetradecanoic acid	PFAS/Perfluorotetradecanoic_acid.orcacosmo	neutral	RUDINRUXCKIXAJ-UHFFFAOYSA-N	diphenyl ether	RT	298.15	single_liquid_phase	True	100.0	A-12 batch p02
PFAS	PFTetraDA	Perfluorotetradecanoic acid	PFAS/Perfluorotetradecanoic_acid.orcacosmo	neutral	RUDINRUXCKIXAJ-UHFFFAOYSA-N	diphenyl ether	high	393.15	single_liquid_phase	True	100.0	A-12 batch p02
PFAS	PFTetraDA	Perfluorotetradecanoic acid	PFAS/Perfluorotetradecanoic_acid.orcacosmo	neutral	RUDINRUXCKIXAJ-UHFFFAOYSA-N	dodecane	RT	298.15	single_liquid_phase	True	100.0	A-12 batch p02
PFAS	PFTetraDA	Perfluorotetradecanoic acid	PFAS/Perfluorotetradecanoic_acid.orcacosmo	neutral	RUDINRUXCKIXAJ-UHFFFAOYSA-N	dodecane	high	393.15	single_liquid_phase	True	100.0	A-12 batch p02
PFAS	PFTetraDA	Perfluorotetradecanoic acid	PFAS/Perfluorotetradecanoic_acid.orcacosmo	neutral	RUDINRUXCKIXAJ-UHFFFAOYSA-N	ethanol	RT	298.15	single_liquid_phase	True	100.0	A-12 batch p02
PFAS	PFTetraDA	Perfluorotetradecanoic acid	PFAS/Perfluorotetradecanoic_acid.orcacosmo	neutral	RUDINRUXCKIXAJ-UHFFFAOYSA-N	ethanol	high	350.34999999999997	single_liquid_phase	True	100.0	A-12 batch p02
PFAS	PFTetraDA	Perfluorotetradecanoic acid	PFAS/Perfluorotetradecanoic_acid.orcacosmo	neutral	RUDINRUXCKIXAJ-UHFFFAOYSA-N	ethyl acetate	RT	298.15	single_liquid_phase	True	100.0	A-12 batch p02
PFAS	PFTetraDA	Perfluorotetradecanoic acid	PFAS/Perfluorotetradecanoic_acid.orcacosmo	neutral	RUDINRUXCKIXAJ-UHFFFAOYSA-N	ethyl acetate	high	349.25	single_liquid_phase	True	100.0	A-12 batch p02
PFAS	PFTetraDA	Perfluorotetradecanoic acid	PFAS/Perfluorotetradecanoic_acid.orcacosmo	neutral	RUDINRUXCKIXAJ-UHFFFAOYSA-N	ethylene glycol	RT	298.15	two_liquid_phases	False	5.062274606956654	A-12 batch p02
PFAS	PFTetraDA	Perfluorotetradecanoic acid	PFAS/Perfluorotetradecanoic_acid.orcacosmo	neutral	RUDINRUXCKIXAJ-UHFFFAOYSA-N	ethylene glycol	high	393.15	two_liquid_phases	False	7.919098753849472	A-12 batch p02
PFAS	PFTetraDA	Perfluorotetradecanoic acid	PFAS/Perfluorotetradecanoic_acid.orcacosmo	neutral	RUDINRUXCKIXAJ-UHFFFAOYSA-N	heptane	RT	298.15	single_liquid_phase	True	100.0	A-12 batch p02
PFAS	PFTetraDA	Perfluorotetradecanoic acid	PFAS/Perfluorotetradecanoic_acid.orcacosmo	neutral	RUDINRUXCKIXAJ-UHFFFAOYSA-N	heptane	high	370.65	single_liquid_phase	True	100.0	A-12 batch p02
PFAS	PFTetraDA	Perfluorotetradecanoic acid	PFAS/Perfluorotetradecanoic_acid.orcacosmo	neutral	RUDINRUXCKIXAJ-UHFFFAOYSA-N	hexane	RT	298.15	single_liquid_phase	True	100.0	A-12 batch p02
PFAS	PFTetraDA	Perfluorotetradecanoic acid	PFAS/Perfluorotetradecanoic_acid.orcacosmo	neutral	RUDINRUXCKIXAJ-UHFFFAOYSA-N	hexane	high	340.84999999999997	single_liquid_phase	True	100.0	A-12 batch p02
PFAS	PFTetraDA	Perfluorotetradecanoic acid	PFAS/Perfluorotetradecanoic_acid.orcacosmo	neutral	RUDINRUXCKIXAJ-UHFFFAOYSA-N	isopropanol	RT	298.15	single_liquid_phase	True	100.0	A-12 batch p02
PFAS	PFTetraDA	Perfluorotetradecanoic acid	PFAS/Perfluorotetradecanoic_acid.orcacosmo	neutral	RUDINRUXCKIXAJ-UHFFFAOYSA-N	isopropanol	high	354.45	single_liquid_phase	True	100.0	A-12 batch p02
PFAS	PFTetraDA	Perfluorotetradecanoic acid	PFAS/Perfluorotetradecanoic_acid.orcacosmo	neutral	RUDINRUXCKIXAJ-UHFFFAOYSA-N	isopropylamine	RT	298.15	single_liquid_phase	True	100.0	A-12 batch p02
PFAS	PFTetraDA	Perfluorotetradecanoic acid	PFAS/Perfluorotetradecanoic_acid.orcacosmo	neutral	RUDINRUXCKIXAJ-UHFFFAOYSA-N	isopropylamine	high	303.84999999999997	single_liquid_phase	True	100.0	A-12 batch p02
PFAS	PFTetraDA	Perfluorotetradecanoic acid	PFAS/Perfluorotetradecanoic_acid.orcacosmo	neutral	RUDINRUXCKIXAJ-UHFFFAOYSA-N	methanol	RT	298.15	two_liquid_phases	True	22.814135558694833	A-12 batch p02
PFAS	PFTetraDA	Perfluorotetradecanoic acid	PFAS/Perfluorotetradecanoic_acid.orcacosmo	neutral	RUDINRUXCKIXAJ-UHFFFAOYSA-N	methanol	high	336.7499999999999	two_liquid_phases	True	22.668005104468303	A-12 batch p02
PFAS	PFTetraDA	Perfluorotetradecanoic acid	PFAS/Perfluorotetradecanoic_acid.orcacosmo	neutral	RUDINRUXCKIXAJ-UHFFFAOYSA-N	methylacetate	RT	298.15	single_liquid_phase	True	100.0	A-12 batch p02
PFAS	PFTetraDA	Perfluorotetradecanoic acid	PFAS/Perfluorotetradecanoic_acid.orcacosmo	neutral	RUDINRUXCKIXAJ-UHFFFAOYSA-N	methylacetate	high	328.95	single_liquid_phase	True	100.0	A-12 batch p02
PFAS	PFTetraDA	Perfluorotetradecanoic acid	PFAS/Perfluorotetradecanoic_acid.orcacosmo	neutral	RUDINRUXCKIXAJ-UHFFFAOYSA-N	n,n-dimethylformamide	RT	298.15	single_liquid_phase	True	100.0	A-12 batch p02
PFAS	PFTetraDA	Perfluorotetradecanoic acid	PFAS/Perfluorotetradecanoic_acid.orcacosmo	neutral	RUDINRUXCKIXAJ-UHFFFAOYSA-N	n,n-dimethylformamide	high	393.15	single_liquid_phase	True	100.0	A-12 batch p02
PFAS	PFTetraDA	Perfluorotetradecanoic acid	PFAS/Perfluorotetradecanoic_acid.orcacosmo	neutral	RUDINRUXCKIXAJ-UHFFFAOYSA-N	o-xylene	RT	298.15	single_liquid_phase	True	100.0	A-12 batch p02
PFAS	PFTetraDA	Perfluorotetradecanoic acid	PFAS/Perfluorotetradecanoic_acid.orcacosmo	neutral	RUDINRUXCKIXAJ-UHFFFAOYSA-N	o-xylene	high	393.15	single_liquid_phase	True	100.0	A-12 batch p02
PFAS	PFTetraDA	Perfluorotetradecanoic acid	PFAS/Perfluorotetradecanoic_acid.orcacosmo	neutral	RUDINRUXCKIXAJ-UHFFFAOYSA-N	tert-butanol	RT	298.15	single_liquid_phase	True	100.0	A-12 batch p02
PFAS	PFTetraDA	Perfluorotetradecanoic acid	PFAS/Perfluorotetradecanoic_acid.orcacosmo	neutral	RUDINRUXCKIXAJ-UHFFFAOYSA-N	tert-butanol	high	354.54999999999995	single_liquid_phase	True	100.0	A-12 batch p02
PFAS	PFTetraDA	Perfluorotetradecanoic acid	PFAS/Perfluorotetradecanoic_acid.orcacosmo	neutral	RUDINRUXCKIXAJ-UHFFFAOYSA-N	tetrahydrofuran	RT	298.15	single_liquid_phase	True	100.0	A-12 batch p02
PFAS	PFTetraDA	Perfluorotetradecanoic acid	PFAS/Perfluorotetradecanoic_acid.orcacosmo	neutral	RUDINRUXCKIXAJ-UHFFFAOYSA-N	tetrahydrofuran	high	337.15	single_liquid_phase	True	100.0	A-12 batch p02
PFAS	PFTetraDA	Perfluorotetradecanoic acid	PFAS/Perfluorotetradecanoic_acid.orcacosmo	neutral	RUDINRUXCKIXAJ-UHFFFAOYSA-N	tetrahydropyran	RT	298.15	single_liquid_phase	True	100.0	A-12 batch p02
PFAS	PFTetraDA	Perfluorotetradecanoic acid	PFAS/Perfluorotetradecanoic_acid.orcacosmo	neutral	RUDINRUXCKIXAJ-UHFFFAOYSA-N	tetrahydropyran	high	360.15	single_liquid_phase	True	100.0	A-12 batch p02
PFAS	PFTetraDA	Perfluorotetradecanoic acid	PFAS/Perfluorotetradecanoic_acid.orcacosmo	neutral	RUDINRUXCKIXAJ-UHFFFAOYSA-N	toluene	RT	298.15	single_liquid_phase	True	100.0	A-12 batch p02
PFAS	PFTetraDA	Perfluorotetradecanoic acid	PFAS/Perfluorotetradecanoic_acid.orcacosmo	neutral	RUDINRUXCKIXAJ-UHFFFAOYSA-N	toluene	high	382.75	single_liquid_phase	True	100.0	A-12 batch p02
PFAS	PFTetraDA	Perfluorotetradecanoic acid	PFAS/Perfluorotetradecanoic_acid.orcacosmo	neutral	RUDINRUXCKIXAJ-UHFFFAOYSA-N	triethylamine	RT	298.15	single_liquid_phase	True	100.0	A-12 batch p02
PFAS	PFTetraDA	Perfluorotetradecanoic acid	PFAS/Perfluorotetradecanoic_acid.orcacosmo	neutral	RUDINRUXCKIXAJ-UHFFFAOYSA-N	triethylamine	high	361.15	single_liquid_phase	True	100.0	A-12 batch p02
PFAS	PFTetraDA	Perfluorotetradecanoic acid	PFAS/Perfluorotetradecanoic_acid.orcacosmo	neutral	RUDINRUXCKIXAJ-UHFFFAOYSA-N	water	RT	298.15	two_liquid_phases	False	1.5682586797562e-08	A-12 batch p02
PFAS	PFTetraDA	Perfluorotetradecanoic acid	PFAS/Perfluorotetradecanoic_acid.orcacosmo	neutral	RUDINRUXCKIXAJ-UHFFFAOYSA-N	water	high	372.15	two_liquid_phases	False	2.8760040358634865e-07	A-12 batch p02
PFAS	PFBS	Perfluorobutanesulfonic acid	PFAS/Perfluorobutanesulfonic_acid.orcacosmo	neutral	JGTNAGYHADQMCM-UHFFFAOYSA-N	1,2-propanediol	RT	298.15	single_liquid_phase	True	100.0	A-12 batch p02
PFAS	PFBS	Perfluorobutanesulfonic acid	PFAS/Perfluorobutanesulfonic_acid.orcacosmo	neutral	JGTNAGYHADQMCM-UHFFFAOYSA-N	1,2-propanediol	high	393.15	single_liquid_phase	True	100.0	A-12 batch p02
PFAS	PFBS	Perfluorobutanesulfonic acid	PFAS/Perfluorobutanesulfonic_acid.orcacosmo	neutral	JGTNAGYHADQMCM-UHFFFAOYSA-N	1-propanol	RT	298.15	single_liquid_phase	True	100.0	A-12 batch p02
PFAS	PFBS	Perfluorobutanesulfonic acid	PFAS/Perfluorobutanesulfonic_acid.orcacosmo	neutral	JGTNAGYHADQMCM-UHFFFAOYSA-N	1-propanol	high	369.34999999999997	single_liquid_phase	True	100.0	A-12 batch p02
PFAS	PFBS	Perfluorobutanesulfonic acid	PFAS/Perfluorobutanesulfonic_acid.orcacosmo	neutral	JGTNAGYHADQMCM-UHFFFAOYSA-N	2,3-dihydropyran	RT	298.15	single_liquid_phase	True	100.0	A-12 batch p02
PFAS	PFBS	Perfluorobutanesulfonic acid	PFAS/Perfluorobutanesulfonic_acid.orcacosmo	neutral	JGTNAGYHADQMCM-UHFFFAOYSA-N	2,3-dihydropyran	high	358.15	single_liquid_phase	True	100.0	A-12 batch p02
PFAS	PFBS	Perfluorobutanesulfonic acid	PFAS/Perfluorobutanesulfonic_acid.orcacosmo	neutral	JGTNAGYHADQMCM-UHFFFAOYSA-N	2-butanone	RT	298.15	single_liquid_phase	True	100.0	A-12 batch p02
PFAS	PFBS	Perfluorobutanesulfonic acid	PFAS/Perfluorobutanesulfonic_acid.orcacosmo	neutral	JGTNAGYHADQMCM-UHFFFAOYSA-N	2-butanone	high	351.65	single_liquid_phase	True	100.0	A-12 batch p02
PFAS	PFBS	Perfluorobutanesulfonic acid	PFAS/Perfluorobutanesulfonic_acid.orcacosmo	neutral	JGTNAGYHADQMCM-UHFFFAOYSA-N	acetic acid	RT	298.15	single_liquid_phase	True	100.0	A-12 batch p02
PFAS	PFBS	Perfluorobutanesulfonic acid	PFAS/Perfluorobutanesulfonic_acid.orcacosmo	neutral	JGTNAGYHADQMCM-UHFFFAOYSA-N	acetic acid	high	390.04999999999995	single_liquid_phase	True	100.0	A-12 batch p02
PFAS	PFBS	Perfluorobutanesulfonic acid	PFAS/Perfluorobutanesulfonic_acid.orcacosmo	neutral	JGTNAGYHADQMCM-UHFFFAOYSA-N	acetone	RT	298.15	single_liquid_phase	True	100.0	A-12 batch p02
PFAS	PFBS	Perfluorobutanesulfonic acid	PFAS/Perfluorobutanesulfonic_acid.orcacosmo	neutral	JGTNAGYHADQMCM-UHFFFAOYSA-N	acetone	high	328.15	single_liquid_phase	True	100.0	A-12 batch p02
PFAS	PFBS	Perfluorobutanesulfonic acid	PFAS/Perfluorobutanesulfonic_acid.orcacosmo	neutral	JGTNAGYHADQMCM-UHFFFAOYSA-N	acetylacetone	RT	298.15	single_liquid_phase	True	100.0	A-12 batch p02
PFAS	PFBS	Perfluorobutanesulfonic acid	PFAS/Perfluorobutanesulfonic_acid.orcacosmo	neutral	JGTNAGYHADQMCM-UHFFFAOYSA-N	acetylacetone	high	393.15	single_liquid_phase	True	100.0	A-12 batch p02
PFAS	PFBS	Perfluorobutanesulfonic acid	PFAS/Perfluorobutanesulfonic_acid.orcacosmo	neutral	JGTNAGYHADQMCM-UHFFFAOYSA-N	benzene	RT	298.15	single_liquid_phase	True	100.0	A-12 batch p02
PFAS	PFBS	Perfluorobutanesulfonic acid	PFAS/Perfluorobutanesulfonic_acid.orcacosmo	neutral	JGTNAGYHADQMCM-UHFFFAOYSA-N	benzene	high	352.15	single_liquid_phase	True	100.0	A-12 batch p02
PFAS	PFBS	Perfluorobutanesulfonic acid	PFAS/Perfluorobutanesulfonic_acid.orcacosmo	neutral	JGTNAGYHADQMCM-UHFFFAOYSA-N	chloroform	RT	298.15	single_liquid_phase	True	100.0	A-12 batch p02
PFAS	PFBS	Perfluorobutanesulfonic acid	PFAS/Perfluorobutanesulfonic_acid.orcacosmo	neutral	JGTNAGYHADQMCM-UHFFFAOYSA-N	chloroform	high	333.25	single_liquid_phase	True	100.0	A-12 batch p02
PFAS	PFBS	Perfluorobutanesulfonic acid	PFAS/Perfluorobutanesulfonic_acid.orcacosmo	neutral	JGTNAGYHADQMCM-UHFFFAOYSA-N	cyclohexane	RT	298.15	single_liquid_phase	True	100.0	A-12 batch p02
PFAS	PFBS	Perfluorobutanesulfonic acid	PFAS/Perfluorobutanesulfonic_acid.orcacosmo	neutral	JGTNAGYHADQMCM-UHFFFAOYSA-N	cyclohexane	high	352.84999999999997	single_liquid_phase	True	100.0	A-12 batch p02
PFAS	PFBS	Perfluorobutanesulfonic acid	PFAS/Perfluorobutanesulfonic_acid.orcacosmo	neutral	JGTNAGYHADQMCM-UHFFFAOYSA-N	cyclohexanol	RT	298.15	single_liquid_phase	True	100.0	A-12 batch p02
PFAS	PFBS	Perfluorobutanesulfonic acid	PFAS/Perfluorobutanesulfonic_acid.orcacosmo	neutral	JGTNAGYHADQMCM-UHFFFAOYSA-N	cyclohexanol	high	393.15	single_liquid_phase	True	100.0	A-12 batch p02
PFAS	PFBS	Perfluorobutanesulfonic acid	PFAS/Perfluorobutanesulfonic_acid.orcacosmo	neutral	JGTNAGYHADQMCM-UHFFFAOYSA-N	dichloromethane	RT	298.15	single_liquid_phase	True	100.0	A-12 batch p02
PFAS	PFBS	Perfluorobutanesulfonic acid	PFAS/Perfluorobutanesulfonic_acid.orcacosmo	neutral	JGTNAGYHADQMCM-UHFFFAOYSA-N	dichloromethane	high	312.15	single_liquid_phase	True	100.0	A-12 batch p02
PFAS	PFBS	Perfluorobutanesulfonic acid	PFAS/Perfluorobutanesulfonic_acid.orcacosmo	neutral	JGTNAGYHADQMCM-UHFFFAOYSA-N	dimethyl sulfoxide	RT	298.15	single_liquid_phase	True	100.0	A-12 batch p02
PFAS	PFBS	Perfluorobutanesulfonic acid	PFAS/Perfluorobutanesulfonic_acid.orcacosmo	neutral	JGTNAGYHADQMCM-UHFFFAOYSA-N	dimethyl sulfoxide	high	393.15	single_liquid_phase	True	100.0	A-12 batch p02
PFAS	PFBS	Perfluorobutanesulfonic acid	PFAS/Perfluorobutanesulfonic_acid.orcacosmo	neutral	JGTNAGYHADQMCM-UHFFFAOYSA-N	diphenyl ether	RT	298.15	single_liquid_phase	True	100.0	A-12 batch p02
PFAS	PFBS	Perfluorobutanesulfonic acid	PFAS/Perfluorobutanesulfonic_acid.orcacosmo	neutral	JGTNAGYHADQMCM-UHFFFAOYSA-N	diphenyl ether	high	393.15	single_liquid_phase	True	100.0	A-12 batch p02
PFAS	PFBS	Perfluorobutanesulfonic acid	PFAS/Perfluorobutanesulfonic_acid.orcacosmo	neutral	JGTNAGYHADQMCM-UHFFFAOYSA-N	dodecane	RT	298.15	single_liquid_phase	True	100.0	A-12 batch p02
PFAS	PFBS	Perfluorobutanesulfonic acid	PFAS/Perfluorobutanesulfonic_acid.orcacosmo	neutral	JGTNAGYHADQMCM-UHFFFAOYSA-N	dodecane	high	393.15	single_liquid_phase	True	100.0	A-12 batch p02
PFAS	PFBS	Perfluorobutanesulfonic acid	PFAS/Perfluorobutanesulfonic_acid.orcacosmo	neutral	JGTNAGYHADQMCM-UHFFFAOYSA-N	ethanol	RT	298.15	single_liquid_phase	True	100.0	A-12 batch p02
PFAS	PFBS	Perfluorobutanesulfonic acid	PFAS/Perfluorobutanesulfonic_acid.orcacosmo	neutral	JGTNAGYHADQMCM-UHFFFAOYSA-N	ethanol	high	350.34999999999997	single_liquid_phase	True	100.0	A-12 batch p02
PFAS	PFBS	Perfluorobutanesulfonic acid	PFAS/Perfluorobutanesulfonic_acid.orcacosmo	neutral	JGTNAGYHADQMCM-UHFFFAOYSA-N	ethyl acetate	RT	298.15	single_liquid_phase	True	100.0	A-12 batch p02
PFAS	PFBS	Perfluorobutanesulfonic acid	PFAS/Perfluorobutanesulfonic_acid.orcacosmo	neutral	JGTNAGYHADQMCM-UHFFFAOYSA-N	ethyl acetate	high	349.25	single_liquid_phase	True	100.0	A-12 batch p02
PFAS	PFBS	Perfluorobutanesulfonic acid	PFAS/Perfluorobutanesulfonic_acid.orcacosmo	neutral	JGTNAGYHADQMCM-UHFFFAOYSA-N	ethylene glycol	RT	298.15	single_liquid_phase	True	100.0	A-12 batch p02
PFAS	PFBS	Perfluorobutanesulfonic acid	PFAS/Perfluorobutanesulfonic_acid.orcacosmo	neutral	JGTNAGYHADQMCM-UHFFFAOYSA-N	ethylene glycol	high	393.15	single_liquid_phase	True	100.0	A-12 batch p02
PFAS	PFBS	Perfluorobutanesulfonic acid	PFAS/Perfluorobutanesulfonic_acid.orcacosmo	neutral	JGTNAGYHADQMCM-UHFFFAOYSA-N	heptane	RT	298.15	single_liquid_phase	True	100.0	A-12 batch p02
PFAS	PFBS	Perfluorobutanesulfonic acid	PFAS/Perfluorobutanesulfonic_acid.orcacosmo	neutral	JGTNAGYHADQMCM-UHFFFAOYSA-N	heptane	high	370.65	single_liquid_phase	True	100.0	A-12 batch p02
PFAS	PFBS	Perfluorobutanesulfonic acid	PFAS/Perfluorobutanesulfonic_acid.orcacosmo	neutral	JGTNAGYHADQMCM-UHFFFAOYSA-N	hexane	RT	298.15	single_liquid_phase	True	100.0	A-12 batch p02
PFAS	PFBS	Perfluorobutanesulfonic acid	PFAS/Perfluorobutanesulfonic_acid.orcacosmo	neutral	JGTNAGYHADQMCM-UHFFFAOYSA-N	hexane	high	340.84999999999997	single_liquid_phase	True	100.0	A-12 batch p02
PFAS	PFBS	Perfluorobutanesulfonic acid	PFAS/Perfluorobutanesulfonic_acid.orcacosmo	neutral	JGTNAGYHADQMCM-UHFFFAOYSA-N	isopropanol	RT	298.15	single_liquid_phase	True	100.0	A-12 batch p02
PFAS	PFBS	Perfluorobutanesulfonic acid	PFAS/Perfluorobutanesulfonic_acid.orcacosmo	neutral	JGTNAGYHADQMCM-UHFFFAOYSA-N	isopropanol	high	354.45	single_liquid_phase	True	100.0	A-12 batch p02
PFAS	PFBS	Perfluorobutanesulfonic acid	PFAS/Perfluorobutanesulfonic_acid.orcacosmo	neutral	JGTNAGYHADQMCM-UHFFFAOYSA-N	isopropylamine	RT	298.15	single_liquid_phase	True	100.0	A-12 batch p02
PFAS	PFBS	Perfluorobutanesulfonic acid	PFAS/Perfluorobutanesulfonic_acid.orcacosmo	neutral	JGTNAGYHADQMCM-UHFFFAOYSA-N	isopropylamine	high	303.84999999999997	single_liquid_phase	True	100.0	A-12 batch p02
PFAS	PFBS	Perfluorobutanesulfonic acid	PFAS/Perfluorobutanesulfonic_acid.orcacosmo	neutral	JGTNAGYHADQMCM-UHFFFAOYSA-N	methanol	RT	298.15	single_liquid_phase	True	100.0	A-12 batch p02
PFAS	PFBS	Perfluorobutanesulfonic acid	PFAS/Perfluorobutanesulfonic_acid.orcacosmo	neutral	JGTNAGYHADQMCM-UHFFFAOYSA-N	methanol	high	336.7499999999999	single_liquid_phase	True	100.0	A-12 batch p02
PFAS	PFBS	Perfluorobutanesulfonic acid	PFAS/Perfluorobutanesulfonic_acid.orcacosmo	neutral	JGTNAGYHADQMCM-UHFFFAOYSA-N	methylacetate	RT	298.15	single_liquid_phase	True	100.0	A-12 batch p02
PFAS	PFBS	Perfluorobutanesulfonic acid	PFAS/Perfluorobutanesulfonic_acid.orcacosmo	neutral	JGTNAGYHADQMCM-UHFFFAOYSA-N	methylacetate	high	328.95	single_liquid_phase	True	100.0	A-12 batch p02
PFAS	PFBS	Perfluorobutanesulfonic acid	PFAS/Perfluorobutanesulfonic_acid.orcacosmo	neutral	JGTNAGYHADQMCM-UHFFFAOYSA-N	n,n-dimethylformamide	RT	298.15	single_liquid_phase	True	100.0	A-12 batch p02
PFAS	PFBS	Perfluorobutanesulfonic acid	PFAS/Perfluorobutanesulfonic_acid.orcacosmo	neutral	JGTNAGYHADQMCM-UHFFFAOYSA-N	n,n-dimethylformamide	high	393.15	single_liquid_phase	True	100.0	A-12 batch p02
PFAS	PFBS	Perfluorobutanesulfonic acid	PFAS/Perfluorobutanesulfonic_acid.orcacosmo	neutral	JGTNAGYHADQMCM-UHFFFAOYSA-N	o-xylene	RT	298.15	single_liquid_phase	True	100.0	A-12 batch p02
PFAS	PFBS	Perfluorobutanesulfonic acid	PFAS/Perfluorobutanesulfonic_acid.orcacosmo	neutral	JGTNAGYHADQMCM-UHFFFAOYSA-N	o-xylene	high	393.15	single_liquid_phase	True	100.0	A-12 batch p02
PFAS	PFBS	Perfluorobutanesulfonic acid	PFAS/Perfluorobutanesulfonic_acid.orcacosmo	neutral	JGTNAGYHADQMCM-UHFFFAOYSA-N	tert-butanol	RT	298.15	single_liquid_phase	True	100.0	A-12 batch p02
PFAS	PFBS	Perfluorobutanesulfonic acid	PFAS/Perfluorobutanesulfonic_acid.orcacosmo	neutral	JGTNAGYHADQMCM-UHFFFAOYSA-N	tert-butanol	high	354.54999999999995	single_liquid_phase	True	100.0	A-12 batch p02
PFAS	PFBS	Perfluorobutanesulfonic acid	PFAS/Perfluorobutanesulfonic_acid.orcacosmo	neutral	JGTNAGYHADQMCM-UHFFFAOYSA-N	tetrahydrofuran	RT	298.15	single_liquid_phase	True	100.0	A-12 batch p02
PFAS	PFBS	Perfluorobutanesulfonic acid	PFAS/Perfluorobutanesulfonic_acid.orcacosmo	neutral	JGTNAGYHADQMCM-UHFFFAOYSA-N	tetrahydrofuran	high	337.15	single_liquid_phase	True	100.0	A-12 batch p02
PFAS	PFBS	Perfluorobutanesulfonic acid	PFAS/Perfluorobutanesulfonic_acid.orcacosmo	neutral	JGTNAGYHADQMCM-UHFFFAOYSA-N	tetrahydropyran	RT	298.15	single_liquid_phase	True	100.0	A-12 batch p02
PFAS	PFBS	Perfluorobutanesulfonic acid	PFAS/Perfluorobutanesulfonic_acid.orcacosmo	neutral	JGTNAGYHADQMCM-UHFFFAOYSA-N	tetrahydropyran	high	360.15	single_liquid_phase	True	100.0	A-12 batch p02
PFAS	PFBS	Perfluorobutanesulfonic acid	PFAS/Perfluorobutanesulfonic_acid.orcacosmo	neutral	JGTNAGYHADQMCM-UHFFFAOYSA-N	toluene	RT	298.15	single_liquid_phase	True	100.0	A-12 batch p02
PFAS	PFBS	Perfluorobutanesulfonic acid	PFAS/Perfluorobutanesulfonic_acid.orcacosmo	neutral	JGTNAGYHADQMCM-UHFFFAOYSA-N	toluene	high	382.75	single_liquid_phase	True	100.0	A-12 batch p02
PFAS	PFBS	Perfluorobutanesulfonic acid	PFAS/Perfluorobutanesulfonic_acid.orcacosmo	neutral	JGTNAGYHADQMCM-UHFFFAOYSA-N	triethylamine	RT	298.15	single_liquid_phase	True	100.0	A-12 batch p02
PFAS	PFBS	Perfluorobutanesulfonic acid	PFAS/Perfluorobutanesulfonic_acid.orcacosmo	neutral	JGTNAGYHADQMCM-UHFFFAOYSA-N	triethylamine	high	361.15	single_liquid_phase	True	100.0	A-12 batch p02
PFAS	PFBS	Perfluorobutanesulfonic acid	PFAS/Perfluorobutanesulfonic_acid.orcacosmo	neutral	JGTNAGYHADQMCM-UHFFFAOYSA-N	water	RT	298.15	two_liquid_phases	False	0.21094254281303493	A-12 batch p02
PFAS	PFBS	Perfluorobutanesulfonic acid	PFAS/Perfluorobutanesulfonic_acid.orcacosmo	neutral	JGTNAGYHADQMCM-UHFFFAOYSA-N	water	high	372.15	two_liquid_phases	False	0.3928977151155324	A-12 batch p02
PFAS	PFPS	Perfluoropentanesulfonic acid	PFAS/Perfluoropentanesulfonic_acid.orcacosmo	neutral	ACEKLXZRZOWKRY-UHFFFAOYSA-N	1,2-propanediol	RT	298.15	single_liquid_phase	True	100.0	A-12 batch p02
PFAS	PFPS	Perfluoropentanesulfonic acid	PFAS/Perfluoropentanesulfonic_acid.orcacosmo	neutral	ACEKLXZRZOWKRY-UHFFFAOYSA-N	1,2-propanediol	high	393.15	single_liquid_phase	True	100.0	A-12 batch p02
PFAS	PFPS	Perfluoropentanesulfonic acid	PFAS/Perfluoropentanesulfonic_acid.orcacosmo	neutral	ACEKLXZRZOWKRY-UHFFFAOYSA-N	1-propanol	RT	298.15	single_liquid_phase	True	100.0	A-12 batch p02
PFAS	PFPS	Perfluoropentanesulfonic acid	PFAS/Perfluoropentanesulfonic_acid.orcacosmo	neutral	ACEKLXZRZOWKRY-UHFFFAOYSA-N	1-propanol	high	369.34999999999997	single_liquid_phase	True	100.0	A-12 batch p02
PFAS	PFPS	Perfluoropentanesulfonic acid	PFAS/Perfluoropentanesulfonic_acid.orcacosmo	neutral	ACEKLXZRZOWKRY-UHFFFAOYSA-N	2,3-dihydropyran	RT	298.15	single_liquid_phase	True	100.0	A-12 batch p02
PFAS	PFPS	Perfluoropentanesulfonic acid	PFAS/Perfluoropentanesulfonic_acid.orcacosmo	neutral	ACEKLXZRZOWKRY-UHFFFAOYSA-N	2,3-dihydropyran	high	358.15	single_liquid_phase	True	100.0	A-12 batch p02
PFAS	PFPS	Perfluoropentanesulfonic acid	PFAS/Perfluoropentanesulfonic_acid.orcacosmo	neutral	ACEKLXZRZOWKRY-UHFFFAOYSA-N	2-butanone	RT	298.15	single_liquid_phase	True	100.0	A-12 batch p02
PFAS	PFPS	Perfluoropentanesulfonic acid	PFAS/Perfluoropentanesulfonic_acid.orcacosmo	neutral	ACEKLXZRZOWKRY-UHFFFAOYSA-N	2-butanone	high	351.65	single_liquid_phase	True	100.0	A-12 batch p02
PFAS	PFPS	Perfluoropentanesulfonic acid	PFAS/Perfluoropentanesulfonic_acid.orcacosmo	neutral	ACEKLXZRZOWKRY-UHFFFAOYSA-N	acetic acid	RT	298.15	single_liquid_phase	True	100.0	A-12 batch p02
PFAS	PFPS	Perfluoropentanesulfonic acid	PFAS/Perfluoropentanesulfonic_acid.orcacosmo	neutral	ACEKLXZRZOWKRY-UHFFFAOYSA-N	acetic acid	high	390.04999999999995	single_liquid_phase	True	100.0	A-12 batch p02
PFAS	PFPS	Perfluoropentanesulfonic acid	PFAS/Perfluoropentanesulfonic_acid.orcacosmo	neutral	ACEKLXZRZOWKRY-UHFFFAOYSA-N	acetone	RT	298.15	single_liquid_phase	True	100.0	A-12 batch p02
PFAS	PFPS	Perfluoropentanesulfonic acid	PFAS/Perfluoropentanesulfonic_acid.orcacosmo	neutral	ACEKLXZRZOWKRY-UHFFFAOYSA-N	acetone	high	328.15	single_liquid_phase	True	100.0	A-12 batch p02
PFAS	PFPS	Perfluoropentanesulfonic acid	PFAS/Perfluoropentanesulfonic_acid.orcacosmo	neutral	ACEKLXZRZOWKRY-UHFFFAOYSA-N	acetylacetone	RT	298.15	single_liquid_phase	True	100.0	A-12 batch p02
PFAS	PFPS	Perfluoropentanesulfonic acid	PFAS/Perfluoropentanesulfonic_acid.orcacosmo	neutral	ACEKLXZRZOWKRY-UHFFFAOYSA-N	acetylacetone	high	393.15	single_liquid_phase	True	100.0	A-12 batch p02
PFAS	PFPS	Perfluoropentanesulfonic acid	PFAS/Perfluoropentanesulfonic_acid.orcacosmo	neutral	ACEKLXZRZOWKRY-UHFFFAOYSA-N	benzene	RT	298.15	single_liquid_phase	True	100.0	A-12 batch p02
PFAS	PFPS	Perfluoropentanesulfonic acid	PFAS/Perfluoropentanesulfonic_acid.orcacosmo	neutral	ACEKLXZRZOWKRY-UHFFFAOYSA-N	benzene	high	352.15	single_liquid_phase	True	100.0	A-12 batch p02
PFAS	PFPS	Perfluoropentanesulfonic acid	PFAS/Perfluoropentanesulfonic_acid.orcacosmo	neutral	ACEKLXZRZOWKRY-UHFFFAOYSA-N	chloroform	RT	298.15	single_liquid_phase	True	100.0	A-12 batch p02
PFAS	PFPS	Perfluoropentanesulfonic acid	PFAS/Perfluoropentanesulfonic_acid.orcacosmo	neutral	ACEKLXZRZOWKRY-UHFFFAOYSA-N	chloroform	high	333.25	single_liquid_phase	True	100.0	A-12 batch p02
PFAS	PFPS	Perfluoropentanesulfonic acid	PFAS/Perfluoropentanesulfonic_acid.orcacosmo	neutral	ACEKLXZRZOWKRY-UHFFFAOYSA-N	cyclohexane	RT	298.15	single_liquid_phase	True	100.0	A-12 batch p02
PFAS	PFPS	Perfluoropentanesulfonic acid	PFAS/Perfluoropentanesulfonic_acid.orcacosmo	neutral	ACEKLXZRZOWKRY-UHFFFAOYSA-N	cyclohexane	high	352.84999999999997	single_liquid_phase	True	100.0	A-12 batch p02
PFAS	PFPS	Perfluoropentanesulfonic acid	PFAS/Perfluoropentanesulfonic_acid.orcacosmo	neutral	ACEKLXZRZOWKRY-UHFFFAOYSA-N	cyclohexanol	RT	298.15	single_liquid_phase	True	100.0	A-12 batch p02
PFAS	PFPS	Perfluoropentanesulfonic acid	PFAS/Perfluoropentanesulfonic_acid.orcacosmo	neutral	ACEKLXZRZOWKRY-UHFFFAOYSA-N	cyclohexanol	high	393.15	single_liquid_phase	True	100.0	A-12 batch p02
PFAS	PFPS	Perfluoropentanesulfonic acid	PFAS/Perfluoropentanesulfonic_acid.orcacosmo	neutral	ACEKLXZRZOWKRY-UHFFFAOYSA-N	dichloromethane	RT	298.15	single_liquid_phase	True	100.0	A-12 batch p02
PFAS	PFPS	Perfluoropentanesulfonic acid	PFAS/Perfluoropentanesulfonic_acid.orcacosmo	neutral	ACEKLXZRZOWKRY-UHFFFAOYSA-N	dichloromethane	high	312.15	single_liquid_phase	True	100.0	A-12 batch p02
PFAS	PFPS	Perfluoropentanesulfonic acid	PFAS/Perfluoropentanesulfonic_acid.orcacosmo	neutral	ACEKLXZRZOWKRY-UHFFFAOYSA-N	dimethyl sulfoxide	RT	298.15	single_liquid_phase	True	100.0	A-12 batch p02
PFAS	PFPS	Perfluoropentanesulfonic acid	PFAS/Perfluoropentanesulfonic_acid.orcacosmo	neutral	ACEKLXZRZOWKRY-UHFFFAOYSA-N	dimethyl sulfoxide	high	393.15	single_liquid_phase	True	100.0	A-12 batch p02
PFAS	PFPS	Perfluoropentanesulfonic acid	PFAS/Perfluoropentanesulfonic_acid.orcacosmo	neutral	ACEKLXZRZOWKRY-UHFFFAOYSA-N	diphenyl ether	RT	298.15	single_liquid_phase	True	100.0	A-12 batch p02
PFAS	PFPS	Perfluoropentanesulfonic acid	PFAS/Perfluoropentanesulfonic_acid.orcacosmo	neutral	ACEKLXZRZOWKRY-UHFFFAOYSA-N	diphenyl ether	high	393.15	single_liquid_phase	True	100.0	A-12 batch p02
PFAS	PFPS	Perfluoropentanesulfonic acid	PFAS/Perfluoropentanesulfonic_acid.orcacosmo	neutral	ACEKLXZRZOWKRY-UHFFFAOYSA-N	dodecane	RT	298.15	single_liquid_phase	True	100.0	A-12 batch p02
PFAS	PFPS	Perfluoropentanesulfonic acid	PFAS/Perfluoropentanesulfonic_acid.orcacosmo	neutral	ACEKLXZRZOWKRY-UHFFFAOYSA-N	dodecane	high	393.15	single_liquid_phase	True	100.0	A-12 batch p02
PFAS	PFPS	Perfluoropentanesulfonic acid	PFAS/Perfluoropentanesulfonic_acid.orcacosmo	neutral	ACEKLXZRZOWKRY-UHFFFAOYSA-N	ethanol	RT	298.15	single_liquid_phase	True	100.0	A-12 batch p02
PFAS	PFPS	Perfluoropentanesulfonic acid	PFAS/Perfluoropentanesulfonic_acid.orcacosmo	neutral	ACEKLXZRZOWKRY-UHFFFAOYSA-N	ethanol	high	350.34999999999997	single_liquid_phase	True	100.0	A-12 batch p02
PFAS	PFPS	Perfluoropentanesulfonic acid	PFAS/Perfluoropentanesulfonic_acid.orcacosmo	neutral	ACEKLXZRZOWKRY-UHFFFAOYSA-N	ethyl acetate	RT	298.15	single_liquid_phase	True	100.0	A-12 batch p02
PFAS	PFPS	Perfluoropentanesulfonic acid	PFAS/Perfluoropentanesulfonic_acid.orcacosmo	neutral	ACEKLXZRZOWKRY-UHFFFAOYSA-N	ethyl acetate	high	349.25	single_liquid_phase	True	100.0	A-12 batch p02
PFAS	PFPS	Perfluoropentanesulfonic acid	PFAS/Perfluoropentanesulfonic_acid.orcacosmo	neutral	ACEKLXZRZOWKRY-UHFFFAOYSA-N	ethylene glycol	RT	298.15	single_liquid_phase	True	100.0	A-12 batch p02
PFAS	PFPS	Perfluoropentanesulfonic acid	PFAS/Perfluoropentanesulfonic_acid.orcacosmo	neutral	ACEKLXZRZOWKRY-UHFFFAOYSA-N	ethylene glycol	high	393.15	single_liquid_phase	True	100.0	A-12 batch p02
PFAS	PFPS	Perfluoropentanesulfonic acid	PFAS/Perfluoropentanesulfonic_acid.orcacosmo	neutral	ACEKLXZRZOWKRY-UHFFFAOYSA-N	heptane	RT	298.15	single_liquid_phase	True	100.0	A-12 batch p02
PFAS	PFPS	Perfluoropentanesulfonic acid	PFAS/Perfluoropentanesulfonic_acid.orcacosmo	neutral	ACEKLXZRZOWKRY-UHFFFAOYSA-N	heptane	high	370.65	single_liquid_phase	True	100.0	A-12 batch p02
PFAS	PFPS	Perfluoropentanesulfonic acid	PFAS/Perfluoropentanesulfonic_acid.orcacosmo	neutral	ACEKLXZRZOWKRY-UHFFFAOYSA-N	hexane	RT	298.15	single_liquid_phase	True	100.0	A-12 batch p02
PFAS	PFPS	Perfluoropentanesulfonic acid	PFAS/Perfluoropentanesulfonic_acid.orcacosmo	neutral	ACEKLXZRZOWKRY-UHFFFAOYSA-N	hexane	high	340.84999999999997	single_liquid_phase	True	100.0	A-12 batch p02
PFAS	PFPS	Perfluoropentanesulfonic acid	PFAS/Perfluoropentanesulfonic_acid.orcacosmo	neutral	ACEKLXZRZOWKRY-UHFFFAOYSA-N	isopropanol	RT	298.15	single_liquid_phase	True	100.0	A-12 batch p02
PFAS	PFPS	Perfluoropentanesulfonic acid	PFAS/Perfluoropentanesulfonic_acid.orcacosmo	neutral	ACEKLXZRZOWKRY-UHFFFAOYSA-N	isopropanol	high	354.45	single_liquid_phase	True	100.0	A-12 batch p02
PFAS	PFPS	Perfluoropentanesulfonic acid	PFAS/Perfluoropentanesulfonic_acid.orcacosmo	neutral	ACEKLXZRZOWKRY-UHFFFAOYSA-N	isopropylamine	RT	298.15	single_liquid_phase	True	100.0	A-12 batch p02
PFAS	PFPS	Perfluoropentanesulfonic acid	PFAS/Perfluoropentanesulfonic_acid.orcacosmo	neutral	ACEKLXZRZOWKRY-UHFFFAOYSA-N	isopropylamine	high	303.84999999999997	single_liquid_phase	True	100.0	A-12 batch p02
PFAS	PFPS	Perfluoropentanesulfonic acid	PFAS/Perfluoropentanesulfonic_acid.orcacosmo	neutral	ACEKLXZRZOWKRY-UHFFFAOYSA-N	methanol	RT	298.15	single_liquid_phase	True	100.0	A-12 batch p02
PFAS	PFPS	Perfluoropentanesulfonic acid	PFAS/Perfluoropentanesulfonic_acid.orcacosmo	neutral	ACEKLXZRZOWKRY-UHFFFAOYSA-N	methanol	high	336.7499999999999	single_liquid_phase	True	100.0	A-12 batch p02
PFAS	PFPS	Perfluoropentanesulfonic acid	PFAS/Perfluoropentanesulfonic_acid.orcacosmo	neutral	ACEKLXZRZOWKRY-UHFFFAOYSA-N	methylacetate	RT	298.15	single_liquid_phase	True	100.0	A-12 batch p02
PFAS	PFPS	Perfluoropentanesulfonic acid	PFAS/Perfluoropentanesulfonic_acid.orcacosmo	neutral	ACEKLXZRZOWKRY-UHFFFAOYSA-N	methylacetate	high	328.95	single_liquid_phase	True	100.0	A-12 batch p02
PFAS	PFPS	Perfluoropentanesulfonic acid	PFAS/Perfluoropentanesulfonic_acid.orcacosmo	neutral	ACEKLXZRZOWKRY-UHFFFAOYSA-N	n,n-dimethylformamide	RT	298.15	single_liquid_phase	True	100.0	A-12 batch p02
PFAS	PFPS	Perfluoropentanesulfonic acid	PFAS/Perfluoropentanesulfonic_acid.orcacosmo	neutral	ACEKLXZRZOWKRY-UHFFFAOYSA-N	n,n-dimethylformamide	high	393.15	single_liquid_phase	True	100.0	A-12 batch p02
PFAS	PFPS	Perfluoropentanesulfonic acid	PFAS/Perfluoropentanesulfonic_acid.orcacosmo	neutral	ACEKLXZRZOWKRY-UHFFFAOYSA-N	o-xylene	RT	298.15	single_liquid_phase	True	100.0	A-12 batch p02
PFAS	PFPS	Perfluoropentanesulfonic acid	PFAS/Perfluoropentanesulfonic_acid.orcacosmo	neutral	ACEKLXZRZOWKRY-UHFFFAOYSA-N	o-xylene	high	393.15	single_liquid_phase	True	100.0	A-12 batch p02
PFAS	PFPS	Perfluoropentanesulfonic acid	PFAS/Perfluoropentanesulfonic_acid.orcacosmo	neutral	ACEKLXZRZOWKRY-UHFFFAOYSA-N	tert-butanol	RT	298.15	single_liquid_phase	True	100.0	A-12 batch p02
PFAS	PFPS	Perfluoropentanesulfonic acid	PFAS/Perfluoropentanesulfonic_acid.orcacosmo	neutral	ACEKLXZRZOWKRY-UHFFFAOYSA-N	tert-butanol	high	354.54999999999995	single_liquid_phase	True	100.0	A-12 batch p02
PFAS	PFPS	Perfluoropentanesulfonic acid	PFAS/Perfluoropentanesulfonic_acid.orcacosmo	neutral	ACEKLXZRZOWKRY-UHFFFAOYSA-N	tetrahydrofuran	RT	298.15	single_liquid_phase	True	100.0	A-12 batch p02
PFAS	PFPS	Perfluoropentanesulfonic acid	PFAS/Perfluoropentanesulfonic_acid.orcacosmo	neutral	ACEKLXZRZOWKRY-UHFFFAOYSA-N	tetrahydrofuran	high	337.15	single_liquid_phase	True	100.0	A-12 batch p02
PFAS	PFPS	Perfluoropentanesulfonic acid	PFAS/Perfluoropentanesulfonic_acid.orcacosmo	neutral	ACEKLXZRZOWKRY-UHFFFAOYSA-N	tetrahydropyran	RT	298.15	single_liquid_phase	True	100.0	A-12 batch p02
PFAS	PFPS	Perfluoropentanesulfonic acid	PFAS/Perfluoropentanesulfonic_acid.orcacosmo	neutral	ACEKLXZRZOWKRY-UHFFFAOYSA-N	tetrahydropyran	high	360.15	single_liquid_phase	True	100.0	A-12 batch p02
PFAS	PFPS	Perfluoropentanesulfonic acid	PFAS/Perfluoropentanesulfonic_acid.orcacosmo	neutral	ACEKLXZRZOWKRY-UHFFFAOYSA-N	toluene	RT	298.15	single_liquid_phase	True	100.0	A-12 batch p02
PFAS	PFPS	Perfluoropentanesulfonic acid	PFAS/Perfluoropentanesulfonic_acid.orcacosmo	neutral	ACEKLXZRZOWKRY-UHFFFAOYSA-N	toluene	high	382.75	single_liquid_phase	True	100.0	A-12 batch p02
PFAS	PFPS	Perfluoropentanesulfonic acid	PFAS/Perfluoropentanesulfonic_acid.orcacosmo	neutral	ACEKLXZRZOWKRY-UHFFFAOYSA-N	triethylamine	RT	298.15	single_liquid_phase	True	100.0	A-12 batch p02
PFAS	PFPS	Perfluoropentanesulfonic acid	PFAS/Perfluoropentanesulfonic_acid.orcacosmo	neutral	ACEKLXZRZOWKRY-UHFFFAOYSA-N	triethylamine	high	361.15	single_liquid_phase	True	100.0	A-12 batch p02
PFAS	PFPS	Perfluoropentanesulfonic acid	PFAS/Perfluoropentanesulfonic_acid.orcacosmo	neutral	ACEKLXZRZOWKRY-UHFFFAOYSA-N	water	RT	298.15	two_liquid_phases	False	0.03531484411823767	A-12 batch p02
PFAS	PFPS	Perfluoropentanesulfonic acid	PFAS/Perfluoropentanesulfonic_acid.orcacosmo	neutral	ACEKLXZRZOWKRY-UHFFFAOYSA-N	water	high	372.15	two_liquid_phases	False	0.08317041977392121	A-12 batch p02
PFAS	PFHxS	Perfluorohexanesulfonic acid	PFAS/Perfluorohexanesulfonic_acid.orcacosmo	neutral	QZHDEAJFRJCDMF-UHFFFAOYSA-N	1,2-propanediol	RT	298.15	single_liquid_phase	True	100.0	A-12 batch p02
PFAS	PFHxS	Perfluorohexanesulfonic acid	PFAS/Perfluorohexanesulfonic_acid.orcacosmo	neutral	QZHDEAJFRJCDMF-UHFFFAOYSA-N	1,2-propanediol	high	393.15	single_liquid_phase	True	100.0	A-12 batch p02
PFAS	PFHxS	Perfluorohexanesulfonic acid	PFAS/Perfluorohexanesulfonic_acid.orcacosmo	neutral	QZHDEAJFRJCDMF-UHFFFAOYSA-N	1-propanol	RT	298.15	single_liquid_phase	True	100.0	A-12 batch p02
PFAS	PFHxS	Perfluorohexanesulfonic acid	PFAS/Perfluorohexanesulfonic_acid.orcacosmo	neutral	QZHDEAJFRJCDMF-UHFFFAOYSA-N	1-propanol	high	369.34999999999997	single_liquid_phase	True	100.0	A-12 batch p02
PFAS	PFHxS	Perfluorohexanesulfonic acid	PFAS/Perfluorohexanesulfonic_acid.orcacosmo	neutral	QZHDEAJFRJCDMF-UHFFFAOYSA-N	2,3-dihydropyran	RT	298.15	single_liquid_phase	True	100.0	A-12 batch p02
PFAS	PFHxS	Perfluorohexanesulfonic acid	PFAS/Perfluorohexanesulfonic_acid.orcacosmo	neutral	QZHDEAJFRJCDMF-UHFFFAOYSA-N	2,3-dihydropyran	high	358.15	single_liquid_phase	True	100.0	A-12 batch p02
PFAS	PFHxS	Perfluorohexanesulfonic acid	PFAS/Perfluorohexanesulfonic_acid.orcacosmo	neutral	QZHDEAJFRJCDMF-UHFFFAOYSA-N	2-butanone	RT	298.15	single_liquid_phase	True	100.0	A-12 batch p02
PFAS	PFHxS	Perfluorohexanesulfonic acid	PFAS/Perfluorohexanesulfonic_acid.orcacosmo	neutral	QZHDEAJFRJCDMF-UHFFFAOYSA-N	2-butanone	high	351.65	single_liquid_phase	True	100.0	A-12 batch p02
PFAS	PFHxS	Perfluorohexanesulfonic acid	PFAS/Perfluorohexanesulfonic_acid.orcacosmo	neutral	QZHDEAJFRJCDMF-UHFFFAOYSA-N	acetic acid	RT	298.15	single_liquid_phase	True	100.0	A-12 batch p02
PFAS	PFHxS	Perfluorohexanesulfonic acid	PFAS/Perfluorohexanesulfonic_acid.orcacosmo	neutral	QZHDEAJFRJCDMF-UHFFFAOYSA-N	acetic acid	high	390.04999999999995	single_liquid_phase	True	100.0	A-12 batch p02
PFAS	PFHxS	Perfluorohexanesulfonic acid	PFAS/Perfluorohexanesulfonic_acid.orcacosmo	neutral	QZHDEAJFRJCDMF-UHFFFAOYSA-N	acetone	RT	298.15	single_liquid_phase	True	100.0	A-12 batch p02
PFAS	PFHxS	Perfluorohexanesulfonic acid	PFAS/Perfluorohexanesulfonic_acid.orcacosmo	neutral	QZHDEAJFRJCDMF-UHFFFAOYSA-N	acetone	high	328.15	single_liquid_phase	True	100.0	A-12 batch p02
PFAS	PFHxS	Perfluorohexanesulfonic acid	PFAS/Perfluorohexanesulfonic_acid.orcacosmo	neutral	QZHDEAJFRJCDMF-UHFFFAOYSA-N	acetylacetone	RT	298.15	single_liquid_phase	True	100.0	A-12 batch p02
PFAS	PFHxS	Perfluorohexanesulfonic acid	PFAS/Perfluorohexanesulfonic_acid.orcacosmo	neutral	QZHDEAJFRJCDMF-UHFFFAOYSA-N	acetylacetone	high	393.15	single_liquid_phase	True	100.0	A-12 batch p02
PFAS	PFHxS	Perfluorohexanesulfonic acid	PFAS/Perfluorohexanesulfonic_acid.orcacosmo	neutral	QZHDEAJFRJCDMF-UHFFFAOYSA-N	benzene	RT	298.15	single_liquid_phase	True	100.0	A-12 batch p02
PFAS	PFHxS	Perfluorohexanesulfonic acid	PFAS/Perfluorohexanesulfonic_acid.orcacosmo	neutral	QZHDEAJFRJCDMF-UHFFFAOYSA-N	benzene	high	352.15	single_liquid_phase	True	100.0	A-12 batch p02
PFAS	PFHxS	Perfluorohexanesulfonic acid	PFAS/Perfluorohexanesulfonic_acid.orcacosmo	neutral	QZHDEAJFRJCDMF-UHFFFAOYSA-N	chloroform	RT	298.15	single_liquid_phase	True	100.0	A-12 batch p02
PFAS	PFHxS	Perfluorohexanesulfonic acid	PFAS/Perfluorohexanesulfonic_acid.orcacosmo	neutral	QZHDEAJFRJCDMF-UHFFFAOYSA-N	chloroform	high	333.25	single_liquid_phase	True	100.0	A-12 batch p02
PFAS	PFHxS	Perfluorohexanesulfonic acid	PFAS/Perfluorohexanesulfonic_acid.orcacosmo	neutral	QZHDEAJFRJCDMF-UHFFFAOYSA-N	cyclohexane	RT	298.15	single_liquid_phase	True	100.0	A-12 batch p02
PFAS	PFHxS	Perfluorohexanesulfonic acid	PFAS/Perfluorohexanesulfonic_acid.orcacosmo	neutral	QZHDEAJFRJCDMF-UHFFFAOYSA-N	cyclohexane	high	352.84999999999997	single_liquid_phase	True	100.0	A-12 batch p02
PFAS	PFHxS	Perfluorohexanesulfonic acid	PFAS/Perfluorohexanesulfonic_acid.orcacosmo	neutral	QZHDEAJFRJCDMF-UHFFFAOYSA-N	cyclohexanol	RT	298.15	single_liquid_phase	True	100.0	A-12 batch p02
PFAS	PFHxS	Perfluorohexanesulfonic acid	PFAS/Perfluorohexanesulfonic_acid.orcacosmo	neutral	QZHDEAJFRJCDMF-UHFFFAOYSA-N	cyclohexanol	high	393.15	single_liquid_phase	True	100.0	A-12 batch p02
PFAS	PFHxS	Perfluorohexanesulfonic acid	PFAS/Perfluorohexanesulfonic_acid.orcacosmo	neutral	QZHDEAJFRJCDMF-UHFFFAOYSA-N	dichloromethane	RT	298.15	single_liquid_phase	True	100.0	A-12 batch p02
PFAS	PFHxS	Perfluorohexanesulfonic acid	PFAS/Perfluorohexanesulfonic_acid.orcacosmo	neutral	QZHDEAJFRJCDMF-UHFFFAOYSA-N	dichloromethane	high	312.15	single_liquid_phase	True	100.0	A-12 batch p02
PFAS	PFHxS	Perfluorohexanesulfonic acid	PFAS/Perfluorohexanesulfonic_acid.orcacosmo	neutral	QZHDEAJFRJCDMF-UHFFFAOYSA-N	dimethyl sulfoxide	RT	298.15	single_liquid_phase	True	100.0	A-12 batch p02
PFAS	PFHxS	Perfluorohexanesulfonic acid	PFAS/Perfluorohexanesulfonic_acid.orcacosmo	neutral	QZHDEAJFRJCDMF-UHFFFAOYSA-N	dimethyl sulfoxide	high	393.15	single_liquid_phase	True	100.0	A-12 batch p02
PFAS	PFHxS	Perfluorohexanesulfonic acid	PFAS/Perfluorohexanesulfonic_acid.orcacosmo	neutral	QZHDEAJFRJCDMF-UHFFFAOYSA-N	diphenyl ether	RT	298.15	single_liquid_phase	True	100.0	A-12 batch p02
PFAS	PFHxS	Perfluorohexanesulfonic acid	PFAS/Perfluorohexanesulfonic_acid.orcacosmo	neutral	QZHDEAJFRJCDMF-UHFFFAOYSA-N	diphenyl ether	high	393.15	single_liquid_phase	True	100.0	A-12 batch p02
PFAS	PFHxS	Perfluorohexanesulfonic acid	PFAS/Perfluorohexanesulfonic_acid.orcacosmo	neutral	QZHDEAJFRJCDMF-UHFFFAOYSA-N	dodecane	RT	298.15	single_liquid_phase	True	100.0	A-12 batch p02
PFAS	PFHxS	Perfluorohexanesulfonic acid	PFAS/Perfluorohexanesulfonic_acid.orcacosmo	neutral	QZHDEAJFRJCDMF-UHFFFAOYSA-N	dodecane	high	393.15	single_liquid_phase	True	100.0	A-12 batch p02
PFAS	PFHxS	Perfluorohexanesulfonic acid	PFAS/Perfluorohexanesulfonic_acid.orcacosmo	neutral	QZHDEAJFRJCDMF-UHFFFAOYSA-N	ethanol	RT	298.15	single_liquid_phase	True	100.0	A-12 batch p02
PFAS	PFHxS	Perfluorohexanesulfonic acid	PFAS/Perfluorohexanesulfonic_acid.orcacosmo	neutral	QZHDEAJFRJCDMF-UHFFFAOYSA-N	ethanol	high	350.34999999999997	single_liquid_phase	True	100.0	A-12 batch p02
PFAS	PFHxS	Perfluorohexanesulfonic acid	PFAS/Perfluorohexanesulfonic_acid.orcacosmo	neutral	QZHDEAJFRJCDMF-UHFFFAOYSA-N	ethyl acetate	RT	298.15	single_liquid_phase	True	100.0	A-12 batch p02
PFAS	PFHxS	Perfluorohexanesulfonic acid	PFAS/Perfluorohexanesulfonic_acid.orcacosmo	neutral	QZHDEAJFRJCDMF-UHFFFAOYSA-N	ethyl acetate	high	349.25	single_liquid_phase	True	100.0	A-12 batch p02
PFAS	PFHxS	Perfluorohexanesulfonic acid	PFAS/Perfluorohexanesulfonic_acid.orcacosmo	neutral	QZHDEAJFRJCDMF-UHFFFAOYSA-N	ethylene glycol	RT	298.15	single_liquid_phase	True	100.0	A-12 batch p02
PFAS	PFHxS	Perfluorohexanesulfonic acid	PFAS/Perfluorohexanesulfonic_acid.orcacosmo	neutral	QZHDEAJFRJCDMF-UHFFFAOYSA-N	ethylene glycol	high	393.15	single_liquid_phase	True	100.0	A-12 batch p02
PFAS	PFHxS	Perfluorohexanesulfonic acid	PFAS/Perfluorohexanesulfonic_acid.orcacosmo	neutral	QZHDEAJFRJCDMF-UHFFFAOYSA-N	heptane	RT	298.15	single_liquid_phase	True	100.0	A-12 batch p02
PFAS	PFHxS	Perfluorohexanesulfonic acid	PFAS/Perfluorohexanesulfonic_acid.orcacosmo	neutral	QZHDEAJFRJCDMF-UHFFFAOYSA-N	heptane	high	370.65	single_liquid_phase	True	100.0	A-12 batch p02
PFAS	PFHxS	Perfluorohexanesulfonic acid	PFAS/Perfluorohexanesulfonic_acid.orcacosmo	neutral	QZHDEAJFRJCDMF-UHFFFAOYSA-N	hexane	RT	298.15	single_liquid_phase	True	100.0	A-12 batch p02
PFAS	PFHxS	Perfluorohexanesulfonic acid	PFAS/Perfluorohexanesulfonic_acid.orcacosmo	neutral	QZHDEAJFRJCDMF-UHFFFAOYSA-N	hexane	high	340.84999999999997	single_liquid_phase	True	100.0	A-12 batch p02
PFAS	PFHxS	Perfluorohexanesulfonic acid	PFAS/Perfluorohexanesulfonic_acid.orcacosmo	neutral	QZHDEAJFRJCDMF-UHFFFAOYSA-N	isopropanol	RT	298.15	single_liquid_phase	True	100.0	A-12 batch p02
PFAS	PFHxS	Perfluorohexanesulfonic acid	PFAS/Perfluorohexanesulfonic_acid.orcacosmo	neutral	QZHDEAJFRJCDMF-UHFFFAOYSA-N	isopropanol	high	354.45	single_liquid_phase	True	100.0	A-12 batch p02
PFAS	PFHxS	Perfluorohexanesulfonic acid	PFAS/Perfluorohexanesulfonic_acid.orcacosmo	neutral	QZHDEAJFRJCDMF-UHFFFAOYSA-N	isopropylamine	RT	298.15	single_liquid_phase	True	100.0	A-12 batch p02
PFAS	PFHxS	Perfluorohexanesulfonic acid	PFAS/Perfluorohexanesulfonic_acid.orcacosmo	neutral	QZHDEAJFRJCDMF-UHFFFAOYSA-N	isopropylamine	high	303.84999999999997	single_liquid_phase	True	100.0	A-12 batch p02
PFAS	PFHxS	Perfluorohexanesulfonic acid	PFAS/Perfluorohexanesulfonic_acid.orcacosmo	neutral	QZHDEAJFRJCDMF-UHFFFAOYSA-N	methanol	RT	298.15	single_liquid_phase	True	100.0	A-12 batch p02
PFAS	PFHxS	Perfluorohexanesulfonic acid	PFAS/Perfluorohexanesulfonic_acid.orcacosmo	neutral	QZHDEAJFRJCDMF-UHFFFAOYSA-N	methanol	high	336.7499999999999	single_liquid_phase	True	100.0	A-12 batch p02
PFAS	PFHxS	Perfluorohexanesulfonic acid	PFAS/Perfluorohexanesulfonic_acid.orcacosmo	neutral	QZHDEAJFRJCDMF-UHFFFAOYSA-N	methylacetate	RT	298.15	single_liquid_phase	True	100.0	A-12 batch p02
PFAS	PFHxS	Perfluorohexanesulfonic acid	PFAS/Perfluorohexanesulfonic_acid.orcacosmo	neutral	QZHDEAJFRJCDMF-UHFFFAOYSA-N	methylacetate	high	328.95	single_liquid_phase	True	100.0	A-12 batch p02
PFAS	PFHxS	Perfluorohexanesulfonic acid	PFAS/Perfluorohexanesulfonic_acid.orcacosmo	neutral	QZHDEAJFRJCDMF-UHFFFAOYSA-N	n,n-dimethylformamide	RT	298.15	single_liquid_phase	True	100.0	A-12 batch p02
PFAS	PFHxS	Perfluorohexanesulfonic acid	PFAS/Perfluorohexanesulfonic_acid.orcacosmo	neutral	QZHDEAJFRJCDMF-UHFFFAOYSA-N	n,n-dimethylformamide	high	393.15	single_liquid_phase	True	100.0	A-12 batch p02
PFAS	PFHxS	Perfluorohexanesulfonic acid	PFAS/Perfluorohexanesulfonic_acid.orcacosmo	neutral	QZHDEAJFRJCDMF-UHFFFAOYSA-N	o-xylene	RT	298.15	single_liquid_phase	True	100.0	A-12 batch p02
PFAS	PFHxS	Perfluorohexanesulfonic acid	PFAS/Perfluorohexanesulfonic_acid.orcacosmo	neutral	QZHDEAJFRJCDMF-UHFFFAOYSA-N	o-xylene	high	393.15	single_liquid_phase	True	100.0	A-12 batch p02
PFAS	PFHxS	Perfluorohexanesulfonic acid	PFAS/Perfluorohexanesulfonic_acid.orcacosmo	neutral	QZHDEAJFRJCDMF-UHFFFAOYSA-N	tert-butanol	RT	298.15	single_liquid_phase	True	100.0	A-12 batch p02
PFAS	PFHxS	Perfluorohexanesulfonic acid	PFAS/Perfluorohexanesulfonic_acid.orcacosmo	neutral	QZHDEAJFRJCDMF-UHFFFAOYSA-N	tert-butanol	high	354.54999999999995	single_liquid_phase	True	100.0	A-12 batch p02
PFAS	PFHxS	Perfluorohexanesulfonic acid	PFAS/Perfluorohexanesulfonic_acid.orcacosmo	neutral	QZHDEAJFRJCDMF-UHFFFAOYSA-N	tetrahydrofuran	RT	298.15	single_liquid_phase	True	100.0	A-12 batch p02
PFAS	PFHxS	Perfluorohexanesulfonic acid	PFAS/Perfluorohexanesulfonic_acid.orcacosmo	neutral	QZHDEAJFRJCDMF-UHFFFAOYSA-N	tetrahydrofuran	high	337.15	single_liquid_phase	True	100.0	A-12 batch p02
PFAS	PFHxS	Perfluorohexanesulfonic acid	PFAS/Perfluorohexanesulfonic_acid.orcacosmo	neutral	QZHDEAJFRJCDMF-UHFFFAOYSA-N	tetrahydropyran	RT	298.15	single_liquid_phase	True	100.0	A-12 batch p02
PFAS	PFHxS	Perfluorohexanesulfonic acid	PFAS/Perfluorohexanesulfonic_acid.orcacosmo	neutral	QZHDEAJFRJCDMF-UHFFFAOYSA-N	tetrahydropyran	high	360.15	single_liquid_phase	True	100.0	A-12 batch p02
PFAS	PFHxS	Perfluorohexanesulfonic acid	PFAS/Perfluorohexanesulfonic_acid.orcacosmo	neutral	QZHDEAJFRJCDMF-UHFFFAOYSA-N	toluene	RT	298.15	single_liquid_phase	True	100.0	A-12 batch p02
PFAS	PFHxS	Perfluorohexanesulfonic acid	PFAS/Perfluorohexanesulfonic_acid.orcacosmo	neutral	QZHDEAJFRJCDMF-UHFFFAOYSA-N	toluene	high	382.75	single_liquid_phase	True	100.0	A-12 batch p02
PFAS	PFHxS	Perfluorohexanesulfonic acid	PFAS/Perfluorohexanesulfonic_acid.orcacosmo	neutral	QZHDEAJFRJCDMF-UHFFFAOYSA-N	triethylamine	RT	298.15	single_liquid_phase	True	100.0	A-12 batch p02
PFAS	PFHxS	Perfluorohexanesulfonic acid	PFAS/Perfluorohexanesulfonic_acid.orcacosmo	neutral	QZHDEAJFRJCDMF-UHFFFAOYSA-N	triethylamine	high	361.15	single_liquid_phase	True	100.0	A-12 batch p02
PFAS	PFHxS	Perfluorohexanesulfonic acid	PFAS/Perfluorohexanesulfonic_acid.orcacosmo	neutral	QZHDEAJFRJCDMF-UHFFFAOYSA-N	water	RT	298.15	two_liquid_phases	False	0.00461062629431838	A-12 batch p02
PFAS	PFHxS	Perfluorohexanesulfonic acid	PFAS/Perfluorohexanesulfonic_acid.orcacosmo	neutral	QZHDEAJFRJCDMF-UHFFFAOYSA-N	water	high	372.15	two_liquid_phases	False	0.014427428203199389	A-12 batch p02
PFAS	PFHS	Perfluoroheptanesulfonic acid	PFAS/Perfluoroheptanesulfonic_acid.orcacosmo	neutral	OYGQVDSRYXATEL-UHFFFAOYSA-N	1,2-propanediol	RT	298.15	single_liquid_phase	True	100.0	A-12 batch p02
PFAS	PFHS	Perfluoroheptanesulfonic acid	PFAS/Perfluoroheptanesulfonic_acid.orcacosmo	neutral	OYGQVDSRYXATEL-UHFFFAOYSA-N	1,2-propanediol	high	393.15	single_liquid_phase	True	100.0	A-12 batch p02
PFAS	PFHS	Perfluoroheptanesulfonic acid	PFAS/Perfluoroheptanesulfonic_acid.orcacosmo	neutral	OYGQVDSRYXATEL-UHFFFAOYSA-N	1-propanol	RT	298.15	single_liquid_phase	True	100.0	A-12 batch p02
PFAS	PFHS	Perfluoroheptanesulfonic acid	PFAS/Perfluoroheptanesulfonic_acid.orcacosmo	neutral	OYGQVDSRYXATEL-UHFFFAOYSA-N	1-propanol	high	369.34999999999997	single_liquid_phase	True	100.0	A-12 batch p02
PFAS	PFHS	Perfluoroheptanesulfonic acid	PFAS/Perfluoroheptanesulfonic_acid.orcacosmo	neutral	OYGQVDSRYXATEL-UHFFFAOYSA-N	2,3-dihydropyran	RT	298.15	single_liquid_phase	True	100.0	A-12 batch p02
PFAS	PFHS	Perfluoroheptanesulfonic acid	PFAS/Perfluoroheptanesulfonic_acid.orcacosmo	neutral	OYGQVDSRYXATEL-UHFFFAOYSA-N	2,3-dihydropyran	high	358.15	single_liquid_phase	True	100.0	A-12 batch p02
PFAS	PFHS	Perfluoroheptanesulfonic acid	PFAS/Perfluoroheptanesulfonic_acid.orcacosmo	neutral	OYGQVDSRYXATEL-UHFFFAOYSA-N	2-butanone	RT	298.15	single_liquid_phase	True	100.0	A-12 batch p02
PFAS	PFHS	Perfluoroheptanesulfonic acid	PFAS/Perfluoroheptanesulfonic_acid.orcacosmo	neutral	OYGQVDSRYXATEL-UHFFFAOYSA-N	2-butanone	high	351.65	single_liquid_phase	True	100.0	A-12 batch p02
PFAS	PFHS	Perfluoroheptanesulfonic acid	PFAS/Perfluoroheptanesulfonic_acid.orcacosmo	neutral	OYGQVDSRYXATEL-UHFFFAOYSA-N	acetic acid	RT	298.15	single_liquid_phase	True	100.0	A-12 batch p02
PFAS	PFHS	Perfluoroheptanesulfonic acid	PFAS/Perfluoroheptanesulfonic_acid.orcacosmo	neutral	OYGQVDSRYXATEL-UHFFFAOYSA-N	acetic acid	high	390.04999999999995	single_liquid_phase	True	100.0	A-12 batch p02
PFAS	PFHS	Perfluoroheptanesulfonic acid	PFAS/Perfluoroheptanesulfonic_acid.orcacosmo	neutral	OYGQVDSRYXATEL-UHFFFAOYSA-N	acetone	RT	298.15	single_liquid_phase	True	100.0	A-12 batch p02
PFAS	PFHS	Perfluoroheptanesulfonic acid	PFAS/Perfluoroheptanesulfonic_acid.orcacosmo	neutral	OYGQVDSRYXATEL-UHFFFAOYSA-N	acetone	high	328.15	single_liquid_phase	True	100.0	A-12 batch p02
PFAS	PFHS	Perfluoroheptanesulfonic acid	PFAS/Perfluoroheptanesulfonic_acid.orcacosmo	neutral	OYGQVDSRYXATEL-UHFFFAOYSA-N	acetylacetone	RT	298.15	single_liquid_phase	True	100.0	A-12 batch p02
PFAS	PFHS	Perfluoroheptanesulfonic acid	PFAS/Perfluoroheptanesulfonic_acid.orcacosmo	neutral	OYGQVDSRYXATEL-UHFFFAOYSA-N	acetylacetone	high	393.15	single_liquid_phase	True	100.0	A-12 batch p02
PFAS	PFHS	Perfluoroheptanesulfonic acid	PFAS/Perfluoroheptanesulfonic_acid.orcacosmo	neutral	OYGQVDSRYXATEL-UHFFFAOYSA-N	benzene	RT	298.15	single_liquid_phase	True	100.0	A-12 batch p02
PFAS	PFHS	Perfluoroheptanesulfonic acid	PFAS/Perfluoroheptanesulfonic_acid.orcacosmo	neutral	OYGQVDSRYXATEL-UHFFFAOYSA-N	benzene	high	352.15	single_liquid_phase	True	100.0	A-12 batch p02
PFAS	PFHS	Perfluoroheptanesulfonic acid	PFAS/Perfluoroheptanesulfonic_acid.orcacosmo	neutral	OYGQVDSRYXATEL-UHFFFAOYSA-N	chloroform	RT	298.15	single_liquid_phase	True	100.0	A-12 batch p02
PFAS	PFHS	Perfluoroheptanesulfonic acid	PFAS/Perfluoroheptanesulfonic_acid.orcacosmo	neutral	OYGQVDSRYXATEL-UHFFFAOYSA-N	chloroform	high	333.25	single_liquid_phase	True	100.0	A-12 batch p02
PFAS	PFHS	Perfluoroheptanesulfonic acid	PFAS/Perfluoroheptanesulfonic_acid.orcacosmo	neutral	OYGQVDSRYXATEL-UHFFFAOYSA-N	cyclohexane	RT	298.15	single_liquid_phase	True	100.0	A-12 batch p02
PFAS	PFHS	Perfluoroheptanesulfonic acid	PFAS/Perfluoroheptanesulfonic_acid.orcacosmo	neutral	OYGQVDSRYXATEL-UHFFFAOYSA-N	cyclohexane	high	352.84999999999997	single_liquid_phase	True	100.0	A-12 batch p02
PFAS	PFHS	Perfluoroheptanesulfonic acid	PFAS/Perfluoroheptanesulfonic_acid.orcacosmo	neutral	OYGQVDSRYXATEL-UHFFFAOYSA-N	cyclohexanol	RT	298.15	single_liquid_phase	True	100.0	A-12 batch p02
PFAS	PFHS	Perfluoroheptanesulfonic acid	PFAS/Perfluoroheptanesulfonic_acid.orcacosmo	neutral	OYGQVDSRYXATEL-UHFFFAOYSA-N	cyclohexanol	high	393.15	single_liquid_phase	True	100.0	A-12 batch p02
PFAS	PFHS	Perfluoroheptanesulfonic acid	PFAS/Perfluoroheptanesulfonic_acid.orcacosmo	neutral	OYGQVDSRYXATEL-UHFFFAOYSA-N	dichloromethane	RT	298.15	single_liquid_phase	True	100.0	A-12 batch p02
PFAS	PFHS	Perfluoroheptanesulfonic acid	PFAS/Perfluoroheptanesulfonic_acid.orcacosmo	neutral	OYGQVDSRYXATEL-UHFFFAOYSA-N	dichloromethane	high	312.15	single_liquid_phase	True	100.0	A-12 batch p02
PFAS	PFHS	Perfluoroheptanesulfonic acid	PFAS/Perfluoroheptanesulfonic_acid.orcacosmo	neutral	OYGQVDSRYXATEL-UHFFFAOYSA-N	dimethyl sulfoxide	RT	298.15	single_liquid_phase	True	100.0	A-12 batch p02
PFAS	PFHS	Perfluoroheptanesulfonic acid	PFAS/Perfluoroheptanesulfonic_acid.orcacosmo	neutral	OYGQVDSRYXATEL-UHFFFAOYSA-N	dimethyl sulfoxide	high	393.15	single_liquid_phase	True	100.0	A-12 batch p02
PFAS	PFHS	Perfluoroheptanesulfonic acid	PFAS/Perfluoroheptanesulfonic_acid.orcacosmo	neutral	OYGQVDSRYXATEL-UHFFFAOYSA-N	diphenyl ether	RT	298.15	single_liquid_phase	True	100.0	A-12 batch p02
PFAS	PFHS	Perfluoroheptanesulfonic acid	PFAS/Perfluoroheptanesulfonic_acid.orcacosmo	neutral	OYGQVDSRYXATEL-UHFFFAOYSA-N	diphenyl ether	high	393.15	single_liquid_phase	True	100.0	A-12 batch p02
PFAS	PFHS	Perfluoroheptanesulfonic acid	PFAS/Perfluoroheptanesulfonic_acid.orcacosmo	neutral	OYGQVDSRYXATEL-UHFFFAOYSA-N	dodecane	RT	298.15	single_liquid_phase	True	100.0	A-12 batch p02
PFAS	PFHS	Perfluoroheptanesulfonic acid	PFAS/Perfluoroheptanesulfonic_acid.orcacosmo	neutral	OYGQVDSRYXATEL-UHFFFAOYSA-N	dodecane	high	393.15	single_liquid_phase	True	100.0	A-12 batch p02
PFAS	PFHS	Perfluoroheptanesulfonic acid	PFAS/Perfluoroheptanesulfonic_acid.orcacosmo	neutral	OYGQVDSRYXATEL-UHFFFAOYSA-N	ethanol	RT	298.15	single_liquid_phase	True	100.0	A-12 batch p02
PFAS	PFHS	Perfluoroheptanesulfonic acid	PFAS/Perfluoroheptanesulfonic_acid.orcacosmo	neutral	OYGQVDSRYXATEL-UHFFFAOYSA-N	ethanol	high	350.34999999999997	single_liquid_phase	True	100.0	A-12 batch p02
PFAS	PFHS	Perfluoroheptanesulfonic acid	PFAS/Perfluoroheptanesulfonic_acid.orcacosmo	neutral	OYGQVDSRYXATEL-UHFFFAOYSA-N	ethyl acetate	RT	298.15	single_liquid_phase	True	100.0	A-12 batch p02
PFAS	PFHS	Perfluoroheptanesulfonic acid	PFAS/Perfluoroheptanesulfonic_acid.orcacosmo	neutral	OYGQVDSRYXATEL-UHFFFAOYSA-N	ethyl acetate	high	349.25	single_liquid_phase	True	100.0	A-12 batch p02
PFAS	PFHS	Perfluoroheptanesulfonic acid	PFAS/Perfluoroheptanesulfonic_acid.orcacosmo	neutral	OYGQVDSRYXATEL-UHFFFAOYSA-N	ethylene glycol	RT	298.15	single_liquid_phase	True	100.0	A-12 batch p02
PFAS	PFHS	Perfluoroheptanesulfonic acid	PFAS/Perfluoroheptanesulfonic_acid.orcacosmo	neutral	OYGQVDSRYXATEL-UHFFFAOYSA-N	ethylene glycol	high	393.15	single_liquid_phase	True	100.0	A-12 batch p02
PFAS	PFHS	Perfluoroheptanesulfonic acid	PFAS/Perfluoroheptanesulfonic_acid.orcacosmo	neutral	OYGQVDSRYXATEL-UHFFFAOYSA-N	heptane	RT	298.15	single_liquid_phase	True	100.0	A-12 batch p02
PFAS	PFHS	Perfluoroheptanesulfonic acid	PFAS/Perfluoroheptanesulfonic_acid.orcacosmo	neutral	OYGQVDSRYXATEL-UHFFFAOYSA-N	heptane	high	370.65	single_liquid_phase	True	100.0	A-12 batch p02
PFAS	PFHS	Perfluoroheptanesulfonic acid	PFAS/Perfluoroheptanesulfonic_acid.orcacosmo	neutral	OYGQVDSRYXATEL-UHFFFAOYSA-N	hexane	RT	298.15	single_liquid_phase	True	100.0	A-12 batch p02
PFAS	PFHS	Perfluoroheptanesulfonic acid	PFAS/Perfluoroheptanesulfonic_acid.orcacosmo	neutral	OYGQVDSRYXATEL-UHFFFAOYSA-N	hexane	high	340.84999999999997	single_liquid_phase	True	100.0	A-12 batch p02
PFAS	PFHS	Perfluoroheptanesulfonic acid	PFAS/Perfluoroheptanesulfonic_acid.orcacosmo	neutral	OYGQVDSRYXATEL-UHFFFAOYSA-N	isopropanol	RT	298.15	single_liquid_phase	True	100.0	A-12 batch p02
PFAS	PFHS	Perfluoroheptanesulfonic acid	PFAS/Perfluoroheptanesulfonic_acid.orcacosmo	neutral	OYGQVDSRYXATEL-UHFFFAOYSA-N	isopropanol	high	354.45	single_liquid_phase	True	100.0	A-12 batch p02
PFAS	PFHS	Perfluoroheptanesulfonic acid	PFAS/Perfluoroheptanesulfonic_acid.orcacosmo	neutral	OYGQVDSRYXATEL-UHFFFAOYSA-N	isopropylamine	RT	298.15	single_liquid_phase	True	100.0	A-12 batch p02
PFAS	PFHS	Perfluoroheptanesulfonic acid	PFAS/Perfluoroheptanesulfonic_acid.orcacosmo	neutral	OYGQVDSRYXATEL-UHFFFAOYSA-N	isopropylamine	high	303.84999999999997	single_liquid_phase	True	100.0	A-12 batch p02
PFAS	PFHS	Perfluoroheptanesulfonic acid	PFAS/Perfluoroheptanesulfonic_acid.orcacosmo	neutral	OYGQVDSRYXATEL-UHFFFAOYSA-N	methanol	RT	298.15	single_liquid_phase	True	100.0	A-12 batch p02
PFAS	PFHS	Perfluoroheptanesulfonic acid	PFAS/Perfluoroheptanesulfonic_acid.orcacosmo	neutral	OYGQVDSRYXATEL-UHFFFAOYSA-N	methanol	high	336.7499999999999	single_liquid_phase	True	100.0	A-12 batch p02
PFAS	PFHS	Perfluoroheptanesulfonic acid	PFAS/Perfluoroheptanesulfonic_acid.orcacosmo	neutral	OYGQVDSRYXATEL-UHFFFAOYSA-N	methylacetate	RT	298.15	single_liquid_phase	True	100.0	A-12 batch p02
PFAS	PFHS	Perfluoroheptanesulfonic acid	PFAS/Perfluoroheptanesulfonic_acid.orcacosmo	neutral	OYGQVDSRYXATEL-UHFFFAOYSA-N	methylacetate	high	328.95	single_liquid_phase	True	100.0	A-12 batch p02
PFAS	PFHS	Perfluoroheptanesulfonic acid	PFAS/Perfluoroheptanesulfonic_acid.orcacosmo	neutral	OYGQVDSRYXATEL-UHFFFAOYSA-N	n,n-dimethylformamide	RT	298.15	single_liquid_phase	True	100.0	A-12 batch p02
PFAS	PFHS	Perfluoroheptanesulfonic acid	PFAS/Perfluoroheptanesulfonic_acid.orcacosmo	neutral	OYGQVDSRYXATEL-UHFFFAOYSA-N	n,n-dimethylformamide	high	393.15	single_liquid_phase	True	100.0	A-12 batch p02
PFAS	PFHS	Perfluoroheptanesulfonic acid	PFAS/Perfluoroheptanesulfonic_acid.orcacosmo	neutral	OYGQVDSRYXATEL-UHFFFAOYSA-N	o-xylene	RT	298.15	single_liquid_phase	True	100.0	A-12 batch p02
PFAS	PFHS	Perfluoroheptanesulfonic acid	PFAS/Perfluoroheptanesulfonic_acid.orcacosmo	neutral	OYGQVDSRYXATEL-UHFFFAOYSA-N	o-xylene	high	393.15	single_liquid_phase	True	100.0	A-12 batch p02
PFAS	PFHS	Perfluoroheptanesulfonic acid	PFAS/Perfluoroheptanesulfonic_acid.orcacosmo	neutral	OYGQVDSRYXATEL-UHFFFAOYSA-N	tert-butanol	RT	298.15	single_liquid_phase	True	100.0	A-12 batch p02
PFAS	PFHS	Perfluoroheptanesulfonic acid	PFAS/Perfluoroheptanesulfonic_acid.orcacosmo	neutral	OYGQVDSRYXATEL-UHFFFAOYSA-N	tert-butanol	high	354.54999999999995	single_liquid_phase	True	100.0	A-12 batch p02
PFAS	PFHS	Perfluoroheptanesulfonic acid	PFAS/Perfluoroheptanesulfonic_acid.orcacosmo	neutral	OYGQVDSRYXATEL-UHFFFAOYSA-N	tetrahydrofuran	RT	298.15	single_liquid_phase	True	100.0	A-12 batch p02
PFAS	PFHS	Perfluoroheptanesulfonic acid	PFAS/Perfluoroheptanesulfonic_acid.orcacosmo	neutral	OYGQVDSRYXATEL-UHFFFAOYSA-N	tetrahydrofuran	high	337.15	single_liquid_phase	True	100.0	A-12 batch p02
PFAS	PFHS	Perfluoroheptanesulfonic acid	PFAS/Perfluoroheptanesulfonic_acid.orcacosmo	neutral	OYGQVDSRYXATEL-UHFFFAOYSA-N	tetrahydropyran	RT	298.15	single_liquid_phase	True	100.0	A-12 batch p02
PFAS	PFHS	Perfluoroheptanesulfonic acid	PFAS/Perfluoroheptanesulfonic_acid.orcacosmo	neutral	OYGQVDSRYXATEL-UHFFFAOYSA-N	tetrahydropyran	high	360.15	single_liquid_phase	True	100.0	A-12 batch p02
PFAS	PFHS	Perfluoroheptanesulfonic acid	PFAS/Perfluoroheptanesulfonic_acid.orcacosmo	neutral	OYGQVDSRYXATEL-UHFFFAOYSA-N	toluene	RT	298.15	single_liquid_phase	True	100.0	A-12 batch p02
PFAS	PFHS	Perfluoroheptanesulfonic acid	PFAS/Perfluoroheptanesulfonic_acid.orcacosmo	neutral	OYGQVDSRYXATEL-UHFFFAOYSA-N	toluene	high	382.75	single_liquid_phase	True	100.0	A-12 batch p02
PFAS	PFHS	Perfluoroheptanesulfonic acid	PFAS/Perfluoroheptanesulfonic_acid.orcacosmo	neutral	OYGQVDSRYXATEL-UHFFFAOYSA-N	triethylamine	RT	298.15	single_liquid_phase	True	100.0	A-12 batch p02
PFAS	PFHS	Perfluoroheptanesulfonic acid	PFAS/Perfluoroheptanesulfonic_acid.orcacosmo	neutral	OYGQVDSRYXATEL-UHFFFAOYSA-N	triethylamine	high	361.15	single_liquid_phase	True	100.0	A-12 batch p02
PFAS	PFHS	Perfluoroheptanesulfonic acid	PFAS/Perfluoroheptanesulfonic_acid.orcacosmo	neutral	OYGQVDSRYXATEL-UHFFFAOYSA-N	water	RT	298.15	two_liquid_phases	False	0.000980347107714843	A-12 batch p02
PFAS	PFHS	Perfluoroheptanesulfonic acid	PFAS/Perfluoroheptanesulfonic_acid.orcacosmo	neutral	OYGQVDSRYXATEL-UHFFFAOYSA-N	water	high	372.15	two_liquid_phases	False	0.00378596314721521	A-12 batch p02
PFAS	PFOS	Perfluorooctanesulfonic acid	PFAS/Perfluorooctanesulfonic_acid.orcacosmo	neutral	YFSUTJLHUFNCNZ-UHFFFAOYSA-N	1,2-propanediol	RT	298.15	single_liquid_phase	True	100.0	A-12 batch p02
PFAS	PFOS	Perfluorooctanesulfonic acid	PFAS/Perfluorooctanesulfonic_acid.orcacosmo	neutral	YFSUTJLHUFNCNZ-UHFFFAOYSA-N	1,2-propanediol	high	393.15	single_liquid_phase	True	100.0	A-12 batch p02
PFAS	PFOS	Perfluorooctanesulfonic acid	PFAS/Perfluorooctanesulfonic_acid.orcacosmo	neutral	YFSUTJLHUFNCNZ-UHFFFAOYSA-N	1-propanol	RT	298.15	single_liquid_phase	True	100.0	A-12 batch p02
PFAS	PFOS	Perfluorooctanesulfonic acid	PFAS/Perfluorooctanesulfonic_acid.orcacosmo	neutral	YFSUTJLHUFNCNZ-UHFFFAOYSA-N	1-propanol	high	369.34999999999997	single_liquid_phase	True	100.0	A-12 batch p02
PFAS	PFOS	Perfluorooctanesulfonic acid	PFAS/Perfluorooctanesulfonic_acid.orcacosmo	neutral	YFSUTJLHUFNCNZ-UHFFFAOYSA-N	2,3-dihydropyran	RT	298.15	single_liquid_phase	True	100.0	A-12 batch p02
PFAS	PFOS	Perfluorooctanesulfonic acid	PFAS/Perfluorooctanesulfonic_acid.orcacosmo	neutral	YFSUTJLHUFNCNZ-UHFFFAOYSA-N	2,3-dihydropyran	high	358.15	single_liquid_phase	True	100.0	A-12 batch p02
PFAS	PFOS	Perfluorooctanesulfonic acid	PFAS/Perfluorooctanesulfonic_acid.orcacosmo	neutral	YFSUTJLHUFNCNZ-UHFFFAOYSA-N	2-butanone	RT	298.15	single_liquid_phase	True	100.0	A-12 batch p02
PFAS	PFOS	Perfluorooctanesulfonic acid	PFAS/Perfluorooctanesulfonic_acid.orcacosmo	neutral	YFSUTJLHUFNCNZ-UHFFFAOYSA-N	2-butanone	high	351.65	single_liquid_phase	True	100.0	A-12 batch p02
PFAS	PFOS	Perfluorooctanesulfonic acid	PFAS/Perfluorooctanesulfonic_acid.orcacosmo	neutral	YFSUTJLHUFNCNZ-UHFFFAOYSA-N	acetic acid	RT	298.15	single_liquid_phase	True	100.0	A-12 batch p02
PFAS	PFOS	Perfluorooctanesulfonic acid	PFAS/Perfluorooctanesulfonic_acid.orcacosmo	neutral	YFSUTJLHUFNCNZ-UHFFFAOYSA-N	acetic acid	high	390.04999999999995	single_liquid_phase	True	100.0	A-12 batch p02
PFAS	PFOS	Perfluorooctanesulfonic acid	PFAS/Perfluorooctanesulfonic_acid.orcacosmo	neutral	YFSUTJLHUFNCNZ-UHFFFAOYSA-N	acetone	RT	298.15	single_liquid_phase	True	100.0	A-12 batch p02
PFAS	PFOS	Perfluorooctanesulfonic acid	PFAS/Perfluorooctanesulfonic_acid.orcacosmo	neutral	YFSUTJLHUFNCNZ-UHFFFAOYSA-N	acetone	high	328.15	single_liquid_phase	True	100.0	A-12 batch p02
PFAS	PFOS	Perfluorooctanesulfonic acid	PFAS/Perfluorooctanesulfonic_acid.orcacosmo	neutral	YFSUTJLHUFNCNZ-UHFFFAOYSA-N	acetylacetone	RT	298.15	single_liquid_phase	True	100.0	A-12 batch p02
PFAS	PFOS	Perfluorooctanesulfonic acid	PFAS/Perfluorooctanesulfonic_acid.orcacosmo	neutral	YFSUTJLHUFNCNZ-UHFFFAOYSA-N	acetylacetone	high	393.15	single_liquid_phase	True	100.0	A-12 batch p02
PFAS	PFOS	Perfluorooctanesulfonic acid	PFAS/Perfluorooctanesulfonic_acid.orcacosmo	neutral	YFSUTJLHUFNCNZ-UHFFFAOYSA-N	benzene	RT	298.15	single_liquid_phase	True	100.0	A-12 batch p02
PFAS	PFOS	Perfluorooctanesulfonic acid	PFAS/Perfluorooctanesulfonic_acid.orcacosmo	neutral	YFSUTJLHUFNCNZ-UHFFFAOYSA-N	benzene	high	352.15	single_liquid_phase	True	100.0	A-12 batch p02
PFAS	PFOS	Perfluorooctanesulfonic acid	PFAS/Perfluorooctanesulfonic_acid.orcacosmo	neutral	YFSUTJLHUFNCNZ-UHFFFAOYSA-N	chloroform	RT	298.15	single_liquid_phase	True	100.0	A-12 batch p02
PFAS	PFOS	Perfluorooctanesulfonic acid	PFAS/Perfluorooctanesulfonic_acid.orcacosmo	neutral	YFSUTJLHUFNCNZ-UHFFFAOYSA-N	chloroform	high	333.25	single_liquid_phase	True	100.0	A-12 batch p02
PFAS	PFOS	Perfluorooctanesulfonic acid	PFAS/Perfluorooctanesulfonic_acid.orcacosmo	neutral	YFSUTJLHUFNCNZ-UHFFFAOYSA-N	cyclohexane	RT	298.15	single_liquid_phase	True	100.0	A-12 batch p02
PFAS	PFOS	Perfluorooctanesulfonic acid	PFAS/Perfluorooctanesulfonic_acid.orcacosmo	neutral	YFSUTJLHUFNCNZ-UHFFFAOYSA-N	cyclohexane	high	352.84999999999997	single_liquid_phase	True	100.0	A-12 batch p02
PFAS	PFOS	Perfluorooctanesulfonic acid	PFAS/Perfluorooctanesulfonic_acid.orcacosmo	neutral	YFSUTJLHUFNCNZ-UHFFFAOYSA-N	cyclohexanol	RT	298.15	single_liquid_phase	True	100.0	A-12 batch p02
PFAS	PFOS	Perfluorooctanesulfonic acid	PFAS/Perfluorooctanesulfonic_acid.orcacosmo	neutral	YFSUTJLHUFNCNZ-UHFFFAOYSA-N	cyclohexanol	high	393.15	single_liquid_phase	True	100.0	A-12 batch p02
PFAS	PFOS	Perfluorooctanesulfonic acid	PFAS/Perfluorooctanesulfonic_acid.orcacosmo	neutral	YFSUTJLHUFNCNZ-UHFFFAOYSA-N	dichloromethane	RT	298.15	single_liquid_phase	True	100.0	A-12 batch p02
PFAS	PFOS	Perfluorooctanesulfonic acid	PFAS/Perfluorooctanesulfonic_acid.orcacosmo	neutral	YFSUTJLHUFNCNZ-UHFFFAOYSA-N	dichloromethane	high	312.15	single_liquid_phase	True	100.0	A-12 batch p02
PFAS	PFOS	Perfluorooctanesulfonic acid	PFAS/Perfluorooctanesulfonic_acid.orcacosmo	neutral	YFSUTJLHUFNCNZ-UHFFFAOYSA-N	dimethyl sulfoxide	RT	298.15	single_liquid_phase	True	100.0	A-12 batch p02
PFAS	PFOS	Perfluorooctanesulfonic acid	PFAS/Perfluorooctanesulfonic_acid.orcacosmo	neutral	YFSUTJLHUFNCNZ-UHFFFAOYSA-N	dimethyl sulfoxide	high	393.15	single_liquid_phase	True	100.0	A-12 batch p02
PFAS	PFOS	Perfluorooctanesulfonic acid	PFAS/Perfluorooctanesulfonic_acid.orcacosmo	neutral	YFSUTJLHUFNCNZ-UHFFFAOYSA-N	diphenyl ether	RT	298.15	single_liquid_phase	True	100.0	A-12 batch p02
PFAS	PFOS	Perfluorooctanesulfonic acid	PFAS/Perfluorooctanesulfonic_acid.orcacosmo	neutral	YFSUTJLHUFNCNZ-UHFFFAOYSA-N	diphenyl ether	high	393.15	single_liquid_phase	True	100.0	A-12 batch p02
PFAS	PFOS	Perfluorooctanesulfonic acid	PFAS/Perfluorooctanesulfonic_acid.orcacosmo	neutral	YFSUTJLHUFNCNZ-UHFFFAOYSA-N	dodecane	RT	298.15	single_liquid_phase	True	100.0	A-12 batch p02
PFAS	PFOS	Perfluorooctanesulfonic acid	PFAS/Perfluorooctanesulfonic_acid.orcacosmo	neutral	YFSUTJLHUFNCNZ-UHFFFAOYSA-N	dodecane	high	393.15	single_liquid_phase	True	100.0	A-12 batch p02
PFAS	PFOS	Perfluorooctanesulfonic acid	PFAS/Perfluorooctanesulfonic_acid.orcacosmo	neutral	YFSUTJLHUFNCNZ-UHFFFAOYSA-N	ethanol	RT	298.15	single_liquid_phase	True	100.0	A-12 batch p02
PFAS	PFOS	Perfluorooctanesulfonic acid	PFAS/Perfluorooctanesulfonic_acid.orcacosmo	neutral	YFSUTJLHUFNCNZ-UHFFFAOYSA-N	ethanol	high	350.34999999999997	single_liquid_phase	True	100.0	A-12 batch p02
PFAS	PFOS	Perfluorooctanesulfonic acid	PFAS/Perfluorooctanesulfonic_acid.orcacosmo	neutral	YFSUTJLHUFNCNZ-UHFFFAOYSA-N	ethyl acetate	RT	298.15	single_liquid_phase	True	100.0	A-12 batch p02
PFAS	PFOS	Perfluorooctanesulfonic acid	PFAS/Perfluorooctanesulfonic_acid.orcacosmo	neutral	YFSUTJLHUFNCNZ-UHFFFAOYSA-N	ethyl acetate	high	349.25	single_liquid_phase	True	100.0	A-12 batch p02
PFAS	PFOS	Perfluorooctanesulfonic acid	PFAS/Perfluorooctanesulfonic_acid.orcacosmo	neutral	YFSUTJLHUFNCNZ-UHFFFAOYSA-N	ethylene glycol	RT	298.15	single_liquid_phase	True	100.0	A-12 batch p02
PFAS	PFOS	Perfluorooctanesulfonic acid	PFAS/Perfluorooctanesulfonic_acid.orcacosmo	neutral	YFSUTJLHUFNCNZ-UHFFFAOYSA-N	ethylene glycol	high	393.15	single_liquid_phase	True	100.0	A-12 batch p02
PFAS	PFOS	Perfluorooctanesulfonic acid	PFAS/Perfluorooctanesulfonic_acid.orcacosmo	neutral	YFSUTJLHUFNCNZ-UHFFFAOYSA-N	heptane	RT	298.15	single_liquid_phase	True	100.0	A-12 batch p02
PFAS	PFOS	Perfluorooctanesulfonic acid	PFAS/Perfluorooctanesulfonic_acid.orcacosmo	neutral	YFSUTJLHUFNCNZ-UHFFFAOYSA-N	heptane	high	370.65	single_liquid_phase	True	100.0	A-12 batch p02
PFAS	PFOS	Perfluorooctanesulfonic acid	PFAS/Perfluorooctanesulfonic_acid.orcacosmo	neutral	YFSUTJLHUFNCNZ-UHFFFAOYSA-N	hexane	RT	298.15	single_liquid_phase	True	100.0	A-12 batch p02
PFAS	PFOS	Perfluorooctanesulfonic acid	PFAS/Perfluorooctanesulfonic_acid.orcacosmo	neutral	YFSUTJLHUFNCNZ-UHFFFAOYSA-N	hexane	high	340.84999999999997	single_liquid_phase	True	100.0	A-12 batch p02
PFAS	PFOS	Perfluorooctanesulfonic acid	PFAS/Perfluorooctanesulfonic_acid.orcacosmo	neutral	YFSUTJLHUFNCNZ-UHFFFAOYSA-N	isopropanol	RT	298.15	single_liquid_phase	True	100.0	A-12 batch p02
PFAS	PFOS	Perfluorooctanesulfonic acid	PFAS/Perfluorooctanesulfonic_acid.orcacosmo	neutral	YFSUTJLHUFNCNZ-UHFFFAOYSA-N	isopropanol	high	354.45	single_liquid_phase	True	100.0	A-12 batch p02
PFAS	PFOS	Perfluorooctanesulfonic acid	PFAS/Perfluorooctanesulfonic_acid.orcacosmo	neutral	YFSUTJLHUFNCNZ-UHFFFAOYSA-N	isopropylamine	RT	298.15	single_liquid_phase	True	100.0	A-12 batch p02
PFAS	PFOS	Perfluorooctanesulfonic acid	PFAS/Perfluorooctanesulfonic_acid.orcacosmo	neutral	YFSUTJLHUFNCNZ-UHFFFAOYSA-N	isopropylamine	high	303.84999999999997	single_liquid_phase	True	100.0	A-12 batch p02
PFAS	PFOS	Perfluorooctanesulfonic acid	PFAS/Perfluorooctanesulfonic_acid.orcacosmo	neutral	YFSUTJLHUFNCNZ-UHFFFAOYSA-N	methanol	RT	298.15	single_liquid_phase	True	100.0	A-12 batch p02
PFAS	PFOS	Perfluorooctanesulfonic acid	PFAS/Perfluorooctanesulfonic_acid.orcacosmo	neutral	YFSUTJLHUFNCNZ-UHFFFAOYSA-N	methanol	high	336.7499999999999	single_liquid_phase	True	100.0	A-12 batch p02
PFAS	PFOS	Perfluorooctanesulfonic acid	PFAS/Perfluorooctanesulfonic_acid.orcacosmo	neutral	YFSUTJLHUFNCNZ-UHFFFAOYSA-N	methylacetate	RT	298.15	single_liquid_phase	True	100.0	A-12 batch p02
PFAS	PFOS	Perfluorooctanesulfonic acid	PFAS/Perfluorooctanesulfonic_acid.orcacosmo	neutral	YFSUTJLHUFNCNZ-UHFFFAOYSA-N	methylacetate	high	328.95	single_liquid_phase	True	100.0	A-12 batch p02
PFAS	PFOS	Perfluorooctanesulfonic acid	PFAS/Perfluorooctanesulfonic_acid.orcacosmo	neutral	YFSUTJLHUFNCNZ-UHFFFAOYSA-N	n,n-dimethylformamide	RT	298.15	single_liquid_phase	True	100.0	A-12 batch p02
PFAS	PFOS	Perfluorooctanesulfonic acid	PFAS/Perfluorooctanesulfonic_acid.orcacosmo	neutral	YFSUTJLHUFNCNZ-UHFFFAOYSA-N	n,n-dimethylformamide	high	393.15	single_liquid_phase	True	100.0	A-12 batch p02
PFAS	PFOS	Perfluorooctanesulfonic acid	PFAS/Perfluorooctanesulfonic_acid.orcacosmo	neutral	YFSUTJLHUFNCNZ-UHFFFAOYSA-N	o-xylene	RT	298.15	single_liquid_phase	True	100.0	A-12 batch p02
PFAS	PFOS	Perfluorooctanesulfonic acid	PFAS/Perfluorooctanesulfonic_acid.orcacosmo	neutral	YFSUTJLHUFNCNZ-UHFFFAOYSA-N	o-xylene	high	393.15	single_liquid_phase	True	100.0	A-12 batch p02
PFAS	PFOS	Perfluorooctanesulfonic acid	PFAS/Perfluorooctanesulfonic_acid.orcacosmo	neutral	YFSUTJLHUFNCNZ-UHFFFAOYSA-N	tert-butanol	RT	298.15	single_liquid_phase	True	100.0	A-12 batch p02
PFAS	PFOS	Perfluorooctanesulfonic acid	PFAS/Perfluorooctanesulfonic_acid.orcacosmo	neutral	YFSUTJLHUFNCNZ-UHFFFAOYSA-N	tert-butanol	high	354.54999999999995	single_liquid_phase	True	100.0	A-12 batch p02
PFAS	PFOS	Perfluorooctanesulfonic acid	PFAS/Perfluorooctanesulfonic_acid.orcacosmo	neutral	YFSUTJLHUFNCNZ-UHFFFAOYSA-N	tetrahydrofuran	RT	298.15	single_liquid_phase	True	100.0	A-12 batch p02
PFAS	PFOS	Perfluorooctanesulfonic acid	PFAS/Perfluorooctanesulfonic_acid.orcacosmo	neutral	YFSUTJLHUFNCNZ-UHFFFAOYSA-N	tetrahydrofuran	high	337.15	single_liquid_phase	True	100.0	A-12 batch p02
PFAS	PFOS	Perfluorooctanesulfonic acid	PFAS/Perfluorooctanesulfonic_acid.orcacosmo	neutral	YFSUTJLHUFNCNZ-UHFFFAOYSA-N	tetrahydropyran	RT	298.15	single_liquid_phase	True	100.0	A-12 batch p02
PFAS	PFOS	Perfluorooctanesulfonic acid	PFAS/Perfluorooctanesulfonic_acid.orcacosmo	neutral	YFSUTJLHUFNCNZ-UHFFFAOYSA-N	tetrahydropyran	high	360.15	single_liquid_phase	True	100.0	A-12 batch p02
PFAS	PFOS	Perfluorooctanesulfonic acid	PFAS/Perfluorooctanesulfonic_acid.orcacosmo	neutral	YFSUTJLHUFNCNZ-UHFFFAOYSA-N	toluene	RT	298.15	single_liquid_phase	True	100.0	A-12 batch p02
PFAS	PFOS	Perfluorooctanesulfonic acid	PFAS/Perfluorooctanesulfonic_acid.orcacosmo	neutral	YFSUTJLHUFNCNZ-UHFFFAOYSA-N	toluene	high	382.75	single_liquid_phase	True	100.0	A-12 batch p02
PFAS	PFOS	Perfluorooctanesulfonic acid	PFAS/Perfluorooctanesulfonic_acid.orcacosmo	neutral	YFSUTJLHUFNCNZ-UHFFFAOYSA-N	triethylamine	RT	298.15	single_liquid_phase	True	100.0	A-12 batch p02
PFAS	PFOS	Perfluorooctanesulfonic acid	PFAS/Perfluorooctanesulfonic_acid.orcacosmo	neutral	YFSUTJLHUFNCNZ-UHFFFAOYSA-N	triethylamine	high	361.15	single_liquid_phase	True	100.0	A-12 batch p02
PFAS	PFOS	Perfluorooctanesulfonic acid	PFAS/Perfluorooctanesulfonic_acid.orcacosmo	neutral	YFSUTJLHUFNCNZ-UHFFFAOYSA-N	water	RT	298.15	two_liquid_phases	False	0.00011512877521650988	A-12 batch p02
PFAS	PFOS	Perfluorooctanesulfonic acid	PFAS/Perfluorooctanesulfonic_acid.orcacosmo	neutral	YFSUTJLHUFNCNZ-UHFFFAOYSA-N	water	high	372.15	two_liquid_phases	False	0.0006053528938227818	A-12 batch p02
PFAS	PFUnDS	Perfluoroundecanesulfonic acid	PFAS/Perfluoroundecanesulfonic_acid.orcacosmo	neutral	UKHUPOMCGUFNAP-UHFFFAOYSA-N	1,2-propanediol	RT	298.15	single_liquid_phase	True	100.0	A-12 batch p02
PFAS	PFUnDS	Perfluoroundecanesulfonic acid	PFAS/Perfluoroundecanesulfonic_acid.orcacosmo	neutral	UKHUPOMCGUFNAP-UHFFFAOYSA-N	1,2-propanediol	high	393.15	single_liquid_phase	True	100.0	A-12 batch p02
PFAS	PFUnDS	Perfluoroundecanesulfonic acid	PFAS/Perfluoroundecanesulfonic_acid.orcacosmo	neutral	UKHUPOMCGUFNAP-UHFFFAOYSA-N	1-propanol	RT	298.15	single_liquid_phase	True	100.0	A-12 batch p02
PFAS	PFUnDS	Perfluoroundecanesulfonic acid	PFAS/Perfluoroundecanesulfonic_acid.orcacosmo	neutral	UKHUPOMCGUFNAP-UHFFFAOYSA-N	1-propanol	high	369.34999999999997	single_liquid_phase	True	100.0	A-12 batch p02
PFAS	PFUnDS	Perfluoroundecanesulfonic acid	PFAS/Perfluoroundecanesulfonic_acid.orcacosmo	neutral	UKHUPOMCGUFNAP-UHFFFAOYSA-N	2,3-dihydropyran	RT	298.15	single_liquid_phase	True	100.0	A-12 batch p02
PFAS	PFUnDS	Perfluoroundecanesulfonic acid	PFAS/Perfluoroundecanesulfonic_acid.orcacosmo	neutral	UKHUPOMCGUFNAP-UHFFFAOYSA-N	2,3-dihydropyran	high	358.15	single_liquid_phase	True	100.0	A-12 batch p02
PFAS	PFUnDS	Perfluoroundecanesulfonic acid	PFAS/Perfluoroundecanesulfonic_acid.orcacosmo	neutral	UKHUPOMCGUFNAP-UHFFFAOYSA-N	2-butanone	RT	298.15	single_liquid_phase	True	100.0	A-12 batch p02
PFAS	PFUnDS	Perfluoroundecanesulfonic acid	PFAS/Perfluoroundecanesulfonic_acid.orcacosmo	neutral	UKHUPOMCGUFNAP-UHFFFAOYSA-N	2-butanone	high	351.65	single_liquid_phase	True	100.0	A-12 batch p02
PFAS	PFUnDS	Perfluoroundecanesulfonic acid	PFAS/Perfluoroundecanesulfonic_acid.orcacosmo	neutral	UKHUPOMCGUFNAP-UHFFFAOYSA-N	acetic acid	RT	298.15	two_liquid_phases	False	12.73186346730513	A-12 batch p02
PFAS	PFUnDS	Perfluoroundecanesulfonic acid	PFAS/Perfluoroundecanesulfonic_acid.orcacosmo	neutral	UKHUPOMCGUFNAP-UHFFFAOYSA-N	acetic acid	high	390.04999999999995	two_liquid_phases	True	19.78015958601578	A-12 batch p02
PFAS	PFUnDS	Perfluoroundecanesulfonic acid	PFAS/Perfluoroundecanesulfonic_acid.orcacosmo	neutral	UKHUPOMCGUFNAP-UHFFFAOYSA-N	acetone	RT	298.15	single_liquid_phase	True	100.0	A-12 batch p02
PFAS	PFUnDS	Perfluoroundecanesulfonic acid	PFAS/Perfluoroundecanesulfonic_acid.orcacosmo	neutral	UKHUPOMCGUFNAP-UHFFFAOYSA-N	acetone	high	328.15	single_liquid_phase	True	100.0	A-12 batch p02
PFAS	PFUnDS	Perfluoroundecanesulfonic acid	PFAS/Perfluoroundecanesulfonic_acid.orcacosmo	neutral	UKHUPOMCGUFNAP-UHFFFAOYSA-N	acetylacetone	RT	298.15	single_liquid_phase	True	100.0	A-12 batch p02
PFAS	PFUnDS	Perfluoroundecanesulfonic acid	PFAS/Perfluoroundecanesulfonic_acid.orcacosmo	neutral	UKHUPOMCGUFNAP-UHFFFAOYSA-N	acetylacetone	high	393.15	single_liquid_phase	True	100.0	A-12 batch p02
PFAS	PFUnDS	Perfluoroundecanesulfonic acid	PFAS/Perfluoroundecanesulfonic_acid.orcacosmo	neutral	UKHUPOMCGUFNAP-UHFFFAOYSA-N	benzene	RT	298.15	single_liquid_phase	True	100.0	A-12 batch p02
PFAS	PFUnDS	Perfluoroundecanesulfonic acid	PFAS/Perfluoroundecanesulfonic_acid.orcacosmo	neutral	UKHUPOMCGUFNAP-UHFFFAOYSA-N	benzene	high	352.15	single_liquid_phase	True	100.0	A-12 batch p02
PFAS	PFUnDS	Perfluoroundecanesulfonic acid	PFAS/Perfluoroundecanesulfonic_acid.orcacosmo	neutral	UKHUPOMCGUFNAP-UHFFFAOYSA-N	chloroform	RT	298.15	single_liquid_phase	True	100.0	A-12 batch p02
PFAS	PFUnDS	Perfluoroundecanesulfonic acid	PFAS/Perfluoroundecanesulfonic_acid.orcacosmo	neutral	UKHUPOMCGUFNAP-UHFFFAOYSA-N	chloroform	high	333.25	single_liquid_phase	True	100.0	A-12 batch p02
PFAS	PFUnDS	Perfluoroundecanesulfonic acid	PFAS/Perfluoroundecanesulfonic_acid.orcacosmo	neutral	UKHUPOMCGUFNAP-UHFFFAOYSA-N	cyclohexane	RT	298.15	single_liquid_phase	True	100.0	A-12 batch p02
PFAS	PFUnDS	Perfluoroundecanesulfonic acid	PFAS/Perfluoroundecanesulfonic_acid.orcacosmo	neutral	UKHUPOMCGUFNAP-UHFFFAOYSA-N	cyclohexane	high	352.84999999999997	single_liquid_phase	True	100.0	A-12 batch p02
PFAS	PFUnDS	Perfluoroundecanesulfonic acid	PFAS/Perfluoroundecanesulfonic_acid.orcacosmo	neutral	UKHUPOMCGUFNAP-UHFFFAOYSA-N	cyclohexanol	RT	298.15	single_liquid_phase	True	100.0	A-12 batch p02
PFAS	PFUnDS	Perfluoroundecanesulfonic acid	PFAS/Perfluoroundecanesulfonic_acid.orcacosmo	neutral	UKHUPOMCGUFNAP-UHFFFAOYSA-N	cyclohexanol	high	393.15	single_liquid_phase	True	100.0	A-12 batch p02
PFAS	PFUnDS	Perfluoroundecanesulfonic acid	PFAS/Perfluoroundecanesulfonic_acid.orcacosmo	neutral	UKHUPOMCGUFNAP-UHFFFAOYSA-N	dichloromethane	RT	298.15	single_liquid_phase	True	100.0	A-12 batch p02
PFAS	PFUnDS	Perfluoroundecanesulfonic acid	PFAS/Perfluoroundecanesulfonic_acid.orcacosmo	neutral	UKHUPOMCGUFNAP-UHFFFAOYSA-N	dichloromethane	high	312.15	single_liquid_phase	True	100.0	A-12 batch p02
PFAS	PFUnDS	Perfluoroundecanesulfonic acid	PFAS/Perfluoroundecanesulfonic_acid.orcacosmo	neutral	UKHUPOMCGUFNAP-UHFFFAOYSA-N	dimethyl sulfoxide	RT	298.15	single_liquid_phase	True	100.0	A-12 batch p02
PFAS	PFUnDS	Perfluoroundecanesulfonic acid	PFAS/Perfluoroundecanesulfonic_acid.orcacosmo	neutral	UKHUPOMCGUFNAP-UHFFFAOYSA-N	dimethyl sulfoxide	high	393.15	single_liquid_phase	True	100.0	A-12 batch p02
PFAS	PFUnDS	Perfluoroundecanesulfonic acid	PFAS/Perfluoroundecanesulfonic_acid.orcacosmo	neutral	UKHUPOMCGUFNAP-UHFFFAOYSA-N	diphenyl ether	RT	298.15	single_liquid_phase	True	100.0	A-12 batch p02
PFAS	PFUnDS	Perfluoroundecanesulfonic acid	PFAS/Perfluoroundecanesulfonic_acid.orcacosmo	neutral	UKHUPOMCGUFNAP-UHFFFAOYSA-N	diphenyl ether	high	393.15	single_liquid_phase	True	100.0	A-12 batch p02
PFAS	PFUnDS	Perfluoroundecanesulfonic acid	PFAS/Perfluoroundecanesulfonic_acid.orcacosmo	neutral	UKHUPOMCGUFNAP-UHFFFAOYSA-N	dodecane	RT	298.15	single_liquid_phase	True	100.0	A-12 batch p02
PFAS	PFUnDS	Perfluoroundecanesulfonic acid	PFAS/Perfluoroundecanesulfonic_acid.orcacosmo	neutral	UKHUPOMCGUFNAP-UHFFFAOYSA-N	dodecane	high	393.15	single_liquid_phase	True	100.0	A-12 batch p02
PFAS	PFUnDS	Perfluoroundecanesulfonic acid	PFAS/Perfluoroundecanesulfonic_acid.orcacosmo	neutral	UKHUPOMCGUFNAP-UHFFFAOYSA-N	ethanol	RT	298.15	single_liquid_phase	True	100.0	A-12 batch p02
PFAS	PFUnDS	Perfluoroundecanesulfonic acid	PFAS/Perfluoroundecanesulfonic_acid.orcacosmo	neutral	UKHUPOMCGUFNAP-UHFFFAOYSA-N	ethanol	high	350.34999999999997	single_liquid_phase	True	100.0	A-12 batch p02
PFAS	PFUnDS	Perfluoroundecanesulfonic acid	PFAS/Perfluoroundecanesulfonic_acid.orcacosmo	neutral	UKHUPOMCGUFNAP-UHFFFAOYSA-N	ethyl acetate	RT	298.15	single_liquid_phase	True	100.0	A-12 batch p02
PFAS	PFUnDS	Perfluoroundecanesulfonic acid	PFAS/Perfluoroundecanesulfonic_acid.orcacosmo	neutral	UKHUPOMCGUFNAP-UHFFFAOYSA-N	ethyl acetate	high	349.25	single_liquid_phase	True	100.0	A-12 batch p02
PFAS	PFUnDS	Perfluoroundecanesulfonic acid	PFAS/Perfluoroundecanesulfonic_acid.orcacosmo	neutral	UKHUPOMCGUFNAP-UHFFFAOYSA-N	ethylene glycol	RT	298.15	two_liquid_phases	False	13.487927222087709	A-12 batch p02
PFAS	PFUnDS	Perfluoroundecanesulfonic acid	PFAS/Perfluoroundecanesulfonic_acid.orcacosmo	neutral	UKHUPOMCGUFNAP-UHFFFAOYSA-N	ethylene glycol	high	393.15	two_liquid_phases	True	17.746706003344226	A-12 batch p02
PFAS	PFUnDS	Perfluoroundecanesulfonic acid	PFAS/Perfluoroundecanesulfonic_acid.orcacosmo	neutral	UKHUPOMCGUFNAP-UHFFFAOYSA-N	heptane	RT	298.15	single_liquid_phase	True	100.0	A-12 batch p02
PFAS	PFUnDS	Perfluoroundecanesulfonic acid	PFAS/Perfluoroundecanesulfonic_acid.orcacosmo	neutral	UKHUPOMCGUFNAP-UHFFFAOYSA-N	heptane	high	370.65	single_liquid_phase	True	100.0	A-12 batch p02
PFAS	PFUnDS	Perfluoroundecanesulfonic acid	PFAS/Perfluoroundecanesulfonic_acid.orcacosmo	neutral	UKHUPOMCGUFNAP-UHFFFAOYSA-N	hexane	RT	298.15	single_liquid_phase	True	100.0	A-12 batch p02
PFAS	PFUnDS	Perfluoroundecanesulfonic acid	PFAS/Perfluoroundecanesulfonic_acid.orcacosmo	neutral	UKHUPOMCGUFNAP-UHFFFAOYSA-N	hexane	high	340.84999999999997	single_liquid_phase	True	100.0	A-12 batch p02
PFAS	PFUnDS	Perfluoroundecanesulfonic acid	PFAS/Perfluoroundecanesulfonic_acid.orcacosmo	neutral	UKHUPOMCGUFNAP-UHFFFAOYSA-N	isopropanol	RT	298.15	single_liquid_phase	True	100.0	A-12 batch p02
PFAS	PFUnDS	Perfluoroundecanesulfonic acid	PFAS/Perfluoroundecanesulfonic_acid.orcacosmo	neutral	UKHUPOMCGUFNAP-UHFFFAOYSA-N	isopropanol	high	354.45	single_liquid_phase	True	100.0	A-12 batch p02
PFAS	PFUnDS	Perfluoroundecanesulfonic acid	PFAS/Perfluoroundecanesulfonic_acid.orcacosmo	neutral	UKHUPOMCGUFNAP-UHFFFAOYSA-N	isopropylamine	RT	298.15	single_liquid_phase	True	100.0	A-12 batch p02
PFAS	PFUnDS	Perfluoroundecanesulfonic acid	PFAS/Perfluoroundecanesulfonic_acid.orcacosmo	neutral	UKHUPOMCGUFNAP-UHFFFAOYSA-N	isopropylamine	high	303.84999999999997	single_liquid_phase	True	100.0	A-12 batch p02
PFAS	PFUnDS	Perfluoroundecanesulfonic acid	PFAS/Perfluoroundecanesulfonic_acid.orcacosmo	neutral	UKHUPOMCGUFNAP-UHFFFAOYSA-N	methanol	RT	298.15	single_liquid_phase	True	100.0	A-12 batch p02
PFAS	PFUnDS	Perfluoroundecanesulfonic acid	PFAS/Perfluoroundecanesulfonic_acid.orcacosmo	neutral	UKHUPOMCGUFNAP-UHFFFAOYSA-N	methanol	high	336.7499999999999	single_liquid_phase	True	100.0	A-12 batch p02
PFAS	PFUnDS	Perfluoroundecanesulfonic acid	PFAS/Perfluoroundecanesulfonic_acid.orcacosmo	neutral	UKHUPOMCGUFNAP-UHFFFAOYSA-N	methylacetate	RT	298.15	single_liquid_phase	True	100.0	A-12 batch p02
PFAS	PFUnDS	Perfluoroundecanesulfonic acid	PFAS/Perfluoroundecanesulfonic_acid.orcacosmo	neutral	UKHUPOMCGUFNAP-UHFFFAOYSA-N	methylacetate	high	328.95	single_liquid_phase	True	100.0	A-12 batch p02
PFAS	PFUnDS	Perfluoroundecanesulfonic acid	PFAS/Perfluoroundecanesulfonic_acid.orcacosmo	neutral	UKHUPOMCGUFNAP-UHFFFAOYSA-N	n,n-dimethylformamide	RT	298.15	single_liquid_phase	True	100.0	A-12 batch p02
PFAS	PFUnDS	Perfluoroundecanesulfonic acid	PFAS/Perfluoroundecanesulfonic_acid.orcacosmo	neutral	UKHUPOMCGUFNAP-UHFFFAOYSA-N	n,n-dimethylformamide	high	393.15	single_liquid_phase	True	100.0	A-12 batch p02
PFAS	PFUnDS	Perfluoroundecanesulfonic acid	PFAS/Perfluoroundecanesulfonic_acid.orcacosmo	neutral	UKHUPOMCGUFNAP-UHFFFAOYSA-N	o-xylene	RT	298.15	single_liquid_phase	True	100.0	A-12 batch p02
PFAS	PFUnDS	Perfluoroundecanesulfonic acid	PFAS/Perfluoroundecanesulfonic_acid.orcacosmo	neutral	UKHUPOMCGUFNAP-UHFFFAOYSA-N	o-xylene	high	393.15	single_liquid_phase	True	100.0	A-12 batch p02
PFAS	PFUnDS	Perfluoroundecanesulfonic acid	PFAS/Perfluoroundecanesulfonic_acid.orcacosmo	neutral	UKHUPOMCGUFNAP-UHFFFAOYSA-N	tert-butanol	RT	298.15	single_liquid_phase	True	100.0	A-12 batch p02
PFAS	PFUnDS	Perfluoroundecanesulfonic acid	PFAS/Perfluoroundecanesulfonic_acid.orcacosmo	neutral	UKHUPOMCGUFNAP-UHFFFAOYSA-N	tert-butanol	high	354.54999999999995	single_liquid_phase	True	100.0	A-12 batch p02
PFAS	PFUnDS	Perfluoroundecanesulfonic acid	PFAS/Perfluoroundecanesulfonic_acid.orcacosmo	neutral	UKHUPOMCGUFNAP-UHFFFAOYSA-N	tetrahydrofuran	RT	298.15	single_liquid_phase	True	100.0	A-12 batch p02
PFAS	PFUnDS	Perfluoroundecanesulfonic acid	PFAS/Perfluoroundecanesulfonic_acid.orcacosmo	neutral	UKHUPOMCGUFNAP-UHFFFAOYSA-N	tetrahydrofuran	high	337.15	single_liquid_phase	True	100.0	A-12 batch p02
PFAS	PFUnDS	Perfluoroundecanesulfonic acid	PFAS/Perfluoroundecanesulfonic_acid.orcacosmo	neutral	UKHUPOMCGUFNAP-UHFFFAOYSA-N	tetrahydropyran	RT	298.15	single_liquid_phase	True	100.0	A-12 batch p02
PFAS	PFUnDS	Perfluoroundecanesulfonic acid	PFAS/Perfluoroundecanesulfonic_acid.orcacosmo	neutral	UKHUPOMCGUFNAP-UHFFFAOYSA-N	tetrahydropyran	high	360.15	single_liquid_phase	True	100.0	A-12 batch p02
PFAS	PFUnDS	Perfluoroundecanesulfonic acid	PFAS/Perfluoroundecanesulfonic_acid.orcacosmo	neutral	UKHUPOMCGUFNAP-UHFFFAOYSA-N	toluene	RT	298.15	single_liquid_phase	True	100.0	A-12 batch p02
PFAS	PFUnDS	Perfluoroundecanesulfonic acid	PFAS/Perfluoroundecanesulfonic_acid.orcacosmo	neutral	UKHUPOMCGUFNAP-UHFFFAOYSA-N	toluene	high	382.75	single_liquid_phase	True	100.0	A-12 batch p02
PFAS	PFUnDS	Perfluoroundecanesulfonic acid	PFAS/Perfluoroundecanesulfonic_acid.orcacosmo	neutral	UKHUPOMCGUFNAP-UHFFFAOYSA-N	triethylamine	RT	298.15	single_liquid_phase	True	100.0	A-12 batch p02
PFAS	PFUnDS	Perfluoroundecanesulfonic acid	PFAS/Perfluoroundecanesulfonic_acid.orcacosmo	neutral	UKHUPOMCGUFNAP-UHFFFAOYSA-N	triethylamine	high	361.15	single_liquid_phase	True	100.0	A-12 batch p02
PFAS	PFUnDS	Perfluoroundecanesulfonic acid	PFAS/Perfluoroundecanesulfonic_acid.orcacosmo	neutral	UKHUPOMCGUFNAP-UHFFFAOYSA-N	water	RT	298.15	two_liquid_phases	False	5.137712946566879e-07	A-12 batch p02
PFAS	PFUnDS	Perfluoroundecanesulfonic acid	PFAS/Perfluoroundecanesulfonic_acid.orcacosmo	neutral	UKHUPOMCGUFNAP-UHFFFAOYSA-N	water	high	372.15	two_liquid_phases	False	5.339771299422899e-06	A-12 batch p02
PFAS	PFTriDS	Perfluorotridecanesulfonic acid	PFAS/Perfluorotridecanesulfonic_acid.orcacosmo	neutral	JMIXTHMPTMXARZ-UHFFFAOYSA-N	1,2-propanediol	RT	298.15	single_liquid_phase	True	100.0	A-12 batch p02
PFAS	PFTriDS	Perfluorotridecanesulfonic acid	PFAS/Perfluorotridecanesulfonic_acid.orcacosmo	neutral	JMIXTHMPTMXARZ-UHFFFAOYSA-N	1,2-propanediol	high	393.15	single_liquid_phase	True	100.0	A-12 batch p02
PFAS	PFTriDS	Perfluorotridecanesulfonic acid	PFAS/Perfluorotridecanesulfonic_acid.orcacosmo	neutral	JMIXTHMPTMXARZ-UHFFFAOYSA-N	1-propanol	RT	298.15	single_liquid_phase	True	100.0	A-12 batch p02
PFAS	PFTriDS	Perfluorotridecanesulfonic acid	PFAS/Perfluorotridecanesulfonic_acid.orcacosmo	neutral	JMIXTHMPTMXARZ-UHFFFAOYSA-N	1-propanol	high	369.34999999999997	single_liquid_phase	True	100.0	A-12 batch p02
PFAS	PFTriDS	Perfluorotridecanesulfonic acid	PFAS/Perfluorotridecanesulfonic_acid.orcacosmo	neutral	JMIXTHMPTMXARZ-UHFFFAOYSA-N	2,3-dihydropyran	RT	298.15	single_liquid_phase	True	100.0	A-12 batch p02
PFAS	PFTriDS	Perfluorotridecanesulfonic acid	PFAS/Perfluorotridecanesulfonic_acid.orcacosmo	neutral	JMIXTHMPTMXARZ-UHFFFAOYSA-N	2,3-dihydropyran	high	358.15	single_liquid_phase	True	100.0	A-12 batch p02
PFAS	PFTriDS	Perfluorotridecanesulfonic acid	PFAS/Perfluorotridecanesulfonic_acid.orcacosmo	neutral	JMIXTHMPTMXARZ-UHFFFAOYSA-N	2-butanone	RT	298.15	single_liquid_phase	True	100.0	A-12 batch p02
PFAS	PFTriDS	Perfluorotridecanesulfonic acid	PFAS/Perfluorotridecanesulfonic_acid.orcacosmo	neutral	JMIXTHMPTMXARZ-UHFFFAOYSA-N	2-butanone	high	351.65	single_liquid_phase	True	100.0	A-12 batch p02
PFAS	PFTriDS	Perfluorotridecanesulfonic acid	PFAS/Perfluorotridecanesulfonic_acid.orcacosmo	neutral	JMIXTHMPTMXARZ-UHFFFAOYSA-N	acetic acid	RT	298.15	two_liquid_phases	False	4.750580306633094	A-12 batch p02
PFAS	PFTriDS	Perfluorotridecanesulfonic acid	PFAS/Perfluorotridecanesulfonic_acid.orcacosmo	neutral	JMIXTHMPTMXARZ-UHFFFAOYSA-N	acetic acid	high	390.04999999999995	two_liquid_phases	False	8.443797997488533	A-12 batch p02
PFAS	PFTriDS	Perfluorotridecanesulfonic acid	PFAS/Perfluorotridecanesulfonic_acid.orcacosmo	neutral	JMIXTHMPTMXARZ-UHFFFAOYSA-N	acetone	RT	298.15	single_liquid_phase	True	100.0	A-12 batch p02
PFAS	PFTriDS	Perfluorotridecanesulfonic acid	PFAS/Perfluorotridecanesulfonic_acid.orcacosmo	neutral	JMIXTHMPTMXARZ-UHFFFAOYSA-N	acetone	high	328.15	single_liquid_phase	True	100.0	A-12 batch p02
PFAS	PFTriDS	Perfluorotridecanesulfonic acid	PFAS/Perfluorotridecanesulfonic_acid.orcacosmo	neutral	JMIXTHMPTMXARZ-UHFFFAOYSA-N	acetylacetone	RT	298.15	single_liquid_phase	True	100.0	A-12 batch p02
PFAS	PFTriDS	Perfluorotridecanesulfonic acid	PFAS/Perfluorotridecanesulfonic_acid.orcacosmo	neutral	JMIXTHMPTMXARZ-UHFFFAOYSA-N	acetylacetone	high	393.15	single_liquid_phase	True	100.0	A-12 batch p02
PFAS	PFTriDS	Perfluorotridecanesulfonic acid	PFAS/Perfluorotridecanesulfonic_acid.orcacosmo	neutral	JMIXTHMPTMXARZ-UHFFFAOYSA-N	benzene	RT	298.15	single_liquid_phase	True	100.0	A-12 batch p02
PFAS	PFTriDS	Perfluorotridecanesulfonic acid	PFAS/Perfluorotridecanesulfonic_acid.orcacosmo	neutral	JMIXTHMPTMXARZ-UHFFFAOYSA-N	benzene	high	352.15	single_liquid_phase	True	100.0	A-12 batch p02
PFAS	PFTriDS	Perfluorotridecanesulfonic acid	PFAS/Perfluorotridecanesulfonic_acid.orcacosmo	neutral	JMIXTHMPTMXARZ-UHFFFAOYSA-N	chloroform	RT	298.15	single_liquid_phase	True	100.0	A-12 batch p02
PFAS	PFTriDS	Perfluorotridecanesulfonic acid	PFAS/Perfluorotridecanesulfonic_acid.orcacosmo	neutral	JMIXTHMPTMXARZ-UHFFFAOYSA-N	chloroform	high	333.25	single_liquid_phase	True	100.0	A-12 batch p02
PFAS	PFTriDS	Perfluorotridecanesulfonic acid	PFAS/Perfluorotridecanesulfonic_acid.orcacosmo	neutral	JMIXTHMPTMXARZ-UHFFFAOYSA-N	cyclohexane	RT	298.15	single_liquid_phase	True	100.0	A-12 batch p02
PFAS	PFTriDS	Perfluorotridecanesulfonic acid	PFAS/Perfluorotridecanesulfonic_acid.orcacosmo	neutral	JMIXTHMPTMXARZ-UHFFFAOYSA-N	cyclohexane	high	352.84999999999997	single_liquid_phase	True	100.0	A-12 batch p02
PFAS	PFTriDS	Perfluorotridecanesulfonic acid	PFAS/Perfluorotridecanesulfonic_acid.orcacosmo	neutral	JMIXTHMPTMXARZ-UHFFFAOYSA-N	cyclohexanol	RT	298.15	single_liquid_phase	True	100.0	A-12 batch p02
PFAS	PFTriDS	Perfluorotridecanesulfonic acid	PFAS/Perfluorotridecanesulfonic_acid.orcacosmo	neutral	JMIXTHMPTMXARZ-UHFFFAOYSA-N	cyclohexanol	high	393.15	single_liquid_phase	True	100.0	A-12 batch p02
PFAS	PFTriDS	Perfluorotridecanesulfonic acid	PFAS/Perfluorotridecanesulfonic_acid.orcacosmo	neutral	JMIXTHMPTMXARZ-UHFFFAOYSA-N	dichloromethane	RT	298.15	single_liquid_phase	True	100.0	A-12 batch p02
PFAS	PFTriDS	Perfluorotridecanesulfonic acid	PFAS/Perfluorotridecanesulfonic_acid.orcacosmo	neutral	JMIXTHMPTMXARZ-UHFFFAOYSA-N	dichloromethane	high	312.15	single_liquid_phase	True	100.0	A-12 batch p02
PFAS	PFTriDS	Perfluorotridecanesulfonic acid	PFAS/Perfluorotridecanesulfonic_acid.orcacosmo	neutral	JMIXTHMPTMXARZ-UHFFFAOYSA-N	dimethyl sulfoxide	RT	298.15	single_liquid_phase	True	100.0	A-12 batch p02
PFAS	PFTriDS	Perfluorotridecanesulfonic acid	PFAS/Perfluorotridecanesulfonic_acid.orcacosmo	neutral	JMIXTHMPTMXARZ-UHFFFAOYSA-N	dimethyl sulfoxide	high	393.15	single_liquid_phase	True	100.0	A-12 batch p02
PFAS	PFTriDS	Perfluorotridecanesulfonic acid	PFAS/Perfluorotridecanesulfonic_acid.orcacosmo	neutral	JMIXTHMPTMXARZ-UHFFFAOYSA-N	diphenyl ether	RT	298.15	single_liquid_phase	True	100.0	A-12 batch p02
PFAS	PFTriDS	Perfluorotridecanesulfonic acid	PFAS/Perfluorotridecanesulfonic_acid.orcacosmo	neutral	JMIXTHMPTMXARZ-UHFFFAOYSA-N	diphenyl ether	high	393.15	single_liquid_phase	True	100.0	A-12 batch p02
PFAS	PFTriDS	Perfluorotridecanesulfonic acid	PFAS/Perfluorotridecanesulfonic_acid.orcacosmo	neutral	JMIXTHMPTMXARZ-UHFFFAOYSA-N	dodecane	RT	298.15	single_liquid_phase	True	100.0	A-12 batch p02
PFAS	PFTriDS	Perfluorotridecanesulfonic acid	PFAS/Perfluorotridecanesulfonic_acid.orcacosmo	neutral	JMIXTHMPTMXARZ-UHFFFAOYSA-N	dodecane	high	393.15	single_liquid_phase	True	100.0	A-12 batch p02
PFAS	PFTriDS	Perfluorotridecanesulfonic acid	PFAS/Perfluorotridecanesulfonic_acid.orcacosmo	neutral	JMIXTHMPTMXARZ-UHFFFAOYSA-N	ethanol	RT	298.15	single_liquid_phase	True	100.0	A-12 batch p02
PFAS	PFTriDS	Perfluorotridecanesulfonic acid	PFAS/Perfluorotridecanesulfonic_acid.orcacosmo	neutral	JMIXTHMPTMXARZ-UHFFFAOYSA-N	ethanol	high	350.34999999999997	single_liquid_phase	True	100.0	A-12 batch p02
PFAS	PFTriDS	Perfluorotridecanesulfonic acid	PFAS/Perfluorotridecanesulfonic_acid.orcacosmo	neutral	JMIXTHMPTMXARZ-UHFFFAOYSA-N	ethyl acetate	RT	298.15	single_liquid_phase	True	100.0	A-12 batch p02
PFAS	PFTriDS	Perfluorotridecanesulfonic acid	PFAS/Perfluorotridecanesulfonic_acid.orcacosmo	neutral	JMIXTHMPTMXARZ-UHFFFAOYSA-N	ethyl acetate	high	349.25	single_liquid_phase	True	100.0	A-12 batch p02
PFAS	PFTriDS	Perfluorotridecanesulfonic acid	PFAS/Perfluorotridecanesulfonic_acid.orcacosmo	neutral	JMIXTHMPTMXARZ-UHFFFAOYSA-N	ethylene glycol	RT	298.15	two_liquid_phases	False	4.935863467022697	A-12 batch p02
PFAS	PFTriDS	Perfluorotridecanesulfonic acid	PFAS/Perfluorotridecanesulfonic_acid.orcacosmo	neutral	JMIXTHMPTMXARZ-UHFFFAOYSA-N	ethylene glycol	high	393.15	two_liquid_phases	False	7.4362405213284175	A-12 batch p02
PFAS	PFTriDS	Perfluorotridecanesulfonic acid	PFAS/Perfluorotridecanesulfonic_acid.orcacosmo	neutral	JMIXTHMPTMXARZ-UHFFFAOYSA-N	heptane	RT	298.15	single_liquid_phase	True	100.0	A-12 batch p02
PFAS	PFTriDS	Perfluorotridecanesulfonic acid	PFAS/Perfluorotridecanesulfonic_acid.orcacosmo	neutral	JMIXTHMPTMXARZ-UHFFFAOYSA-N	heptane	high	370.65	single_liquid_phase	True	100.0	A-12 batch p02
PFAS	PFTriDS	Perfluorotridecanesulfonic acid	PFAS/Perfluorotridecanesulfonic_acid.orcacosmo	neutral	JMIXTHMPTMXARZ-UHFFFAOYSA-N	hexane	RT	298.15	single_liquid_phase	True	100.0	A-12 batch p02
PFAS	PFTriDS	Perfluorotridecanesulfonic acid	PFAS/Perfluorotridecanesulfonic_acid.orcacosmo	neutral	JMIXTHMPTMXARZ-UHFFFAOYSA-N	hexane	high	340.84999999999997	single_liquid_phase	True	100.0	A-12 batch p02
PFAS	PFTriDS	Perfluorotridecanesulfonic acid	PFAS/Perfluorotridecanesulfonic_acid.orcacosmo	neutral	JMIXTHMPTMXARZ-UHFFFAOYSA-N	isopropanol	RT	298.15	single_liquid_phase	True	100.0	A-12 batch p02
PFAS	PFTriDS	Perfluorotridecanesulfonic acid	PFAS/Perfluorotridecanesulfonic_acid.orcacosmo	neutral	JMIXTHMPTMXARZ-UHFFFAOYSA-N	isopropanol	high	354.45	single_liquid_phase	True	100.0	A-12 batch p02
PFAS	PFTriDS	Perfluorotridecanesulfonic acid	PFAS/Perfluorotridecanesulfonic_acid.orcacosmo	neutral	JMIXTHMPTMXARZ-UHFFFAOYSA-N	isopropylamine	RT	298.15	single_liquid_phase	True	100.0	A-12 batch p02
PFAS	PFTriDS	Perfluorotridecanesulfonic acid	PFAS/Perfluorotridecanesulfonic_acid.orcacosmo	neutral	JMIXTHMPTMXARZ-UHFFFAOYSA-N	isopropylamine	high	303.84999999999997	single_liquid_phase	True	100.0	A-12 batch p02
PFAS	PFTriDS	Perfluorotridecanesulfonic acid	PFAS/Perfluorotridecanesulfonic_acid.orcacosmo	neutral	JMIXTHMPTMXARZ-UHFFFAOYSA-N	methanol	RT	298.15	two_liquid_phases	True	21.78281222030759	A-12 batch p02
PFAS	PFTriDS	Perfluorotridecanesulfonic acid	PFAS/Perfluorotridecanesulfonic_acid.orcacosmo	neutral	JMIXTHMPTMXARZ-UHFFFAOYSA-N	methanol	high	336.7499999999999	two_liquid_phases	True	21.204045008840865	A-12 batch p02
PFAS	PFTriDS	Perfluorotridecanesulfonic acid	PFAS/Perfluorotridecanesulfonic_acid.orcacosmo	neutral	JMIXTHMPTMXARZ-UHFFFAOYSA-N	methylacetate	RT	298.15	single_liquid_phase	True	100.0	A-12 batch p02
PFAS	PFTriDS	Perfluorotridecanesulfonic acid	PFAS/Perfluorotridecanesulfonic_acid.orcacosmo	neutral	JMIXTHMPTMXARZ-UHFFFAOYSA-N	methylacetate	high	328.95	single_liquid_phase	True	100.0	A-12 batch p02
PFAS	PFTriDS	Perfluorotridecanesulfonic acid	PFAS/Perfluorotridecanesulfonic_acid.orcacosmo	neutral	JMIXTHMPTMXARZ-UHFFFAOYSA-N	n,n-dimethylformamide	RT	298.15	single_liquid_phase	True	100.0	A-12 batch p02
PFAS	PFTriDS	Perfluorotridecanesulfonic acid	PFAS/Perfluorotridecanesulfonic_acid.orcacosmo	neutral	JMIXTHMPTMXARZ-UHFFFAOYSA-N	n,n-dimethylformamide	high	393.15	single_liquid_phase	True	100.0	A-12 batch p02
PFAS	PFTriDS	Perfluorotridecanesulfonic acid	PFAS/Perfluorotridecanesulfonic_acid.orcacosmo	neutral	JMIXTHMPTMXARZ-UHFFFAOYSA-N	o-xylene	RT	298.15	single_liquid_phase	True	100.0	A-12 batch p02
PFAS	PFTriDS	Perfluorotridecanesulfonic acid	PFAS/Perfluorotridecanesulfonic_acid.orcacosmo	neutral	JMIXTHMPTMXARZ-UHFFFAOYSA-N	o-xylene	high	393.15	single_liquid_phase	True	100.0	A-12 batch p02
PFAS	PFTriDS	Perfluorotridecanesulfonic acid	PFAS/Perfluorotridecanesulfonic_acid.orcacosmo	neutral	JMIXTHMPTMXARZ-UHFFFAOYSA-N	tert-butanol	RT	298.15	single_liquid_phase	True	100.0	A-12 batch p02
PFAS	PFTriDS	Perfluorotridecanesulfonic acid	PFAS/Perfluorotridecanesulfonic_acid.orcacosmo	neutral	JMIXTHMPTMXARZ-UHFFFAOYSA-N	tert-butanol	high	354.54999999999995	single_liquid_phase	True	100.0	A-12 batch p02
PFAS	PFTriDS	Perfluorotridecanesulfonic acid	PFAS/Perfluorotridecanesulfonic_acid.orcacosmo	neutral	JMIXTHMPTMXARZ-UHFFFAOYSA-N	tetrahydrofuran	RT	298.15	single_liquid_phase	True	100.0	A-12 batch p02
PFAS	PFTriDS	Perfluorotridecanesulfonic acid	PFAS/Perfluorotridecanesulfonic_acid.orcacosmo	neutral	JMIXTHMPTMXARZ-UHFFFAOYSA-N	tetrahydrofuran	high	337.15	single_liquid_phase	True	100.0	A-12 batch p02
PFAS	PFTriDS	Perfluorotridecanesulfonic acid	PFAS/Perfluorotridecanesulfonic_acid.orcacosmo	neutral	JMIXTHMPTMXARZ-UHFFFAOYSA-N	tetrahydropyran	RT	298.15	single_liquid_phase	True	100.0	A-12 batch p02
PFAS	PFTriDS	Perfluorotridecanesulfonic acid	PFAS/Perfluorotridecanesulfonic_acid.orcacosmo	neutral	JMIXTHMPTMXARZ-UHFFFAOYSA-N	tetrahydropyran	high	360.15	single_liquid_phase	True	100.0	A-12 batch p02
PFAS	PFTriDS	Perfluorotridecanesulfonic acid	PFAS/Perfluorotridecanesulfonic_acid.orcacosmo	neutral	JMIXTHMPTMXARZ-UHFFFAOYSA-N	toluene	RT	298.15	single_liquid_phase	True	100.0	A-12 batch p02
PFAS	PFTriDS	Perfluorotridecanesulfonic acid	PFAS/Perfluorotridecanesulfonic_acid.orcacosmo	neutral	JMIXTHMPTMXARZ-UHFFFAOYSA-N	toluene	high	382.75	single_liquid_phase	True	100.0	A-12 batch p02
PFAS	PFTriDS	Perfluorotridecanesulfonic acid	PFAS/Perfluorotridecanesulfonic_acid.orcacosmo	neutral	JMIXTHMPTMXARZ-UHFFFAOYSA-N	triethylamine	RT	298.15	single_liquid_phase	True	100.0	A-12 batch p02
PFAS	PFTriDS	Perfluorotridecanesulfonic acid	PFAS/Perfluorotridecanesulfonic_acid.orcacosmo	neutral	JMIXTHMPTMXARZ-UHFFFAOYSA-N	triethylamine	high	361.15	single_liquid_phase	True	100.0	A-12 batch p02
PFAS	PFTriDS	Perfluorotridecanesulfonic acid	PFAS/Perfluorotridecanesulfonic_acid.orcacosmo	neutral	JMIXTHMPTMXARZ-UHFFFAOYSA-N	water	RT	298.15	two_liquid_phases	False	8.74953089572355e-09	A-12 batch p02
PFAS	PFTriDS	Perfluorotridecanesulfonic acid	PFAS/Perfluorotridecanesulfonic_acid.orcacosmo	neutral	JMIXTHMPTMXARZ-UHFFFAOYSA-N	water	high	372.15	two_liquid_phases	False	1.6286485446216248e-07	A-12 batch p02
PFAS	PFDS	Perfluorodecanesulfonic acid	PFAS/Perfluorodecanesulfonic_acid.orcacosmo	neutral	HYWZIAVPBSTISZ-UHFFFAOYSA-N	1,2-propanediol	RT	298.15	single_liquid_phase	True	100.0	A-12 batch p02
PFAS	PFDS	Perfluorodecanesulfonic acid	PFAS/Perfluorodecanesulfonic_acid.orcacosmo	neutral	HYWZIAVPBSTISZ-UHFFFAOYSA-N	1,2-propanediol	high	393.15	single_liquid_phase	True	100.0	A-12 batch p02
PFAS	PFDS	Perfluorodecanesulfonic acid	PFAS/Perfluorodecanesulfonic_acid.orcacosmo	neutral	HYWZIAVPBSTISZ-UHFFFAOYSA-N	1-propanol	RT	298.15	single_liquid_phase	True	100.0	A-12 batch p02
PFAS	PFDS	Perfluorodecanesulfonic acid	PFAS/Perfluorodecanesulfonic_acid.orcacosmo	neutral	HYWZIAVPBSTISZ-UHFFFAOYSA-N	1-propanol	high	369.34999999999997	single_liquid_phase	True	100.0	A-12 batch p02
PFAS	PFDS	Perfluorodecanesulfonic acid	PFAS/Perfluorodecanesulfonic_acid.orcacosmo	neutral	HYWZIAVPBSTISZ-UHFFFAOYSA-N	2,3-dihydropyran	RT	298.15	single_liquid_phase	True	100.0	A-12 batch p02
PFAS	PFDS	Perfluorodecanesulfonic acid	PFAS/Perfluorodecanesulfonic_acid.orcacosmo	neutral	HYWZIAVPBSTISZ-UHFFFAOYSA-N	2,3-dihydropyran	high	358.15	single_liquid_phase	True	100.0	A-12 batch p02
PFAS	PFDS	Perfluorodecanesulfonic acid	PFAS/Perfluorodecanesulfonic_acid.orcacosmo	neutral	HYWZIAVPBSTISZ-UHFFFAOYSA-N	2-butanone	RT	298.15	single_liquid_phase	True	100.0	A-12 batch p02
PFAS	PFDS	Perfluorodecanesulfonic acid	PFAS/Perfluorodecanesulfonic_acid.orcacosmo	neutral	HYWZIAVPBSTISZ-UHFFFAOYSA-N	2-butanone	high	351.65	single_liquid_phase	True	100.0	A-12 batch p02
PFAS	PFDS	Perfluorodecanesulfonic acid	PFAS/Perfluorodecanesulfonic_acid.orcacosmo	neutral	HYWZIAVPBSTISZ-UHFFFAOYSA-N	acetic acid	RT	298.15	two_liquid_phases	True	19.73439304470453	A-12 batch p02
PFAS	PFDS	Perfluorodecanesulfonic acid	PFAS/Perfluorodecanesulfonic_acid.orcacosmo	neutral	HYWZIAVPBSTISZ-UHFFFAOYSA-N	acetic acid	high	390.04999999999995	two_liquid_phases	True	32.21441882835757	A-12 batch p02
PFAS	PFDS	Perfluorodecanesulfonic acid	PFAS/Perfluorodecanesulfonic_acid.orcacosmo	neutral	HYWZIAVPBSTISZ-UHFFFAOYSA-N	acetone	RT	298.15	single_liquid_phase	True	100.0	A-12 batch p02
PFAS	PFDS	Perfluorodecanesulfonic acid	PFAS/Perfluorodecanesulfonic_acid.orcacosmo	neutral	HYWZIAVPBSTISZ-UHFFFAOYSA-N	acetone	high	328.15	single_liquid_phase	True	100.0	A-12 batch p02
PFAS	PFDS	Perfluorodecanesulfonic acid	PFAS/Perfluorodecanesulfonic_acid.orcacosmo	neutral	HYWZIAVPBSTISZ-UHFFFAOYSA-N	acetylacetone	RT	298.15	single_liquid_phase	True	100.0	A-12 batch p02
PFAS	PFDS	Perfluorodecanesulfonic acid	PFAS/Perfluorodecanesulfonic_acid.orcacosmo	neutral	HYWZIAVPBSTISZ-UHFFFAOYSA-N	acetylacetone	high	393.15	single_liquid_phase	True	100.0	A-12 batch p02
PFAS	PFDS	Perfluorodecanesulfonic acid	PFAS/Perfluorodecanesulfonic_acid.orcacosmo	neutral	HYWZIAVPBSTISZ-UHFFFAOYSA-N	benzene	RT	298.15	single_liquid_phase	True	100.0	A-12 batch p02
PFAS	PFDS	Perfluorodecanesulfonic acid	PFAS/Perfluorodecanesulfonic_acid.orcacosmo	neutral	HYWZIAVPBSTISZ-UHFFFAOYSA-N	benzene	high	352.15	single_liquid_phase	True	100.0	A-12 batch p02
PFAS	PFDS	Perfluorodecanesulfonic acid	PFAS/Perfluorodecanesulfonic_acid.orcacosmo	neutral	HYWZIAVPBSTISZ-UHFFFAOYSA-N	chloroform	RT	298.15	single_liquid_phase	True	100.0	A-12 batch p02
PFAS	PFDS	Perfluorodecanesulfonic acid	PFAS/Perfluorodecanesulfonic_acid.orcacosmo	neutral	HYWZIAVPBSTISZ-UHFFFAOYSA-N	chloroform	high	333.25	single_liquid_phase	True	100.0	A-12 batch p02
PFAS	PFDS	Perfluorodecanesulfonic acid	PFAS/Perfluorodecanesulfonic_acid.orcacosmo	neutral	HYWZIAVPBSTISZ-UHFFFAOYSA-N	cyclohexane	RT	298.15	single_liquid_phase	True	100.0	A-12 batch p02
PFAS	PFDS	Perfluorodecanesulfonic acid	PFAS/Perfluorodecanesulfonic_acid.orcacosmo	neutral	HYWZIAVPBSTISZ-UHFFFAOYSA-N	cyclohexane	high	352.84999999999997	single_liquid_phase	True	100.0	A-12 batch p02
PFAS	PFDS	Perfluorodecanesulfonic acid	PFAS/Perfluorodecanesulfonic_acid.orcacosmo	neutral	HYWZIAVPBSTISZ-UHFFFAOYSA-N	cyclohexanol	RT	298.15	single_liquid_phase	True	100.0	A-12 batch p02
PFAS	PFDS	Perfluorodecanesulfonic acid	PFAS/Perfluorodecanesulfonic_acid.orcacosmo	neutral	HYWZIAVPBSTISZ-UHFFFAOYSA-N	cyclohexanol	high	393.15	single_liquid_phase	True	100.0	A-12 batch p02
PFAS	PFDS	Perfluorodecanesulfonic acid	PFAS/Perfluorodecanesulfonic_acid.orcacosmo	neutral	HYWZIAVPBSTISZ-UHFFFAOYSA-N	dichloromethane	RT	298.15	single_liquid_phase	True	100.0	A-12 batch p02
PFAS	PFDS	Perfluorodecanesulfonic acid	PFAS/Perfluorodecanesulfonic_acid.orcacosmo	neutral	HYWZIAVPBSTISZ-UHFFFAOYSA-N	dichloromethane	high	312.15	single_liquid_phase	True	100.0	A-12 batch p02
PFAS	PFDS	Perfluorodecanesulfonic acid	PFAS/Perfluorodecanesulfonic_acid.orcacosmo	neutral	HYWZIAVPBSTISZ-UHFFFAOYSA-N	dimethyl sulfoxide	RT	298.15	single_liquid_phase	True	100.0	A-12 batch p02
PFAS	PFDS	Perfluorodecanesulfonic acid	PFAS/Perfluorodecanesulfonic_acid.orcacosmo	neutral	HYWZIAVPBSTISZ-UHFFFAOYSA-N	dimethyl sulfoxide	high	393.15	single_liquid_phase	True	100.0	A-12 batch p02
PFAS	PFDS	Perfluorodecanesulfonic acid	PFAS/Perfluorodecanesulfonic_acid.orcacosmo	neutral	HYWZIAVPBSTISZ-UHFFFAOYSA-N	diphenyl ether	RT	298.15	single_liquid_phase	True	100.0	A-12 batch p02
PFAS	PFDS	Perfluorodecanesulfonic acid	PFAS/Perfluorodecanesulfonic_acid.orcacosmo	neutral	HYWZIAVPBSTISZ-UHFFFAOYSA-N	diphenyl ether	high	393.15	single_liquid_phase	True	100.0	A-12 batch p02
PFAS	PFDS	Perfluorodecanesulfonic acid	PFAS/Perfluorodecanesulfonic_acid.orcacosmo	neutral	HYWZIAVPBSTISZ-UHFFFAOYSA-N	dodecane	RT	298.15	single_liquid_phase	True	100.0	A-12 batch p02
PFAS	PFDS	Perfluorodecanesulfonic acid	PFAS/Perfluorodecanesulfonic_acid.orcacosmo	neutral	HYWZIAVPBSTISZ-UHFFFAOYSA-N	dodecane	high	393.15	single_liquid_phase	True	100.0	A-12 batch p02
PFAS	PFDS	Perfluorodecanesulfonic acid	PFAS/Perfluorodecanesulfonic_acid.orcacosmo	neutral	HYWZIAVPBSTISZ-UHFFFAOYSA-N	ethanol	RT	298.15	single_liquid_phase	True	100.0	A-12 batch p02
PFAS	PFDS	Perfluorodecanesulfonic acid	PFAS/Perfluorodecanesulfonic_acid.orcacosmo	neutral	HYWZIAVPBSTISZ-UHFFFAOYSA-N	ethanol	high	350.34999999999997	single_liquid_phase	True	100.0	A-12 batch p02
PFAS	PFDS	Perfluorodecanesulfonic acid	PFAS/Perfluorodecanesulfonic_acid.orcacosmo	neutral	HYWZIAVPBSTISZ-UHFFFAOYSA-N	ethyl acetate	RT	298.15	single_liquid_phase	True	100.0	A-12 batch p02
PFAS	PFDS	Perfluorodecanesulfonic acid	PFAS/Perfluorodecanesulfonic_acid.orcacosmo	neutral	HYWZIAVPBSTISZ-UHFFFAOYSA-N	ethyl acetate	high	349.25	single_liquid_phase	True	100.0	A-12 batch p02
PFAS	PFDS	Perfluorodecanesulfonic acid	PFAS/Perfluorodecanesulfonic_acid.orcacosmo	neutral	HYWZIAVPBSTISZ-UHFFFAOYSA-N	ethylene glycol	RT	298.15	two_liquid_phases	True	19.95774256453882	A-12 batch p02
PFAS	PFDS	Perfluorodecanesulfonic acid	PFAS/Perfluorodecanesulfonic_acid.orcacosmo	neutral	HYWZIAVPBSTISZ-UHFFFAOYSA-N	ethylene glycol	high	393.15	two_liquid_phases	True	26.9745423219447	A-12 batch p02
PFAS	PFDS	Perfluorodecanesulfonic acid	PFAS/Perfluorodecanesulfonic_acid.orcacosmo	neutral	HYWZIAVPBSTISZ-UHFFFAOYSA-N	heptane	RT	298.15	single_liquid_phase	True	100.0	A-12 batch p02
PFAS	PFDS	Perfluorodecanesulfonic acid	PFAS/Perfluorodecanesulfonic_acid.orcacosmo	neutral	HYWZIAVPBSTISZ-UHFFFAOYSA-N	heptane	high	370.65	single_liquid_phase	True	100.0	A-12 batch p02
PFAS	PFDS	Perfluorodecanesulfonic acid	PFAS/Perfluorodecanesulfonic_acid.orcacosmo	neutral	HYWZIAVPBSTISZ-UHFFFAOYSA-N	hexane	RT	298.15	single_liquid_phase	True	100.0	A-12 batch p02
PFAS	PFDS	Perfluorodecanesulfonic acid	PFAS/Perfluorodecanesulfonic_acid.orcacosmo	neutral	HYWZIAVPBSTISZ-UHFFFAOYSA-N	hexane	high	340.84999999999997	single_liquid_phase	True	100.0	A-12 batch p02
PFAS	PFDS	Perfluorodecanesulfonic acid	PFAS/Perfluorodecanesulfonic_acid.orcacosmo	neutral	HYWZIAVPBSTISZ-UHFFFAOYSA-N	isopropanol	RT	298.15	single_liquid_phase	True	100.0	A-12 batch p02
PFAS	PFDS	Perfluorodecanesulfonic acid	PFAS/Perfluorodecanesulfonic_acid.orcacosmo	neutral	HYWZIAVPBSTISZ-UHFFFAOYSA-N	isopropanol	high	354.45	single_liquid_phase	True	100.0	A-12 batch p02
PFAS	PFDS	Perfluorodecanesulfonic acid	PFAS/Perfluorodecanesulfonic_acid.orcacosmo	neutral	HYWZIAVPBSTISZ-UHFFFAOYSA-N	isopropylamine	RT	298.15	single_liquid_phase	True	100.0	A-12 batch p02
PFAS	PFDS	Perfluorodecanesulfonic acid	PFAS/Perfluorodecanesulfonic_acid.orcacosmo	neutral	HYWZIAVPBSTISZ-UHFFFAOYSA-N	isopropylamine	high	303.84999999999997	single_liquid_phase	True	100.0	A-12 batch p02
PFAS	PFDS	Perfluorodecanesulfonic acid	PFAS/Perfluorodecanesulfonic_acid.orcacosmo	neutral	HYWZIAVPBSTISZ-UHFFFAOYSA-N	methanol	RT	298.15	single_liquid_phase	True	100.0	A-12 batch p02
PFAS	PFDS	Perfluorodecanesulfonic acid	PFAS/Perfluorodecanesulfonic_acid.orcacosmo	neutral	HYWZIAVPBSTISZ-UHFFFAOYSA-N	methanol	high	336.7499999999999	single_liquid_phase	True	100.0	A-12 batch p02
PFAS	PFDS	Perfluorodecanesulfonic acid	PFAS/Perfluorodecanesulfonic_acid.orcacosmo	neutral	HYWZIAVPBSTISZ-UHFFFAOYSA-N	methylacetate	RT	298.15	single_liquid_phase	True	100.0	A-12 batch p02
PFAS	PFDS	Perfluorodecanesulfonic acid	PFAS/Perfluorodecanesulfonic_acid.orcacosmo	neutral	HYWZIAVPBSTISZ-UHFFFAOYSA-N	methylacetate	high	328.95	single_liquid_phase	True	100.0	A-12 batch p02
PFAS	PFDS	Perfluorodecanesulfonic acid	PFAS/Perfluorodecanesulfonic_acid.orcacosmo	neutral	HYWZIAVPBSTISZ-UHFFFAOYSA-N	n,n-dimethylformamide	RT	298.15	single_liquid_phase	True	100.0	A-12 batch p02
PFAS	PFDS	Perfluorodecanesulfonic acid	PFAS/Perfluorodecanesulfonic_acid.orcacosmo	neutral	HYWZIAVPBSTISZ-UHFFFAOYSA-N	n,n-dimethylformamide	high	393.15	single_liquid_phase	True	100.0	A-12 batch p02
PFAS	PFDS	Perfluorodecanesulfonic acid	PFAS/Perfluorodecanesulfonic_acid.orcacosmo	neutral	HYWZIAVPBSTISZ-UHFFFAOYSA-N	o-xylene	RT	298.15	single_liquid_phase	True	100.0	A-12 batch p02
PFAS	PFDS	Perfluorodecanesulfonic acid	PFAS/Perfluorodecanesulfonic_acid.orcacosmo	neutral	HYWZIAVPBSTISZ-UHFFFAOYSA-N	o-xylene	high	393.15	single_liquid_phase	True	100.0	A-12 batch p02
PFAS	PFDS	Perfluorodecanesulfonic acid	PFAS/Perfluorodecanesulfonic_acid.orcacosmo	neutral	HYWZIAVPBSTISZ-UHFFFAOYSA-N	tert-butanol	RT	298.15	single_liquid_phase	True	100.0	A-12 batch p02
PFAS	PFDS	Perfluorodecanesulfonic acid	PFAS/Perfluorodecanesulfonic_acid.orcacosmo	neutral	HYWZIAVPBSTISZ-UHFFFAOYSA-N	tert-butanol	high	354.54999999999995	single_liquid_phase	True	100.0	A-12 batch p02
PFAS	PFDS	Perfluorodecanesulfonic acid	PFAS/Perfluorodecanesulfonic_acid.orcacosmo	neutral	HYWZIAVPBSTISZ-UHFFFAOYSA-N	tetrahydrofuran	RT	298.15	single_liquid_phase	True	100.0	A-12 batch p02
PFAS	PFDS	Perfluorodecanesulfonic acid	PFAS/Perfluorodecanesulfonic_acid.orcacosmo	neutral	HYWZIAVPBSTISZ-UHFFFAOYSA-N	tetrahydrofuran	high	337.15	single_liquid_phase	True	100.0	A-12 batch p02
PFAS	PFDS	Perfluorodecanesulfonic acid	PFAS/Perfluorodecanesulfonic_acid.orcacosmo	neutral	HYWZIAVPBSTISZ-UHFFFAOYSA-N	tetrahydropyran	RT	298.15	single_liquid_phase	True	100.0	A-12 batch p02
PFAS	PFDS	Perfluorodecanesulfonic acid	PFAS/Perfluorodecanesulfonic_acid.orcacosmo	neutral	HYWZIAVPBSTISZ-UHFFFAOYSA-N	tetrahydropyran	high	360.15	single_liquid_phase	True	100.0	A-12 batch p02
PFAS	PFDS	Perfluorodecanesulfonic acid	PFAS/Perfluorodecanesulfonic_acid.orcacosmo	neutral	HYWZIAVPBSTISZ-UHFFFAOYSA-N	toluene	RT	298.15	single_liquid_phase	True	100.0	A-12 batch p02
PFAS	PFDS	Perfluorodecanesulfonic acid	PFAS/Perfluorodecanesulfonic_acid.orcacosmo	neutral	HYWZIAVPBSTISZ-UHFFFAOYSA-N	toluene	high	382.75	single_liquid_phase	True	100.0	A-12 batch p02
PFAS	PFDS	Perfluorodecanesulfonic acid	PFAS/Perfluorodecanesulfonic_acid.orcacosmo	neutral	HYWZIAVPBSTISZ-UHFFFAOYSA-N	triethylamine	RT	298.15	single_liquid_phase	True	100.0	A-12 batch p02
PFAS	PFDS	Perfluorodecanesulfonic acid	PFAS/Perfluorodecanesulfonic_acid.orcacosmo	neutral	HYWZIAVPBSTISZ-UHFFFAOYSA-N	triethylamine	high	361.15	single_liquid_phase	True	100.0	A-12 batch p02
PFAS	PFDS	Perfluorodecanesulfonic acid	PFAS/Perfluorodecanesulfonic_acid.orcacosmo	neutral	HYWZIAVPBSTISZ-UHFFFAOYSA-N	water	RT	298.15	two_liquid_phases	False	2.5577472963665532e-06	A-12 batch p02
PFAS	PFDS	Perfluorodecanesulfonic acid	PFAS/Perfluorodecanesulfonic_acid.orcacosmo	neutral	HYWZIAVPBSTISZ-UHFFFAOYSA-N	water	high	372.15	two_liquid_phases	False	2.2278224164588495e-05	A-12 batch p02
PFAS	PFDoDS	Perfluorododecanesulfonic acid	PFAS/Perfluorododecanesulfonic_acid.orcacosmo	neutral	CFCRODHVHXGTPC-UHFFFAOYSA-N	1,2-propanediol	RT	298.15	single_liquid_phase	True	100.0	A-12 batch p02
PFAS	PFDoDS	Perfluorododecanesulfonic acid	PFAS/Perfluorododecanesulfonic_acid.orcacosmo	neutral	CFCRODHVHXGTPC-UHFFFAOYSA-N	1,2-propanediol	high	393.15	single_liquid_phase	True	100.0	A-12 batch p02
PFAS	PFDoDS	Perfluorododecanesulfonic acid	PFAS/Perfluorododecanesulfonic_acid.orcacosmo	neutral	CFCRODHVHXGTPC-UHFFFAOYSA-N	1-propanol	RT	298.15	single_liquid_phase	True	100.0	A-12 batch p02
PFAS	PFDoDS	Perfluorododecanesulfonic acid	PFAS/Perfluorododecanesulfonic_acid.orcacosmo	neutral	CFCRODHVHXGTPC-UHFFFAOYSA-N	1-propanol	high	369.34999999999997	single_liquid_phase	True	100.0	A-12 batch p02
PFAS	PFDoDS	Perfluorododecanesulfonic acid	PFAS/Perfluorododecanesulfonic_acid.orcacosmo	neutral	CFCRODHVHXGTPC-UHFFFAOYSA-N	2,3-dihydropyran	RT	298.15	single_liquid_phase	True	100.0	A-12 batch p02
PFAS	PFDoDS	Perfluorododecanesulfonic acid	PFAS/Perfluorododecanesulfonic_acid.orcacosmo	neutral	CFCRODHVHXGTPC-UHFFFAOYSA-N	2,3-dihydropyran	high	358.15	single_liquid_phase	True	100.0	A-12 batch p02
PFAS	PFDoDS	Perfluorododecanesulfonic acid	PFAS/Perfluorododecanesulfonic_acid.orcacosmo	neutral	CFCRODHVHXGTPC-UHFFFAOYSA-N	2-butanone	RT	298.15	single_liquid_phase	True	100.0	A-12 batch p02
PFAS	PFDoDS	Perfluorododecanesulfonic acid	PFAS/Perfluorododecanesulfonic_acid.orcacosmo	neutral	CFCRODHVHXGTPC-UHFFFAOYSA-N	2-butanone	high	351.65	single_liquid_phase	True	100.0	A-12 batch p02
PFAS	PFDoDS	Perfluorododecanesulfonic acid	PFAS/Perfluorododecanesulfonic_acid.orcacosmo	neutral	CFCRODHVHXGTPC-UHFFFAOYSA-N	acetic acid	RT	298.15	two_liquid_phases	False	9.204148639352688	A-12 batch p02
PFAS	PFDoDS	Perfluorododecanesulfonic acid	PFAS/Perfluorododecanesulfonic_acid.orcacosmo	neutral	CFCRODHVHXGTPC-UHFFFAOYSA-N	acetic acid	high	390.04999999999995	two_liquid_phases	True	16.36220919304464	A-12 batch p02
PFAS	PFDoDS	Perfluorododecanesulfonic acid	PFAS/Perfluorododecanesulfonic_acid.orcacosmo	neutral	CFCRODHVHXGTPC-UHFFFAOYSA-N	acetone	RT	298.15	single_liquid_phase	True	100.0	A-12 batch p02
PFAS	PFDoDS	Perfluorododecanesulfonic acid	PFAS/Perfluorododecanesulfonic_acid.orcacosmo	neutral	CFCRODHVHXGTPC-UHFFFAOYSA-N	acetone	high	328.15	single_liquid_phase	True	100.0	A-12 batch p02
PFAS	PFDoDS	Perfluorododecanesulfonic acid	PFAS/Perfluorododecanesulfonic_acid.orcacosmo	neutral	CFCRODHVHXGTPC-UHFFFAOYSA-N	acetylacetone	RT	298.15	single_liquid_phase	True	100.0	A-12 batch p02
PFAS	PFDoDS	Perfluorododecanesulfonic acid	PFAS/Perfluorododecanesulfonic_acid.orcacosmo	neutral	CFCRODHVHXGTPC-UHFFFAOYSA-N	acetylacetone	high	393.15	single_liquid_phase	True	100.0	A-12 batch p02
PFAS	PFDoDS	Perfluorododecanesulfonic acid	PFAS/Perfluorododecanesulfonic_acid.orcacosmo	neutral	CFCRODHVHXGTPC-UHFFFAOYSA-N	benzene	RT	298.15	single_liquid_phase	True	100.0	A-12 batch p02
PFAS	PFDoDS	Perfluorododecanesulfonic acid	PFAS/Perfluorododecanesulfonic_acid.orcacosmo	neutral	CFCRODHVHXGTPC-UHFFFAOYSA-N	benzene	high	352.15	single_liquid_phase	True	100.0	A-12 batch p02
PFAS	PFDoDS	Perfluorododecanesulfonic acid	PFAS/Perfluorododecanesulfonic_acid.orcacosmo	neutral	CFCRODHVHXGTPC-UHFFFAOYSA-N	chloroform	RT	298.15	single_liquid_phase	True	100.0	A-12 batch p02
PFAS	PFDoDS	Perfluorododecanesulfonic acid	PFAS/Perfluorododecanesulfonic_acid.orcacosmo	neutral	CFCRODHVHXGTPC-UHFFFAOYSA-N	chloroform	high	333.25	single_liquid_phase	True	100.0	A-12 batch p02
PFAS	PFDoDS	Perfluorododecanesulfonic acid	PFAS/Perfluorododecanesulfonic_acid.orcacosmo	neutral	CFCRODHVHXGTPC-UHFFFAOYSA-N	cyclohexane	RT	298.15	single_liquid_phase	True	100.0	A-12 batch p02
PFAS	PFDoDS	Perfluorododecanesulfonic acid	PFAS/Perfluorododecanesulfonic_acid.orcacosmo	neutral	CFCRODHVHXGTPC-UHFFFAOYSA-N	cyclohexane	high	352.84999999999997	single_liquid_phase	True	100.0	A-12 batch p02
PFAS	PFDoDS	Perfluorododecanesulfonic acid	PFAS/Perfluorododecanesulfonic_acid.orcacosmo	neutral	CFCRODHVHXGTPC-UHFFFAOYSA-N	cyclohexanol	RT	298.15	single_liquid_phase	True	100.0	A-12 batch p02
PFAS	PFDoDS	Perfluorododecanesulfonic acid	PFAS/Perfluorododecanesulfonic_acid.orcacosmo	neutral	CFCRODHVHXGTPC-UHFFFAOYSA-N	cyclohexanol	high	393.15	single_liquid_phase	True	100.0	A-12 batch p02
PFAS	PFDoDS	Perfluorododecanesulfonic acid	PFAS/Perfluorododecanesulfonic_acid.orcacosmo	neutral	CFCRODHVHXGTPC-UHFFFAOYSA-N	dichloromethane	RT	298.15	single_liquid_phase	True	100.0	A-12 batch p02
PFAS	PFDoDS	Perfluorododecanesulfonic acid	PFAS/Perfluorododecanesulfonic_acid.orcacosmo	neutral	CFCRODHVHXGTPC-UHFFFAOYSA-N	dichloromethane	high	312.15	single_liquid_phase	True	100.0	A-12 batch p02
PFAS	PFDoDS	Perfluorododecanesulfonic acid	PFAS/Perfluorododecanesulfonic_acid.orcacosmo	neutral	CFCRODHVHXGTPC-UHFFFAOYSA-N	dimethyl sulfoxide	RT	298.15	single_liquid_phase	True	100.0	A-12 batch p02
PFAS	PFDoDS	Perfluorododecanesulfonic acid	PFAS/Perfluorododecanesulfonic_acid.orcacosmo	neutral	CFCRODHVHXGTPC-UHFFFAOYSA-N	dimethyl sulfoxide	high	393.15	single_liquid_phase	True	100.0	A-12 batch p02
PFAS	PFDoDS	Perfluorododecanesulfonic acid	PFAS/Perfluorododecanesulfonic_acid.orcacosmo	neutral	CFCRODHVHXGTPC-UHFFFAOYSA-N	diphenyl ether	RT	298.15	single_liquid_phase	True	100.0	A-12 batch p02
PFAS	PFDoDS	Perfluorododecanesulfonic acid	PFAS/Perfluorododecanesulfonic_acid.orcacosmo	neutral	CFCRODHVHXGTPC-UHFFFAOYSA-N	diphenyl ether	high	393.15	single_liquid_phase	True	100.0	A-12 batch p02
PFAS	PFDoDS	Perfluorododecanesulfonic acid	PFAS/Perfluorododecanesulfonic_acid.orcacosmo	neutral	CFCRODHVHXGTPC-UHFFFAOYSA-N	dodecane	RT	298.15	single_liquid_phase	True	100.0	A-12 batch p02
PFAS	PFDoDS	Perfluorododecanesulfonic acid	PFAS/Perfluorododecanesulfonic_acid.orcacosmo	neutral	CFCRODHVHXGTPC-UHFFFAOYSA-N	dodecane	high	393.15	single_liquid_phase	True	100.0	A-12 batch p02
PFAS	PFDoDS	Perfluorododecanesulfonic acid	PFAS/Perfluorododecanesulfonic_acid.orcacosmo	neutral	CFCRODHVHXGTPC-UHFFFAOYSA-N	ethanol	RT	298.15	single_liquid_phase	True	100.0	A-12 batch p02
PFAS	PFDoDS	Perfluorododecanesulfonic acid	PFAS/Perfluorododecanesulfonic_acid.orcacosmo	neutral	CFCRODHVHXGTPC-UHFFFAOYSA-N	ethanol	high	350.34999999999997	single_liquid_phase	True	100.0	A-12 batch p02
PFAS	PFDoDS	Perfluorododecanesulfonic acid	PFAS/Perfluorododecanesulfonic_acid.orcacosmo	neutral	CFCRODHVHXGTPC-UHFFFAOYSA-N	ethyl acetate	RT	298.15	single_liquid_phase	True	100.0	A-12 batch p02
PFAS	PFDoDS	Perfluorododecanesulfonic acid	PFAS/Perfluorododecanesulfonic_acid.orcacosmo	neutral	CFCRODHVHXGTPC-UHFFFAOYSA-N	ethyl acetate	high	349.25	single_liquid_phase	True	100.0	A-12 batch p02
PFAS	PFDoDS	Perfluorododecanesulfonic acid	PFAS/Perfluorododecanesulfonic_acid.orcacosmo	neutral	CFCRODHVHXGTPC-UHFFFAOYSA-N	ethylene glycol	RT	298.15	two_liquid_phases	False	9.531656820790465	A-12 batch p02
PFAS	PFDoDS	Perfluorododecanesulfonic acid	PFAS/Perfluorododecanesulfonic_acid.orcacosmo	neutral	CFCRODHVHXGTPC-UHFFFAOYSA-N	ethylene glycol	high	393.15	two_liquid_phases	False	13.973502268184195	A-12 batch p02
PFAS	PFDoDS	Perfluorododecanesulfonic acid	PFAS/Perfluorododecanesulfonic_acid.orcacosmo	neutral	CFCRODHVHXGTPC-UHFFFAOYSA-N	heptane	RT	298.15	single_liquid_phase	True	100.0	A-12 batch p02
PFAS	PFDoDS	Perfluorododecanesulfonic acid	PFAS/Perfluorododecanesulfonic_acid.orcacosmo	neutral	CFCRODHVHXGTPC-UHFFFAOYSA-N	heptane	high	370.65	single_liquid_phase	True	100.0	A-12 batch p02
PFAS	PFDoDS	Perfluorododecanesulfonic acid	PFAS/Perfluorododecanesulfonic_acid.orcacosmo	neutral	CFCRODHVHXGTPC-UHFFFAOYSA-N	hexane	RT	298.15	single_liquid_phase	True	100.0	A-12 batch p02
PFAS	PFDoDS	Perfluorododecanesulfonic acid	PFAS/Perfluorododecanesulfonic_acid.orcacosmo	neutral	CFCRODHVHXGTPC-UHFFFAOYSA-N	hexane	high	340.84999999999997	single_liquid_phase	True	100.0	A-12 batch p02
PFAS	PFDoDS	Perfluorododecanesulfonic acid	PFAS/Perfluorododecanesulfonic_acid.orcacosmo	neutral	CFCRODHVHXGTPC-UHFFFAOYSA-N	isopropanol	RT	298.15	single_liquid_phase	True	100.0	A-12 batch p02
PFAS	PFDoDS	Perfluorododecanesulfonic acid	PFAS/Perfluorododecanesulfonic_acid.orcacosmo	neutral	CFCRODHVHXGTPC-UHFFFAOYSA-N	isopropanol	high	354.45	single_liquid_phase	True	100.0	A-12 batch p02
PFAS	PFDoDS	Perfluorododecanesulfonic acid	PFAS/Perfluorododecanesulfonic_acid.orcacosmo	neutral	CFCRODHVHXGTPC-UHFFFAOYSA-N	isopropylamine	RT	298.15	single_liquid_phase	True	100.0	A-12 batch p02
PFAS	PFDoDS	Perfluorododecanesulfonic acid	PFAS/Perfluorododecanesulfonic_acid.orcacosmo	neutral	CFCRODHVHXGTPC-UHFFFAOYSA-N	isopropylamine	high	303.84999999999997	single_liquid_phase	True	100.0	A-12 batch p02
PFAS	PFDoDS	Perfluorododecanesulfonic acid	PFAS/Perfluorododecanesulfonic_acid.orcacosmo	neutral	CFCRODHVHXGTPC-UHFFFAOYSA-N	methanol	RT	298.15	single_liquid_phase	True	100.0	A-12 batch p02
PFAS	PFDoDS	Perfluorododecanesulfonic acid	PFAS/Perfluorododecanesulfonic_acid.orcacosmo	neutral	CFCRODHVHXGTPC-UHFFFAOYSA-N	methanol	high	336.7499999999999	single_liquid_phase	True	100.0	A-12 batch p02
PFAS	PFDoDS	Perfluorododecanesulfonic acid	PFAS/Perfluorododecanesulfonic_acid.orcacosmo	neutral	CFCRODHVHXGTPC-UHFFFAOYSA-N	methylacetate	RT	298.15	single_liquid_phase	True	100.0	A-12 batch p02
PFAS	PFDoDS	Perfluorododecanesulfonic acid	PFAS/Perfluorododecanesulfonic_acid.orcacosmo	neutral	CFCRODHVHXGTPC-UHFFFAOYSA-N	methylacetate	high	328.95	single_liquid_phase	True	100.0	A-12 batch p02
PFAS	PFDoDS	Perfluorododecanesulfonic acid	PFAS/Perfluorododecanesulfonic_acid.orcacosmo	neutral	CFCRODHVHXGTPC-UHFFFAOYSA-N	n,n-dimethylformamide	RT	298.15	single_liquid_phase	True	100.0	A-12 batch p02
PFAS	PFDoDS	Perfluorododecanesulfonic acid	PFAS/Perfluorododecanesulfonic_acid.orcacosmo	neutral	CFCRODHVHXGTPC-UHFFFAOYSA-N	n,n-dimethylformamide	high	393.15	single_liquid_phase	True	100.0	A-12 batch p02
PFAS	PFDoDS	Perfluorododecanesulfonic acid	PFAS/Perfluorododecanesulfonic_acid.orcacosmo	neutral	CFCRODHVHXGTPC-UHFFFAOYSA-N	o-xylene	RT	298.15	single_liquid_phase	True	100.0	A-12 batch p02
PFAS	PFDoDS	Perfluorododecanesulfonic acid	PFAS/Perfluorododecanesulfonic_acid.orcacosmo	neutral	CFCRODHVHXGTPC-UHFFFAOYSA-N	o-xylene	high	393.15	single_liquid_phase	True	100.0	A-12 batch p02
PFAS	PFDoDS	Perfluorododecanesulfonic acid	PFAS/Perfluorododecanesulfonic_acid.orcacosmo	neutral	CFCRODHVHXGTPC-UHFFFAOYSA-N	tert-butanol	RT	298.15	single_liquid_phase	True	100.0	A-12 batch p02
PFAS	PFDoDS	Perfluorododecanesulfonic acid	PFAS/Perfluorododecanesulfonic_acid.orcacosmo	neutral	CFCRODHVHXGTPC-UHFFFAOYSA-N	tert-butanol	high	354.54999999999995	single_liquid_phase	True	100.0	A-12 batch p02
PFAS	PFDoDS	Perfluorododecanesulfonic acid	PFAS/Perfluorododecanesulfonic_acid.orcacosmo	neutral	CFCRODHVHXGTPC-UHFFFAOYSA-N	tetrahydrofuran	RT	298.15	single_liquid_phase	True	100.0	A-12 batch p02
PFAS	PFDoDS	Perfluorododecanesulfonic acid	PFAS/Perfluorododecanesulfonic_acid.orcacosmo	neutral	CFCRODHVHXGTPC-UHFFFAOYSA-N	tetrahydrofuran	high	337.15	single_liquid_phase	True	100.0	A-12 batch p02
PFAS	PFDoDS	Perfluorododecanesulfonic acid	PFAS/Perfluorododecanesulfonic_acid.orcacosmo	neutral	CFCRODHVHXGTPC-UHFFFAOYSA-N	tetrahydropyran	RT	298.15	single_liquid_phase	True	100.0	A-12 batch p02
PFAS	PFDoDS	Perfluorododecanesulfonic acid	PFAS/Perfluorododecanesulfonic_acid.orcacosmo	neutral	CFCRODHVHXGTPC-UHFFFAOYSA-N	tetrahydropyran	high	360.15	single_liquid_phase	True	100.0	A-12 batch p02
PFAS	PFDoDS	Perfluorododecanesulfonic acid	PFAS/Perfluorododecanesulfonic_acid.orcacosmo	neutral	CFCRODHVHXGTPC-UHFFFAOYSA-N	toluene	RT	298.15	single_liquid_phase	True	100.0	A-12 batch p02
PFAS	PFDoDS	Perfluorododecanesulfonic acid	PFAS/Perfluorododecanesulfonic_acid.orcacosmo	neutral	CFCRODHVHXGTPC-UHFFFAOYSA-N	toluene	high	382.75	single_liquid_phase	True	100.0	A-12 batch p02
PFAS	PFDoDS	Perfluorododecanesulfonic acid	PFAS/Perfluorododecanesulfonic_acid.orcacosmo	neutral	CFCRODHVHXGTPC-UHFFFAOYSA-N	triethylamine	RT	298.15	single_liquid_phase	True	100.0	A-12 batch p02
PFAS	PFDoDS	Perfluorododecanesulfonic acid	PFAS/Perfluorododecanesulfonic_acid.orcacosmo	neutral	CFCRODHVHXGTPC-UHFFFAOYSA-N	triethylamine	high	361.15	single_liquid_phase	True	100.0	A-12 batch p02
PFAS	PFDoDS	Perfluorododecanesulfonic acid	PFAS/Perfluorododecanesulfonic_acid.orcacosmo	neutral	CFCRODHVHXGTPC-UHFFFAOYSA-N	water	RT	298.15	two_liquid_phases	False	5.5535668565788854e-08	A-12 batch p02
PFAS	PFDoDS	Perfluorododecanesulfonic acid	PFAS/Perfluorododecanesulfonic_acid.orcacosmo	neutral	CFCRODHVHXGTPC-UHFFFAOYSA-N	water	high	372.15	two_liquid_phases	False	8.770797542025932e-07	A-12 batch p02
PFAS	KClHxDFS	Potassium 9-chlorohexadecafluoro-3-oxanonane-1-sulfonate	PFAS/9-Chlorohexadecafluoro-3-oxanonane-1-sulfonic_acid_(KClHxDFS).orcacosmo	neutral	GGOUUEMCWBTDMT-UHFFFAOYSA-N	1,2-propanediol	RT	298.15	single_liquid_phase	True	100.0	A-12 batch p02
PFAS	KClHxDFS	Potassium 9-chlorohexadecafluoro-3-oxanonane-1-sulfonate	PFAS/9-Chlorohexadecafluoro-3-oxanonane-1-sulfonic_acid_(KClHxDFS).orcacosmo	neutral	GGOUUEMCWBTDMT-UHFFFAOYSA-N	1,2-propanediol	high	393.15	single_liquid_phase	True	100.0	A-12 batch p02
PFAS	KClHxDFS	Potassium 9-chlorohexadecafluoro-3-oxanonane-1-sulfonate	PFAS/9-Chlorohexadecafluoro-3-oxanonane-1-sulfonic_acid_(KClHxDFS).orcacosmo	neutral	GGOUUEMCWBTDMT-UHFFFAOYSA-N	1-propanol	RT	298.15	single_liquid_phase	True	100.0	A-12 batch p02
PFAS	KClHxDFS	Potassium 9-chlorohexadecafluoro-3-oxanonane-1-sulfonate	PFAS/9-Chlorohexadecafluoro-3-oxanonane-1-sulfonic_acid_(KClHxDFS).orcacosmo	neutral	GGOUUEMCWBTDMT-UHFFFAOYSA-N	1-propanol	high	369.34999999999997	single_liquid_phase	True	100.0	A-12 batch p02
PFAS	KClHxDFS	Potassium 9-chlorohexadecafluoro-3-oxanonane-1-sulfonate	PFAS/9-Chlorohexadecafluoro-3-oxanonane-1-sulfonic_acid_(KClHxDFS).orcacosmo	neutral	GGOUUEMCWBTDMT-UHFFFAOYSA-N	2,3-dihydropyran	RT	298.15	single_liquid_phase	True	100.0	A-12 batch p02
PFAS	KClHxDFS	Potassium 9-chlorohexadecafluoro-3-oxanonane-1-sulfonate	PFAS/9-Chlorohexadecafluoro-3-oxanonane-1-sulfonic_acid_(KClHxDFS).orcacosmo	neutral	GGOUUEMCWBTDMT-UHFFFAOYSA-N	2,3-dihydropyran	high	358.15	single_liquid_phase	True	100.0	A-12 batch p02
PFAS	KClHxDFS	Potassium 9-chlorohexadecafluoro-3-oxanonane-1-sulfonate	PFAS/9-Chlorohexadecafluoro-3-oxanonane-1-sulfonic_acid_(KClHxDFS).orcacosmo	neutral	GGOUUEMCWBTDMT-UHFFFAOYSA-N	2-butanone	RT	298.15	single_liquid_phase	True	100.0	A-12 batch p02
PFAS	KClHxDFS	Potassium 9-chlorohexadecafluoro-3-oxanonane-1-sulfonate	PFAS/9-Chlorohexadecafluoro-3-oxanonane-1-sulfonic_acid_(KClHxDFS).orcacosmo	neutral	GGOUUEMCWBTDMT-UHFFFAOYSA-N	2-butanone	high	351.65	single_liquid_phase	True	100.0	A-12 batch p02
PFAS	KClHxDFS	Potassium 9-chlorohexadecafluoro-3-oxanonane-1-sulfonate	PFAS/9-Chlorohexadecafluoro-3-oxanonane-1-sulfonic_acid_(KClHxDFS).orcacosmo	neutral	GGOUUEMCWBTDMT-UHFFFAOYSA-N	acetic acid	RT	298.15	single_liquid_phase	True	100.0	A-12 batch p02
PFAS	KClHxDFS	Potassium 9-chlorohexadecafluoro-3-oxanonane-1-sulfonate	PFAS/9-Chlorohexadecafluoro-3-oxanonane-1-sulfonic_acid_(KClHxDFS).orcacosmo	neutral	GGOUUEMCWBTDMT-UHFFFAOYSA-N	acetic acid	high	390.04999999999995	single_liquid_phase	True	100.0	A-12 batch p02
PFAS	KClHxDFS	Potassium 9-chlorohexadecafluoro-3-oxanonane-1-sulfonate	PFAS/9-Chlorohexadecafluoro-3-oxanonane-1-sulfonic_acid_(KClHxDFS).orcacosmo	neutral	GGOUUEMCWBTDMT-UHFFFAOYSA-N	acetone	RT	298.15	single_liquid_phase	True	100.0	A-12 batch p02
PFAS	KClHxDFS	Potassium 9-chlorohexadecafluoro-3-oxanonane-1-sulfonate	PFAS/9-Chlorohexadecafluoro-3-oxanonane-1-sulfonic_acid_(KClHxDFS).orcacosmo	neutral	GGOUUEMCWBTDMT-UHFFFAOYSA-N	acetone	high	328.15	single_liquid_phase	True	100.0	A-12 batch p02
PFAS	KClHxDFS	Potassium 9-chlorohexadecafluoro-3-oxanonane-1-sulfonate	PFAS/9-Chlorohexadecafluoro-3-oxanonane-1-sulfonic_acid_(KClHxDFS).orcacosmo	neutral	GGOUUEMCWBTDMT-UHFFFAOYSA-N	acetylacetone	RT	298.15	single_liquid_phase	True	100.0	A-12 batch p02
PFAS	KClHxDFS	Potassium 9-chlorohexadecafluoro-3-oxanonane-1-sulfonate	PFAS/9-Chlorohexadecafluoro-3-oxanonane-1-sulfonic_acid_(KClHxDFS).orcacosmo	neutral	GGOUUEMCWBTDMT-UHFFFAOYSA-N	acetylacetone	high	393.15	single_liquid_phase	True	100.0	A-12 batch p02
PFAS	KClHxDFS	Potassium 9-chlorohexadecafluoro-3-oxanonane-1-sulfonate	PFAS/9-Chlorohexadecafluoro-3-oxanonane-1-sulfonic_acid_(KClHxDFS).orcacosmo	neutral	GGOUUEMCWBTDMT-UHFFFAOYSA-N	benzene	RT	298.15	single_liquid_phase	True	100.0	A-12 batch p02
PFAS	KClHxDFS	Potassium 9-chlorohexadecafluoro-3-oxanonane-1-sulfonate	PFAS/9-Chlorohexadecafluoro-3-oxanonane-1-sulfonic_acid_(KClHxDFS).orcacosmo	neutral	GGOUUEMCWBTDMT-UHFFFAOYSA-N	benzene	high	352.15	single_liquid_phase	True	100.0	A-12 batch p02
PFAS	KClHxDFS	Potassium 9-chlorohexadecafluoro-3-oxanonane-1-sulfonate	PFAS/9-Chlorohexadecafluoro-3-oxanonane-1-sulfonic_acid_(KClHxDFS).orcacosmo	neutral	GGOUUEMCWBTDMT-UHFFFAOYSA-N	chloroform	RT	298.15	single_liquid_phase	True	100.0	A-12 batch p02
PFAS	KClHxDFS	Potassium 9-chlorohexadecafluoro-3-oxanonane-1-sulfonate	PFAS/9-Chlorohexadecafluoro-3-oxanonane-1-sulfonic_acid_(KClHxDFS).orcacosmo	neutral	GGOUUEMCWBTDMT-UHFFFAOYSA-N	chloroform	high	333.25	single_liquid_phase	True	100.0	A-12 batch p02
PFAS	KClHxDFS	Potassium 9-chlorohexadecafluoro-3-oxanonane-1-sulfonate	PFAS/9-Chlorohexadecafluoro-3-oxanonane-1-sulfonic_acid_(KClHxDFS).orcacosmo	neutral	GGOUUEMCWBTDMT-UHFFFAOYSA-N	cyclohexane	RT	298.15	single_liquid_phase	True	100.0	A-12 batch p02
PFAS	KClHxDFS	Potassium 9-chlorohexadecafluoro-3-oxanonane-1-sulfonate	PFAS/9-Chlorohexadecafluoro-3-oxanonane-1-sulfonic_acid_(KClHxDFS).orcacosmo	neutral	GGOUUEMCWBTDMT-UHFFFAOYSA-N	cyclohexane	high	352.84999999999997	single_liquid_phase	True	100.0	A-12 batch p02
PFAS	KClHxDFS	Potassium 9-chlorohexadecafluoro-3-oxanonane-1-sulfonate	PFAS/9-Chlorohexadecafluoro-3-oxanonane-1-sulfonic_acid_(KClHxDFS).orcacosmo	neutral	GGOUUEMCWBTDMT-UHFFFAOYSA-N	cyclohexanol	RT	298.15	single_liquid_phase	True	100.0	A-12 batch p02
PFAS	KClHxDFS	Potassium 9-chlorohexadecafluoro-3-oxanonane-1-sulfonate	PFAS/9-Chlorohexadecafluoro-3-oxanonane-1-sulfonic_acid_(KClHxDFS).orcacosmo	neutral	GGOUUEMCWBTDMT-UHFFFAOYSA-N	cyclohexanol	high	393.15	single_liquid_phase	True	100.0	A-12 batch p02
PFAS	KClHxDFS	Potassium 9-chlorohexadecafluoro-3-oxanonane-1-sulfonate	PFAS/9-Chlorohexadecafluoro-3-oxanonane-1-sulfonic_acid_(KClHxDFS).orcacosmo	neutral	GGOUUEMCWBTDMT-UHFFFAOYSA-N	dichloromethane	RT	298.15	single_liquid_phase	True	100.0	A-12 batch p02
PFAS	KClHxDFS	Potassium 9-chlorohexadecafluoro-3-oxanonane-1-sulfonate	PFAS/9-Chlorohexadecafluoro-3-oxanonane-1-sulfonic_acid_(KClHxDFS).orcacosmo	neutral	GGOUUEMCWBTDMT-UHFFFAOYSA-N	dichloromethane	high	312.15	single_liquid_phase	True	100.0	A-12 batch p02
PFAS	KClHxDFS	Potassium 9-chlorohexadecafluoro-3-oxanonane-1-sulfonate	PFAS/9-Chlorohexadecafluoro-3-oxanonane-1-sulfonic_acid_(KClHxDFS).orcacosmo	neutral	GGOUUEMCWBTDMT-UHFFFAOYSA-N	dimethyl sulfoxide	RT	298.15	single_liquid_phase	True	100.0	A-12 batch p02
PFAS	KClHxDFS	Potassium 9-chlorohexadecafluoro-3-oxanonane-1-sulfonate	PFAS/9-Chlorohexadecafluoro-3-oxanonane-1-sulfonic_acid_(KClHxDFS).orcacosmo	neutral	GGOUUEMCWBTDMT-UHFFFAOYSA-N	dimethyl sulfoxide	high	393.15	single_liquid_phase	True	100.0	A-12 batch p02
PFAS	KClHxDFS	Potassium 9-chlorohexadecafluoro-3-oxanonane-1-sulfonate	PFAS/9-Chlorohexadecafluoro-3-oxanonane-1-sulfonic_acid_(KClHxDFS).orcacosmo	neutral	GGOUUEMCWBTDMT-UHFFFAOYSA-N	diphenyl ether	RT	298.15	single_liquid_phase	True	100.0	A-12 batch p02
PFAS	KClHxDFS	Potassium 9-chlorohexadecafluoro-3-oxanonane-1-sulfonate	PFAS/9-Chlorohexadecafluoro-3-oxanonane-1-sulfonic_acid_(KClHxDFS).orcacosmo	neutral	GGOUUEMCWBTDMT-UHFFFAOYSA-N	diphenyl ether	high	393.15	single_liquid_phase	True	100.0	A-12 batch p02
PFAS	KClHxDFS	Potassium 9-chlorohexadecafluoro-3-oxanonane-1-sulfonate	PFAS/9-Chlorohexadecafluoro-3-oxanonane-1-sulfonic_acid_(KClHxDFS).orcacosmo	neutral	GGOUUEMCWBTDMT-UHFFFAOYSA-N	dodecane	RT	298.15	single_liquid_phase	True	100.0	A-12 batch p02
PFAS	KClHxDFS	Potassium 9-chlorohexadecafluoro-3-oxanonane-1-sulfonate	PFAS/9-Chlorohexadecafluoro-3-oxanonane-1-sulfonic_acid_(KClHxDFS).orcacosmo	neutral	GGOUUEMCWBTDMT-UHFFFAOYSA-N	dodecane	high	393.15	single_liquid_phase	True	100.0	A-12 batch p02
PFAS	KClHxDFS	Potassium 9-chlorohexadecafluoro-3-oxanonane-1-sulfonate	PFAS/9-Chlorohexadecafluoro-3-oxanonane-1-sulfonic_acid_(KClHxDFS).orcacosmo	neutral	GGOUUEMCWBTDMT-UHFFFAOYSA-N	ethanol	RT	298.15	single_liquid_phase	True	100.0	A-12 batch p02
PFAS	KClHxDFS	Potassium 9-chlorohexadecafluoro-3-oxanonane-1-sulfonate	PFAS/9-Chlorohexadecafluoro-3-oxanonane-1-sulfonic_acid_(KClHxDFS).orcacosmo	neutral	GGOUUEMCWBTDMT-UHFFFAOYSA-N	ethanol	high	350.34999999999997	single_liquid_phase	True	100.0	A-12 batch p02
PFAS	KClHxDFS	Potassium 9-chlorohexadecafluoro-3-oxanonane-1-sulfonate	PFAS/9-Chlorohexadecafluoro-3-oxanonane-1-sulfonic_acid_(KClHxDFS).orcacosmo	neutral	GGOUUEMCWBTDMT-UHFFFAOYSA-N	ethyl acetate	RT	298.15	single_liquid_phase	True	100.0	A-12 batch p02
PFAS	KClHxDFS	Potassium 9-chlorohexadecafluoro-3-oxanonane-1-sulfonate	PFAS/9-Chlorohexadecafluoro-3-oxanonane-1-sulfonic_acid_(KClHxDFS).orcacosmo	neutral	GGOUUEMCWBTDMT-UHFFFAOYSA-N	ethyl acetate	high	349.25	single_liquid_phase	True	100.0	A-12 batch p02
PFAS	KClHxDFS	Potassium 9-chlorohexadecafluoro-3-oxanonane-1-sulfonate	PFAS/9-Chlorohexadecafluoro-3-oxanonane-1-sulfonic_acid_(KClHxDFS).orcacosmo	neutral	GGOUUEMCWBTDMT-UHFFFAOYSA-N	ethylene glycol	RT	298.15	single_liquid_phase	True	100.0	A-12 batch p02
PFAS	KClHxDFS	Potassium 9-chlorohexadecafluoro-3-oxanonane-1-sulfonate	PFAS/9-Chlorohexadecafluoro-3-oxanonane-1-sulfonic_acid_(KClHxDFS).orcacosmo	neutral	GGOUUEMCWBTDMT-UHFFFAOYSA-N	ethylene glycol	high	393.15	single_liquid_phase	True	100.0	A-12 batch p02
PFAS	KClHxDFS	Potassium 9-chlorohexadecafluoro-3-oxanonane-1-sulfonate	PFAS/9-Chlorohexadecafluoro-3-oxanonane-1-sulfonic_acid_(KClHxDFS).orcacosmo	neutral	GGOUUEMCWBTDMT-UHFFFAOYSA-N	heptane	RT	298.15	single_liquid_phase	True	100.0	A-12 batch p02
PFAS	KClHxDFS	Potassium 9-chlorohexadecafluoro-3-oxanonane-1-sulfonate	PFAS/9-Chlorohexadecafluoro-3-oxanonane-1-sulfonic_acid_(KClHxDFS).orcacosmo	neutral	GGOUUEMCWBTDMT-UHFFFAOYSA-N	heptane	high	370.65	single_liquid_phase	True	100.0	A-12 batch p02
PFAS	KClHxDFS	Potassium 9-chlorohexadecafluoro-3-oxanonane-1-sulfonate	PFAS/9-Chlorohexadecafluoro-3-oxanonane-1-sulfonic_acid_(KClHxDFS).orcacosmo	neutral	GGOUUEMCWBTDMT-UHFFFAOYSA-N	hexane	RT	298.15	single_liquid_phase	True	100.0	A-12 batch p02
PFAS	KClHxDFS	Potassium 9-chlorohexadecafluoro-3-oxanonane-1-sulfonate	PFAS/9-Chlorohexadecafluoro-3-oxanonane-1-sulfonic_acid_(KClHxDFS).orcacosmo	neutral	GGOUUEMCWBTDMT-UHFFFAOYSA-N	hexane	high	340.84999999999997	single_liquid_phase	True	100.0	A-12 batch p02
PFAS	KClHxDFS	Potassium 9-chlorohexadecafluoro-3-oxanonane-1-sulfonate	PFAS/9-Chlorohexadecafluoro-3-oxanonane-1-sulfonic_acid_(KClHxDFS).orcacosmo	neutral	GGOUUEMCWBTDMT-UHFFFAOYSA-N	isopropanol	RT	298.15	single_liquid_phase	True	100.0	A-12 batch p02
PFAS	KClHxDFS	Potassium 9-chlorohexadecafluoro-3-oxanonane-1-sulfonate	PFAS/9-Chlorohexadecafluoro-3-oxanonane-1-sulfonic_acid_(KClHxDFS).orcacosmo	neutral	GGOUUEMCWBTDMT-UHFFFAOYSA-N	isopropanol	high	354.45	single_liquid_phase	True	100.0	A-12 batch p02
PFAS	KClHxDFS	Potassium 9-chlorohexadecafluoro-3-oxanonane-1-sulfonate	PFAS/9-Chlorohexadecafluoro-3-oxanonane-1-sulfonic_acid_(KClHxDFS).orcacosmo	neutral	GGOUUEMCWBTDMT-UHFFFAOYSA-N	isopropylamine	RT	298.15	single_liquid_phase	True	100.0	A-12 batch p02
PFAS	KClHxDFS	Potassium 9-chlorohexadecafluoro-3-oxanonane-1-sulfonate	PFAS/9-Chlorohexadecafluoro-3-oxanonane-1-sulfonic_acid_(KClHxDFS).orcacosmo	neutral	GGOUUEMCWBTDMT-UHFFFAOYSA-N	isopropylamine	high	303.84999999999997	single_liquid_phase	True	100.0	A-12 batch p02
PFAS	KClHxDFS	Potassium 9-chlorohexadecafluoro-3-oxanonane-1-sulfonate	PFAS/9-Chlorohexadecafluoro-3-oxanonane-1-sulfonic_acid_(KClHxDFS).orcacosmo	neutral	GGOUUEMCWBTDMT-UHFFFAOYSA-N	methanol	RT	298.15	single_liquid_phase	True	100.0	A-12 batch p02
PFAS	KClHxDFS	Potassium 9-chlorohexadecafluoro-3-oxanonane-1-sulfonate	PFAS/9-Chlorohexadecafluoro-3-oxanonane-1-sulfonic_acid_(KClHxDFS).orcacosmo	neutral	GGOUUEMCWBTDMT-UHFFFAOYSA-N	methanol	high	336.7499999999999	single_liquid_phase	True	100.0	A-12 batch p02
PFAS	KClHxDFS	Potassium 9-chlorohexadecafluoro-3-oxanonane-1-sulfonate	PFAS/9-Chlorohexadecafluoro-3-oxanonane-1-sulfonic_acid_(KClHxDFS).orcacosmo	neutral	GGOUUEMCWBTDMT-UHFFFAOYSA-N	methylacetate	RT	298.15	single_liquid_phase	True	100.0	A-12 batch p02
PFAS	KClHxDFS	Potassium 9-chlorohexadecafluoro-3-oxanonane-1-sulfonate	PFAS/9-Chlorohexadecafluoro-3-oxanonane-1-sulfonic_acid_(KClHxDFS).orcacosmo	neutral	GGOUUEMCWBTDMT-UHFFFAOYSA-N	methylacetate	high	328.95	single_liquid_phase	True	100.0	A-12 batch p02
PFAS	KClHxDFS	Potassium 9-chlorohexadecafluoro-3-oxanonane-1-sulfonate	PFAS/9-Chlorohexadecafluoro-3-oxanonane-1-sulfonic_acid_(KClHxDFS).orcacosmo	neutral	GGOUUEMCWBTDMT-UHFFFAOYSA-N	n,n-dimethylformamide	RT	298.15	single_liquid_phase	True	100.0	A-12 batch p02
PFAS	KClHxDFS	Potassium 9-chlorohexadecafluoro-3-oxanonane-1-sulfonate	PFAS/9-Chlorohexadecafluoro-3-oxanonane-1-sulfonic_acid_(KClHxDFS).orcacosmo	neutral	GGOUUEMCWBTDMT-UHFFFAOYSA-N	n,n-dimethylformamide	high	393.15	single_liquid_phase	True	100.0	A-12 batch p02
PFAS	KClHxDFS	Potassium 9-chlorohexadecafluoro-3-oxanonane-1-sulfonate	PFAS/9-Chlorohexadecafluoro-3-oxanonane-1-sulfonic_acid_(KClHxDFS).orcacosmo	neutral	GGOUUEMCWBTDMT-UHFFFAOYSA-N	o-xylene	RT	298.15	single_liquid_phase	True	100.0	A-12 batch p02
PFAS	KClHxDFS	Potassium 9-chlorohexadecafluoro-3-oxanonane-1-sulfonate	PFAS/9-Chlorohexadecafluoro-3-oxanonane-1-sulfonic_acid_(KClHxDFS).orcacosmo	neutral	GGOUUEMCWBTDMT-UHFFFAOYSA-N	o-xylene	high	393.15	single_liquid_phase	True	100.0	A-12 batch p02
PFAS	KClHxDFS	Potassium 9-chlorohexadecafluoro-3-oxanonane-1-sulfonate	PFAS/9-Chlorohexadecafluoro-3-oxanonane-1-sulfonic_acid_(KClHxDFS).orcacosmo	neutral	GGOUUEMCWBTDMT-UHFFFAOYSA-N	tert-butanol	RT	298.15	single_liquid_phase	True	100.0	A-12 batch p02
PFAS	KClHxDFS	Potassium 9-chlorohexadecafluoro-3-oxanonane-1-sulfonate	PFAS/9-Chlorohexadecafluoro-3-oxanonane-1-sulfonic_acid_(KClHxDFS).orcacosmo	neutral	GGOUUEMCWBTDMT-UHFFFAOYSA-N	tert-butanol	high	354.54999999999995	single_liquid_phase	True	100.0	A-12 batch p02
PFAS	KClHxDFS	Potassium 9-chlorohexadecafluoro-3-oxanonane-1-sulfonate	PFAS/9-Chlorohexadecafluoro-3-oxanonane-1-sulfonic_acid_(KClHxDFS).orcacosmo	neutral	GGOUUEMCWBTDMT-UHFFFAOYSA-N	tetrahydrofuran	RT	298.15	single_liquid_phase	True	100.0	A-12 batch p02
PFAS	KClHxDFS	Potassium 9-chlorohexadecafluoro-3-oxanonane-1-sulfonate	PFAS/9-Chlorohexadecafluoro-3-oxanonane-1-sulfonic_acid_(KClHxDFS).orcacosmo	neutral	GGOUUEMCWBTDMT-UHFFFAOYSA-N	tetrahydrofuran	high	337.15	single_liquid_phase	True	100.0	A-12 batch p02
PFAS	KClHxDFS	Potassium 9-chlorohexadecafluoro-3-oxanonane-1-sulfonate	PFAS/9-Chlorohexadecafluoro-3-oxanonane-1-sulfonic_acid_(KClHxDFS).orcacosmo	neutral	GGOUUEMCWBTDMT-UHFFFAOYSA-N	tetrahydropyran	RT	298.15	single_liquid_phase	True	100.0	A-12 batch p02
PFAS	KClHxDFS	Potassium 9-chlorohexadecafluoro-3-oxanonane-1-sulfonate	PFAS/9-Chlorohexadecafluoro-3-oxanonane-1-sulfonic_acid_(KClHxDFS).orcacosmo	neutral	GGOUUEMCWBTDMT-UHFFFAOYSA-N	tetrahydropyran	high	360.15	single_liquid_phase	True	100.0	A-12 batch p02
PFAS	KClHxDFS	Potassium 9-chlorohexadecafluoro-3-oxanonane-1-sulfonate	PFAS/9-Chlorohexadecafluoro-3-oxanonane-1-sulfonic_acid_(KClHxDFS).orcacosmo	neutral	GGOUUEMCWBTDMT-UHFFFAOYSA-N	toluene	RT	298.15	single_liquid_phase	True	100.0	A-12 batch p02
PFAS	KClHxDFS	Potassium 9-chlorohexadecafluoro-3-oxanonane-1-sulfonate	PFAS/9-Chlorohexadecafluoro-3-oxanonane-1-sulfonic_acid_(KClHxDFS).orcacosmo	neutral	GGOUUEMCWBTDMT-UHFFFAOYSA-N	toluene	high	382.75	single_liquid_phase	True	100.0	A-12 batch p02
PFAS	KClHxDFS	Potassium 9-chlorohexadecafluoro-3-oxanonane-1-sulfonate	PFAS/9-Chlorohexadecafluoro-3-oxanonane-1-sulfonic_acid_(KClHxDFS).orcacosmo	neutral	GGOUUEMCWBTDMT-UHFFFAOYSA-N	triethylamine	RT	298.15	single_liquid_phase	True	100.0	A-12 batch p02
PFAS	KClHxDFS	Potassium 9-chlorohexadecafluoro-3-oxanonane-1-sulfonate	PFAS/9-Chlorohexadecafluoro-3-oxanonane-1-sulfonic_acid_(KClHxDFS).orcacosmo	neutral	GGOUUEMCWBTDMT-UHFFFAOYSA-N	triethylamine	high	361.15	single_liquid_phase	True	100.0	A-12 batch p02
PFAS	KClHxDFS	Potassium 9-chlorohexadecafluoro-3-oxanonane-1-sulfonate	PFAS/9-Chlorohexadecafluoro-3-oxanonane-1-sulfonic_acid_(KClHxDFS).orcacosmo	neutral	GGOUUEMCWBTDMT-UHFFFAOYSA-N	water	RT	298.15	two_liquid_phases	False	2.891518071448587e-05	A-12 batch p02
PFAS	KClHxDFS	Potassium 9-chlorohexadecafluoro-3-oxanonane-1-sulfonate	PFAS/9-Chlorohexadecafluoro-3-oxanonane-1-sulfonic_acid_(KClHxDFS).orcacosmo	neutral	GGOUUEMCWBTDMT-UHFFFAOYSA-N	water	high	372.15	two_liquid_phases	False	0.0002057295257007805	A-12 batch p02
PFAS	PFNS	Perfluorononanesulfonate	PFAS/Perfluorononanesulfonic_acid_(PFNS).orcacosmo	neutral	MNEXVZFQQPKDHC-UHFFFAOYSA-N	1,2-propanediol	RT	298.15	single_liquid_phase	True	100.0	A-12 batch p02
PFAS	PFNS	Perfluorononanesulfonate	PFAS/Perfluorononanesulfonic_acid_(PFNS).orcacosmo	neutral	MNEXVZFQQPKDHC-UHFFFAOYSA-N	1,2-propanediol	high	393.15	single_liquid_phase	True	100.0	A-12 batch p02
PFAS	PFNS	Perfluorononanesulfonate	PFAS/Perfluorononanesulfonic_acid_(PFNS).orcacosmo	neutral	MNEXVZFQQPKDHC-UHFFFAOYSA-N	1-propanol	RT	298.15	single_liquid_phase	True	100.0	A-12 batch p02
PFAS	PFNS	Perfluorononanesulfonate	PFAS/Perfluorononanesulfonic_acid_(PFNS).orcacosmo	neutral	MNEXVZFQQPKDHC-UHFFFAOYSA-N	1-propanol	high	369.34999999999997	single_liquid_phase	True	100.0	A-12 batch p02
PFAS	PFNS	Perfluorononanesulfonate	PFAS/Perfluorononanesulfonic_acid_(PFNS).orcacosmo	neutral	MNEXVZFQQPKDHC-UHFFFAOYSA-N	2,3-dihydropyran	RT	298.15	single_liquid_phase	True	100.0	A-12 batch p02
PFAS	PFNS	Perfluorononanesulfonate	PFAS/Perfluorononanesulfonic_acid_(PFNS).orcacosmo	neutral	MNEXVZFQQPKDHC-UHFFFAOYSA-N	2,3-dihydropyran	high	358.15	single_liquid_phase	True	100.0	A-12 batch p02
PFAS	PFNS	Perfluorononanesulfonate	PFAS/Perfluorononanesulfonic_acid_(PFNS).orcacosmo	neutral	MNEXVZFQQPKDHC-UHFFFAOYSA-N	2-butanone	RT	298.15	single_liquid_phase	True	100.0	A-12 batch p02
PFAS	PFNS	Perfluorononanesulfonate	PFAS/Perfluorononanesulfonic_acid_(PFNS).orcacosmo	neutral	MNEXVZFQQPKDHC-UHFFFAOYSA-N	2-butanone	high	351.65	single_liquid_phase	True	100.0	A-12 batch p02
PFAS	PFNS	Perfluorononanesulfonate	PFAS/Perfluorononanesulfonic_acid_(PFNS).orcacosmo	neutral	MNEXVZFQQPKDHC-UHFFFAOYSA-N	acetic acid	RT	298.15	two_liquid_phases	True	43.07533802434454	A-12 batch p02
PFAS	PFNS	Perfluorononanesulfonate	PFAS/Perfluorononanesulfonic_acid_(PFNS).orcacosmo	neutral	MNEXVZFQQPKDHC-UHFFFAOYSA-N	acetic acid	high	390.04999999999995	single_liquid_phase	True	100.0	A-12 batch p02
PFAS	PFNS	Perfluorononanesulfonate	PFAS/Perfluorononanesulfonic_acid_(PFNS).orcacosmo	neutral	MNEXVZFQQPKDHC-UHFFFAOYSA-N	acetone	RT	298.15	single_liquid_phase	True	100.0	A-12 batch p02
PFAS	PFNS	Perfluorononanesulfonate	PFAS/Perfluorononanesulfonic_acid_(PFNS).orcacosmo	neutral	MNEXVZFQQPKDHC-UHFFFAOYSA-N	acetone	high	328.15	single_liquid_phase	True	100.0	A-12 batch p02
PFAS	PFNS	Perfluorononanesulfonate	PFAS/Perfluorononanesulfonic_acid_(PFNS).orcacosmo	neutral	MNEXVZFQQPKDHC-UHFFFAOYSA-N	acetylacetone	RT	298.15	single_liquid_phase	True	100.0	A-12 batch p02
PFAS	PFNS	Perfluorononanesulfonate	PFAS/Perfluorononanesulfonic_acid_(PFNS).orcacosmo	neutral	MNEXVZFQQPKDHC-UHFFFAOYSA-N	acetylacetone	high	393.15	single_liquid_phase	True	100.0	A-12 batch p02
PFAS	PFNS	Perfluorononanesulfonate	PFAS/Perfluorononanesulfonic_acid_(PFNS).orcacosmo	neutral	MNEXVZFQQPKDHC-UHFFFAOYSA-N	benzene	RT	298.15	single_liquid_phase	True	100.0	A-12 batch p02
PFAS	PFNS	Perfluorononanesulfonate	PFAS/Perfluorononanesulfonic_acid_(PFNS).orcacosmo	neutral	MNEXVZFQQPKDHC-UHFFFAOYSA-N	benzene	high	352.15	single_liquid_phase	True	100.0	A-12 batch p02
PFAS	PFNS	Perfluorononanesulfonate	PFAS/Perfluorononanesulfonic_acid_(PFNS).orcacosmo	neutral	MNEXVZFQQPKDHC-UHFFFAOYSA-N	chloroform	RT	298.15	single_liquid_phase	True	100.0	A-12 batch p02
PFAS	PFNS	Perfluorononanesulfonate	PFAS/Perfluorononanesulfonic_acid_(PFNS).orcacosmo	neutral	MNEXVZFQQPKDHC-UHFFFAOYSA-N	chloroform	high	333.25	single_liquid_phase	True	100.0	A-12 batch p02
PFAS	PFNS	Perfluorononanesulfonate	PFAS/Perfluorononanesulfonic_acid_(PFNS).orcacosmo	neutral	MNEXVZFQQPKDHC-UHFFFAOYSA-N	cyclohexane	RT	298.15	single_liquid_phase	True	100.0	A-12 batch p02
PFAS	PFNS	Perfluorononanesulfonate	PFAS/Perfluorononanesulfonic_acid_(PFNS).orcacosmo	neutral	MNEXVZFQQPKDHC-UHFFFAOYSA-N	cyclohexane	high	352.84999999999997	single_liquid_phase	True	100.0	A-12 batch p02
PFAS	PFNS	Perfluorononanesulfonate	PFAS/Perfluorononanesulfonic_acid_(PFNS).orcacosmo	neutral	MNEXVZFQQPKDHC-UHFFFAOYSA-N	cyclohexanol	RT	298.15	single_liquid_phase	True	100.0	A-12 batch p02
PFAS	PFNS	Perfluorononanesulfonate	PFAS/Perfluorononanesulfonic_acid_(PFNS).orcacosmo	neutral	MNEXVZFQQPKDHC-UHFFFAOYSA-N	cyclohexanol	high	393.15	single_liquid_phase	True	100.0	A-12 batch p02
PFAS	PFNS	Perfluorononanesulfonate	PFAS/Perfluorononanesulfonic_acid_(PFNS).orcacosmo	neutral	MNEXVZFQQPKDHC-UHFFFAOYSA-N	dichloromethane	RT	298.15	single_liquid_phase	True	100.0	A-12 batch p02
PFAS	PFNS	Perfluorononanesulfonate	PFAS/Perfluorononanesulfonic_acid_(PFNS).orcacosmo	neutral	MNEXVZFQQPKDHC-UHFFFAOYSA-N	dichloromethane	high	312.15	single_liquid_phase	True	100.0	A-12 batch p02
PFAS	PFNS	Perfluorononanesulfonate	PFAS/Perfluorononanesulfonic_acid_(PFNS).orcacosmo	neutral	MNEXVZFQQPKDHC-UHFFFAOYSA-N	dimethyl sulfoxide	RT	298.15	single_liquid_phase	True	100.0	A-12 batch p02
PFAS	PFNS	Perfluorononanesulfonate	PFAS/Perfluorononanesulfonic_acid_(PFNS).orcacosmo	neutral	MNEXVZFQQPKDHC-UHFFFAOYSA-N	dimethyl sulfoxide	high	393.15	single_liquid_phase	True	100.0	A-12 batch p02
PFAS	PFNS	Perfluorononanesulfonate	PFAS/Perfluorononanesulfonic_acid_(PFNS).orcacosmo	neutral	MNEXVZFQQPKDHC-UHFFFAOYSA-N	diphenyl ether	RT	298.15	single_liquid_phase	True	100.0	A-12 batch p02
PFAS	PFNS	Perfluorononanesulfonate	PFAS/Perfluorononanesulfonic_acid_(PFNS).orcacosmo	neutral	MNEXVZFQQPKDHC-UHFFFAOYSA-N	diphenyl ether	high	393.15	single_liquid_phase	True	100.0	A-12 batch p02
PFAS	PFNS	Perfluorononanesulfonate	PFAS/Perfluorononanesulfonic_acid_(PFNS).orcacosmo	neutral	MNEXVZFQQPKDHC-UHFFFAOYSA-N	dodecane	RT	298.15	single_liquid_phase	True	100.0	A-12 batch p02
PFAS	PFNS	Perfluorononanesulfonate	PFAS/Perfluorononanesulfonic_acid_(PFNS).orcacosmo	neutral	MNEXVZFQQPKDHC-UHFFFAOYSA-N	dodecane	high	393.15	single_liquid_phase	True	100.0	A-12 batch p02
PFAS	PFNS	Perfluorononanesulfonate	PFAS/Perfluorononanesulfonic_acid_(PFNS).orcacosmo	neutral	MNEXVZFQQPKDHC-UHFFFAOYSA-N	ethanol	RT	298.15	single_liquid_phase	True	100.0	A-12 batch p02
PFAS	PFNS	Perfluorononanesulfonate	PFAS/Perfluorononanesulfonic_acid_(PFNS).orcacosmo	neutral	MNEXVZFQQPKDHC-UHFFFAOYSA-N	ethanol	high	350.34999999999997	single_liquid_phase	True	100.0	A-12 batch p02
PFAS	PFNS	Perfluorononanesulfonate	PFAS/Perfluorononanesulfonic_acid_(PFNS).orcacosmo	neutral	MNEXVZFQQPKDHC-UHFFFAOYSA-N	ethyl acetate	RT	298.15	single_liquid_phase	True	100.0	A-12 batch p02
PFAS	PFNS	Perfluorononanesulfonate	PFAS/Perfluorononanesulfonic_acid_(PFNS).orcacosmo	neutral	MNEXVZFQQPKDHC-UHFFFAOYSA-N	ethyl acetate	high	349.25	single_liquid_phase	True	100.0	A-12 batch p02
PFAS	PFNS	Perfluorononanesulfonate	PFAS/Perfluorononanesulfonic_acid_(PFNS).orcacosmo	neutral	MNEXVZFQQPKDHC-UHFFFAOYSA-N	ethylene glycol	RT	298.15	two_liquid_phases	True	40.26902206537059	A-12 batch p02
PFAS	PFNS	Perfluorononanesulfonate	PFAS/Perfluorononanesulfonic_acid_(PFNS).orcacosmo	neutral	MNEXVZFQQPKDHC-UHFFFAOYSA-N	ethylene glycol	high	393.15	single_liquid_phase	True	100.0	A-12 batch p02
PFAS	PFNS	Perfluorononanesulfonate	PFAS/Perfluorononanesulfonic_acid_(PFNS).orcacosmo	neutral	MNEXVZFQQPKDHC-UHFFFAOYSA-N	heptane	RT	298.15	single_liquid_phase	True	100.0	A-12 batch p02
PFAS	PFNS	Perfluorononanesulfonate	PFAS/Perfluorononanesulfonic_acid_(PFNS).orcacosmo	neutral	MNEXVZFQQPKDHC-UHFFFAOYSA-N	heptane	high	370.65	single_liquid_phase	True	100.0	A-12 batch p02
PFAS	PFNS	Perfluorononanesulfonate	PFAS/Perfluorononanesulfonic_acid_(PFNS).orcacosmo	neutral	MNEXVZFQQPKDHC-UHFFFAOYSA-N	hexane	RT	298.15	single_liquid_phase	True	100.0	A-12 batch p02
PFAS	PFNS	Perfluorononanesulfonate	PFAS/Perfluorononanesulfonic_acid_(PFNS).orcacosmo	neutral	MNEXVZFQQPKDHC-UHFFFAOYSA-N	hexane	high	340.84999999999997	single_liquid_phase	True	100.0	A-12 batch p02
PFAS	PFNS	Perfluorononanesulfonate	PFAS/Perfluorononanesulfonic_acid_(PFNS).orcacosmo	neutral	MNEXVZFQQPKDHC-UHFFFAOYSA-N	isopropanol	RT	298.15	single_liquid_phase	True	100.0	A-12 batch p02
PFAS	PFNS	Perfluorononanesulfonate	PFAS/Perfluorononanesulfonic_acid_(PFNS).orcacosmo	neutral	MNEXVZFQQPKDHC-UHFFFAOYSA-N	isopropanol	high	354.45	single_liquid_phase	True	100.0	A-12 batch p02
PFAS	PFNS	Perfluorononanesulfonate	PFAS/Perfluorononanesulfonic_acid_(PFNS).orcacosmo	neutral	MNEXVZFQQPKDHC-UHFFFAOYSA-N	isopropylamine	RT	298.15	single_liquid_phase	True	100.0	A-12 batch p02
PFAS	PFNS	Perfluorononanesulfonate	PFAS/Perfluorononanesulfonic_acid_(PFNS).orcacosmo	neutral	MNEXVZFQQPKDHC-UHFFFAOYSA-N	isopropylamine	high	303.84999999999997	single_liquid_phase	True	100.0	A-12 batch p02
PFAS	PFNS	Perfluorononanesulfonate	PFAS/Perfluorononanesulfonic_acid_(PFNS).orcacosmo	neutral	MNEXVZFQQPKDHC-UHFFFAOYSA-N	methanol	RT	298.15	single_liquid_phase	True	100.0	A-12 batch p02
PFAS	PFNS	Perfluorononanesulfonate	PFAS/Perfluorononanesulfonic_acid_(PFNS).orcacosmo	neutral	MNEXVZFQQPKDHC-UHFFFAOYSA-N	methanol	high	336.7499999999999	single_liquid_phase	True	100.0	A-12 batch p02
PFAS	PFNS	Perfluorononanesulfonate	PFAS/Perfluorononanesulfonic_acid_(PFNS).orcacosmo	neutral	MNEXVZFQQPKDHC-UHFFFAOYSA-N	methylacetate	RT	298.15	single_liquid_phase	True	100.0	A-12 batch p02
PFAS	PFNS	Perfluorononanesulfonate	PFAS/Perfluorononanesulfonic_acid_(PFNS).orcacosmo	neutral	MNEXVZFQQPKDHC-UHFFFAOYSA-N	methylacetate	high	328.95	single_liquid_phase	True	100.0	A-12 batch p02
PFAS	PFNS	Perfluorononanesulfonate	PFAS/Perfluorononanesulfonic_acid_(PFNS).orcacosmo	neutral	MNEXVZFQQPKDHC-UHFFFAOYSA-N	n,n-dimethylformamide	RT	298.15	single_liquid_phase	True	100.0	A-12 batch p02
PFAS	PFNS	Perfluorononanesulfonate	PFAS/Perfluorononanesulfonic_acid_(PFNS).orcacosmo	neutral	MNEXVZFQQPKDHC-UHFFFAOYSA-N	n,n-dimethylformamide	high	393.15	single_liquid_phase	True	100.0	A-12 batch p02
PFAS	PFNS	Perfluorononanesulfonate	PFAS/Perfluorononanesulfonic_acid_(PFNS).orcacosmo	neutral	MNEXVZFQQPKDHC-UHFFFAOYSA-N	o-xylene	RT	298.15	single_liquid_phase	True	100.0	A-12 batch p02
PFAS	PFNS	Perfluorononanesulfonate	PFAS/Perfluorononanesulfonic_acid_(PFNS).orcacosmo	neutral	MNEXVZFQQPKDHC-UHFFFAOYSA-N	o-xylene	high	393.15	single_liquid_phase	True	100.0	A-12 batch p02
PFAS	PFNS	Perfluorononanesulfonate	PFAS/Perfluorononanesulfonic_acid_(PFNS).orcacosmo	neutral	MNEXVZFQQPKDHC-UHFFFAOYSA-N	tert-butanol	RT	298.15	single_liquid_phase	True	100.0	A-12 batch p02
PFAS	PFNS	Perfluorononanesulfonate	PFAS/Perfluorononanesulfonic_acid_(PFNS).orcacosmo	neutral	MNEXVZFQQPKDHC-UHFFFAOYSA-N	tert-butanol	high	354.54999999999995	single_liquid_phase	True	100.0	A-12 batch p02
PFAS	PFNS	Perfluorononanesulfonate	PFAS/Perfluorononanesulfonic_acid_(PFNS).orcacosmo	neutral	MNEXVZFQQPKDHC-UHFFFAOYSA-N	tetrahydrofuran	RT	298.15	single_liquid_phase	True	100.0	A-12 batch p02
PFAS	PFNS	Perfluorononanesulfonate	PFAS/Perfluorononanesulfonic_acid_(PFNS).orcacosmo	neutral	MNEXVZFQQPKDHC-UHFFFAOYSA-N	tetrahydrofuran	high	337.15	single_liquid_phase	True	100.0	A-12 batch p02
PFAS	PFNS	Perfluorononanesulfonate	PFAS/Perfluorononanesulfonic_acid_(PFNS).orcacosmo	neutral	MNEXVZFQQPKDHC-UHFFFAOYSA-N	tetrahydropyran	RT	298.15	single_liquid_phase	True	100.0	A-12 batch p02
PFAS	PFNS	Perfluorononanesulfonate	PFAS/Perfluorononanesulfonic_acid_(PFNS).orcacosmo	neutral	MNEXVZFQQPKDHC-UHFFFAOYSA-N	tetrahydropyran	high	360.15	single_liquid_phase	True	100.0	A-12 batch p02
PFAS	PFNS	Perfluorononanesulfonate	PFAS/Perfluorononanesulfonic_acid_(PFNS).orcacosmo	neutral	MNEXVZFQQPKDHC-UHFFFAOYSA-N	toluene	RT	298.15	single_liquid_phase	True	100.0	A-12 batch p02
PFAS	PFNS	Perfluorononanesulfonate	PFAS/Perfluorononanesulfonic_acid_(PFNS).orcacosmo	neutral	MNEXVZFQQPKDHC-UHFFFAOYSA-N	toluene	high	382.75	single_liquid_phase	True	100.0	A-12 batch p02
PFAS	PFNS	Perfluorononanesulfonate	PFAS/Perfluorononanesulfonic_acid_(PFNS).orcacosmo	neutral	MNEXVZFQQPKDHC-UHFFFAOYSA-N	triethylamine	RT	298.15	single_liquid_phase	True	100.0	A-12 batch p02
PFAS	PFNS	Perfluorononanesulfonate	PFAS/Perfluorononanesulfonic_acid_(PFNS).orcacosmo	neutral	MNEXVZFQQPKDHC-UHFFFAOYSA-N	triethylamine	high	361.15	single_liquid_phase	True	100.0	A-12 batch p02
PFAS	PFNS	Perfluorononanesulfonate	PFAS/Perfluorononanesulfonic_acid_(PFNS).orcacosmo	neutral	MNEXVZFQQPKDHC-UHFFFAOYSA-N	water	RT	298.15	two_liquid_phases	False	1.8379563690994016e-05	A-12 batch p02
PFAS	PFNS	Perfluorononanesulfonate	PFAS/Perfluorononanesulfonic_acid_(PFNS).orcacosmo	neutral	MNEXVZFQQPKDHC-UHFFFAOYSA-N	water	high	372.15	two_liquid_phases	False	0.0001198048821658849	A-12 batch p02
PFAS	NaDoDFNt	Sodium dodecafluoro-3H-4,8-dioxanonanoate	PFAS/Dodecafluoro-3H-4,8-dioxanonanoic_acid_(NaDoDFNt).orcacosmo	neutral	AFDRCEOKCOUICI-UHFFFAOYSA-N	1,2-propanediol	RT	298.15	single_liquid_phase	True	100.0	A-12 batch p02
PFAS	NaDoDFNt	Sodium dodecafluoro-3H-4,8-dioxanonanoate	PFAS/Dodecafluoro-3H-4,8-dioxanonanoic_acid_(NaDoDFNt).orcacosmo	neutral	AFDRCEOKCOUICI-UHFFFAOYSA-N	1,2-propanediol	high	393.15	single_liquid_phase	True	100.0	A-12 batch p02
PFAS	NaDoDFNt	Sodium dodecafluoro-3H-4,8-dioxanonanoate	PFAS/Dodecafluoro-3H-4,8-dioxanonanoic_acid_(NaDoDFNt).orcacosmo	neutral	AFDRCEOKCOUICI-UHFFFAOYSA-N	1-propanol	RT	298.15	single_liquid_phase	True	100.0	A-12 batch p02
PFAS	NaDoDFNt	Sodium dodecafluoro-3H-4,8-dioxanonanoate	PFAS/Dodecafluoro-3H-4,8-dioxanonanoic_acid_(NaDoDFNt).orcacosmo	neutral	AFDRCEOKCOUICI-UHFFFAOYSA-N	1-propanol	high	369.34999999999997	single_liquid_phase	True	100.0	A-12 batch p02
PFAS	NaDoDFNt	Sodium dodecafluoro-3H-4,8-dioxanonanoate	PFAS/Dodecafluoro-3H-4,8-dioxanonanoic_acid_(NaDoDFNt).orcacosmo	neutral	AFDRCEOKCOUICI-UHFFFAOYSA-N	2,3-dihydropyran	RT	298.15	single_liquid_phase	True	100.0	A-12 batch p02
PFAS	NaDoDFNt	Sodium dodecafluoro-3H-4,8-dioxanonanoate	PFAS/Dodecafluoro-3H-4,8-dioxanonanoic_acid_(NaDoDFNt).orcacosmo	neutral	AFDRCEOKCOUICI-UHFFFAOYSA-N	2,3-dihydropyran	high	358.15	single_liquid_phase	True	100.0	A-12 batch p02
PFAS	NaDoDFNt	Sodium dodecafluoro-3H-4,8-dioxanonanoate	PFAS/Dodecafluoro-3H-4,8-dioxanonanoic_acid_(NaDoDFNt).orcacosmo	neutral	AFDRCEOKCOUICI-UHFFFAOYSA-N	2-butanone	RT	298.15	single_liquid_phase	True	100.0	A-12 batch p02
PFAS	NaDoDFNt	Sodium dodecafluoro-3H-4,8-dioxanonanoate	PFAS/Dodecafluoro-3H-4,8-dioxanonanoic_acid_(NaDoDFNt).orcacosmo	neutral	AFDRCEOKCOUICI-UHFFFAOYSA-N	2-butanone	high	351.65	single_liquid_phase	True	100.0	A-12 batch p02
PFAS	NaDoDFNt	Sodium dodecafluoro-3H-4,8-dioxanonanoate	PFAS/Dodecafluoro-3H-4,8-dioxanonanoic_acid_(NaDoDFNt).orcacosmo	neutral	AFDRCEOKCOUICI-UHFFFAOYSA-N	acetic acid	RT	298.15	single_liquid_phase	True	100.0	A-12 batch p02
PFAS	NaDoDFNt	Sodium dodecafluoro-3H-4,8-dioxanonanoate	PFAS/Dodecafluoro-3H-4,8-dioxanonanoic_acid_(NaDoDFNt).orcacosmo	neutral	AFDRCEOKCOUICI-UHFFFAOYSA-N	acetic acid	high	390.04999999999995	single_liquid_phase	True	100.0	A-12 batch p02
PFAS	NaDoDFNt	Sodium dodecafluoro-3H-4,8-dioxanonanoate	PFAS/Dodecafluoro-3H-4,8-dioxanonanoic_acid_(NaDoDFNt).orcacosmo	neutral	AFDRCEOKCOUICI-UHFFFAOYSA-N	acetone	RT	298.15	single_liquid_phase	True	100.0	A-12 batch p02
PFAS	NaDoDFNt	Sodium dodecafluoro-3H-4,8-dioxanonanoate	PFAS/Dodecafluoro-3H-4,8-dioxanonanoic_acid_(NaDoDFNt).orcacosmo	neutral	AFDRCEOKCOUICI-UHFFFAOYSA-N	acetone	high	328.15	single_liquid_phase	True	100.0	A-12 batch p02
PFAS	NaDoDFNt	Sodium dodecafluoro-3H-4,8-dioxanonanoate	PFAS/Dodecafluoro-3H-4,8-dioxanonanoic_acid_(NaDoDFNt).orcacosmo	neutral	AFDRCEOKCOUICI-UHFFFAOYSA-N	acetylacetone	RT	298.15	single_liquid_phase	True	100.0	A-12 batch p02
PFAS	NaDoDFNt	Sodium dodecafluoro-3H-4,8-dioxanonanoate	PFAS/Dodecafluoro-3H-4,8-dioxanonanoic_acid_(NaDoDFNt).orcacosmo	neutral	AFDRCEOKCOUICI-UHFFFAOYSA-N	acetylacetone	high	393.15	single_liquid_phase	True	100.0	A-12 batch p02
PFAS	NaDoDFNt	Sodium dodecafluoro-3H-4,8-dioxanonanoate	PFAS/Dodecafluoro-3H-4,8-dioxanonanoic_acid_(NaDoDFNt).orcacosmo	neutral	AFDRCEOKCOUICI-UHFFFAOYSA-N	benzene	RT	298.15	single_liquid_phase	True	100.0	A-12 batch p02
PFAS	NaDoDFNt	Sodium dodecafluoro-3H-4,8-dioxanonanoate	PFAS/Dodecafluoro-3H-4,8-dioxanonanoic_acid_(NaDoDFNt).orcacosmo	neutral	AFDRCEOKCOUICI-UHFFFAOYSA-N	benzene	high	352.15	single_liquid_phase	True	100.0	A-12 batch p02
PFAS	NaDoDFNt	Sodium dodecafluoro-3H-4,8-dioxanonanoate	PFAS/Dodecafluoro-3H-4,8-dioxanonanoic_acid_(NaDoDFNt).orcacosmo	neutral	AFDRCEOKCOUICI-UHFFFAOYSA-N	chloroform	RT	298.15	single_liquid_phase	True	100.0	A-12 batch p02
PFAS	NaDoDFNt	Sodium dodecafluoro-3H-4,8-dioxanonanoate	PFAS/Dodecafluoro-3H-4,8-dioxanonanoic_acid_(NaDoDFNt).orcacosmo	neutral	AFDRCEOKCOUICI-UHFFFAOYSA-N	chloroform	high	333.25	single_liquid_phase	True	100.0	A-12 batch p02
PFAS	NaDoDFNt	Sodium dodecafluoro-3H-4,8-dioxanonanoate	PFAS/Dodecafluoro-3H-4,8-dioxanonanoic_acid_(NaDoDFNt).orcacosmo	neutral	AFDRCEOKCOUICI-UHFFFAOYSA-N	cyclohexane	RT	298.15	single_liquid_phase	True	100.0	A-12 batch p02
PFAS	NaDoDFNt	Sodium dodecafluoro-3H-4,8-dioxanonanoate	PFAS/Dodecafluoro-3H-4,8-dioxanonanoic_acid_(NaDoDFNt).orcacosmo	neutral	AFDRCEOKCOUICI-UHFFFAOYSA-N	cyclohexane	high	352.84999999999997	single_liquid_phase	True	100.0	A-12 batch p02
PFAS	NaDoDFNt	Sodium dodecafluoro-3H-4,8-dioxanonanoate	PFAS/Dodecafluoro-3H-4,8-dioxanonanoic_acid_(NaDoDFNt).orcacosmo	neutral	AFDRCEOKCOUICI-UHFFFAOYSA-N	cyclohexanol	RT	298.15	single_liquid_phase	True	100.0	A-12 batch p02
PFAS	NaDoDFNt	Sodium dodecafluoro-3H-4,8-dioxanonanoate	PFAS/Dodecafluoro-3H-4,8-dioxanonanoic_acid_(NaDoDFNt).orcacosmo	neutral	AFDRCEOKCOUICI-UHFFFAOYSA-N	cyclohexanol	high	393.15	single_liquid_phase	True	100.0	A-12 batch p02
PFAS	NaDoDFNt	Sodium dodecafluoro-3H-4,8-dioxanonanoate	PFAS/Dodecafluoro-3H-4,8-dioxanonanoic_acid_(NaDoDFNt).orcacosmo	neutral	AFDRCEOKCOUICI-UHFFFAOYSA-N	dichloromethane	RT	298.15	single_liquid_phase	True	100.0	A-12 batch p02
PFAS	NaDoDFNt	Sodium dodecafluoro-3H-4,8-dioxanonanoate	PFAS/Dodecafluoro-3H-4,8-dioxanonanoic_acid_(NaDoDFNt).orcacosmo	neutral	AFDRCEOKCOUICI-UHFFFAOYSA-N	dichloromethane	high	312.15	single_liquid_phase	True	100.0	A-12 batch p02
PFAS	NaDoDFNt	Sodium dodecafluoro-3H-4,8-dioxanonanoate	PFAS/Dodecafluoro-3H-4,8-dioxanonanoic_acid_(NaDoDFNt).orcacosmo	neutral	AFDRCEOKCOUICI-UHFFFAOYSA-N	dimethyl sulfoxide	RT	298.15	single_liquid_phase	True	100.0	A-12 batch p02
PFAS	NaDoDFNt	Sodium dodecafluoro-3H-4,8-dioxanonanoate	PFAS/Dodecafluoro-3H-4,8-dioxanonanoic_acid_(NaDoDFNt).orcacosmo	neutral	AFDRCEOKCOUICI-UHFFFAOYSA-N	dimethyl sulfoxide	high	393.15	single_liquid_phase	True	100.0	A-12 batch p02
PFAS	NaDoDFNt	Sodium dodecafluoro-3H-4,8-dioxanonanoate	PFAS/Dodecafluoro-3H-4,8-dioxanonanoic_acid_(NaDoDFNt).orcacosmo	neutral	AFDRCEOKCOUICI-UHFFFAOYSA-N	diphenyl ether	RT	298.15	single_liquid_phase	True	100.0	A-12 batch p02
PFAS	NaDoDFNt	Sodium dodecafluoro-3H-4,8-dioxanonanoate	PFAS/Dodecafluoro-3H-4,8-dioxanonanoic_acid_(NaDoDFNt).orcacosmo	neutral	AFDRCEOKCOUICI-UHFFFAOYSA-N	diphenyl ether	high	393.15	single_liquid_phase	True	100.0	A-12 batch p02
PFAS	NaDoDFNt	Sodium dodecafluoro-3H-4,8-dioxanonanoate	PFAS/Dodecafluoro-3H-4,8-dioxanonanoic_acid_(NaDoDFNt).orcacosmo	neutral	AFDRCEOKCOUICI-UHFFFAOYSA-N	dodecane	RT	298.15	single_liquid_phase	True	100.0	A-12 batch p02
PFAS	NaDoDFNt	Sodium dodecafluoro-3H-4,8-dioxanonanoate	PFAS/Dodecafluoro-3H-4,8-dioxanonanoic_acid_(NaDoDFNt).orcacosmo	neutral	AFDRCEOKCOUICI-UHFFFAOYSA-N	dodecane	high	393.15	single_liquid_phase	True	100.0	A-12 batch p02
PFAS	NaDoDFNt	Sodium dodecafluoro-3H-4,8-dioxanonanoate	PFAS/Dodecafluoro-3H-4,8-dioxanonanoic_acid_(NaDoDFNt).orcacosmo	neutral	AFDRCEOKCOUICI-UHFFFAOYSA-N	ethanol	RT	298.15	single_liquid_phase	True	100.0	A-12 batch p02
PFAS	NaDoDFNt	Sodium dodecafluoro-3H-4,8-dioxanonanoate	PFAS/Dodecafluoro-3H-4,8-dioxanonanoic_acid_(NaDoDFNt).orcacosmo	neutral	AFDRCEOKCOUICI-UHFFFAOYSA-N	ethanol	high	350.34999999999997	single_liquid_phase	True	100.0	A-12 batch p02
PFAS	NaDoDFNt	Sodium dodecafluoro-3H-4,8-dioxanonanoate	PFAS/Dodecafluoro-3H-4,8-dioxanonanoic_acid_(NaDoDFNt).orcacosmo	neutral	AFDRCEOKCOUICI-UHFFFAOYSA-N	ethyl acetate	RT	298.15	single_liquid_phase	True	100.0	A-12 batch p02
PFAS	NaDoDFNt	Sodium dodecafluoro-3H-4,8-dioxanonanoate	PFAS/Dodecafluoro-3H-4,8-dioxanonanoic_acid_(NaDoDFNt).orcacosmo	neutral	AFDRCEOKCOUICI-UHFFFAOYSA-N	ethyl acetate	high	349.25	single_liquid_phase	True	100.0	A-12 batch p02
PFAS	NaDoDFNt	Sodium dodecafluoro-3H-4,8-dioxanonanoate	PFAS/Dodecafluoro-3H-4,8-dioxanonanoic_acid_(NaDoDFNt).orcacosmo	neutral	AFDRCEOKCOUICI-UHFFFAOYSA-N	ethylene glycol	RT	298.15	single_liquid_phase	True	100.0	A-12 batch p02
PFAS	NaDoDFNt	Sodium dodecafluoro-3H-4,8-dioxanonanoate	PFAS/Dodecafluoro-3H-4,8-dioxanonanoic_acid_(NaDoDFNt).orcacosmo	neutral	AFDRCEOKCOUICI-UHFFFAOYSA-N	ethylene glycol	high	393.15	single_liquid_phase	True	100.0	A-12 batch p02
PFAS	NaDoDFNt	Sodium dodecafluoro-3H-4,8-dioxanonanoate	PFAS/Dodecafluoro-3H-4,8-dioxanonanoic_acid_(NaDoDFNt).orcacosmo	neutral	AFDRCEOKCOUICI-UHFFFAOYSA-N	heptane	RT	298.15	single_liquid_phase	True	100.0	A-12 batch p02
PFAS	NaDoDFNt	Sodium dodecafluoro-3H-4,8-dioxanonanoate	PFAS/Dodecafluoro-3H-4,8-dioxanonanoic_acid_(NaDoDFNt).orcacosmo	neutral	AFDRCEOKCOUICI-UHFFFAOYSA-N	heptane	high	370.65	single_liquid_phase	True	100.0	A-12 batch p02
PFAS	NaDoDFNt	Sodium dodecafluoro-3H-4,8-dioxanonanoate	PFAS/Dodecafluoro-3H-4,8-dioxanonanoic_acid_(NaDoDFNt).orcacosmo	neutral	AFDRCEOKCOUICI-UHFFFAOYSA-N	hexane	RT	298.15	single_liquid_phase	True	100.0	A-12 batch p02
PFAS	NaDoDFNt	Sodium dodecafluoro-3H-4,8-dioxanonanoate	PFAS/Dodecafluoro-3H-4,8-dioxanonanoic_acid_(NaDoDFNt).orcacosmo	neutral	AFDRCEOKCOUICI-UHFFFAOYSA-N	hexane	high	340.84999999999997	single_liquid_phase	True	100.0	A-12 batch p02
PFAS	NaDoDFNt	Sodium dodecafluoro-3H-4,8-dioxanonanoate	PFAS/Dodecafluoro-3H-4,8-dioxanonanoic_acid_(NaDoDFNt).orcacosmo	neutral	AFDRCEOKCOUICI-UHFFFAOYSA-N	isopropanol	RT	298.15	single_liquid_phase	True	100.0	A-12 batch p02
PFAS	NaDoDFNt	Sodium dodecafluoro-3H-4,8-dioxanonanoate	PFAS/Dodecafluoro-3H-4,8-dioxanonanoic_acid_(NaDoDFNt).orcacosmo	neutral	AFDRCEOKCOUICI-UHFFFAOYSA-N	isopropanol	high	354.45	single_liquid_phase	True	100.0	A-12 batch p02
PFAS	NaDoDFNt	Sodium dodecafluoro-3H-4,8-dioxanonanoate	PFAS/Dodecafluoro-3H-4,8-dioxanonanoic_acid_(NaDoDFNt).orcacosmo	neutral	AFDRCEOKCOUICI-UHFFFAOYSA-N	isopropylamine	RT	298.15	single_liquid_phase	True	100.0	A-12 batch p02
PFAS	NaDoDFNt	Sodium dodecafluoro-3H-4,8-dioxanonanoate	PFAS/Dodecafluoro-3H-4,8-dioxanonanoic_acid_(NaDoDFNt).orcacosmo	neutral	AFDRCEOKCOUICI-UHFFFAOYSA-N	isopropylamine	high	303.84999999999997	single_liquid_phase	True	100.0	A-12 batch p02
PFAS	NaDoDFNt	Sodium dodecafluoro-3H-4,8-dioxanonanoate	PFAS/Dodecafluoro-3H-4,8-dioxanonanoic_acid_(NaDoDFNt).orcacosmo	neutral	AFDRCEOKCOUICI-UHFFFAOYSA-N	methanol	RT	298.15	single_liquid_phase	True	100.0	A-12 batch p02
PFAS	NaDoDFNt	Sodium dodecafluoro-3H-4,8-dioxanonanoate	PFAS/Dodecafluoro-3H-4,8-dioxanonanoic_acid_(NaDoDFNt).orcacosmo	neutral	AFDRCEOKCOUICI-UHFFFAOYSA-N	methanol	high	336.7499999999999	single_liquid_phase	True	100.0	A-12 batch p02
PFAS	NaDoDFNt	Sodium dodecafluoro-3H-4,8-dioxanonanoate	PFAS/Dodecafluoro-3H-4,8-dioxanonanoic_acid_(NaDoDFNt).orcacosmo	neutral	AFDRCEOKCOUICI-UHFFFAOYSA-N	methylacetate	RT	298.15	single_liquid_phase	True	100.0	A-12 batch p02
PFAS	NaDoDFNt	Sodium dodecafluoro-3H-4,8-dioxanonanoate	PFAS/Dodecafluoro-3H-4,8-dioxanonanoic_acid_(NaDoDFNt).orcacosmo	neutral	AFDRCEOKCOUICI-UHFFFAOYSA-N	methylacetate	high	328.95	single_liquid_phase	True	100.0	A-12 batch p02
PFAS	NaDoDFNt	Sodium dodecafluoro-3H-4,8-dioxanonanoate	PFAS/Dodecafluoro-3H-4,8-dioxanonanoic_acid_(NaDoDFNt).orcacosmo	neutral	AFDRCEOKCOUICI-UHFFFAOYSA-N	n,n-dimethylformamide	RT	298.15	single_liquid_phase	True	100.0	A-12 batch p02
PFAS	NaDoDFNt	Sodium dodecafluoro-3H-4,8-dioxanonanoate	PFAS/Dodecafluoro-3H-4,8-dioxanonanoic_acid_(NaDoDFNt).orcacosmo	neutral	AFDRCEOKCOUICI-UHFFFAOYSA-N	n,n-dimethylformamide	high	393.15	single_liquid_phase	True	100.0	A-12 batch p02
PFAS	NaDoDFNt	Sodium dodecafluoro-3H-4,8-dioxanonanoate	PFAS/Dodecafluoro-3H-4,8-dioxanonanoic_acid_(NaDoDFNt).orcacosmo	neutral	AFDRCEOKCOUICI-UHFFFAOYSA-N	o-xylene	RT	298.15	single_liquid_phase	True	100.0	A-12 batch p02
PFAS	NaDoDFNt	Sodium dodecafluoro-3H-4,8-dioxanonanoate	PFAS/Dodecafluoro-3H-4,8-dioxanonanoic_acid_(NaDoDFNt).orcacosmo	neutral	AFDRCEOKCOUICI-UHFFFAOYSA-N	o-xylene	high	393.15	single_liquid_phase	True	100.0	A-12 batch p02
PFAS	NaDoDFNt	Sodium dodecafluoro-3H-4,8-dioxanonanoate	PFAS/Dodecafluoro-3H-4,8-dioxanonanoic_acid_(NaDoDFNt).orcacosmo	neutral	AFDRCEOKCOUICI-UHFFFAOYSA-N	tert-butanol	RT	298.15	single_liquid_phase	True	100.0	A-12 batch p02
PFAS	NaDoDFNt	Sodium dodecafluoro-3H-4,8-dioxanonanoate	PFAS/Dodecafluoro-3H-4,8-dioxanonanoic_acid_(NaDoDFNt).orcacosmo	neutral	AFDRCEOKCOUICI-UHFFFAOYSA-N	tert-butanol	high	354.54999999999995	single_liquid_phase	True	100.0	A-12 batch p02
PFAS	NaDoDFNt	Sodium dodecafluoro-3H-4,8-dioxanonanoate	PFAS/Dodecafluoro-3H-4,8-dioxanonanoic_acid_(NaDoDFNt).orcacosmo	neutral	AFDRCEOKCOUICI-UHFFFAOYSA-N	tetrahydrofuran	RT	298.15	single_liquid_phase	True	100.0	A-12 batch p02
PFAS	NaDoDFNt	Sodium dodecafluoro-3H-4,8-dioxanonanoate	PFAS/Dodecafluoro-3H-4,8-dioxanonanoic_acid_(NaDoDFNt).orcacosmo	neutral	AFDRCEOKCOUICI-UHFFFAOYSA-N	tetrahydrofuran	high	337.15	single_liquid_phase	True	100.0	A-12 batch p02
PFAS	NaDoDFNt	Sodium dodecafluoro-3H-4,8-dioxanonanoate	PFAS/Dodecafluoro-3H-4,8-dioxanonanoic_acid_(NaDoDFNt).orcacosmo	neutral	AFDRCEOKCOUICI-UHFFFAOYSA-N	tetrahydropyran	RT	298.15	single_liquid_phase	True	100.0	A-12 batch p02
PFAS	NaDoDFNt	Sodium dodecafluoro-3H-4,8-dioxanonanoate	PFAS/Dodecafluoro-3H-4,8-dioxanonanoic_acid_(NaDoDFNt).orcacosmo	neutral	AFDRCEOKCOUICI-UHFFFAOYSA-N	tetrahydropyran	high	360.15	single_liquid_phase	True	100.0	A-12 batch p02
PFAS	NaDoDFNt	Sodium dodecafluoro-3H-4,8-dioxanonanoate	PFAS/Dodecafluoro-3H-4,8-dioxanonanoic_acid_(NaDoDFNt).orcacosmo	neutral	AFDRCEOKCOUICI-UHFFFAOYSA-N	toluene	RT	298.15	single_liquid_phase	True	100.0	A-12 batch p02
PFAS	NaDoDFNt	Sodium dodecafluoro-3H-4,8-dioxanonanoate	PFAS/Dodecafluoro-3H-4,8-dioxanonanoic_acid_(NaDoDFNt).orcacosmo	neutral	AFDRCEOKCOUICI-UHFFFAOYSA-N	toluene	high	382.75	single_liquid_phase	True	100.0	A-12 batch p02
PFAS	NaDoDFNt	Sodium dodecafluoro-3H-4,8-dioxanonanoate	PFAS/Dodecafluoro-3H-4,8-dioxanonanoic_acid_(NaDoDFNt).orcacosmo	neutral	AFDRCEOKCOUICI-UHFFFAOYSA-N	triethylamine	RT	298.15	single_liquid_phase	True	100.0	A-12 batch p02
PFAS	NaDoDFNt	Sodium dodecafluoro-3H-4,8-dioxanonanoate	PFAS/Dodecafluoro-3H-4,8-dioxanonanoic_acid_(NaDoDFNt).orcacosmo	neutral	AFDRCEOKCOUICI-UHFFFAOYSA-N	triethylamine	high	361.15	single_liquid_phase	True	100.0	A-12 batch p02
PFAS	NaDoDFNt	Sodium dodecafluoro-3H-4,8-dioxanonanoate	PFAS/Dodecafluoro-3H-4,8-dioxanonanoic_acid_(NaDoDFNt).orcacosmo	neutral	AFDRCEOKCOUICI-UHFFFAOYSA-N	water	RT	298.15	two_liquid_phases	False	0.00996513227101153	A-12 batch p02
PFAS	NaDoDFNt	Sodium dodecafluoro-3H-4,8-dioxanonanoate	PFAS/Dodecafluoro-3H-4,8-dioxanonanoic_acid_(NaDoDFNt).orcacosmo	neutral	AFDRCEOKCOUICI-UHFFFAOYSA-N	water	high	372.15	two_liquid_phases	False	0.030449775689218982	A-12 batch p02
PFAS	NH4TetraFPt	Ammonium 2,3,3,3-tetrafluoro-2-(heptafluoropropoxy)propanoate	PFAS/2,3,3,3-Tetrafluoro-2-(heptafluoropropoxy)propanoic_acid_(NH4TetraFPt).orcacosmo	neutral	CSEBNABAWMZWIF-UHFFFAOYSA-N	1,2-propanediol	RT	298.15	single_liquid_phase	True	100.0	release promotion-v2
PFAS	NH4TetraFPt	Ammonium 2,3,3,3-tetrafluoro-2-(heptafluoropropoxy)propanoate	PFAS/2,3,3,3-Tetrafluoro-2-(heptafluoropropoxy)propanoic_acid_(NH4TetraFPt).orcacosmo	neutral	CSEBNABAWMZWIF-UHFFFAOYSA-N	1,2-propanediol	high	393.15	single_liquid_phase	True	100.0	release promotion-v2
PFAS	NH4TetraFPt	Ammonium 2,3,3,3-tetrafluoro-2-(heptafluoropropoxy)propanoate	PFAS/2,3,3,3-Tetrafluoro-2-(heptafluoropropoxy)propanoic_acid_(NH4TetraFPt).orcacosmo	neutral	CSEBNABAWMZWIF-UHFFFAOYSA-N	1-propanol	RT	298.15	single_liquid_phase	True	100.0	release promotion-v2
PFAS	NH4TetraFPt	Ammonium 2,3,3,3-tetrafluoro-2-(heptafluoropropoxy)propanoate	PFAS/2,3,3,3-Tetrafluoro-2-(heptafluoropropoxy)propanoic_acid_(NH4TetraFPt).orcacosmo	neutral	CSEBNABAWMZWIF-UHFFFAOYSA-N	1-propanol	high	369.34999999999997	single_liquid_phase	True	100.0	release promotion-v2
PFAS	NH4TetraFPt	Ammonium 2,3,3,3-tetrafluoro-2-(heptafluoropropoxy)propanoate	PFAS/2,3,3,3-Tetrafluoro-2-(heptafluoropropoxy)propanoic_acid_(NH4TetraFPt).orcacosmo	neutral	CSEBNABAWMZWIF-UHFFFAOYSA-N	2,3-dihydropyran	RT	298.15	single_liquid_phase	True	100.0	release promotion-v2
PFAS	NH4TetraFPt	Ammonium 2,3,3,3-tetrafluoro-2-(heptafluoropropoxy)propanoate	PFAS/2,3,3,3-Tetrafluoro-2-(heptafluoropropoxy)propanoic_acid_(NH4TetraFPt).orcacosmo	neutral	CSEBNABAWMZWIF-UHFFFAOYSA-N	2,3-dihydropyran	high	358.15	single_liquid_phase	True	100.0	release promotion-v2
PFAS	NH4TetraFPt	Ammonium 2,3,3,3-tetrafluoro-2-(heptafluoropropoxy)propanoate	PFAS/2,3,3,3-Tetrafluoro-2-(heptafluoropropoxy)propanoic_acid_(NH4TetraFPt).orcacosmo	neutral	CSEBNABAWMZWIF-UHFFFAOYSA-N	2-butanone	RT	298.15	single_liquid_phase	True	100.0	release promotion-v2
PFAS	NH4TetraFPt	Ammonium 2,3,3,3-tetrafluoro-2-(heptafluoropropoxy)propanoate	PFAS/2,3,3,3-Tetrafluoro-2-(heptafluoropropoxy)propanoic_acid_(NH4TetraFPt).orcacosmo	neutral	CSEBNABAWMZWIF-UHFFFAOYSA-N	2-butanone	high	351.65	single_liquid_phase	True	100.0	release promotion-v2
PFAS	NH4TetraFPt	Ammonium 2,3,3,3-tetrafluoro-2-(heptafluoropropoxy)propanoate	PFAS/2,3,3,3-Tetrafluoro-2-(heptafluoropropoxy)propanoic_acid_(NH4TetraFPt).orcacosmo	neutral	CSEBNABAWMZWIF-UHFFFAOYSA-N	acetic acid	RT	298.15	single_liquid_phase	True	100.0	release promotion-v2
PFAS	NH4TetraFPt	Ammonium 2,3,3,3-tetrafluoro-2-(heptafluoropropoxy)propanoate	PFAS/2,3,3,3-Tetrafluoro-2-(heptafluoropropoxy)propanoic_acid_(NH4TetraFPt).orcacosmo	neutral	CSEBNABAWMZWIF-UHFFFAOYSA-N	acetic acid	high	390.04999999999995	single_liquid_phase	True	100.0	release promotion-v2
PFAS	NH4TetraFPt	Ammonium 2,3,3,3-tetrafluoro-2-(heptafluoropropoxy)propanoate	PFAS/2,3,3,3-Tetrafluoro-2-(heptafluoropropoxy)propanoic_acid_(NH4TetraFPt).orcacosmo	neutral	CSEBNABAWMZWIF-UHFFFAOYSA-N	acetone	RT	298.15	single_liquid_phase	True	100.0	release promotion-v2
PFAS	NH4TetraFPt	Ammonium 2,3,3,3-tetrafluoro-2-(heptafluoropropoxy)propanoate	PFAS/2,3,3,3-Tetrafluoro-2-(heptafluoropropoxy)propanoic_acid_(NH4TetraFPt).orcacosmo	neutral	CSEBNABAWMZWIF-UHFFFAOYSA-N	acetone	high	328.15	single_liquid_phase	True	100.0	release promotion-v2
PFAS	NH4TetraFPt	Ammonium 2,3,3,3-tetrafluoro-2-(heptafluoropropoxy)propanoate	PFAS/2,3,3,3-Tetrafluoro-2-(heptafluoropropoxy)propanoic_acid_(NH4TetraFPt).orcacosmo	neutral	CSEBNABAWMZWIF-UHFFFAOYSA-N	acetylacetone	RT	298.15	single_liquid_phase	True	100.0	release promotion-v2
PFAS	NH4TetraFPt	Ammonium 2,3,3,3-tetrafluoro-2-(heptafluoropropoxy)propanoate	PFAS/2,3,3,3-Tetrafluoro-2-(heptafluoropropoxy)propanoic_acid_(NH4TetraFPt).orcacosmo	neutral	CSEBNABAWMZWIF-UHFFFAOYSA-N	acetylacetone	high	393.15	single_liquid_phase	True	100.0	release promotion-v2
PFAS	NH4TetraFPt	Ammonium 2,3,3,3-tetrafluoro-2-(heptafluoropropoxy)propanoate	PFAS/2,3,3,3-Tetrafluoro-2-(heptafluoropropoxy)propanoic_acid_(NH4TetraFPt).orcacosmo	neutral	CSEBNABAWMZWIF-UHFFFAOYSA-N	benzene	RT	298.15	single_liquid_phase	True	100.0	release promotion-v2
PFAS	NH4TetraFPt	Ammonium 2,3,3,3-tetrafluoro-2-(heptafluoropropoxy)propanoate	PFAS/2,3,3,3-Tetrafluoro-2-(heptafluoropropoxy)propanoic_acid_(NH4TetraFPt).orcacosmo	neutral	CSEBNABAWMZWIF-UHFFFAOYSA-N	benzene	high	352.15	single_liquid_phase	True	100.0	release promotion-v2
PFAS	NH4TetraFPt	Ammonium 2,3,3,3-tetrafluoro-2-(heptafluoropropoxy)propanoate	PFAS/2,3,3,3-Tetrafluoro-2-(heptafluoropropoxy)propanoic_acid_(NH4TetraFPt).orcacosmo	neutral	CSEBNABAWMZWIF-UHFFFAOYSA-N	chloroform	RT	298.15	single_liquid_phase	True	100.0	release promotion-v2
PFAS	NH4TetraFPt	Ammonium 2,3,3,3-tetrafluoro-2-(heptafluoropropoxy)propanoate	PFAS/2,3,3,3-Tetrafluoro-2-(heptafluoropropoxy)propanoic_acid_(NH4TetraFPt).orcacosmo	neutral	CSEBNABAWMZWIF-UHFFFAOYSA-N	chloroform	high	333.25	single_liquid_phase	True	100.0	release promotion-v2
PFAS	NH4TetraFPt	Ammonium 2,3,3,3-tetrafluoro-2-(heptafluoropropoxy)propanoate	PFAS/2,3,3,3-Tetrafluoro-2-(heptafluoropropoxy)propanoic_acid_(NH4TetraFPt).orcacosmo	neutral	CSEBNABAWMZWIF-UHFFFAOYSA-N	cyclohexane	RT	298.15	single_liquid_phase	True	100.0	release promotion-v2
PFAS	NH4TetraFPt	Ammonium 2,3,3,3-tetrafluoro-2-(heptafluoropropoxy)propanoate	PFAS/2,3,3,3-Tetrafluoro-2-(heptafluoropropoxy)propanoic_acid_(NH4TetraFPt).orcacosmo	neutral	CSEBNABAWMZWIF-UHFFFAOYSA-N	cyclohexane	high	352.84999999999997	single_liquid_phase	True	100.0	release promotion-v2
PFAS	NH4TetraFPt	Ammonium 2,3,3,3-tetrafluoro-2-(heptafluoropropoxy)propanoate	PFAS/2,3,3,3-Tetrafluoro-2-(heptafluoropropoxy)propanoic_acid_(NH4TetraFPt).orcacosmo	neutral	CSEBNABAWMZWIF-UHFFFAOYSA-N	cyclohexanol	RT	298.15	single_liquid_phase	True	100.0	release promotion-v2
PFAS	NH4TetraFPt	Ammonium 2,3,3,3-tetrafluoro-2-(heptafluoropropoxy)propanoate	PFAS/2,3,3,3-Tetrafluoro-2-(heptafluoropropoxy)propanoic_acid_(NH4TetraFPt).orcacosmo	neutral	CSEBNABAWMZWIF-UHFFFAOYSA-N	cyclohexanol	high	393.15	single_liquid_phase	True	100.0	release promotion-v2
PFAS	NH4TetraFPt	Ammonium 2,3,3,3-tetrafluoro-2-(heptafluoropropoxy)propanoate	PFAS/2,3,3,3-Tetrafluoro-2-(heptafluoropropoxy)propanoic_acid_(NH4TetraFPt).orcacosmo	neutral	CSEBNABAWMZWIF-UHFFFAOYSA-N	dichloromethane	RT	298.15	single_liquid_phase	True	100.0	release promotion-v2
PFAS	NH4TetraFPt	Ammonium 2,3,3,3-tetrafluoro-2-(heptafluoropropoxy)propanoate	PFAS/2,3,3,3-Tetrafluoro-2-(heptafluoropropoxy)propanoic_acid_(NH4TetraFPt).orcacosmo	neutral	CSEBNABAWMZWIF-UHFFFAOYSA-N	dichloromethane	high	312.15	single_liquid_phase	True	100.0	release promotion-v2
PFAS	NH4TetraFPt	Ammonium 2,3,3,3-tetrafluoro-2-(heptafluoropropoxy)propanoate	PFAS/2,3,3,3-Tetrafluoro-2-(heptafluoropropoxy)propanoic_acid_(NH4TetraFPt).orcacosmo	neutral	CSEBNABAWMZWIF-UHFFFAOYSA-N	dimethyl sulfoxide	RT	298.15	single_liquid_phase	True	100.0	release promotion-v2
PFAS	NH4TetraFPt	Ammonium 2,3,3,3-tetrafluoro-2-(heptafluoropropoxy)propanoate	PFAS/2,3,3,3-Tetrafluoro-2-(heptafluoropropoxy)propanoic_acid_(NH4TetraFPt).orcacosmo	neutral	CSEBNABAWMZWIF-UHFFFAOYSA-N	dimethyl sulfoxide	high	393.15	single_liquid_phase	True	100.0	release promotion-v2
PFAS	NH4TetraFPt	Ammonium 2,3,3,3-tetrafluoro-2-(heptafluoropropoxy)propanoate	PFAS/2,3,3,3-Tetrafluoro-2-(heptafluoropropoxy)propanoic_acid_(NH4TetraFPt).orcacosmo	neutral	CSEBNABAWMZWIF-UHFFFAOYSA-N	diphenyl ether	RT	298.15	single_liquid_phase	True	100.0	release promotion-v2
PFAS	NH4TetraFPt	Ammonium 2,3,3,3-tetrafluoro-2-(heptafluoropropoxy)propanoate	PFAS/2,3,3,3-Tetrafluoro-2-(heptafluoropropoxy)propanoic_acid_(NH4TetraFPt).orcacosmo	neutral	CSEBNABAWMZWIF-UHFFFAOYSA-N	diphenyl ether	high	393.15	single_liquid_phase	True	100.0	release promotion-v2
PFAS	NH4TetraFPt	Ammonium 2,3,3,3-tetrafluoro-2-(heptafluoropropoxy)propanoate	PFAS/2,3,3,3-Tetrafluoro-2-(heptafluoropropoxy)propanoic_acid_(NH4TetraFPt).orcacosmo	neutral	CSEBNABAWMZWIF-UHFFFAOYSA-N	dodecane	RT	298.15	single_liquid_phase	True	100.0	release promotion-v2
PFAS	NH4TetraFPt	Ammonium 2,3,3,3-tetrafluoro-2-(heptafluoropropoxy)propanoate	PFAS/2,3,3,3-Tetrafluoro-2-(heptafluoropropoxy)propanoic_acid_(NH4TetraFPt).orcacosmo	neutral	CSEBNABAWMZWIF-UHFFFAOYSA-N	dodecane	high	393.15	single_liquid_phase	True	100.0	release promotion-v2
PFAS	NH4TetraFPt	Ammonium 2,3,3,3-tetrafluoro-2-(heptafluoropropoxy)propanoate	PFAS/2,3,3,3-Tetrafluoro-2-(heptafluoropropoxy)propanoic_acid_(NH4TetraFPt).orcacosmo	neutral	CSEBNABAWMZWIF-UHFFFAOYSA-N	ethanol	RT	298.15	single_liquid_phase	True	100.0	release promotion-v2
PFAS	NH4TetraFPt	Ammonium 2,3,3,3-tetrafluoro-2-(heptafluoropropoxy)propanoate	PFAS/2,3,3,3-Tetrafluoro-2-(heptafluoropropoxy)propanoic_acid_(NH4TetraFPt).orcacosmo	neutral	CSEBNABAWMZWIF-UHFFFAOYSA-N	ethanol	high	350.34999999999997	single_liquid_phase	True	100.0	release promotion-v2
PFAS	NH4TetraFPt	Ammonium 2,3,3,3-tetrafluoro-2-(heptafluoropropoxy)propanoate	PFAS/2,3,3,3-Tetrafluoro-2-(heptafluoropropoxy)propanoic_acid_(NH4TetraFPt).orcacosmo	neutral	CSEBNABAWMZWIF-UHFFFAOYSA-N	ethyl acetate	RT	298.15	single_liquid_phase	True	100.0	release promotion-v2
PFAS	NH4TetraFPt	Ammonium 2,3,3,3-tetrafluoro-2-(heptafluoropropoxy)propanoate	PFAS/2,3,3,3-Tetrafluoro-2-(heptafluoropropoxy)propanoic_acid_(NH4TetraFPt).orcacosmo	neutral	CSEBNABAWMZWIF-UHFFFAOYSA-N	ethyl acetate	high	349.25	single_liquid_phase	True	100.0	release promotion-v2
PFAS	NH4TetraFPt	Ammonium 2,3,3,3-tetrafluoro-2-(heptafluoropropoxy)propanoate	PFAS/2,3,3,3-Tetrafluoro-2-(heptafluoropropoxy)propanoic_acid_(NH4TetraFPt).orcacosmo	neutral	CSEBNABAWMZWIF-UHFFFAOYSA-N	ethylene glycol	RT	298.15	single_liquid_phase	True	100.0	release promotion-v2
PFAS	NH4TetraFPt	Ammonium 2,3,3,3-tetrafluoro-2-(heptafluoropropoxy)propanoate	PFAS/2,3,3,3-Tetrafluoro-2-(heptafluoropropoxy)propanoic_acid_(NH4TetraFPt).orcacosmo	neutral	CSEBNABAWMZWIF-UHFFFAOYSA-N	ethylene glycol	high	393.15	single_liquid_phase	True	100.0	release promotion-v2
PFAS	NH4TetraFPt	Ammonium 2,3,3,3-tetrafluoro-2-(heptafluoropropoxy)propanoate	PFAS/2,3,3,3-Tetrafluoro-2-(heptafluoropropoxy)propanoic_acid_(NH4TetraFPt).orcacosmo	neutral	CSEBNABAWMZWIF-UHFFFAOYSA-N	heptane	RT	298.15	single_liquid_phase	True	100.0	release promotion-v2
PFAS	NH4TetraFPt	Ammonium 2,3,3,3-tetrafluoro-2-(heptafluoropropoxy)propanoate	PFAS/2,3,3,3-Tetrafluoro-2-(heptafluoropropoxy)propanoic_acid_(NH4TetraFPt).orcacosmo	neutral	CSEBNABAWMZWIF-UHFFFAOYSA-N	heptane	high	370.65	single_liquid_phase	True	100.0	release promotion-v2
PFAS	NH4TetraFPt	Ammonium 2,3,3,3-tetrafluoro-2-(heptafluoropropoxy)propanoate	PFAS/2,3,3,3-Tetrafluoro-2-(heptafluoropropoxy)propanoic_acid_(NH4TetraFPt).orcacosmo	neutral	CSEBNABAWMZWIF-UHFFFAOYSA-N	hexane	RT	298.15	single_liquid_phase	True	100.0	release promotion-v2
PFAS	NH4TetraFPt	Ammonium 2,3,3,3-tetrafluoro-2-(heptafluoropropoxy)propanoate	PFAS/2,3,3,3-Tetrafluoro-2-(heptafluoropropoxy)propanoic_acid_(NH4TetraFPt).orcacosmo	neutral	CSEBNABAWMZWIF-UHFFFAOYSA-N	hexane	high	340.84999999999997	single_liquid_phase	True	100.0	release promotion-v2
PFAS	NH4TetraFPt	Ammonium 2,3,3,3-tetrafluoro-2-(heptafluoropropoxy)propanoate	PFAS/2,3,3,3-Tetrafluoro-2-(heptafluoropropoxy)propanoic_acid_(NH4TetraFPt).orcacosmo	neutral	CSEBNABAWMZWIF-UHFFFAOYSA-N	isopropanol	RT	298.15	single_liquid_phase	True	100.0	release promotion-v2
PFAS	NH4TetraFPt	Ammonium 2,3,3,3-tetrafluoro-2-(heptafluoropropoxy)propanoate	PFAS/2,3,3,3-Tetrafluoro-2-(heptafluoropropoxy)propanoic_acid_(NH4TetraFPt).orcacosmo	neutral	CSEBNABAWMZWIF-UHFFFAOYSA-N	isopropanol	high	354.45	single_liquid_phase	True	100.0	release promotion-v2
PFAS	NH4TetraFPt	Ammonium 2,3,3,3-tetrafluoro-2-(heptafluoropropoxy)propanoate	PFAS/2,3,3,3-Tetrafluoro-2-(heptafluoropropoxy)propanoic_acid_(NH4TetraFPt).orcacosmo	neutral	CSEBNABAWMZWIF-UHFFFAOYSA-N	isopropylamine	RT	298.15	single_liquid_phase	True	100.0	release promotion-v2
PFAS	NH4TetraFPt	Ammonium 2,3,3,3-tetrafluoro-2-(heptafluoropropoxy)propanoate	PFAS/2,3,3,3-Tetrafluoro-2-(heptafluoropropoxy)propanoic_acid_(NH4TetraFPt).orcacosmo	neutral	CSEBNABAWMZWIF-UHFFFAOYSA-N	isopropylamine	high	303.84999999999997	single_liquid_phase	True	100.0	release promotion-v2
PFAS	NH4TetraFPt	Ammonium 2,3,3,3-tetrafluoro-2-(heptafluoropropoxy)propanoate	PFAS/2,3,3,3-Tetrafluoro-2-(heptafluoropropoxy)propanoic_acid_(NH4TetraFPt).orcacosmo	neutral	CSEBNABAWMZWIF-UHFFFAOYSA-N	methanol	RT	298.15	single_liquid_phase	True	100.0	release promotion-v2
PFAS	NH4TetraFPt	Ammonium 2,3,3,3-tetrafluoro-2-(heptafluoropropoxy)propanoate	PFAS/2,3,3,3-Tetrafluoro-2-(heptafluoropropoxy)propanoic_acid_(NH4TetraFPt).orcacosmo	neutral	CSEBNABAWMZWIF-UHFFFAOYSA-N	methanol	high	336.7499999999999	single_liquid_phase	True	100.0	release promotion-v2
PFAS	NH4TetraFPt	Ammonium 2,3,3,3-tetrafluoro-2-(heptafluoropropoxy)propanoate	PFAS/2,3,3,3-Tetrafluoro-2-(heptafluoropropoxy)propanoic_acid_(NH4TetraFPt).orcacosmo	neutral	CSEBNABAWMZWIF-UHFFFAOYSA-N	methylacetate	RT	298.15	single_liquid_phase	True	100.0	release promotion-v2
PFAS	NH4TetraFPt	Ammonium 2,3,3,3-tetrafluoro-2-(heptafluoropropoxy)propanoate	PFAS/2,3,3,3-Tetrafluoro-2-(heptafluoropropoxy)propanoic_acid_(NH4TetraFPt).orcacosmo	neutral	CSEBNABAWMZWIF-UHFFFAOYSA-N	methylacetate	high	328.95	single_liquid_phase	True	100.0	release promotion-v2
PFAS	NH4TetraFPt	Ammonium 2,3,3,3-tetrafluoro-2-(heptafluoropropoxy)propanoate	PFAS/2,3,3,3-Tetrafluoro-2-(heptafluoropropoxy)propanoic_acid_(NH4TetraFPt).orcacosmo	neutral	CSEBNABAWMZWIF-UHFFFAOYSA-N	n,n-dimethylformamide	RT	298.15	single_liquid_phase	True	100.0	release promotion-v2
PFAS	NH4TetraFPt	Ammonium 2,3,3,3-tetrafluoro-2-(heptafluoropropoxy)propanoate	PFAS/2,3,3,3-Tetrafluoro-2-(heptafluoropropoxy)propanoic_acid_(NH4TetraFPt).orcacosmo	neutral	CSEBNABAWMZWIF-UHFFFAOYSA-N	n,n-dimethylformamide	high	393.15	single_liquid_phase	True	100.0	release promotion-v2
PFAS	NH4TetraFPt	Ammonium 2,3,3,3-tetrafluoro-2-(heptafluoropropoxy)propanoate	PFAS/2,3,3,3-Tetrafluoro-2-(heptafluoropropoxy)propanoic_acid_(NH4TetraFPt).orcacosmo	neutral	CSEBNABAWMZWIF-UHFFFAOYSA-N	o-xylene	RT	298.15	single_liquid_phase	True	100.0	release promotion-v2
PFAS	NH4TetraFPt	Ammonium 2,3,3,3-tetrafluoro-2-(heptafluoropropoxy)propanoate	PFAS/2,3,3,3-Tetrafluoro-2-(heptafluoropropoxy)propanoic_acid_(NH4TetraFPt).orcacosmo	neutral	CSEBNABAWMZWIF-UHFFFAOYSA-N	o-xylene	high	393.15	single_liquid_phase	True	100.0	release promotion-v2
PFAS	NH4TetraFPt	Ammonium 2,3,3,3-tetrafluoro-2-(heptafluoropropoxy)propanoate	PFAS/2,3,3,3-Tetrafluoro-2-(heptafluoropropoxy)propanoic_acid_(NH4TetraFPt).orcacosmo	neutral	CSEBNABAWMZWIF-UHFFFAOYSA-N	tert-butanol	RT	298.15	single_liquid_phase	True	100.0	release promotion-v2
PFAS	NH4TetraFPt	Ammonium 2,3,3,3-tetrafluoro-2-(heptafluoropropoxy)propanoate	PFAS/2,3,3,3-Tetrafluoro-2-(heptafluoropropoxy)propanoic_acid_(NH4TetraFPt).orcacosmo	neutral	CSEBNABAWMZWIF-UHFFFAOYSA-N	tert-butanol	high	354.54999999999995	single_liquid_phase	True	100.0	release promotion-v2
PFAS	NH4TetraFPt	Ammonium 2,3,3,3-tetrafluoro-2-(heptafluoropropoxy)propanoate	PFAS/2,3,3,3-Tetrafluoro-2-(heptafluoropropoxy)propanoic_acid_(NH4TetraFPt).orcacosmo	neutral	CSEBNABAWMZWIF-UHFFFAOYSA-N	tetrahydrofuran	RT	298.15	single_liquid_phase	True	100.0	release promotion-v2
PFAS	NH4TetraFPt	Ammonium 2,3,3,3-tetrafluoro-2-(heptafluoropropoxy)propanoate	PFAS/2,3,3,3-Tetrafluoro-2-(heptafluoropropoxy)propanoic_acid_(NH4TetraFPt).orcacosmo	neutral	CSEBNABAWMZWIF-UHFFFAOYSA-N	tetrahydrofuran	high	337.15	single_liquid_phase	True	100.0	release promotion-v2
PFAS	NH4TetraFPt	Ammonium 2,3,3,3-tetrafluoro-2-(heptafluoropropoxy)propanoate	PFAS/2,3,3,3-Tetrafluoro-2-(heptafluoropropoxy)propanoic_acid_(NH4TetraFPt).orcacosmo	neutral	CSEBNABAWMZWIF-UHFFFAOYSA-N	tetrahydropyran	RT	298.15	single_liquid_phase	True	100.0	release promotion-v2
PFAS	NH4TetraFPt	Ammonium 2,3,3,3-tetrafluoro-2-(heptafluoropropoxy)propanoate	PFAS/2,3,3,3-Tetrafluoro-2-(heptafluoropropoxy)propanoic_acid_(NH4TetraFPt).orcacosmo	neutral	CSEBNABAWMZWIF-UHFFFAOYSA-N	tetrahydropyran	high	360.15	single_liquid_phase	True	100.0	release promotion-v2
PFAS	NH4TetraFPt	Ammonium 2,3,3,3-tetrafluoro-2-(heptafluoropropoxy)propanoate	PFAS/2,3,3,3-Tetrafluoro-2-(heptafluoropropoxy)propanoic_acid_(NH4TetraFPt).orcacosmo	neutral	CSEBNABAWMZWIF-UHFFFAOYSA-N	toluene	RT	298.15	single_liquid_phase	True	100.0	release promotion-v2
PFAS	NH4TetraFPt	Ammonium 2,3,3,3-tetrafluoro-2-(heptafluoropropoxy)propanoate	PFAS/2,3,3,3-Tetrafluoro-2-(heptafluoropropoxy)propanoic_acid_(NH4TetraFPt).orcacosmo	neutral	CSEBNABAWMZWIF-UHFFFAOYSA-N	toluene	high	382.75	single_liquid_phase	True	100.0	release promotion-v2
PFAS	NH4TetraFPt	Ammonium 2,3,3,3-tetrafluoro-2-(heptafluoropropoxy)propanoate	PFAS/2,3,3,3-Tetrafluoro-2-(heptafluoropropoxy)propanoic_acid_(NH4TetraFPt).orcacosmo	neutral	CSEBNABAWMZWIF-UHFFFAOYSA-N	triethylamine	RT	298.15	single_liquid_phase	True	100.0	release promotion-v2
PFAS	NH4TetraFPt	Ammonium 2,3,3,3-tetrafluoro-2-(heptafluoropropoxy)propanoate	PFAS/2,3,3,3-Tetrafluoro-2-(heptafluoropropoxy)propanoic_acid_(NH4TetraFPt).orcacosmo	neutral	CSEBNABAWMZWIF-UHFFFAOYSA-N	triethylamine	high	361.15	single_liquid_phase	True	100.0	release promotion-v2
PFAS	NH4TetraFPt	Ammonium 2,3,3,3-tetrafluoro-2-(heptafluoropropoxy)propanoate	PFAS/2,3,3,3-Tetrafluoro-2-(heptafluoropropoxy)propanoic_acid_(NH4TetraFPt).orcacosmo	neutral	CSEBNABAWMZWIF-UHFFFAOYSA-N	water	RT	298.15	two_liquid_phases	False	0.021243852345935857	release promotion-v2
PFAS	NH4TetraFPt	Ammonium 2,3,3,3-tetrafluoro-2-(heptafluoropropoxy)propanoate	PFAS/2,3,3,3-Tetrafluoro-2-(heptafluoropropoxy)propanoic_acid_(NH4TetraFPt).orcacosmo	neutral	CSEBNABAWMZWIF-UHFFFAOYSA-N	water	high	372.15	two_liquid_phases	False	0.061521206501975796	release promotion-v2
PFAS	NH4PFNt	Ammonium 4,8-dioxa-3H-perfluorononanoate	PFAS/4,8-Dioxa-3H-perfluorononanoic_acid_(NH4PFNt).orcacosmo	neutral	AFDRCEOKCOUICI-UHFFFAOYSA-N	1,2-propanediol	RT	298.15	single_liquid_phase	True	100.0	A-12 batch p02
PFAS	NH4PFNt	Ammonium 4,8-dioxa-3H-perfluorononanoate	PFAS/4,8-Dioxa-3H-perfluorononanoic_acid_(NH4PFNt).orcacosmo	neutral	AFDRCEOKCOUICI-UHFFFAOYSA-N	1,2-propanediol	high	393.15	single_liquid_phase	True	100.0	A-12 batch p02
PFAS	NH4PFNt	Ammonium 4,8-dioxa-3H-perfluorononanoate	PFAS/4,8-Dioxa-3H-perfluorononanoic_acid_(NH4PFNt).orcacosmo	neutral	AFDRCEOKCOUICI-UHFFFAOYSA-N	1-propanol	RT	298.15	single_liquid_phase	True	100.0	A-12 batch p02
PFAS	NH4PFNt	Ammonium 4,8-dioxa-3H-perfluorononanoate	PFAS/4,8-Dioxa-3H-perfluorononanoic_acid_(NH4PFNt).orcacosmo	neutral	AFDRCEOKCOUICI-UHFFFAOYSA-N	1-propanol	high	369.34999999999997	single_liquid_phase	True	100.0	A-12 batch p02
PFAS	NH4PFNt	Ammonium 4,8-dioxa-3H-perfluorononanoate	PFAS/4,8-Dioxa-3H-perfluorononanoic_acid_(NH4PFNt).orcacosmo	neutral	AFDRCEOKCOUICI-UHFFFAOYSA-N	2,3-dihydropyran	RT	298.15	single_liquid_phase	True	100.0	A-12 batch p02
PFAS	NH4PFNt	Ammonium 4,8-dioxa-3H-perfluorononanoate	PFAS/4,8-Dioxa-3H-perfluorononanoic_acid_(NH4PFNt).orcacosmo	neutral	AFDRCEOKCOUICI-UHFFFAOYSA-N	2,3-dihydropyran	high	358.15	single_liquid_phase	True	100.0	A-12 batch p02
PFAS	NH4PFNt	Ammonium 4,8-dioxa-3H-perfluorononanoate	PFAS/4,8-Dioxa-3H-perfluorononanoic_acid_(NH4PFNt).orcacosmo	neutral	AFDRCEOKCOUICI-UHFFFAOYSA-N	2-butanone	RT	298.15	single_liquid_phase	True	100.0	A-12 batch p02
PFAS	NH4PFNt	Ammonium 4,8-dioxa-3H-perfluorononanoate	PFAS/4,8-Dioxa-3H-perfluorononanoic_acid_(NH4PFNt).orcacosmo	neutral	AFDRCEOKCOUICI-UHFFFAOYSA-N	2-butanone	high	351.65	single_liquid_phase	True	100.0	A-12 batch p02
PFAS	NH4PFNt	Ammonium 4,8-dioxa-3H-perfluorononanoate	PFAS/4,8-Dioxa-3H-perfluorononanoic_acid_(NH4PFNt).orcacosmo	neutral	AFDRCEOKCOUICI-UHFFFAOYSA-N	acetic acid	RT	298.15	single_liquid_phase	True	100.0	A-12 batch p02
PFAS	NH4PFNt	Ammonium 4,8-dioxa-3H-perfluorononanoate	PFAS/4,8-Dioxa-3H-perfluorononanoic_acid_(NH4PFNt).orcacosmo	neutral	AFDRCEOKCOUICI-UHFFFAOYSA-N	acetic acid	high	390.04999999999995	single_liquid_phase	True	100.0	A-12 batch p02
PFAS	NH4PFNt	Ammonium 4,8-dioxa-3H-perfluorononanoate	PFAS/4,8-Dioxa-3H-perfluorononanoic_acid_(NH4PFNt).orcacosmo	neutral	AFDRCEOKCOUICI-UHFFFAOYSA-N	acetone	RT	298.15	single_liquid_phase	True	100.0	A-12 batch p02
PFAS	NH4PFNt	Ammonium 4,8-dioxa-3H-perfluorononanoate	PFAS/4,8-Dioxa-3H-perfluorononanoic_acid_(NH4PFNt).orcacosmo	neutral	AFDRCEOKCOUICI-UHFFFAOYSA-N	acetone	high	328.15	single_liquid_phase	True	100.0	A-12 batch p02
PFAS	NH4PFNt	Ammonium 4,8-dioxa-3H-perfluorononanoate	PFAS/4,8-Dioxa-3H-perfluorononanoic_acid_(NH4PFNt).orcacosmo	neutral	AFDRCEOKCOUICI-UHFFFAOYSA-N	acetylacetone	RT	298.15	single_liquid_phase	True	100.0	A-12 batch p02
PFAS	NH4PFNt	Ammonium 4,8-dioxa-3H-perfluorononanoate	PFAS/4,8-Dioxa-3H-perfluorononanoic_acid_(NH4PFNt).orcacosmo	neutral	AFDRCEOKCOUICI-UHFFFAOYSA-N	acetylacetone	high	393.15	single_liquid_phase	True	100.0	A-12 batch p02
PFAS	NH4PFNt	Ammonium 4,8-dioxa-3H-perfluorononanoate	PFAS/4,8-Dioxa-3H-perfluorononanoic_acid_(NH4PFNt).orcacosmo	neutral	AFDRCEOKCOUICI-UHFFFAOYSA-N	benzene	RT	298.15	single_liquid_phase	True	100.0	A-12 batch p02
PFAS	NH4PFNt	Ammonium 4,8-dioxa-3H-perfluorononanoate	PFAS/4,8-Dioxa-3H-perfluorononanoic_acid_(NH4PFNt).orcacosmo	neutral	AFDRCEOKCOUICI-UHFFFAOYSA-N	benzene	high	352.15	single_liquid_phase	True	100.0	A-12 batch p02
PFAS	NH4PFNt	Ammonium 4,8-dioxa-3H-perfluorononanoate	PFAS/4,8-Dioxa-3H-perfluorononanoic_acid_(NH4PFNt).orcacosmo	neutral	AFDRCEOKCOUICI-UHFFFAOYSA-N	chloroform	RT	298.15	single_liquid_phase	True	100.0	A-12 batch p02
PFAS	NH4PFNt	Ammonium 4,8-dioxa-3H-perfluorononanoate	PFAS/4,8-Dioxa-3H-perfluorononanoic_acid_(NH4PFNt).orcacosmo	neutral	AFDRCEOKCOUICI-UHFFFAOYSA-N	chloroform	high	333.25	single_liquid_phase	True	100.0	A-12 batch p02
PFAS	NH4PFNt	Ammonium 4,8-dioxa-3H-perfluorononanoate	PFAS/4,8-Dioxa-3H-perfluorononanoic_acid_(NH4PFNt).orcacosmo	neutral	AFDRCEOKCOUICI-UHFFFAOYSA-N	cyclohexane	RT	298.15	single_liquid_phase	True	100.0	A-12 batch p02
PFAS	NH4PFNt	Ammonium 4,8-dioxa-3H-perfluorononanoate	PFAS/4,8-Dioxa-3H-perfluorononanoic_acid_(NH4PFNt).orcacosmo	neutral	AFDRCEOKCOUICI-UHFFFAOYSA-N	cyclohexane	high	352.84999999999997	single_liquid_phase	True	100.0	A-12 batch p02
PFAS	NH4PFNt	Ammonium 4,8-dioxa-3H-perfluorononanoate	PFAS/4,8-Dioxa-3H-perfluorononanoic_acid_(NH4PFNt).orcacosmo	neutral	AFDRCEOKCOUICI-UHFFFAOYSA-N	cyclohexanol	RT	298.15	single_liquid_phase	True	100.0	A-12 batch p02
PFAS	NH4PFNt	Ammonium 4,8-dioxa-3H-perfluorononanoate	PFAS/4,8-Dioxa-3H-perfluorononanoic_acid_(NH4PFNt).orcacosmo	neutral	AFDRCEOKCOUICI-UHFFFAOYSA-N	cyclohexanol	high	393.15	single_liquid_phase	True	100.0	A-12 batch p02
PFAS	NH4PFNt	Ammonium 4,8-dioxa-3H-perfluorononanoate	PFAS/4,8-Dioxa-3H-perfluorononanoic_acid_(NH4PFNt).orcacosmo	neutral	AFDRCEOKCOUICI-UHFFFAOYSA-N	dichloromethane	RT	298.15	single_liquid_phase	True	100.0	A-12 batch p02
PFAS	NH4PFNt	Ammonium 4,8-dioxa-3H-perfluorononanoate	PFAS/4,8-Dioxa-3H-perfluorononanoic_acid_(NH4PFNt).orcacosmo	neutral	AFDRCEOKCOUICI-UHFFFAOYSA-N	dichloromethane	high	312.15	single_liquid_phase	True	100.0	A-12 batch p02
PFAS	NH4PFNt	Ammonium 4,8-dioxa-3H-perfluorononanoate	PFAS/4,8-Dioxa-3H-perfluorononanoic_acid_(NH4PFNt).orcacosmo	neutral	AFDRCEOKCOUICI-UHFFFAOYSA-N	dimethyl sulfoxide	RT	298.15	single_liquid_phase	True	100.0	A-12 batch p02
PFAS	NH4PFNt	Ammonium 4,8-dioxa-3H-perfluorononanoate	PFAS/4,8-Dioxa-3H-perfluorononanoic_acid_(NH4PFNt).orcacosmo	neutral	AFDRCEOKCOUICI-UHFFFAOYSA-N	dimethyl sulfoxide	high	393.15	single_liquid_phase	True	100.0	A-12 batch p02
PFAS	NH4PFNt	Ammonium 4,8-dioxa-3H-perfluorononanoate	PFAS/4,8-Dioxa-3H-perfluorononanoic_acid_(NH4PFNt).orcacosmo	neutral	AFDRCEOKCOUICI-UHFFFAOYSA-N	diphenyl ether	RT	298.15	single_liquid_phase	True	100.0	A-12 batch p02
PFAS	NH4PFNt	Ammonium 4,8-dioxa-3H-perfluorononanoate	PFAS/4,8-Dioxa-3H-perfluorononanoic_acid_(NH4PFNt).orcacosmo	neutral	AFDRCEOKCOUICI-UHFFFAOYSA-N	diphenyl ether	high	393.15	single_liquid_phase	True	100.0	A-12 batch p02
PFAS	NH4PFNt	Ammonium 4,8-dioxa-3H-perfluorononanoate	PFAS/4,8-Dioxa-3H-perfluorononanoic_acid_(NH4PFNt).orcacosmo	neutral	AFDRCEOKCOUICI-UHFFFAOYSA-N	dodecane	RT	298.15	single_liquid_phase	True	100.0	A-12 batch p02
PFAS	NH4PFNt	Ammonium 4,8-dioxa-3H-perfluorononanoate	PFAS/4,8-Dioxa-3H-perfluorononanoic_acid_(NH4PFNt).orcacosmo	neutral	AFDRCEOKCOUICI-UHFFFAOYSA-N	dodecane	high	393.15	single_liquid_phase	True	100.0	A-12 batch p02
PFAS	NH4PFNt	Ammonium 4,8-dioxa-3H-perfluorononanoate	PFAS/4,8-Dioxa-3H-perfluorononanoic_acid_(NH4PFNt).orcacosmo	neutral	AFDRCEOKCOUICI-UHFFFAOYSA-N	ethanol	RT	298.15	single_liquid_phase	True	100.0	A-12 batch p02
PFAS	NH4PFNt	Ammonium 4,8-dioxa-3H-perfluorononanoate	PFAS/4,8-Dioxa-3H-perfluorononanoic_acid_(NH4PFNt).orcacosmo	neutral	AFDRCEOKCOUICI-UHFFFAOYSA-N	ethanol	high	350.34999999999997	single_liquid_phase	True	100.0	A-12 batch p02
PFAS	NH4PFNt	Ammonium 4,8-dioxa-3H-perfluorononanoate	PFAS/4,8-Dioxa-3H-perfluorononanoic_acid_(NH4PFNt).orcacosmo	neutral	AFDRCEOKCOUICI-UHFFFAOYSA-N	ethyl acetate	RT	298.15	single_liquid_phase	True	100.0	A-12 batch p02
PFAS	NH4PFNt	Ammonium 4,8-dioxa-3H-perfluorononanoate	PFAS/4,8-Dioxa-3H-perfluorononanoic_acid_(NH4PFNt).orcacosmo	neutral	AFDRCEOKCOUICI-UHFFFAOYSA-N	ethyl acetate	high	349.25	single_liquid_phase	True	100.0	A-12 batch p02
PFAS	NH4PFNt	Ammonium 4,8-dioxa-3H-perfluorononanoate	PFAS/4,8-Dioxa-3H-perfluorononanoic_acid_(NH4PFNt).orcacosmo	neutral	AFDRCEOKCOUICI-UHFFFAOYSA-N	ethylene glycol	RT	298.15	single_liquid_phase	True	100.0	A-12 batch p02
PFAS	NH4PFNt	Ammonium 4,8-dioxa-3H-perfluorononanoate	PFAS/4,8-Dioxa-3H-perfluorononanoic_acid_(NH4PFNt).orcacosmo	neutral	AFDRCEOKCOUICI-UHFFFAOYSA-N	ethylene glycol	high	393.15	single_liquid_phase	True	100.0	A-12 batch p02
PFAS	NH4PFNt	Ammonium 4,8-dioxa-3H-perfluorononanoate	PFAS/4,8-Dioxa-3H-perfluorononanoic_acid_(NH4PFNt).orcacosmo	neutral	AFDRCEOKCOUICI-UHFFFAOYSA-N	heptane	RT	298.15	single_liquid_phase	True	100.0	A-12 batch p02
PFAS	NH4PFNt	Ammonium 4,8-dioxa-3H-perfluorononanoate	PFAS/4,8-Dioxa-3H-perfluorononanoic_acid_(NH4PFNt).orcacosmo	neutral	AFDRCEOKCOUICI-UHFFFAOYSA-N	heptane	high	370.65	single_liquid_phase	True	100.0	A-12 batch p02
PFAS	NH4PFNt	Ammonium 4,8-dioxa-3H-perfluorononanoate	PFAS/4,8-Dioxa-3H-perfluorononanoic_acid_(NH4PFNt).orcacosmo	neutral	AFDRCEOKCOUICI-UHFFFAOYSA-N	hexane	RT	298.15	single_liquid_phase	True	100.0	A-12 batch p02
PFAS	NH4PFNt	Ammonium 4,8-dioxa-3H-perfluorononanoate	PFAS/4,8-Dioxa-3H-perfluorononanoic_acid_(NH4PFNt).orcacosmo	neutral	AFDRCEOKCOUICI-UHFFFAOYSA-N	hexane	high	340.84999999999997	single_liquid_phase	True	100.0	A-12 batch p02
PFAS	NH4PFNt	Ammonium 4,8-dioxa-3H-perfluorononanoate	PFAS/4,8-Dioxa-3H-perfluorononanoic_acid_(NH4PFNt).orcacosmo	neutral	AFDRCEOKCOUICI-UHFFFAOYSA-N	isopropanol	RT	298.15	single_liquid_phase	True	100.0	A-12 batch p02
PFAS	NH4PFNt	Ammonium 4,8-dioxa-3H-perfluorononanoate	PFAS/4,8-Dioxa-3H-perfluorononanoic_acid_(NH4PFNt).orcacosmo	neutral	AFDRCEOKCOUICI-UHFFFAOYSA-N	isopropanol	high	354.45	single_liquid_phase	True	100.0	A-12 batch p02
PFAS	NH4PFNt	Ammonium 4,8-dioxa-3H-perfluorononanoate	PFAS/4,8-Dioxa-3H-perfluorononanoic_acid_(NH4PFNt).orcacosmo	neutral	AFDRCEOKCOUICI-UHFFFAOYSA-N	isopropylamine	RT	298.15	single_liquid_phase	True	100.0	A-12 batch p02
PFAS	NH4PFNt	Ammonium 4,8-dioxa-3H-perfluorononanoate	PFAS/4,8-Dioxa-3H-perfluorononanoic_acid_(NH4PFNt).orcacosmo	neutral	AFDRCEOKCOUICI-UHFFFAOYSA-N	isopropylamine	high	303.84999999999997	single_liquid_phase	True	100.0	A-12 batch p02
PFAS	NH4PFNt	Ammonium 4,8-dioxa-3H-perfluorononanoate	PFAS/4,8-Dioxa-3H-perfluorononanoic_acid_(NH4PFNt).orcacosmo	neutral	AFDRCEOKCOUICI-UHFFFAOYSA-N	methanol	RT	298.15	single_liquid_phase	True	100.0	A-12 batch p02
PFAS	NH4PFNt	Ammonium 4,8-dioxa-3H-perfluorononanoate	PFAS/4,8-Dioxa-3H-perfluorononanoic_acid_(NH4PFNt).orcacosmo	neutral	AFDRCEOKCOUICI-UHFFFAOYSA-N	methanol	high	336.7499999999999	single_liquid_phase	True	100.0	A-12 batch p02
PFAS	NH4PFNt	Ammonium 4,8-dioxa-3H-perfluorononanoate	PFAS/4,8-Dioxa-3H-perfluorononanoic_acid_(NH4PFNt).orcacosmo	neutral	AFDRCEOKCOUICI-UHFFFAOYSA-N	methylacetate	RT	298.15	single_liquid_phase	True	100.0	A-12 batch p02
PFAS	NH4PFNt	Ammonium 4,8-dioxa-3H-perfluorononanoate	PFAS/4,8-Dioxa-3H-perfluorononanoic_acid_(NH4PFNt).orcacosmo	neutral	AFDRCEOKCOUICI-UHFFFAOYSA-N	methylacetate	high	328.95	single_liquid_phase	True	100.0	A-12 batch p02
PFAS	NH4PFNt	Ammonium 4,8-dioxa-3H-perfluorononanoate	PFAS/4,8-Dioxa-3H-perfluorononanoic_acid_(NH4PFNt).orcacosmo	neutral	AFDRCEOKCOUICI-UHFFFAOYSA-N	n,n-dimethylformamide	RT	298.15	single_liquid_phase	True	100.0	A-12 batch p02
PFAS	NH4PFNt	Ammonium 4,8-dioxa-3H-perfluorononanoate	PFAS/4,8-Dioxa-3H-perfluorononanoic_acid_(NH4PFNt).orcacosmo	neutral	AFDRCEOKCOUICI-UHFFFAOYSA-N	n,n-dimethylformamide	high	393.15	single_liquid_phase	True	100.0	A-12 batch p02
PFAS	NH4PFNt	Ammonium 4,8-dioxa-3H-perfluorononanoate	PFAS/4,8-Dioxa-3H-perfluorononanoic_acid_(NH4PFNt).orcacosmo	neutral	AFDRCEOKCOUICI-UHFFFAOYSA-N	o-xylene	RT	298.15	single_liquid_phase	True	100.0	A-12 batch p02
PFAS	NH4PFNt	Ammonium 4,8-dioxa-3H-perfluorononanoate	PFAS/4,8-Dioxa-3H-perfluorononanoic_acid_(NH4PFNt).orcacosmo	neutral	AFDRCEOKCOUICI-UHFFFAOYSA-N	o-xylene	high	393.15	single_liquid_phase	True	100.0	A-12 batch p02
PFAS	NH4PFNt	Ammonium 4,8-dioxa-3H-perfluorononanoate	PFAS/4,8-Dioxa-3H-perfluorononanoic_acid_(NH4PFNt).orcacosmo	neutral	AFDRCEOKCOUICI-UHFFFAOYSA-N	tert-butanol	RT	298.15	single_liquid_phase	True	100.0	A-12 batch p02
PFAS	NH4PFNt	Ammonium 4,8-dioxa-3H-perfluorononanoate	PFAS/4,8-Dioxa-3H-perfluorononanoic_acid_(NH4PFNt).orcacosmo	neutral	AFDRCEOKCOUICI-UHFFFAOYSA-N	tert-butanol	high	354.54999999999995	single_liquid_phase	True	100.0	A-12 batch p02
PFAS	NH4PFNt	Ammonium 4,8-dioxa-3H-perfluorononanoate	PFAS/4,8-Dioxa-3H-perfluorononanoic_acid_(NH4PFNt).orcacosmo	neutral	AFDRCEOKCOUICI-UHFFFAOYSA-N	tetrahydrofuran	RT	298.15	single_liquid_phase	True	100.0	A-12 batch p02
PFAS	NH4PFNt	Ammonium 4,8-dioxa-3H-perfluorononanoate	PFAS/4,8-Dioxa-3H-perfluorononanoic_acid_(NH4PFNt).orcacosmo	neutral	AFDRCEOKCOUICI-UHFFFAOYSA-N	tetrahydrofuran	high	337.15	single_liquid_phase	True	100.0	A-12 batch p02
PFAS	NH4PFNt	Ammonium 4,8-dioxa-3H-perfluorononanoate	PFAS/4,8-Dioxa-3H-perfluorononanoic_acid_(NH4PFNt).orcacosmo	neutral	AFDRCEOKCOUICI-UHFFFAOYSA-N	tetrahydropyran	RT	298.15	single_liquid_phase	True	100.0	A-12 batch p02
PFAS	NH4PFNt	Ammonium 4,8-dioxa-3H-perfluorononanoate	PFAS/4,8-Dioxa-3H-perfluorononanoic_acid_(NH4PFNt).orcacosmo	neutral	AFDRCEOKCOUICI-UHFFFAOYSA-N	tetrahydropyran	high	360.15	single_liquid_phase	True	100.0	A-12 batch p02
PFAS	NH4PFNt	Ammonium 4,8-dioxa-3H-perfluorononanoate	PFAS/4,8-Dioxa-3H-perfluorononanoic_acid_(NH4PFNt).orcacosmo	neutral	AFDRCEOKCOUICI-UHFFFAOYSA-N	toluene	RT	298.15	single_liquid_phase	True	100.0	A-12 batch p02
PFAS	NH4PFNt	Ammonium 4,8-dioxa-3H-perfluorononanoate	PFAS/4,8-Dioxa-3H-perfluorononanoic_acid_(NH4PFNt).orcacosmo	neutral	AFDRCEOKCOUICI-UHFFFAOYSA-N	toluene	high	382.75	single_liquid_phase	True	100.0	A-12 batch p02
PFAS	NH4PFNt	Ammonium 4,8-dioxa-3H-perfluorononanoate	PFAS/4,8-Dioxa-3H-perfluorononanoic_acid_(NH4PFNt).orcacosmo	neutral	AFDRCEOKCOUICI-UHFFFAOYSA-N	triethylamine	RT	298.15	single_liquid_phase	True	100.0	A-12 batch p02
PFAS	NH4PFNt	Ammonium 4,8-dioxa-3H-perfluorononanoate	PFAS/4,8-Dioxa-3H-perfluorononanoic_acid_(NH4PFNt).orcacosmo	neutral	AFDRCEOKCOUICI-UHFFFAOYSA-N	triethylamine	high	361.15	single_liquid_phase	True	100.0	A-12 batch p02
PFAS	NH4PFNt	Ammonium 4,8-dioxa-3H-perfluorononanoate	PFAS/4,8-Dioxa-3H-perfluorononanoic_acid_(NH4PFNt).orcacosmo	neutral	AFDRCEOKCOUICI-UHFFFAOYSA-N	water	RT	298.15	two_liquid_phases	False	0.00996513227101153	A-12 batch p02
PFAS	NH4PFNt	Ammonium 4,8-dioxa-3H-perfluorononanoate	PFAS/4,8-Dioxa-3H-perfluorononanoic_acid_(NH4PFNt).orcacosmo	neutral	AFDRCEOKCOUICI-UHFFFAOYSA-N	water	high	372.15	two_liquid_phases	False	0.030449775689218982	A-12 batch p02
BFR	Tri-PBDE	2,4,4'-Tribromodiphenyl ether (BDE-28)	BFR/2,4-Dibromo-1-(4-bromophenoxy)benzene.orcacosmo	neutral	UPNBETHEXPIWQX-UHFFFAOYSA-N	1,2-propanediol	RT	298.15	single_liquid_phase	True	100.0	release promotion-v2
BFR	Tri-PBDE	2,4,4'-Tribromodiphenyl ether (BDE-28)	BFR/2,4-Dibromo-1-(4-bromophenoxy)benzene.orcacosmo	neutral	UPNBETHEXPIWQX-UHFFFAOYSA-N	1,2-propanediol	high	393.15	single_liquid_phase	True	100.0	release promotion-v2
BFR	Tri-PBDE	2,4,4'-Tribromodiphenyl ether (BDE-28)	BFR/2,4-Dibromo-1-(4-bromophenoxy)benzene.orcacosmo	neutral	UPNBETHEXPIWQX-UHFFFAOYSA-N	1-propanol	RT	298.15	single_liquid_phase	True	100.0	release promotion-v2
BFR	Tri-PBDE	2,4,4'-Tribromodiphenyl ether (BDE-28)	BFR/2,4-Dibromo-1-(4-bromophenoxy)benzene.orcacosmo	neutral	UPNBETHEXPIWQX-UHFFFAOYSA-N	1-propanol	high	369.34999999999997	single_liquid_phase	True	100.0	release promotion-v2
BFR	Tri-PBDE	2,4,4'-Tribromodiphenyl ether (BDE-28)	BFR/2,4-Dibromo-1-(4-bromophenoxy)benzene.orcacosmo	neutral	UPNBETHEXPIWQX-UHFFFAOYSA-N	2,3-dihydropyran	RT	298.15	single_liquid_phase	True	100.0	release promotion-v2
BFR	Tri-PBDE	2,4,4'-Tribromodiphenyl ether (BDE-28)	BFR/2,4-Dibromo-1-(4-bromophenoxy)benzene.orcacosmo	neutral	UPNBETHEXPIWQX-UHFFFAOYSA-N	2,3-dihydropyran	high	358.15	single_liquid_phase	True	100.0	release promotion-v2
BFR	Tri-PBDE	2,4,4'-Tribromodiphenyl ether (BDE-28)	BFR/2,4-Dibromo-1-(4-bromophenoxy)benzene.orcacosmo	neutral	UPNBETHEXPIWQX-UHFFFAOYSA-N	2-butanone	RT	298.15	single_liquid_phase	True	100.0	release promotion-v2
BFR	Tri-PBDE	2,4,4'-Tribromodiphenyl ether (BDE-28)	BFR/2,4-Dibromo-1-(4-bromophenoxy)benzene.orcacosmo	neutral	UPNBETHEXPIWQX-UHFFFAOYSA-N	2-butanone	high	351.65	single_liquid_phase	True	100.0	release promotion-v2
BFR	Tri-PBDE	2,4,4'-Tribromodiphenyl ether (BDE-28)	BFR/2,4-Dibromo-1-(4-bromophenoxy)benzene.orcacosmo	neutral	UPNBETHEXPIWQX-UHFFFAOYSA-N	acetic acid	RT	298.15	two_liquid_phases	True	33.95584087291147	release promotion-v2
BFR	Tri-PBDE	2,4,4'-Tribromodiphenyl ether (BDE-28)	BFR/2,4-Dibromo-1-(4-bromophenoxy)benzene.orcacosmo	neutral	UPNBETHEXPIWQX-UHFFFAOYSA-N	acetic acid	high	390.04999999999995	single_liquid_phase	True	100.0	release promotion-v2
BFR	Tri-PBDE	2,4,4'-Tribromodiphenyl ether (BDE-28)	BFR/2,4-Dibromo-1-(4-bromophenoxy)benzene.orcacosmo	neutral	UPNBETHEXPIWQX-UHFFFAOYSA-N	acetone	RT	298.15	single_liquid_phase	True	100.0	release promotion-v2
BFR	Tri-PBDE	2,4,4'-Tribromodiphenyl ether (BDE-28)	BFR/2,4-Dibromo-1-(4-bromophenoxy)benzene.orcacosmo	neutral	UPNBETHEXPIWQX-UHFFFAOYSA-N	acetone	high	328.15	single_liquid_phase	True	100.0	release promotion-v2
BFR	Tri-PBDE	2,4,4'-Tribromodiphenyl ether (BDE-28)	BFR/2,4-Dibromo-1-(4-bromophenoxy)benzene.orcacosmo	neutral	UPNBETHEXPIWQX-UHFFFAOYSA-N	acetylacetone	RT	298.15	single_liquid_phase	True	100.0	release promotion-v2
BFR	Tri-PBDE	2,4,4'-Tribromodiphenyl ether (BDE-28)	BFR/2,4-Dibromo-1-(4-bromophenoxy)benzene.orcacosmo	neutral	UPNBETHEXPIWQX-UHFFFAOYSA-N	acetylacetone	high	393.15	single_liquid_phase	True	100.0	release promotion-v2
BFR	Tri-PBDE	2,4,4'-Tribromodiphenyl ether (BDE-28)	BFR/2,4-Dibromo-1-(4-bromophenoxy)benzene.orcacosmo	neutral	UPNBETHEXPIWQX-UHFFFAOYSA-N	benzene	RT	298.15	single_liquid_phase	True	100.0	release promotion-v2
BFR	Tri-PBDE	2,4,4'-Tribromodiphenyl ether (BDE-28)	BFR/2,4-Dibromo-1-(4-bromophenoxy)benzene.orcacosmo	neutral	UPNBETHEXPIWQX-UHFFFAOYSA-N	benzene	high	352.15	single_liquid_phase	True	100.0	release promotion-v2
BFR	Tri-PBDE	2,4,4'-Tribromodiphenyl ether (BDE-28)	BFR/2,4-Dibromo-1-(4-bromophenoxy)benzene.orcacosmo	neutral	UPNBETHEXPIWQX-UHFFFAOYSA-N	chloroform	RT	298.15	single_liquid_phase	True	100.0	release promotion-v2
BFR	Tri-PBDE	2,4,4'-Tribromodiphenyl ether (BDE-28)	BFR/2,4-Dibromo-1-(4-bromophenoxy)benzene.orcacosmo	neutral	UPNBETHEXPIWQX-UHFFFAOYSA-N	chloroform	high	333.25	single_liquid_phase	True	100.0	release promotion-v2
BFR	Tri-PBDE	2,4,4'-Tribromodiphenyl ether (BDE-28)	BFR/2,4-Dibromo-1-(4-bromophenoxy)benzene.orcacosmo	neutral	UPNBETHEXPIWQX-UHFFFAOYSA-N	cyclohexane	RT	298.15	single_liquid_phase	True	100.0	release promotion-v2
BFR	Tri-PBDE	2,4,4'-Tribromodiphenyl ether (BDE-28)	BFR/2,4-Dibromo-1-(4-bromophenoxy)benzene.orcacosmo	neutral	UPNBETHEXPIWQX-UHFFFAOYSA-N	cyclohexane	high	352.84999999999997	single_liquid_phase	True	100.0	release promotion-v2
BFR	Tri-PBDE	2,4,4'-Tribromodiphenyl ether (BDE-28)	BFR/2,4-Dibromo-1-(4-bromophenoxy)benzene.orcacosmo	neutral	UPNBETHEXPIWQX-UHFFFAOYSA-N	cyclohexanol	RT	298.15	single_liquid_phase	True	100.0	release promotion-v2
BFR	Tri-PBDE	2,4,4'-Tribromodiphenyl ether (BDE-28)	BFR/2,4-Dibromo-1-(4-bromophenoxy)benzene.orcacosmo	neutral	UPNBETHEXPIWQX-UHFFFAOYSA-N	cyclohexanol	high	393.15	single_liquid_phase	True	100.0	release promotion-v2
BFR	Tri-PBDE	2,4,4'-Tribromodiphenyl ether (BDE-28)	BFR/2,4-Dibromo-1-(4-bromophenoxy)benzene.orcacosmo	neutral	UPNBETHEXPIWQX-UHFFFAOYSA-N	dichloromethane	RT	298.15	single_liquid_phase	True	100.0	release promotion-v2
BFR	Tri-PBDE	2,4,4'-Tribromodiphenyl ether (BDE-28)	BFR/2,4-Dibromo-1-(4-bromophenoxy)benzene.orcacosmo	neutral	UPNBETHEXPIWQX-UHFFFAOYSA-N	dichloromethane	high	312.15	single_liquid_phase	True	100.0	release promotion-v2
BFR	Tri-PBDE	2,4,4'-Tribromodiphenyl ether (BDE-28)	BFR/2,4-Dibromo-1-(4-bromophenoxy)benzene.orcacosmo	neutral	UPNBETHEXPIWQX-UHFFFAOYSA-N	dimethyl sulfoxide	RT	298.15	single_liquid_phase	True	100.0	release promotion-v2
BFR	Tri-PBDE	2,4,4'-Tribromodiphenyl ether (BDE-28)	BFR/2,4-Dibromo-1-(4-bromophenoxy)benzene.orcacosmo	neutral	UPNBETHEXPIWQX-UHFFFAOYSA-N	dimethyl sulfoxide	high	393.15	single_liquid_phase	True	100.0	release promotion-v2
BFR	Tri-PBDE	2,4,4'-Tribromodiphenyl ether (BDE-28)	BFR/2,4-Dibromo-1-(4-bromophenoxy)benzene.orcacosmo	neutral	UPNBETHEXPIWQX-UHFFFAOYSA-N	diphenyl ether	RT	298.15	single_liquid_phase	True	100.0	release promotion-v2
BFR	Tri-PBDE	2,4,4'-Tribromodiphenyl ether (BDE-28)	BFR/2,4-Dibromo-1-(4-bromophenoxy)benzene.orcacosmo	neutral	UPNBETHEXPIWQX-UHFFFAOYSA-N	diphenyl ether	high	393.15	single_liquid_phase	True	100.0	release promotion-v2
BFR	Tri-PBDE	2,4,4'-Tribromodiphenyl ether (BDE-28)	BFR/2,4-Dibromo-1-(4-bromophenoxy)benzene.orcacosmo	neutral	UPNBETHEXPIWQX-UHFFFAOYSA-N	dodecane	RT	298.15	single_liquid_phase	True	100.0	release promotion-v2
BFR	Tri-PBDE	2,4,4'-Tribromodiphenyl ether (BDE-28)	BFR/2,4-Dibromo-1-(4-bromophenoxy)benzene.orcacosmo	neutral	UPNBETHEXPIWQX-UHFFFAOYSA-N	dodecane	high	393.15	single_liquid_phase	True	100.0	release promotion-v2
BFR	Tri-PBDE	2,4,4'-Tribromodiphenyl ether (BDE-28)	BFR/2,4-Dibromo-1-(4-bromophenoxy)benzene.orcacosmo	neutral	UPNBETHEXPIWQX-UHFFFAOYSA-N	ethanol	RT	298.15	single_liquid_phase	True	100.0	release promotion-v2
BFR	Tri-PBDE	2,4,4'-Tribromodiphenyl ether (BDE-28)	BFR/2,4-Dibromo-1-(4-bromophenoxy)benzene.orcacosmo	neutral	UPNBETHEXPIWQX-UHFFFAOYSA-N	ethanol	high	350.34999999999997	single_liquid_phase	True	100.0	release promotion-v2
BFR	Tri-PBDE	2,4,4'-Tribromodiphenyl ether (BDE-28)	BFR/2,4-Dibromo-1-(4-bromophenoxy)benzene.orcacosmo	neutral	UPNBETHEXPIWQX-UHFFFAOYSA-N	ethyl acetate	RT	298.15	single_liquid_phase	True	100.0	release promotion-v2
BFR	Tri-PBDE	2,4,4'-Tribromodiphenyl ether (BDE-28)	BFR/2,4-Dibromo-1-(4-bromophenoxy)benzene.orcacosmo	neutral	UPNBETHEXPIWQX-UHFFFAOYSA-N	ethyl acetate	high	349.25	single_liquid_phase	True	100.0	release promotion-v2
BFR	Tri-PBDE	2,4,4'-Tribromodiphenyl ether (BDE-28)	BFR/2,4-Dibromo-1-(4-bromophenoxy)benzene.orcacosmo	neutral	UPNBETHEXPIWQX-UHFFFAOYSA-N	ethylene glycol	RT	298.15	two_liquid_phases	True	15.616808597835362	release promotion-v2
BFR	Tri-PBDE	2,4,4'-Tribromodiphenyl ether (BDE-28)	BFR/2,4-Dibromo-1-(4-bromophenoxy)benzene.orcacosmo	neutral	UPNBETHEXPIWQX-UHFFFAOYSA-N	ethylene glycol	high	393.15	two_liquid_phases	True	39.800908892098725	release promotion-v2
BFR	Tri-PBDE	2,4,4'-Tribromodiphenyl ether (BDE-28)	BFR/2,4-Dibromo-1-(4-bromophenoxy)benzene.orcacosmo	neutral	UPNBETHEXPIWQX-UHFFFAOYSA-N	heptane	RT	298.15	single_liquid_phase	True	100.0	release promotion-v2
BFR	Tri-PBDE	2,4,4'-Tribromodiphenyl ether (BDE-28)	BFR/2,4-Dibromo-1-(4-bromophenoxy)benzene.orcacosmo	neutral	UPNBETHEXPIWQX-UHFFFAOYSA-N	heptane	high	370.65	single_liquid_phase	True	100.0	release promotion-v2
BFR	Tri-PBDE	2,4,4'-Tribromodiphenyl ether (BDE-28)	BFR/2,4-Dibromo-1-(4-bromophenoxy)benzene.orcacosmo	neutral	UPNBETHEXPIWQX-UHFFFAOYSA-N	hexane	RT	298.15	single_liquid_phase	True	100.0	release promotion-v2
BFR	Tri-PBDE	2,4,4'-Tribromodiphenyl ether (BDE-28)	BFR/2,4-Dibromo-1-(4-bromophenoxy)benzene.orcacosmo	neutral	UPNBETHEXPIWQX-UHFFFAOYSA-N	hexane	high	340.84999999999997	single_liquid_phase	True	100.0	release promotion-v2
BFR	Tri-PBDE	2,4,4'-Tribromodiphenyl ether (BDE-28)	BFR/2,4-Dibromo-1-(4-bromophenoxy)benzene.orcacosmo	neutral	UPNBETHEXPIWQX-UHFFFAOYSA-N	isopropanol	RT	298.15	single_liquid_phase	True	100.0	release promotion-v2
BFR	Tri-PBDE	2,4,4'-Tribromodiphenyl ether (BDE-28)	BFR/2,4-Dibromo-1-(4-bromophenoxy)benzene.orcacosmo	neutral	UPNBETHEXPIWQX-UHFFFAOYSA-N	isopropanol	high	354.45	single_liquid_phase	True	100.0	release promotion-v2
BFR	Tri-PBDE	2,4,4'-Tribromodiphenyl ether (BDE-28)	BFR/2,4-Dibromo-1-(4-bromophenoxy)benzene.orcacosmo	neutral	UPNBETHEXPIWQX-UHFFFAOYSA-N	isopropylamine	RT	298.15	single_liquid_phase	True	100.0	release promotion-v2
BFR	Tri-PBDE	2,4,4'-Tribromodiphenyl ether (BDE-28)	BFR/2,4-Dibromo-1-(4-bromophenoxy)benzene.orcacosmo	neutral	UPNBETHEXPIWQX-UHFFFAOYSA-N	isopropylamine	high	303.84999999999997	single_liquid_phase	True	100.0	release promotion-v2
BFR	Tri-PBDE	2,4,4'-Tribromodiphenyl ether (BDE-28)	BFR/2,4-Dibromo-1-(4-bromophenoxy)benzene.orcacosmo	neutral	UPNBETHEXPIWQX-UHFFFAOYSA-N	methanol	RT	298.15	single_liquid_phase	True	100.0	release promotion-v2
BFR	Tri-PBDE	2,4,4'-Tribromodiphenyl ether (BDE-28)	BFR/2,4-Dibromo-1-(4-bromophenoxy)benzene.orcacosmo	neutral	UPNBETHEXPIWQX-UHFFFAOYSA-N	methanol	high	336.7499999999999	single_liquid_phase	True	100.0	release promotion-v2
BFR	Tri-PBDE	2,4,4'-Tribromodiphenyl ether (BDE-28)	BFR/2,4-Dibromo-1-(4-bromophenoxy)benzene.orcacosmo	neutral	UPNBETHEXPIWQX-UHFFFAOYSA-N	methylacetate	RT	298.15	single_liquid_phase	True	100.0	release promotion-v2
BFR	Tri-PBDE	2,4,4'-Tribromodiphenyl ether (BDE-28)	BFR/2,4-Dibromo-1-(4-bromophenoxy)benzene.orcacosmo	neutral	UPNBETHEXPIWQX-UHFFFAOYSA-N	methylacetate	high	328.95	single_liquid_phase	True	100.0	release promotion-v2
BFR	Tri-PBDE	2,4,4'-Tribromodiphenyl ether (BDE-28)	BFR/2,4-Dibromo-1-(4-bromophenoxy)benzene.orcacosmo	neutral	UPNBETHEXPIWQX-UHFFFAOYSA-N	n,n-dimethylformamide	RT	298.15	single_liquid_phase	True	100.0	release promotion-v2
BFR	Tri-PBDE	2,4,4'-Tribromodiphenyl ether (BDE-28)	BFR/2,4-Dibromo-1-(4-bromophenoxy)benzene.orcacosmo	neutral	UPNBETHEXPIWQX-UHFFFAOYSA-N	n,n-dimethylformamide	high	393.15	single_liquid_phase	True	100.0	release promotion-v2
BFR	Tri-PBDE	2,4,4'-Tribromodiphenyl ether (BDE-28)	BFR/2,4-Dibromo-1-(4-bromophenoxy)benzene.orcacosmo	neutral	UPNBETHEXPIWQX-UHFFFAOYSA-N	o-xylene	RT	298.15	single_liquid_phase	True	100.0	release promotion-v2
BFR	Tri-PBDE	2,4,4'-Tribromodiphenyl ether (BDE-28)	BFR/2,4-Dibromo-1-(4-bromophenoxy)benzene.orcacosmo	neutral	UPNBETHEXPIWQX-UHFFFAOYSA-N	o-xylene	high	393.15	single_liquid_phase	True	100.0	release promotion-v2
BFR	Tri-PBDE	2,4,4'-Tribromodiphenyl ether (BDE-28)	BFR/2,4-Dibromo-1-(4-bromophenoxy)benzene.orcacosmo	neutral	UPNBETHEXPIWQX-UHFFFAOYSA-N	tert-butanol	RT	298.15	single_liquid_phase	True	100.0	release promotion-v2
BFR	Tri-PBDE	2,4,4'-Tribromodiphenyl ether (BDE-28)	BFR/2,4-Dibromo-1-(4-bromophenoxy)benzene.orcacosmo	neutral	UPNBETHEXPIWQX-UHFFFAOYSA-N	tert-butanol	high	354.54999999999995	single_liquid_phase	True	100.0	release promotion-v2
BFR	Tri-PBDE	2,4,4'-Tribromodiphenyl ether (BDE-28)	BFR/2,4-Dibromo-1-(4-bromophenoxy)benzene.orcacosmo	neutral	UPNBETHEXPIWQX-UHFFFAOYSA-N	tetrahydrofuran	RT	298.15	single_liquid_phase	True	100.0	release promotion-v2
BFR	Tri-PBDE	2,4,4'-Tribromodiphenyl ether (BDE-28)	BFR/2,4-Dibromo-1-(4-bromophenoxy)benzene.orcacosmo	neutral	UPNBETHEXPIWQX-UHFFFAOYSA-N	tetrahydrofuran	high	337.15	single_liquid_phase	True	100.0	release promotion-v2
BFR	Tri-PBDE	2,4,4'-Tribromodiphenyl ether (BDE-28)	BFR/2,4-Dibromo-1-(4-bromophenoxy)benzene.orcacosmo	neutral	UPNBETHEXPIWQX-UHFFFAOYSA-N	tetrahydropyran	RT	298.15	single_liquid_phase	True	100.0	release promotion-v2
BFR	Tri-PBDE	2,4,4'-Tribromodiphenyl ether (BDE-28)	BFR/2,4-Dibromo-1-(4-bromophenoxy)benzene.orcacosmo	neutral	UPNBETHEXPIWQX-UHFFFAOYSA-N	tetrahydropyran	high	360.15	single_liquid_phase	True	100.0	release promotion-v2
BFR	Tri-PBDE	2,4,4'-Tribromodiphenyl ether (BDE-28)	BFR/2,4-Dibromo-1-(4-bromophenoxy)benzene.orcacosmo	neutral	UPNBETHEXPIWQX-UHFFFAOYSA-N	toluene	RT	298.15	single_liquid_phase	True	100.0	release promotion-v2
BFR	Tri-PBDE	2,4,4'-Tribromodiphenyl ether (BDE-28)	BFR/2,4-Dibromo-1-(4-bromophenoxy)benzene.orcacosmo	neutral	UPNBETHEXPIWQX-UHFFFAOYSA-N	toluene	high	382.75	single_liquid_phase	True	100.0	release promotion-v2
BFR	Tri-PBDE	2,4,4'-Tribromodiphenyl ether (BDE-28)	BFR/2,4-Dibromo-1-(4-bromophenoxy)benzene.orcacosmo	neutral	UPNBETHEXPIWQX-UHFFFAOYSA-N	triethylamine	RT	298.15	single_liquid_phase	True	100.0	release promotion-v2
BFR	Tri-PBDE	2,4,4'-Tribromodiphenyl ether (BDE-28)	BFR/2,4-Dibromo-1-(4-bromophenoxy)benzene.orcacosmo	neutral	UPNBETHEXPIWQX-UHFFFAOYSA-N	triethylamine	high	361.15	single_liquid_phase	True	100.0	release promotion-v2
BFR	Tri-PBDE	2,4,4'-Tribromodiphenyl ether (BDE-28)	BFR/2,4-Dibromo-1-(4-bromophenoxy)benzene.orcacosmo	neutral	UPNBETHEXPIWQX-UHFFFAOYSA-N	water	RT	298.15	two_liquid_phases	False	6.75314146961499e-05	release promotion-v2
BFR	Tri-PBDE	2,4,4'-Tribromodiphenyl ether (BDE-28)	BFR/2,4-Dibromo-1-(4-bromophenoxy)benzene.orcacosmo	neutral	UPNBETHEXPIWQX-UHFFFAOYSA-N	water	high	372.15	two_liquid_phases	False	0.0009291600257869751	release promotion-v2
BFR	HBCD	Hexabromocyclododecane (gamma-HBCD; the paper does not name the stereoisomer)	BFR/gamma-Hexabromocyclododecane.orcacosmo	neutral	DEIGXXQKDWULML-MOCCIAMBSA-N	1,2-propanediol	RT	298.15	single_liquid_phase	True	100.0	release promotion-v2
BFR	HBCD	Hexabromocyclododecane (gamma-HBCD; the paper does not name the stereoisomer)	BFR/gamma-Hexabromocyclododecane.orcacosmo	neutral	DEIGXXQKDWULML-MOCCIAMBSA-N	1,2-propanediol	high	393.15	single_liquid_phase	True	100.0	release promotion-v2
BFR	HBCD	Hexabromocyclododecane (gamma-HBCD; the paper does not name the stereoisomer)	BFR/gamma-Hexabromocyclododecane.orcacosmo	neutral	DEIGXXQKDWULML-MOCCIAMBSA-N	1-propanol	RT	298.15	single_liquid_phase	True	100.0	release promotion-v2
BFR	HBCD	Hexabromocyclododecane (gamma-HBCD; the paper does not name the stereoisomer)	BFR/gamma-Hexabromocyclododecane.orcacosmo	neutral	DEIGXXQKDWULML-MOCCIAMBSA-N	1-propanol	high	369.34999999999997	single_liquid_phase	True	100.0	release promotion-v2
BFR	HBCD	Hexabromocyclododecane (gamma-HBCD; the paper does not name the stereoisomer)	BFR/gamma-Hexabromocyclododecane.orcacosmo	neutral	DEIGXXQKDWULML-MOCCIAMBSA-N	2,3-dihydropyran	RT	298.15	single_liquid_phase	True	100.0	release promotion-v2
BFR	HBCD	Hexabromocyclododecane (gamma-HBCD; the paper does not name the stereoisomer)	BFR/gamma-Hexabromocyclododecane.orcacosmo	neutral	DEIGXXQKDWULML-MOCCIAMBSA-N	2,3-dihydropyran	high	358.15	single_liquid_phase	True	100.0	release promotion-v2
BFR	HBCD	Hexabromocyclododecane (gamma-HBCD; the paper does not name the stereoisomer)	BFR/gamma-Hexabromocyclododecane.orcacosmo	neutral	DEIGXXQKDWULML-MOCCIAMBSA-N	2-butanone	RT	298.15	single_liquid_phase	True	100.0	release promotion-v2
BFR	HBCD	Hexabromocyclododecane (gamma-HBCD; the paper does not name the stereoisomer)	BFR/gamma-Hexabromocyclododecane.orcacosmo	neutral	DEIGXXQKDWULML-MOCCIAMBSA-N	2-butanone	high	351.65	single_liquid_phase	True	100.0	release promotion-v2
BFR	HBCD	Hexabromocyclododecane (gamma-HBCD; the paper does not name the stereoisomer)	BFR/gamma-Hexabromocyclododecane.orcacosmo	neutral	DEIGXXQKDWULML-MOCCIAMBSA-N	acetic acid	RT	298.15	single_liquid_phase	True	100.0	release promotion-v2
BFR	HBCD	Hexabromocyclododecane (gamma-HBCD; the paper does not name the stereoisomer)	BFR/gamma-Hexabromocyclododecane.orcacosmo	neutral	DEIGXXQKDWULML-MOCCIAMBSA-N	acetic acid	high	390.04999999999995	single_liquid_phase	True	100.0	release promotion-v2
BFR	HBCD	Hexabromocyclododecane (gamma-HBCD; the paper does not name the stereoisomer)	BFR/gamma-Hexabromocyclododecane.orcacosmo	neutral	DEIGXXQKDWULML-MOCCIAMBSA-N	acetone	RT	298.15	single_liquid_phase	True	100.0	release promotion-v2
BFR	HBCD	Hexabromocyclododecane (gamma-HBCD; the paper does not name the stereoisomer)	BFR/gamma-Hexabromocyclododecane.orcacosmo	neutral	DEIGXXQKDWULML-MOCCIAMBSA-N	acetone	high	328.15	single_liquid_phase	True	100.0	release promotion-v2
BFR	HBCD	Hexabromocyclododecane (gamma-HBCD; the paper does not name the stereoisomer)	BFR/gamma-Hexabromocyclododecane.orcacosmo	neutral	DEIGXXQKDWULML-MOCCIAMBSA-N	acetylacetone	RT	298.15	single_liquid_phase	True	100.0	release promotion-v2
BFR	HBCD	Hexabromocyclododecane (gamma-HBCD; the paper does not name the stereoisomer)	BFR/gamma-Hexabromocyclododecane.orcacosmo	neutral	DEIGXXQKDWULML-MOCCIAMBSA-N	acetylacetone	high	393.15	single_liquid_phase	True	100.0	release promotion-v2
BFR	HBCD	Hexabromocyclododecane (gamma-HBCD; the paper does not name the stereoisomer)	BFR/gamma-Hexabromocyclododecane.orcacosmo	neutral	DEIGXXQKDWULML-MOCCIAMBSA-N	benzene	RT	298.15	single_liquid_phase	True	100.0	release promotion-v2
BFR	HBCD	Hexabromocyclododecane (gamma-HBCD; the paper does not name the stereoisomer)	BFR/gamma-Hexabromocyclododecane.orcacosmo	neutral	DEIGXXQKDWULML-MOCCIAMBSA-N	benzene	high	352.15	single_liquid_phase	True	100.0	release promotion-v2
BFR	HBCD	Hexabromocyclododecane (gamma-HBCD; the paper does not name the stereoisomer)	BFR/gamma-Hexabromocyclododecane.orcacosmo	neutral	DEIGXXQKDWULML-MOCCIAMBSA-N	chloroform	RT	298.15	single_liquid_phase	True	100.0	release promotion-v2
BFR	HBCD	Hexabromocyclododecane (gamma-HBCD; the paper does not name the stereoisomer)	BFR/gamma-Hexabromocyclododecane.orcacosmo	neutral	DEIGXXQKDWULML-MOCCIAMBSA-N	chloroform	high	333.25	single_liquid_phase	True	100.0	release promotion-v2
BFR	HBCD	Hexabromocyclododecane (gamma-HBCD; the paper does not name the stereoisomer)	BFR/gamma-Hexabromocyclododecane.orcacosmo	neutral	DEIGXXQKDWULML-MOCCIAMBSA-N	cyclohexane	RT	298.15	single_liquid_phase	True	100.0	release promotion-v2
BFR	HBCD	Hexabromocyclododecane (gamma-HBCD; the paper does not name the stereoisomer)	BFR/gamma-Hexabromocyclododecane.orcacosmo	neutral	DEIGXXQKDWULML-MOCCIAMBSA-N	cyclohexane	high	352.84999999999997	single_liquid_phase	True	100.0	release promotion-v2
BFR	HBCD	Hexabromocyclododecane (gamma-HBCD; the paper does not name the stereoisomer)	BFR/gamma-Hexabromocyclododecane.orcacosmo	neutral	DEIGXXQKDWULML-MOCCIAMBSA-N	cyclohexanol	RT	298.15	single_liquid_phase	True	100.0	release promotion-v2
BFR	HBCD	Hexabromocyclododecane (gamma-HBCD; the paper does not name the stereoisomer)	BFR/gamma-Hexabromocyclododecane.orcacosmo	neutral	DEIGXXQKDWULML-MOCCIAMBSA-N	cyclohexanol	high	393.15	single_liquid_phase	True	100.0	release promotion-v2
BFR	HBCD	Hexabromocyclododecane (gamma-HBCD; the paper does not name the stereoisomer)	BFR/gamma-Hexabromocyclododecane.orcacosmo	neutral	DEIGXXQKDWULML-MOCCIAMBSA-N	dichloromethane	RT	298.15	single_liquid_phase	True	100.0	release promotion-v2
BFR	HBCD	Hexabromocyclododecane (gamma-HBCD; the paper does not name the stereoisomer)	BFR/gamma-Hexabromocyclododecane.orcacosmo	neutral	DEIGXXQKDWULML-MOCCIAMBSA-N	dichloromethane	high	312.15	single_liquid_phase	True	100.0	release promotion-v2
BFR	HBCD	Hexabromocyclododecane (gamma-HBCD; the paper does not name the stereoisomer)	BFR/gamma-Hexabromocyclododecane.orcacosmo	neutral	DEIGXXQKDWULML-MOCCIAMBSA-N	dimethyl sulfoxide	RT	298.15	single_liquid_phase	True	100.0	release promotion-v2
BFR	HBCD	Hexabromocyclododecane (gamma-HBCD; the paper does not name the stereoisomer)	BFR/gamma-Hexabromocyclododecane.orcacosmo	neutral	DEIGXXQKDWULML-MOCCIAMBSA-N	dimethyl sulfoxide	high	393.15	single_liquid_phase	True	100.0	release promotion-v2
BFR	HBCD	Hexabromocyclododecane (gamma-HBCD; the paper does not name the stereoisomer)	BFR/gamma-Hexabromocyclododecane.orcacosmo	neutral	DEIGXXQKDWULML-MOCCIAMBSA-N	diphenyl ether	RT	298.15	single_liquid_phase	True	100.0	release promotion-v2
BFR	HBCD	Hexabromocyclododecane (gamma-HBCD; the paper does not name the stereoisomer)	BFR/gamma-Hexabromocyclododecane.orcacosmo	neutral	DEIGXXQKDWULML-MOCCIAMBSA-N	diphenyl ether	high	393.15	single_liquid_phase	True	100.0	release promotion-v2
BFR	HBCD	Hexabromocyclododecane (gamma-HBCD; the paper does not name the stereoisomer)	BFR/gamma-Hexabromocyclododecane.orcacosmo	neutral	DEIGXXQKDWULML-MOCCIAMBSA-N	dodecane	RT	298.15	two_liquid_phases	False	13.151785464759715	release promotion-v2
BFR	HBCD	Hexabromocyclododecane (gamma-HBCD; the paper does not name the stereoisomer)	BFR/gamma-Hexabromocyclododecane.orcacosmo	neutral	DEIGXXQKDWULML-MOCCIAMBSA-N	dodecane	high	393.15	two_liquid_phases	True	55.83938541603782	release promotion-v2
BFR	HBCD	Hexabromocyclododecane (gamma-HBCD; the paper does not name the stereoisomer)	BFR/gamma-Hexabromocyclododecane.orcacosmo	neutral	DEIGXXQKDWULML-MOCCIAMBSA-N	ethanol	RT	298.15	single_liquid_phase	True	100.0	release promotion-v2
BFR	HBCD	Hexabromocyclododecane (gamma-HBCD; the paper does not name the stereoisomer)	BFR/gamma-Hexabromocyclododecane.orcacosmo	neutral	DEIGXXQKDWULML-MOCCIAMBSA-N	ethanol	high	350.34999999999997	single_liquid_phase	True	100.0	release promotion-v2
BFR	HBCD	Hexabromocyclododecane (gamma-HBCD; the paper does not name the stereoisomer)	BFR/gamma-Hexabromocyclododecane.orcacosmo	neutral	DEIGXXQKDWULML-MOCCIAMBSA-N	ethyl acetate	RT	298.15	single_liquid_phase	True	100.0	release promotion-v2
BFR	HBCD	Hexabromocyclododecane (gamma-HBCD; the paper does not name the stereoisomer)	BFR/gamma-Hexabromocyclododecane.orcacosmo	neutral	DEIGXXQKDWULML-MOCCIAMBSA-N	ethyl acetate	high	349.25	single_liquid_phase	True	100.0	release promotion-v2
BFR	HBCD	Hexabromocyclododecane (gamma-HBCD; the paper does not name the stereoisomer)	BFR/gamma-Hexabromocyclododecane.orcacosmo	neutral	DEIGXXQKDWULML-MOCCIAMBSA-N	ethylene glycol	RT	298.15	single_liquid_phase	True	100.0	release promotion-v2
BFR	HBCD	Hexabromocyclododecane (gamma-HBCD; the paper does not name the stereoisomer)	BFR/gamma-Hexabromocyclododecane.orcacosmo	neutral	DEIGXXQKDWULML-MOCCIAMBSA-N	ethylene glycol	high	393.15	single_liquid_phase	True	100.0	release promotion-v2
BFR	HBCD	Hexabromocyclododecane (gamma-HBCD; the paper does not name the stereoisomer)	BFR/gamma-Hexabromocyclododecane.orcacosmo	neutral	DEIGXXQKDWULML-MOCCIAMBSA-N	heptane	RT	298.15	two_liquid_phases	True	20.820172894917146	release promotion-v2
BFR	HBCD	Hexabromocyclododecane (gamma-HBCD; the paper does not name the stereoisomer)	BFR/gamma-Hexabromocyclododecane.orcacosmo	neutral	DEIGXXQKDWULML-MOCCIAMBSA-N	heptane	high	370.65	single_liquid_phase	True	100.0	release promotion-v2
BFR	HBCD	Hexabromocyclododecane (gamma-HBCD; the paper does not name the stereoisomer)	BFR/gamma-Hexabromocyclododecane.orcacosmo	neutral	DEIGXXQKDWULML-MOCCIAMBSA-N	hexane	RT	298.15	two_liquid_phases	True	24.95748347750408	release promotion-v2
BFR	HBCD	Hexabromocyclododecane (gamma-HBCD; the paper does not name the stereoisomer)	BFR/gamma-Hexabromocyclododecane.orcacosmo	neutral	DEIGXXQKDWULML-MOCCIAMBSA-N	hexane	high	340.84999999999997	two_liquid_phases	True	57.64783717767028	release promotion-v2
BFR	HBCD	Hexabromocyclododecane (gamma-HBCD; the paper does not name the stereoisomer)	BFR/gamma-Hexabromocyclododecane.orcacosmo	neutral	DEIGXXQKDWULML-MOCCIAMBSA-N	isopropanol	RT	298.15	single_liquid_phase	True	100.0	release promotion-v2
BFR	HBCD	Hexabromocyclododecane (gamma-HBCD; the paper does not name the stereoisomer)	BFR/gamma-Hexabromocyclododecane.orcacosmo	neutral	DEIGXXQKDWULML-MOCCIAMBSA-N	isopropanol	high	354.45	single_liquid_phase	True	100.0	release promotion-v2
BFR	HBCD	Hexabromocyclododecane (gamma-HBCD; the paper does not name the stereoisomer)	BFR/gamma-Hexabromocyclododecane.orcacosmo	neutral	DEIGXXQKDWULML-MOCCIAMBSA-N	isopropylamine	RT	298.15	single_liquid_phase	True	100.0	release promotion-v2
BFR	HBCD	Hexabromocyclododecane (gamma-HBCD; the paper does not name the stereoisomer)	BFR/gamma-Hexabromocyclododecane.orcacosmo	neutral	DEIGXXQKDWULML-MOCCIAMBSA-N	isopropylamine	high	303.84999999999997	single_liquid_phase	True	100.0	release promotion-v2
BFR	HBCD	Hexabromocyclododecane (gamma-HBCD; the paper does not name the stereoisomer)	BFR/gamma-Hexabromocyclododecane.orcacosmo	neutral	DEIGXXQKDWULML-MOCCIAMBSA-N	methanol	RT	298.15	single_liquid_phase	True	100.0	release promotion-v2
BFR	HBCD	Hexabromocyclododecane (gamma-HBCD; the paper does not name the stereoisomer)	BFR/gamma-Hexabromocyclododecane.orcacosmo	neutral	DEIGXXQKDWULML-MOCCIAMBSA-N	methanol	high	336.7499999999999	single_liquid_phase	True	100.0	release promotion-v2
BFR	HBCD	Hexabromocyclododecane (gamma-HBCD; the paper does not name the stereoisomer)	BFR/gamma-Hexabromocyclododecane.orcacosmo	neutral	DEIGXXQKDWULML-MOCCIAMBSA-N	methylacetate	RT	298.15	single_liquid_phase	True	100.0	release promotion-v2
BFR	HBCD	Hexabromocyclododecane (gamma-HBCD; the paper does not name the stereoisomer)	BFR/gamma-Hexabromocyclododecane.orcacosmo	neutral	DEIGXXQKDWULML-MOCCIAMBSA-N	methylacetate	high	328.95	single_liquid_phase	True	100.0	release promotion-v2
BFR	HBCD	Hexabromocyclododecane (gamma-HBCD; the paper does not name the stereoisomer)	BFR/gamma-Hexabromocyclododecane.orcacosmo	neutral	DEIGXXQKDWULML-MOCCIAMBSA-N	n,n-dimethylformamide	RT	298.15	single_liquid_phase	True	100.0	release promotion-v2
BFR	HBCD	Hexabromocyclododecane (gamma-HBCD; the paper does not name the stereoisomer)	BFR/gamma-Hexabromocyclododecane.orcacosmo	neutral	DEIGXXQKDWULML-MOCCIAMBSA-N	n,n-dimethylformamide	high	393.15	single_liquid_phase	True	100.0	release promotion-v2
BFR	HBCD	Hexabromocyclododecane (gamma-HBCD; the paper does not name the stereoisomer)	BFR/gamma-Hexabromocyclododecane.orcacosmo	neutral	DEIGXXQKDWULML-MOCCIAMBSA-N	o-xylene	RT	298.15	single_liquid_phase	True	100.0	release promotion-v2
BFR	HBCD	Hexabromocyclododecane (gamma-HBCD; the paper does not name the stereoisomer)	BFR/gamma-Hexabromocyclododecane.orcacosmo	neutral	DEIGXXQKDWULML-MOCCIAMBSA-N	o-xylene	high	393.15	single_liquid_phase	True	100.0	release promotion-v2
BFR	HBCD	Hexabromocyclododecane (gamma-HBCD; the paper does not name the stereoisomer)	BFR/gamma-Hexabromocyclododecane.orcacosmo	neutral	DEIGXXQKDWULML-MOCCIAMBSA-N	tert-butanol	RT	298.15	single_liquid_phase	True	100.0	release promotion-v2
BFR	HBCD	Hexabromocyclododecane (gamma-HBCD; the paper does not name the stereoisomer)	BFR/gamma-Hexabromocyclododecane.orcacosmo	neutral	DEIGXXQKDWULML-MOCCIAMBSA-N	tert-butanol	high	354.54999999999995	single_liquid_phase	True	100.0	release promotion-v2
BFR	HBCD	Hexabromocyclododecane (gamma-HBCD; the paper does not name the stereoisomer)	BFR/gamma-Hexabromocyclododecane.orcacosmo	neutral	DEIGXXQKDWULML-MOCCIAMBSA-N	tetrahydrofuran	RT	298.15	single_liquid_phase	True	100.0	release promotion-v2
BFR	HBCD	Hexabromocyclododecane (gamma-HBCD; the paper does not name the stereoisomer)	BFR/gamma-Hexabromocyclododecane.orcacosmo	neutral	DEIGXXQKDWULML-MOCCIAMBSA-N	tetrahydrofuran	high	337.15	single_liquid_phase	True	100.0	release promotion-v2
BFR	HBCD	Hexabromocyclododecane (gamma-HBCD; the paper does not name the stereoisomer)	BFR/gamma-Hexabromocyclododecane.orcacosmo	neutral	DEIGXXQKDWULML-MOCCIAMBSA-N	tetrahydropyran	RT	298.15	single_liquid_phase	True	100.0	release promotion-v2
BFR	HBCD	Hexabromocyclododecane (gamma-HBCD; the paper does not name the stereoisomer)	BFR/gamma-Hexabromocyclododecane.orcacosmo	neutral	DEIGXXQKDWULML-MOCCIAMBSA-N	tetrahydropyran	high	360.15	single_liquid_phase	True	100.0	release promotion-v2
BFR	HBCD	Hexabromocyclododecane (gamma-HBCD; the paper does not name the stereoisomer)	BFR/gamma-Hexabromocyclododecane.orcacosmo	neutral	DEIGXXQKDWULML-MOCCIAMBSA-N	toluene	RT	298.15	single_liquid_phase	True	100.0	release promotion-v2
BFR	HBCD	Hexabromocyclododecane (gamma-HBCD; the paper does not name the stereoisomer)	BFR/gamma-Hexabromocyclododecane.orcacosmo	neutral	DEIGXXQKDWULML-MOCCIAMBSA-N	toluene	high	382.75	single_liquid_phase	True	100.0	release promotion-v2
BFR	HBCD	Hexabromocyclododecane (gamma-HBCD; the paper does not name the stereoisomer)	BFR/gamma-Hexabromocyclododecane.orcacosmo	neutral	DEIGXXQKDWULML-MOCCIAMBSA-N	triethylamine	RT	298.15	single_liquid_phase	True	100.0	release promotion-v2
BFR	HBCD	Hexabromocyclododecane (gamma-HBCD; the paper does not name the stereoisomer)	BFR/gamma-Hexabromocyclododecane.orcacosmo	neutral	DEIGXXQKDWULML-MOCCIAMBSA-N	triethylamine	high	361.15	single_liquid_phase	True	100.0	release promotion-v2
BFR	HBCD	Hexabromocyclododecane (gamma-HBCD; the paper does not name the stereoisomer)	BFR/gamma-Hexabromocyclododecane.orcacosmo	neutral	DEIGXXQKDWULML-MOCCIAMBSA-N	water	RT	298.15	two_liquid_phases	False	5.315247095978167e-05	release promotion-v2
BFR	HBCD	Hexabromocyclododecane (gamma-HBCD; the paper does not name the stereoisomer)	BFR/gamma-Hexabromocyclododecane.orcacosmo	neutral	DEIGXXQKDWULML-MOCCIAMBSA-N	water	high	372.15	two_liquid_phases	False	0.0006466187609787317	release promotion-v2
BFR	DECA	Decabromodiphenyl ether (BDE-209)	BFR/Decabromodiphenyl_ether_(BDE-209).orcacosmo	neutral	WHHGLZMJPXIBIX-UHFFFAOYSA-N	1,2-propanediol	RT	298.15	two_liquid_phases	False	5.081185992606035	A-12 batch p00
BFR	DECA	Decabromodiphenyl ether (BDE-209)	BFR/Decabromodiphenyl_ether_(BDE-209).orcacosmo	neutral	WHHGLZMJPXIBIX-UHFFFAOYSA-N	1,2-propanediol	high	393.15	two_liquid_phases	True	16.219823979239035	A-12 batch p00
BFR	DECA	Decabromodiphenyl ether (BDE-209)	BFR/Decabromodiphenyl_ether_(BDE-209).orcacosmo	neutral	WHHGLZMJPXIBIX-UHFFFAOYSA-N	1-propanol	RT	298.15	two_liquid_phases	True	49.49539949811753	A-12 batch p00
BFR	DECA	Decabromodiphenyl ether (BDE-209)	BFR/Decabromodiphenyl_ether_(BDE-209).orcacosmo	neutral	WHHGLZMJPXIBIX-UHFFFAOYSA-N	1-propanol	high	369.34999999999997	single_liquid_phase	True	100.0	A-12 batch p00
BFR	DECA	Decabromodiphenyl ether (BDE-209)	BFR/Decabromodiphenyl_ether_(BDE-209).orcacosmo	neutral	WHHGLZMJPXIBIX-UHFFFAOYSA-N	2,3-dihydropyran	RT	298.15	single_liquid_phase	True	100.0	A-12 batch p00
BFR	DECA	Decabromodiphenyl ether (BDE-209)	BFR/Decabromodiphenyl_ether_(BDE-209).orcacosmo	neutral	WHHGLZMJPXIBIX-UHFFFAOYSA-N	2,3-dihydropyran	high	358.15	single_liquid_phase	True	100.0	A-12 batch p00
BFR	DECA	Decabromodiphenyl ether (BDE-209)	BFR/Decabromodiphenyl_ether_(BDE-209).orcacosmo	neutral	WHHGLZMJPXIBIX-UHFFFAOYSA-N	2-butanone	RT	298.15	single_liquid_phase	True	100.0	A-12 batch p00
BFR	DECA	Decabromodiphenyl ether (BDE-209)	BFR/Decabromodiphenyl_ether_(BDE-209).orcacosmo	neutral	WHHGLZMJPXIBIX-UHFFFAOYSA-N	2-butanone	high	351.65	single_liquid_phase	True	100.0	A-12 batch p00
BFR	DECA	Decabromodiphenyl ether (BDE-209)	BFR/Decabromodiphenyl_ether_(BDE-209).orcacosmo	neutral	WHHGLZMJPXIBIX-UHFFFAOYSA-N	acetic acid	RT	298.15	two_liquid_phases	False	0.8071069491142367	A-12 batch p00
BFR	DECA	Decabromodiphenyl ether (BDE-209)	BFR/Decabromodiphenyl_ether_(BDE-209).orcacosmo	neutral	WHHGLZMJPXIBIX-UHFFFAOYSA-N	acetic acid	high	390.04999999999995	two_liquid_phases	False	3.639144318282709	A-12 batch p00
BFR	DECA	Decabromodiphenyl ether (BDE-209)	BFR/Decabromodiphenyl_ether_(BDE-209).orcacosmo	neutral	WHHGLZMJPXIBIX-UHFFFAOYSA-N	acetone	RT	298.15	single_liquid_phase	True	100.0	A-12 batch p00
BFR	DECA	Decabromodiphenyl ether (BDE-209)	BFR/Decabromodiphenyl_ether_(BDE-209).orcacosmo	neutral	WHHGLZMJPXIBIX-UHFFFAOYSA-N	acetone	high	328.15	single_liquid_phase	True	100.0	A-12 batch p00
BFR	DECA	Decabromodiphenyl ether (BDE-209)	BFR/Decabromodiphenyl_ether_(BDE-209).orcacosmo	neutral	WHHGLZMJPXIBIX-UHFFFAOYSA-N	acetylacetone	RT	298.15	two_liquid_phases	True	28.723800437985325	A-12 batch p00
BFR	DECA	Decabromodiphenyl ether (BDE-209)	BFR/Decabromodiphenyl_ether_(BDE-209).orcacosmo	neutral	WHHGLZMJPXIBIX-UHFFFAOYSA-N	acetylacetone	high	393.15	two_liquid_phases	True	59.41280169483553	A-12 batch p00
BFR	DECA	Decabromodiphenyl ether (BDE-209)	BFR/Decabromodiphenyl_ether_(BDE-209).orcacosmo	neutral	WHHGLZMJPXIBIX-UHFFFAOYSA-N	benzene	RT	298.15	single_liquid_phase	True	100.0	A-12 batch p00
BFR	DECA	Decabromodiphenyl ether (BDE-209)	BFR/Decabromodiphenyl_ether_(BDE-209).orcacosmo	neutral	WHHGLZMJPXIBIX-UHFFFAOYSA-N	benzene	high	352.15	single_liquid_phase	True	100.0	A-12 batch p00
BFR	DECA	Decabromodiphenyl ether (BDE-209)	BFR/Decabromodiphenyl_ether_(BDE-209).orcacosmo	neutral	WHHGLZMJPXIBIX-UHFFFAOYSA-N	chloroform	RT	298.15	single_liquid_phase	True	100.0	A-12 batch p00
BFR	DECA	Decabromodiphenyl ether (BDE-209)	BFR/Decabromodiphenyl_ether_(BDE-209).orcacosmo	neutral	WHHGLZMJPXIBIX-UHFFFAOYSA-N	chloroform	high	333.25	single_liquid_phase	True	100.0	A-12 batch p00
BFR	DECA	Decabromodiphenyl ether (BDE-209)	BFR/Decabromodiphenyl_ether_(BDE-209).orcacosmo	neutral	WHHGLZMJPXIBIX-UHFFFAOYSA-N	cyclohexane	RT	298.15	single_liquid_phase	True	100.0	A-12 batch p00
BFR	DECA	Decabromodiphenyl ether (BDE-209)	BFR/Decabromodiphenyl_ether_(BDE-209).orcacosmo	neutral	WHHGLZMJPXIBIX-UHFFFAOYSA-N	cyclohexane	high	352.84999999999997	single_liquid_phase	True	100.0	A-12 batch p00
BFR	DECA	Decabromodiphenyl ether (BDE-209)	BFR/Decabromodiphenyl_ether_(BDE-209).orcacosmo	neutral	WHHGLZMJPXIBIX-UHFFFAOYSA-N	cyclohexanol	RT	298.15	single_liquid_phase	True	100.0	A-12 batch p00
BFR	DECA	Decabromodiphenyl ether (BDE-209)	BFR/Decabromodiphenyl_ether_(BDE-209).orcacosmo	neutral	WHHGLZMJPXIBIX-UHFFFAOYSA-N	cyclohexanol	high	393.15	single_liquid_phase	True	100.0	A-12 batch p00
BFR	DECA	Decabromodiphenyl ether (BDE-209)	BFR/Decabromodiphenyl_ether_(BDE-209).orcacosmo	neutral	WHHGLZMJPXIBIX-UHFFFAOYSA-N	dichloromethane	RT	298.15	single_liquid_phase	True	100.0	A-12 batch p00
BFR	DECA	Decabromodiphenyl ether (BDE-209)	BFR/Decabromodiphenyl_ether_(BDE-209).orcacosmo	neutral	WHHGLZMJPXIBIX-UHFFFAOYSA-N	dichloromethane	high	312.15	single_liquid_phase	True	100.0	A-12 batch p00
BFR	DECA	Decabromodiphenyl ether (BDE-209)	BFR/Decabromodiphenyl_ether_(BDE-209).orcacosmo	neutral	WHHGLZMJPXIBIX-UHFFFAOYSA-N	dimethyl sulfoxide	RT	298.15	two_liquid_phases	True	28.9567240950222	A-12 batch p00
BFR	DECA	Decabromodiphenyl ether (BDE-209)	BFR/Decabromodiphenyl_ether_(BDE-209).orcacosmo	neutral	WHHGLZMJPXIBIX-UHFFFAOYSA-N	dimethyl sulfoxide	high	393.15	two_liquid_phases	True	39.99394395821783	A-12 batch p00
BFR	DECA	Decabromodiphenyl ether (BDE-209)	BFR/Decabromodiphenyl_ether_(BDE-209).orcacosmo	neutral	WHHGLZMJPXIBIX-UHFFFAOYSA-N	diphenyl ether	RT	298.15	single_liquid_phase	True	100.0	A-12 batch p00
BFR	DECA	Decabromodiphenyl ether (BDE-209)	BFR/Decabromodiphenyl_ether_(BDE-209).orcacosmo	neutral	WHHGLZMJPXIBIX-UHFFFAOYSA-N	diphenyl ether	high	393.15	single_liquid_phase	True	100.0	A-12 batch p00
BFR	DECA	Decabromodiphenyl ether (BDE-209)	BFR/Decabromodiphenyl_ether_(BDE-209).orcacosmo	neutral	WHHGLZMJPXIBIX-UHFFFAOYSA-N	dodecane	RT	298.15	single_liquid_phase	True	100.0	A-12 batch p00
BFR	DECA	Decabromodiphenyl ether (BDE-209)	BFR/Decabromodiphenyl_ether_(BDE-209).orcacosmo	neutral	WHHGLZMJPXIBIX-UHFFFAOYSA-N	dodecane	high	393.15	single_liquid_phase	True	100.0	A-12 batch p00
BFR	DECA	Decabromodiphenyl ether (BDE-209)	BFR/Decabromodiphenyl_ether_(BDE-209).orcacosmo	neutral	WHHGLZMJPXIBIX-UHFFFAOYSA-N	ethanol	RT	298.15	two_liquid_phases	True	21.18118066552076	A-12 batch p00
BFR	DECA	Decabromodiphenyl ether (BDE-209)	BFR/Decabromodiphenyl_ether_(BDE-209).orcacosmo	neutral	WHHGLZMJPXIBIX-UHFFFAOYSA-N	ethanol	high	350.34999999999997	two_liquid_phases	True	32.116363414844756	A-12 batch p00
BFR	DECA	Decabromodiphenyl ether (BDE-209)	BFR/Decabromodiphenyl_ether_(BDE-209).orcacosmo	neutral	WHHGLZMJPXIBIX-UHFFFAOYSA-N	ethyl acetate	RT	298.15	single_liquid_phase	True	100.0	A-12 batch p00
BFR	DECA	Decabromodiphenyl ether (BDE-209)	BFR/Decabromodiphenyl_ether_(BDE-209).orcacosmo	neutral	WHHGLZMJPXIBIX-UHFFFAOYSA-N	ethyl acetate	high	349.25	single_liquid_phase	True	100.0	A-12 batch p00
BFR	DECA	Decabromodiphenyl ether (BDE-209)	BFR/Decabromodiphenyl_ether_(BDE-209).orcacosmo	neutral	WHHGLZMJPXIBIX-UHFFFAOYSA-N	ethylene glycol	RT	298.15	two_liquid_phases	False	0.37441394196344413	A-12 batch p00
BFR	DECA	Decabromodiphenyl ether (BDE-209)	BFR/Decabromodiphenyl_ether_(BDE-209).orcacosmo	neutral	WHHGLZMJPXIBIX-UHFFFAOYSA-N	ethylene glycol	high	393.15	two_liquid_phases	False	1.9019316110568907	A-12 batch p00
BFR	DECA	Decabromodiphenyl ether (BDE-209)	BFR/Decabromodiphenyl_ether_(BDE-209).orcacosmo	neutral	WHHGLZMJPXIBIX-UHFFFAOYSA-N	heptane	RT	298.15	single_liquid_phase	True	100.0	A-12 batch p00
BFR	DECA	Decabromodiphenyl ether (BDE-209)	BFR/Decabromodiphenyl_ether_(BDE-209).orcacosmo	neutral	WHHGLZMJPXIBIX-UHFFFAOYSA-N	heptane	high	370.65	single_liquid_phase	True	100.0	A-12 batch p00
BFR	DECA	Decabromodiphenyl ether (BDE-209)	BFR/Decabromodiphenyl_ether_(BDE-209).orcacosmo	neutral	WHHGLZMJPXIBIX-UHFFFAOYSA-N	hexane	RT	298.15	single_liquid_phase	True	100.0	A-12 batch p00
BFR	DECA	Decabromodiphenyl ether (BDE-209)	BFR/Decabromodiphenyl_ether_(BDE-209).orcacosmo	neutral	WHHGLZMJPXIBIX-UHFFFAOYSA-N	hexane	high	340.84999999999997	single_liquid_phase	True	100.0	A-12 batch p00
BFR	DECA	Decabromodiphenyl ether (BDE-209)	BFR/Decabromodiphenyl_ether_(BDE-209).orcacosmo	neutral	WHHGLZMJPXIBIX-UHFFFAOYSA-N	isopropanol	RT	298.15	two_liquid_phases	True	60.015429927604636	A-12 batch p00
BFR	DECA	Decabromodiphenyl ether (BDE-209)	BFR/Decabromodiphenyl_ether_(BDE-209).orcacosmo	neutral	WHHGLZMJPXIBIX-UHFFFAOYSA-N	isopropanol	high	354.45	single_liquid_phase	True	100.0	A-12 batch p00
BFR	DECA	Decabromodiphenyl ether (BDE-209)	BFR/Decabromodiphenyl_ether_(BDE-209).orcacosmo	neutral	WHHGLZMJPXIBIX-UHFFFAOYSA-N	isopropylamine	RT	298.15	single_liquid_phase	True	100.0	A-12 batch p00
BFR	DECA	Decabromodiphenyl ether (BDE-209)	BFR/Decabromodiphenyl_ether_(BDE-209).orcacosmo	neutral	WHHGLZMJPXIBIX-UHFFFAOYSA-N	isopropylamine	high	303.84999999999997	single_liquid_phase	True	100.0	A-12 batch p00
BFR	DECA	Decabromodiphenyl ether (BDE-209)	BFR/Decabromodiphenyl_ether_(BDE-209).orcacosmo	neutral	WHHGLZMJPXIBIX-UHFFFAOYSA-N	methanol	RT	298.15	two_liquid_phases	False	3.851544737318937	A-12 batch p00
BFR	DECA	Decabromodiphenyl ether (BDE-209)	BFR/Decabromodiphenyl_ether_(BDE-209).orcacosmo	neutral	WHHGLZMJPXIBIX-UHFFFAOYSA-N	methanol	high	336.7499999999999	two_liquid_phases	False	5.853992569384791	A-12 batch p00
BFR	DECA	Decabromodiphenyl ether (BDE-209)	BFR/Decabromodiphenyl_ether_(BDE-209).orcacosmo	neutral	WHHGLZMJPXIBIX-UHFFFAOYSA-N	methylacetate	RT	298.15	single_liquid_phase	True	100.0	A-12 batch p00
BFR	DECA	Decabromodiphenyl ether (BDE-209)	BFR/Decabromodiphenyl_ether_(BDE-209).orcacosmo	neutral	WHHGLZMJPXIBIX-UHFFFAOYSA-N	methylacetate	high	328.95	single_liquid_phase	True	100.0	A-12 batch p00
BFR	DECA	Decabromodiphenyl ether (BDE-209)	BFR/Decabromodiphenyl_ether_(BDE-209).orcacosmo	neutral	WHHGLZMJPXIBIX-UHFFFAOYSA-N	n,n-dimethylformamide	RT	298.15	single_liquid_phase	True	100.0	A-12 batch p00
BFR	DECA	Decabromodiphenyl ether (BDE-209)	BFR/Decabromodiphenyl_ether_(BDE-209).orcacosmo	neutral	WHHGLZMJPXIBIX-UHFFFAOYSA-N	n,n-dimethylformamide	high	393.15	single_liquid_phase	True	100.0	A-12 batch p00
BFR	DECA	Decabromodiphenyl ether (BDE-209)	BFR/Decabromodiphenyl_ether_(BDE-209).orcacosmo	neutral	WHHGLZMJPXIBIX-UHFFFAOYSA-N	o-xylene	RT	298.15	single_liquid_phase	True	100.0	A-12 batch p00
BFR	DECA	Decabromodiphenyl ether (BDE-209)	BFR/Decabromodiphenyl_ether_(BDE-209).orcacosmo	neutral	WHHGLZMJPXIBIX-UHFFFAOYSA-N	o-xylene	high	393.15	single_liquid_phase	True	100.0	A-12 batch p00
BFR	DECA	Decabromodiphenyl ether (BDE-209)	BFR/Decabromodiphenyl_ether_(BDE-209).orcacosmo	neutral	WHHGLZMJPXIBIX-UHFFFAOYSA-N	tert-butanol	RT	298.15	single_liquid_phase	True	100.0	A-12 batch p00
BFR	DECA	Decabromodiphenyl ether (BDE-209)	BFR/Decabromodiphenyl_ether_(BDE-209).orcacosmo	neutral	WHHGLZMJPXIBIX-UHFFFAOYSA-N	tert-butanol	high	354.54999999999995	single_liquid_phase	True	100.0	A-12 batch p00
BFR	DECA	Decabromodiphenyl ether (BDE-209)	BFR/Decabromodiphenyl_ether_(BDE-209).orcacosmo	neutral	WHHGLZMJPXIBIX-UHFFFAOYSA-N	tetrahydrofuran	RT	298.15	single_liquid_phase	True	100.0	A-12 batch p00
BFR	DECA	Decabromodiphenyl ether (BDE-209)	BFR/Decabromodiphenyl_ether_(BDE-209).orcacosmo	neutral	WHHGLZMJPXIBIX-UHFFFAOYSA-N	tetrahydrofuran	high	337.15	single_liquid_phase	True	100.0	A-12 batch p00
BFR	DECA	Decabromodiphenyl ether (BDE-209)	BFR/Decabromodiphenyl_ether_(BDE-209).orcacosmo	neutral	WHHGLZMJPXIBIX-UHFFFAOYSA-N	tetrahydropyran	RT	298.15	single_liquid_phase	True	100.0	A-12 batch p00
BFR	DECA	Decabromodiphenyl ether (BDE-209)	BFR/Decabromodiphenyl_ether_(BDE-209).orcacosmo	neutral	WHHGLZMJPXIBIX-UHFFFAOYSA-N	tetrahydropyran	high	360.15	single_liquid_phase	True	100.0	A-12 batch p00
BFR	DECA	Decabromodiphenyl ether (BDE-209)	BFR/Decabromodiphenyl_ether_(BDE-209).orcacosmo	neutral	WHHGLZMJPXIBIX-UHFFFAOYSA-N	toluene	RT	298.15	single_liquid_phase	True	100.0	A-12 batch p00
BFR	DECA	Decabromodiphenyl ether (BDE-209)	BFR/Decabromodiphenyl_ether_(BDE-209).orcacosmo	neutral	WHHGLZMJPXIBIX-UHFFFAOYSA-N	toluene	high	382.75	single_liquid_phase	True	100.0	A-12 batch p00
BFR	DECA	Decabromodiphenyl ether (BDE-209)	BFR/Decabromodiphenyl_ether_(BDE-209).orcacosmo	neutral	WHHGLZMJPXIBIX-UHFFFAOYSA-N	triethylamine	RT	298.15	single_liquid_phase	True	100.0	A-12 batch p00
BFR	DECA	Decabromodiphenyl ether (BDE-209)	BFR/Decabromodiphenyl_ether_(BDE-209).orcacosmo	neutral	WHHGLZMJPXIBIX-UHFFFAOYSA-N	triethylamine	high	361.15	single_liquid_phase	True	100.0	A-12 batch p00
BFR	DECA	Decabromodiphenyl ether (BDE-209)	BFR/Decabromodiphenyl_ether_(BDE-209).orcacosmo	neutral	WHHGLZMJPXIBIX-UHFFFAOYSA-N	water	RT	298.15	two_liquid_phases	False	7.138219773938868e-10	A-12 batch p00
BFR	DECA	Decabromodiphenyl ether (BDE-209)	BFR/Decabromodiphenyl_ether_(BDE-209).orcacosmo	neutral	WHHGLZMJPXIBIX-UHFFFAOYSA-N	water	high	372.15	two_liquid_phases	False	5.07404482885452e-08	A-12 batch p00
BFR	TBBPA-dbp	Tetrabromobisphenol A bis(2,3-dibromopropyl ether)	BFR/Tetrabromobisphenol_A_bis(2,3-dibromopropyl_ether).orcacosmo	neutral	LXIZRZRTWSDLKK-UHFFFAOYSA-N	1,2-propanediol	RT	298.15	two_liquid_phases	True	23.65232022102641	A-12 batch p01
BFR	TBBPA-dbp	Tetrabromobisphenol A bis(2,3-dibromopropyl ether)	BFR/Tetrabromobisphenol_A_bis(2,3-dibromopropyl_ether).orcacosmo	neutral	LXIZRZRTWSDLKK-UHFFFAOYSA-N	1,2-propanediol	high	393.15	single_liquid_phase	True	100.0	A-12 batch p01
BFR	TBBPA-dbp	Tetrabromobisphenol A bis(2,3-dibromopropyl ether)	BFR/Tetrabromobisphenol_A_bis(2,3-dibromopropyl_ether).orcacosmo	neutral	LXIZRZRTWSDLKK-UHFFFAOYSA-N	1-propanol	RT	298.15	single_liquid_phase	True	100.0	A-12 batch p01
BFR	TBBPA-dbp	Tetrabromobisphenol A bis(2,3-dibromopropyl ether)	BFR/Tetrabromobisphenol_A_bis(2,3-dibromopropyl_ether).orcacosmo	neutral	LXIZRZRTWSDLKK-UHFFFAOYSA-N	1-propanol	high	369.34999999999997	single_liquid_phase	True	100.0	A-12 batch p01
BFR	TBBPA-dbp	Tetrabromobisphenol A bis(2,3-dibromopropyl ether)	BFR/Tetrabromobisphenol_A_bis(2,3-dibromopropyl_ether).orcacosmo	neutral	LXIZRZRTWSDLKK-UHFFFAOYSA-N	2,3-dihydropyran	RT	298.15	single_liquid_phase	True	100.0	A-12 batch p01
BFR	TBBPA-dbp	Tetrabromobisphenol A bis(2,3-dibromopropyl ether)	BFR/Tetrabromobisphenol_A_bis(2,3-dibromopropyl_ether).orcacosmo	neutral	LXIZRZRTWSDLKK-UHFFFAOYSA-N	2,3-dihydropyran	high	358.15	single_liquid_phase	True	100.0	A-12 batch p01
BFR	TBBPA-dbp	Tetrabromobisphenol A bis(2,3-dibromopropyl ether)	BFR/Tetrabromobisphenol_A_bis(2,3-dibromopropyl_ether).orcacosmo	neutral	LXIZRZRTWSDLKK-UHFFFAOYSA-N	2-butanone	RT	298.15	single_liquid_phase	True	100.0	A-12 batch p01
BFR	TBBPA-dbp	Tetrabromobisphenol A bis(2,3-dibromopropyl ether)	BFR/Tetrabromobisphenol_A_bis(2,3-dibromopropyl_ether).orcacosmo	neutral	LXIZRZRTWSDLKK-UHFFFAOYSA-N	2-butanone	high	351.65	single_liquid_phase	True	100.0	A-12 batch p01
BFR	TBBPA-dbp	Tetrabromobisphenol A bis(2,3-dibromopropyl ether)	BFR/Tetrabromobisphenol_A_bis(2,3-dibromopropyl_ether).orcacosmo	neutral	LXIZRZRTWSDLKK-UHFFFAOYSA-N	acetic acid	RT	298.15	two_liquid_phases	False	5.648645637657649	A-12 batch p01
BFR	TBBPA-dbp	Tetrabromobisphenol A bis(2,3-dibromopropyl ether)	BFR/Tetrabromobisphenol_A_bis(2,3-dibromopropyl_ether).orcacosmo	neutral	LXIZRZRTWSDLKK-UHFFFAOYSA-N	acetic acid	high	390.04999999999995	two_liquid_phases	True	17.519118037333474	A-12 batch p01
BFR	TBBPA-dbp	Tetrabromobisphenol A bis(2,3-dibromopropyl ether)	BFR/Tetrabromobisphenol_A_bis(2,3-dibromopropyl_ether).orcacosmo	neutral	LXIZRZRTWSDLKK-UHFFFAOYSA-N	acetone	RT	298.15	single_liquid_phase	True	100.0	A-12 batch p01
BFR	TBBPA-dbp	Tetrabromobisphenol A bis(2,3-dibromopropyl ether)	BFR/Tetrabromobisphenol_A_bis(2,3-dibromopropyl_ether).orcacosmo	neutral	LXIZRZRTWSDLKK-UHFFFAOYSA-N	acetone	high	328.15	single_liquid_phase	True	100.0	A-12 batch p01
BFR	TBBPA-dbp	Tetrabromobisphenol A bis(2,3-dibromopropyl ether)	BFR/Tetrabromobisphenol_A_bis(2,3-dibromopropyl_ether).orcacosmo	neutral	LXIZRZRTWSDLKK-UHFFFAOYSA-N	acetylacetone	RT	298.15	single_liquid_phase	True	100.0	A-12 batch p01
BFR	TBBPA-dbp	Tetrabromobisphenol A bis(2,3-dibromopropyl ether)	BFR/Tetrabromobisphenol_A_bis(2,3-dibromopropyl_ether).orcacosmo	neutral	LXIZRZRTWSDLKK-UHFFFAOYSA-N	acetylacetone	high	393.15	single_liquid_phase	True	100.0	A-12 batch p01
BFR	TBBPA-dbp	Tetrabromobisphenol A bis(2,3-dibromopropyl ether)	BFR/Tetrabromobisphenol_A_bis(2,3-dibromopropyl_ether).orcacosmo	neutral	LXIZRZRTWSDLKK-UHFFFAOYSA-N	benzene	RT	298.15	single_liquid_phase	True	100.0	A-12 batch p01
BFR	TBBPA-dbp	Tetrabromobisphenol A bis(2,3-dibromopropyl ether)	BFR/Tetrabromobisphenol_A_bis(2,3-dibromopropyl_ether).orcacosmo	neutral	LXIZRZRTWSDLKK-UHFFFAOYSA-N	benzene	high	352.15	single_liquid_phase	True	100.0	A-12 batch p01
BFR	TBBPA-dbp	Tetrabromobisphenol A bis(2,3-dibromopropyl ether)	BFR/Tetrabromobisphenol_A_bis(2,3-dibromopropyl_ether).orcacosmo	neutral	LXIZRZRTWSDLKK-UHFFFAOYSA-N	chloroform	RT	298.15	single_liquid_phase	True	100.0	A-12 batch p01
BFR	TBBPA-dbp	Tetrabromobisphenol A bis(2,3-dibromopropyl ether)	BFR/Tetrabromobisphenol_A_bis(2,3-dibromopropyl_ether).orcacosmo	neutral	LXIZRZRTWSDLKK-UHFFFAOYSA-N	chloroform	high	333.25	single_liquid_phase	True	100.0	A-12 batch p01
BFR	TBBPA-dbp	Tetrabromobisphenol A bis(2,3-dibromopropyl ether)	BFR/Tetrabromobisphenol_A_bis(2,3-dibromopropyl_ether).orcacosmo	neutral	LXIZRZRTWSDLKK-UHFFFAOYSA-N	cyclohexane	RT	298.15	single_liquid_phase	True	100.0	A-12 batch p01
BFR	TBBPA-dbp	Tetrabromobisphenol A bis(2,3-dibromopropyl ether)	BFR/Tetrabromobisphenol_A_bis(2,3-dibromopropyl_ether).orcacosmo	neutral	LXIZRZRTWSDLKK-UHFFFAOYSA-N	cyclohexane	high	352.84999999999997	single_liquid_phase	True	100.0	A-12 batch p01
BFR	TBBPA-dbp	Tetrabromobisphenol A bis(2,3-dibromopropyl ether)	BFR/Tetrabromobisphenol_A_bis(2,3-dibromopropyl_ether).orcacosmo	neutral	LXIZRZRTWSDLKK-UHFFFAOYSA-N	cyclohexanol	RT	298.15	single_liquid_phase	True	100.0	A-12 batch p01
BFR	TBBPA-dbp	Tetrabromobisphenol A bis(2,3-dibromopropyl ether)	BFR/Tetrabromobisphenol_A_bis(2,3-dibromopropyl_ether).orcacosmo	neutral	LXIZRZRTWSDLKK-UHFFFAOYSA-N	cyclohexanol	high	393.15	single_liquid_phase	True	100.0	A-12 batch p01
BFR	TBBPA-dbp	Tetrabromobisphenol A bis(2,3-dibromopropyl ether)	BFR/Tetrabromobisphenol_A_bis(2,3-dibromopropyl_ether).orcacosmo	neutral	LXIZRZRTWSDLKK-UHFFFAOYSA-N	dichloromethane	RT	298.15	single_liquid_phase	True	100.0	A-12 batch p01
BFR	TBBPA-dbp	Tetrabromobisphenol A bis(2,3-dibromopropyl ether)	BFR/Tetrabromobisphenol_A_bis(2,3-dibromopropyl_ether).orcacosmo	neutral	LXIZRZRTWSDLKK-UHFFFAOYSA-N	dichloromethane	high	312.15	single_liquid_phase	True	100.0	A-12 batch p01
BFR	TBBPA-dbp	Tetrabromobisphenol A bis(2,3-dibromopropyl ether)	BFR/Tetrabromobisphenol_A_bis(2,3-dibromopropyl_ether).orcacosmo	neutral	LXIZRZRTWSDLKK-UHFFFAOYSA-N	dimethyl sulfoxide	RT	298.15	single_liquid_phase	True	100.0	A-12 batch p01
BFR	TBBPA-dbp	Tetrabromobisphenol A bis(2,3-dibromopropyl ether)	BFR/Tetrabromobisphenol_A_bis(2,3-dibromopropyl_ether).orcacosmo	neutral	LXIZRZRTWSDLKK-UHFFFAOYSA-N	dimethyl sulfoxide	high	393.15	single_liquid_phase	True	100.0	A-12 batch p01
BFR	TBBPA-dbp	Tetrabromobisphenol A bis(2,3-dibromopropyl ether)	BFR/Tetrabromobisphenol_A_bis(2,3-dibromopropyl_ether).orcacosmo	neutral	LXIZRZRTWSDLKK-UHFFFAOYSA-N	diphenyl ether	RT	298.15	single_liquid_phase	True	100.0	A-12 batch p01
BFR	TBBPA-dbp	Tetrabromobisphenol A bis(2,3-dibromopropyl ether)	BFR/Tetrabromobisphenol_A_bis(2,3-dibromopropyl_ether).orcacosmo	neutral	LXIZRZRTWSDLKK-UHFFFAOYSA-N	diphenyl ether	high	393.15	single_liquid_phase	True	100.0	A-12 batch p01
BFR	TBBPA-dbp	Tetrabromobisphenol A bis(2,3-dibromopropyl ether)	BFR/Tetrabromobisphenol_A_bis(2,3-dibromopropyl_ether).orcacosmo	neutral	LXIZRZRTWSDLKK-UHFFFAOYSA-N	dodecane	RT	298.15	single_liquid_phase	True	100.0	A-12 batch p01
BFR	TBBPA-dbp	Tetrabromobisphenol A bis(2,3-dibromopropyl ether)	BFR/Tetrabromobisphenol_A_bis(2,3-dibromopropyl_ether).orcacosmo	neutral	LXIZRZRTWSDLKK-UHFFFAOYSA-N	dodecane	high	393.15	single_liquid_phase	True	100.0	A-12 batch p01
BFR	TBBPA-dbp	Tetrabromobisphenol A bis(2,3-dibromopropyl ether)	BFR/Tetrabromobisphenol_A_bis(2,3-dibromopropyl_ether).orcacosmo	neutral	LXIZRZRTWSDLKK-UHFFFAOYSA-N	ethanol	RT	298.15	single_liquid_phase	True	100.0	A-12 batch p01
BFR	TBBPA-dbp	Tetrabromobisphenol A bis(2,3-dibromopropyl ether)	BFR/Tetrabromobisphenol_A_bis(2,3-dibromopropyl_ether).orcacosmo	neutral	LXIZRZRTWSDLKK-UHFFFAOYSA-N	ethanol	high	350.34999999999997	single_liquid_phase	True	100.0	A-12 batch p01
BFR	TBBPA-dbp	Tetrabromobisphenol A bis(2,3-dibromopropyl ether)	BFR/Tetrabromobisphenol_A_bis(2,3-dibromopropyl_ether).orcacosmo	neutral	LXIZRZRTWSDLKK-UHFFFAOYSA-N	ethyl acetate	RT	298.15	single_liquid_phase	True	100.0	A-12 batch p01
BFR	TBBPA-dbp	Tetrabromobisphenol A bis(2,3-dibromopropyl ether)	BFR/Tetrabromobisphenol_A_bis(2,3-dibromopropyl_ether).orcacosmo	neutral	LXIZRZRTWSDLKK-UHFFFAOYSA-N	ethyl acetate	high	349.25	single_liquid_phase	True	100.0	A-12 batch p01
BFR	TBBPA-dbp	Tetrabromobisphenol A bis(2,3-dibromopropyl ether)	BFR/Tetrabromobisphenol_A_bis(2,3-dibromopropyl_ether).orcacosmo	neutral	LXIZRZRTWSDLKK-UHFFFAOYSA-N	ethylene glycol	RT	298.15	two_liquid_phases	False	1.8653677966950555	A-12 batch p01
BFR	TBBPA-dbp	Tetrabromobisphenol A bis(2,3-dibromopropyl ether)	BFR/Tetrabromobisphenol_A_bis(2,3-dibromopropyl_ether).orcacosmo	neutral	LXIZRZRTWSDLKK-UHFFFAOYSA-N	ethylene glycol	high	393.15	two_liquid_phases	False	7.587176849226345	A-12 batch p01
BFR	TBBPA-dbp	Tetrabromobisphenol A bis(2,3-dibromopropyl ether)	BFR/Tetrabromobisphenol_A_bis(2,3-dibromopropyl_ether).orcacosmo	neutral	LXIZRZRTWSDLKK-UHFFFAOYSA-N	heptane	RT	298.15	single_liquid_phase	True	100.0	A-12 batch p01
BFR	TBBPA-dbp	Tetrabromobisphenol A bis(2,3-dibromopropyl ether)	BFR/Tetrabromobisphenol_A_bis(2,3-dibromopropyl_ether).orcacosmo	neutral	LXIZRZRTWSDLKK-UHFFFAOYSA-N	heptane	high	370.65	single_liquid_phase	True	100.0	A-12 batch p01
BFR	TBBPA-dbp	Tetrabromobisphenol A bis(2,3-dibromopropyl ether)	BFR/Tetrabromobisphenol_A_bis(2,3-dibromopropyl_ether).orcacosmo	neutral	LXIZRZRTWSDLKK-UHFFFAOYSA-N	hexane	RT	298.15	single_liquid_phase	True	100.0	A-12 batch p01
BFR	TBBPA-dbp	Tetrabromobisphenol A bis(2,3-dibromopropyl ether)	BFR/Tetrabromobisphenol_A_bis(2,3-dibromopropyl_ether).orcacosmo	neutral	LXIZRZRTWSDLKK-UHFFFAOYSA-N	hexane	high	340.84999999999997	single_liquid_phase	True	100.0	A-12 batch p01
BFR	TBBPA-dbp	Tetrabromobisphenol A bis(2,3-dibromopropyl ether)	BFR/Tetrabromobisphenol_A_bis(2,3-dibromopropyl_ether).orcacosmo	neutral	LXIZRZRTWSDLKK-UHFFFAOYSA-N	isopropanol	RT	298.15	single_liquid_phase	True	100.0	A-12 batch p01
BFR	TBBPA-dbp	Tetrabromobisphenol A bis(2,3-dibromopropyl ether)	BFR/Tetrabromobisphenol_A_bis(2,3-dibromopropyl_ether).orcacosmo	neutral	LXIZRZRTWSDLKK-UHFFFAOYSA-N	isopropanol	high	354.45	single_liquid_phase	True	100.0	A-12 batch p01
BFR	TBBPA-dbp	Tetrabromobisphenol A bis(2,3-dibromopropyl ether)	BFR/Tetrabromobisphenol_A_bis(2,3-dibromopropyl_ether).orcacosmo	neutral	LXIZRZRTWSDLKK-UHFFFAOYSA-N	isopropylamine	RT	298.15	single_liquid_phase	True	100.0	A-12 batch p01
BFR	TBBPA-dbp	Tetrabromobisphenol A bis(2,3-dibromopropyl ether)	BFR/Tetrabromobisphenol_A_bis(2,3-dibromopropyl_ether).orcacosmo	neutral	LXIZRZRTWSDLKK-UHFFFAOYSA-N	isopropylamine	high	303.84999999999997	single_liquid_phase	True	100.0	A-12 batch p01
BFR	TBBPA-dbp	Tetrabromobisphenol A bis(2,3-dibromopropyl ether)	BFR/Tetrabromobisphenol_A_bis(2,3-dibromopropyl_ether).orcacosmo	neutral	LXIZRZRTWSDLKK-UHFFFAOYSA-N	methanol	RT	298.15	two_liquid_phases	True	22.995031860941044	A-12 batch p01
BFR	TBBPA-dbp	Tetrabromobisphenol A bis(2,3-dibromopropyl ether)	BFR/Tetrabromobisphenol_A_bis(2,3-dibromopropyl_ether).orcacosmo	neutral	LXIZRZRTWSDLKK-UHFFFAOYSA-N	methanol	high	336.7499999999999	two_liquid_phases	True	29.905585025546987	A-12 batch p01
BFR	TBBPA-dbp	Tetrabromobisphenol A bis(2,3-dibromopropyl ether)	BFR/Tetrabromobisphenol_A_bis(2,3-dibromopropyl_ether).orcacosmo	neutral	LXIZRZRTWSDLKK-UHFFFAOYSA-N	methylacetate	RT	298.15	single_liquid_phase	True	100.0	A-12 batch p01
BFR	TBBPA-dbp	Tetrabromobisphenol A bis(2,3-dibromopropyl ether)	BFR/Tetrabromobisphenol_A_bis(2,3-dibromopropyl_ether).orcacosmo	neutral	LXIZRZRTWSDLKK-UHFFFAOYSA-N	methylacetate	high	328.95	single_liquid_phase	True	100.0	A-12 batch p01
BFR	TBBPA-dbp	Tetrabromobisphenol A bis(2,3-dibromopropyl ether)	BFR/Tetrabromobisphenol_A_bis(2,3-dibromopropyl_ether).orcacosmo	neutral	LXIZRZRTWSDLKK-UHFFFAOYSA-N	n,n-dimethylformamide	RT	298.15	single_liquid_phase	True	100.0	A-12 batch p01
BFR	TBBPA-dbp	Tetrabromobisphenol A bis(2,3-dibromopropyl ether)	BFR/Tetrabromobisphenol_A_bis(2,3-dibromopropyl_ether).orcacosmo	neutral	LXIZRZRTWSDLKK-UHFFFAOYSA-N	n,n-dimethylformamide	high	393.15	single_liquid_phase	True	100.0	A-12 batch p01
BFR	TBBPA-dbp	Tetrabromobisphenol A bis(2,3-dibromopropyl ether)	BFR/Tetrabromobisphenol_A_bis(2,3-dibromopropyl_ether).orcacosmo	neutral	LXIZRZRTWSDLKK-UHFFFAOYSA-N	o-xylene	RT	298.15	single_liquid_phase	True	100.0	A-12 batch p01
BFR	TBBPA-dbp	Tetrabromobisphenol A bis(2,3-dibromopropyl ether)	BFR/Tetrabromobisphenol_A_bis(2,3-dibromopropyl_ether).orcacosmo	neutral	LXIZRZRTWSDLKK-UHFFFAOYSA-N	o-xylene	high	393.15	single_liquid_phase	True	100.0	A-12 batch p01
BFR	TBBPA-dbp	Tetrabromobisphenol A bis(2,3-dibromopropyl ether)	BFR/Tetrabromobisphenol_A_bis(2,3-dibromopropyl_ether).orcacosmo	neutral	LXIZRZRTWSDLKK-UHFFFAOYSA-N	tert-butanol	RT	298.15	single_liquid_phase	True	100.0	A-12 batch p01
BFR	TBBPA-dbp	Tetrabromobisphenol A bis(2,3-dibromopropyl ether)	BFR/Tetrabromobisphenol_A_bis(2,3-dibromopropyl_ether).orcacosmo	neutral	LXIZRZRTWSDLKK-UHFFFAOYSA-N	tert-butanol	high	354.54999999999995	single_liquid_phase	True	100.0	A-12 batch p01
BFR	TBBPA-dbp	Tetrabromobisphenol A bis(2,3-dibromopropyl ether)	BFR/Tetrabromobisphenol_A_bis(2,3-dibromopropyl_ether).orcacosmo	neutral	LXIZRZRTWSDLKK-UHFFFAOYSA-N	tetrahydrofuran	RT	298.15	single_liquid_phase	True	100.0	A-12 batch p01
BFR	TBBPA-dbp	Tetrabromobisphenol A bis(2,3-dibromopropyl ether)	BFR/Tetrabromobisphenol_A_bis(2,3-dibromopropyl_ether).orcacosmo	neutral	LXIZRZRTWSDLKK-UHFFFAOYSA-N	tetrahydrofuran	high	337.15	single_liquid_phase	True	100.0	A-12 batch p01
BFR	TBBPA-dbp	Tetrabromobisphenol A bis(2,3-dibromopropyl ether)	BFR/Tetrabromobisphenol_A_bis(2,3-dibromopropyl_ether).orcacosmo	neutral	LXIZRZRTWSDLKK-UHFFFAOYSA-N	tetrahydropyran	RT	298.15	single_liquid_phase	True	100.0	A-12 batch p01
BFR	TBBPA-dbp	Tetrabromobisphenol A bis(2,3-dibromopropyl ether)	BFR/Tetrabromobisphenol_A_bis(2,3-dibromopropyl_ether).orcacosmo	neutral	LXIZRZRTWSDLKK-UHFFFAOYSA-N	tetrahydropyran	high	360.15	single_liquid_phase	True	100.0	A-12 batch p01
BFR	TBBPA-dbp	Tetrabromobisphenol A bis(2,3-dibromopropyl ether)	BFR/Tetrabromobisphenol_A_bis(2,3-dibromopropyl_ether).orcacosmo	neutral	LXIZRZRTWSDLKK-UHFFFAOYSA-N	toluene	RT	298.15	single_liquid_phase	True	100.0	A-12 batch p01
BFR	TBBPA-dbp	Tetrabromobisphenol A bis(2,3-dibromopropyl ether)	BFR/Tetrabromobisphenol_A_bis(2,3-dibromopropyl_ether).orcacosmo	neutral	LXIZRZRTWSDLKK-UHFFFAOYSA-N	toluene	high	382.75	single_liquid_phase	True	100.0	A-12 batch p01
BFR	TBBPA-dbp	Tetrabromobisphenol A bis(2,3-dibromopropyl ether)	BFR/Tetrabromobisphenol_A_bis(2,3-dibromopropyl_ether).orcacosmo	neutral	LXIZRZRTWSDLKK-UHFFFAOYSA-N	triethylamine	RT	298.15	single_liquid_phase	True	100.0	A-12 batch p01
BFR	TBBPA-dbp	Tetrabromobisphenol A bis(2,3-dibromopropyl ether)	BFR/Tetrabromobisphenol_A_bis(2,3-dibromopropyl_ether).orcacosmo	neutral	LXIZRZRTWSDLKK-UHFFFAOYSA-N	triethylamine	high	361.15	single_liquid_phase	True	100.0	A-12 batch p01
BFR	TBBPA-dbp	Tetrabromobisphenol A bis(2,3-dibromopropyl ether)	BFR/Tetrabromobisphenol_A_bis(2,3-dibromopropyl_ether).orcacosmo	neutral	LXIZRZRTWSDLKK-UHFFFAOYSA-N	water	RT	298.15	two_liquid_phases	False	4.2517619555360825e-11	A-12 batch p01
BFR	TBBPA-dbp	Tetrabromobisphenol A bis(2,3-dibromopropyl ether)	BFR/Tetrabromobisphenol_A_bis(2,3-dibromopropyl_ether).orcacosmo	neutral	LXIZRZRTWSDLKK-UHFFFAOYSA-N	water	high	372.15	two_liquid_phases	False	7.187928514979361e-09	A-12 batch p01
Phthalates	P1 BBP	Butyl benzyl phthalate	Phthalates/Benzyl_butyl_phthalate.orcacosmo	neutral	IRIAEXORFWYRCZ-UHFFFAOYSA-N	1,2-propanediol	RT	298.15	single_liquid_phase	True	100.0	release promotion-v2
Phthalates	P1 BBP	Butyl benzyl phthalate	Phthalates/Benzyl_butyl_phthalate.orcacosmo	neutral	IRIAEXORFWYRCZ-UHFFFAOYSA-N	1,2-propanediol	high	393.15	single_liquid_phase	True	100.0	release promotion-v2
Phthalates	P1 BBP	Butyl benzyl phthalate	Phthalates/Benzyl_butyl_phthalate.orcacosmo	neutral	IRIAEXORFWYRCZ-UHFFFAOYSA-N	1-propanol	RT	298.15	single_liquid_phase	True	100.0	release promotion-v2
Phthalates	P1 BBP	Butyl benzyl phthalate	Phthalates/Benzyl_butyl_phthalate.orcacosmo	neutral	IRIAEXORFWYRCZ-UHFFFAOYSA-N	1-propanol	high	369.34999999999997	single_liquid_phase	True	100.0	release promotion-v2
Phthalates	P1 BBP	Butyl benzyl phthalate	Phthalates/Benzyl_butyl_phthalate.orcacosmo	neutral	IRIAEXORFWYRCZ-UHFFFAOYSA-N	2,3-dihydropyran	RT	298.15	single_liquid_phase	True	100.0	release promotion-v2
Phthalates	P1 BBP	Butyl benzyl phthalate	Phthalates/Benzyl_butyl_phthalate.orcacosmo	neutral	IRIAEXORFWYRCZ-UHFFFAOYSA-N	2,3-dihydropyran	high	358.15	single_liquid_phase	True	100.0	release promotion-v2
Phthalates	P1 BBP	Butyl benzyl phthalate	Phthalates/Benzyl_butyl_phthalate.orcacosmo	neutral	IRIAEXORFWYRCZ-UHFFFAOYSA-N	2-butanone	RT	298.15	single_liquid_phase	True	100.0	release promotion-v2
Phthalates	P1 BBP	Butyl benzyl phthalate	Phthalates/Benzyl_butyl_phthalate.orcacosmo	neutral	IRIAEXORFWYRCZ-UHFFFAOYSA-N	2-butanone	high	351.65	single_liquid_phase	True	100.0	release promotion-v2
Phthalates	P1 BBP	Butyl benzyl phthalate	Phthalates/Benzyl_butyl_phthalate.orcacosmo	neutral	IRIAEXORFWYRCZ-UHFFFAOYSA-N	acetic acid	RT	298.15	single_liquid_phase	True	100.0	release promotion-v2
Phthalates	P1 BBP	Butyl benzyl phthalate	Phthalates/Benzyl_butyl_phthalate.orcacosmo	neutral	IRIAEXORFWYRCZ-UHFFFAOYSA-N	acetic acid	high	390.04999999999995	single_liquid_phase	True	100.0	release promotion-v2
Phthalates	P1 BBP	Butyl benzyl phthalate	Phthalates/Benzyl_butyl_phthalate.orcacosmo	neutral	IRIAEXORFWYRCZ-UHFFFAOYSA-N	acetone	RT	298.15	single_liquid_phase	True	100.0	release promotion-v2
Phthalates	P1 BBP	Butyl benzyl phthalate	Phthalates/Benzyl_butyl_phthalate.orcacosmo	neutral	IRIAEXORFWYRCZ-UHFFFAOYSA-N	acetone	high	328.15	single_liquid_phase	True	100.0	release promotion-v2
Phthalates	P1 BBP	Butyl benzyl phthalate	Phthalates/Benzyl_butyl_phthalate.orcacosmo	neutral	IRIAEXORFWYRCZ-UHFFFAOYSA-N	acetylacetone	RT	298.15	single_liquid_phase	True	100.0	release promotion-v2
Phthalates	P1 BBP	Butyl benzyl phthalate	Phthalates/Benzyl_butyl_phthalate.orcacosmo	neutral	IRIAEXORFWYRCZ-UHFFFAOYSA-N	acetylacetone	high	393.15	single_liquid_phase	True	100.0	release promotion-v2
Phthalates	P1 BBP	Butyl benzyl phthalate	Phthalates/Benzyl_butyl_phthalate.orcacosmo	neutral	IRIAEXORFWYRCZ-UHFFFAOYSA-N	benzene	RT	298.15	single_liquid_phase	True	100.0	release promotion-v2
Phthalates	P1 BBP	Butyl benzyl phthalate	Phthalates/Benzyl_butyl_phthalate.orcacosmo	neutral	IRIAEXORFWYRCZ-UHFFFAOYSA-N	benzene	high	352.15	single_liquid_phase	True	100.0	release promotion-v2
Phthalates	P1 BBP	Butyl benzyl phthalate	Phthalates/Benzyl_butyl_phthalate.orcacosmo	neutral	IRIAEXORFWYRCZ-UHFFFAOYSA-N	chloroform	RT	298.15	single_liquid_phase	True	100.0	release promotion-v2
Phthalates	P1 BBP	Butyl benzyl phthalate	Phthalates/Benzyl_butyl_phthalate.orcacosmo	neutral	IRIAEXORFWYRCZ-UHFFFAOYSA-N	chloroform	high	333.25	single_liquid_phase	True	100.0	release promotion-v2
Phthalates	P1 BBP	Butyl benzyl phthalate	Phthalates/Benzyl_butyl_phthalate.orcacosmo	neutral	IRIAEXORFWYRCZ-UHFFFAOYSA-N	cyclohexane	RT	298.15	single_liquid_phase	True	100.0	release promotion-v2
Phthalates	P1 BBP	Butyl benzyl phthalate	Phthalates/Benzyl_butyl_phthalate.orcacosmo	neutral	IRIAEXORFWYRCZ-UHFFFAOYSA-N	cyclohexane	high	352.84999999999997	single_liquid_phase	True	100.0	release promotion-v2
Phthalates	P1 BBP	Butyl benzyl phthalate	Phthalates/Benzyl_butyl_phthalate.orcacosmo	neutral	IRIAEXORFWYRCZ-UHFFFAOYSA-N	cyclohexanol	RT	298.15	single_liquid_phase	True	100.0	release promotion-v2
Phthalates	P1 BBP	Butyl benzyl phthalate	Phthalates/Benzyl_butyl_phthalate.orcacosmo	neutral	IRIAEXORFWYRCZ-UHFFFAOYSA-N	cyclohexanol	high	393.15	single_liquid_phase	True	100.0	release promotion-v2
Phthalates	P1 BBP	Butyl benzyl phthalate	Phthalates/Benzyl_butyl_phthalate.orcacosmo	neutral	IRIAEXORFWYRCZ-UHFFFAOYSA-N	dichloromethane	RT	298.15	single_liquid_phase	True	100.0	release promotion-v2
Phthalates	P1 BBP	Butyl benzyl phthalate	Phthalates/Benzyl_butyl_phthalate.orcacosmo	neutral	IRIAEXORFWYRCZ-UHFFFAOYSA-N	dichloromethane	high	312.15	single_liquid_phase	True	100.0	release promotion-v2
Phthalates	P1 BBP	Butyl benzyl phthalate	Phthalates/Benzyl_butyl_phthalate.orcacosmo	neutral	IRIAEXORFWYRCZ-UHFFFAOYSA-N	dimethyl sulfoxide	RT	298.15	single_liquid_phase	True	100.0	release promotion-v2
Phthalates	P1 BBP	Butyl benzyl phthalate	Phthalates/Benzyl_butyl_phthalate.orcacosmo	neutral	IRIAEXORFWYRCZ-UHFFFAOYSA-N	dimethyl sulfoxide	high	393.15	single_liquid_phase	True	100.0	release promotion-v2
Phthalates	P1 BBP	Butyl benzyl phthalate	Phthalates/Benzyl_butyl_phthalate.orcacosmo	neutral	IRIAEXORFWYRCZ-UHFFFAOYSA-N	diphenyl ether	RT	298.15	single_liquid_phase	True	100.0	release promotion-v2
Phthalates	P1 BBP	Butyl benzyl phthalate	Phthalates/Benzyl_butyl_phthalate.orcacosmo	neutral	IRIAEXORFWYRCZ-UHFFFAOYSA-N	diphenyl ether	high	393.15	single_liquid_phase	True	100.0	release promotion-v2
Phthalates	P1 BBP	Butyl benzyl phthalate	Phthalates/Benzyl_butyl_phthalate.orcacosmo	neutral	IRIAEXORFWYRCZ-UHFFFAOYSA-N	dodecane	RT	298.15	single_liquid_phase	True	100.0	release promotion-v2
Phthalates	P1 BBP	Butyl benzyl phthalate	Phthalates/Benzyl_butyl_phthalate.orcacosmo	neutral	IRIAEXORFWYRCZ-UHFFFAOYSA-N	dodecane	high	393.15	single_liquid_phase	True	100.0	release promotion-v2
Phthalates	P1 BBP	Butyl benzyl phthalate	Phthalates/Benzyl_butyl_phthalate.orcacosmo	neutral	IRIAEXORFWYRCZ-UHFFFAOYSA-N	ethanol	RT	298.15	single_liquid_phase	True	100.0	release promotion-v2
Phthalates	P1 BBP	Butyl benzyl phthalate	Phthalates/Benzyl_butyl_phthalate.orcacosmo	neutral	IRIAEXORFWYRCZ-UHFFFAOYSA-N	ethanol	high	350.34999999999997	single_liquid_phase	True	100.0	release promotion-v2
Phthalates	P1 BBP	Butyl benzyl phthalate	Phthalates/Benzyl_butyl_phthalate.orcacosmo	neutral	IRIAEXORFWYRCZ-UHFFFAOYSA-N	ethyl acetate	RT	298.15	single_liquid_phase	True	100.0	release promotion-v2
Phthalates	P1 BBP	Butyl benzyl phthalate	Phthalates/Benzyl_butyl_phthalate.orcacosmo	neutral	IRIAEXORFWYRCZ-UHFFFAOYSA-N	ethyl acetate	high	349.25	single_liquid_phase	True	100.0	release promotion-v2
Phthalates	P1 BBP	Butyl benzyl phthalate	Phthalates/Benzyl_butyl_phthalate.orcacosmo	neutral	IRIAEXORFWYRCZ-UHFFFAOYSA-N	ethylene glycol	RT	298.15	two_liquid_phases	True	18.481091866681016	release promotion-v2
Phthalates	P1 BBP	Butyl benzyl phthalate	Phthalates/Benzyl_butyl_phthalate.orcacosmo	neutral	IRIAEXORFWYRCZ-UHFFFAOYSA-N	ethylene glycol	high	393.15	single_liquid_phase	True	100.0	release promotion-v2
Phthalates	P1 BBP	Butyl benzyl phthalate	Phthalates/Benzyl_butyl_phthalate.orcacosmo	neutral	IRIAEXORFWYRCZ-UHFFFAOYSA-N	heptane	RT	298.15	single_liquid_phase	True	100.0	release promotion-v2
Phthalates	P1 BBP	Butyl benzyl phthalate	Phthalates/Benzyl_butyl_phthalate.orcacosmo	neutral	IRIAEXORFWYRCZ-UHFFFAOYSA-N	heptane	high	370.65	single_liquid_phase	True	100.0	release promotion-v2
Phthalates	P1 BBP	Butyl benzyl phthalate	Phthalates/Benzyl_butyl_phthalate.orcacosmo	neutral	IRIAEXORFWYRCZ-UHFFFAOYSA-N	hexane	RT	298.15	single_liquid_phase	True	100.0	release promotion-v2
Phthalates	P1 BBP	Butyl benzyl phthalate	Phthalates/Benzyl_butyl_phthalate.orcacosmo	neutral	IRIAEXORFWYRCZ-UHFFFAOYSA-N	hexane	high	340.84999999999997	single_liquid_phase	True	100.0	release promotion-v2
Phthalates	P1 BBP	Butyl benzyl phthalate	Phthalates/Benzyl_butyl_phthalate.orcacosmo	neutral	IRIAEXORFWYRCZ-UHFFFAOYSA-N	isopropanol	RT	298.15	single_liquid_phase	True	100.0	release promotion-v2
Phthalates	P1 BBP	Butyl benzyl phthalate	Phthalates/Benzyl_butyl_phthalate.orcacosmo	neutral	IRIAEXORFWYRCZ-UHFFFAOYSA-N	isopropanol	high	354.45	single_liquid_phase	True	100.0	release promotion-v2
Phthalates	P1 BBP	Butyl benzyl phthalate	Phthalates/Benzyl_butyl_phthalate.orcacosmo	neutral	IRIAEXORFWYRCZ-UHFFFAOYSA-N	isopropylamine	RT	298.15	single_liquid_phase	True	100.0	release promotion-v2
Phthalates	P1 BBP	Butyl benzyl phthalate	Phthalates/Benzyl_butyl_phthalate.orcacosmo	neutral	IRIAEXORFWYRCZ-UHFFFAOYSA-N	isopropylamine	high	303.84999999999997	single_liquid_phase	True	100.0	release promotion-v2
Phthalates	P1 BBP	Butyl benzyl phthalate	Phthalates/Benzyl_butyl_phthalate.orcacosmo	neutral	IRIAEXORFWYRCZ-UHFFFAOYSA-N	methanol	RT	298.15	single_liquid_phase	True	100.0	release promotion-v2
Phthalates	P1 BBP	Butyl benzyl phthalate	Phthalates/Benzyl_butyl_phthalate.orcacosmo	neutral	IRIAEXORFWYRCZ-UHFFFAOYSA-N	methanol	high	336.7499999999999	single_liquid_phase	True	100.0	release promotion-v2
Phthalates	P1 BBP	Butyl benzyl phthalate	Phthalates/Benzyl_butyl_phthalate.orcacosmo	neutral	IRIAEXORFWYRCZ-UHFFFAOYSA-N	methylacetate	RT	298.15	single_liquid_phase	True	100.0	release promotion-v2
Phthalates	P1 BBP	Butyl benzyl phthalate	Phthalates/Benzyl_butyl_phthalate.orcacosmo	neutral	IRIAEXORFWYRCZ-UHFFFAOYSA-N	methylacetate	high	328.95	single_liquid_phase	True	100.0	release promotion-v2
Phthalates	P1 BBP	Butyl benzyl phthalate	Phthalates/Benzyl_butyl_phthalate.orcacosmo	neutral	IRIAEXORFWYRCZ-UHFFFAOYSA-N	n,n-dimethylformamide	RT	298.15	single_liquid_phase	True	100.0	release promotion-v2
Phthalates	P1 BBP	Butyl benzyl phthalate	Phthalates/Benzyl_butyl_phthalate.orcacosmo	neutral	IRIAEXORFWYRCZ-UHFFFAOYSA-N	n,n-dimethylformamide	high	393.15	single_liquid_phase	True	100.0	release promotion-v2
Phthalates	P1 BBP	Butyl benzyl phthalate	Phthalates/Benzyl_butyl_phthalate.orcacosmo	neutral	IRIAEXORFWYRCZ-UHFFFAOYSA-N	o-xylene	RT	298.15	single_liquid_phase	True	100.0	release promotion-v2
Phthalates	P1 BBP	Butyl benzyl phthalate	Phthalates/Benzyl_butyl_phthalate.orcacosmo	neutral	IRIAEXORFWYRCZ-UHFFFAOYSA-N	o-xylene	high	393.15	single_liquid_phase	True	100.0	release promotion-v2
Phthalates	P1 BBP	Butyl benzyl phthalate	Phthalates/Benzyl_butyl_phthalate.orcacosmo	neutral	IRIAEXORFWYRCZ-UHFFFAOYSA-N	tert-butanol	RT	298.15	single_liquid_phase	True	100.0	release promotion-v2
Phthalates	P1 BBP	Butyl benzyl phthalate	Phthalates/Benzyl_butyl_phthalate.orcacosmo	neutral	IRIAEXORFWYRCZ-UHFFFAOYSA-N	tert-butanol	high	354.54999999999995	single_liquid_phase	True	100.0	release promotion-v2
Phthalates	P1 BBP	Butyl benzyl phthalate	Phthalates/Benzyl_butyl_phthalate.orcacosmo	neutral	IRIAEXORFWYRCZ-UHFFFAOYSA-N	tetrahydrofuran	RT	298.15	single_liquid_phase	True	100.0	release promotion-v2
Phthalates	P1 BBP	Butyl benzyl phthalate	Phthalates/Benzyl_butyl_phthalate.orcacosmo	neutral	IRIAEXORFWYRCZ-UHFFFAOYSA-N	tetrahydrofuran	high	337.15	single_liquid_phase	True	100.0	release promotion-v2
Phthalates	P1 BBP	Butyl benzyl phthalate	Phthalates/Benzyl_butyl_phthalate.orcacosmo	neutral	IRIAEXORFWYRCZ-UHFFFAOYSA-N	tetrahydropyran	RT	298.15	single_liquid_phase	True	100.0	release promotion-v2
Phthalates	P1 BBP	Butyl benzyl phthalate	Phthalates/Benzyl_butyl_phthalate.orcacosmo	neutral	IRIAEXORFWYRCZ-UHFFFAOYSA-N	tetrahydropyran	high	360.15	single_liquid_phase	True	100.0	release promotion-v2
Phthalates	P1 BBP	Butyl benzyl phthalate	Phthalates/Benzyl_butyl_phthalate.orcacosmo	neutral	IRIAEXORFWYRCZ-UHFFFAOYSA-N	toluene	RT	298.15	single_liquid_phase	True	100.0	release promotion-v2
Phthalates	P1 BBP	Butyl benzyl phthalate	Phthalates/Benzyl_butyl_phthalate.orcacosmo	neutral	IRIAEXORFWYRCZ-UHFFFAOYSA-N	toluene	high	382.75	single_liquid_phase	True	100.0	release promotion-v2
Phthalates	P1 BBP	Butyl benzyl phthalate	Phthalates/Benzyl_butyl_phthalate.orcacosmo	neutral	IRIAEXORFWYRCZ-UHFFFAOYSA-N	triethylamine	RT	298.15	single_liquid_phase	True	100.0	release promotion-v2
Phthalates	P1 BBP	Butyl benzyl phthalate	Phthalates/Benzyl_butyl_phthalate.orcacosmo	neutral	IRIAEXORFWYRCZ-UHFFFAOYSA-N	triethylamine	high	361.15	single_liquid_phase	True	100.0	release promotion-v2
Phthalates	P1 BBP	Butyl benzyl phthalate	Phthalates/Benzyl_butyl_phthalate.orcacosmo	neutral	IRIAEXORFWYRCZ-UHFFFAOYSA-N	water	RT	298.15	two_liquid_phases	False	5.023563688042233e-05	release promotion-v2
Phthalates	P1 BBP	Butyl benzyl phthalate	Phthalates/Benzyl_butyl_phthalate.orcacosmo	neutral	IRIAEXORFWYRCZ-UHFFFAOYSA-N	water	high	372.15	two_liquid_phases	False	0.0006084509854456945	release promotion-v2
Phthalates	P2 DBP	Di-n-butyl phthalate	Phthalates/Dibutyl_Phthalate.orcacosmo	neutral	DOIRQSBPFJWKBE-UHFFFAOYSA-N	1,2-propanediol	RT	298.15	single_liquid_phase	True	100.0	release promotion-v2
Phthalates	P2 DBP	Di-n-butyl phthalate	Phthalates/Dibutyl_Phthalate.orcacosmo	neutral	DOIRQSBPFJWKBE-UHFFFAOYSA-N	1,2-propanediol	high	393.15	single_liquid_phase	True	100.0	release promotion-v2
Phthalates	P2 DBP	Di-n-butyl phthalate	Phthalates/Dibutyl_Phthalate.orcacosmo	neutral	DOIRQSBPFJWKBE-UHFFFAOYSA-N	1-propanol	RT	298.15	single_liquid_phase	True	100.0	release promotion-v2
Phthalates	P2 DBP	Di-n-butyl phthalate	Phthalates/Dibutyl_Phthalate.orcacosmo	neutral	DOIRQSBPFJWKBE-UHFFFAOYSA-N	1-propanol	high	369.34999999999997	single_liquid_phase	True	100.0	release promotion-v2
Phthalates	P2 DBP	Di-n-butyl phthalate	Phthalates/Dibutyl_Phthalate.orcacosmo	neutral	DOIRQSBPFJWKBE-UHFFFAOYSA-N	2,3-dihydropyran	RT	298.15	single_liquid_phase	True	100.0	release promotion-v2
Phthalates	P2 DBP	Di-n-butyl phthalate	Phthalates/Dibutyl_Phthalate.orcacosmo	neutral	DOIRQSBPFJWKBE-UHFFFAOYSA-N	2,3-dihydropyran	high	358.15	single_liquid_phase	True	100.0	release promotion-v2
Phthalates	P2 DBP	Di-n-butyl phthalate	Phthalates/Dibutyl_Phthalate.orcacosmo	neutral	DOIRQSBPFJWKBE-UHFFFAOYSA-N	2-butanone	RT	298.15	single_liquid_phase	True	100.0	release promotion-v2
Phthalates	P2 DBP	Di-n-butyl phthalate	Phthalates/Dibutyl_Phthalate.orcacosmo	neutral	DOIRQSBPFJWKBE-UHFFFAOYSA-N	2-butanone	high	351.65	single_liquid_phase	True	100.0	release promotion-v2
Phthalates	P2 DBP	Di-n-butyl phthalate	Phthalates/Dibutyl_Phthalate.orcacosmo	neutral	DOIRQSBPFJWKBE-UHFFFAOYSA-N	acetic acid	RT	298.15	single_liquid_phase	True	100.0	release promotion-v2
Phthalates	P2 DBP	Di-n-butyl phthalate	Phthalates/Dibutyl_Phthalate.orcacosmo	neutral	DOIRQSBPFJWKBE-UHFFFAOYSA-N	acetic acid	high	390.04999999999995	single_liquid_phase	True	100.0	release promotion-v2
Phthalates	P2 DBP	Di-n-butyl phthalate	Phthalates/Dibutyl_Phthalate.orcacosmo	neutral	DOIRQSBPFJWKBE-UHFFFAOYSA-N	acetone	RT	298.15	single_liquid_phase	True	100.0	release promotion-v2
Phthalates	P2 DBP	Di-n-butyl phthalate	Phthalates/Dibutyl_Phthalate.orcacosmo	neutral	DOIRQSBPFJWKBE-UHFFFAOYSA-N	acetone	high	328.15	single_liquid_phase	True	100.0	release promotion-v2
Phthalates	P2 DBP	Di-n-butyl phthalate	Phthalates/Dibutyl_Phthalate.orcacosmo	neutral	DOIRQSBPFJWKBE-UHFFFAOYSA-N	acetylacetone	RT	298.15	single_liquid_phase	True	100.0	release promotion-v2
Phthalates	P2 DBP	Di-n-butyl phthalate	Phthalates/Dibutyl_Phthalate.orcacosmo	neutral	DOIRQSBPFJWKBE-UHFFFAOYSA-N	acetylacetone	high	393.15	single_liquid_phase	True	100.0	release promotion-v2
Phthalates	P2 DBP	Di-n-butyl phthalate	Phthalates/Dibutyl_Phthalate.orcacosmo	neutral	DOIRQSBPFJWKBE-UHFFFAOYSA-N	benzene	RT	298.15	single_liquid_phase	True	100.0	release promotion-v2
Phthalates	P2 DBP	Di-n-butyl phthalate	Phthalates/Dibutyl_Phthalate.orcacosmo	neutral	DOIRQSBPFJWKBE-UHFFFAOYSA-N	benzene	high	352.15	single_liquid_phase	True	100.0	release promotion-v2
Phthalates	P2 DBP	Di-n-butyl phthalate	Phthalates/Dibutyl_Phthalate.orcacosmo	neutral	DOIRQSBPFJWKBE-UHFFFAOYSA-N	chloroform	RT	298.15	single_liquid_phase	True	100.0	release promotion-v2
Phthalates	P2 DBP	Di-n-butyl phthalate	Phthalates/Dibutyl_Phthalate.orcacosmo	neutral	DOIRQSBPFJWKBE-UHFFFAOYSA-N	chloroform	high	333.25	single_liquid_phase	True	100.0	release promotion-v2
Phthalates	P2 DBP	Di-n-butyl phthalate	Phthalates/Dibutyl_Phthalate.orcacosmo	neutral	DOIRQSBPFJWKBE-UHFFFAOYSA-N	cyclohexane	RT	298.15	single_liquid_phase	True	100.0	release promotion-v2
Phthalates	P2 DBP	Di-n-butyl phthalate	Phthalates/Dibutyl_Phthalate.orcacosmo	neutral	DOIRQSBPFJWKBE-UHFFFAOYSA-N	cyclohexane	high	352.84999999999997	single_liquid_phase	True	100.0	release promotion-v2
Phthalates	P2 DBP	Di-n-butyl phthalate	Phthalates/Dibutyl_Phthalate.orcacosmo	neutral	DOIRQSBPFJWKBE-UHFFFAOYSA-N	cyclohexanol	RT	298.15	single_liquid_phase	True	100.0	release promotion-v2
Phthalates	P2 DBP	Di-n-butyl phthalate	Phthalates/Dibutyl_Phthalate.orcacosmo	neutral	DOIRQSBPFJWKBE-UHFFFAOYSA-N	cyclohexanol	high	393.15	single_liquid_phase	True	100.0	release promotion-v2
Phthalates	P2 DBP	Di-n-butyl phthalate	Phthalates/Dibutyl_Phthalate.orcacosmo	neutral	DOIRQSBPFJWKBE-UHFFFAOYSA-N	dichloromethane	RT	298.15	single_liquid_phase	True	100.0	release promotion-v2
Phthalates	P2 DBP	Di-n-butyl phthalate	Phthalates/Dibutyl_Phthalate.orcacosmo	neutral	DOIRQSBPFJWKBE-UHFFFAOYSA-N	dichloromethane	high	312.15	single_liquid_phase	True	100.0	release promotion-v2
Phthalates	P2 DBP	Di-n-butyl phthalate	Phthalates/Dibutyl_Phthalate.orcacosmo	neutral	DOIRQSBPFJWKBE-UHFFFAOYSA-N	dimethyl sulfoxide	RT	298.15	single_liquid_phase	True	100.0	release promotion-v2
Phthalates	P2 DBP	Di-n-butyl phthalate	Phthalates/Dibutyl_Phthalate.orcacosmo	neutral	DOIRQSBPFJWKBE-UHFFFAOYSA-N	dimethyl sulfoxide	high	393.15	single_liquid_phase	True	100.0	release promotion-v2
Phthalates	P2 DBP	Di-n-butyl phthalate	Phthalates/Dibutyl_Phthalate.orcacosmo	neutral	DOIRQSBPFJWKBE-UHFFFAOYSA-N	diphenyl ether	RT	298.15	single_liquid_phase	True	100.0	release promotion-v2
Phthalates	P2 DBP	Di-n-butyl phthalate	Phthalates/Dibutyl_Phthalate.orcacosmo	neutral	DOIRQSBPFJWKBE-UHFFFAOYSA-N	diphenyl ether	high	393.15	single_liquid_phase	True	100.0	release promotion-v2
Phthalates	P2 DBP	Di-n-butyl phthalate	Phthalates/Dibutyl_Phthalate.orcacosmo	neutral	DOIRQSBPFJWKBE-UHFFFAOYSA-N	dodecane	RT	298.15	single_liquid_phase	True	100.0	release promotion-v2
Phthalates	P2 DBP	Di-n-butyl phthalate	Phthalates/Dibutyl_Phthalate.orcacosmo	neutral	DOIRQSBPFJWKBE-UHFFFAOYSA-N	dodecane	high	393.15	single_liquid_phase	True	100.0	release promotion-v2
Phthalates	P2 DBP	Di-n-butyl phthalate	Phthalates/Dibutyl_Phthalate.orcacosmo	neutral	DOIRQSBPFJWKBE-UHFFFAOYSA-N	ethanol	RT	298.15	single_liquid_phase	True	100.0	release promotion-v2
Phthalates	P2 DBP	Di-n-butyl phthalate	Phthalates/Dibutyl_Phthalate.orcacosmo	neutral	DOIRQSBPFJWKBE-UHFFFAOYSA-N	ethanol	high	350.34999999999997	single_liquid_phase	True	100.0	release promotion-v2
Phthalates	P2 DBP	Di-n-butyl phthalate	Phthalates/Dibutyl_Phthalate.orcacosmo	neutral	DOIRQSBPFJWKBE-UHFFFAOYSA-N	ethyl acetate	RT	298.15	single_liquid_phase	True	100.0	release promotion-v2
Phthalates	P2 DBP	Di-n-butyl phthalate	Phthalates/Dibutyl_Phthalate.orcacosmo	neutral	DOIRQSBPFJWKBE-UHFFFAOYSA-N	ethyl acetate	high	349.25	single_liquid_phase	True	100.0	release promotion-v2
Phthalates	P2 DBP	Di-n-butyl phthalate	Phthalates/Dibutyl_Phthalate.orcacosmo	neutral	DOIRQSBPFJWKBE-UHFFFAOYSA-N	ethylene glycol	RT	298.15	two_liquid_phases	True	18.450334442304744	release promotion-v2
Phthalates	P2 DBP	Di-n-butyl phthalate	Phthalates/Dibutyl_Phthalate.orcacosmo	neutral	DOIRQSBPFJWKBE-UHFFFAOYSA-N	ethylene glycol	high	393.15	single_liquid_phase	True	100.0	release promotion-v2
Phthalates	P2 DBP	Di-n-butyl phthalate	Phthalates/Dibutyl_Phthalate.orcacosmo	neutral	DOIRQSBPFJWKBE-UHFFFAOYSA-N	heptane	RT	298.15	single_liquid_phase	True	100.0	release promotion-v2
Phthalates	P2 DBP	Di-n-butyl phthalate	Phthalates/Dibutyl_Phthalate.orcacosmo	neutral	DOIRQSBPFJWKBE-UHFFFAOYSA-N	heptane	high	370.65	single_liquid_phase	True	100.0	release promotion-v2
Phthalates	P2 DBP	Di-n-butyl phthalate	Phthalates/Dibutyl_Phthalate.orcacosmo	neutral	DOIRQSBPFJWKBE-UHFFFAOYSA-N	hexane	RT	298.15	single_liquid_phase	True	100.0	release promotion-v2
Phthalates	P2 DBP	Di-n-butyl phthalate	Phthalates/Dibutyl_Phthalate.orcacosmo	neutral	DOIRQSBPFJWKBE-UHFFFAOYSA-N	hexane	high	340.84999999999997	single_liquid_phase	True	100.0	release promotion-v2
Phthalates	P2 DBP	Di-n-butyl phthalate	Phthalates/Dibutyl_Phthalate.orcacosmo	neutral	DOIRQSBPFJWKBE-UHFFFAOYSA-N	isopropanol	RT	298.15	single_liquid_phase	True	100.0	release promotion-v2
Phthalates	P2 DBP	Di-n-butyl phthalate	Phthalates/Dibutyl_Phthalate.orcacosmo	neutral	DOIRQSBPFJWKBE-UHFFFAOYSA-N	isopropanol	high	354.45	single_liquid_phase	True	100.0	release promotion-v2
Phthalates	P2 DBP	Di-n-butyl phthalate	Phthalates/Dibutyl_Phthalate.orcacosmo	neutral	DOIRQSBPFJWKBE-UHFFFAOYSA-N	isopropylamine	RT	298.15	single_liquid_phase	True	100.0	release promotion-v2
Phthalates	P2 DBP	Di-n-butyl phthalate	Phthalates/Dibutyl_Phthalate.orcacosmo	neutral	DOIRQSBPFJWKBE-UHFFFAOYSA-N	isopropylamine	high	303.84999999999997	single_liquid_phase	True	100.0	release promotion-v2
Phthalates	P2 DBP	Di-n-butyl phthalate	Phthalates/Dibutyl_Phthalate.orcacosmo	neutral	DOIRQSBPFJWKBE-UHFFFAOYSA-N	methanol	RT	298.15	single_liquid_phase	True	100.0	release promotion-v2
Phthalates	P2 DBP	Di-n-butyl phthalate	Phthalates/Dibutyl_Phthalate.orcacosmo	neutral	DOIRQSBPFJWKBE-UHFFFAOYSA-N	methanol	high	336.7499999999999	single_liquid_phase	True	100.0	release promotion-v2
Phthalates	P2 DBP	Di-n-butyl phthalate	Phthalates/Dibutyl_Phthalate.orcacosmo	neutral	DOIRQSBPFJWKBE-UHFFFAOYSA-N	methylacetate	RT	298.15	single_liquid_phase	True	100.0	release promotion-v2
Phthalates	P2 DBP	Di-n-butyl phthalate	Phthalates/Dibutyl_Phthalate.orcacosmo	neutral	DOIRQSBPFJWKBE-UHFFFAOYSA-N	methylacetate	high	328.95	single_liquid_phase	True	100.0	release promotion-v2
Phthalates	P2 DBP	Di-n-butyl phthalate	Phthalates/Dibutyl_Phthalate.orcacosmo	neutral	DOIRQSBPFJWKBE-UHFFFAOYSA-N	n,n-dimethylformamide	RT	298.15	single_liquid_phase	True	100.0	release promotion-v2
Phthalates	P2 DBP	Di-n-butyl phthalate	Phthalates/Dibutyl_Phthalate.orcacosmo	neutral	DOIRQSBPFJWKBE-UHFFFAOYSA-N	n,n-dimethylformamide	high	393.15	single_liquid_phase	True	100.0	release promotion-v2
Phthalates	P2 DBP	Di-n-butyl phthalate	Phthalates/Dibutyl_Phthalate.orcacosmo	neutral	DOIRQSBPFJWKBE-UHFFFAOYSA-N	o-xylene	RT	298.15	single_liquid_phase	True	100.0	release promotion-v2
Phthalates	P2 DBP	Di-n-butyl phthalate	Phthalates/Dibutyl_Phthalate.orcacosmo	neutral	DOIRQSBPFJWKBE-UHFFFAOYSA-N	o-xylene	high	393.15	single_liquid_phase	True	100.0	release promotion-v2
Phthalates	P2 DBP	Di-n-butyl phthalate	Phthalates/Dibutyl_Phthalate.orcacosmo	neutral	DOIRQSBPFJWKBE-UHFFFAOYSA-N	tert-butanol	RT	298.15	single_liquid_phase	True	100.0	release promotion-v2
Phthalates	P2 DBP	Di-n-butyl phthalate	Phthalates/Dibutyl_Phthalate.orcacosmo	neutral	DOIRQSBPFJWKBE-UHFFFAOYSA-N	tert-butanol	high	354.54999999999995	single_liquid_phase	True	100.0	release promotion-v2
Phthalates	P2 DBP	Di-n-butyl phthalate	Phthalates/Dibutyl_Phthalate.orcacosmo	neutral	DOIRQSBPFJWKBE-UHFFFAOYSA-N	tetrahydrofuran	RT	298.15	single_liquid_phase	True	100.0	release promotion-v2
Phthalates	P2 DBP	Di-n-butyl phthalate	Phthalates/Dibutyl_Phthalate.orcacosmo	neutral	DOIRQSBPFJWKBE-UHFFFAOYSA-N	tetrahydrofuran	high	337.15	single_liquid_phase	True	100.0	release promotion-v2
Phthalates	P2 DBP	Di-n-butyl phthalate	Phthalates/Dibutyl_Phthalate.orcacosmo	neutral	DOIRQSBPFJWKBE-UHFFFAOYSA-N	tetrahydropyran	RT	298.15	single_liquid_phase	True	100.0	release promotion-v2
Phthalates	P2 DBP	Di-n-butyl phthalate	Phthalates/Dibutyl_Phthalate.orcacosmo	neutral	DOIRQSBPFJWKBE-UHFFFAOYSA-N	tetrahydropyran	high	360.15	single_liquid_phase	True	100.0	release promotion-v2
Phthalates	P2 DBP	Di-n-butyl phthalate	Phthalates/Dibutyl_Phthalate.orcacosmo	neutral	DOIRQSBPFJWKBE-UHFFFAOYSA-N	toluene	RT	298.15	single_liquid_phase	True	100.0	release promotion-v2
Phthalates	P2 DBP	Di-n-butyl phthalate	Phthalates/Dibutyl_Phthalate.orcacosmo	neutral	DOIRQSBPFJWKBE-UHFFFAOYSA-N	toluene	high	382.75	single_liquid_phase	True	100.0	release promotion-v2
Phthalates	P2 DBP	Di-n-butyl phthalate	Phthalates/Dibutyl_Phthalate.orcacosmo	neutral	DOIRQSBPFJWKBE-UHFFFAOYSA-N	triethylamine	RT	298.15	single_liquid_phase	True	100.0	release promotion-v2
Phthalates	P2 DBP	Di-n-butyl phthalate	Phthalates/Dibutyl_Phthalate.orcacosmo	neutral	DOIRQSBPFJWKBE-UHFFFAOYSA-N	triethylamine	high	361.15	single_liquid_phase	True	100.0	release promotion-v2
Phthalates	P2 DBP	Di-n-butyl phthalate	Phthalates/Dibutyl_Phthalate.orcacosmo	neutral	DOIRQSBPFJWKBE-UHFFFAOYSA-N	water	RT	298.15	two_liquid_phases	False	0.00016015363395209124	release promotion-v2
Phthalates	P2 DBP	Di-n-butyl phthalate	Phthalates/Dibutyl_Phthalate.orcacosmo	neutral	DOIRQSBPFJWKBE-UHFFFAOYSA-N	water	high	372.15	two_liquid_phases	False	0.0012865555749142616	release promotion-v2
Phthalates	P3 DEHP	Di-(2-ethylhexyl) phthalate	Phthalates/Bis(2-ethylhexyl)_phthalate.orcacosmo	neutral	BJQHLKABXJIVAM-UHFFFAOYSA-N	1,2-propanediol	RT	298.15	two_liquid_phases	True	29.34004368091871	release promotion-v2
Phthalates	P3 DEHP	Di-(2-ethylhexyl) phthalate	Phthalates/Bis(2-ethylhexyl)_phthalate.orcacosmo	neutral	BJQHLKABXJIVAM-UHFFFAOYSA-N	1,2-propanediol	high	393.15	single_liquid_phase	True	100.0	release promotion-v2
Phthalates	P3 DEHP	Di-(2-ethylhexyl) phthalate	Phthalates/Bis(2-ethylhexyl)_phthalate.orcacosmo	neutral	BJQHLKABXJIVAM-UHFFFAOYSA-N	1-propanol	RT	298.15	single_liquid_phase	True	100.0	release promotion-v2
Phthalates	P3 DEHP	Di-(2-ethylhexyl) phthalate	Phthalates/Bis(2-ethylhexyl)_phthalate.orcacosmo	neutral	BJQHLKABXJIVAM-UHFFFAOYSA-N	1-propanol	high	369.34999999999997	single_liquid_phase	True	100.0	release promotion-v2
Phthalates	P3 DEHP	Di-(2-ethylhexyl) phthalate	Phthalates/Bis(2-ethylhexyl)_phthalate.orcacosmo	neutral	BJQHLKABXJIVAM-UHFFFAOYSA-N	2,3-dihydropyran	RT	298.15	single_liquid_phase	True	100.0	release promotion-v2
Phthalates	P3 DEHP	Di-(2-ethylhexyl) phthalate	Phthalates/Bis(2-ethylhexyl)_phthalate.orcacosmo	neutral	BJQHLKABXJIVAM-UHFFFAOYSA-N	2,3-dihydropyran	high	358.15	single_liquid_phase	True	100.0	release promotion-v2
Phthalates	P3 DEHP	Di-(2-ethylhexyl) phthalate	Phthalates/Bis(2-ethylhexyl)_phthalate.orcacosmo	neutral	BJQHLKABXJIVAM-UHFFFAOYSA-N	2-butanone	RT	298.15	single_liquid_phase	True	100.0	release promotion-v2
Phthalates	P3 DEHP	Di-(2-ethylhexyl) phthalate	Phthalates/Bis(2-ethylhexyl)_phthalate.orcacosmo	neutral	BJQHLKABXJIVAM-UHFFFAOYSA-N	2-butanone	high	351.65	single_liquid_phase	True	100.0	release promotion-v2
Phthalates	P3 DEHP	Di-(2-ethylhexyl) phthalate	Phthalates/Bis(2-ethylhexyl)_phthalate.orcacosmo	neutral	BJQHLKABXJIVAM-UHFFFAOYSA-N	acetic acid	RT	298.15	two_liquid_phases	False	9.177748137543661	release promotion-v2
Phthalates	P3 DEHP	Di-(2-ethylhexyl) phthalate	Phthalates/Bis(2-ethylhexyl)_phthalate.orcacosmo	neutral	BJQHLKABXJIVAM-UHFFFAOYSA-N	acetic acid	high	390.04999999999995	single_liquid_phase	True	100.0	release promotion-v2
Phthalates	P3 DEHP	Di-(2-ethylhexyl) phthalate	Phthalates/Bis(2-ethylhexyl)_phthalate.orcacosmo	neutral	BJQHLKABXJIVAM-UHFFFAOYSA-N	acetone	RT	298.15	single_liquid_phase	True	100.0	release promotion-v2
Phthalates	P3 DEHP	Di-(2-ethylhexyl) phthalate	Phthalates/Bis(2-ethylhexyl)_phthalate.orcacosmo	neutral	BJQHLKABXJIVAM-UHFFFAOYSA-N	acetone	high	328.15	single_liquid_phase	True	100.0	release promotion-v2
Phthalates	P3 DEHP	Di-(2-ethylhexyl) phthalate	Phthalates/Bis(2-ethylhexyl)_phthalate.orcacosmo	neutral	BJQHLKABXJIVAM-UHFFFAOYSA-N	acetylacetone	RT	298.15	single_liquid_phase	True	100.0	release promotion-v2
Phthalates	P3 DEHP	Di-(2-ethylhexyl) phthalate	Phthalates/Bis(2-ethylhexyl)_phthalate.orcacosmo	neutral	BJQHLKABXJIVAM-UHFFFAOYSA-N	acetylacetone	high	393.15	single_liquid_phase	True	100.0	release promotion-v2
Phthalates	P3 DEHP	Di-(2-ethylhexyl) phthalate	Phthalates/Bis(2-ethylhexyl)_phthalate.orcacosmo	neutral	BJQHLKABXJIVAM-UHFFFAOYSA-N	benzene	RT	298.15	single_liquid_phase	True	100.0	release promotion-v2
Phthalates	P3 DEHP	Di-(2-ethylhexyl) phthalate	Phthalates/Bis(2-ethylhexyl)_phthalate.orcacosmo	neutral	BJQHLKABXJIVAM-UHFFFAOYSA-N	benzene	high	352.15	single_liquid_phase	True	100.0	release promotion-v2
Phthalates	P3 DEHP	Di-(2-ethylhexyl) phthalate	Phthalates/Bis(2-ethylhexyl)_phthalate.orcacosmo	neutral	BJQHLKABXJIVAM-UHFFFAOYSA-N	chloroform	RT	298.15	single_liquid_phase	True	100.0	release promotion-v2
Phthalates	P3 DEHP	Di-(2-ethylhexyl) phthalate	Phthalates/Bis(2-ethylhexyl)_phthalate.orcacosmo	neutral	BJQHLKABXJIVAM-UHFFFAOYSA-N	chloroform	high	333.25	single_liquid_phase	True	100.0	release promotion-v2
Phthalates	P3 DEHP	Di-(2-ethylhexyl) phthalate	Phthalates/Bis(2-ethylhexyl)_phthalate.orcacosmo	neutral	BJQHLKABXJIVAM-UHFFFAOYSA-N	cyclohexane	RT	298.15	single_liquid_phase	True	100.0	release promotion-v2
Phthalates	P3 DEHP	Di-(2-ethylhexyl) phthalate	Phthalates/Bis(2-ethylhexyl)_phthalate.orcacosmo	neutral	BJQHLKABXJIVAM-UHFFFAOYSA-N	cyclohexane	high	352.84999999999997	single_liquid_phase	True	100.0	release promotion-v2
Phthalates	P3 DEHP	Di-(2-ethylhexyl) phthalate	Phthalates/Bis(2-ethylhexyl)_phthalate.orcacosmo	neutral	BJQHLKABXJIVAM-UHFFFAOYSA-N	cyclohexanol	RT	298.15	single_liquid_phase	True	100.0	release promotion-v2
Phthalates	P3 DEHP	Di-(2-ethylhexyl) phthalate	Phthalates/Bis(2-ethylhexyl)_phthalate.orcacosmo	neutral	BJQHLKABXJIVAM-UHFFFAOYSA-N	cyclohexanol	high	393.15	single_liquid_phase	True	100.0	release promotion-v2
Phthalates	P3 DEHP	Di-(2-ethylhexyl) phthalate	Phthalates/Bis(2-ethylhexyl)_phthalate.orcacosmo	neutral	BJQHLKABXJIVAM-UHFFFAOYSA-N	dichloromethane	RT	298.15	single_liquid_phase	True	100.0	release promotion-v2
Phthalates	P3 DEHP	Di-(2-ethylhexyl) phthalate	Phthalates/Bis(2-ethylhexyl)_phthalate.orcacosmo	neutral	BJQHLKABXJIVAM-UHFFFAOYSA-N	dichloromethane	high	312.15	single_liquid_phase	True	100.0	release promotion-v2
Phthalates	P3 DEHP	Di-(2-ethylhexyl) phthalate	Phthalates/Bis(2-ethylhexyl)_phthalate.orcacosmo	neutral	BJQHLKABXJIVAM-UHFFFAOYSA-N	dimethyl sulfoxide	RT	298.15	single_liquid_phase	True	100.0	release promotion-v2
Phthalates	P3 DEHP	Di-(2-ethylhexyl) phthalate	Phthalates/Bis(2-ethylhexyl)_phthalate.orcacosmo	neutral	BJQHLKABXJIVAM-UHFFFAOYSA-N	dimethyl sulfoxide	high	393.15	single_liquid_phase	True	100.0	release promotion-v2
Phthalates	P3 DEHP	Di-(2-ethylhexyl) phthalate	Phthalates/Bis(2-ethylhexyl)_phthalate.orcacosmo	neutral	BJQHLKABXJIVAM-UHFFFAOYSA-N	diphenyl ether	RT	298.15	single_liquid_phase	True	100.0	release promotion-v2
Phthalates	P3 DEHP	Di-(2-ethylhexyl) phthalate	Phthalates/Bis(2-ethylhexyl)_phthalate.orcacosmo	neutral	BJQHLKABXJIVAM-UHFFFAOYSA-N	diphenyl ether	high	393.15	single_liquid_phase	True	100.0	release promotion-v2
Phthalates	P3 DEHP	Di-(2-ethylhexyl) phthalate	Phthalates/Bis(2-ethylhexyl)_phthalate.orcacosmo	neutral	BJQHLKABXJIVAM-UHFFFAOYSA-N	dodecane	RT	298.15	single_liquid_phase	True	100.0	release promotion-v2
Phthalates	P3 DEHP	Di-(2-ethylhexyl) phthalate	Phthalates/Bis(2-ethylhexyl)_phthalate.orcacosmo	neutral	BJQHLKABXJIVAM-UHFFFAOYSA-N	dodecane	high	393.15	single_liquid_phase	True	100.0	release promotion-v2
Phthalates	P3 DEHP	Di-(2-ethylhexyl) phthalate	Phthalates/Bis(2-ethylhexyl)_phthalate.orcacosmo	neutral	BJQHLKABXJIVAM-UHFFFAOYSA-N	ethanol	RT	298.15	single_liquid_phase	True	100.0	release promotion-v2
Phthalates	P3 DEHP	Di-(2-ethylhexyl) phthalate	Phthalates/Bis(2-ethylhexyl)_phthalate.orcacosmo	neutral	BJQHLKABXJIVAM-UHFFFAOYSA-N	ethanol	high	350.34999999999997	single_liquid_phase	True	100.0	release promotion-v2
Phthalates	P3 DEHP	Di-(2-ethylhexyl) phthalate	Phthalates/Bis(2-ethylhexyl)_phthalate.orcacosmo	neutral	BJQHLKABXJIVAM-UHFFFAOYSA-N	ethyl acetate	RT	298.15	single_liquid_phase	True	100.0	release promotion-v2
Phthalates	P3 DEHP	Di-(2-ethylhexyl) phthalate	Phthalates/Bis(2-ethylhexyl)_phthalate.orcacosmo	neutral	BJQHLKABXJIVAM-UHFFFAOYSA-N	ethyl acetate	high	349.25	single_liquid_phase	True	100.0	release promotion-v2
Phthalates	P3 DEHP	Di-(2-ethylhexyl) phthalate	Phthalates/Bis(2-ethylhexyl)_phthalate.orcacosmo	neutral	BJQHLKABXJIVAM-UHFFFAOYSA-N	ethylene glycol	RT	298.15	two_liquid_phases	False	1.4535208768950658	release promotion-v2
Phthalates	P3 DEHP	Di-(2-ethylhexyl) phthalate	Phthalates/Bis(2-ethylhexyl)_phthalate.orcacosmo	neutral	BJQHLKABXJIVAM-UHFFFAOYSA-N	ethylene glycol	high	393.15	two_liquid_phases	False	7.457724590134609	release promotion-v2
Phthalates	P3 DEHP	Di-(2-ethylhexyl) phthalate	Phthalates/Bis(2-ethylhexyl)_phthalate.orcacosmo	neutral	BJQHLKABXJIVAM-UHFFFAOYSA-N	heptane	RT	298.15	single_liquid_phase	True	100.0	release promotion-v2
Phthalates	P3 DEHP	Di-(2-ethylhexyl) phthalate	Phthalates/Bis(2-ethylhexyl)_phthalate.orcacosmo	neutral	BJQHLKABXJIVAM-UHFFFAOYSA-N	heptane	high	370.65	single_liquid_phase	True	100.0	release promotion-v2
Phthalates	P3 DEHP	Di-(2-ethylhexyl) phthalate	Phthalates/Bis(2-ethylhexyl)_phthalate.orcacosmo	neutral	BJQHLKABXJIVAM-UHFFFAOYSA-N	hexane	RT	298.15	single_liquid_phase	True	100.0	release promotion-v2
Phthalates	P3 DEHP	Di-(2-ethylhexyl) phthalate	Phthalates/Bis(2-ethylhexyl)_phthalate.orcacosmo	neutral	BJQHLKABXJIVAM-UHFFFAOYSA-N	hexane	high	340.84999999999997	single_liquid_phase	True	100.0	release promotion-v2
Phthalates	P3 DEHP	Di-(2-ethylhexyl) phthalate	Phthalates/Bis(2-ethylhexyl)_phthalate.orcacosmo	neutral	BJQHLKABXJIVAM-UHFFFAOYSA-N	isopropanol	RT	298.15	single_liquid_phase	True	100.0	release promotion-v2
Phthalates	P3 DEHP	Di-(2-ethylhexyl) phthalate	Phthalates/Bis(2-ethylhexyl)_phthalate.orcacosmo	neutral	BJQHLKABXJIVAM-UHFFFAOYSA-N	isopropanol	high	354.45	single_liquid_phase	True	100.0	release promotion-v2
Phthalates	P3 DEHP	Di-(2-ethylhexyl) phthalate	Phthalates/Bis(2-ethylhexyl)_phthalate.orcacosmo	neutral	BJQHLKABXJIVAM-UHFFFAOYSA-N	isopropylamine	RT	298.15	single_liquid_phase	True	100.0	release promotion-v2
Phthalates	P3 DEHP	Di-(2-ethylhexyl) phthalate	Phthalates/Bis(2-ethylhexyl)_phthalate.orcacosmo	neutral	BJQHLKABXJIVAM-UHFFFAOYSA-N	isopropylamine	high	303.84999999999997	single_liquid_phase	True	100.0	release promotion-v2
Phthalates	P3 DEHP	Di-(2-ethylhexyl) phthalate	Phthalates/Bis(2-ethylhexyl)_phthalate.orcacosmo	neutral	BJQHLKABXJIVAM-UHFFFAOYSA-N	methanol	RT	298.15	single_liquid_phase	True	100.0	release promotion-v2
Phthalates	P3 DEHP	Di-(2-ethylhexyl) phthalate	Phthalates/Bis(2-ethylhexyl)_phthalate.orcacosmo	neutral	BJQHLKABXJIVAM-UHFFFAOYSA-N	methanol	high	336.7499999999999	single_liquid_phase	True	100.0	release promotion-v2
Phthalates	P3 DEHP	Di-(2-ethylhexyl) phthalate	Phthalates/Bis(2-ethylhexyl)_phthalate.orcacosmo	neutral	BJQHLKABXJIVAM-UHFFFAOYSA-N	methylacetate	RT	298.15	single_liquid_phase	True	100.0	release promotion-v2
Phthalates	P3 DEHP	Di-(2-ethylhexyl) phthalate	Phthalates/Bis(2-ethylhexyl)_phthalate.orcacosmo	neutral	BJQHLKABXJIVAM-UHFFFAOYSA-N	methylacetate	high	328.95	single_liquid_phase	True	100.0	release promotion-v2
Phthalates	P3 DEHP	Di-(2-ethylhexyl) phthalate	Phthalates/Bis(2-ethylhexyl)_phthalate.orcacosmo	neutral	BJQHLKABXJIVAM-UHFFFAOYSA-N	n,n-dimethylformamide	RT	298.15	single_liquid_phase	True	100.0	release promotion-v2
Phthalates	P3 DEHP	Di-(2-ethylhexyl) phthalate	Phthalates/Bis(2-ethylhexyl)_phthalate.orcacosmo	neutral	BJQHLKABXJIVAM-UHFFFAOYSA-N	n,n-dimethylformamide	high	393.15	single_liquid_phase	True	100.0	release promotion-v2
Phthalates	P3 DEHP	Di-(2-ethylhexyl) phthalate	Phthalates/Bis(2-ethylhexyl)_phthalate.orcacosmo	neutral	BJQHLKABXJIVAM-UHFFFAOYSA-N	o-xylene	RT	298.15	single_liquid_phase	True	100.0	release promotion-v2
Phthalates	P3 DEHP	Di-(2-ethylhexyl) phthalate	Phthalates/Bis(2-ethylhexyl)_phthalate.orcacosmo	neutral	BJQHLKABXJIVAM-UHFFFAOYSA-N	o-xylene	high	393.15	single_liquid_phase	True	100.0	release promotion-v2
Phthalates	P3 DEHP	Di-(2-ethylhexyl) phthalate	Phthalates/Bis(2-ethylhexyl)_phthalate.orcacosmo	neutral	BJQHLKABXJIVAM-UHFFFAOYSA-N	tert-butanol	RT	298.15	single_liquid_phase	True	100.0	release promotion-v2
Phthalates	P3 DEHP	Di-(2-ethylhexyl) phthalate	Phthalates/Bis(2-ethylhexyl)_phthalate.orcacosmo	neutral	BJQHLKABXJIVAM-UHFFFAOYSA-N	tert-butanol	high	354.54999999999995	single_liquid_phase	True	100.0	release promotion-v2
Phthalates	P3 DEHP	Di-(2-ethylhexyl) phthalate	Phthalates/Bis(2-ethylhexyl)_phthalate.orcacosmo	neutral	BJQHLKABXJIVAM-UHFFFAOYSA-N	tetrahydrofuran	RT	298.15	single_liquid_phase	True	100.0	release promotion-v2
Phthalates	P3 DEHP	Di-(2-ethylhexyl) phthalate	Phthalates/Bis(2-ethylhexyl)_phthalate.orcacosmo	neutral	BJQHLKABXJIVAM-UHFFFAOYSA-N	tetrahydrofuran	high	337.15	single_liquid_phase	True	100.0	release promotion-v2
Phthalates	P3 DEHP	Di-(2-ethylhexyl) phthalate	Phthalates/Bis(2-ethylhexyl)_phthalate.orcacosmo	neutral	BJQHLKABXJIVAM-UHFFFAOYSA-N	tetrahydropyran	RT	298.15	single_liquid_phase	True	100.0	release promotion-v2
Phthalates	P3 DEHP	Di-(2-ethylhexyl) phthalate	Phthalates/Bis(2-ethylhexyl)_phthalate.orcacosmo	neutral	BJQHLKABXJIVAM-UHFFFAOYSA-N	tetrahydropyran	high	360.15	single_liquid_phase	True	100.0	release promotion-v2
Phthalates	P3 DEHP	Di-(2-ethylhexyl) phthalate	Phthalates/Bis(2-ethylhexyl)_phthalate.orcacosmo	neutral	BJQHLKABXJIVAM-UHFFFAOYSA-N	toluene	RT	298.15	single_liquid_phase	True	100.0	release promotion-v2
Phthalates	P3 DEHP	Di-(2-ethylhexyl) phthalate	Phthalates/Bis(2-ethylhexyl)_phthalate.orcacosmo	neutral	BJQHLKABXJIVAM-UHFFFAOYSA-N	toluene	high	382.75	single_liquid_phase	True	100.0	release promotion-v2
Phthalates	P3 DEHP	Di-(2-ethylhexyl) phthalate	Phthalates/Bis(2-ethylhexyl)_phthalate.orcacosmo	neutral	BJQHLKABXJIVAM-UHFFFAOYSA-N	triethylamine	RT	298.15	single_liquid_phase	True	100.0	release promotion-v2
Phthalates	P3 DEHP	Di-(2-ethylhexyl) phthalate	Phthalates/Bis(2-ethylhexyl)_phthalate.orcacosmo	neutral	BJQHLKABXJIVAM-UHFFFAOYSA-N	triethylamine	high	361.15	single_liquid_phase	True	100.0	release promotion-v2
Phthalates	P3 DEHP	Di-(2-ethylhexyl) phthalate	Phthalates/Bis(2-ethylhexyl)_phthalate.orcacosmo	neutral	BJQHLKABXJIVAM-UHFFFAOYSA-N	water	RT	298.15	two_liquid_phases	False	1.0570447778340446e-08	release promotion-v2
Phthalates	P3 DEHP	Di-(2-ethylhexyl) phthalate	Phthalates/Bis(2-ethylhexyl)_phthalate.orcacosmo	neutral	BJQHLKABXJIVAM-UHFFFAOYSA-N	water	high	372.15	two_liquid_phases	False	4.311023453405522e-07	release promotion-v2
Phthalates	P4 DEP	Diethyl phthalate	Phthalates/Diethyl_Phthalate.orcacosmo	neutral	FLKPEMZONWLCSK-UHFFFAOYSA-N	1,2-propanediol	RT	298.15	single_liquid_phase	True	100.0	release promotion-v2
Phthalates	P4 DEP	Diethyl phthalate	Phthalates/Diethyl_Phthalate.orcacosmo	neutral	FLKPEMZONWLCSK-UHFFFAOYSA-N	1,2-propanediol	high	393.15	single_liquid_phase	True	100.0	release promotion-v2
Phthalates	P4 DEP	Diethyl phthalate	Phthalates/Diethyl_Phthalate.orcacosmo	neutral	FLKPEMZONWLCSK-UHFFFAOYSA-N	1-propanol	RT	298.15	single_liquid_phase	True	100.0	release promotion-v2
Phthalates	P4 DEP	Diethyl phthalate	Phthalates/Diethyl_Phthalate.orcacosmo	neutral	FLKPEMZONWLCSK-UHFFFAOYSA-N	1-propanol	high	369.34999999999997	single_liquid_phase	True	100.0	release promotion-v2
Phthalates	P4 DEP	Diethyl phthalate	Phthalates/Diethyl_Phthalate.orcacosmo	neutral	FLKPEMZONWLCSK-UHFFFAOYSA-N	2,3-dihydropyran	RT	298.15	single_liquid_phase	True	100.0	release promotion-v2
Phthalates	P4 DEP	Diethyl phthalate	Phthalates/Diethyl_Phthalate.orcacosmo	neutral	FLKPEMZONWLCSK-UHFFFAOYSA-N	2,3-dihydropyran	high	358.15	single_liquid_phase	True	100.0	release promotion-v2
Phthalates	P4 DEP	Diethyl phthalate	Phthalates/Diethyl_Phthalate.orcacosmo	neutral	FLKPEMZONWLCSK-UHFFFAOYSA-N	2-butanone	RT	298.15	single_liquid_phase	True	100.0	release promotion-v2
Phthalates	P4 DEP	Diethyl phthalate	Phthalates/Diethyl_Phthalate.orcacosmo	neutral	FLKPEMZONWLCSK-UHFFFAOYSA-N	2-butanone	high	351.65	single_liquid_phase	True	100.0	release promotion-v2
Phthalates	P4 DEP	Diethyl phthalate	Phthalates/Diethyl_Phthalate.orcacosmo	neutral	FLKPEMZONWLCSK-UHFFFAOYSA-N	acetic acid	RT	298.15	single_liquid_phase	True	100.0	release promotion-v2
Phthalates	P4 DEP	Diethyl phthalate	Phthalates/Diethyl_Phthalate.orcacosmo	neutral	FLKPEMZONWLCSK-UHFFFAOYSA-N	acetic acid	high	390.04999999999995	single_liquid_phase	True	100.0	release promotion-v2
Phthalates	P4 DEP	Diethyl phthalate	Phthalates/Diethyl_Phthalate.orcacosmo	neutral	FLKPEMZONWLCSK-UHFFFAOYSA-N	acetone	RT	298.15	single_liquid_phase	True	100.0	release promotion-v2
Phthalates	P4 DEP	Diethyl phthalate	Phthalates/Diethyl_Phthalate.orcacosmo	neutral	FLKPEMZONWLCSK-UHFFFAOYSA-N	acetone	high	328.15	single_liquid_phase	True	100.0	release promotion-v2
Phthalates	P4 DEP	Diethyl phthalate	Phthalates/Diethyl_Phthalate.orcacosmo	neutral	FLKPEMZONWLCSK-UHFFFAOYSA-N	acetylacetone	RT	298.15	single_liquid_phase	True	100.0	release promotion-v2
Phthalates	P4 DEP	Diethyl phthalate	Phthalates/Diethyl_Phthalate.orcacosmo	neutral	FLKPEMZONWLCSK-UHFFFAOYSA-N	acetylacetone	high	393.15	single_liquid_phase	True	100.0	release promotion-v2
Phthalates	P4 DEP	Diethyl phthalate	Phthalates/Diethyl_Phthalate.orcacosmo	neutral	FLKPEMZONWLCSK-UHFFFAOYSA-N	benzene	RT	298.15	single_liquid_phase	True	100.0	release promotion-v2
Phthalates	P4 DEP	Diethyl phthalate	Phthalates/Diethyl_Phthalate.orcacosmo	neutral	FLKPEMZONWLCSK-UHFFFAOYSA-N	benzene	high	352.15	single_liquid_phase	True	100.0	release promotion-v2
Phthalates	P4 DEP	Diethyl phthalate	Phthalates/Diethyl_Phthalate.orcacosmo	neutral	FLKPEMZONWLCSK-UHFFFAOYSA-N	chloroform	RT	298.15	single_liquid_phase	True	100.0	release promotion-v2
Phthalates	P4 DEP	Diethyl phthalate	Phthalates/Diethyl_Phthalate.orcacosmo	neutral	FLKPEMZONWLCSK-UHFFFAOYSA-N	chloroform	high	333.25	single_liquid_phase	True	100.0	release promotion-v2
Phthalates	P4 DEP	Diethyl phthalate	Phthalates/Diethyl_Phthalate.orcacosmo	neutral	FLKPEMZONWLCSK-UHFFFAOYSA-N	cyclohexane	RT	298.15	single_liquid_phase	True	100.0	release promotion-v2
Phthalates	P4 DEP	Diethyl phthalate	Phthalates/Diethyl_Phthalate.orcacosmo	neutral	FLKPEMZONWLCSK-UHFFFAOYSA-N	cyclohexane	high	352.84999999999997	single_liquid_phase	True	100.0	release promotion-v2
Phthalates	P4 DEP	Diethyl phthalate	Phthalates/Diethyl_Phthalate.orcacosmo	neutral	FLKPEMZONWLCSK-UHFFFAOYSA-N	cyclohexanol	RT	298.15	single_liquid_phase	True	100.0	release promotion-v2
Phthalates	P4 DEP	Diethyl phthalate	Phthalates/Diethyl_Phthalate.orcacosmo	neutral	FLKPEMZONWLCSK-UHFFFAOYSA-N	cyclohexanol	high	393.15	single_liquid_phase	True	100.0	release promotion-v2
Phthalates	P4 DEP	Diethyl phthalate	Phthalates/Diethyl_Phthalate.orcacosmo	neutral	FLKPEMZONWLCSK-UHFFFAOYSA-N	dichloromethane	RT	298.15	single_liquid_phase	True	100.0	release promotion-v2
Phthalates	P4 DEP	Diethyl phthalate	Phthalates/Diethyl_Phthalate.orcacosmo	neutral	FLKPEMZONWLCSK-UHFFFAOYSA-N	dichloromethane	high	312.15	single_liquid_phase	True	100.0	release promotion-v2
Phthalates	P4 DEP	Diethyl phthalate	Phthalates/Diethyl_Phthalate.orcacosmo	neutral	FLKPEMZONWLCSK-UHFFFAOYSA-N	dimethyl sulfoxide	RT	298.15	single_liquid_phase	True	100.0	release promotion-v2
Phthalates	P4 DEP	Diethyl phthalate	Phthalates/Diethyl_Phthalate.orcacosmo	neutral	FLKPEMZONWLCSK-UHFFFAOYSA-N	dimethyl sulfoxide	high	393.15	single_liquid_phase	True	100.0	release promotion-v2
Phthalates	P4 DEP	Diethyl phthalate	Phthalates/Diethyl_Phthalate.orcacosmo	neutral	FLKPEMZONWLCSK-UHFFFAOYSA-N	diphenyl ether	RT	298.15	single_liquid_phase	True	100.0	release promotion-v2
Phthalates	P4 DEP	Diethyl phthalate	Phthalates/Diethyl_Phthalate.orcacosmo	neutral	FLKPEMZONWLCSK-UHFFFAOYSA-N	diphenyl ether	high	393.15	single_liquid_phase	True	100.0	release promotion-v2
Phthalates	P4 DEP	Diethyl phthalate	Phthalates/Diethyl_Phthalate.orcacosmo	neutral	FLKPEMZONWLCSK-UHFFFAOYSA-N	dodecane	RT	298.15	single_liquid_phase	True	100.0	release promotion-v2
Phthalates	P4 DEP	Diethyl phthalate	Phthalates/Diethyl_Phthalate.orcacosmo	neutral	FLKPEMZONWLCSK-UHFFFAOYSA-N	dodecane	high	393.15	single_liquid_phase	True	100.0	release promotion-v2
Phthalates	P4 DEP	Diethyl phthalate	Phthalates/Diethyl_Phthalate.orcacosmo	neutral	FLKPEMZONWLCSK-UHFFFAOYSA-N	ethanol	RT	298.15	single_liquid_phase	True	100.0	release promotion-v2
Phthalates	P4 DEP	Diethyl phthalate	Phthalates/Diethyl_Phthalate.orcacosmo	neutral	FLKPEMZONWLCSK-UHFFFAOYSA-N	ethanol	high	350.34999999999997	single_liquid_phase	True	100.0	release promotion-v2
Phthalates	P4 DEP	Diethyl phthalate	Phthalates/Diethyl_Phthalate.orcacosmo	neutral	FLKPEMZONWLCSK-UHFFFAOYSA-N	ethyl acetate	RT	298.15	single_liquid_phase	True	100.0	release promotion-v2
Phthalates	P4 DEP	Diethyl phthalate	Phthalates/Diethyl_Phthalate.orcacosmo	neutral	FLKPEMZONWLCSK-UHFFFAOYSA-N	ethyl acetate	high	349.25	single_liquid_phase	True	100.0	release promotion-v2
Phthalates	P4 DEP	Diethyl phthalate	Phthalates/Diethyl_Phthalate.orcacosmo	neutral	FLKPEMZONWLCSK-UHFFFAOYSA-N	ethylene glycol	RT	298.15	single_liquid_phase	True	100.0	release promotion-v2
Phthalates	P4 DEP	Diethyl phthalate	Phthalates/Diethyl_Phthalate.orcacosmo	neutral	FLKPEMZONWLCSK-UHFFFAOYSA-N	ethylene glycol	high	393.15	single_liquid_phase	True	100.0	release promotion-v2
Phthalates	P4 DEP	Diethyl phthalate	Phthalates/Diethyl_Phthalate.orcacosmo	neutral	FLKPEMZONWLCSK-UHFFFAOYSA-N	heptane	RT	298.15	single_liquid_phase	True	100.0	release promotion-v2
Phthalates	P4 DEP	Diethyl phthalate	Phthalates/Diethyl_Phthalate.orcacosmo	neutral	FLKPEMZONWLCSK-UHFFFAOYSA-N	heptane	high	370.65	single_liquid_phase	True	100.0	release promotion-v2
Phthalates	P4 DEP	Diethyl phthalate	Phthalates/Diethyl_Phthalate.orcacosmo	neutral	FLKPEMZONWLCSK-UHFFFAOYSA-N	hexane	RT	298.15	single_liquid_phase	True	100.0	release promotion-v2
Phthalates	P4 DEP	Diethyl phthalate	Phthalates/Diethyl_Phthalate.orcacosmo	neutral	FLKPEMZONWLCSK-UHFFFAOYSA-N	hexane	high	340.84999999999997	single_liquid_phase	True	100.0	release promotion-v2
Phthalates	P4 DEP	Diethyl phthalate	Phthalates/Diethyl_Phthalate.orcacosmo	neutral	FLKPEMZONWLCSK-UHFFFAOYSA-N	isopropanol	RT	298.15	single_liquid_phase	True	100.0	release promotion-v2
Phthalates	P4 DEP	Diethyl phthalate	Phthalates/Diethyl_Phthalate.orcacosmo	neutral	FLKPEMZONWLCSK-UHFFFAOYSA-N	isopropanol	high	354.45	single_liquid_phase	True	100.0	release promotion-v2
Phthalates	P4 DEP	Diethyl phthalate	Phthalates/Diethyl_Phthalate.orcacosmo	neutral	FLKPEMZONWLCSK-UHFFFAOYSA-N	isopropylamine	RT	298.15	single_liquid_phase	True	100.0	release promotion-v2
Phthalates	P4 DEP	Diethyl phthalate	Phthalates/Diethyl_Phthalate.orcacosmo	neutral	FLKPEMZONWLCSK-UHFFFAOYSA-N	isopropylamine	high	303.84999999999997	single_liquid_phase	True	100.0	release promotion-v2
Phthalates	P4 DEP	Diethyl phthalate	Phthalates/Diethyl_Phthalate.orcacosmo	neutral	FLKPEMZONWLCSK-UHFFFAOYSA-N	methanol	RT	298.15	single_liquid_phase	True	100.0	release promotion-v2
Phthalates	P4 DEP	Diethyl phthalate	Phthalates/Diethyl_Phthalate.orcacosmo	neutral	FLKPEMZONWLCSK-UHFFFAOYSA-N	methanol	high	336.7499999999999	single_liquid_phase	True	100.0	release promotion-v2
Phthalates	P4 DEP	Diethyl phthalate	Phthalates/Diethyl_Phthalate.orcacosmo	neutral	FLKPEMZONWLCSK-UHFFFAOYSA-N	methylacetate	RT	298.15	single_liquid_phase	True	100.0	release promotion-v2
Phthalates	P4 DEP	Diethyl phthalate	Phthalates/Diethyl_Phthalate.orcacosmo	neutral	FLKPEMZONWLCSK-UHFFFAOYSA-N	methylacetate	high	328.95	single_liquid_phase	True	100.0	release promotion-v2
Phthalates	P4 DEP	Diethyl phthalate	Phthalates/Diethyl_Phthalate.orcacosmo	neutral	FLKPEMZONWLCSK-UHFFFAOYSA-N	n,n-dimethylformamide	RT	298.15	single_liquid_phase	True	100.0	release promotion-v2
Phthalates	P4 DEP	Diethyl phthalate	Phthalates/Diethyl_Phthalate.orcacosmo	neutral	FLKPEMZONWLCSK-UHFFFAOYSA-N	n,n-dimethylformamide	high	393.15	single_liquid_phase	True	100.0	release promotion-v2
Phthalates	P4 DEP	Diethyl phthalate	Phthalates/Diethyl_Phthalate.orcacosmo	neutral	FLKPEMZONWLCSK-UHFFFAOYSA-N	o-xylene	RT	298.15	single_liquid_phase	True	100.0	release promotion-v2
Phthalates	P4 DEP	Diethyl phthalate	Phthalates/Diethyl_Phthalate.orcacosmo	neutral	FLKPEMZONWLCSK-UHFFFAOYSA-N	o-xylene	high	393.15	single_liquid_phase	True	100.0	release promotion-v2
Phthalates	P4 DEP	Diethyl phthalate	Phthalates/Diethyl_Phthalate.orcacosmo	neutral	FLKPEMZONWLCSK-UHFFFAOYSA-N	tert-butanol	RT	298.15	single_liquid_phase	True	100.0	release promotion-v2
Phthalates	P4 DEP	Diethyl phthalate	Phthalates/Diethyl_Phthalate.orcacosmo	neutral	FLKPEMZONWLCSK-UHFFFAOYSA-N	tert-butanol	high	354.54999999999995	single_liquid_phase	True	100.0	release promotion-v2
Phthalates	P4 DEP	Diethyl phthalate	Phthalates/Diethyl_Phthalate.orcacosmo	neutral	FLKPEMZONWLCSK-UHFFFAOYSA-N	tetrahydrofuran	RT	298.15	single_liquid_phase	True	100.0	release promotion-v2
Phthalates	P4 DEP	Diethyl phthalate	Phthalates/Diethyl_Phthalate.orcacosmo	neutral	FLKPEMZONWLCSK-UHFFFAOYSA-N	tetrahydrofuran	high	337.15	single_liquid_phase	True	100.0	release promotion-v2
Phthalates	P4 DEP	Diethyl phthalate	Phthalates/Diethyl_Phthalate.orcacosmo	neutral	FLKPEMZONWLCSK-UHFFFAOYSA-N	tetrahydropyran	RT	298.15	single_liquid_phase	True	100.0	release promotion-v2
Phthalates	P4 DEP	Diethyl phthalate	Phthalates/Diethyl_Phthalate.orcacosmo	neutral	FLKPEMZONWLCSK-UHFFFAOYSA-N	tetrahydropyran	high	360.15	single_liquid_phase	True	100.0	release promotion-v2
Phthalates	P4 DEP	Diethyl phthalate	Phthalates/Diethyl_Phthalate.orcacosmo	neutral	FLKPEMZONWLCSK-UHFFFAOYSA-N	toluene	RT	298.15	single_liquid_phase	True	100.0	release promotion-v2
Phthalates	P4 DEP	Diethyl phthalate	Phthalates/Diethyl_Phthalate.orcacosmo	neutral	FLKPEMZONWLCSK-UHFFFAOYSA-N	toluene	high	382.75	single_liquid_phase	True	100.0	release promotion-v2
Phthalates	P4 DEP	Diethyl phthalate	Phthalates/Diethyl_Phthalate.orcacosmo	neutral	FLKPEMZONWLCSK-UHFFFAOYSA-N	triethylamine	RT	298.15	single_liquid_phase	True	100.0	release promotion-v2
Phthalates	P4 DEP	Diethyl phthalate	Phthalates/Diethyl_Phthalate.orcacosmo	neutral	FLKPEMZONWLCSK-UHFFFAOYSA-N	triethylamine	high	361.15	single_liquid_phase	True	100.0	release promotion-v2
Phthalates	P4 DEP	Diethyl phthalate	Phthalates/Diethyl_Phthalate.orcacosmo	neutral	FLKPEMZONWLCSK-UHFFFAOYSA-N	water	RT	298.15	two_liquid_phases	False	0.0241061868516478	release promotion-v2
Phthalates	P4 DEP	Diethyl phthalate	Phthalates/Diethyl_Phthalate.orcacosmo	neutral	FLKPEMZONWLCSK-UHFFFAOYSA-N	water	high	372.15	two_liquid_phases	False	0.08313665608743127	release promotion-v2
Phthalates	P5 DiDP	Di-isodecyl phthalate	Phthalates/Diisodecyl_phthalate.orcacosmo	neutral	ZVFDTKUVRCTHQE-UHFFFAOYSA-N	1,2-propanediol	RT	298.15	two_liquid_phases	False	12.192477211092404	release promotion-v2
Phthalates	P5 DiDP	Di-isodecyl phthalate	Phthalates/Diisodecyl_phthalate.orcacosmo	neutral	ZVFDTKUVRCTHQE-UHFFFAOYSA-N	1,2-propanediol	high	393.15	single_liquid_phase	True	100.0	release promotion-v2
Phthalates	P5 DiDP	Di-isodecyl phthalate	Phthalates/Diisodecyl_phthalate.orcacosmo	neutral	ZVFDTKUVRCTHQE-UHFFFAOYSA-N	1-propanol	RT	298.15	single_liquid_phase	True	100.0	release promotion-v2
Phthalates	P5 DiDP	Di-isodecyl phthalate	Phthalates/Diisodecyl_phthalate.orcacosmo	neutral	ZVFDTKUVRCTHQE-UHFFFAOYSA-N	1-propanol	high	369.34999999999997	single_liquid_phase	True	100.0	release promotion-v2
Phthalates	P5 DiDP	Di-isodecyl phthalate	Phthalates/Diisodecyl_phthalate.orcacosmo	neutral	ZVFDTKUVRCTHQE-UHFFFAOYSA-N	2,3-dihydropyran	RT	298.15	single_liquid_phase	True	100.0	release promotion-v2
Phthalates	P5 DiDP	Di-isodecyl phthalate	Phthalates/Diisodecyl_phthalate.orcacosmo	neutral	ZVFDTKUVRCTHQE-UHFFFAOYSA-N	2,3-dihydropyran	high	358.15	single_liquid_phase	True	100.0	release promotion-v2
Phthalates	P5 DiDP	Di-isodecyl phthalate	Phthalates/Diisodecyl_phthalate.orcacosmo	neutral	ZVFDTKUVRCTHQE-UHFFFAOYSA-N	2-butanone	RT	298.15	single_liquid_phase	True	100.0	release promotion-v2
Phthalates	P5 DiDP	Di-isodecyl phthalate	Phthalates/Diisodecyl_phthalate.orcacosmo	neutral	ZVFDTKUVRCTHQE-UHFFFAOYSA-N	2-butanone	high	351.65	single_liquid_phase	True	100.0	release promotion-v2
Phthalates	P5 DiDP	Di-isodecyl phthalate	Phthalates/Diisodecyl_phthalate.orcacosmo	neutral	ZVFDTKUVRCTHQE-UHFFFAOYSA-N	acetic acid	RT	298.15	two_liquid_phases	False	2.962824742749976	release promotion-v2
Phthalates	P5 DiDP	Di-isodecyl phthalate	Phthalates/Diisodecyl_phthalate.orcacosmo	neutral	ZVFDTKUVRCTHQE-UHFFFAOYSA-N	acetic acid	high	390.04999999999995	two_liquid_phases	False	13.824726561600514	release promotion-v2
Phthalates	P5 DiDP	Di-isodecyl phthalate	Phthalates/Diisodecyl_phthalate.orcacosmo	neutral	ZVFDTKUVRCTHQE-UHFFFAOYSA-N	acetone	RT	298.15	single_liquid_phase	True	100.0	release promotion-v2
Phthalates	P5 DiDP	Di-isodecyl phthalate	Phthalates/Diisodecyl_phthalate.orcacosmo	neutral	ZVFDTKUVRCTHQE-UHFFFAOYSA-N	acetone	high	328.15	single_liquid_phase	True	100.0	release promotion-v2
Phthalates	P5 DiDP	Di-isodecyl phthalate	Phthalates/Diisodecyl_phthalate.orcacosmo	neutral	ZVFDTKUVRCTHQE-UHFFFAOYSA-N	acetylacetone	RT	298.15	single_liquid_phase	True	100.0	release promotion-v2
Phthalates	P5 DiDP	Di-isodecyl phthalate	Phthalates/Diisodecyl_phthalate.orcacosmo	neutral	ZVFDTKUVRCTHQE-UHFFFAOYSA-N	acetylacetone	high	393.15	single_liquid_phase	True	100.0	release promotion-v2
Phthalates	P5 DiDP	Di-isodecyl phthalate	Phthalates/Diisodecyl_phthalate.orcacosmo	neutral	ZVFDTKUVRCTHQE-UHFFFAOYSA-N	benzene	RT	298.15	single_liquid_phase	True	100.0	release promotion-v2
Phthalates	P5 DiDP	Di-isodecyl phthalate	Phthalates/Diisodecyl_phthalate.orcacosmo	neutral	ZVFDTKUVRCTHQE-UHFFFAOYSA-N	benzene	high	352.15	single_liquid_phase	True	100.0	release promotion-v2
Phthalates	P5 DiDP	Di-isodecyl phthalate	Phthalates/Diisodecyl_phthalate.orcacosmo	neutral	ZVFDTKUVRCTHQE-UHFFFAOYSA-N	chloroform	RT	298.15	single_liquid_phase	True	100.0	release promotion-v2
Phthalates	P5 DiDP	Di-isodecyl phthalate	Phthalates/Diisodecyl_phthalate.orcacosmo	neutral	ZVFDTKUVRCTHQE-UHFFFAOYSA-N	chloroform	high	333.25	single_liquid_phase	True	100.0	release promotion-v2
Phthalates	P5 DiDP	Di-isodecyl phthalate	Phthalates/Diisodecyl_phthalate.orcacosmo	neutral	ZVFDTKUVRCTHQE-UHFFFAOYSA-N	cyclohexane	RT	298.15	single_liquid_phase	True	100.0	release promotion-v2
Phthalates	P5 DiDP	Di-isodecyl phthalate	Phthalates/Diisodecyl_phthalate.orcacosmo	neutral	ZVFDTKUVRCTHQE-UHFFFAOYSA-N	cyclohexane	high	352.84999999999997	single_liquid_phase	True	100.0	release promotion-v2
Phthalates	P5 DiDP	Di-isodecyl phthalate	Phthalates/Diisodecyl_phthalate.orcacosmo	neutral	ZVFDTKUVRCTHQE-UHFFFAOYSA-N	cyclohexanol	RT	298.15	single_liquid_phase	True	100.0	release promotion-v2
Phthalates	P5 DiDP	Di-isodecyl phthalate	Phthalates/Diisodecyl_phthalate.orcacosmo	neutral	ZVFDTKUVRCTHQE-UHFFFAOYSA-N	cyclohexanol	high	393.15	single_liquid_phase	True	100.0	release promotion-v2
Phthalates	P5 DiDP	Di-isodecyl phthalate	Phthalates/Diisodecyl_phthalate.orcacosmo	neutral	ZVFDTKUVRCTHQE-UHFFFAOYSA-N	dichloromethane	RT	298.15	single_liquid_phase	True	100.0	release promotion-v2
Phthalates	P5 DiDP	Di-isodecyl phthalate	Phthalates/Diisodecyl_phthalate.orcacosmo	neutral	ZVFDTKUVRCTHQE-UHFFFAOYSA-N	dichloromethane	high	312.15	single_liquid_phase	True	100.0	release promotion-v2
Phthalates	P5 DiDP	Di-isodecyl phthalate	Phthalates/Diisodecyl_phthalate.orcacosmo	neutral	ZVFDTKUVRCTHQE-UHFFFAOYSA-N	dimethyl sulfoxide	RT	298.15	single_liquid_phase	True	100.0	release promotion-v2
Phthalates	P5 DiDP	Di-isodecyl phthalate	Phthalates/Diisodecyl_phthalate.orcacosmo	neutral	ZVFDTKUVRCTHQE-UHFFFAOYSA-N	dimethyl sulfoxide	high	393.15	single_liquid_phase	True	100.0	release promotion-v2
Phthalates	P5 DiDP	Di-isodecyl phthalate	Phthalates/Diisodecyl_phthalate.orcacosmo	neutral	ZVFDTKUVRCTHQE-UHFFFAOYSA-N	diphenyl ether	RT	298.15	single_liquid_phase	True	100.0	release promotion-v2
Phthalates	P5 DiDP	Di-isodecyl phthalate	Phthalates/Diisodecyl_phthalate.orcacosmo	neutral	ZVFDTKUVRCTHQE-UHFFFAOYSA-N	diphenyl ether	high	393.15	single_liquid_phase	True	100.0	release promotion-v2
Phthalates	P5 DiDP	Di-isodecyl phthalate	Phthalates/Diisodecyl_phthalate.orcacosmo	neutral	ZVFDTKUVRCTHQE-UHFFFAOYSA-N	dodecane	RT	298.15	single_liquid_phase	True	100.0	release promotion-v2
Phthalates	P5 DiDP	Di-isodecyl phthalate	Phthalates/Diisodecyl_phthalate.orcacosmo	neutral	ZVFDTKUVRCTHQE-UHFFFAOYSA-N	dodecane	high	393.15	single_liquid_phase	True	100.0	release promotion-v2
Phthalates	P5 DiDP	Di-isodecyl phthalate	Phthalates/Diisodecyl_phthalate.orcacosmo	neutral	ZVFDTKUVRCTHQE-UHFFFAOYSA-N	ethanol	RT	298.15	single_liquid_phase	True	100.0	release promotion-v2
Phthalates	P5 DiDP	Di-isodecyl phthalate	Phthalates/Diisodecyl_phthalate.orcacosmo	neutral	ZVFDTKUVRCTHQE-UHFFFAOYSA-N	ethanol	high	350.34999999999997	single_liquid_phase	True	100.0	release promotion-v2
Phthalates	P5 DiDP	Di-isodecyl phthalate	Phthalates/Diisodecyl_phthalate.orcacosmo	neutral	ZVFDTKUVRCTHQE-UHFFFAOYSA-N	ethyl acetate	RT	298.15	single_liquid_phase	True	100.0	release promotion-v2
Phthalates	P5 DiDP	Di-isodecyl phthalate	Phthalates/Diisodecyl_phthalate.orcacosmo	neutral	ZVFDTKUVRCTHQE-UHFFFAOYSA-N	ethyl acetate	high	349.25	single_liquid_phase	True	100.0	release promotion-v2
Phthalates	P5 DiDP	Di-isodecyl phthalate	Phthalates/Diisodecyl_phthalate.orcacosmo	neutral	ZVFDTKUVRCTHQE-UHFFFAOYSA-N	ethylene glycol	RT	298.15	two_liquid_phases	False	0.47608328934152244	release promotion-v2
Phthalates	P5 DiDP	Di-isodecyl phthalate	Phthalates/Diisodecyl_phthalate.orcacosmo	neutral	ZVFDTKUVRCTHQE-UHFFFAOYSA-N	ethylene glycol	high	393.15	two_liquid_phases	False	3.2983303478509387	release promotion-v2
Phthalates	P5 DiDP	Di-isodecyl phthalate	Phthalates/Diisodecyl_phthalate.orcacosmo	neutral	ZVFDTKUVRCTHQE-UHFFFAOYSA-N	heptane	RT	298.15	single_liquid_phase	True	100.0	release promotion-v2
Phthalates	P5 DiDP	Di-isodecyl phthalate	Phthalates/Diisodecyl_phthalate.orcacosmo	neutral	ZVFDTKUVRCTHQE-UHFFFAOYSA-N	heptane	high	370.65	single_liquid_phase	True	100.0	release promotion-v2
Phthalates	P5 DiDP	Di-isodecyl phthalate	Phthalates/Diisodecyl_phthalate.orcacosmo	neutral	ZVFDTKUVRCTHQE-UHFFFAOYSA-N	hexane	RT	298.15	single_liquid_phase	True	100.0	release promotion-v2
Phthalates	P5 DiDP	Di-isodecyl phthalate	Phthalates/Diisodecyl_phthalate.orcacosmo	neutral	ZVFDTKUVRCTHQE-UHFFFAOYSA-N	hexane	high	340.84999999999997	single_liquid_phase	True	100.0	release promotion-v2
Phthalates	P5 DiDP	Di-isodecyl phthalate	Phthalates/Diisodecyl_phthalate.orcacosmo	neutral	ZVFDTKUVRCTHQE-UHFFFAOYSA-N	isopropanol	RT	298.15	single_liquid_phase	True	100.0	release promotion-v2
Phthalates	P5 DiDP	Di-isodecyl phthalate	Phthalates/Diisodecyl_phthalate.orcacosmo	neutral	ZVFDTKUVRCTHQE-UHFFFAOYSA-N	isopropanol	high	354.45	single_liquid_phase	True	100.0	release promotion-v2
Phthalates	P5 DiDP	Di-isodecyl phthalate	Phthalates/Diisodecyl_phthalate.orcacosmo	neutral	ZVFDTKUVRCTHQE-UHFFFAOYSA-N	isopropylamine	RT	298.15	single_liquid_phase	True	100.0	release promotion-v2
Phthalates	P5 DiDP	Di-isodecyl phthalate	Phthalates/Diisodecyl_phthalate.orcacosmo	neutral	ZVFDTKUVRCTHQE-UHFFFAOYSA-N	isopropylamine	high	303.84999999999997	single_liquid_phase	True	100.0	release promotion-v2
Phthalates	P5 DiDP	Di-isodecyl phthalate	Phthalates/Diisodecyl_phthalate.orcacosmo	neutral	ZVFDTKUVRCTHQE-UHFFFAOYSA-N	methanol	RT	298.15	two_liquid_phases	True	18.12589415400005	release promotion-v2
Phthalates	P5 DiDP	Di-isodecyl phthalate	Phthalates/Diisodecyl_phthalate.orcacosmo	neutral	ZVFDTKUVRCTHQE-UHFFFAOYSA-N	methanol	high	336.7499999999999	single_liquid_phase	True	100.0	release promotion-v2
Phthalates	P5 DiDP	Di-isodecyl phthalate	Phthalates/Diisodecyl_phthalate.orcacosmo	neutral	ZVFDTKUVRCTHQE-UHFFFAOYSA-N	methylacetate	RT	298.15	single_liquid_phase	True	100.0	release promotion-v2
Phthalates	P5 DiDP	Di-isodecyl phthalate	Phthalates/Diisodecyl_phthalate.orcacosmo	neutral	ZVFDTKUVRCTHQE-UHFFFAOYSA-N	methylacetate	high	328.95	single_liquid_phase	True	100.0	release promotion-v2
Phthalates	P5 DiDP	Di-isodecyl phthalate	Phthalates/Diisodecyl_phthalate.orcacosmo	neutral	ZVFDTKUVRCTHQE-UHFFFAOYSA-N	n,n-dimethylformamide	RT	298.15	single_liquid_phase	True	100.0	release promotion-v2
Phthalates	P5 DiDP	Di-isodecyl phthalate	Phthalates/Diisodecyl_phthalate.orcacosmo	neutral	ZVFDTKUVRCTHQE-UHFFFAOYSA-N	n,n-dimethylformamide	high	393.15	single_liquid_phase	True	100.0	release promotion-v2
Phthalates	P5 DiDP	Di-isodecyl phthalate	Phthalates/Diisodecyl_phthalate.orcacosmo	neutral	ZVFDTKUVRCTHQE-UHFFFAOYSA-N	o-xylene	RT	298.15	single_liquid_phase	True	100.0	release promotion-v2
Phthalates	P5 DiDP	Di-isodecyl phthalate	Phthalates/Diisodecyl_phthalate.orcacosmo	neutral	ZVFDTKUVRCTHQE-UHFFFAOYSA-N	o-xylene	high	393.15	single_liquid_phase	True	100.0	release promotion-v2
Phthalates	P5 DiDP	Di-isodecyl phthalate	Phthalates/Diisodecyl_phthalate.orcacosmo	neutral	ZVFDTKUVRCTHQE-UHFFFAOYSA-N	tert-butanol	RT	298.15	single_liquid_phase	True	100.0	release promotion-v2
Phthalates	P5 DiDP	Di-isodecyl phthalate	Phthalates/Diisodecyl_phthalate.orcacosmo	neutral	ZVFDTKUVRCTHQE-UHFFFAOYSA-N	tert-butanol	high	354.54999999999995	single_liquid_phase	True	100.0	release promotion-v2
Phthalates	P5 DiDP	Di-isodecyl phthalate	Phthalates/Diisodecyl_phthalate.orcacosmo	neutral	ZVFDTKUVRCTHQE-UHFFFAOYSA-N	tetrahydrofuran	RT	298.15	single_liquid_phase	True	100.0	release promotion-v2
Phthalates	P5 DiDP	Di-isodecyl phthalate	Phthalates/Diisodecyl_phthalate.orcacosmo	neutral	ZVFDTKUVRCTHQE-UHFFFAOYSA-N	tetrahydrofuran	high	337.15	single_liquid_phase	True	100.0	release promotion-v2
Phthalates	P5 DiDP	Di-isodecyl phthalate	Phthalates/Diisodecyl_phthalate.orcacosmo	neutral	ZVFDTKUVRCTHQE-UHFFFAOYSA-N	tetrahydropyran	RT	298.15	single_liquid_phase	True	100.0	release promotion-v2
Phthalates	P5 DiDP	Di-isodecyl phthalate	Phthalates/Diisodecyl_phthalate.orcacosmo	neutral	ZVFDTKUVRCTHQE-UHFFFAOYSA-N	tetrahydropyran	high	360.15	single_liquid_phase	True	100.0	release promotion-v2
Phthalates	P5 DiDP	Di-isodecyl phthalate	Phthalates/Diisodecyl_phthalate.orcacosmo	neutral	ZVFDTKUVRCTHQE-UHFFFAOYSA-N	toluene	RT	298.15	single_liquid_phase	True	100.0	release promotion-v2
Phthalates	P5 DiDP	Di-isodecyl phthalate	Phthalates/Diisodecyl_phthalate.orcacosmo	neutral	ZVFDTKUVRCTHQE-UHFFFAOYSA-N	toluene	high	382.75	single_liquid_phase	True	100.0	release promotion-v2
Phthalates	P5 DiDP	Di-isodecyl phthalate	Phthalates/Diisodecyl_phthalate.orcacosmo	neutral	ZVFDTKUVRCTHQE-UHFFFAOYSA-N	triethylamine	RT	298.15	single_liquid_phase	True	100.0	release promotion-v2
Phthalates	P5 DiDP	Di-isodecyl phthalate	Phthalates/Diisodecyl_phthalate.orcacosmo	neutral	ZVFDTKUVRCTHQE-UHFFFAOYSA-N	triethylamine	high	361.15	single_liquid_phase	True	100.0	release promotion-v2
Phthalates	P5 DiDP	Di-isodecyl phthalate	Phthalates/Diisodecyl_phthalate.orcacosmo	neutral	ZVFDTKUVRCTHQE-UHFFFAOYSA-N	water	RT	298.15	two_liquid_phases	False	5.733533969721727e-11	release promotion-v2
Phthalates	P5 DiDP	Di-isodecyl phthalate	Phthalates/Diisodecyl_phthalate.orcacosmo	neutral	ZVFDTKUVRCTHQE-UHFFFAOYSA-N	water	high	372.15	two_liquid_phases	False	6.467106372979827e-09	release promotion-v2
Phthalates	P6 DiNP	Di-isononyl phthalate	Phthalates/Diisononyl_phthalate.orcacosmo	neutral	HBGGXOJOCNVPFY-UHFFFAOYSA-N	1,2-propanediol	RT	298.15	two_liquid_phases	True	19.338266511365298	release promotion-v2
Phthalates	P6 DiNP	Di-isononyl phthalate	Phthalates/Diisononyl_phthalate.orcacosmo	neutral	HBGGXOJOCNVPFY-UHFFFAOYSA-N	1,2-propanediol	high	393.15	single_liquid_phase	True	100.0	release promotion-v2
Phthalates	P6 DiNP	Di-isononyl phthalate	Phthalates/Diisononyl_phthalate.orcacosmo	neutral	HBGGXOJOCNVPFY-UHFFFAOYSA-N	1-propanol	RT	298.15	single_liquid_phase	True	100.0	release promotion-v2
Phthalates	P6 DiNP	Di-isononyl phthalate	Phthalates/Diisononyl_phthalate.orcacosmo	neutral	HBGGXOJOCNVPFY-UHFFFAOYSA-N	1-propanol	high	369.34999999999997	single_liquid_phase	True	100.0	release promotion-v2
Phthalates	P6 DiNP	Di-isononyl phthalate	Phthalates/Diisononyl_phthalate.orcacosmo	neutral	HBGGXOJOCNVPFY-UHFFFAOYSA-N	2,3-dihydropyran	RT	298.15	single_liquid_phase	True	100.0	release promotion-v2
Phthalates	P6 DiNP	Di-isononyl phthalate	Phthalates/Diisononyl_phthalate.orcacosmo	neutral	HBGGXOJOCNVPFY-UHFFFAOYSA-N	2,3-dihydropyran	high	358.15	single_liquid_phase	True	100.0	release promotion-v2
Phthalates	P6 DiNP	Di-isononyl phthalate	Phthalates/Diisononyl_phthalate.orcacosmo	neutral	HBGGXOJOCNVPFY-UHFFFAOYSA-N	2-butanone	RT	298.15	single_liquid_phase	True	100.0	release promotion-v2
Phthalates	P6 DiNP	Di-isononyl phthalate	Phthalates/Diisononyl_phthalate.orcacosmo	neutral	HBGGXOJOCNVPFY-UHFFFAOYSA-N	2-butanone	high	351.65	single_liquid_phase	True	100.0	release promotion-v2
Phthalates	P6 DiNP	Di-isononyl phthalate	Phthalates/Diisononyl_phthalate.orcacosmo	neutral	HBGGXOJOCNVPFY-UHFFFAOYSA-N	acetic acid	RT	298.15	two_liquid_phases	False	5.501535095016733	release promotion-v2
Phthalates	P6 DiNP	Di-isononyl phthalate	Phthalates/Diisononyl_phthalate.orcacosmo	neutral	HBGGXOJOCNVPFY-UHFFFAOYSA-N	acetic acid	high	390.04999999999995	two_liquid_phases	True	25.67629168422738	release promotion-v2
Phthalates	P6 DiNP	Di-isononyl phthalate	Phthalates/Diisononyl_phthalate.orcacosmo	neutral	HBGGXOJOCNVPFY-UHFFFAOYSA-N	acetone	RT	298.15	single_liquid_phase	True	100.0	release promotion-v2
Phthalates	P6 DiNP	Di-isononyl phthalate	Phthalates/Diisononyl_phthalate.orcacosmo	neutral	HBGGXOJOCNVPFY-UHFFFAOYSA-N	acetone	high	328.15	single_liquid_phase	True	100.0	release promotion-v2
Phthalates	P6 DiNP	Di-isononyl phthalate	Phthalates/Diisononyl_phthalate.orcacosmo	neutral	HBGGXOJOCNVPFY-UHFFFAOYSA-N	acetylacetone	RT	298.15	single_liquid_phase	True	100.0	release promotion-v2
Phthalates	P6 DiNP	Di-isononyl phthalate	Phthalates/Diisononyl_phthalate.orcacosmo	neutral	HBGGXOJOCNVPFY-UHFFFAOYSA-N	acetylacetone	high	393.15	single_liquid_phase	True	100.0	release promotion-v2
Phthalates	P6 DiNP	Di-isononyl phthalate	Phthalates/Diisononyl_phthalate.orcacosmo	neutral	HBGGXOJOCNVPFY-UHFFFAOYSA-N	benzene	RT	298.15	single_liquid_phase	True	100.0	release promotion-v2
Phthalates	P6 DiNP	Di-isononyl phthalate	Phthalates/Diisononyl_phthalate.orcacosmo	neutral	HBGGXOJOCNVPFY-UHFFFAOYSA-N	benzene	high	352.15	single_liquid_phase	True	100.0	release promotion-v2
Phthalates	P6 DiNP	Di-isononyl phthalate	Phthalates/Diisononyl_phthalate.orcacosmo	neutral	HBGGXOJOCNVPFY-UHFFFAOYSA-N	chloroform	RT	298.15	single_liquid_phase	True	100.0	release promotion-v2
Phthalates	P6 DiNP	Di-isononyl phthalate	Phthalates/Diisononyl_phthalate.orcacosmo	neutral	HBGGXOJOCNVPFY-UHFFFAOYSA-N	chloroform	high	333.25	single_liquid_phase	True	100.0	release promotion-v2
Phthalates	P6 DiNP	Di-isononyl phthalate	Phthalates/Diisononyl_phthalate.orcacosmo	neutral	HBGGXOJOCNVPFY-UHFFFAOYSA-N	cyclohexane	RT	298.15	single_liquid_phase	True	100.0	release promotion-v2
Phthalates	P6 DiNP	Di-isononyl phthalate	Phthalates/Diisononyl_phthalate.orcacosmo	neutral	HBGGXOJOCNVPFY-UHFFFAOYSA-N	cyclohexane	high	352.84999999999997	single_liquid_phase	True	100.0	release promotion-v2
Phthalates	P6 DiNP	Di-isononyl phthalate	Phthalates/Diisononyl_phthalate.orcacosmo	neutral	HBGGXOJOCNVPFY-UHFFFAOYSA-N	cyclohexanol	RT	298.15	single_liquid_phase	True	100.0	release promotion-v2
Phthalates	P6 DiNP	Di-isononyl phthalate	Phthalates/Diisononyl_phthalate.orcacosmo	neutral	HBGGXOJOCNVPFY-UHFFFAOYSA-N	cyclohexanol	high	393.15	single_liquid_phase	True	100.0	release promotion-v2
Phthalates	P6 DiNP	Di-isononyl phthalate	Phthalates/Diisononyl_phthalate.orcacosmo	neutral	HBGGXOJOCNVPFY-UHFFFAOYSA-N	dichloromethane	RT	298.15	single_liquid_phase	True	100.0	release promotion-v2
Phthalates	P6 DiNP	Di-isononyl phthalate	Phthalates/Diisononyl_phthalate.orcacosmo	neutral	HBGGXOJOCNVPFY-UHFFFAOYSA-N	dichloromethane	high	312.15	single_liquid_phase	True	100.0	release promotion-v2
Phthalates	P6 DiNP	Di-isononyl phthalate	Phthalates/Diisononyl_phthalate.orcacosmo	neutral	HBGGXOJOCNVPFY-UHFFFAOYSA-N	dimethyl sulfoxide	RT	298.15	single_liquid_phase	True	100.0	release promotion-v2
Phthalates	P6 DiNP	Di-isononyl phthalate	Phthalates/Diisononyl_phthalate.orcacosmo	neutral	HBGGXOJOCNVPFY-UHFFFAOYSA-N	dimethyl sulfoxide	high	393.15	single_liquid_phase	True	100.0	release promotion-v2
Phthalates	P6 DiNP	Di-isononyl phthalate	Phthalates/Diisononyl_phthalate.orcacosmo	neutral	HBGGXOJOCNVPFY-UHFFFAOYSA-N	diphenyl ether	RT	298.15	single_liquid_phase	True	100.0	release promotion-v2
Phthalates	P6 DiNP	Di-isononyl phthalate	Phthalates/Diisononyl_phthalate.orcacosmo	neutral	HBGGXOJOCNVPFY-UHFFFAOYSA-N	diphenyl ether	high	393.15	single_liquid_phase	True	100.0	release promotion-v2
Phthalates	P6 DiNP	Di-isononyl phthalate	Phthalates/Diisononyl_phthalate.orcacosmo	neutral	HBGGXOJOCNVPFY-UHFFFAOYSA-N	dodecane	RT	298.15	single_liquid_phase	True	100.0	release promotion-v2
Phthalates	P6 DiNP	Di-isononyl phthalate	Phthalates/Diisononyl_phthalate.orcacosmo	neutral	HBGGXOJOCNVPFY-UHFFFAOYSA-N	dodecane	high	393.15	single_liquid_phase	True	100.0	release promotion-v2
Phthalates	P6 DiNP	Di-isononyl phthalate	Phthalates/Diisononyl_phthalate.orcacosmo	neutral	HBGGXOJOCNVPFY-UHFFFAOYSA-N	ethanol	RT	298.15	single_liquid_phase	True	100.0	release promotion-v2
Phthalates	P6 DiNP	Di-isononyl phthalate	Phthalates/Diisononyl_phthalate.orcacosmo	neutral	HBGGXOJOCNVPFY-UHFFFAOYSA-N	ethanol	high	350.34999999999997	single_liquid_phase	True	100.0	release promotion-v2
Phthalates	P6 DiNP	Di-isononyl phthalate	Phthalates/Diisononyl_phthalate.orcacosmo	neutral	HBGGXOJOCNVPFY-UHFFFAOYSA-N	ethyl acetate	RT	298.15	single_liquid_phase	True	100.0	release promotion-v2
Phthalates	P6 DiNP	Di-isononyl phthalate	Phthalates/Diisononyl_phthalate.orcacosmo	neutral	HBGGXOJOCNVPFY-UHFFFAOYSA-N	ethyl acetate	high	349.25	single_liquid_phase	True	100.0	release promotion-v2
Phthalates	P6 DiNP	Di-isononyl phthalate	Phthalates/Diisononyl_phthalate.orcacosmo	neutral	HBGGXOJOCNVPFY-UHFFFAOYSA-N	ethylene glycol	RT	298.15	two_liquid_phases	False	0.8698795986565537	release promotion-v2
Phthalates	P6 DiNP	Di-isononyl phthalate	Phthalates/Diisononyl_phthalate.orcacosmo	neutral	HBGGXOJOCNVPFY-UHFFFAOYSA-N	ethylene glycol	high	393.15	two_liquid_phases	False	5.100192336867121	release promotion-v2
Phthalates	P6 DiNP	Di-isononyl phthalate	Phthalates/Diisononyl_phthalate.orcacosmo	neutral	HBGGXOJOCNVPFY-UHFFFAOYSA-N	heptane	RT	298.15	single_liquid_phase	True	100.0	release promotion-v2
Phthalates	P6 DiNP	Di-isononyl phthalate	Phthalates/Diisononyl_phthalate.orcacosmo	neutral	HBGGXOJOCNVPFY-UHFFFAOYSA-N	heptane	high	370.65	single_liquid_phase	True	100.0	release promotion-v2
Phthalates	P6 DiNP	Di-isononyl phthalate	Phthalates/Diisononyl_phthalate.orcacosmo	neutral	HBGGXOJOCNVPFY-UHFFFAOYSA-N	hexane	RT	298.15	single_liquid_phase	True	100.0	release promotion-v2
Phthalates	P6 DiNP	Di-isononyl phthalate	Phthalates/Diisononyl_phthalate.orcacosmo	neutral	HBGGXOJOCNVPFY-UHFFFAOYSA-N	hexane	high	340.84999999999997	single_liquid_phase	True	100.0	release promotion-v2
Phthalates	P6 DiNP	Di-isononyl phthalate	Phthalates/Diisononyl_phthalate.orcacosmo	neutral	HBGGXOJOCNVPFY-UHFFFAOYSA-N	isopropanol	RT	298.15	single_liquid_phase	True	100.0	release promotion-v2
Phthalates	P6 DiNP	Di-isononyl phthalate	Phthalates/Diisononyl_phthalate.orcacosmo	neutral	HBGGXOJOCNVPFY-UHFFFAOYSA-N	isopropanol	high	354.45	single_liquid_phase	True	100.0	release promotion-v2
Phthalates	P6 DiNP	Di-isononyl phthalate	Phthalates/Diisononyl_phthalate.orcacosmo	neutral	HBGGXOJOCNVPFY-UHFFFAOYSA-N	isopropylamine	RT	298.15	single_liquid_phase	True	100.0	release promotion-v2
Phthalates	P6 DiNP	Di-isononyl phthalate	Phthalates/Diisononyl_phthalate.orcacosmo	neutral	HBGGXOJOCNVPFY-UHFFFAOYSA-N	isopropylamine	high	303.84999999999997	single_liquid_phase	True	100.0	release promotion-v2
Phthalates	P6 DiNP	Di-isononyl phthalate	Phthalates/Diisononyl_phthalate.orcacosmo	neutral	HBGGXOJOCNVPFY-UHFFFAOYSA-N	methanol	RT	298.15	two_liquid_phases	True	27.81884303235492	release promotion-v2
Phthalates	P6 DiNP	Di-isononyl phthalate	Phthalates/Diisononyl_phthalate.orcacosmo	neutral	HBGGXOJOCNVPFY-UHFFFAOYSA-N	methanol	high	336.7499999999999	single_liquid_phase	True	100.0	release promotion-v2
Phthalates	P6 DiNP	Di-isononyl phthalate	Phthalates/Diisononyl_phthalate.orcacosmo	neutral	HBGGXOJOCNVPFY-UHFFFAOYSA-N	methylacetate	RT	298.15	single_liquid_phase	True	100.0	release promotion-v2
Phthalates	P6 DiNP	Di-isononyl phthalate	Phthalates/Diisononyl_phthalate.orcacosmo	neutral	HBGGXOJOCNVPFY-UHFFFAOYSA-N	methylacetate	high	328.95	single_liquid_phase	True	100.0	release promotion-v2
Phthalates	P6 DiNP	Di-isononyl phthalate	Phthalates/Diisononyl_phthalate.orcacosmo	neutral	HBGGXOJOCNVPFY-UHFFFAOYSA-N	n,n-dimethylformamide	RT	298.15	single_liquid_phase	True	100.0	release promotion-v2
Phthalates	P6 DiNP	Di-isononyl phthalate	Phthalates/Diisononyl_phthalate.orcacosmo	neutral	HBGGXOJOCNVPFY-UHFFFAOYSA-N	n,n-dimethylformamide	high	393.15	single_liquid_phase	True	100.0	release promotion-v2
Phthalates	P6 DiNP	Di-isononyl phthalate	Phthalates/Diisononyl_phthalate.orcacosmo	neutral	HBGGXOJOCNVPFY-UHFFFAOYSA-N	o-xylene	RT	298.15	single_liquid_phase	True	100.0	release promotion-v2
Phthalates	P6 DiNP	Di-isononyl phthalate	Phthalates/Diisononyl_phthalate.orcacosmo	neutral	HBGGXOJOCNVPFY-UHFFFAOYSA-N	o-xylene	high	393.15	single_liquid_phase	True	100.0	release promotion-v2
Phthalates	P6 DiNP	Di-isononyl phthalate	Phthalates/Diisononyl_phthalate.orcacosmo	neutral	HBGGXOJOCNVPFY-UHFFFAOYSA-N	tert-butanol	RT	298.15	single_liquid_phase	True	100.0	release promotion-v2
Phthalates	P6 DiNP	Di-isononyl phthalate	Phthalates/Diisononyl_phthalate.orcacosmo	neutral	HBGGXOJOCNVPFY-UHFFFAOYSA-N	tert-butanol	high	354.54999999999995	single_liquid_phase	True	100.0	release promotion-v2
Phthalates	P6 DiNP	Di-isononyl phthalate	Phthalates/Diisononyl_phthalate.orcacosmo	neutral	HBGGXOJOCNVPFY-UHFFFAOYSA-N	tetrahydrofuran	RT	298.15	single_liquid_phase	True	100.0	release promotion-v2
Phthalates	P6 DiNP	Di-isononyl phthalate	Phthalates/Diisononyl_phthalate.orcacosmo	neutral	HBGGXOJOCNVPFY-UHFFFAOYSA-N	tetrahydrofuran	high	337.15	single_liquid_phase	True	100.0	release promotion-v2
Phthalates	P6 DiNP	Di-isononyl phthalate	Phthalates/Diisononyl_phthalate.orcacosmo	neutral	HBGGXOJOCNVPFY-UHFFFAOYSA-N	tetrahydropyran	RT	298.15	single_liquid_phase	True	100.0	release promotion-v2
Phthalates	P6 DiNP	Di-isononyl phthalate	Phthalates/Diisononyl_phthalate.orcacosmo	neutral	HBGGXOJOCNVPFY-UHFFFAOYSA-N	tetrahydropyran	high	360.15	single_liquid_phase	True	100.0	release promotion-v2
Phthalates	P6 DiNP	Di-isononyl phthalate	Phthalates/Diisononyl_phthalate.orcacosmo	neutral	HBGGXOJOCNVPFY-UHFFFAOYSA-N	toluene	RT	298.15	single_liquid_phase	True	100.0	release promotion-v2
Phthalates	P6 DiNP	Di-isononyl phthalate	Phthalates/Diisononyl_phthalate.orcacosmo	neutral	HBGGXOJOCNVPFY-UHFFFAOYSA-N	toluene	high	382.75	single_liquid_phase	True	100.0	release promotion-v2
Phthalates	P6 DiNP	Di-isononyl phthalate	Phthalates/Diisononyl_phthalate.orcacosmo	neutral	HBGGXOJOCNVPFY-UHFFFAOYSA-N	triethylamine	RT	298.15	single_liquid_phase	True	100.0	release promotion-v2
Phthalates	P6 DiNP	Di-isononyl phthalate	Phthalates/Diisononyl_phthalate.orcacosmo	neutral	HBGGXOJOCNVPFY-UHFFFAOYSA-N	triethylamine	high	361.15	single_liquid_phase	True	100.0	release promotion-v2
Phthalates	P6 DiNP	Di-isononyl phthalate	Phthalates/Diisononyl_phthalate.orcacosmo	neutral	HBGGXOJOCNVPFY-UHFFFAOYSA-N	water	RT	298.15	two_liquid_phases	False	8.982791293479448e-10	release promotion-v2
Phthalates	P6 DiNP	Di-isononyl phthalate	Phthalates/Diisononyl_phthalate.orcacosmo	neutral	HBGGXOJOCNVPFY-UHFFFAOYSA-N	water	high	372.15	two_liquid_phases	False	5.846566742833661e-08	release promotion-v2
Phthalates	P7 DnHP	Di-n-hexyl phthalate	Phthalates/Dihexyl_phthalate.orcacosmo	neutral	KCXZNSGUUQJJTR-UHFFFAOYSA-N	1,2-propanediol	RT	298.15	single_liquid_phase	True	100.0	release promotion-v2
Phthalates	P7 DnHP	Di-n-hexyl phthalate	Phthalates/Dihexyl_phthalate.orcacosmo	neutral	KCXZNSGUUQJJTR-UHFFFAOYSA-N	1,2-propanediol	high	393.15	single_liquid_phase	True	100.0	release promotion-v2
Phthalates	P7 DnHP	Di-n-hexyl phthalate	Phthalates/Dihexyl_phthalate.orcacosmo	neutral	KCXZNSGUUQJJTR-UHFFFAOYSA-N	1-propanol	RT	298.15	single_liquid_phase	True	100.0	release promotion-v2
Phthalates	P7 DnHP	Di-n-hexyl phthalate	Phthalates/Dihexyl_phthalate.orcacosmo	neutral	KCXZNSGUUQJJTR-UHFFFAOYSA-N	1-propanol	high	369.34999999999997	single_liquid_phase	True	100.0	release promotion-v2
Phthalates	P7 DnHP	Di-n-hexyl phthalate	Phthalates/Dihexyl_phthalate.orcacosmo	neutral	KCXZNSGUUQJJTR-UHFFFAOYSA-N	2,3-dihydropyran	RT	298.15	single_liquid_phase	True	100.0	release promotion-v2
Phthalates	P7 DnHP	Di-n-hexyl phthalate	Phthalates/Dihexyl_phthalate.orcacosmo	neutral	KCXZNSGUUQJJTR-UHFFFAOYSA-N	2,3-dihydropyran	high	358.15	single_liquid_phase	True	100.0	release promotion-v2
Phthalates	P7 DnHP	Di-n-hexyl phthalate	Phthalates/Dihexyl_phthalate.orcacosmo	neutral	KCXZNSGUUQJJTR-UHFFFAOYSA-N	2-butanone	RT	298.15	single_liquid_phase	True	100.0	release promotion-v2
Phthalates	P7 DnHP	Di-n-hexyl phthalate	Phthalates/Dihexyl_phthalate.orcacosmo	neutral	KCXZNSGUUQJJTR-UHFFFAOYSA-N	2-butanone	high	351.65	single_liquid_phase	True	100.0	release promotion-v2
Phthalates	P7 DnHP	Di-n-hexyl phthalate	Phthalates/Dihexyl_phthalate.orcacosmo	neutral	KCXZNSGUUQJJTR-UHFFFAOYSA-N	acetic acid	RT	298.15	two_liquid_phases	True	22.79929085210108	release promotion-v2
Phthalates	P7 DnHP	Di-n-hexyl phthalate	Phthalates/Dihexyl_phthalate.orcacosmo	neutral	KCXZNSGUUQJJTR-UHFFFAOYSA-N	acetic acid	high	390.04999999999995	single_liquid_phase	True	100.0	release promotion-v2
Phthalates	P7 DnHP	Di-n-hexyl phthalate	Phthalates/Dihexyl_phthalate.orcacosmo	neutral	KCXZNSGUUQJJTR-UHFFFAOYSA-N	acetone	RT	298.15	single_liquid_phase	True	100.0	release promotion-v2
Phthalates	P7 DnHP	Di-n-hexyl phthalate	Phthalates/Dihexyl_phthalate.orcacosmo	neutral	KCXZNSGUUQJJTR-UHFFFAOYSA-N	acetone	high	328.15	single_liquid_phase	True	100.0	release promotion-v2
Phthalates	P7 DnHP	Di-n-hexyl phthalate	Phthalates/Dihexyl_phthalate.orcacosmo	neutral	KCXZNSGUUQJJTR-UHFFFAOYSA-N	acetylacetone	RT	298.15	single_liquid_phase	True	100.0	release promotion-v2
Phthalates	P7 DnHP	Di-n-hexyl phthalate	Phthalates/Dihexyl_phthalate.orcacosmo	neutral	KCXZNSGUUQJJTR-UHFFFAOYSA-N	acetylacetone	high	393.15	single_liquid_phase	True	100.0	release promotion-v2
Phthalates	P7 DnHP	Di-n-hexyl phthalate	Phthalates/Dihexyl_phthalate.orcacosmo	neutral	KCXZNSGUUQJJTR-UHFFFAOYSA-N	benzene	RT	298.15	single_liquid_phase	True	100.0	release promotion-v2
Phthalates	P7 DnHP	Di-n-hexyl phthalate	Phthalates/Dihexyl_phthalate.orcacosmo	neutral	KCXZNSGUUQJJTR-UHFFFAOYSA-N	benzene	high	352.15	single_liquid_phase	True	100.0	release promotion-v2
Phthalates	P7 DnHP	Di-n-hexyl phthalate	Phthalates/Dihexyl_phthalate.orcacosmo	neutral	KCXZNSGUUQJJTR-UHFFFAOYSA-N	chloroform	RT	298.15	single_liquid_phase	True	100.0	release promotion-v2
Phthalates	P7 DnHP	Di-n-hexyl phthalate	Phthalates/Dihexyl_phthalate.orcacosmo	neutral	KCXZNSGUUQJJTR-UHFFFAOYSA-N	chloroform	high	333.25	single_liquid_phase	True	100.0	release promotion-v2
Phthalates	P7 DnHP	Di-n-hexyl phthalate	Phthalates/Dihexyl_phthalate.orcacosmo	neutral	KCXZNSGUUQJJTR-UHFFFAOYSA-N	cyclohexane	RT	298.15	single_liquid_phase	True	100.0	release promotion-v2
Phthalates	P7 DnHP	Di-n-hexyl phthalate	Phthalates/Dihexyl_phthalate.orcacosmo	neutral	KCXZNSGUUQJJTR-UHFFFAOYSA-N	cyclohexane	high	352.84999999999997	single_liquid_phase	True	100.0	release promotion-v2
Phthalates	P7 DnHP	Di-n-hexyl phthalate	Phthalates/Dihexyl_phthalate.orcacosmo	neutral	KCXZNSGUUQJJTR-UHFFFAOYSA-N	cyclohexanol	RT	298.15	single_liquid_phase	True	100.0	release promotion-v2
Phthalates	P7 DnHP	Di-n-hexyl phthalate	Phthalates/Dihexyl_phthalate.orcacosmo	neutral	KCXZNSGUUQJJTR-UHFFFAOYSA-N	cyclohexanol	high	393.15	single_liquid_phase	True	100.0	release promotion-v2
Phthalates	P7 DnHP	Di-n-hexyl phthalate	Phthalates/Dihexyl_phthalate.orcacosmo	neutral	KCXZNSGUUQJJTR-UHFFFAOYSA-N	dichloromethane	RT	298.15	single_liquid_phase	True	100.0	release promotion-v2
Phthalates	P7 DnHP	Di-n-hexyl phthalate	Phthalates/Dihexyl_phthalate.orcacosmo	neutral	KCXZNSGUUQJJTR-UHFFFAOYSA-N	dichloromethane	high	312.15	single_liquid_phase	True	100.0	release promotion-v2
Phthalates	P7 DnHP	Di-n-hexyl phthalate	Phthalates/Dihexyl_phthalate.orcacosmo	neutral	KCXZNSGUUQJJTR-UHFFFAOYSA-N	dimethyl sulfoxide	RT	298.15	single_liquid_phase	True	100.0	release promotion-v2
Phthalates	P7 DnHP	Di-n-hexyl phthalate	Phthalates/Dihexyl_phthalate.orcacosmo	neutral	KCXZNSGUUQJJTR-UHFFFAOYSA-N	dimethyl sulfoxide	high	393.15	single_liquid_phase	True	100.0	release promotion-v2
Phthalates	P7 DnHP	Di-n-hexyl phthalate	Phthalates/Dihexyl_phthalate.orcacosmo	neutral	KCXZNSGUUQJJTR-UHFFFAOYSA-N	diphenyl ether	RT	298.15	single_liquid_phase	True	100.0	release promotion-v2
Phthalates	P7 DnHP	Di-n-hexyl phthalate	Phthalates/Dihexyl_phthalate.orcacosmo	neutral	KCXZNSGUUQJJTR-UHFFFAOYSA-N	diphenyl ether	high	393.15	single_liquid_phase	True	100.0	release promotion-v2
Phthalates	P7 DnHP	Di-n-hexyl phthalate	Phthalates/Dihexyl_phthalate.orcacosmo	neutral	KCXZNSGUUQJJTR-UHFFFAOYSA-N	dodecane	RT	298.15	single_liquid_phase	True	100.0	release promotion-v2
Phthalates	P7 DnHP	Di-n-hexyl phthalate	Phthalates/Dihexyl_phthalate.orcacosmo	neutral	KCXZNSGUUQJJTR-UHFFFAOYSA-N	dodecane	high	393.15	single_liquid_phase	True	100.0	release promotion-v2
Phthalates	P7 DnHP	Di-n-hexyl phthalate	Phthalates/Dihexyl_phthalate.orcacosmo	neutral	KCXZNSGUUQJJTR-UHFFFAOYSA-N	ethanol	RT	298.15	single_liquid_phase	True	100.0	release promotion-v2
Phthalates	P7 DnHP	Di-n-hexyl phthalate	Phthalates/Dihexyl_phthalate.orcacosmo	neutral	KCXZNSGUUQJJTR-UHFFFAOYSA-N	ethanol	high	350.34999999999997	single_liquid_phase	True	100.0	release promotion-v2
Phthalates	P7 DnHP	Di-n-hexyl phthalate	Phthalates/Dihexyl_phthalate.orcacosmo	neutral	KCXZNSGUUQJJTR-UHFFFAOYSA-N	ethyl acetate	RT	298.15	single_liquid_phase	True	100.0	release promotion-v2
Phthalates	P7 DnHP	Di-n-hexyl phthalate	Phthalates/Dihexyl_phthalate.orcacosmo	neutral	KCXZNSGUUQJJTR-UHFFFAOYSA-N	ethyl acetate	high	349.25	single_liquid_phase	True	100.0	release promotion-v2
Phthalates	P7 DnHP	Di-n-hexyl phthalate	Phthalates/Dihexyl_phthalate.orcacosmo	neutral	KCXZNSGUUQJJTR-UHFFFAOYSA-N	ethylene glycol	RT	298.15	two_liquid_phases	False	3.816907517924782	release promotion-v2
Phthalates	P7 DnHP	Di-n-hexyl phthalate	Phthalates/Dihexyl_phthalate.orcacosmo	neutral	KCXZNSGUUQJJTR-UHFFFAOYSA-N	ethylene glycol	high	393.15	two_liquid_phases	True	17.642729042936903	release promotion-v2
Phthalates	P7 DnHP	Di-n-hexyl phthalate	Phthalates/Dihexyl_phthalate.orcacosmo	neutral	KCXZNSGUUQJJTR-UHFFFAOYSA-N	heptane	RT	298.15	single_liquid_phase	True	100.0	release promotion-v2
Phthalates	P7 DnHP	Di-n-hexyl phthalate	Phthalates/Dihexyl_phthalate.orcacosmo	neutral	KCXZNSGUUQJJTR-UHFFFAOYSA-N	heptane	high	370.65	single_liquid_phase	True	100.0	release promotion-v2
Phthalates	P7 DnHP	Di-n-hexyl phthalate	Phthalates/Dihexyl_phthalate.orcacosmo	neutral	KCXZNSGUUQJJTR-UHFFFAOYSA-N	hexane	RT	298.15	single_liquid_phase	True	100.0	release promotion-v2
Phthalates	P7 DnHP	Di-n-hexyl phthalate	Phthalates/Dihexyl_phthalate.orcacosmo	neutral	KCXZNSGUUQJJTR-UHFFFAOYSA-N	hexane	high	340.84999999999997	single_liquid_phase	True	100.0	release promotion-v2
Phthalates	P7 DnHP	Di-n-hexyl phthalate	Phthalates/Dihexyl_phthalate.orcacosmo	neutral	KCXZNSGUUQJJTR-UHFFFAOYSA-N	isopropanol	RT	298.15	single_liquid_phase	True	100.0	release promotion-v2
Phthalates	P7 DnHP	Di-n-hexyl phthalate	Phthalates/Dihexyl_phthalate.orcacosmo	neutral	KCXZNSGUUQJJTR-UHFFFAOYSA-N	isopropanol	high	354.45	single_liquid_phase	True	100.0	release promotion-v2
Phthalates	P7 DnHP	Di-n-hexyl phthalate	Phthalates/Dihexyl_phthalate.orcacosmo	neutral	KCXZNSGUUQJJTR-UHFFFAOYSA-N	isopropylamine	RT	298.15	single_liquid_phase	True	100.0	release promotion-v2
Phthalates	P7 DnHP	Di-n-hexyl phthalate	Phthalates/Dihexyl_phthalate.orcacosmo	neutral	KCXZNSGUUQJJTR-UHFFFAOYSA-N	isopropylamine	high	303.84999999999997	single_liquid_phase	True	100.0	release promotion-v2
Phthalates	P7 DnHP	Di-n-hexyl phthalate	Phthalates/Dihexyl_phthalate.orcacosmo	neutral	KCXZNSGUUQJJTR-UHFFFAOYSA-N	methanol	RT	298.15	single_liquid_phase	True	100.0	release promotion-v2
Phthalates	P7 DnHP	Di-n-hexyl phthalate	Phthalates/Dihexyl_phthalate.orcacosmo	neutral	KCXZNSGUUQJJTR-UHFFFAOYSA-N	methanol	high	336.7499999999999	single_liquid_phase	True	100.0	release promotion-v2
Phthalates	P7 DnHP	Di-n-hexyl phthalate	Phthalates/Dihexyl_phthalate.orcacosmo	neutral	KCXZNSGUUQJJTR-UHFFFAOYSA-N	methylacetate	RT	298.15	single_liquid_phase	True	100.0	release promotion-v2
Phthalates	P7 DnHP	Di-n-hexyl phthalate	Phthalates/Dihexyl_phthalate.orcacosmo	neutral	KCXZNSGUUQJJTR-UHFFFAOYSA-N	methylacetate	high	328.95	single_liquid_phase	True	100.0	release promotion-v2
Phthalates	P7 DnHP	Di-n-hexyl phthalate	Phthalates/Dihexyl_phthalate.orcacosmo	neutral	KCXZNSGUUQJJTR-UHFFFAOYSA-N	n,n-dimethylformamide	RT	298.15	single_liquid_phase	True	100.0	release promotion-v2
Phthalates	P7 DnHP	Di-n-hexyl phthalate	Phthalates/Dihexyl_phthalate.orcacosmo	neutral	KCXZNSGUUQJJTR-UHFFFAOYSA-N	n,n-dimethylformamide	high	393.15	single_liquid_phase	True	100.0	release promotion-v2
Phthalates	P7 DnHP	Di-n-hexyl phthalate	Phthalates/Dihexyl_phthalate.orcacosmo	neutral	KCXZNSGUUQJJTR-UHFFFAOYSA-N	o-xylene	RT	298.15	single_liquid_phase	True	100.0	release promotion-v2
Phthalates	P7 DnHP	Di-n-hexyl phthalate	Phthalates/Dihexyl_phthalate.orcacosmo	neutral	KCXZNSGUUQJJTR-UHFFFAOYSA-N	o-xylene	high	393.15	single_liquid_phase	True	100.0	release promotion-v2
Phthalates	P7 DnHP	Di-n-hexyl phthalate	Phthalates/Dihexyl_phthalate.orcacosmo	neutral	KCXZNSGUUQJJTR-UHFFFAOYSA-N	tert-butanol	RT	298.15	single_liquid_phase	True	100.0	release promotion-v2
Phthalates	P7 DnHP	Di-n-hexyl phthalate	Phthalates/Dihexyl_phthalate.orcacosmo	neutral	KCXZNSGUUQJJTR-UHFFFAOYSA-N	tert-butanol	high	354.54999999999995	single_liquid_phase	True	100.0	release promotion-v2
Phthalates	P7 DnHP	Di-n-hexyl phthalate	Phthalates/Dihexyl_phthalate.orcacosmo	neutral	KCXZNSGUUQJJTR-UHFFFAOYSA-N	tetrahydrofuran	RT	298.15	single_liquid_phase	True	100.0	release promotion-v2
Phthalates	P7 DnHP	Di-n-hexyl phthalate	Phthalates/Dihexyl_phthalate.orcacosmo	neutral	KCXZNSGUUQJJTR-UHFFFAOYSA-N	tetrahydrofuran	high	337.15	single_liquid_phase	True	100.0	release promotion-v2
Phthalates	P7 DnHP	Di-n-hexyl phthalate	Phthalates/Dihexyl_phthalate.orcacosmo	neutral	KCXZNSGUUQJJTR-UHFFFAOYSA-N	tetrahydropyran	RT	298.15	single_liquid_phase	True	100.0	release promotion-v2
Phthalates	P7 DnHP	Di-n-hexyl phthalate	Phthalates/Dihexyl_phthalate.orcacosmo	neutral	KCXZNSGUUQJJTR-UHFFFAOYSA-N	tetrahydropyran	high	360.15	single_liquid_phase	True	100.0	release promotion-v2
Phthalates	P7 DnHP	Di-n-hexyl phthalate	Phthalates/Dihexyl_phthalate.orcacosmo	neutral	KCXZNSGUUQJJTR-UHFFFAOYSA-N	toluene	RT	298.15	single_liquid_phase	True	100.0	release promotion-v2
Phthalates	P7 DnHP	Di-n-hexyl phthalate	Phthalates/Dihexyl_phthalate.orcacosmo	neutral	KCXZNSGUUQJJTR-UHFFFAOYSA-N	toluene	high	382.75	single_liquid_phase	True	100.0	release promotion-v2
Phthalates	P7 DnHP	Di-n-hexyl phthalate	Phthalates/Dihexyl_phthalate.orcacosmo	neutral	KCXZNSGUUQJJTR-UHFFFAOYSA-N	triethylamine	RT	298.15	single_liquid_phase	True	100.0	release promotion-v2
Phthalates	P7 DnHP	Di-n-hexyl phthalate	Phthalates/Dihexyl_phthalate.orcacosmo	neutral	KCXZNSGUUQJJTR-UHFFFAOYSA-N	triethylamine	high	361.15	single_liquid_phase	True	100.0	release promotion-v2
Phthalates	P7 DnHP	Di-n-hexyl phthalate	Phthalates/Dihexyl_phthalate.orcacosmo	neutral	KCXZNSGUUQJJTR-UHFFFAOYSA-N	water	RT	298.15	two_liquid_phases	False	5.130215470376332e-07	release promotion-v2
Phthalates	P7 DnHP	Di-n-hexyl phthalate	Phthalates/Dihexyl_phthalate.orcacosmo	neutral	KCXZNSGUUQJJTR-UHFFFAOYSA-N	water	high	372.15	two_liquid_phases	False	1.2392146806963099e-05	release promotion-v2
Phthalates	P8 DnOP	Di-n-octyl phthalate	Phthalates/Dioctyl_phthalate.orcacosmo	neutral	MQIUGAXCHLFZKX-UHFFFAOYSA-N	1,2-propanediol	RT	298.15	two_liquid_phases	True	20.710447553126144	release promotion-v2
Phthalates	P8 DnOP	Di-n-octyl phthalate	Phthalates/Dioctyl_phthalate.orcacosmo	neutral	MQIUGAXCHLFZKX-UHFFFAOYSA-N	1,2-propanediol	high	393.15	single_liquid_phase	True	100.0	release promotion-v2
Phthalates	P8 DnOP	Di-n-octyl phthalate	Phthalates/Dioctyl_phthalate.orcacosmo	neutral	MQIUGAXCHLFZKX-UHFFFAOYSA-N	1-propanol	RT	298.15	single_liquid_phase	True	100.0	release promotion-v2
Phthalates	P8 DnOP	Di-n-octyl phthalate	Phthalates/Dioctyl_phthalate.orcacosmo	neutral	MQIUGAXCHLFZKX-UHFFFAOYSA-N	1-propanol	high	369.34999999999997	single_liquid_phase	True	100.0	release promotion-v2
Phthalates	P8 DnOP	Di-n-octyl phthalate	Phthalates/Dioctyl_phthalate.orcacosmo	neutral	MQIUGAXCHLFZKX-UHFFFAOYSA-N	2,3-dihydropyran	RT	298.15	single_liquid_phase	True	100.0	release promotion-v2
Phthalates	P8 DnOP	Di-n-octyl phthalate	Phthalates/Dioctyl_phthalate.orcacosmo	neutral	MQIUGAXCHLFZKX-UHFFFAOYSA-N	2,3-dihydropyran	high	358.15	single_liquid_phase	True	100.0	release promotion-v2
Phthalates	P8 DnOP	Di-n-octyl phthalate	Phthalates/Dioctyl_phthalate.orcacosmo	neutral	MQIUGAXCHLFZKX-UHFFFAOYSA-N	2-butanone	RT	298.15	single_liquid_phase	True	100.0	release promotion-v2
Phthalates	P8 DnOP	Di-n-octyl phthalate	Phthalates/Dioctyl_phthalate.orcacosmo	neutral	MQIUGAXCHLFZKX-UHFFFAOYSA-N	2-butanone	high	351.65	single_liquid_phase	True	100.0	release promotion-v2
Phthalates	P8 DnOP	Di-n-octyl phthalate	Phthalates/Dioctyl_phthalate.orcacosmo	neutral	MQIUGAXCHLFZKX-UHFFFAOYSA-N	acetic acid	RT	298.15	two_liquid_phases	False	5.730089932427139	release promotion-v2
Phthalates	P8 DnOP	Di-n-octyl phthalate	Phthalates/Dioctyl_phthalate.orcacosmo	neutral	MQIUGAXCHLFZKX-UHFFFAOYSA-N	acetic acid	high	390.04999999999995	two_liquid_phases	True	29.794750024579837	release promotion-v2
Phthalates	P8 DnOP	Di-n-octyl phthalate	Phthalates/Dioctyl_phthalate.orcacosmo	neutral	MQIUGAXCHLFZKX-UHFFFAOYSA-N	acetone	RT	298.15	single_liquid_phase	True	100.0	release promotion-v2
Phthalates	P8 DnOP	Di-n-octyl phthalate	Phthalates/Dioctyl_phthalate.orcacosmo	neutral	MQIUGAXCHLFZKX-UHFFFAOYSA-N	acetone	high	328.15	single_liquid_phase	True	100.0	release promotion-v2
Phthalates	P8 DnOP	Di-n-octyl phthalate	Phthalates/Dioctyl_phthalate.orcacosmo	neutral	MQIUGAXCHLFZKX-UHFFFAOYSA-N	acetylacetone	RT	298.15	single_liquid_phase	True	100.0	release promotion-v2
Phthalates	P8 DnOP	Di-n-octyl phthalate	Phthalates/Dioctyl_phthalate.orcacosmo	neutral	MQIUGAXCHLFZKX-UHFFFAOYSA-N	acetylacetone	high	393.15	single_liquid_phase	True	100.0	release promotion-v2
Phthalates	P8 DnOP	Di-n-octyl phthalate	Phthalates/Dioctyl_phthalate.orcacosmo	neutral	MQIUGAXCHLFZKX-UHFFFAOYSA-N	benzene	RT	298.15	single_liquid_phase	True	100.0	release promotion-v2
Phthalates	P8 DnOP	Di-n-octyl phthalate	Phthalates/Dioctyl_phthalate.orcacosmo	neutral	MQIUGAXCHLFZKX-UHFFFAOYSA-N	benzene	high	352.15	single_liquid_phase	True	100.0	release promotion-v2
Phthalates	P8 DnOP	Di-n-octyl phthalate	Phthalates/Dioctyl_phthalate.orcacosmo	neutral	MQIUGAXCHLFZKX-UHFFFAOYSA-N	chloroform	RT	298.15	single_liquid_phase	True	100.0	release promotion-v2
Phthalates	P8 DnOP	Di-n-octyl phthalate	Phthalates/Dioctyl_phthalate.orcacosmo	neutral	MQIUGAXCHLFZKX-UHFFFAOYSA-N	chloroform	high	333.25	single_liquid_phase	True	100.0	release promotion-v2
Phthalates	P8 DnOP	Di-n-octyl phthalate	Phthalates/Dioctyl_phthalate.orcacosmo	neutral	MQIUGAXCHLFZKX-UHFFFAOYSA-N	cyclohexane	RT	298.15	single_liquid_phase	True	100.0	release promotion-v2
Phthalates	P8 DnOP	Di-n-octyl phthalate	Phthalates/Dioctyl_phthalate.orcacosmo	neutral	MQIUGAXCHLFZKX-UHFFFAOYSA-N	cyclohexane	high	352.84999999999997	single_liquid_phase	True	100.0	release promotion-v2
Phthalates	P8 DnOP	Di-n-octyl phthalate	Phthalates/Dioctyl_phthalate.orcacosmo	neutral	MQIUGAXCHLFZKX-UHFFFAOYSA-N	cyclohexanol	RT	298.15	single_liquid_phase	True	100.0	release promotion-v2
Phthalates	P8 DnOP	Di-n-octyl phthalate	Phthalates/Dioctyl_phthalate.orcacosmo	neutral	MQIUGAXCHLFZKX-UHFFFAOYSA-N	cyclohexanol	high	393.15	single_liquid_phase	True	100.0	release promotion-v2
Phthalates	P8 DnOP	Di-n-octyl phthalate	Phthalates/Dioctyl_phthalate.orcacosmo	neutral	MQIUGAXCHLFZKX-UHFFFAOYSA-N	dichloromethane	RT	298.15	single_liquid_phase	True	100.0	release promotion-v2
Phthalates	P8 DnOP	Di-n-octyl phthalate	Phthalates/Dioctyl_phthalate.orcacosmo	neutral	MQIUGAXCHLFZKX-UHFFFAOYSA-N	dichloromethane	high	312.15	single_liquid_phase	True	100.0	release promotion-v2
Phthalates	P8 DnOP	Di-n-octyl phthalate	Phthalates/Dioctyl_phthalate.orcacosmo	neutral	MQIUGAXCHLFZKX-UHFFFAOYSA-N	dimethyl sulfoxide	RT	298.15	single_liquid_phase	True	100.0	release promotion-v2
Phthalates	P8 DnOP	Di-n-octyl phthalate	Phthalates/Dioctyl_phthalate.orcacosmo	neutral	MQIUGAXCHLFZKX-UHFFFAOYSA-N	dimethyl sulfoxide	high	393.15	single_liquid_phase	True	100.0	release promotion-v2
Phthalates	P8 DnOP	Di-n-octyl phthalate	Phthalates/Dioctyl_phthalate.orcacosmo	neutral	MQIUGAXCHLFZKX-UHFFFAOYSA-N	diphenyl ether	RT	298.15	single_liquid_phase	True	100.0	release promotion-v2
Phthalates	P8 DnOP	Di-n-octyl phthalate	Phthalates/Dioctyl_phthalate.orcacosmo	neutral	MQIUGAXCHLFZKX-UHFFFAOYSA-N	diphenyl ether	high	393.15	single_liquid_phase	True	100.0	release promotion-v2
Phthalates	P8 DnOP	Di-n-octyl phthalate	Phthalates/Dioctyl_phthalate.orcacosmo	neutral	MQIUGAXCHLFZKX-UHFFFAOYSA-N	dodecane	RT	298.15	single_liquid_phase	True	100.0	release promotion-v2
Phthalates	P8 DnOP	Di-n-octyl phthalate	Phthalates/Dioctyl_phthalate.orcacosmo	neutral	MQIUGAXCHLFZKX-UHFFFAOYSA-N	dodecane	high	393.15	single_liquid_phase	True	100.0	release promotion-v2
Phthalates	P8 DnOP	Di-n-octyl phthalate	Phthalates/Dioctyl_phthalate.orcacosmo	neutral	MQIUGAXCHLFZKX-UHFFFAOYSA-N	ethanol	RT	298.15	single_liquid_phase	True	100.0	release promotion-v2
Phthalates	P8 DnOP	Di-n-octyl phthalate	Phthalates/Dioctyl_phthalate.orcacosmo	neutral	MQIUGAXCHLFZKX-UHFFFAOYSA-N	ethanol	high	350.34999999999997	single_liquid_phase	True	100.0	release promotion-v2
Phthalates	P8 DnOP	Di-n-octyl phthalate	Phthalates/Dioctyl_phthalate.orcacosmo	neutral	MQIUGAXCHLFZKX-UHFFFAOYSA-N	ethyl acetate	RT	298.15	single_liquid_phase	True	100.0	release promotion-v2
Phthalates	P8 DnOP	Di-n-octyl phthalate	Phthalates/Dioctyl_phthalate.orcacosmo	neutral	MQIUGAXCHLFZKX-UHFFFAOYSA-N	ethyl acetate	high	349.25	single_liquid_phase	True	100.0	release promotion-v2
Phthalates	P8 DnOP	Di-n-octyl phthalate	Phthalates/Dioctyl_phthalate.orcacosmo	neutral	MQIUGAXCHLFZKX-UHFFFAOYSA-N	ethylene glycol	RT	298.15	two_liquid_phases	False	1.108309535664874	release promotion-v2
Phthalates	P8 DnOP	Di-n-octyl phthalate	Phthalates/Dioctyl_phthalate.orcacosmo	neutral	MQIUGAXCHLFZKX-UHFFFAOYSA-N	ethylene glycol	high	393.15	two_liquid_phases	False	6.181308084835721	release promotion-v2
Phthalates	P8 DnOP	Di-n-octyl phthalate	Phthalates/Dioctyl_phthalate.orcacosmo	neutral	MQIUGAXCHLFZKX-UHFFFAOYSA-N	heptane	RT	298.15	single_liquid_phase	True	100.0	release promotion-v2
Phthalates	P8 DnOP	Di-n-octyl phthalate	Phthalates/Dioctyl_phthalate.orcacosmo	neutral	MQIUGAXCHLFZKX-UHFFFAOYSA-N	heptane	high	370.65	single_liquid_phase	True	100.0	release promotion-v2
Phthalates	P8 DnOP	Di-n-octyl phthalate	Phthalates/Dioctyl_phthalate.orcacosmo	neutral	MQIUGAXCHLFZKX-UHFFFAOYSA-N	hexane	RT	298.15	single_liquid_phase	True	100.0	release promotion-v2
Phthalates	P8 DnOP	Di-n-octyl phthalate	Phthalates/Dioctyl_phthalate.orcacosmo	neutral	MQIUGAXCHLFZKX-UHFFFAOYSA-N	hexane	high	340.84999999999997	single_liquid_phase	True	100.0	release promotion-v2
Phthalates	P8 DnOP	Di-n-octyl phthalate	Phthalates/Dioctyl_phthalate.orcacosmo	neutral	MQIUGAXCHLFZKX-UHFFFAOYSA-N	isopropanol	RT	298.15	single_liquid_phase	True	100.0	release promotion-v2
Phthalates	P8 DnOP	Di-n-octyl phthalate	Phthalates/Dioctyl_phthalate.orcacosmo	neutral	MQIUGAXCHLFZKX-UHFFFAOYSA-N	isopropanol	high	354.45	single_liquid_phase	True	100.0	release promotion-v2
Phthalates	P8 DnOP	Di-n-octyl phthalate	Phthalates/Dioctyl_phthalate.orcacosmo	neutral	MQIUGAXCHLFZKX-UHFFFAOYSA-N	isopropylamine	RT	298.15	single_liquid_phase	True	100.0	release promotion-v2
Phthalates	P8 DnOP	Di-n-octyl phthalate	Phthalates/Dioctyl_phthalate.orcacosmo	neutral	MQIUGAXCHLFZKX-UHFFFAOYSA-N	isopropylamine	high	303.84999999999997	single_liquid_phase	True	100.0	release promotion-v2
Phthalates	P8 DnOP	Di-n-octyl phthalate	Phthalates/Dioctyl_phthalate.orcacosmo	neutral	MQIUGAXCHLFZKX-UHFFFAOYSA-N	methanol	RT	298.15	two_liquid_phases	True	34.973840804710825	release promotion-v2
Phthalates	P8 DnOP	Di-n-octyl phthalate	Phthalates/Dioctyl_phthalate.orcacosmo	neutral	MQIUGAXCHLFZKX-UHFFFAOYSA-N	methanol	high	336.7499999999999	single_liquid_phase	True	100.0	release promotion-v2
Phthalates	P8 DnOP	Di-n-octyl phthalate	Phthalates/Dioctyl_phthalate.orcacosmo	neutral	MQIUGAXCHLFZKX-UHFFFAOYSA-N	methylacetate	RT	298.15	single_liquid_phase	True	100.0	release promotion-v2
Phthalates	P8 DnOP	Di-n-octyl phthalate	Phthalates/Dioctyl_phthalate.orcacosmo	neutral	MQIUGAXCHLFZKX-UHFFFAOYSA-N	methylacetate	high	328.95	single_liquid_phase	True	100.0	release promotion-v2
Phthalates	P8 DnOP	Di-n-octyl phthalate	Phthalates/Dioctyl_phthalate.orcacosmo	neutral	MQIUGAXCHLFZKX-UHFFFAOYSA-N	n,n-dimethylformamide	RT	298.15	single_liquid_phase	True	100.0	release promotion-v2
Phthalates	P8 DnOP	Di-n-octyl phthalate	Phthalates/Dioctyl_phthalate.orcacosmo	neutral	MQIUGAXCHLFZKX-UHFFFAOYSA-N	n,n-dimethylformamide	high	393.15	single_liquid_phase	True	100.0	release promotion-v2
Phthalates	P8 DnOP	Di-n-octyl phthalate	Phthalates/Dioctyl_phthalate.orcacosmo	neutral	MQIUGAXCHLFZKX-UHFFFAOYSA-N	o-xylene	RT	298.15	single_liquid_phase	True	100.0	release promotion-v2
Phthalates	P8 DnOP	Di-n-octyl phthalate	Phthalates/Dioctyl_phthalate.orcacosmo	neutral	MQIUGAXCHLFZKX-UHFFFAOYSA-N	o-xylene	high	393.15	single_liquid_phase	True	100.0	release promotion-v2
Phthalates	P8 DnOP	Di-n-octyl phthalate	Phthalates/Dioctyl_phthalate.orcacosmo	neutral	MQIUGAXCHLFZKX-UHFFFAOYSA-N	tert-butanol	RT	298.15	single_liquid_phase	True	100.0	release promotion-v2
Phthalates	P8 DnOP	Di-n-octyl phthalate	Phthalates/Dioctyl_phthalate.orcacosmo	neutral	MQIUGAXCHLFZKX-UHFFFAOYSA-N	tert-butanol	high	354.54999999999995	single_liquid_phase	True	100.0	release promotion-v2
Phthalates	P8 DnOP	Di-n-octyl phthalate	Phthalates/Dioctyl_phthalate.orcacosmo	neutral	MQIUGAXCHLFZKX-UHFFFAOYSA-N	tetrahydrofuran	RT	298.15	single_liquid_phase	True	100.0	release promotion-v2
Phthalates	P8 DnOP	Di-n-octyl phthalate	Phthalates/Dioctyl_phthalate.orcacosmo	neutral	MQIUGAXCHLFZKX-UHFFFAOYSA-N	tetrahydrofuran	high	337.15	single_liquid_phase	True	100.0	release promotion-v2
Phthalates	P8 DnOP	Di-n-octyl phthalate	Phthalates/Dioctyl_phthalate.orcacosmo	neutral	MQIUGAXCHLFZKX-UHFFFAOYSA-N	tetrahydropyran	RT	298.15	single_liquid_phase	True	100.0	release promotion-v2
Phthalates	P8 DnOP	Di-n-octyl phthalate	Phthalates/Dioctyl_phthalate.orcacosmo	neutral	MQIUGAXCHLFZKX-UHFFFAOYSA-N	tetrahydropyran	high	360.15	single_liquid_phase	True	100.0	release promotion-v2
Phthalates	P8 DnOP	Di-n-octyl phthalate	Phthalates/Dioctyl_phthalate.orcacosmo	neutral	MQIUGAXCHLFZKX-UHFFFAOYSA-N	toluene	RT	298.15	single_liquid_phase	True	100.0	release promotion-v2
Phthalates	P8 DnOP	Di-n-octyl phthalate	Phthalates/Dioctyl_phthalate.orcacosmo	neutral	MQIUGAXCHLFZKX-UHFFFAOYSA-N	toluene	high	382.75	single_liquid_phase	True	100.0	release promotion-v2
Phthalates	P8 DnOP	Di-n-octyl phthalate	Phthalates/Dioctyl_phthalate.orcacosmo	neutral	MQIUGAXCHLFZKX-UHFFFAOYSA-N	triethylamine	RT	298.15	single_liquid_phase	True	100.0	release promotion-v2
Phthalates	P8 DnOP	Di-n-octyl phthalate	Phthalates/Dioctyl_phthalate.orcacosmo	neutral	MQIUGAXCHLFZKX-UHFFFAOYSA-N	triethylamine	high	361.15	single_liquid_phase	True	100.0	release promotion-v2
Phthalates	P8 DnOP	Di-n-octyl phthalate	Phthalates/Dioctyl_phthalate.orcacosmo	neutral	MQIUGAXCHLFZKX-UHFFFAOYSA-N	water	RT	298.15	two_liquid_phases	False	3.4475861522441965e-09	release promotion-v2
Phthalates	P8 DnOP	Di-n-octyl phthalate	Phthalates/Dioctyl_phthalate.orcacosmo	neutral	MQIUGAXCHLFZKX-UHFFFAOYSA-N	water	high	372.15	two_liquid_phases	False	1.9931327784812994e-07	release promotion-v2
