polymer,convention,solute,solvent,A_logP_concentration,B_logP_concentration,delta_B_minus_A,A_logP_x,B_logP_x,sign_changed
evoh,normalized,DEP,"1,2-propanediol",0.07736588451256371,0.19068759939762459,0.11332171488506088,-0.36921264251959424,-0.24955221820487428,False
evoh,normalized,DEP,1-propanol,0.416744671054602,0.4249342653956867,0.008189594341084683,-0.02173147108564144,-0.00720316731489767,False
evoh,normalized,DEP,"2,3-dihydropyran",1.024016637896639,0.9479592962457661,-0.07605734165087297,0.6701670804156858,0.6004484481944719,False
evoh,normalized,DEP,2-butanone,1.098674281453298,0.9438277604580249,-0.15484652099527307,0.7405324104659416,0.5920245989003275,False
evoh,normalized,DEP,acetic acid,0.7082174725415855,0.5105565637281935,-0.19766090881339204,0.15405767511978172,-0.037264524263951104,False
evoh,normalized,DEP,acetone,1.2455109841075007,1.038285001801318,-0.2072259823061826,0.801047802064549,0.6001605291880254,False
evoh,normalized,DEP,acetylacetone,0.8384314307003249,0.6525262425814085,-0.18590518811891643,0.5373101013725653,0.35774362268330784,False
evoh,normalized,DEP,benzene,1.0494566762387,1.0164866013232712,-0.032970074915428915,0.6868603822457832,0.6602290167600133,False
evoh,normalized,DEP,chloroform,3.993597100915334,2.1519583562195637,-1.8416387446957705,3.586501606995006,1.7512015717288947,False
evoh,normalized,DEP,cyclohexane,0.09276066630160981,0.047122267551425456,-0.045638398750184356,-0.18481570770959652,-0.2241153970301218,False
evoh,normalized,DEP,cyclohexanol,0.28106937454767017,0.33942101220194654,0.05835163765427637,-0.007632334912458122,0.057058012171477414,False
evoh,normalized,DEP,dichloromethane,2.9384931962095515,1.8394323223943452,-1.0990608738152063,2.43066559546854,1.337943431082993,False
evoh,normalized,DEP,dimethyl sulfoxide,0.934716332536612,0.8262563788443937,-0.10845995369221828,0.4740030550646523,0.37188181080209304,False
evoh,normalized,DEP,diphenyl ether,0.7744547908186475,0.6757115556443769,-0.09874323517427064,0.5757290136365527,0.46862411116989694,False
evoh,normalized,DEP,dodecane,-0.35279348198230265,-0.39103201626776674,-0.03823853428546409,-0.30793206158671377,-0.33983188644251877,False
evoh,normalized,DEP,ethanol,0.4811499354814809,0.45686095722808406,-0.02428897825339682,-0.06458896148424176,-0.08253923030797948,False
evoh,normalized,DEP,ethyl acetate,0.9874988823242936,0.8683441037591325,-0.1191547785651611,0.6669989931216326,0.5541829239861306,False
evoh,normalized,DEP,ethylene glycol,-0.19956630440365497,-0.0815349787723536,0.11803132563130136,-0.7659625877921443,-0.6415925527311839,False
evoh,normalized,DEP,heptane,-0.12078698514761654,-0.17970425917303037,-0.05891727402541383,-0.26613936594656656,-0.3187179305423213,False
evoh,normalized,DEP,hexane,-0.04351493577916132,-0.10122105657706018,-0.05770612079789886,-0.23826662122612316,-0.28963403259436293,False
evoh,normalized,DEP,isopropanol,0.4135262942561307,0.45961848068440525,0.04609218642827456,-0.014342352024435243,0.038088543833498474,False
evoh,normalized,DEP,isopropylamine,0.6858535026035143,0.853681880430778,0.16782837782726368,0.3085035773873684,0.48267066464429126,False
evoh,normalized,DEP,methanol,0.40478269503744724,0.3963992244841071,-0.008383470553340155,-0.2996304704622311,-0.3016752315859123,False
evoh,normalized,DEP,methylacetate,1.1146736715288026,0.9756778779379587,-0.1389957935908439,0.7035392222800838,0.570882138118899,False
evoh,normalized,DEP,"n,n-dimethylformamide",1.2063959341020118,1.023590858193903,-0.1828050759081088,0.7808377873601605,0.6043714208817109,False
evoh,normalized,DEP,o-xylene,0.6813686976895619,0.6375966284904107,-0.04377206919915122,0.45130700099862125,0.4138736412291292,False
evoh,normalized,DEP,tert-butanol,0.44839339005714324,0.4283276183167632,-0.020065771740380045,0.11177118901740597,0.09804412670668501,False
evoh,normalized,DEP,tetrahydrofuran,1.2209257455968336,1.1361832784626595,-0.0847424671341741,0.8193664522716027,0.7409626945670876,False
evoh,normalized,DEP,tetrahydropyran,0.9847486461546715,0.9300035793359023,-0.05474506681876923,0.6619119902744441,0.613505632885334,False
evoh,normalized,DEP,toluene,0.8183937313338627,0.7766577515089755,-0.04173597982488719,0.5332310594017781,0.49783378900654995,False
evoh,normalized,DEP,triethylamine,0.3672238562912498,0.3321380997906189,-0.035085756500630894,0.19933539050816904,0.17058834343719725,False
evoh,normalized,DEP,water,-2.283150310746504,-3.4699556679667936,-1.1868053572202895,-3.3401997329104707,-4.520666380701101,False
evoh,normalized,DBP,"1,2-propanediol",-0.06978675329357176,0.14787337725951877,0.21766013055309053,-0.5163652803257297,-0.2923664403429801,True
evoh,normalized,DBP,1-propanol,0.6053693957149218,0.5993396444162751,-0.006029751298646691,0.16689325357467838,0.16720221170569077,False
evoh,normalized,DBP,"2,3-dihydropyran",1.4223971040442223,1.3134285515534319,-0.1089685524907904,1.068547546563269,0.9659177035021377,False
evoh,normalized,DBP,2-butanone,1.3775780514744183,1.1059784146752705,-0.2715996367991478,1.019436180487062,0.7541752531175732,False
evoh,normalized,DBP,acetic acid,0.47839098746131414,0.3841201508841507,-0.09427083657716345,-0.07576880996048964,-0.16370093710799388,False
evoh,normalized,DBP,acetone,1.476081799493267,1.14206321335217,-0.3340185861410969,1.0316186174503152,0.7039387407388773,False
evoh,normalized,DBP,acetylacetone,0.8727380233646533,0.5975112816540841,-0.27522674171056927,0.5716166940368936,0.3027286617559835,False
evoh,normalized,DBP,benzene,1.4669388645261359,1.4102671899676344,-0.05667167455850142,1.104342570533219,1.0540096054043766,False
evoh,normalized,DBP,chloroform,4.484436645130569,2.820334480548876,-1.664102164581693,4.07734115121024,2.419577696058207,False
evoh,normalized,DBP,cyclohexane,0.674308112075435,0.5339761739293192,-0.14033193814611578,0.3967317380642286,0.2627385093477719,False
evoh,normalized,DBP,cyclohexanol,0.5375439395051738,0.5872446436529557,0.04970070414778194,0.24884223004504552,0.30488164362248654,False
evoh,normalized,DBP,dichloromethane,3.3257832595282903,2.2883909268871245,-1.0373923326411658,2.817955658787279,1.7869020355757723,False
evoh,normalized,DBP,dimethyl sulfoxide,0.9730040219426974,0.7537085996096133,-0.21929542233308408,0.5122907444707377,0.2993340315673126,False
evoh,normalized,DBP,diphenyl ether,1.0600762112546638,0.943833397396287,-0.11624281385837676,0.861350434072569,0.736745952921807,False
evoh,normalized,DBP,dodecane,0.07449692295752919,-0.050618710865518855,-0.12511563382304805,0.11935834335311805,0.0005814189597291397,True
evoh,normalized,DBP,ethanol,0.6152145360839932,0.5657748946430509,-0.04943964144094237,0.06947563911827061,0.026374707106987284,False
evoh,normalized,DBP,ethyl acetate,1.2355836110863991,1.0598120973303429,-0.17577151375605626,0.9150837218837381,0.7456509175573408,False
evoh,normalized,DBP,ethylene glycol,-0.5783741958105167,-0.3874099614326866,0.19096423437783017,-1.144770479199006,-0.9474675353915168,False
evoh,normalized,DBP,heptane,0.3805024157967783,0.2281353418421256,-0.15236707395465268,0.23515003499782827,0.0891216704728347,False
evoh,normalized,DBP,hexane,0.48393591673755754,0.3314054055883346,-0.15253051114922295,0.28918423129059573,0.14299242957103184,False
evoh,normalized,DBP,isopropanol,0.6164337104960066,0.6357529890790286,0.01931927858302196,0.18856506421544064,0.21422305222812174,False
evoh,normalized,DBP,isopropylamine,1.0126847260306537,1.1412524465007197,0.12856772047006593,0.6353348008145078,0.7702412307142328,False
evoh,normalized,DBP,methanol,0.4010627897223876,0.3751472731823985,-0.025915516539989136,-0.30335037577729074,-0.3229271828876209,False
evoh,normalized,DBP,methylacetate,1.3120639889639798,1.1128575225585717,-0.19920646640540807,0.9009295397152611,0.7080617827395121,False
evoh,normalized,DBP,"n,n-dimethylformamide",1.3892522863478518,1.100071131625176,-0.2891811547226759,0.9636941396060004,0.6808516943129838,False
evoh,normalized,DBP,o-xylene,1.097324359815172,1.0027816952281077,-0.0945426645870644,0.8672626631242314,0.7790587079668261,False
evoh,normalized,DBP,tert-butanol,0.7082003084329898,0.6448347540681434,-0.06336555436484637,0.3715781073932525,0.3145512624580652,False
evoh,normalized,DBP,tetrahydrofuran,1.6553717791422873,1.5123459611139016,-0.14302581802838565,1.2538124858170563,1.1171253772183296,False
evoh,normalized,DBP,tetrahydropyran,1.4329919342633968,1.3078339388436624,-0.12515799541973438,1.1101552783831694,0.9913359923930941,False
evoh,normalized,DBP,toluene,1.2410996934259342,1.1605693552703598,-0.08053033815557442,0.9559370214938495,0.8817453927679342,False
evoh,normalized,DBP,triethylamine,0.8537767225736802,0.7234583591477324,-0.13031836342594783,0.6858882567905994,0.5619086027943108,False
evoh,normalized,DBP,water,-4.218122632626056,-5.315448415598935,-1.097325782972879,-5.275172054790022,-6.366159128333242,False
evoh,normalized,BBP,"1,2-propanediol",0.05250905064151856,0.19175044155172846,0.1392413909102099,-0.3940694763906394,-0.2484893760507704,False
evoh,normalized,BBP,1-propanol,0.6402782018316916,0.6132268776605105,-0.027051324171181057,0.20180205969144813,0.18108944494992615,False
evoh,normalized,BBP,"2,3-dihydropyran",1.5946600332801646,1.4939522430864185,-0.1007077901937461,1.2408104757992113,1.1464413950351242,False
evoh,normalized,BBP,2-butanone,1.6855319863773661,1.415363303893172,-0.270168682484194,1.3273901153900098,1.0635601423354748,False
evoh,normalized,BBP,acetic acid,0.6745432964436991,0.3647551969493074,-0.30978809949439173,0.1203834990218954,-0.18306589104283716,False
evoh,normalized,BBP,acetone,1.8664867530838938,1.5153421495875354,-0.35114460349635834,1.4220235710409421,1.0772176769742428,False
evoh,normalized,BBP,acetylacetone,1.2504659118546047,0.9510897920646624,-0.2993761197899423,0.9493445825268451,0.6563071721665618,False
evoh,normalized,BBP,benzene,1.5869337826896084,1.5524506930802107,-0.03448308960939772,1.2243374886966913,1.1961931085169528,False
evoh,normalized,BBP,chloroform,4.472690509015131,2.593954361108752,-1.8787361479063795,4.065595015094803,2.1931975766180827,False
evoh,normalized,BBP,cyclohexane,0.5120898652449274,0.44947629451447546,-0.06261357073045193,0.23451349123372103,0.17823862993292824,False
evoh,normalized,BBP,cyclohexanol,0.5248885979365387,0.6005176500115799,0.07562905207504111,0.23618688847641045,0.3181546499811108,False
evoh,normalized,BBP,dichloromethane,3.4787657984484546,2.331253304910936,-1.1475124935375187,2.970938197707443,1.8297644135995836,False
evoh,normalized,BBP,dimethyl sulfoxide,1.407459098778008,1.1891900349965074,-0.21826906378150057,0.9467458213060482,0.7348154669542066,False
evoh,normalized,BBP,diphenyl ether,1.1489218061893514,1.0476997512575892,-0.10122205493176217,0.9501960290072566,0.8406123067831093,False
evoh,normalized,BBP,dodecane,-0.1223074608646274,-0.17779862863444298,-0.05549116776981558,-0.07744604046903855,-0.126598498809195,False
evoh,normalized,BBP,ethanol,0.6992808157466982,0.6012340402664886,-0.09804677548020957,0.15354191878097556,0.06183385273042504,False
evoh,normalized,BBP,ethyl acetate,1.521465690144137,1.322878765508953,-0.19858692463518413,1.2009658009414759,1.008717585735951,False
evoh,normalized,BBP,ethylene glycol,-0.41114807999949143,-0.285190357504421,0.12595772249507042,-0.9775443633879808,-0.8452479314632513,False
evoh,normalized,BBP,heptane,0.20221738678599885,0.10682551226276495,-0.0953918745232339,0.05686500598704882,-0.03218815910652596,False
evoh,normalized,BBP,hexane,0.3111528256122754,0.21406641490236847,-0.09708641070990695,0.11640114016531361,0.02565343888506572,False
evoh,normalized,BBP,isopropanol,0.6548093449099502,0.6744211612470492,0.019611816337098964,0.22694069862938435,0.25289122439614237,False
evoh,normalized,BBP,isopropylamine,1.1062578623618593,1.3004704958922035,0.19421263353034424,0.7289079371457133,0.9294592801057167,False
evoh,normalized,BBP,methanol,0.5348952251029943,0.40918280248946837,-0.1257124226135259,-0.16951794039668408,-0.288891653580551,False
evoh,normalized,BBP,methylacetate,1.6584775171426636,1.4250213321332896,-0.23345618500937393,1.2473430678939448,1.02022559231423,False
evoh,normalized,BBP,"n,n-dimethylformamide",1.8212150100322617,1.510245825964638,-0.31096918406762364,1.3956568632904103,1.0910263886524458,False
evoh,normalized,BBP,o-xylene,1.1499090271033445,1.098503578954672,-0.05140544814867254,0.919847330412404,0.8747805916933905,False
evoh,normalized,BBP,tert-butanol,0.7417443071598755,0.6695221644459297,-0.07222214271394578,0.4051221061201382,0.33923867283585146,False
evoh,normalized,BBP,tetrahydrofuran,1.9221755545158836,1.7883034876543937,-0.1338720668614899,1.5206162611906526,1.3930829037588217,False
evoh,normalized,BBP,tetrahydropyran,1.6233243149203576,1.5391584824679694,-0.08416583245238818,1.3004876590401302,1.2226605360174012,False
evoh,normalized,BBP,toluene,1.3144639456754104,1.2674246462003023,-0.0470392994751081,1.0293012737433256,0.9886006836978767,False
evoh,normalized,BBP,triethylamine,0.8485319778450666,0.758342180325873,-0.09018979751919365,0.6806435120619858,0.5967924239724514,False
evoh,normalized,BBP,water,-4.3219170450170115,-5.7302970660521195,-1.408380021035108,-5.378966467180978,-6.781007778786427,False
evoh,normalized,DEHP,"1,2-propanediol",-0.20742590671292804,0.009202555178801086,0.21662846189172913,-0.654004433745086,-0.4310372624236978,True
evoh,normalized,DEHP,1-propanol,0.9252787782258024,0.8625185167034201,-0.06276026152238234,0.48680263608555896,0.4303810839928357,False
evoh,normalized,DEHP,"2,3-dihydropyran",2.099209136273834,2.059036421348468,-0.040172714925366115,1.7453595787928806,1.711525573297174,False
evoh,normalized,DEHP,2-butanone,1.8586842792441534,1.4921364143144686,-0.3665478649296847,1.500542408256797,1.1403332527567713,False
evoh,normalized,DEHP,acetic acid,0.20305100488966077,-0.09321112553101585,-0.2962621304206766,-0.351108792532143,-0.6410322135231604,True
evoh,normalized,DEHP,acetone,1.8647182133845985,1.428714477846606,-0.43600373553799243,1.4202550313416469,0.9905900052333134,False
evoh,normalized,DEHP,acetylacetone,1.0415303746110698,0.6076313903599075,-0.43389898425116225,0.7404090452833102,0.31284877046180704,False
evoh,normalized,DEHP,benzene,2.1430525180004514,2.1808287157170767,0.037776197716625326,1.7804562240075346,1.8245711311538189,False
evoh,normalized,DEHP,chloroform,5.375142828909372,3.6821366633814976,-1.693006165527874,4.968047334989043,3.2813798788908284,False
evoh,normalized,DEHP,cyclohexane,1.6369695694885786,1.5153614660090422,-0.12160810347953643,1.3593931954773724,1.244123801427495,False
evoh,normalized,DEHP,cyclohexanol,1.0664707055693736,1.0586159610751342,-0.007854744494239396,0.7777689961092453,0.776252961044665,False
evoh,normalized,DEHP,dichloromethane,3.9438923407105215,2.9302182266198225,-1.013674114090699,3.43606473996951,2.42872933530847,False
evoh,normalized,DEHP,dimethyl sulfoxide,1.1411318477750032,0.7748904976622705,-0.36624135011273273,0.6804185703030434,0.3205159296199698,False
evoh,normalized,DEHP,diphenyl ether,1.604210723768273,1.5088429281799256,-0.0953677955883474,1.405484946586178,1.3017554837054457,False
evoh,normalized,DEHP,dodecane,0.7743858611055486,0.6492697796542118,-0.1251160814513368,0.8192472815011375,0.7004699094794599,False
evoh,normalized,DEHP,ethanol,0.8229388412429477,0.6861157163039133,-0.13682312493903437,0.277199944277225,0.14671552876784974,False
evoh,normalized,DEHP,ethyl acetate,1.6412870564711113,1.4842242949868483,-0.157062761484263,1.3207871672684501,1.1700631152138463,False
evoh,normalized,DEHP,ethylene glycol,-1.0940378184251105,-1.0088456097933154,0.08519220863179511,-1.6604341018135997,-1.5689031837521457,False
evoh,normalized,DEHP,heptane,1.1688014904490145,1.0311865754324823,-0.13761491501653222,1.0234491096500644,0.8921729040631913,False
evoh,normalized,DEHP,hexane,1.302212466013768,1.1737924051425381,-0.1284200608712298,1.1074607805668062,0.9853794291252354,False
evoh,normalized,DEHP,isopropanol,0.9725869143430181,0.9162496239856722,-0.056337290357345915,0.5447182680624522,0.49471968713476544,False
evoh,normalized,DEHP,isopropylamine,1.549441573668021,1.691558643994299,0.14211707032627796,1.172091648451875,1.3205474282078122,False
evoh,normalized,DEHP,methanol,0.37075875098052247,0.20351469299215197,-0.1672440579883705,-0.3336544145191559,-0.4945597630778674,False
evoh,normalized,DEHP,methylacetate,1.6387482926420152,1.435136132210779,-0.2036121604312362,1.2276138433932964,1.0303403923917194,False
evoh,normalized,DEHP,"n,n-dimethylformamide",1.7465267723392228,1.3803981772640106,-0.3661285950752122,1.3209686255973714,0.9611787399518185,False
evoh,normalized,DEHP,o-xylene,1.8190539036184274,1.7508112812422614,-0.06824262237616607,1.5889922069274869,1.5270882939809798,False
evoh,normalized,DEHP,tert-butanol,1.2100731654170134,1.016825963122189,-0.1932472022948244,0.8734509643772762,0.6865424715121107,False
evoh,normalized,DEHP,tetrahydrofuran,2.380195155252482,2.3145985867228505,-0.06559656852963158,1.9786358619272508,1.9193780028272784,False
evoh,normalized,DEHP,tetrahydropyran,2.2125679878941518,2.122727643194173,-0.08984034469997892,1.8897313320139244,1.8062296967436045,False
evoh,normalized,DEHP,toluene,1.9411712150528926,1.9276700312700608,-0.013501183782831827,1.6560085431208078,1.6488460687676352,False
evoh,normalized,DEHP,triethylamine,1.6921258337679597,1.5197364936778912,-0.17238934009006845,1.5242373679848789,1.3581867373244696,False
evoh,normalized,DEHP,water,-7.079931668389166,-9.180483754932185,-2.1005520865430185,-8.136981090553133,-10.231194467666493,False
evoh,existing,DEP,"1,2-propanediol",-0.036474276176512443,-0.05073500578809864,-0.014260729611586198,-0.5585180193148331,-0.5896724982261077,False
evoh,existing,DEP,1-propanol,0.3592346844501263,0.23291046530006826,-0.12632421915005804,-0.21104307531402478,-0.3473275901332375,False
evoh,existing,DEP,"2,3-dihydropyran",0.961383398569865,0.747227329129408,-0.21415606944045695,0.48083585521769984,0.2603052438403847,False
evoh,existing,DEP,2-butanone,1.0544815710668736,0.7673622427591252,-0.28711932830774833,0.551198544244297,0.2518816768776896,False
evoh,existing,DEP,acetic acid,0.6258064114304576,0.2889649352180439,-0.33684147621241367,-0.03525079478030399,-0.3773773873888082,False
evoh,existing,DEP,acetone,1.2094733769501533,0.866573361079152,-0.3429000158710014,0.6117110055767986,0.2600165916361194,False
evoh,existing,DEP,acetylacetone,0.7506698171732898,0.4373250694895276,-0.31334474768376225,0.34798214182086323,0.017606669406092967,False
evoh,existing,DEP,benzene,0.9904727866982737,0.814746014857368,-0.17572677184090568,0.49752876018463094,0.3200834035367573,False
evoh,existing,DEP,chloroform,3.906971299089487,1.9277812254340676,-1.9791900736554193,3.3970702315146086,1.411006922313698,False
evoh,existing,DEP,cyclohexane,0.05824892340170762,-0.12690448371319435,-0.18515340711490197,-0.3741076940551685,-0.5642213534069346,True
evoh,existing,DEP,cyclohexanol,0.09175560658347498,-0.0007080627098910997,-0.09246366929336608,-0.1969461028902415,-0.2830710627462577,True
evoh,existing,DEP,dichloromethane,2.749095771318104,1.4992567188156811,-1.249839052502423,2.2412681705635045,0.9977678274984314,False
evoh,existing,DEP,dimethyl sulfoxide,0.8233388766121709,0.5852449431965222,-0.23809393341564866,0.2846685669810336,0.031738402792799845,False
evoh,existing,DEP,diphenyl ether,0.585126364692016,0.3355722960153411,-0.24955406867667485,0.38640058745447714,0.12848485153496364,False
evoh,existing,DEP,dodecane,-0.40534859922060423,-0.5633450144224453,-0.1579964152018411,-0.49724137118860745,-0.6799536048994957,False
evoh,existing,DEP,ethanol,0.43321950352375493,0.2710799819112535,-0.16213952161250145,-0.2538968854161312,-0.4226574388731499,False
evoh,existing,DEP,ethyl acetate,0.9419849407925523,0.6829623442444337,-0.25902259654811866,0.4776679180192588,0.21404144755668286,False
evoh,existing,DEP,ethylene glycol,-0.3284486628589347,-0.34708137983461207,-0.018632716975677366,-0.9552505102925151,-0.9816937493902377,False
evoh,existing,DEP,heptane,-0.1458861257988776,-0.3327986328685192,-0.18691250706964158,-0.45543926440845905,-0.6588305709096752,False
evoh,existing,DEP,hexane,-0.2328119853818689,-0.441331020277934,-0.20851903489606513,-0.4275636708424189,-0.6297439963011342,False
evoh,existing,DEP,isopropanol,0.3635720094830026,0.2796196237745213,-0.08395238570848129,-0.20365394995997857,-0.3020373893774738,False
evoh,existing,DEP,isopropylamine,0.6648331621084772,0.7048113487364547,0.039978186627977474,0.11918316260162475,0.14253220340165845,False
evoh,existing,DEP,methanol,0.21548931225067863,0.05630262257764573,-0.1591866896730329,-0.4889238532625881,-0.641771833498271,False
evoh,existing,DEP,methylacetate,1.0623147543805866,0.7859898936310609,-0.2763248607495258,0.5142067464238903,0.2307401544881759,False
evoh,existing,DEP,"n,n-dimethylformamide",1.1170253996229411,0.7996705302155676,-0.31735486940737356,0.5915013013530044,0.26422600369936816,False
evoh,existing,DEP,o-xylene,0.6095152517426903,0.4317691759164861,-0.17774607582620416,0.26198310295493243,0.07373674031044442,False
evoh,existing,DEP,tert-butanol,0.39564356088634356,0.25246145976476464,-0.14318210112157892,-0.07754522450659107,-0.24208526835359032,False
evoh,existing,DEP,tetrahydrofuran,1.1672968203458225,0.9438749158752424,-0.22342190447058008,0.6300285297190159,0.4008131050053745,False
evoh,existing,DEP,tetrahydropyran,0.9315450170781562,0.7413834168519964,-0.1901616002261598,0.47258007667878454,0.2733610734010885,False
evoh,existing,DEP,toluene,0.7568862205894107,0.5772333752863277,-0.179652845303083,0.34390490127509465,0.15769440531521672,False
evoh,existing,DEP,triethylamine,0.33768755790853666,0.17270509848284624,-0.16498245942569043,0.010016118696918354,-0.16954137638801245,False
evoh,existing,DEP,water,-2.4720245985822116,-3.8094371580378956,-1.337412559455684,-3.5290740207597664,-4.860147870778101,False
evoh,existing,DBP,"1,2-propanediol",-0.1836123511012896,-0.09353848406360832,0.09007386703768128,-0.7056560942396103,-0.6324759765016174,False
evoh,existing,DBP,1-propanol,0.5478574439238509,0.40731515931324314,-0.1405422846106078,-0.022420315840300124,-0.1729228961200626,False
evoh,existing,DBP,"2,3-dihydropyran",1.359751037231241,1.112683934728841,-0.24706710250239983,0.8792034938790758,0.6257618494398177,False
evoh,existing,DBP,2-butanone,1.3333772055075888,0.92950963889902,-0.4038675666085687,0.8300941786850122,0.41402907301758446,False
evoh,existing,DBP,acetic acid,0.3960093815153491,0.1625577684956635,-0.2334516130196856,-0.2650478246954125,-0.5037845541111886,False
evoh,existing,DBP,acetone,1.4400358748515094,0.9703498275561682,-0.46968604729534125,0.8422735034781549,0.3637930581131357,False
evoh,existing,DBP,acetylacetone,0.7849774866119864,0.38231477743827996,-0.40266270917370645,0.3822898112595598,-0.0374036226451547,False
evoh,existing,DBP,benzene,1.4079408367891724,1.208511647144845,-0.19942918964432743,0.9149968102755297,0.7138490358242342,False
evoh,existing,DBP,chloroform,4.397784777458497,2.596123905036447,-1.8016608724220502,3.8878837098836185,2.0793496019160775,False
evoh,existing,DBP,cyclohexane,0.6397822841806494,0.3599396471117527,-0.2798426370688967,0.2074256667237733,-0.07737722258198755,False
evoh,existing,DBP,cyclohexanol,0.3482253443417646,0.24711024944084806,-0.10111509490091655,0.05952363486804813,-0.03525275059551855,False
evoh,existing,DBP,dichloromethane,3.1363606505929518,1.948190716209922,-1.1881699343830299,2.628533049838352,1.4467018248926722,False
evoh,existing,DBP,dimethyl sulfoxide,0.8616130777488714,0.512694350814816,-0.34891872693405546,0.32294276811773415,-0.04081218958890638,False
evoh,existing,DBP,diphenyl ether,0.8707414377342122,0.6036878902984095,-0.2670535474358027,0.6720156604966733,0.396600445818032,False
evoh,existing,DBP,dodecane,0.021936479019527097,-0.22293500192190785,-0.24487148094143496,-0.06995629294847613,-0.33954359239895826,True
evoh,existing,DBP,ethanol,0.5672860376331917,0.3800000274503598,-0.18728601018283192,-0.11983035130669437,-0.31373739333404355,False
evoh,existing,DBP,ethyl acetate,1.1900637398217544,0.8744263574083131,-0.3156373824134413,0.7257467170484609,0.40550546072056215,False
evoh,existing,DBP,ethylene glycol,-0.7072231768007502,-0.6529227115103267,0.05430046529042354,-1.3340250242343306,-1.2875350810659523,False
evoh,existing,DBP,heptane,0.3553944712296461,0.07503549850744173,-0.2803589727222044,0.04584133262006469,-0.2509964395337143,False
evoh,existing,DBP,hexane,0.29462847876228776,-0.008711202755654263,-0.303339681517942,0.09987679330173774,-0.19712417877885446,True
evoh,existing,DBP,isopropanol,0.566476519420644,0.4557530516977912,-0.11072346772285285,-0.000749440022337081,-0.12590396145420396,False
evoh,existing,DBP,isopropylamine,0.9916546223756186,0.9923737852523122,0.000719162876693602,0.44600462286876613,0.430094639917516,False
evoh,existing,DBP,methanol,0.2117858476215192,0.03507890062480867,-0.17670694699671052,-0.4926273178917475,-0.6629955554511081,False
evoh,existing,DBP,methylacetate,1.259700727061078,0.9231683647923059,-0.33653236226877214,0.7115927191043818,0.36791862564942096,False
evoh,existing,DBP,"n,n-dimethylformamide",1.2998728480195454,0.8761468625487541,-0.4237259854707913,0.7743487497496088,0.3407023360325548,False
evoh,existing,DBP,o-xylene,1.0254598063834928,0.7969439633444297,-0.22851584303906303,0.6779276575957349,0.43891152773838804,False
evoh,existing,DBP,tert-butanol,0.6554445930907139,0.46896457235022077,-0.18648002074049314,0.18225580769777927,-0.025582155768134204,False
evoh,existing,DBP,tetrahydrofuran,1.6017270000634545,1.3200230478651487,-0.2817039521983058,1.064458709436648,0.7769612369952807,False
evoh,existing,DBP,tetrahydropyran,1.3797738779414797,1.119201019584484,-0.26057285835699573,0.920808937542108,0.651178676133576,False
evoh,existing,DBP,toluene,1.179579696338732,0.9611326885805276,-0.21844700775820436,0.766598377024416,0.5415937186094167,False
evoh,existing,DBP,triethylamine,0.8242296596063323,0.5640165210254354,-0.2602131385808969,0.4965582203947141,0.22177004615457677,False
evoh,existing,DBP,water,-4.406449707785022,-5.6542918093232615,-1.2478421015382395,-5.463499129962577,-6.705002522063467,False
evoh,existing,BBP,"1,2-propanediol",-0.06131746487107281,-0.04965900677223212,0.011658458098840696,-0.5833612080093935,-0.5885964992102412,False
evoh,existing,BBP,1-propanol,0.5827714199123031,0.42120847950807855,-0.16156294040422453,0.012493660148152034,-0.1590295759252272,False
evoh,existing,BBP,"2,3-dihydropyran",1.5320093359680356,1.2932031825319807,-0.23880615343605482,1.0514617926158705,0.8062810972429573,False
evoh,existing,BBP,2-butanone,1.6413201536277835,1.2388847099180476,-0.40243544370973594,1.138037126805207,0.7234041440366118,False
evoh,existing,BBP,acetic acid,0.5921551043330664,0.1431958505097911,-0.4489592538232753,-0.06890210187769516,-0.523146472097061,False
evoh,existing,BBP,acetone,1.8304251414671038,1.3436151988310936,-0.4868099426360102,1.2326627700937491,0.7370584293880611,False
evoh,existing,BBP,acetylacetone,1.1626936484847221,0.7358828338342505,-0.42681081465047166,0.7600059731322956,0.31616443375081577,False
evoh,existing,BBP,benzene,1.5279339489668013,1.3506925449794909,-0.17724140398731048,1.0349899224531587,0.8560299336588801,False
evoh,existing,BBP,chloroform,4.386027738069359,2.369752214897516,-2.016275523171843,3.8761266704944806,1.852977911777146,False
evoh,existing,BBP,cyclohexane,0.47758236483715943,0.2754530477018624,-0.20212931713529703,0.04522574738028328,-0.1618638219918778,False
evoh,existing,BBP,cyclohexanol,0.3355754859952582,0.2603866639774636,-0.07518882201779464,0.046873776521541746,-0.02197633605890303,False
evoh,existing,BBP,dichloromethane,3.2893313629568124,1.9910532850799332,-1.2982780778768792,2.7815037622022127,1.4895643937626835,False
evoh,existing,BBP,dimethyl sulfoxide,1.2960564589640384,0.9481606418935373,-0.3478958170705011,0.757386149332901,0.3946541014898149,False
evoh,existing,BBP,diphenyl ether,0.9595855813803782,0.7075529080272456,-0.2520326733531326,0.7608598041428394,0.500465463546868,False
evoh,existing,BBP,dodecane,-0.17485990189412987,-0.35010880298250585,-0.17524890108837599,-0.2667526738621331,-0.46671739345955626,False
evoh,existing,BBP,ethanol,0.6513558648907385,0.4154660797718548,-0.2358897851188837,-0.03576052404914759,-0.2782713410125486,False
evoh,existing,BBP,ethyl acetate,1.4759366577651785,1.137485702339739,-0.33845095542543957,1.011619634991885,0.6685648056519881,False
evoh,existing,BBP,ethylene glycol,-0.5400002752001873,-0.5507037629688838,-0.010703487768696451,-1.1668021226337677,-1.1853161325245094,False
evoh,existing,BBP,heptane,0.17712280159249844,-0.046263588211964524,-0.22338638980446296,-0.132430337017083,-0.37229552625312057,True
evoh,existing,BBP,hexane,0.12186055664134147,-0.12603786637369888,-0.24789842301504034,-0.07289112881920855,-0.3144508423968991,True
evoh,existing,BBP,isopropanol,0.6048570699545462,0.49442592398815693,-0.11043114596638931,0.03763111051156508,-0.0872310891638382,False
evoh,existing,BBP,isopropylamine,1.0852296367311012,1.151590496554808,0.06636085982370687,0.5395796372242488,0.589311351220012,False
evoh,existing,BBP,methanol,0.34561967117796033,0.06912542260399457,-0.27649424857396576,-0.3587934943353064,-0.6289490334719222,False
evoh,existing,BBP,methylacetate,1.6061014444707016,1.2353217522307949,-0.3707796922399067,1.0579934365140053,0.6800720130879098,False
evoh,existing,BBP,"n,n-dimethylformamide",1.7318204996702624,1.286307617056326,-0.4455128826139365,1.2062964014003257,0.7508630905401265,False
evoh,existing,BBP,o-xylene,1.0780457869410955,0.8926657296581763,-0.18538005728291929,0.7305136381533378,0.5346332940521346,False
evoh,existing,BBP,tert-butanol,0.6889925050453208,0.4936560907577522,-0.19533641428756865,0.21580371965238623,-0.000890637360602798,False
evoh,existing,BBP,tetrahydrofuran,1.868519268013411,1.5959694468649683,-0.27254982114844273,1.3312509773866046,1.0529076359951004,False
evoh,existing,BBP,tetrahydropyran,1.5700992368536217,1.3505172480950123,-0.21958198875860946,1.11113429645425,0.8824949046441044,False
evoh,existing,BBP,toluene,1.2529445654399765,1.0679874740016293,-0.18495709143834715,0.8399632461256605,0.6484485040305183,False
evoh,existing,BBP,triethylamine,0.8189851815877311,0.5989024813943271,-0.22008270019340404,0.4913137423761128,0.2566560065234684,False
evoh,existing,BBP,water,-4.5102329356900785,-6.069043191287486,-1.5588102555974075,-5.567282357867634,-7.119753904027691,False
evoh,existing,DEHP,"1,2-propanediol",-0.3212107501188286,-0.2321681096457131,0.0890426404731155,-0.8432544932571493,-0.7711056020837221,False
evoh,existing,DEHP,1-propanol,0.867777132106522,0.6705061855571814,-0.19727094654934052,0.2974993723423709,0.09026813012387574,False
evoh,existing,DEHP,"2,3-dihydropyran",2.036544183107562,1.858263967939727,-0.1782802151678351,1.5559966397553973,1.3713418826507038,False
evoh,existing,DEHP,2-butanone,1.814476088224823,1.3156641882669853,-0.4988118999578377,1.3111930614022465,0.8001836223855496,False
evoh,existing,DEHP,acetic acid,0.12075660229575913,-0.31466621334043365,-0.4354228156361928,-0.5403006039150025,-0.9810085359472858,True
evoh,existing,DEHP,acetone,1.828669808780332,1.2570014409509898,-0.5716683678293422,1.2309074374069773,0.6504446715079574,False
evoh,existing,DEHP,acetylacetone,0.9537745595148637,0.3924477911779248,-0.561326768336939,0.5510868841624371,-0.02727060890550986,False
evoh,existing,DEHP,benzene,2.084036297137083,1.9790424850901394,-0.1049938120469438,1.5910922706234405,1.4843798737695286,False
evoh,existing,DEHP,chloroform,5.28845067400508,3.457877109052019,-1.8305735649530614,4.778549606430202,2.9411028059316493,False
evoh,existing,DEHP,cyclohexane,1.602414697946449,1.3412929688934974,-0.2611217290529517,1.1700580804895728,0.9039760991997571,False
evoh,existing,DEHP,cyclohexanol,0.8771414822620258,0.7184712486863873,-0.15867023357563848,0.5884397727883094,0.43610824865002074,False
evoh,existing,DEHP,dichloromethane,3.754444844723808,2.58998734426385,-1.164457500459958,3.2466172439692085,2.0884984529466,False
evoh,existing,DEHP,dimethyl sulfoxide,1.0297137800000806,0.5338628888357514,-0.49585089116432923,0.4910434703689433,-0.01964365156797102,False
evoh,existing,DEHP,diphenyl ether,1.414862813279276,1.1686826130720231,-0.24618020020725284,1.2161370360417372,0.9615951685916457,False
evoh,existing,DEHP,dodecane,0.7218117561177775,0.47694027422945745,-0.24487148188832003,0.6299189841497742,0.36033168375240704,False
evoh,existing,DEHP,ethanol,0.7750399864535328,0.5003783380761512,-0.2746616483773816,0.08792359751364663,-0.19335908270825222,False
evoh,existing,DEHP,ethyl acetate,1.5957653629674433,1.2988334680544766,-0.2969318949129667,1.1314483401941497,0.8299125713667258,False
evoh,existing,DEHP,ethylene glycol,-1.2227994272479508,-1.2742561404630701,-0.051456713215119354,-1.8496012746815311,-1.9088685100186957,False
evoh,existing,DEHP,heptane,1.1436766731792942,0.8780686751747164,-0.2656079980045778,0.8341235345697128,0.5520367371335604,False
evoh,existing,DEHP,hexane,1.112886661641882,0.8336551859790201,-0.2792314756628619,0.918134976181332,0.6452422099558199,False
evoh,existing,DEHP,isopropanol,0.92263641698067,0.7362602073507657,-0.1863762096299043,0.35541045753768885,0.15460319419877058,False
evoh,existing,DEHP,isopropylamine,1.5284026100311885,1.542668732646054,0.014266122614865484,0.9827526105243362,0.9803895873112578,False
evoh,existing,DEHP,methanol,0.18156283288506536,-0.13644263799609968,-0.31800547088116504,-0.5228503326282014,-0.8345170940720165,True
evoh,existing,DEHP,methylacetate,1.5863905517726935,1.2454514125623932,-0.3409391392103003,1.0382825438159973,0.6902016734195083,False
evoh,existing,DEHP,"n,n-dimethylformamide",1.657135380389863,1.156462702055543,-0.50067267833432,1.1316112821199262,0.6210181755393437,False
evoh,existing,DEHP,o-xylene,1.747168524582932,1.5449484566315341,-0.2022200679513979,1.3996363757951742,1.1869160210254923,False
evoh,existing,DEHP,tert-butanol,1.1573091595663394,0.8409544944265317,-0.3163546651398077,0.6841203741734048,0.34640776630817666,False
evoh,existing,DEHP,tetrahydrofuran,2.3265264023225902,2.122240352116423,-0.2042860502061674,1.7892581116957835,1.579178541246555,False
evoh,existing,DEHP,tetrahydropyran,2.159323434291962,1.9340615059671846,-0.22526192832477743,1.7003584938925904,1.4660391625162768,False
evoh,existing,DEHP,toluene,1.8796314838935082,1.7282054022721411,-0.15142608162136706,1.4666501645791923,1.3086664323010302,False
evoh,existing,DEHP,triethylamine,1.6625546754331504,1.3602703403093201,-0.30228433512383024,1.3348832362215322,1.0180238654384615,False
evoh,existing,DEHP,water,-7.266999499512449,-9.517509807642904,-2.2505103081304547,-8.324048921690004,-10.56822052038311,False
nylon6,normalized,DEP,"1,2-propanediol",0.2450752752763179,0.3218869512051381,0.07681167592882021,-0.46470212384524556,-0.38192931608200453,False
nylon6,normalized,DEP,1-propanol,0.5844540618183562,0.5561336172032002,-0.028320444615156037,-0.11722095241129278,-0.13958026519202796,False
nylon6,normalized,DEP,"2,3-dihydropyran",1.1917260286603935,1.0791586480532798,-0.11256738060711369,0.5746775990900345,0.46807135031734165,False
nylon6,normalized,DEP,2-butanone,1.2663836722170523,1.0750271122655384,-0.1913565599515139,0.6450429291402903,0.4596475010231973,False
nylon6,normalized,DEP,acetic acid,0.8759268633053398,0.6417559155357071,-0.23417094776963265,0.058568193794130384,-0.1696416221410814,False
nylon6,normalized,DEP,acetone,1.4132203748712548,1.1694843536088317,-0.2437360212624231,0.7055583207388976,0.4677834313108952,False
nylon6,normalized,DEP,acetylacetone,1.0061408214640792,0.783725594388922,-0.22241522707515726,0.44182062004691397,0.22536652480617755,False
nylon6,normalized,DEP,benzene,1.2171660670024544,1.1476859531307846,-0.06948011387166986,0.5913709009201319,0.5278519188828831,False
nylon6,normalized,DEP,chloroform,4.161306491679088,2.2831577080270775,-1.8781487836520108,3.491012125669354,1.6188244738517645,False
nylon6,normalized,DEP,cyclohexane,0.2604700570653641,0.17832161935893898,-0.0821484377064251,-0.2803051890352478,-0.3564924949072521,False
nylon6,normalized,DEP,cyclohexanol,0.44877876531142447,0.4706203640094601,0.021841598698035647,-0.10312181623810945,-0.07531908570565288,False
nylon6,normalized,DEP,dichloromethane,3.1062025869733056,1.9706316742018588,-1.1355709127714468,2.3351761141428886,1.2055663332058628,False
nylon6,normalized,DEP,dimethyl sulfoxide,1.1024257233003665,0.9574557306519073,-0.14496999264845922,0.37851357373900096,0.23950471292496275,False
nylon6,normalized,DEP,diphenyl ether,0.9421641815824018,0.8069109074518905,-0.13525327413051125,0.48023953231090133,0.3362470132927667,False
nylon6,normalized,DEP,dodecane,-0.18508409121854844,-0.2598326644602532,-0.07474857324170478,-0.40342154291236515,-0.47220898431964897,False
nylon6,normalized,DEP,ethanol,0.6488593262452351,0.5880603090355976,-0.06079901720963754,-0.16007844280989308,-0.21491632818510975,False
nylon6,normalized,DEP,ethyl acetate,1.1552082730880477,0.999543455566646,-0.1556648175214017,0.5715095117959813,0.42180582610900025,False
nylon6,normalized,DEP,ethylene glycol,-0.03185691363990084,0.049664373035160025,0.08152128667506087,-0.8614520691177957,-0.773969650608314,True
nylon6,normalized,DEP,heptane,0.0469224056161377,-0.048504907365516825,-0.09542731298165452,-0.3616288472722179,-0.45109502841945154,True
nylon6,normalized,DEP,hexane,0.12419445498459292,0.029978295230453256,-0.09421615975413966,-0.3337561025517745,-0.42201113047149325,False
nylon6,normalized,DEP,isopropanol,0.581235685019885,0.5908178324919188,0.009582147472033786,-0.10983183335008657,-0.09428855404363182,False
nylon6,normalized,DEP,isopropylamine,0.8535628933672685,0.9848812322382916,0.13131833887102307,0.21301409606171703,0.350293566767161,False
nylon6,normalized,DEP,methanol,0.5724920858012015,0.5275985762916207,-0.04489350950958082,-0.39511995178788245,-0.43405232946304256,False
nylon6,normalized,DEP,methylacetate,1.2823830622925567,1.1068772297454723,-0.1755058325470844,0.6080497409544324,0.4385050402417688,False
nylon6,normalized,DEP,"n,n-dimethylformamide",1.374105324865766,1.1547902100014167,-0.2193151148643493,0.6853483060345091,0.47199432300458066,False
nylon6,normalized,DEP,o-xylene,0.8490780884533161,0.7687959802979242,-0.08028210815539194,0.35581751967296993,0.2814965433519989,False
nylon6,normalized,DEP,tert-butanol,0.6161027808208975,0.5595269701242767,-0.056575810696620876,0.016281707691754643,-0.03433297117044527,False
nylon6,normalized,DEP,tetrahydrofuran,1.388635136360588,1.267382630270173,-0.12125250609041505,0.7238769709459514,0.6085855966899574,False
nylon6,normalized,DEP,tetrahydropyran,1.1524580369184259,1.061202931143416,-0.09125510577500995,0.5664225089487928,0.4811285350082038,False
nylon6,normalized,DEP,toluene,0.9861031220976171,0.9078571033164891,-0.07824601878112802,0.4377415780761267,0.36545669112941964,False
nylon6,normalized,DEP,triethylamine,0.5349332470550041,0.46333745159813244,-0.07159579545687167,0.10384590918251771,0.03821124556006697,False
nylon6,normalized,DEP,water,-2.1154409199827495,-3.33875631615928,-1.2233153961765306,-3.4356892142361217,-4.6530434785782315,False
nylon6,normalized,DBP,"1,2-propanediol",0.12497340875021601,0.3358456681668186,0.2108722594166026,-0.5848039903713474,-0.36797059912032404,False
nylon6,normalized,DBP,1-propanol,0.8001295577587098,0.7873119353235749,-0.012817622435134846,0.09845454352906065,0.09159805292834683,False
nylon6,normalized,DBP,"2,3-dihydropyran",1.6171572660880105,1.5014008424607317,-0.11575642362727878,1.0001088365176514,0.8903135447247937,False
nylon6,normalized,DBP,2-butanone,1.5723382135182065,1.2939507055825703,-0.27838750793563616,0.9509974704414443,0.6785710943402292,False
nylon6,normalized,DBP,acetic acid,0.673151149505102,0.5720924417914507,-0.10105870771365133,-0.14420752000610734,-0.2393050958853378,False
nylon6,normalized,DBP,acetone,1.6708419615370549,1.3300355042594698,-0.3408064572775851,0.9631799074046976,0.6283345819615334,False
nylon6,normalized,DBP,acetylacetone,1.067498185408441,0.785483572561384,-0.2820146128470571,0.5031779839912759,0.2271245029786396,False
nylon6,normalized,DBP,benzene,1.661699026569924,1.5982394808749345,-0.06345954569498957,1.0359038604876014,0.9784054466270328,False
nylon6,normalized,DBP,chloroform,4.679196807174356,3.008306771456176,-1.67089003571818,4.008902441164622,2.343973537280863,False
nylon6,normalized,DBP,cyclohexane,0.8690682741192228,0.721948464836619,-0.14711980928260382,0.3282930280186109,0.18713435057042796,False
nylon6,normalized,DBP,cyclohexanol,0.7323041015489618,0.7752169345602556,0.042912833011293894,0.1804035199994278,0.22927748484514263,False
nylon6,normalized,DBP,dichloromethane,3.520543421572078,2.4763632177944244,-1.0441802037776537,2.749516948741661,1.7112978767984284,False
nylon6,normalized,DBP,dimethyl sulfoxide,1.1677641839864854,0.9416808905169132,-0.22608329346957223,0.44385203442512,0.22372987278996867,False
nylon6,normalized,DBP,diphenyl ether,1.2548363732984518,1.131805688303587,-0.1230306849948648,0.7929117240269512,0.6611417941444631,False
nylon6,normalized,DBP,dodecane,0.26925708500131706,0.137353580041781,-0.13190350495953607,0.05091963330750034,-0.07502273981761479,False
nylon6,normalized,DBP,ethanol,0.8099746981277811,0.7537471855503507,-0.056227512577430416,0.0010369290726528861,-0.04922945167035665,False
nylon6,normalized,DBP,ethyl acetate,1.4303437731301871,1.2477843882376427,-0.18255938489254442,0.8466450118381205,0.6700467587799969,False
nylon6,normalized,DBP,ethylene glycol,-0.38361403376672887,-0.19943767052538686,0.184176363241342,-1.2132091892446237,-1.023071694168861,False
nylon6,normalized,DBP,heptane,0.5752625778405661,0.41610763274942547,-0.15915494509114064,0.16671132495221055,0.013517511695490774,False
nylon6,normalized,DBP,hexane,0.6786960787813454,0.5193776964956344,-0.15931838228571105,0.220745521244978,0.06738827079368791,False
nylon6,normalized,DBP,isopropanol,0.8111938725397946,0.8237252799863284,0.012531407446533804,0.12012635416982294,0.13861889345077782,False
nylon6,normalized,DBP,isopropylamine,1.2074448880744415,1.3292247374080195,0.121779849333578,0.56689609076889,0.6946370719368888,False
nylon6,normalized,DBP,methanol,0.5958229517661755,0.5631195640896983,-0.03270338767647718,-0.3717890858229085,-0.39853134166496484,False
nylon6,normalized,DBP,methylacetate,1.506824151007768,1.3008298134658718,-0.20599433754189622,0.8324908296696435,0.6324576239621682,False
nylon6,normalized,DBP,"n,n-dimethylformamide",1.5840124483916398,1.288043422532476,-0.29596902585916385,0.8952554295603827,0.6052475355356399,False
nylon6,normalized,DBP,o-xylene,1.29208452185896,1.1907539861354075,-0.10133053572355255,0.7988239530786138,0.7034545491894821,False
nylon6,normalized,DBP,tert-butanol,0.9029604704767776,0.8328070449754432,-0.07015342550133441,0.30313939734763473,0.23894710368072125,False
nylon6,normalized,DBP,tetrahydrofuran,1.8501319411860753,1.7003182520212015,-0.1498136891648738,1.1853737757714387,1.0415212184409857,False
nylon6,normalized,DBP,tetrahydropyran,1.627752096307185,1.4958062297509622,-0.13194586655622276,1.041716568337552,0.9157318336157502,False
nylon6,normalized,DBP,toluene,1.4358598554697224,1.3485416461776596,-0.0873182092920628,0.8874983114482319,0.8061412339905902,False
nylon6,normalized,DBP,triethylamine,1.048536884617468,0.9114306500550323,-0.13710623456243576,0.6174495467449816,0.4863044440169668,False
nylon6,normalized,DBP,water,-4.023362470582267,-5.1274761246916345,-1.1041136541093675,-5.343610764835639,-6.441763287110586,False
nylon6,normalized,BBP,"1,2-propanediol",0.2033221138225061,0.2967630117291467,0.09344089790664062,-0.5064552852990574,-0.40705325555799593,False
nylon6,normalized,BBP,1-propanol,0.7910912650126791,0.7182394478379288,-0.07285181717475031,0.08941625078303012,0.02252556544270064,False
nylon6,normalized,BBP,"2,3-dihydropyran",1.745473096461152,1.5989648132638368,-0.14650828319731524,1.1284246668907931,0.9878775155278987,False
nylon6,normalized,BBP,2-butanone,1.836345049558354,1.5203758740705902,-0.3159691754877638,1.2150043064815919,0.9049962628282492,False
nylon6,normalized,BBP,acetic acid,0.8253563596246868,0.4697677671267258,-0.355588592497961,0.007997690113477384,-0.34162977055006266,False
nylon6,normalized,BBP,acetone,2.0172998162648814,1.6203547197649537,-0.3969450964999277,1.3096377621325241,0.9186537974670171,False
nylon6,normalized,BBP,acetylacetone,1.4012789750355923,1.0561023622420807,-0.34517661279351164,0.836958773618427,0.49774329265933626,False
nylon6,normalized,BBP,benzene,1.7377468458705958,1.657463263257629,-0.08028358261296686,1.1119516797882731,1.0376292290097273,False
nylon6,normalized,BBP,chloroform,4.623503572196119,2.6989669312861704,-1.924536640909949,3.953209206186385,2.0346336971108574,False
nylon6,normalized,BBP,cyclohexane,0.6629029284259149,0.5544888646918938,-0.10841406373402107,0.12212768232530301,0.019674750425702724,False
nylon6,normalized,BBP,cyclohexanol,0.6757016611175264,0.7055302201889982,0.02982855907147186,0.12380107956799244,0.15959077047388529,False
nylon6,normalized,BBP,dichloromethane,3.629578861629442,2.4362658750883543,-1.1933129865410876,2.858552388799025,1.6712005340923581,False
nylon6,normalized,BBP,dimethyl sulfoxide,1.5582721619589956,1.2942026051739255,-0.26406955678507016,0.8343600123976302,0.5762515874469811,False
nylon6,normalized,BBP,diphenyl ether,1.299734869370339,1.1527123214350077,-0.14702254793533132,0.8378102200988385,0.6820484272758838,False
nylon6,normalized,BBP,dodecane,0.02850560231636015,-0.07278605845702471,-0.10129166077338486,-0.18983184937745656,-0.2851623783164205,True
nylon6,normalized,BBP,ethanol,0.8500938789276858,0.7062466104439069,-0.14384726848377893,0.04115610987255754,-0.09673002677680047,False
nylon6,normalized,BBP,ethyl acetate,1.6722787533251242,1.427891335686371,-0.24438741763875327,1.0885799920330577,0.8501537062287253,False
nylon6,normalized,BBP,ethylene glycol,-0.2603350168185039,-0.18017778732700274,0.08015722949150117,-1.0899301722963988,-1.0038118109704768,False
nylon6,normalized,BBP,heptane,0.3530304499669864,0.21183808244018323,-0.14119236752680317,-0.05552080292136919,-0.19075203861375148,False
nylon6,normalized,BBP,hexane,0.46196588879326306,0.3190789850797867,-0.14288690371347634,0.0040153312568956085,-0.1329104406221598,False
nylon6,normalized,BBP,isopropanol,0.805622408090938,0.7794337314244675,-0.02618867666647051,0.11455488972096634,0.09432734488891686,False
nylon6,normalized,BBP,isopropylamine,1.257070925542847,1.4054830660696216,0.14841214052677465,0.6165221282372954,0.7708954005984912,False
nylon6,normalized,BBP,methanol,0.6857082882839819,0.5141953726668866,-0.17151291561709525,-0.2819037493051021,-0.4474555330877765,False
nylon6,normalized,BBP,methylacetate,1.809290580323651,1.530033902310708,-0.27925667801294307,1.1349572589855266,0.8616617128070045,False
nylon6,normalized,BBP,"n,n-dimethylformamide",1.9720280732132491,1.6152583961420564,-0.3567696770711928,1.2832710543819923,0.9324625091452203,False
nylon6,normalized,BBP,o-xylene,1.3007220902843322,1.2035161491320903,-0.0972059411522419,0.807461521503986,0.716216712186165,False
nylon6,normalized,BBP,tert-butanol,0.8925573703408631,0.7745347346233479,-0.11802263571751526,0.29273629721172023,0.18067479332862593,False
nylon6,normalized,BBP,tetrahydrofuran,2.072988617696871,1.8933160578318118,-0.17967255986505926,1.4082304522822346,1.2345190242515962,False
nylon6,normalized,BBP,tetrahydropyran,1.7741373781013452,1.6441710526453877,-0.12996632545595754,1.1881018501317122,1.0640966565101757,False
nylon6,normalized,BBP,toluene,1.4652770088563978,1.3724372163777205,-0.09283979247867724,0.9169154648349075,0.8300368041906512,False
nylon6,normalized,BBP,triethylamine,0.9993450410260543,0.8633547505032912,-0.135990290522763,0.5682577031535678,0.4382285444652258,False
nylon6,normalized,BBP,water,-4.171103981836024,-5.625284495874702,-1.4541805140386783,-5.491352276089396,-6.939571658293653,False
nylon6,normalized,DEHP,"1,2-propanediol",0.026694945819018545,0.21125246398077036,0.1845575181617518,-0.6830824533025449,-0.4925638033063723,False
nylon6,normalized,DEHP,1-propanol,1.159399630757749,1.0645684255053893,-0.09483120525235966,0.4577246165281,0.3688545431101612,False
nylon6,normalized,DEHP,"2,3-dihydropyran",2.3333299888057804,2.2610863301504374,-0.07224365865534299,1.7162815592354215,1.6499990324144995,False
nylon6,normalized,DEHP,2-butanone,2.0928051317761,1.694186323116438,-0.39861880865966204,1.4714643886993382,1.078806711874097,False
nylon6,normalized,DEHP,acetic acid,0.4371718574216074,0.10883878327095353,-0.3283330741506539,-0.380186812089602,-0.7025587544058349,False
nylon6,normalized,DEHP,acetone,2.098839065916545,1.6307643866485755,-0.46807467926796953,1.391177011784188,0.9290634643506389,False
nylon6,normalized,DEHP,acetylacetone,1.2756512271430165,0.8096812991618769,-0.46596992798113956,0.7113310257258512,0.25132222957913253,False
nylon6,normalized,DEHP,benzene,2.377173370532398,2.382878624519046,0.005705253986648007,1.7513782044500754,1.7630445902711445,False
nylon6,normalized,DEHP,chloroform,5.609263681441318,3.884186572183467,-1.725077109257851,4.938969315431584,3.219853338008154,False
nylon6,normalized,DEHP,cyclohexane,1.8710904220205253,1.7174113748110116,-0.15367904720951375,1.3303151759199134,1.1825972605448205,False
nylon6,normalized,DEHP,cyclohexanol,1.30059155810132,1.2606658698771036,-0.03992568822421649,0.7486909765517863,0.7147264201619905,False
nylon6,normalized,DEHP,dichloromethane,4.178013193242467,3.132268135421792,-1.0457450578206755,3.4069867204120508,2.3672027944257956,False
nylon6,normalized,DEHP,dimethyl sulfoxide,1.37525270030695,0.9769404064642397,-0.39831229384271016,0.6513405507455844,0.25898938873729527,False
nylon6,normalized,DEHP,diphenyl ether,1.8383315763002197,1.7108928369818948,-0.12743873931832495,1.3764069270287191,1.240228942822771,False
nylon6,normalized,DEHP,dodecane,1.0085067136374952,0.8513196884561811,-0.1571870251813141,0.7901692619436785,0.6389433685967854,False
nylon6,normalized,DEHP,ethanol,1.0570596937748944,0.8881656251058826,-0.1688940686690118,0.24812192471976605,0.08518898788517522,False
nylon6,normalized,DEHP,ethyl acetate,1.8754079090030578,1.6862742037888174,-0.18913370521424033,1.2917091477109912,1.1085365743311717,False
nylon6,normalized,DEHP,ethylene glycol,-0.8599169658931638,-0.806795700991346,0.05312126490181779,-1.6895121213710587,-1.63042972463482,False
nylon6,normalized,DEHP,heptane,1.4029223429809612,1.2332364842344514,-0.16968585874650977,0.9943710900926056,0.8306463631805168,False
nylon6,normalized,DEHP,hexane,1.5363333185457146,1.3758423139445073,-0.16049100460120735,1.0783827610093473,0.9238528882425608,False
nylon6,normalized,DEHP,isopropanol,1.2067077668749648,1.1182995327876415,-0.08840823408732335,0.5156402485049932,0.43319314625209093,False
nylon6,normalized,DEHP,isopropylamine,1.7835624261999676,1.8936085527962683,0.11004612659630064,1.1430136288944162,1.2590208873251378,False
nylon6,normalized,DEHP,methanol,0.604879603512469,0.40556460179412124,-0.19931500171834782,-0.3627324340766149,-0.5560863039605419,False
nylon6,normalized,DEHP,methylacetate,1.8728691451739619,1.6371860410127481,-0.23568310416121374,1.1985358238358375,0.9688138515090448,False
nylon6,normalized,DEHP,"n,n-dimethylformamide",1.9806476248711693,1.58244808606598,-0.3981995388051893,1.2918906060399125,0.899652199069144,False
nylon6,normalized,DEHP,o-xylene,2.053174756150374,1.9528611900442305,-0.10031356610614361,1.559914187370028,1.4655617530983052,False
nylon6,normalized,DEHP,tert-butanol,1.44419401794896,1.2188758719241581,-0.22531814602480194,0.8443729448198173,0.6250159306294362,False
nylon6,normalized,DEHP,tetrahydrofuran,2.6143160077844287,2.51664849552482,-0.0976675122596089,1.9495578423697921,1.857851461944604,False
nylon6,normalized,DEHP,tetrahydropyran,2.4466888404260985,2.324777551996142,-0.12191128842995624,1.8606533124564657,1.74470315586093,False
nylon6,normalized,DEHP,toluene,2.1752920675848393,2.1297199400720297,-0.04557212751280959,1.6269305235633489,1.5873195278849606,False
nylon6,normalized,DEHP,triethylamine,1.9262466862999061,1.7217864024798608,-0.20446028382004533,1.4951593484274197,1.2966601964417952,False
nylon6,normalized,DEHP,water,-6.845810815857221,-8.978433846130217,-2.1326230302729963,-8.166059110110593,-10.292721008549169,False
nylon6,existing,DEP,"1,2-propanediol",-0.2158721533105895,-0.04588882590876742,0.1699833274018221,-1.0011147685547501,-0.8484027680139143,False
nylon6,existing,DEP,1-propanol,0.17983680731604956,0.23775664517939943,0.057919837863349866,-0.6536398245539415,-0.6060578599210441,False
nylon6,existing,DEP,"2,3-dihydropyran",0.781985521435788,0.7520735090087391,-0.029912012427048884,0.03823910597778299,0.0015749740525780513,False
nylon6,existing,DEP,2-butanone,0.8750836939327965,0.7722084226384563,-0.10287527129434015,0.10860179500438018,-0.006848592910117057,False
nylon6,existing,DEP,acetic acid,0.4464085342963807,0.293811115097375,-0.1525974191990057,-0.4778475440202208,-0.6361076571766149,False
nylon6,existing,DEP,acetone,1.0300754998160764,0.871419540958483,-0.15865595885759343,0.16911425633688176,0.0012863218483127263,False
nylon6,existing,DEP,acetylacetone,0.5712719400392129,0.44217124936885877,-0.12910069067035412,-0.09461460741905361,-0.24112360038171365,False
nylon6,existing,DEP,benzene,0.8110749095641967,0.8195921947366992,0.008517285172502498,0.054932010944714095,0.061353133748950635,False
nylon6,existing,DEP,chloroform,3.7275734219554097,1.9326274053133987,-1.794946016642011,2.9544734822746914,1.1522766525258914,False
nylon6,existing,DEP,cyclohexane,-0.12114895373236922,-0.12205830383386318,-0.0009093501014939553,-0.8167044432950853,-0.8229516231947412,False
nylon6,existing,DEP,cyclohexanol,-0.08764227055060192,0.004138117169440125,0.09178038772004204,-0.6395428521301583,-0.5418013325340644,True
nylon6,existing,DEP,dichloromethane,2.569697894184027,1.5041028986950122,-1.0655949954890147,1.7986714213235877,0.7390375577106248,False
nylon6,existing,DEP,dimethyl sulfoxide,0.643940999478094,0.5900911230758534,-0.05384987640224059,-0.15792818225888322,-0.22699186699500676,False
nylon6,existing,DEP,diphenyl ether,0.40572848755793917,0.3404184758946722,-0.06531001166326694,-0.05619616178543968,-0.130245418252843,False
nylon6,existing,DEP,dodecane,-0.5847464763546811,-0.5584988345431142,0.026247641811566913,-0.9398381204285243,-0.9386838746873024,False
nylon6,existing,DEP,ethanol,0.2538216263896781,0.2759261617905846,0.02210453540090651,-0.696493634656048,-0.6813877086609565,False
nylon6,existing,DEP,ethyl acetate,0.7625870636584755,0.6878085241237649,-0.07477853953471059,0.03507116877934198,-0.044688822231123776,False
nylon6,existing,DEP,ethylene glycol,-0.5078465399930117,-0.34223519995528084,0.16561134003773081,-1.397847259532432,-1.2404240191780442,False
nylon6,existing,DEP,heptane,-0.32528400293295456,-0.32795245298918796,-0.0026684500562333957,-0.8980360136483759,-0.9175608406974818,False
nylon6,existing,DEP,hexane,-0.41220986251594594,-0.43648484039860286,-0.024274977882656923,-0.8701604200823359,-0.8884742660889409,False
nylon6,existing,DEP,isopropanol,0.18417413234892577,0.28446580365385254,0.10029167130492678,-0.6462506991998953,-0.5607676591652805,False
nylon6,existing,DEP,isopropylamine,0.4854352849744004,0.7096575286157859,0.2242222436413855,-0.32341358663829206,-0.11619806638614819,False
nylon6,existing,DEP,methanol,0.03609143511660162,0.06114880245697696,0.025057367340375336,-0.931520602502505,-0.9005021032860777,False
nylon6,existing,DEP,methylacetate,0.8829168772465097,0.7908360735103921,-0.0920808037361176,0.07160999718397351,-0.027990115299630757,False
nylon6,existing,DEP,"n,n-dimethylformamide",0.9376275224888642,0.8045167100948987,-0.1331108123939655,0.14890455211308756,0.005495733911561515,False
nylon6,existing,DEP,o-xylene,0.4301173746086133,0.43661535579581723,0.006497981187203905,-0.1806136462849844,-0.18499352947736222,False
nylon6,existing,DEP,tert-butanol,0.21624568375226683,0.25730763964409586,0.04106195589182904,-0.5201419737465078,-0.5008155381413969,False
nylon6,existing,DEP,tetrahydrofuran,0.9878989432117455,0.9487210957545735,-0.03917784745717201,0.18743178047909903,0.14208283521756784,False
nylon6,existing,DEP,tetrahydropyran,0.7521471399440793,0.7462295967313275,-0.005917543212751841,0.02998332743886775,0.014630803613281833,False
nylon6,existing,DEP,toluene,0.5774883434553337,0.5820795551656588,0.0045912117103250605,-0.0986918479648222,-0.10103586447258991,False
nylon6,existing,DEP,triethylamine,0.15828968077445982,0.17755127836217738,0.01926159758771756,-0.43258063054299845,-0.4282716461758191,False
nylon6,existing,DEP,water,-2.651422475716288,-3.804590978158565,-1.153168502442277,-3.9716707699996827,-5.118878140565908,False
nylon6,existing,DBP,"1,2-propanediol",-0.33595816325357786,-0.03191848906048278,0.3040396741930951,-1.1212007784977385,-0.8344324311656297,False
nylon6,existing,DBP,1-propanol,0.39551163177156284,0.46893515431636856,0.07342352254480572,-0.43796500009842826,-0.37487935078407497,False
nylon6,existing,DBP,"2,3-dihydropyran",1.2074052250789526,1.1743039297319666,-0.033101295346986026,0.46365880962094763,0.4238053947758054,False
nylon6,existing,DBP,2-butanone,1.1810313933553005,0.9911296339021456,-0.1899017594531549,0.41454949442688416,0.21207261835357213,False
nylon6,existing,DBP,acetic acid,0.24366356936306088,0.22417776349878893,-0.019485805864271954,-0.6805925089535406,-0.705741008775201,False
nylon6,existing,DBP,acetone,1.2876900626992214,1.0319698225592937,-0.25572024013992767,0.42672881922002676,0.16183660344912337,False
nylon6,existing,DBP,acetylacetone,0.6326316744596981,0.44393477244140533,-0.1886969020182928,-0.03325487299856834,-0.23936007730916706,False
nylon6,existing,DBP,benzene,1.255595024636884,1.2701316421479705,0.01453661751108637,0.49945212601740163,0.5118925811602218,False
nylon6,existing,DBP,chloroform,4.245438965306208,2.6577439000395726,-1.5876950652666357,3.4723390256254905,1.877393147252065,False
nylon6,existing,DBP,cyclohexane,0.48743647202836127,0.4215596421148781,-0.06587682991348315,-0.20811901753435483,-0.27933367724599995,False
nylon6,existing,DBP,cyclohexanol,0.19587953218947635,0.30873024444397357,0.11285071225449722,-0.35602104939008,-0.23720920525953093,False
nylon6,existing,DBP,dichloromethane,2.984014838440663,2.0098107112130474,-0.9742041272276154,2.2129883655802236,1.24474537022866,False
nylon6,existing,DBP,dimethyl sulfoxide,0.7092672655965832,0.5743143458179414,-0.13495291977864177,-0.092601916140394,-0.24276864425291875,False
nylon6,existing,DBP,diphenyl ether,0.7183956255819239,0.6653078853015348,-0.053087740280389095,0.25647097623854515,0.19464399115401965,False
nylon6,existing,DBP,dodecane,-0.13040933313276104,-0.16131500691878242,-0.03090567378602138,-0.48550097720660423,-0.5415000470629706,False
nylon6,existing,DBP,ethanol,0.4149402254809036,0.4416200224534852,0.026679796972581604,-0.5353750355648225,-0.515693847998056,False
nylon6,existing,DBP,ethyl acetate,1.0377179276694664,0.9360463524114385,-0.10167157525802784,0.31020203279033276,0.20354900605654982,False
nylon6,existing,DBP,ethylene glycol,-0.8595689889530382,-0.5913027165072011,0.2682662724458371,-1.7495697084924586,-1.4894915357299645,False
nylon6,existing,DBP,heptane,0.20304865907735792,0.13665549351056716,-0.06639316556679076,-0.36970335163806345,-0.45295289419772666,False
nylon6,existing,DBP,hexane,0.1422826666099995,0.05290879224747119,-0.0893738743625283,-0.3156678909563904,-0.3990806334428668,False
nylon6,existing,DBP,isopropanol,0.4141307072683559,0.5173730467009168,0.10324233943256089,-0.4162941242804652,-0.3278604161182163,False
nylon6,existing,DBP,isopropylamine,0.8393088102233305,1.0539937802554378,0.2146849700321073,0.03045993861063796,0.22813818525350363,False
nylon6,existing,DBP,methanol,0.05944003546923082,0.09669889562793421,0.03725886015870339,-0.9081720021498758,-0.8649520101151205,False
nylon6,existing,DBP,methylacetate,1.1073549149087898,0.9847883597954316,-0.12256655511335823,0.2960480348462537,0.16596217098540864,False
nylon6,existing,DBP,"n,n-dimethylformamide",1.1475270358672574,0.9377668575518796,-0.20976017831537774,0.35880406549148064,0.13874588136854243,False
nylon6,existing,DBP,o-xylene,0.8731139942312045,0.8585639583475552,-0.014550035883649337,0.26238297333760674,0.2369550730743757,False
nylon6,existing,DBP,tert-butanol,0.5030987809384257,0.5305845673533462,0.0274857864149205,-0.23328887656034886,-0.22753861043214657,False
nylon6,existing,DBP,tetrahydrofuran,1.4493811879111664,1.3816430428682742,-0.06773814504289222,0.6489140251785199,0.5750047823312684,False
nylon6,existing,DBP,tetrahydropyran,1.2274280657891914,1.1808210145876092,-0.04660705120158215,0.5052642532839798,0.44922222146956364,False
nylon6,existing,DBP,toluene,1.027233884186444,1.0227526835836531,-0.00448120060279078,0.35105369276628784,0.33963726394540433,False
nylon6,existing,DBP,triethylamine,0.6718838474540442,0.6256365160285609,-0.04624733142548332,0.08101353613658593,0.019813591490564435,False
nylon6,existing,DBP,water,-4.558795519937311,-5.592671814320136,-1.033876294382825,-5.879043814220705,-6.906958976727479,False
nylon6,existing,BBP,"1,2-propanediol",-0.2576086826650942,-0.0709968989530243,0.18661178371206988,-1.0428512979092548,-0.8735108410581712,False
nylon6,existing,BBP,1-propanol,0.3864802021182819,0.3998705873272864,0.01339038520900454,-0.4469964297517092,-0.4439439177731571,False
nylon6,existing,BBP,"2,3-dihydropyran",1.3357181181740143,1.2718652903511884,-0.06385282782282586,0.5919717027160093,0.5213667553950273,False
nylon6,existing,BBP,2-butanone,1.4450289358337618,1.2175468177372553,-0.22748211809650654,0.6785470369053456,0.43848980218868183,False
nylon6,existing,BBP,acetic acid,0.39586388653904503,0.12185795832899893,-0.2740059282100461,-0.5283921917775565,-0.808060813944991,False
nylon6,existing,BBP,acetone,1.6341339236730825,1.3222773066503015,-0.311856617022781,0.773172680193888,0.4521440875401312,False
nylon6,existing,BBP,acetylacetone,0.9664024306907009,0.7145449416534583,-0.2518574890372426,0.30051588323243433,0.03125009190288582,False
nylon6,existing,BBP,benzene,1.33164273117278,1.3293546527986986,-0.0022880783740815147,0.5754998325532975,0.5711155918109502,False
nylon6,existing,BBP,chloroform,4.189736520275338,2.3484143227167236,-1.8413221975586147,3.41663658059462,1.5680635699292162,False
nylon6,existing,BBP,cyclohexane,0.28129114704313807,0.25411515552107033,-0.027175991522067733,-0.414264342519578,-0.44677816383980773,False
nylon6,existing,BBP,cyclohexanol,0.13928426820123685,0.23904877179667156,0.0997645035954347,-0.4126163133783195,-0.30689067790683294,False
nylon6,existing,BBP,dichloromethane,3.0930401451627914,1.9697153928991409,-1.1233247522636505,2.3220136723023517,1.2046500519147534,False
nylon6,existing,BBP,dimethyl sulfoxide,1.099765241170017,0.9268227497127451,-0.1729424914572718,0.2978960594330398,0.10973975964188495,False
nylon6,existing,BBP,diphenyl ether,0.7632943635863569,0.6862150158464533,-0.07707934773990366,0.30136971424297815,0.21555112169893806,False
nylon6,existing,BBP,dodecane,-0.3711511196881512,-0.371446695163298,-0.00029557547514680316,-0.7262427637619944,-0.7516317353074862,False
nylon6,existing,BBP,ethanol,0.4550646470967172,0.3941281875910626,-0.06093645950565457,-0.4952506139490089,-0.5631856828604785,False
nylon6,existing,BBP,ethyl acetate,1.2796454399711572,1.1161478101589468,-0.1634976298122104,0.5521295450920237,0.3836504638040581,False
nylon6,existing,BBP,ethylene glycol,-0.7362914929942086,-0.5720416551496761,0.1642498378445325,-1.626292212533629,-1.4702304743724395,False
nylon6,existing,BBP,heptane,-0.019168416201522875,-0.06760148039275671,-0.04843306419123383,-0.5919204269169442,-0.6572098681010505,False
nylon6,existing,BBP,hexane,-0.07443066115267993,-0.14737575855449098,-0.07294509740181104,-0.5323812187190698,-0.599365184244829,False
nylon6,existing,BBP,isopropanol,0.4085658521605249,0.4730880318073649,0.06452217964684004,-0.4218589793882962,-0.3721454310117681,False
nylon6,existing,BBP,isopropylamine,0.8889384189370801,1.1302526043740162,0.24131418543693606,0.08008954732438762,0.3043970093720821,False
nylon6,existing,BBP,methanol,0.14932845338393896,0.047787530423202385,-0.10154092296073658,-0.8182835842351677,-0.9138633753198523,False
nylon6,existing,BBP,methylacetate,1.4098102266766803,1.2139838600500026,-0.19582636662667774,0.5985033466141441,0.3951576712399798,False
nylon6,existing,BBP,"n,n-dimethylformamide",1.5355292818762412,1.2649697248755336,-0.27055955700070755,0.7468063115004645,0.46594874869219643,False
nylon6,existing,BBP,o-xylene,0.8817545691470743,0.8713278374773841,-0.010426731669690215,0.2710235482534766,0.2497189522042046,False
nylon6,existing,BBP,tert-butanol,0.49270128725129964,0.47231819857696006,-0.020383088674339578,-0.24368637024747503,-0.2858049792085327,False
nylon6,existing,BBP,tetrahydrofuran,1.6722280502193896,1.5746315546841763,-0.09759649553521332,0.8717608874867432,0.7679932941471705,False
nylon6,existing,BBP,tetrahydropyran,1.3738080190596005,1.3291793559142202,-0.044628663145380276,0.6516442065543889,0.5975805627961744,False
nylon6,existing,BBP,toluene,1.0566533476459552,1.0466495818208372,-0.010003765825117972,0.3804731562257993,0.36353416218258844,False
nylon6,existing,BBP,triethylamine,0.6226939637937098,0.5775645892135349,-0.04512937458017485,0.03182365247625155,-0.02825833532446149,False
nylon6,existing,BBP,water,-4.7065241534841,-6.090381083468278,-1.3838569299841783,-6.026772447767495,-7.404668245875621,False
nylon6,existing,DEHP,"1,2-propanediol",-0.43418983232272035,-0.15646521707583538,0.27772461524688496,-1.219432447566881,-0.9589791591809823,False
nylon6,existing,DEHP,1-propanol,0.7547980499026301,0.7462090781270592,-0.008588971775570942,-0.07867858196736094,-0.09760542697338431,False
nylon6,existing,DEHP,"2,3-dihydropyran",1.9235651009036707,1.9339668605096048,0.010401759605934036,1.1798186854456656,1.1834683255534437,False
nylon6,existing,DEHP,2-butanone,1.7014970060209311,1.391367080836863,-0.3101299251840681,0.9350151070925148,0.6123100652882896,False
nylon6,existing,DEHP,acetic acid,0.007777520091867385,-0.23896332077055593,-0.24674084086242332,-0.9164785582247341,-1.1688820930445458,True
nylon6,existing,DEHP,acetone,1.7156907265764398,1.3327043335208675,-0.38298639305557236,0.8547294830972454,0.46257111441069726,False
nylon6,existing,DEHP,acetylacetone,0.8407954773109718,0.4681506837478025,-0.3726447935631693,0.17490892985270529,-0.21514416600276992,False
nylon6,existing,DEHP,benzene,1.9710572149331913,2.054745377660017,0.08368816272682578,1.2149143163137088,1.2965063166722686,False
nylon6,existing,DEHP,chloroform,5.175471591801188,3.5335800016218966,-1.6418915901792919,4.40237165212047,2.7532292488343892,False
nylon6,existing,DEHP,cyclohexane,1.489435615742557,1.4169958614633753,-0.0724397542791817,0.7938801261798409,0.7161025421024971,False
nylon6,existing,DEHP,cyclohexanol,0.764162400058134,0.7941741412562652,0.030011741198131214,0.21226181847857759,0.24823469155276068,False
nylon6,existing,DEHP,dichloromethane,3.6414657625199167,2.665690236833728,-0.9757755256861889,2.870439289659477,1.9006248958493404,False
nylon6,existing,DEHP,dimethyl sulfoxide,0.9167346977961887,0.6095657814056291,-0.30716891639055954,0.11486551605921147,-0.20751720866523107,False
nylon6,existing,DEHP,diphenyl ether,1.3018837310753844,1.2443855056419009,-0.057498225433483485,0.8399590817320054,0.7737216114943857,False
nylon6,existing,DEHP,dodecane,0.6088326739138856,0.5526431667993352,-0.0561895071145504,0.2537410298400424,0.17245812665514698,False
nylon6,existing,DEHP,ethanol,0.6620609042496408,0.5760812306460288,-0.08597967360361203,-0.2882543567960852,-0.3812326398055123,False
nylon6,existing,DEHP,ethyl acetate,1.4827862807635515,1.3745363606243544,-0.1082499201391971,0.755270385884418,0.6420390142694657,False
nylon6,existing,DEHP,ethylene glycol,-1.3357785094518422,-1.1985532478931924,0.13722526155864978,-2.2257792289912626,-2.096742067115956,False
nylon6,existing,DEHP,heptane,1.0306975909754024,0.9537715677445942,-0.07692602323080822,0.4579455802599809,0.3641631800363004,False
nylon6,existing,DEHP,hexane,0.99990757943799,0.9093580785488979,-0.09054950088909208,0.5419570218716001,0.45736865285855993,False
nylon6,existing,DEHP,isopropanol,0.8096573347767781,0.8119630999206435,0.0023057651438653792,-0.02076749677204298,-0.033270362898489475,False
nylon6,existing,DEHP,isopropylamine,1.4154235278272966,1.6183716252159317,0.20294809738863506,0.6065746562146043,0.7925160302139977,False
nylon6,existing,DEHP,methanol,0.06858375068117362,-0.06073974542622196,-0.12932349610739557,-0.899028286937933,-1.0223906511692766,True
nylon6,existing,DEHP,methylacetate,1.4734114695688016,1.3211543051322712,-0.15225716443653048,0.6621045895062654,0.5023281163222483,False
nylon6,existing,DEHP,"n,n-dimethylformamide",1.544156298185971,1.2321655946254206,-0.3119907035605505,0.7554333278101943,0.4331446184420836,False
nylon6,existing,DEHP,o-xylene,1.6341894423790402,1.6206513492014116,-0.013538093177628552,1.0234584214854425,0.9990424639282321,False
nylon6,existing,DEHP,tert-butanol,1.0443300773624475,0.9166573869964094,-0.12767269036603812,0.30794241986367293,0.1585342092109166,False
nylon6,existing,DEHP,tetrahydrofuran,2.213547320118699,2.197943244686301,-0.015604075432397835,1.413080157386052,1.391304984149295,False
nylon6,existing,DEHP,tetrahydropyran,2.04634435208807,2.009764398537062,-0.03657995355100807,1.3241805395828588,1.2781656054190165,False
nylon6,existing,DEHP,toluene,1.7666524016896166,1.8039082948420189,0.0372558931524023,1.0904722102694606,1.1207928752037701,False
nylon6,existing,DEHP,triethylamine,1.5495755932292588,1.4359732328791979,-0.11360236035006088,0.9587052819118005,0.8301503083412014,False
nylon6,existing,DEHP,water,-7.37997858171634,-9.441806915073027,-2.0618283333566865,-8.700226875999736,-10.75609407748037,False
nylon66,normalized,DEP,"1,2-propanediol",0.29012352609106695,0.37530927369179196,0.085185747600725,-0.42022481029549585,-0.32875581439656393,False
nylon66,normalized,DEP,1-propanol,0.6295023126331052,0.609555939689854,-0.01994637294325119,-0.0727436388615431,-0.08640676350658735,False
nylon66,normalized,DEP,"2,3-dihydropyran",1.2367742794751426,1.1325809705399337,-0.10419330893520895,0.6191549126397842,0.5212448520027823,False
nylon66,normalized,DEP,2-butanone,1.3114319230318012,1.1284494347521923,-0.18298248827960895,0.68952024269004,0.5128210027086378,False
nylon66,normalized,DEP,acetic acid,0.9209751141200888,0.6951782380223609,-0.22579687609772792,0.10304550734388007,-0.11646812045564078,False
nylon66,normalized,DEP,acetone,1.4582686256860038,1.2229066760954854,-0.23536194959051837,0.7500356342886473,0.5209569329963357,False
nylon66,normalized,DEP,acetylacetone,1.0511890722788282,0.8371479168755757,-0.21404115540325253,0.4862979335966636,0.27854002649161813,False
nylon66,normalized,DEP,benzene,1.2622143178172034,1.2011082756174385,-0.0611060421997649,0.6358482144698816,0.5810254205683236,False
nylon66,normalized,DEP,chloroform,4.206354742493837,2.3365800305137316,-1.8697747119801056,3.535489439219104,1.6719979755372052,False
nylon66,normalized,DEP,cyclohexane,0.3055183078801131,0.23174394184559272,-0.07377436603452037,-0.23582787548549816,-0.3033189932218115,False
nylon66,normalized,DEP,cyclohexanol,0.4938270161261734,0.5240426864961139,0.03021567036994044,-0.05864450268835977,-0.022145584020212272,False
nylon66,normalized,DEP,dichloromethane,3.1512508377880546,2.0240539966885125,-1.127196841099542,2.3796534276926384,1.2587398348913033,False
nylon66,normalized,DEP,dimethyl sulfoxide,1.1474739741151154,1.010878053138561,-0.13659592097655437,0.42299088728875067,0.29267821461040333,False
nylon66,normalized,DEP,diphenyl ether,0.9872124323971507,0.8603332299385443,-0.1268792024586064,0.524716845860651,0.3894205149782073,False
nylon66,normalized,DEP,dodecane,-0.14003584040379946,-0.2064103419735994,-0.06637450156979993,-0.35894422936261544,-0.4190354826342084,False
nylon66,normalized,DEP,ethanol,0.6939075770599842,0.6414826315222515,-0.05242494553773269,-0.11560112926014342,-0.16174282649966915,False
nylon66,normalized,DEP,ethyl acetate,1.2002565239027967,1.0529657780533,-0.14729074584949675,0.6159868253457309,0.47497932779444085,False
nylon66,normalized,DEP,ethylene glycol,0.013191337174848217,0.10308669552181382,0.0898953583469656,-0.816974755568046,-0.7207961489228735,False
nylon66,normalized,DEP,heptane,0.09197065643088675,0.004917415121137025,-0.08705324130974973,-0.31715153372246824,-0.397921526734011,False
nylon66,normalized,DEP,hexane,0.16924270579934192,0.0834006177171071,-0.08584208808223481,-0.2892787890020248,-0.36883762878605264,False
nylon66,normalized,DEP,isopropanol,0.6262839358346339,0.6442401549785727,0.017956219143938745,-0.0653545198003369,-0.04111505235819121,False
nylon66,normalized,DEP,isopropylamine,0.8986111441820175,1.0383035547249455,0.13969241054292802,0.2574914096114667,0.4034670684526016,False
nylon66,normalized,DEP,methanol,0.6175403366159506,0.5810208987782745,-0.036519437837676194,-0.35064263823813274,-0.38087882777760196,False
nylon66,normalized,DEP,methylacetate,1.3274313131073057,1.160299552232126,-0.16713176087517967,0.6525270545041821,0.49167854192720933,False
nylon66,normalized,DEP,"n,n-dimethylformamide",1.4191535756805151,1.2082125324880706,-0.21094104319244456,0.7298256195842588,0.5251678246900212,False
nylon66,normalized,DEP,o-xylene,0.8941263392680651,0.822218302784578,-0.07190803648348709,0.4002948332227196,0.3346700450374395,False
nylon66,normalized,DEP,tert-butanol,0.6611510316356465,0.6129492926109306,-0.04820173902471592,0.06075902124150433,0.01884053051499533,False
nylon66,normalized,DEP,tetrahydrofuran,1.433683387175337,1.3208049527568269,-0.11287843441851009,0.768354284495701,0.6617590983753979,False
nylon66,normalized,DEP,tetrahydropyran,1.1975062877331748,1.1146252536300696,-0.08288103410310521,0.6108998224985425,0.5343020366936444,False
nylon66,normalized,DEP,toluene,1.0311513729123658,0.9612794258031429,-0.06987194710922295,0.4822188916258764,0.41863019281486025,False
nylon66,normalized,DEP,triethylamine,0.5799814978697531,0.5167597740847863,-0.06322172378496671,0.1483232227322674,0.09138474724550757,False
nylon66,normalized,DEP,water,-2.070392669168001,-3.285333993672626,-1.214941324504625,-3.3912119006863723,-4.599869976892791,False
nylon66,normalized,DBP,"1,2-propanediol",0.20656289849356013,0.43040288585101794,0.2238399873574578,-0.5037854378930027,-0.27366220223733795,False
nylon66,normalized,DBP,1-propanol,0.8817190475020538,0.8818691530077742,0.00015010550572047698,0.17947309600740544,0.1859064498113329,False
nylon66,normalized,DBP,"2,3-dihydropyran",1.6987467558313547,1.5959580601449312,-0.10278869568642346,1.0811273889959963,0.9846219416077798,False
nylon66,normalized,DBP,2-butanone,1.6539277032615505,1.3885079232667696,-0.26541977999478084,1.0320160229197892,0.7728794912232153,False
nylon66,normalized,DBP,acetic acid,0.7547406392484461,0.6666496594756499,-0.08809097977279623,-0.06318896752776257,-0.14499669900235174,False
nylon66,normalized,DBP,acetone,1.7524314512803991,1.4245927219436691,-0.32783872933673,1.0441984598830425,0.7226429788445194,False
nylon66,normalized,DBP,acetylacetone,1.1490876751517853,0.8800407902455831,-0.2690468849062022,0.5841965364696207,0.32143289986162565,False
nylon66,normalized,DBP,benzene,1.7432885163132683,1.6927966985591336,-0.050491817754134694,1.1169224129659463,1.0727138435100187,False
nylon66,normalized,DBP,chloroform,4.760786296917701,3.102863989140375,-1.6579223077773255,4.089920993642967,2.438281934163849,False
nylon66,normalized,DBP,cyclohexane,0.9506577638625668,0.8165056825208182,-0.1341520813417486,0.40931158049695565,0.281442747453414,False
nylon66,normalized,DBP,cyclohexanol,0.8138935912923058,0.8697741522444549,0.055880560952149105,0.26142207247777255,0.3235858817281287,False
nylon66,normalized,DBP,dichloromethane,3.6021329113154223,2.5709204354786235,-1.0312124758367989,2.830535501220006,1.8056062736814142,False
nylon66,normalized,DBP,dimethyl sulfoxide,1.2493536737298294,1.0362381082011123,-0.21311556552871713,0.5248705869034648,0.31803826967295473,False
nylon66,normalized,DBP,diphenyl ether,1.3364258630417958,1.226362905987786,-0.1100629570540097,0.8739302765052961,0.7554501910274491,False
nylon66,normalized,DBP,dodecane,0.3508465747446611,0.2319107977259803,-0.11893577701868077,0.13193818578584512,0.019285657065371265,False
nylon66,normalized,DBP,ethanol,0.8915641878711253,0.8483044032345501,-0.043259784636575205,0.08205548155099768,0.04507894521262941,False
nylon66,normalized,DBP,ethyl acetate,1.5119332628735314,1.3423416059218418,-0.16959165695168954,0.9276635643164653,0.7643551556629828,False
nylon66,normalized,DBP,ethylene glycol,-0.30202454402338463,-0.10488045284118752,0.1971440911821971,-1.1321906367662788,-0.9287632972858748,False
nylon66,normalized,DBP,heptane,0.6568520675839103,0.5106648504336249,-0.1461872171502855,0.24772987743055533,0.10782590857847683,False
nylon66,normalized,DBP,hexane,0.7602855685246894,0.6139349141798337,-0.14635065434485572,0.30176407372332276,0.16169666767667398,False
nylon66,normalized,DBP,isopropanol,0.8927833622831386,0.9182824976705278,0.025499135387389238,0.20114490664816773,0.2329272903337639,False
nylon66,normalized,DBP,isopropylamine,1.2890343778177855,1.4237819550922186,0.1347475772744331,0.6479146432472348,0.7889454688198749,False
nylon66,normalized,DBP,methanol,0.6774124415095197,0.6576767817738977,-0.01973565973562208,-0.29077053334456365,-0.30422294478197875,False
nylon66,normalized,DBP,methylacetate,1.588413640751112,1.395387031150071,-0.19302660960104112,0.9135093821479884,0.7267660208451543,False
nylon66,normalized,DBP,"n,n-dimethylformamide",1.665601938134984,1.3826006402166753,-0.28300129791830875,0.9762739820387276,0.6995559324186259,False
nylon66,normalized,DBP,o-xylene,1.373674011602304,1.2853112038196066,-0.08836280778269745,0.8798425055569586,0.7977629460724681,False
nylon66,normalized,DBP,tert-butanol,0.9845499602201216,0.9273642626596426,-0.05718569756047909,0.3841579498259795,0.3332555005637073,False
nylon66,normalized,DBP,tetrahydrofuran,1.9317214309294193,1.7948754697054006,-0.1368459612240187,1.2663923282497835,1.1358296153239718,False
nylon66,normalized,DBP,tetrahydropyran,1.709341586050529,1.5903634474351613,-0.11897813861536766,1.1227351208158967,1.0100402304987361,False
nylon66,normalized,DBP,toluene,1.5174493452130662,1.443098863861859,-0.07435048135120725,0.9685168639265768,0.9004496308735763,False
nylon66,normalized,DBP,triethylamine,1.130126374360812,1.0059878677392318,-0.12413850662158032,0.6984680992233264,0.5806128408999529,False
nylon66,normalized,DBP,water,-3.9417729808389232,-5.032918907007435,-1.0911459261685117,-5.262592212357295,-6.3474548902276,False
nylon66,normalized,BBP,"1,2-propanediol",0.2784491176342516,0.3897044758581837,0.11125535822393207,-0.4318992187523112,-0.3143606122301722,False
nylon66,normalized,BBP,1-propanol,0.8662182688244247,0.8111809119669657,-0.05503735685745892,0.16397231732977632,0.11521820877052436,False
nylon66,normalized,BBP,"2,3-dihydropyran",1.8206001002728978,1.6919062773928737,-0.12869382288002407,1.2029807334375395,1.0805701588557224,False
nylon66,normalized,BBP,2-butanone,1.9114720533700993,1.6133173381996273,-0.298154715170472,1.289560373028338,0.997688906156073,False
nylon66,normalized,BBP,acetic acid,0.9004833634364323,0.5627092312557628,-0.33777413218066954,0.0825537566602236,-0.24893712722223896,False
nylon66,normalized,BBP,acetone,2.0924268200766267,1.7132961838939906,-0.3791306361826361,1.3841938286792703,1.011346440794841,False
nylon66,normalized,BBP,acetylacetone,1.4764059788473378,1.1490438263711176,-0.32736215247622025,0.9115148401651733,0.59043593598716,False
nylon66,normalized,BBP,benzene,1.8128738496823416,1.7504047273866659,-0.062469122295675694,1.1865077463350195,1.130321872337551,False
nylon66,normalized,BBP,chloroform,4.698630576007865,2.7919083954152075,-1.9067221805926575,4.027765272733132,2.1273263404386813,False
nylon66,normalized,BBP,cyclohexane,0.7380299322376604,0.6474303288209307,-0.09059960341672979,0.19668374887204923,0.11236739375352643,False
nylon66,normalized,BBP,cyclohexanol,0.7508286649292718,0.7984716843180351,0.04764301938876325,0.19835714611473865,0.252283413801709,False
nylon66,normalized,BBP,dichloromethane,3.7047058654411873,2.529207339217391,-1.1754985262237962,2.933108455345771,1.7638931774201818,False
nylon66,normalized,BBP,dimethyl sulfoxide,1.6333991657707412,1.3871440693029626,-0.24625509646777854,0.9089160789443764,0.6689442307748049,False
nylon66,normalized,BBP,diphenyl ether,1.3748618731820845,1.2456537855640444,-0.12920808761804015,0.9123662866455848,0.7747410706037074,False
nylon66,normalized,BBP,dodecane,0.10363260612810564,0.02015540567201224,-0.0834772004560934,-0.11527578283071034,-0.1924697349885968,False
nylon66,normalized,BBP,ethanol,0.9252208827394314,0.7991880745729439,-0.12603280816648743,0.11571217641930376,-0.004037383448976756,False
nylon66,normalized,BBP,ethyl acetate,1.74740575713687,1.520832799815408,-0.22657295732146188,1.163136058579804,0.942846349556549,False
nylon66,normalized,BBP,ethylene glycol,-0.18520801300675838,-0.08723632319796581,0.09797168980879256,-1.0153741057496526,-0.9111191676426531,False
nylon66,normalized,BBP,heptane,0.42815745377873204,0.30477954656922024,-0.1233779072095118,0.019035263625377028,-0.09805939528592776,False
nylon66,normalized,BBP,hexane,0.5370928926050086,0.4120204492088237,-0.1250724433961849,0.07857139780364182,-0.040217797294336076,False
nylon66,normalized,BBP,isopropanol,0.8807494119026834,0.8723751955535045,-0.008374216349178898,0.18911095626771257,0.18701998821674057,False
nylon66,normalized,BBP,isopropylamine,1.3321979293545922,1.4984245301986587,0.16622660084406649,0.6910781947840415,0.8635880439263148,False
nylon66,normalized,BBP,methanol,0.7608352920957275,0.6071368367959236,-0.15369845529980397,-0.20734768275835586,-0.3547628897599528,False
nylon66,normalized,BBP,methylacetate,1.8844175841353965,1.622975366439745,-0.26144221769565146,1.209513325532273,0.9543543561348282,False
nylon66,normalized,BBP,"n,n-dimethylformamide",2.047155077024995,1.7081998602710933,-0.3389552167539016,1.3578271209287385,1.025155152473044,False
nylon66,normalized,BBP,o-xylene,1.3758490940960777,1.2964576132611272,-0.07939148083495051,0.8820175880507322,0.8089093555139887,False
nylon66,normalized,BBP,tert-butanol,0.9676843741526087,0.8674761987523849,-0.10020817540022375,0.36729236375846647,0.27336743665644964,False
nylon66,normalized,BBP,tetrahydrofuran,2.148115621508617,1.986257521960849,-0.16185809954776786,1.4827865188289808,1.3272116675794199,False
nylon66,normalized,BBP,tetrahydropyran,1.849264381913091,1.7371125167744248,-0.11215186513866615,1.2626579166784586,1.1567892998379996,False
nylon66,normalized,BBP,toluene,1.5404040126681435,1.4653786805067575,-0.07502533216138607,0.9914715313816539,0.9227294475184749,False
nylon66,normalized,BBP,triethylamine,1.0744720448377998,0.9562962146323283,-0.11817583020547151,0.642813769700314,0.5309211877930495,False
nylon66,normalized,BBP,water,-4.095976978024277,-5.532343031745665,-1.4363660537213878,-5.416796209542649,-6.846879014965829,False
nylon66,normalized,DEHP,"1,2-propanediol",0.1808850052922577,0.39945074892115784,0.21856574362890013,-0.5294633310943051,-0.30461433916719804,False
nylon66,normalized,DEHP,1-propanol,1.3135896902309883,1.2527667104457767,-0.06082297978521156,0.6113437387363398,0.5568040072493354,False
nylon66,normalized,DEHP,"2,3-dihydropyran",2.4875200482790194,2.449284615090825,-0.038235433188194445,1.8699006814436612,1.8379484965536736,False
nylon66,normalized,DEHP,2-butanone,2.246995191249339,1.8823846080568254,-0.3646105831925137,1.625083510907578,1.266756176013271,False
nylon66,normalized,DEHP,acetic acid,0.5913619168948466,0.297037068211341,-0.2943248486835056,-0.2265676898813621,-0.5146092902666607,False
nylon66,normalized,DEHP,acetone,2.2530291253897845,1.8189626715889629,-0.43406645380082165,1.5447961339924279,1.1170129284898132,False
nylon66,normalized,DEHP,acetylacetone,1.4298412866162558,0.9978795841022643,-0.43196170251399146,0.8649501479340911,0.4392716937183067,False
nylon66,normalized,DEHP,benzene,2.531363430005637,2.5710769094594337,0.03971347945379655,1.9049973266583151,1.9509940544103186,False
nylon66,normalized,DEHP,chloroform,5.763453740914557,4.072384857123854,-1.6910688837907033,5.092588437639824,3.4078028021473283,False
nylon66,normalized,DEHP,cyclohexane,2.0252804814937644,1.905609659751399,-0.11967082174236543,1.4839342981281531,1.3705467246839946,False
nylon66,normalized,DEHP,cyclohexanol,1.4547816175745594,1.4488641548174908,-0.0059174627570686145,0.9023100987600262,0.9026758843011647,False
nylon66,normalized,DEHP,dichloromethane,4.332203252715707,3.3204664203621794,-1.0117368323535274,3.5606058426202907,2.55515225856497,False
nylon66,normalized,DEHP,dimethyl sulfoxide,1.529442759780189,1.1651386914046271,-0.36430406837556184,0.8049596729538243,0.4469388528764695,False
nylon66,normalized,DEHP,diphenyl ether,1.9925216357734588,1.8990911219222824,-0.0934305138511764,1.530026049236959,1.4281784069619454,False
nylon66,normalized,DEHP,dodecane,1.1626967731107343,1.0395179733965687,-0.12317879971416557,0.9437883841519183,0.8268928327359596,False
nylon66,normalized,DEHP,ethanol,1.2112497532481334,1.07636391004627,-0.13488584320186336,0.4017410469280059,0.27313845202434944,False
nylon66,normalized,DEHP,ethyl acetate,2.029597968476297,1.874472488729205,-0.1551254797470918,1.445328269919231,1.296486038470346,False
nylon66,normalized,DEHP,ethylene glycol,-0.7057269064199245,-0.6185974160509586,0.08712949036896589,-1.5358929991628187,-1.442480260495646,False
nylon66,normalized,DEHP,heptane,1.5571124024542005,1.421434769174839,-0.13567763327936144,1.1479902123008454,1.018595827319691,False
nylon66,normalized,DEHP,hexane,1.6905233780189537,1.5640405988848949,-0.1264827791340588,1.232001883217587,1.111802352381735,False
nylon66,normalized,DEHP,isopropanol,1.360897826348204,1.306497817728029,-0.05440000862017502,0.6692593707132332,0.6211426103912652,False
nylon66,normalized,DEHP,isopropylamine,1.9377524856732067,2.081806837736656,0.1440543520634492,1.2966327511026559,1.446970351464312,False
nylon66,normalized,DEHP,methanol,0.7590696629857083,0.5937628867345087,-0.1653067762511996,-0.209113311868375,-0.3681368398213677,False
nylon66,normalized,DEHP,methylacetate,2.027059204647201,1.8253843259531357,-0.2016748786940652,1.3521549460440772,1.1567633156482189,False
nylon66,normalized,DEHP,"n,n-dimethylformamide",2.134837684344409,1.7706463710063676,-0.3641913133380412,1.4455097282481524,1.0876016632083183,False
nylon66,normalized,DEHP,o-xylene,2.207364815623613,2.141059474984618,-0.06630534063899507,1.7135333095782677,1.6535112172374795,False
nylon66,normalized,DEHP,tert-butanol,1.5983840774221993,1.4070741568645455,-0.19130992055765383,0.9979920670280572,0.8129653947686104,False
nylon66,normalized,DEHP,tetrahydrofuran,2.768506067257668,2.7048467804652074,-0.06365928679246036,2.103176964578032,2.0458009260837784,False
nylon66,normalized,DEHP,tetrahydropyran,2.600878899899338,2.51297583693653,-0.08790306296280814,2.0142724346647056,1.9326526200001044,False
nylon66,normalized,DEHP,toluene,2.3294821270580783,2.3179182250124173,-0.011563902045661045,1.780549645771589,1.775268992024135,False
nylon66,normalized,DEHP,triethylamine,2.080436745773145,1.909984687420248,-0.17045205835289723,1.6487784706356596,1.4846096605809693,False
nylon66,normalized,DEHP,water,-6.6916207563839825,-8.79023556118983,-2.0986148048058473,-8.012439987902354,-10.104771544409994,False
nylon66,existing,DEP,"1,2-propanediol",-0.19557444086976572,0.043899051280533063,0.23947349215029878,-0.9813879933678593,-0.7588637116548979,True
nylon66,existing,DEP,1-propanol,0.20013451975687302,0.3275445223686998,0.12741000261182678,-0.633913049367051,-0.5165188035620276,False
nylon66,existing,DEP,"2,3-dihydropyran",0.8022832338766116,0.8418613861980397,0.03957815232142814,0.05796588116467365,0.09111403041159459,False
nylon66,existing,DEP,2-butanone,0.8953814063736202,0.8619962998277568,-0.03338510654586335,0.12832857019127084,0.08269046344889949,False
nylon66,existing,DEP,acetic acid,0.46670624673720434,0.3835989922866754,-0.08310725445052897,-0.45812076883333014,-0.5465686008175984,False
nylon66,existing,DEP,acetone,1.0503732122569,0.9612074181477835,-0.08916579410911651,0.1888410315237724,0.09082537820732928,False
nylon66,existing,DEP,acetylacetone,0.5915696524800365,0.5319591265581592,-0.05961052592187721,-0.07488783223216296,-0.15158454402269714,False
nylon66,existing,DEP,benzene,0.8313726220050203,0.9093800719259996,0.0780074499209793,0.07465878613160475,0.15089219010796717,False
nylon66,existing,DEP,chloroform,3.7478711343962336,2.022415282502699,-1.7254558518935346,2.974200257461582,1.241815708884908,False
nylon66,existing,DEP,cyclohexane,-0.10085124129154566,-0.0322704266445627,0.06858081464698296,-0.7969776681081947,-0.7334125668357248,False
nylon66,existing,DEP,cyclohexanol,-0.06734455810977835,0.0939259943587405,0.16127055246851885,-0.6198160769432677,-0.4522622761750479,True
nylon66,existing,DEP,dichloromethane,2.589995606624851,1.5938907758843128,-0.996104830740538,1.8183981965104783,0.8285766140696413,False
nylon66,existing,DEP,dimethyl sulfoxide,0.6642387119189176,0.6798790002651538,0.01564028834623621,-0.13820140707199255,-0.13745281063599024,False
nylon66,existing,DEP,diphenyl ether,0.4260261999987627,0.43020635308397276,0.004180153085210081,-0.03646938659854902,-0.04070636189382645,False
nylon66,existing,DEP,dodecane,-0.5644487639138576,-0.4687109573538138,0.09573780656004377,-0.9201113452416336,-0.8491448183282859,False
nylon66,existing,DEP,ethanol,0.27411933883050166,0.36571403897988497,0.09159470014938331,-0.6767668594691574,-0.5918486523019401,False
nylon66,existing,DEP,ethyl acetate,0.7828847760992991,0.7775964013130654,-0.005288374786233674,0.05479794396623264,0.04485023412789277,False
nylon66,existing,DEP,ethylene glycol,-0.487548827552188,-0.2524473227659805,0.2351015047862075,-1.3781204843455412,-1.1508849628190279,False
nylon66,existing,DEP,heptane,-0.304986290492131,-0.23816457579988748,0.06682171469224352,-0.8783092384614852,-0.8280217843384653,False
nylon66,existing,DEP,hexane,-0.3919121500751222,-0.3466969632093023,0.04521518686581988,-0.8504336448954452,-0.7989352097299243,False
nylon66,existing,DEP,isopropanol,0.20447184478974934,0.3742536808431529,0.16978183605340358,-0.6265239240130047,-0.471228602806264,False
nylon66,existing,DEP,isopropylamine,0.505732997415224,0.7994454058050863,0.29371240838986223,-0.3036868114514014,-0.026659010027131644,False
nylon66,existing,DEP,methanol,0.0563891475574253,0.15093667964627733,0.09454753208885203,-0.9117938273156142,-0.8109630469270612,False
nylon66,existing,DEP,methylacetate,0.9032145896873331,0.8806239506996926,-0.022590638987640577,0.09133677237086417,0.061548941059385784,False
nylon66,existing,DEP,"n,n-dimethylformamide",0.9579252349296877,0.8943045872841991,-0.06362064764548858,0.1686313272999782,0.09503479027057805,False
nylon66,existing,DEP,o-xylene,0.450415087049437,0.5264032329851178,0.07598814593568082,-0.16088687109809374,-0.09545447311834566,False
nylon66,existing,DEP,tert-butanol,0.23654339619309028,0.3470955168333962,0.1105521206403059,-0.5004151985596172,-0.41127648178238047,False
nylon66,existing,DEP,tetrahydrofuran,1.008196655652569,1.0385089729438741,0.030312317291305124,0.2071585556659897,0.23162189157658436,False
nylon66,existing,DEP,tetrahydropyran,0.7724448523849029,0.8360174739206279,0.06357262153572496,0.04971010262575841,0.10416985997229838,False
nylon66,existing,DEP,toluene,0.5977860558961574,0.6718674323549593,0.07408137645880186,-0.07896507277793154,-0.011496808113573365,False
nylon66,existing,DEP,triethylamine,0.17858739321528333,0.2673391555514778,0.08875176233619447,-0.4128538553561078,-0.33873258981680254,False
nylon66,existing,DEP,water,-2.6311247632754644,-3.714803100969264,-1.0836783376937995,-3.951943994812792,-5.029339084206891,False
nylon66,existing,DBP,"1,2-propanediol",-0.27911954794091165,0.09900388975733354,0.3781234376982452,-1.0649331004390052,-0.7037588731780974,True
nylon66,existing,DBP,1-propanol,0.4523502470842289,0.5998575331341848,0.1475072860499559,-0.3816973220396951,-0.24420579279654264,False
nylon66,existing,DBP,"2,3-dihydropyran",1.2642438403916187,1.3052263085497828,0.04098246815816409,0.5199264876796807,0.5544789527633377,False
nylon66,existing,DBP,2-butanone,1.2378700086679666,1.1220520127199616,-0.11581799594800501,0.4708171724856173,0.3427461763411044,False
nylon66,existing,DBP,acetic acid,0.3005021846757271,0.35510014231660514,0.05459795764087805,-0.6243248308948074,-0.5750674507876686,False
nylon66,existing,DBP,acetone,1.3445286780118875,1.16289220137711,-0.18163647663477756,0.4829964972787599,0.29251016143665565,False
nylon66,existing,DBP,acetylacetone,0.6894702897723644,0.5748571512592217,-0.1146131385131427,0.02301280506016485,-0.10868651932163478,False
nylon66,existing,DBP,benzene,1.3124336399495502,1.4010540209657867,0.08862038101623648,0.5557198040761347,0.6425661391477542,False
nylon66,existing,DBP,chloroform,4.302277580618875,2.788666278857389,-1.513611301761486,3.5286067036842232,2.0080667052395973,False
nylon66,existing,DBP,cyclohexane,0.5442750873410274,0.5524820209326944,0.00820693359166702,-0.15185133947562166,-0.14866011925846764,False
nylon66,existing,DBP,cyclohexanol,0.2527181475021425,0.4396526232617898,0.18693447575964728,-0.29975337133134683,-0.10653564727199863,False
nylon66,existing,DBP,dichloromethane,3.0408534537533294,2.1407330900308637,-0.9001203637224657,2.269256043638957,1.3754189282161922,False
nylon66,existing,DBP,dimethyl sulfoxide,0.7661058809092494,0.7052367246357576,-0.060869156273491765,-0.03633423808166081,-0.11209508626538646,False
nylon66,existing,DBP,diphenyl ether,0.77523424089459,0.796230264119351,0.020996023224761018,0.3127386542972783,0.3253175491415519,False
nylon66,existing,DBP,dodecane,-0.073570717820095,-0.030392628100966212,0.04317808971912879,-0.4292332991478711,-0.41082648907543834,False
nylon66,existing,DBP,ethanol,0.4717788407935697,0.5725424012713014,0.10076356047773172,-0.47910735750608935,-0.3850202900105236,False
nylon66,existing,DBP,ethyl acetate,1.0945565429821325,1.0669687312292546,-0.027587811752877833,0.36646971084906593,0.33422256404408207,False
nylon66,existing,DBP,ethylene glycol,-0.8027303736403721,-0.4603803376893849,0.34235003595098723,-1.6933020304337254,-1.3588179777424323,False
nylon66,existing,DBP,heptane,0.25988727439002396,0.2675778723283834,0.007690597938359467,-0.3134356735793303,-0.3222793362101944,False
nylon66,existing,DBP,hexane,0.1991212819226657,0.1838311710652874,-0.015290110857378303,-0.25940021289765725,-0.26840707545533454,False
nylon66,existing,DBP,isopropanol,0.47096932258102203,0.6482954255187329,0.17732610293771084,-0.360026446221732,-0.19718685813068404,False
nylon66,existing,DBP,isopropylamine,0.8961474255359966,1.184916159073254,0.2887687335372574,0.08672761666937115,0.35881174324103593,False
nylon66,existing,DBP,methanol,0.11627865078189703,0.22762127444575042,0.11134262366385339,-0.8519043240911425,-0.7342784521275881,False
nylon66,existing,DBP,methylacetate,1.1641935302214559,1.1157107386132477,-0.04848279160820823,0.35231571290498687,0.2966357289729409,False
nylon66,existing,DBP,"n,n-dimethylformamide",1.2043656511799232,1.0686892363696958,-0.1356764148102274,0.41507174355021376,0.2694194393560747,False
nylon66,existing,DBP,o-xylene,0.9299526095438706,0.9894863371653715,0.05953372762150089,0.3186506513963399,0.36762863106190796,False
nylon66,existing,DBP,tert-butanol,0.5599373962510918,0.6615069461711623,0.1015695499200705,-0.17702119850161568,-0.09686505244461428,False
nylon66,existing,DBP,tetrahydrofuran,1.5062198032238325,1.5125654216860904,0.006345618462257896,0.705181703237253,0.7056783403188007,False
nylon66,existing,DBP,tetrahydropyran,1.2842666811018575,1.3117433934054255,0.027476712303567963,0.561531931342713,0.579895779457096,False
nylon66,existing,DBP,toluene,1.08407249949911,1.1536750624014693,0.06960256290235933,0.407321370825021,0.4703108219329367,False
nylon66,existing,DBP,triethylamine,0.7287224627667103,0.7565588948463771,0.027836432079666795,0.13728121419531913,0.1504871494780967,False
nylon66,existing,DBP,water,-4.5019569046246435,-5.46174943550232,-0.9597925308776762,-5.822776136161972,-6.776285418739946,False
nylon66,existing,BBP,"1,2-propanediol",-0.2072324896008454,0.058309745256913015,0.2655422348577584,-0.993046042098939,-0.7444530176785179,True
nylon66,existing,BBP,1-propanol,0.43685639518253055,0.5291772315372236,0.09232083635469307,-0.3971911739413934,-0.3148860943935038,False
nylon66,existing,BBP,"2,3-dihydropyran",1.386094311238263,1.4011719345611255,0.015077623322862443,0.641776958526325,0.6504245787746805,False
nylon66,existing,BBP,2-butanone,1.4954051288980108,1.3468534619471924,-0.14855166695081845,0.7283522927156614,0.5675476255683352,False
nylon66,existing,BBP,acetic acid,0.4462400796032938,0.25116460253893613,-0.19507547706435768,-0.47858693596724067,-0.6790029905653376,False
nylon66,existing,BBP,acetone,1.6845101167373313,1.4515839508602388,-0.23292616587709247,0.8229779360042038,0.5812019109197845,False
nylon66,existing,BBP,acetylacetone,1.0167786237549497,0.8438515858633956,-0.17292703789155406,0.35032113904275014,0.16030791528253915,False
nylon66,existing,BBP,benzene,1.3820189242370289,1.458661297008636,0.07664237277160701,0.6253050883636133,0.7001734151906035,False
nylon66,existing,BBP,chloroform,4.240112713339587,2.477720966926661,-1.7623917464129262,3.4664418364049356,1.6971213933088696,False
nylon66,existing,BBP,cyclohexane,0.33166734010738685,0.38342179973100765,0.0517544596236208,-0.3644590867092622,-0.3177203404601544,False
nylon66,existing,BBP,cyclohexanol,0.18966046126548564,0.3683554160066087,0.17869495474112307,-0.3628110575680037,-0.17783285452717965,False
nylon66,existing,BBP,dichloromethane,3.14341633822704,2.099022037109078,-1.0443943011179617,2.3718189281126674,1.3337078752944067,False
nylon66,existing,BBP,dimethyl sulfoxide,1.1501414342342657,1.0561293939226823,-0.09401204031158339,0.3477013152433556,0.23879758302153828,False
nylon66,existing,BBP,diphenyl ether,0.8136705566506056,0.8155216600563906,0.0018511034057849818,0.3511749700532939,0.3446089450785914,False
nylon66,existing,BBP,dodecane,-0.32077492662390245,-0.24214005095336083,0.07863487567054162,-0.6764375079516786,-0.622573911927833,False
nylon66,existing,BBP,ethanol,0.505440840160966,0.5234348318009998,0.01799399164003379,-0.44544535813869307,-0.4341278594808252,False
nylon66,existing,BBP,ethyl acetate,1.3300216330354058,1.245454454368884,-0.08456717866652186,0.6019348009023394,0.5127082871837114,False
nylon66,existing,BBP,ethylene glycol,-0.68591529992996,-0.44273501093973877,0.24318028899022126,-1.5764869567233133,-1.3411726509927862,False
nylon66,existing,BBP,heptane,0.03120777686272569,0.06170516381718061,0.03049738695445492,-0.5421151711066285,-0.5281520447213972,False
nylon66,existing,BBP,hexane,-0.02405446808843109,-0.018069114344553716,0.005985353743877375,-0.48257596290875404,-0.47030736086517566,False
nylon66,existing,BBP,isopropanol,0.45894204522477366,0.6023946760173021,0.14345263079252846,-0.3720537235779804,-0.24308760763211482,False
nylon66,existing,BBP,isopropylamine,0.9393146120013288,1.2595592485839533,0.3202446365826245,0.1298948031347034,0.43345483275173535,False
nylon66,existing,BBP,methanol,0.19970464644818764,0.1770941746331397,-0.02261047181504794,-0.7684783284248519,-0.7848055519401989,False
nylon66,existing,BBP,methylacetate,1.4601864197409289,1.34329050425994,-0.11689591548098899,0.6483086024244598,0.5242154946196331,False
nylon66,existing,BBP,"n,n-dimethylformamide",1.5859054749404897,1.3942763690854707,-0.19162910585501902,0.7966115673107802,0.5950065720718497,False
nylon66,existing,BBP,o-xylene,0.9321307622113231,1.0006344816873214,0.06850371947599831,0.3208288040637924,0.37877677558385786,False
nylon66,existing,BBP,tert-butanol,0.5430774803155483,0.6016248427868972,0.05854736247134895,-0.19388111443715922,-0.1567471558288794,False
nylon66,existing,BBP,tetrahydrofuran,1.7226042432836384,1.7039381988941134,-0.018666044389525016,0.921566143297059,0.8970511175268236,False
nylon66,existing,BBP,tetrahydropyran,1.4241842121238493,1.4584860001241573,0.03430178800030803,0.7014494623647047,0.7266383861758278,False
nylon66,existing,BBP,toluene,1.107029540710204,1.1759562260307743,0.06892668532057034,0.4302784120361151,0.4925919855622417,False
nylon66,existing,BBP,triethylamine,0.6730701568579585,0.7068712334234721,0.03380107656551368,0.08162890828656733,0.10079948805519183,False
nylon66,existing,BBP,water,-4.656147960419851,-5.961074439258342,-1.3049264788384907,-5.976967191957179,-7.275610422495968,False
nylon66,existing,DEHP,"1,2-propanediol",-0.30475168648200057,0.06809688341479025,0.3728485698967908,-1.0905652389800942,-0.7346658795206407,True
nylon66,existing,DEHP,1-propanol,0.88423619574335,0.9707711786176846,0.08653498287433459,0.050188626619426045,0.12670785268695717,False
nylon66,existing,DEHP,"2,3-dihydropyran",2.0530032467443906,2.1585289610002305,0.1055257142558399,1.3086858940324526,1.4077816052137853,False
nylon66,existing,DEHP,2-butanone,1.830935151861651,1.6159291813274885,-0.21500597053416248,1.0638823156793018,0.8366233449486311,False
nylon66,existing,DEHP,acetic acid,0.13721566593258727,-0.014401220279930405,-0.15161688621251768,-0.7876113496379472,-0.9445688133842042,True
nylon66,existing,DEHP,acetone,1.8451288724171602,1.557266434011493,-0.28786243840566716,0.9835966916840325,0.6868843940710387,False
nylon66,existing,DEHP,acetylacetone,0.9702336231516917,0.692712784238428,-0.27752083891326373,0.30377613843949225,0.009169113657571552,False
nylon66,existing,DEHP,benzene,2.100495360773911,2.2793074781506424,0.1788121173767312,1.3437815249004956,1.52081959633261,False
nylon66,existing,DEHP,chloroform,5.304909737641909,3.7581421021125223,-1.5467676355293865,4.531238860707258,2.977542528494731,False
nylon66,existing,DEHP,cyclohexane,1.6188737615832771,1.6415579619540006,0.022684200370723495,0.922747334766628,0.9404158217628386,False
nylon66,existing,DEHP,cyclohexanol,0.8936005458988538,1.0187362417468906,0.12513569584803674,0.3411290270653646,0.47254797121310216,False
nylon66,existing,DEHP,dichloromethane,3.770903908360636,2.890252337324353,-0.880651571036283,2.9993064982462636,2.1249381755096817,False
nylon66,existing,DEHP,dimethyl sulfoxide,1.0461728436369087,0.8341278818962544,-0.21204496174065424,0.24373272464599843,0.016796070995110393,False
nylon66,existing,DEHP,diphenyl ether,1.4313218769161042,1.4689476061325264,0.037625729216422155,0.9688262903187924,0.9980348911547272,False
nylon66,existing,DEHP,dodecane,0.7382708197546055,0.7772052672899605,0.03893444753535502,0.38260823842682934,0.39677140631548846,False
nylon66,existing,DEHP,ethanol,0.7914990500903608,0.8006433311366542,0.00914428104629339,-0.15938714820929822,-0.15691936014517083,False
nylon66,existing,DEHP,ethyl acetate,1.6122244266042713,1.5990984611149799,-0.013125965489291458,0.884137594471205,0.8663522939298073,False
nylon66,existing,DEHP,ethylene glycol,-1.2063403636111223,-0.9739911474025669,0.23234921620855542,-2.0969120204044756,-1.8724287874556143,False
nylon66,existing,DEHP,heptane,1.1601357368161223,1.1783336682352197,0.018197931419097424,0.5868127888467679,0.5884764596966419,False
nylon66,existing,DEHP,hexane,1.12934572527871,1.1339201790395235,0.004574453760813446,0.6708242304583871,0.6816819325189014,False
nylon66,existing,DEHP,isopropanol,0.939095480617498,1.0365252004112688,0.0974297197937708,0.108099711814744,0.191042916761852,False
nylon66,existing,DEHP,isopropylamine,1.5448616736680167,1.8429337257065572,0.2980720520385405,0.7354418648013913,1.0168293098743393,False
nylon66,existing,DEHP,methanol,0.19802189652189328,0.16382235506440357,-0.03419954145748971,-0.7701610783511462,-0.798077371508935,False
nylon66,existing,DEHP,methylacetate,1.6028496154095215,1.5457164056228967,-0.05713320978662484,0.7909717980930524,0.7266413959825898,False
nylon66,existing,DEHP,"n,n-dimethylformamide",1.673594444026691,1.4567276951160462,-0.21686674891064484,0.8843005363969815,0.657457898102425,False
nylon66,existing,DEHP,o-xylene,1.7636275882197603,1.8452134496920372,0.08158586147227687,1.1523256300722295,1.2233557435885738,False
nylon66,existing,DEHP,tert-butanol,1.1737682232031674,1.1412194874870347,-0.032548735716132704,0.43680962845045995,0.3828474888712581,False
nylon66,existing,DEHP,tetrahydrofuran,2.3429854659594183,2.4225053451769263,0.07951987921750803,1.541947365972839,1.6156182638096368,False
nylon66,existing,DEHP,tetrahydropyran,2.17578249792879,2.234326499027688,0.05854400109889779,1.4530477481696455,1.5024788850793582,False
nylon66,existing,DEHP,toluene,1.8960905475303367,2.0284703953326444,0.13237984780230772,1.2193394188562476,1.3451061548641117,False
nylon66,existing,DEHP,triethylamine,1.6790137390699786,1.6605353333698232,-0.018478405700155465,1.0875724904985875,1.054463588001543,False
nylon66,existing,DEHP,water,-7.250540435875621,-9.2172448145824,-1.9667043787067797,-8.571359667412949,-10.531780797820028,False
pe,normalized,DEP,"1,2-propanediol",0.3638723918296367,0.4299598322008748,0.0660874403712381,0.030287932547815352,0.10145606765958946,False
pe,normalized,DEP,1-propanol,0.703251178371675,0.664206498198937,-0.03904468017273799,0.3777691039817681,0.3438051185495661,False
pe,normalized,DEP,"2,3-dihydropyran",1.310523145213712,1.1872315290490165,-0.12329161616469553,1.0696676554830953,0.9514567340589357,False
pe,normalized,DEP,2-butanone,1.385180788770371,1.1830999932612754,-0.20208079550909575,1.1400329855333513,0.9430328847647914,False
pe,normalized,DEP,acetic acid,0.9947239798586586,0.7498287965314439,-0.24489518332721472,0.5535582501871913,0.3137437616005126,False
pe,normalized,DEP,acetone,1.5320174914245737,1.2775572346045685,-0.25446025682000517,1.2005483771319585,0.9511688150524893,False
pe,normalized,DEP,acetylacetone,1.124937938017398,0.8917984753846587,-0.23313946263273932,0.9368106764399748,0.7087519085477716,False
pe,normalized,DEP,benzene,1.335963183555773,1.2557588341265216,-0.08020434942925148,1.0863609573131927,1.0112373026244772,False
pe,normalized,DEP,chloroform,4.280103608232408,2.3912305890228147,-1.8888730192095933,3.986002182062416,2.1022098575933588,False
pe,normalized,DEP,cyclohexane,0.3792671736186829,0.28639450035467573,-0.09287267326400717,0.21468486735781306,0.12689288883434194,False
pe,normalized,DEP,cyclohexanol,0.5675758818647432,0.5786932450051968,0.01111736314045364,0.3918682401549514,0.40806629803594113,False
pe,normalized,DEP,dichloromethane,3.2249997035266245,2.0787045551975956,-1.146295148329029,2.8301661705359495,1.6889517169474568,False
pe,normalized,DEP,dimethyl sulfoxide,1.2212228398536853,1.0655286116476441,-0.15569422820604117,0.8735036301320619,0.7228900966665568,False
pe,normalized,DEP,diphenyl ether,1.0609612981357206,0.9149837884476272,-0.14597750968809342,0.9752295887039623,0.8196323970343606,False
pe,normalized,DEP,dodecane,-0.06628697466522965,-0.15175978346451643,-0.08547280879928679,0.09156851348069578,0.011176399421944967,False
pe,normalized,DEP,ethanol,0.7676564427985539,0.6961331900313343,-0.0715232527672196,0.3349116135831678,0.26846905555648426,False
pe,normalized,DEP,ethyl acetate,1.2740053896413666,1.1076163365623828,-0.16638905307898377,1.0664995681890421,0.9051912098505943,False
pe,normalized,DEP,ethylene glycol,0.08694020291341809,0.15773725403089667,0.07079705111747858,-0.3664620127247348,-0.2905842668667201,False
pe,normalized,DEP,heptane,0.1657195221694565,0.05956797363021989,-0.10615154853923661,0.133361209120843,0.03229035532214243,False
pe,normalized,DEP,hexane,0.24299157153791168,0.13805117622619,-0.10494039531172167,0.16123395384128641,0.061374253270100765,False
pe,normalized,DEP,isopropanol,0.7000328015732038,0.6988907134876556,-0.0011420880855481652,0.3851582230429743,0.3890968296979622,False
pe,normalized,DEP,isopropylamine,0.9723600099205874,1.0929541132340284,0.120594103313441,0.708004152454778,0.833678950508755,False
pe,normalized,DEP,methanol,0.6912892023545203,0.6356714572873573,-0.055617745067162994,0.09987010460517846,0.04933305427855143,False
pe,normalized,DEP,methylacetate,1.4011801788458755,1.214950110741209,-0.18623006810466647,1.1030397973474932,0.9218904239833629,False
pe,normalized,DEP,"n,n-dimethylformamide",1.4929024414190848,1.2628630909971534,-0.23003935042193135,1.18033836242757,0.9553797067461747,False
pe,normalized,DEP,o-xylene,0.9678752050066349,0.8768688612936609,-0.091006343712974,0.8508075760660309,0.7648819270935929,False
pe,normalized,DEP,tert-butanol,0.7348998973742163,0.6675998511200135,-0.06730004625420283,0.5112717640848156,0.44905241257114875,False
pe,normalized,DEP,tetrahydrofuran,1.5074322529139068,1.3754555112659097,-0.1319767416479971,1.2188670273390123,1.0919709804315514,False
pe,normalized,DEP,tetrahydropyran,1.2712551534717447,1.1692758121391527,-0.10197934133259201,1.0614125653418538,0.9645139187497979,False
pe,normalized,DEP,toluene,1.104900238650936,1.0159299843122258,-0.08897025433871009,0.9327316344691876,0.8488420748710137,False
pe,normalized,DEP,triethylamine,0.6537303636083228,0.5714103325938692,-0.08232003101445362,0.5988359655755786,0.521596629301661,False
pe,normalized,DEP,water,-1.9966438034294312,-3.2306834351635443,-1.2340396317341131,-2.9406991578430612,-4.169658094836638,False
pe,normalized,DBP,"1,2-propanediol",-0.1813517611068841,0.049999519551830185,0.2313512806587143,-0.5149362203887055,-0.27850424498945514,True
pe,normalized,DBP,1-propanol,0.4938043879016095,0.5014657867085865,0.007661398806977027,0.1683223135117027,0.18106440705921567,False
pe,normalized,DBP,"2,3-dihydropyran",1.3108320962309103,1.2155546938457433,-0.09527740238516702,1.0699766065002934,0.9797798988556625,False
pe,normalized,DBP,2-butanone,1.2660130436611063,1.008104556967582,-0.2579084866935244,1.0208652404240866,0.7680374484710981,False
pe,normalized,DBP,acetic acid,0.366825979648002,0.2862462931764622,-0.08057968647153979,-0.0743397500234653,-0.14983874175446896,False
pe,normalized,DBP,acetone,1.364516791679955,1.0441893556444815,-0.32032743603547353,1.0330476773873398,0.7178009360924023,False
pe,normalized,DBP,acetylacetone,0.761173015551341,0.49963742394639554,-0.26153559160494544,0.5730457539739179,0.3165908571095084,False
pe,normalized,DBP,benzene,1.355373856712824,1.312393332259946,-0.04298052445287803,1.1057716304702436,1.0678718007579016,False
pe,normalized,DBP,chloroform,4.372871637317256,2.7224606228411874,-1.6504110144760684,4.078770211147264,2.433439891411732,False
pe,normalized,DBP,cyclohexane,0.5627431042621227,0.43610231622163065,-0.12664078804049206,0.3981607980012529,0.27660070470129683,False
pe,normalized,DBP,cyclohexanol,0.4259789316918615,0.4893707859452672,0.06339185425340566,0.2502712899820698,0.3187438389760115,False
pe,normalized,DBP,dichloromethane,3.2142182517149784,2.1905170691794362,-1.0237011825355422,2.8193847187243035,1.8007642309292975,False
pe,normalized,DBP,dimethyl sulfoxide,0.8614390141293853,0.6558347419019248,-0.20560427222746047,0.513719804407762,0.31319622692083754,False
pe,normalized,DBP,diphenyl ether,0.9485112034413516,0.8459595396885985,-0.10255166375275315,0.8627794940095933,0.750608148275332,False
pe,normalized,DBP,dodecane,-0.03706808485578303,-0.14849256857320733,-0.1114244837174243,0.1207874032901424,0.01444361431325406,False
pe,normalized,DBP,ethanol,0.5036495282706811,0.4679010369353623,-0.03574849133531882,0.07090469905529494,0.0402369024605122,False
pe,normalized,DBP,ethyl acetate,1.124018603273087,0.9619382396226541,-0.16208036365043288,0.9165127818207626,0.7595131129108657,False
pe,normalized,DBP,ethylene glycol,-0.6899392036238289,-0.4852838191403752,0.20465538448345366,-1.1433414192619817,-0.933605340037992,False
pe,normalized,DBP,heptane,0.2689374079834661,0.13026148413443708,-0.13867592384902902,0.2365790949348526,0.10298386582635963,False
pe,normalized,DBP,hexane,0.3723709089242453,0.233531547880646,-0.13883936104359929,0.29061329122762003,0.15685462492455676,False
pe,normalized,DBP,isopropanol,0.5048687026826945,0.53787913137134,0.033010428688645566,0.189994124152465,0.22808524758164667,False
pe,normalized,DBP,isopropylamine,0.9011197182173414,1.0433785887930311,0.14225887057568976,0.6367638607515321,0.7841034260677577,False
pe,normalized,DBP,methanol,0.2894977819090755,0.27727341547470996,-0.01222436643436553,-0.3019213158402664,-0.30906498753409595,False
pe,normalized,DBP,methylacetate,1.2004989811506679,1.0149836648508832,-0.18551531629978468,0.9023585996522856,0.7219239780930371,False
pe,normalized,DBP,"n,n-dimethylformamide",1.2776872785345397,1.0021972739174876,-0.2754900046170521,0.965123199543025,0.6947138896665087,False
pe,normalized,DBP,o-xylene,0.9857593520018599,0.9049078375204189,-0.08085151448144101,0.8686917230612559,0.7929209033203509,False
pe,normalized,DBP,tert-butanol,0.5966353006196775,0.5469608963604549,-0.04967440425922265,0.3730071673302768,0.3284134578115901,False
pe,normalized,DBP,tetrahydrofuran,1.5438067713289751,1.4144721034062129,-0.12933466792276227,1.2552415457540806,1.1309875725718546,False
pe,normalized,DBP,tetrahydropyran,1.3214269264500849,1.2099600811359736,-0.11146684531411122,1.111584338320194,1.005198187746619,False
pe,normalized,DBP,toluene,1.1295346856126223,1.0626954975626712,-0.06683918804995104,0.9573660814308741,0.8956075881214591,False
pe,normalized,DBP,triethylamine,0.742211714760368,0.625584501440044,-0.116627213320324,0.6873173167276238,0.5757707981478357,False
pe,normalized,DBP,water,-4.329687640439367,-5.4133222733066235,-1.0836346328672564,-5.273742994852998,-6.352296932979717,False
pe,normalized,BBP,"1,2-propanediol",0.16158888223133416,0.22593851564760076,0.0643496334162666,-0.17199557705048718,-0.10256524889368457,False
pe,normalized,BBP,1-propanol,0.7493580334215072,0.6474149517563829,-0.10194308166512434,0.42387595903160036,0.327013572107012,False
pe,normalized,BBP,"2,3-dihydropyran",1.7037398648699806,1.528140317182291,-0.1755995476876897,1.4628843751393636,1.2923655221922101,False
pe,normalized,BBP,2-butanone,1.794611817967182,1.4495513779890443,-0.3450604399781376,1.5494640147301622,1.2094842694925605,False
pe,normalized,BBP,acetic acid,0.7836231280335149,0.3989432710451799,-0.38467985698833496,0.3424573983620476,-0.03714176388575132,False
pe,normalized,BBP,acetone,1.9755665846737096,1.5495302236834076,-0.42603636099030195,1.6440974703810944,1.2231418041313284,False
pe,normalized,BBP,acetylacetone,1.3595457434444205,0.9852778661605348,-0.37426787728388566,1.1714184818669973,0.8022312993236477,False
pe,normalized,BBP,benzene,1.6960136142794238,1.5866387671760829,-0.10937484710334089,1.4464113880368434,1.3421172356740385,False
pe,normalized,BBP,chloroform,4.581770340604947,2.6281424352046248,-1.9536279054003218,4.2876689144349545,2.339121703775169,False
pe,normalized,BBP,cyclohexane,0.6211696968347431,0.4836643686103479,-0.1375053282243952,0.45658739057387326,0.3241627570900141,False
pe,normalized,BBP,cyclohexanol,0.6339684295263543,0.6347057241074523,0.000737294581097947,0.45826078781656265,0.4640787771381966,False
pe,normalized,BBP,dichloromethane,3.58784563003827,2.3654413790068083,-1.2224042510314619,3.1930120970475953,1.9756885407566696,False
pe,normalized,BBP,dimethyl sulfoxide,1.5165389303678236,1.2233781090923799,-0.29316082127544374,1.1688197206462003,0.8807395941112925,False
pe,normalized,BBP,diphenyl ether,1.258001637779167,1.0818878253534616,-0.17611381242570534,1.1722699283474087,0.9865364339401951,False
pe,normalized,BBP,dodecane,-0.013227629274811775,-0.14361055453857055,-0.13038292526375878,0.14462785887111365,0.01932562834789084,False
pe,normalized,BBP,ethanol,0.8083606473365139,0.635422114362361,-0.17293853297415296,0.37561581812112776,0.20775797988751088,False
pe,normalized,BBP,ethyl acetate,1.6305455217339526,1.357066839604825,-0.2734786821291275,1.4230397002816282,1.1546417128930366,False
pe,normalized,BBP,ethylene glycol,-0.3020682484096757,-0.2510022834085487,0.051065965001127034,-0.7554704640478286,-0.6993238043061655,False
pe,normalized,BBP,heptane,0.31129721837581453,0.14101358635863734,-0.1702836320171772,0.27893890532720106,0.11373596805055987,False
pe,normalized,BBP,hexane,0.4202326572020911,0.2482544889982408,-0.17197816820385028,0.3384750395054658,0.17157756604215155,False
pe,normalized,BBP,isopropanol,0.763889176499766,0.7086092353429216,-0.055279941156844314,0.4490145979695366,0.3988153515532282,False
pe,normalized,BBP,isopropylamine,1.215337693951675,1.334658569988076,0.11932087603640107,0.9509818364858655,1.0753834072628026,False
pe,normalized,BBP,methanol,0.64397505669281,0.4433708765853407,-0.20060418010746928,0.052555958943468144,-0.1429675264234652,False
pe,normalized,BBP,methylacetate,1.7675573487324792,1.4592094062291623,-0.3083479425033169,1.4694169672340969,1.166149719471316,False
pe,normalized,BBP,"n,n-dimethylformamide",1.9302948416220773,1.5444339000605105,-0.3858609415615668,1.6177307626305626,1.2369505158095317,False
pe,normalized,BBP,o-xylene,1.2589888586931601,1.1326916530505444,-0.1262972056426157,1.141921229752556,1.0207047188504763,False
pe,normalized,BBP,tert-butanol,0.8508241387496912,0.703710238541802,-0.14711390020788917,0.6271960054602904,0.48516279999293727,False
pe,normalized,BBP,tetrahydrofuran,2.0312553861056992,1.8224915617502657,-0.2087638243554335,1.742690160530805,1.5390070309159074,False
pe,normalized,BBP,tetrahydropyran,1.7324041465101734,1.573346556563842,-0.15905758994633135,1.5225615583802825,1.3685846631744871,False
pe,normalized,BBP,toluene,1.4235437772652262,1.3016127202961747,-0.12193105696905149,1.251375173083478,1.1345248108549626,False
pe,normalized,BBP,triethylamine,0.9576118094348822,0.7925302544217454,-0.16508155501313682,0.902717411402138,0.7427165511295372,False
pe,normalized,BBP,water,-4.2128372134271945,-5.6961089919562475,-1.483271778529053,-5.156892567840825,-6.635083651629341,False
pe,normalized,DEHP,"1,2-propanediol",-0.8415256067658448,-0.7790836906982981,0.06244191606754668,-1.175110066047666,-1.1075874552395835,False
pe,normalized,DEHP,1-propanol,0.2911790781728857,0.07423227082632095,-0.21694680734656474,-0.03430299621702115,-0.24616910882304993,False
pe,normalized,DEHP,"2,3-dihydropyran",1.4651094362209172,1.270750175471369,-0.19435926074954812,1.2242539464903002,1.0349753804812882,False
pe,normalized,DEHP,2-butanone,1.2245845791912369,0.7038501684373697,-0.5207344107538672,0.979436775954217,0.4637830599408858,False
pe,normalized,DEHP,acetic acid,-0.43104869516325595,-0.881497371408115,-0.45044867624485907,-0.8722144248347232,-1.3175824063390462,False
pe,normalized,DEHP,acetone,1.230618513331682,0.6404282319695069,-0.5901902813621751,0.8991493990390668,0.3140398124174278,False
pe,normalized,DEHP,acetylacetone,0.4074306745581532,-0.18065485551719146,-0.5880855300753447,0.21930341298073006,-0.3637014223540786,True
pe,normalized,DEHP,benzene,1.5089528179475344,1.3925424698399775,-0.1164103481075569,1.2593505917049541,1.1480209383379332,False
pe,normalized,DEHP,chloroform,4.741043128856455,2.8938504175043986,-1.847192711352056,4.446941702686463,2.6048296860749427,False
pe,normalized,DEHP,cyclohexane,1.0028698694356621,0.7270752201319431,-0.275794649303719,0.8382875631747922,0.5675736086116093,False
pe,normalized,DEHP,cyclohexanol,0.4323710055164569,0.2703297151980351,-0.1620412903184218,0.25666336380666516,0.0997027682287794,False
pe,normalized,DEHP,dichloromethane,3.3097926406576046,2.1419319807427235,-1.167860659914881,2.9149591076669297,1.7521791424925846,False
pe,normalized,DEHP,dimethyl sulfoxide,0.5070321477220866,-0.01339574821482864,-0.5204278959369153,0.15931293800046328,-0.35603426319591586,True
pe,normalized,DEHP,diphenyl ether,0.9701110237153563,0.7205566823028265,-0.24955434141252975,0.884379314283598,0.62520529088956,False
pe,normalized,DEHP,dodecane,0.14028616105263192,-0.13901646622288716,-0.2793026272755191,0.29814164919855735,0.023919716663574238,True
pe,normalized,DEHP,ethanol,0.18883914119003106,-0.10217052957318584,-0.29100967076321693,-0.2439056880253551,-0.5298346640480359,True
pe,normalized,DEHP,ethyl acetate,1.0071873564181946,0.6959380491097492,-0.31124930730844536,0.79968153496587,0.4935129223979607,False
pe,normalized,DEHP,ethylene glycol,-1.728137518478027,-1.7971318556704146,-0.06899433719238757,-2.1815397341161797,-2.2454533765680313,False
pe,normalized,DEHP,heptane,0.5347017903960979,0.2429003295553831,-0.2918014608407148,0.5023434773474844,0.21562271124730564,False
pe,normalized,DEHP,hexane,0.6681127659608513,0.3855061592654389,-0.28260660669541243,0.5863551482642261,0.30882923630934966,False
pe,normalized,DEHP,isopropanol,0.33848721429010153,0.12796337810857325,-0.21052383618152828,0.023612635759872106,-0.18183050568112016,False
pe,normalized,DEHP,isopropylamine,0.9153418736151042,0.9032723981172,-0.01206947549790427,0.650986016149295,0.6439972353919267,False
pe,normalized,DEHP,methanol,-0.26334094907239414,-0.5847715528849473,-0.3214306038125532,-0.854760046821736,-1.1711099558937532,False
pe,normalized,DEHP,methylacetate,1.0046485925890984,0.6468498863336798,-0.35779870625541865,0.7065082110907162,0.35379019957583363,False
pe,normalized,DEHP,"n,n-dimethylformamide",1.112427072286306,0.5921119313869116,-0.5203151408993945,0.7998629932947913,0.2846285471359329,False
pe,normalized,DEHP,o-xylene,1.1849542035655107,0.9625250353651621,-0.22242916820034864,1.0678865746249067,0.8505381011650941,False
pe,normalized,DEHP,tert-butanol,0.5759734653640969,0.22853971724508979,-0.34743374811900707,0.35234533207469615,0.009992278696225045,False
pe,normalized,DEHP,tetrahydrofuran,1.7460954551995653,1.5263123408457515,-0.2197831143538138,1.4575302296246708,1.242827810011393,False
pe,normalized,DEHP,tetrahydropyran,1.5784682878412353,1.334441397317074,-0.24402689052416138,1.3686256997113444,1.129679503927719,False
pe,normalized,DEHP,toluene,1.3070715149999759,1.1393837853929616,-0.16768772960701428,1.1349029108182276,0.9722958759517494,False
pe,normalized,DEHP,triethylamine,1.058026133715043,0.7314502478007923,-0.3265758859142507,1.0031317356822986,0.681636544508584,False
pe,normalized,DEHP,water,-7.714031368442084,-9.968770000809284,-2.2547386323672,-8.658086722855714,-10.90774466048238,False
pe,existing,DEP,"1,2-propanediol",-0.05102453538107965,0.056301025889993195,0.10732556127107284,-0.4600742108058904,-0.3709004135825964,True
pe,existing,DEP,1-propanol,0.34468442524555926,0.33994649697816,-0.004737928267399272,-0.11259926680508196,-0.12855550548972622,False
pe,existing,DEP,"2,3-dihydropyran",0.9468331393652979,0.8542633608074998,-0.09256977855779813,0.5792796637266426,0.47907732848389595,False
pe,existing,DEP,2-butanone,1.0399313118623064,0.8743982744372168,-0.1655330374250895,0.6496423527532398,0.47065376152120086,False
pe,existing,DEP,acetic acid,0.6112561522258905,0.3960009668961356,-0.21525518532975485,0.06319301372863882,-0.15860530274529694,False
pe,existing,DEP,acetone,1.1949231177455861,0.9736093927572436,-0.22131372498834256,0.7101548140857414,0.4787886762796306,False
pe,existing,DEP,acetylacetone,0.7361195579687227,0.5443611011676194,-0.19175845680110337,0.44642595032980603,0.23637875404960423,False
pe,existing,DEP,benzene,0.9759225274937064,0.9217820465354596,-0.05414048095824686,0.5959725686935737,0.5388554881802685,False
pe,existing,DEP,chloroform,3.89242103988492,2.0348172571121594,-1.8576037827727605,3.4955140400235516,1.6297790069572093,False
pe,existing,DEP,cyclohexane,0.043698664197140524,-0.019868452035102513,-0.06356711623224304,-0.27566388554622573,-0.3454492687634233,True
pe,existing,DEP,cyclohexanol,0.0772053473789079,0.10632796896820061,0.029122621589292713,-0.09850229438129869,-0.06429897810274647,False
pe,existing,DEP,dichloromethane,2.734545512113537,1.6062927504937732,-1.128252761619764,2.3397119790724474,1.216539912141943,False
pe,existing,DEP,dimethyl sulfoxide,0.8087886174076038,0.6922809748746139,-0.11650764253298984,0.3831123754899764,0.2505104874363111,False
pe,existing,DEP,diphenyl ether,0.5705761054874489,0.4426083276934329,-0.12796777779401597,0.48484439596341994,0.3472569361784749,False
pe,existing,DEP,dodecane,-0.4198988584251713,-0.4563089827443536,-0.036410124319182335,-0.39879756267966465,-0.46118152025598447,False
pe,existing,DEP,ethanol,0.4186692443191879,0.3781160135893452,-0.04055323072984268,-0.1554530769071884,-0.20388535422963863,False
pe,existing,DEP,ethyl acetate,0.9274346815879853,0.7899983759225254,-0.13743630566545983,0.5761117265282016,0.43281353220019414,False
pe,existing,DEP,ethylene glycol,-0.3429989220635018,-0.24004534815652034,0.10295357390698145,-0.8568067017835723,-0.7629216647467264,False
pe,existing,DEP,heptane,-0.16043638500344473,-0.22576260119042746,-0.06532621618698273,-0.35699545589951626,-0.44005848626616395,False
pe,existing,DEP,hexane,-0.24736224458643596,-0.3342949885998422,-0.08693274401340623,-0.3291198623334761,-0.4109719116576229,False
pe,existing,DEP,isopropanol,0.3490217502784355,0.3866556554526131,0.037633905174177584,-0.10521014145103576,-0.08326530473396258,False
pe,existing,DEP,isopropylamine,0.6502829029039101,0.8118473804145465,0.1615644775106364,0.21762697111056756,0.36130428804516973,False
pe,existing,DEP,methanol,0.20093905304611148,0.1633386542557374,-0.03760039879037408,-0.3904800447536453,-0.4229997488547598,False
pe,existing,DEP,methylacetate,1.0477644951760194,0.8930259253091527,-0.15473856986686674,0.6126505549328332,0.44951223913168714,False
pe,existing,DEP,"n,n-dimethylformamide",1.102475140418374,0.9067065618936592,-0.19576857852471474,0.6899451098619471,0.48299808834287944,False
pe,existing,DEP,o-xylene,0.5949649925381232,0.5388052075945778,-0.05615978494354534,0.36042691146387523,0.2925088249539557,False
pe,existing,DEP,tert-butanol,0.3810933016817765,0.3594974914428563,-0.02159581023892021,0.020898584002351738,-0.023313183710079063,False
pe,existing,DEP,tetrahydrofuran,1.1527465611412553,1.0509109475533343,-0.10183561358792104,0.7284723382279586,0.6195851896488858,False
pe,existing,DEP,tetrahydropyran,0.9169947578735891,0.848419448530088,-0.06857530934350109,0.5710238851877274,0.49213315804459973,False
pe,existing,DEP,toluene,0.7423359613848437,0.6842694069644193,-0.05806655442042441,0.44234870978403745,0.376466489958728,False
pe,existing,DEP,triethylamine,0.3231372987039696,0.27974113016093793,-0.04339616854303169,0.10845992720586116,0.04923070825549882,False
pe,existing,DEP,water,-2.4865748577867786,-3.702401126359804,-1.2158262685730254,-3.4306302122508234,-4.6413757861345895,False
pe,existing,DBP,"1,2-propanediol",-0.5962300941346692,-0.323645391483949,0.2725847026507202,-1.00527976955948,-0.7508468309565386,False
pe,existing,DBP,1-propanol,0.13523970089047144,0.1772082518929023,0.041968551002430854,-0.3220439911601698,-0.2912937505749839,False
pe,existing,DBP,"2,3-dihydropyran",0.9471332941978614,0.8825770273085003,-0.06455626688936111,0.5795798185592062,0.5073909949848965,False
pe,existing,DBP,2-butanone,0.9207594624742093,0.6994027314786792,-0.2213567309955301,0.5304705033651427,0.29565821856266317,False
pe,existing,DBP,acetic acid,-0.016608361518030468,-0.0675491389246774,-0.05094077740664693,-0.5646715000152821,-0.62215540856611,False
pe,existing,DBP,acetone,1.02741813181813,0.7402429201358274,-0.28717521168230253,0.5426498281582852,0.2454222036582144,False
pe,existing,DBP,acetylacetone,0.3723597435786068,0.1522078700179391,-0.2201518735606677,0.08266613593969016,-0.15577447710007605,False
pe,existing,DBP,benzene,0.9953230937557929,0.9784047397245039,-0.01691835403128894,0.6153731349556602,0.5954781813693129,False
pe,existing,DBP,chloroform,3.9851670344251175,2.3660169976161063,-1.6191500368090113,3.5882600345637488,1.9609787474611562,False
pe,existing,DBP,cyclohexane,0.22716454114726992,0.12983273969141187,-0.09733180145585804,-0.09219800859609634,-0.1957480770369089,False
pe,existing,DBP,cyclohexanol,-0.06439239869161492,0.017003342020507184,0.0813957407121221,-0.2401000404518215,-0.1536236050504399,True
pe,existing,DBP,dichloromethane,2.7237429075595716,1.7180838087895811,-1.0056590987699905,2.328909374518482,1.3283309704377508,False
pe,existing,DBP,dimethyl sulfoxide,0.44899533471549186,0.2825874433944751,-0.16640789132101674,0.023319092797864503,-0.15918304404382771,False
pe,existing,DBP,diphenyl ether,0.4581236947008326,0.3735809828780686,-0.08454271182276396,0.3723919851768036,0.27822959136311065,False
pe,existing,DBP,dodecane,-0.3906812640138524,-0.45304190934224875,-0.06236064532839636,-0.36957996826834577,-0.4579144468538796,False
pe,existing,DBP,ethanol,0.1546682945998123,0.14989312003001892,-0.004775174569793372,-0.419454026626564,-0.4321082477889649,False
pe,existing,DBP,ethyl acetate,0.7774459967883749,0.6443194499879721,-0.1331265468004028,0.4261230417285912,0.28713460626564086,False
pe,existing,DBP,ethylene glycol,-1.1198409198341297,-0.8830296189306673,0.23681130090346236,-1.6336486995542001,-1.4059059355208734,False
pe,existing,DBP,heptane,-0.05722327180373346,-0.1550714089128991,-0.09784813710916565,-0.253782342699805,-0.3693672939886356,False
pe,existing,DBP,hexane,-0.11798926427109176,-0.23881811017599508,-0.12082884590490332,-0.19974688201813193,-0.3154950332337758,False
pe,existing,DBP,isopropanol,0.15385877638726453,0.22564614427745042,0.07178736789018589,-0.30037311534220673,-0.24427481590912528,False
pe,existing,DBP,isopropylamine,0.5790368793422391,0.7622668778319714,0.18322999848973232,0.14638094754889647,0.31172378546259466,False
pe,existing,DBP,methanol,-0.20083189541186042,-0.19502800679553223,0.00580388861632819,-0.7922509932116172,-0.7813664099060295,False
pe,existing,DBP,methylacetate,0.8470829840276985,0.6930614573719652,-0.15402152665573332,0.4119690437845122,0.24954777119449967,False
pe,existing,DBP,"n,n-dimethylformamide",0.8872551049861659,0.6460399551284133,-0.2412151498577526,0.47472507442973916,0.22233148157763344,False
pe,existing,DBP,o-xylene,0.6128420633501132,0.5668370559240888,-0.046005007426024314,0.37830398227586526,0.32054067328346675,False
pe,existing,DBP,tert-butanol,0.2428268500573344,0.23885766492987984,-0.003969185127454561,-0.11736786762209038,-0.14395301022305554,False
pe,existing,DBP,tetrahydrofuran,1.1891092570300752,1.089916140444808,-0.0991931165852673,0.7648350341167784,0.6585903825403594,False
pe,existing,DBP,tetrahydropyran,0.9671561349081002,0.8890941121641429,-0.07806202274395724,0.6211852622222384,0.5328078216786547,False
pe,existing,DBP,toluene,0.7669619533053526,0.7310257811601868,-0.03593617214516576,0.46697470170454636,0.4232228641544954,False
pe,existing,DBP,triethylamine,0.4116119165729529,0.3339096136050946,-0.0777023029678583,0.19693454507484442,0.10339919169965543,False
pe,existing,DBP,water,-4.819067450818401,-5.884398716743602,-1.0653312659252014,-5.763122805282446,-6.823373376518388,False
pe,existing,BBP,"1,2-propanediol",-0.25329856347413127,-0.147710109153249,0.10558845432088226,-0.662348238898942,-0.5749115486258386,False
pe,existing,BBP,1-propanol,0.3907903213092448,0.3231573771270617,-0.06763294418218307,-0.06649337074139644,-0.14534462534082446,False
pe,existing,BBP,"2,3-dihydropyran",1.3400282373649772,1.1951520801509636,-0.1448761572140136,0.972474761726322,0.8199660478273598,False
pe,existing,BBP,2-butanone,1.449339055024725,1.1408336075370304,-0.3085054474876945,1.0590500959156584,0.7370890946210145,False
pe,existing,BBP,acetic acid,0.400174005730008,0.045144748128774226,-0.35502925760123377,-0.14788913276724364,-0.5094615215126583,False
pe,existing,BBP,acetone,1.6384440428640454,1.2455640964500767,-0.39287994641396873,1.1536757392042007,0.7507433799724638,False
pe,existing,BBP,acetylacetone,0.9707125498816638,0.6378317314532336,-0.3328808184284302,0.6810189422427471,0.3298493843352185,False
pe,existing,BBP,benzene,1.335952850363743,1.252641442598474,-0.08331140776526902,0.9560028915636102,0.8697148842432828,False
pe,existing,BBP,chloroform,4.1940466394663005,2.271701112516499,-1.9223455269498015,3.797139639604932,1.866662862361549,False
pe,existing,BBP,cyclohexane,0.2856012662341011,0.17740194532084574,-0.10819932091325535,-0.03376128350926519,-0.14817887140747504,False
pe,existing,BBP,cyclohexanol,0.14359438739219987,0.1623355615964468,0.018741174204246924,-0.03211325436800672,-0.008291385474500286,False
pe,existing,BBP,dichloromethane,3.0973502643537536,1.893002182698916,-1.2043480816548375,2.702516731312664,1.503249344347086,False
pe,existing,BBP,dimethyl sulfoxide,1.1040753603609799,0.8501095395125204,-0.2539658208484594,0.6783991184433525,0.4083390520742176,False
pe,existing,BBP,diphenyl ether,0.7676044827773199,0.6095018056462287,-0.15810267713109116,0.6818727732532909,0.5141504141312707,False
pe,existing,BBP,dodecane,-0.3668410004971882,-0.44815990536352274,-0.08131890486633453,-0.3457397047516816,-0.4530324428751536,False
pe,existing,BBP,ethanol,0.45937476628768026,0.31741497739083796,-0.1419597888968423,-0.11474755493869607,-0.26458639042814586,False
pe,existing,BBP,ethyl acetate,1.2839555591621201,1.039434599958722,-0.2445209592033981,0.9326326041023364,0.6822497562363907,False
pe,existing,BBP,ethylene glycol,-0.7319813738032458,-0.6487548653499008,0.083226508453345,-1.2457891535233163,-1.1716311819401068,False
pe,existing,BBP,heptane,-0.014858297010559934,-0.14431469059298135,-0.12945639358242142,-0.21141736790663146,-0.35861057566871785,False
pe,existing,BBP,hexane,-0.07012054196171684,-0.22408896875471557,-0.1539684267929987,-0.151878159708757,-0.3007658918124963,False
pe,existing,BBP,isopropanol,0.41287597135148785,0.3963748216071402,-0.016501149744347632,-0.04135592037798339,-0.07354613857943547,False
pe,existing,BBP,isopropylamine,0.8932485381280431,1.0535393941737914,0.16029085604574833,0.4605926063347004,0.6029963018044147,False
pe,existing,BBP,methanol,0.15363857257490193,-0.028925679777022317,-0.18256425235192425,-0.43778052522485483,-0.6152640828875195,True
pe,existing,BBP,methylacetate,1.414120345867643,1.137270649849778,-0.276849696017865,0.9790064056244567,0.6937569636723123,False
pe,existing,BBP,"n,n-dimethylformamide",1.5398394010672039,1.1882565146753088,-0.35158288639189506,1.127309370510777,0.764548041124529,False
pe,existing,BBP,o-xylene,0.8860646883380372,0.7946146272771594,-0.09145006106087783,0.6515266072637893,0.5483182446365372,False
pe,existing,BBP,tert-butanol,0.49701140644226255,0.3956049883767353,-0.10140641806552725,0.13681668876283776,0.012794313223799949,False
pe,existing,BBP,tetrahydrofuran,1.6765381694103527,1.4979183444839517,-0.17861982492640105,1.252263946497056,1.0665925865795032,False
pe,existing,BBP,tetrahydropyran,1.3781181382505634,1.2524661457139954,-0.125651992536568,1.0321472655647017,0.8961798552285071,False
pe,existing,BBP,toluene,1.0609634668369183,0.9699363716206124,-0.09102709521630592,0.7609762152361121,0.662133454614921,False
pe,existing,BBP,triethylamine,0.6270040829846728,0.5008513790133103,-0.12615270397136247,0.4123267114865643,0.2703409571078712,False
pe,existing,BBP,water,-4.702214034293137,-6.1670942936685025,-1.4648802593753656,-5.646269388757182,-7.106068953443288,False
pe,existing,DEHP,"1,2-propanediol",-1.256356855527952,-1.1526746488705708,0.10368220665738126,-1.6654065309527628,-1.5798760883431604,False
pe,existing,DEHP,1-propanol,-0.06736897330260128,-0.2500003536676765,-0.1826313803650752,-0.5246526653532425,-0.7185023561355627,False
pe,existing,DEHP,"2,3-dihydropyran",1.1013980776984391,0.9377574287148693,-0.16364064898356978,0.7338446020597839,0.5625713963912655,False
pe,existing,DEHP,2-butanone,0.8793299828156996,0.39515764904212725,-0.4841723337735724,0.48904102370663305,-0.008586863873888751,False
pe,existing,DEHP,acetic acid,-0.8143895031133641,-1.2351727525652918,-0.4207832494519277,-1.3624526416106157,-1.7897790222067242,False
pe,existing,DEHP,acetone,0.8935237033712086,0.33649490172613183,-0.5570288016450767,0.4087553997113639,-0.1583258147514811,False
pe,existing,DEHP,acetylacetone,0.018628454105740377,-0.5280587480469332,-0.5466872021526736,-0.2710651535331763,-0.8360410951649483,True
pe,existing,DEHP,benzene,1.14889019172796,1.0585359458652812,-0.0903542458626787,0.7689402329278271,0.6756093875100901,False
pe,existing,DEHP,chloroform,4.3533045685959575,2.5373705698271607,-1.8159339987687968,3.9563975687345887,2.132332319672211,False
pe,existing,DEHP,cyclohexane,0.6672685925373256,0.4207864296686395,-0.24648216286868613,0.34790604279395937,0.0952056129403187,False
pe,existing,DEHP,cyclohexanol,-0.05800462314709737,-0.2020352905384706,-0.14403066739137324,-0.23371226490730396,-0.3726622376094177,False
pe,existing,DEHP,dichloromethane,2.819298739314685,1.6694808050389924,-1.1498179342756925,2.424465206273595,1.2797279666871622,False
pe,existing,DEHP,dimethyl sulfoxide,0.09456767459095727,-0.38664365038910664,-0.4812113249800639,-0.3311085673266701,-0.8284141378274095,True
pe,existing,DEHP,diphenyl ether,0.4797167078701528,0.24817607384716528,-0.23154063402298752,0.3939849983461238,0.15282468233220733,False
pe,existing,DEHP,dodecane,-0.21333434929134576,-0.4435662649954005,-0.23023191570405477,-0.19223305354583917,-0.4484388025070314,False
pe,existing,DEHP,ethanol,-0.16010611895559046,-0.42012820114870675,-0.2600220821931163,-0.7342284401819668,-1.0021295689676906,False
pe,existing,DEHP,ethyl acetate,0.6606192575583201,0.3783269288296187,-0.28229232872870136,0.3092963024985364,0.021142085107287416,False
pe,existing,DEHP,ethylene glycol,-2.157945532657074,-2.194762679687928,-0.03681714703085426,-2.6717533123771444,-2.717638996278134,False
pe,existing,DEHP,heptane,0.20853056777017087,-0.04243786405014155,-0.2509684318203124,0.011971496874099352,-0.25673374912587804,True
pe,existing,DEHP,hexane,0.17774055623275878,-0.08685135324583775,-0.2645919094785965,0.09598293848571861,-0.16352827630361846,True
pe,existing,DEHP,isopropanol,-0.012509688428453347,-0.18424633187409212,-0.17173664344563877,-0.4667415801579246,-0.6541672920606678,False
pe,existing,DEHP,isopropylamine,0.5932565046220654,0.6221621934211962,0.028905688799130802,0.16060057282872273,0.17161910105181943,False
pe,existing,DEHP,methanol,-0.753583272524058,-1.0569491772209576,-0.3033659046968996,-1.3450023703238148,-1.6432875803314548,False
pe,existing,DEHP,methylacetate,0.6512444463635702,0.32494487333753547,-0.3262995730260347,0.21613050612038384,-0.1185688128399301,False
pe,existing,DEHP,"n,n-dimethylformamide",0.7219892749807396,0.23595616283068502,-0.4860331121500546,0.30945924442431283,-0.18775231072009477,False
pe,existing,DEHP,o-xylene,0.8120224191738087,0.624441917406676,-0.1875805017671327,0.5774843380995608,0.3781455347660539,False
pe,existing,DEHP,tert-butanol,0.22216305415721618,-0.0795520447983264,-0.3017150989555426,-0.1380316635222086,-0.46236271995126177,True
pe,existing,DEHP,tetrahydrofuran,1.391380296913467,1.2017338128915653,-0.18964648402190165,0.9671060740001703,0.7704080549871168,False
pe,existing,DEHP,tetrahydropyran,1.2241773288828386,1.0135549667423265,-0.2106223621405121,0.8782064561969769,0.6572686762568383,False
pe,existing,DEHP,toluene,0.9444853784843851,0.8076988630472832,-0.13678651543710185,0.6444981268835789,0.4998959460415918,False
pe,existing,DEHP,triethylamine,0.7274085700240274,0.4397638010844622,-0.28764476893956514,0.5127311985259189,0.20925337917902306,False
pe,existing,DEHP,water,-8.202145604921572,-10.43801634686776,-2.2358707419461883,-9.146200959385617,-11.376991006642546,False
pp,normalized,DEP,"1,2-propanediol",0.4182465294990093,0.5184036464542516,0.10015711695524232,-0.1196360834930219,-0.01289882907387146,False
pp,normalized,DEP,1-propanol,0.7576253160410475,0.7526503124523138,-0.004975003588733706,0.22784508794093086,0.22945022181610514,False
pp,normalized,DEP,"2,3-dihydropyran",1.3648972828830848,1.2756753433023933,-0.08922193958069147,0.919743639442258,0.8371018373254747,False
pp,normalized,DEP,2-butanone,1.4395549264397436,1.271543807514652,-0.16801111892509168,0.9901089694925138,0.8286779880313303,False
pp,normalized,DEP,acetic acid,1.0490981175280312,0.8382726107848206,-0.21082550674321054,0.403634234146354,0.1993888648670517,False
pp,normalized,DEP,acetone,1.5863916290939462,1.366001048857945,-0.2203905802360011,1.0506243610911212,0.8368139183190283,False
pp,normalized,DEP,acetylacetone,1.1793120756867705,0.9802422896380355,-0.19906978604873504,0.7868866603991376,0.5943970118143106,False
pp,normalized,DEP,benzene,1.3903373212251458,1.3442026483798983,-0.046134672845247415,0.9364369412723554,0.8968824058910162,False
pp,normalized,DEP,chloroform,4.33447774590178,2.4796744032761913,-1.8548033426255888,3.8360781660215784,1.9878549608598977,False
pp,normalized,DEP,cyclohexane,0.4336413112880555,0.37483831460805256,-0.05880299668000294,0.06476085131697581,0.012537992100881006,False
pp,normalized,DEP,cyclohexanol,0.6219500195341158,0.6671370592585737,0.04518703972445792,0.2419442241141142,0.2937114013024802,False
pp,normalized,DEP,dichloromethane,3.279373841195997,2.167148369450972,-1.1122254717450248,2.680242154495112,1.5745968202139957,False
pp,normalized,DEP,dimethyl sulfoxide,1.2755969775230578,1.1539724259010207,-0.12162455162203711,0.7235796140912246,0.6085351999330958,False
pp,normalized,DEP,diphenyl ether,1.115335435805093,1.003427602701004,-0.11190783310408903,0.825305572663125,0.7052775003008998,False
pp,normalized,DEP,dodecane,-0.011912836995857004,-0.0633159692111396,-0.0514031322152826,-0.05835550256014147,-0.10317849731151595,False
pp,normalized,DEP,ethanol,0.8220305804679265,0.7845770042847112,-0.03745357618321532,0.18498759754233055,0.15411415882302335,False
pp,normalized,DEP,ethyl acetate,1.328379527310739,1.1960601508157596,-0.1323193764949795,0.9165755521482049,0.7908363131171333,False
pp,normalized,DEP,ethylene glycol,0.1413143405827907,0.24618106828427355,0.10486672770148286,-0.516386028765572,-0.404939163600181,False
pp,normalized,DEP,heptane,0.2200936598388291,0.14801178788359676,-0.07208187195523233,-0.01656280691999425,-0.08206454141131848,False
pp,normalized,DEP,hexane,0.2973657092072843,0.22649499047956687,-0.07087071872771741,0.011309937800449156,-0.05298064346336016,False
pp,normalized,DEP,isopropanol,0.7544069392425763,0.7873345277410324,0.03292758849845612,0.23523420700213707,0.2747419329645013,False
pp,normalized,DEP,isopropylamine,1.0267341475899598,1.1813979274874051,0.15466377989744529,0.5580801364139407,0.7193240537752941,False
pp,normalized,DEP,methanol,0.745663340023893,0.7241152715407341,-0.021548068483158933,-0.05005391143565879,-0.06502184245490948,False
pp,normalized,DEP,methylacetate,1.455554316515248,1.3033939249945858,-0.15216039152066219,0.953115781306656,0.8075355272499019,False
pp,normalized,DEP,"n,n-dimethylformamide",1.5472765790884575,1.3513069052505302,-0.1959696738379273,1.0304143463867328,0.8410248100127137,False
pp,normalized,DEP,o-xylene,1.0222493426760075,0.9653126755470378,-0.05693666712896972,0.7008835600251936,0.650527030360132,False
pp,normalized,DEP,tert-butanol,0.789274035043589,0.7560436653733903,-0.033230369670198656,0.3613477480439783,0.3346975158376878,False
pp,normalized,DEP,tetrahydrofuran,1.561806390583279,1.4638993255192867,-0.09790706506399238,1.0689430112981748,0.9776160836980905,False
pp,normalized,DEP,tetrahydropyran,1.325629291141117,1.2577196263925294,-0.0679096647485875,0.9114885493010163,0.8501590220163369,False
pp,normalized,DEP,toluene,1.1592743763203084,1.1043737985656028,-0.05490057775470558,0.7828076184283503,0.7344871781375527,False
pp,normalized,DEP,triethylamine,0.7081045012776954,0.6598541468472461,-0.04825035443044934,0.44891194953474134,0.40724173256820007,False
pp,normalized,DEP,water,-1.9422696657600582,-3.142239620910167,-1.1999699551501086,-3.0906231738838983,-4.284012991570099,False
pp,normalized,DBP,"1,2-propanediol",-0.09896123119237588,0.17801687923513648,0.27697811042751236,-0.6368438441844071,-0.35328559629298656,True
pp,normalized,DBP,1-propanol,0.5761949178161178,0.629483146391893,0.0532882285757752,0.046414689716001045,0.10628305575568431,False
pp,normalized,DBP,"2,3-dihydropyran",1.3932226261454184,1.3435720535290498,-0.049650572616368516,0.9480689827045916,0.9049985475521313,False
pp,normalized,DBP,2-butanone,1.3484035735756144,1.1361219166508882,-0.21228165692472611,0.8989576166283847,0.6932560971675668,False
pp,normalized,DBP,acetic acid,0.4492165095625101,0.4142636528597686,-0.03495285670274145,-0.19624737381916696,-0.22462009305800032,False
pp,normalized,DBP,acetone,1.446907321594463,1.1722067153277878,-0.27470060626667525,0.911140053591638,0.6430195847888709,False
pp,normalized,DBP,acetylacetone,0.8435635454658492,0.627654783629702,-0.21590876183614727,0.45113813017821625,0.24180950580597707,False
pp,normalized,DBP,benzene,1.437764386627332,1.4404106919432524,0.002646305315920472,0.9838640066745418,0.9930904494543703,False
pp,normalized,DBP,chloroform,4.455262167231765,2.850477982524494,-1.6047841847072708,3.956862587351563,2.3586585401082005,False
pp,normalized,DBP,cyclohexane,0.6451336341766309,0.564119675904937,-0.081013958271694,0.2762531742055513,0.20181935339776544,False
pp,normalized,DBP,cyclohexanol,0.5083694616063698,0.6173881456285736,0.10901868402220383,0.12836366618636819,0.2439624876724801,False
pp,normalized,DBP,dichloromethane,3.2966087816294865,2.3185344288627423,-0.9780743527667441,2.6974770949286015,1.725982879625766,False
pp,normalized,DBP,dimethyl sulfoxide,0.9438295440438934,0.7838521015852311,-0.1599774424586623,0.39181218061206036,0.23841487561730615,False
pp,normalized,DBP,diphenyl ether,1.0309017333558597,0.9739768993719047,-0.05692483398395498,0.7408718702138917,0.6758267969718005,False
pp,normalized,DBP,dodecane,0.0453224450587252,-0.02047520888990098,-0.06579765394862619,-0.0011202205055592664,-0.060337736990277314,True
pp,normalized,DBP,ethanol,0.5860400581851893,0.5959183966186686,0.009878338433479295,-0.05100292474040672,-0.03454444884301917,False
pp,normalized,DBP,ethyl acetate,1.206409133187595,1.0899555993059606,-0.11645353388163437,0.7946051580250608,0.6847317616073343,False
pp,normalized,DBP,ethylene glycol,-0.6075486737093208,-0.3572664594570686,0.25028221425225217,-1.2652490430576835,-1.0083866913415231,False
pp,normalized,DBP,heptane,0.3513279378979743,0.25827884381774346,-0.09304909408023082,0.11467147113915094,0.028202514522828254,False
pp,normalized,DBP,hexane,0.45476143883875353,0.3615489075639524,-0.09321253127480111,0.1687056674319184,0.08207327362102539,False
pp,normalized,DBP,isopropanol,0.5872592325972026,0.6658964910546465,0.07863725845744396,0.06808650035676334,0.1533038962781153,False
pp,normalized,DBP,isopropylamine,0.9835102481318496,1.1713959484763374,0.18788570034448782,0.5148562369558305,0.7093220747642264,False
pp,normalized,DBP,methanol,0.3718883118235837,0.4052907751580162,0.03340246333443253,-0.42382893963596807,-0.38384633883762737,False
pp,normalized,DBP,methylacetate,1.282889511065176,1.1430010245341897,-0.13988848653098618,0.7804509758565839,0.6471426267895057,False
pp,normalized,DBP,"n,n-dimethylformamide",1.360077808449048,1.130214633600794,-0.2298631748482538,0.8432155757473232,0.6199325383629773,False
pp,normalized,DBP,o-xylene,1.068149881916368,1.0329251972037254,-0.03522468471264251,0.7467840992655541,0.7181395520168196,False
pp,normalized,DBP,tert-butanol,0.6790258305341859,0.6749782560437612,-0.004047574490424699,0.25109954353457514,0.25363210650805873,False
pp,normalized,DBP,tetrahydrofuran,1.6261973012434832,1.5424894630895194,-0.08370783815396377,1.133333921958379,1.0562062212683232,False
pp,normalized,DBP,tetrahydropyran,1.4038174563645929,1.3379774408192802,-0.06584001554531271,0.9896767145244922,0.9304168364430877,False
pp,normalized,DBP,toluene,1.2119252155271303,1.1907128572459778,-0.021212358281152532,0.8354584576351722,0.8208262368179278,False
pp,normalized,DBP,triethylamine,0.8246022446748761,0.7536018611233504,-0.07100038355152571,0.565409692931922,0.5009894468443044,False
pp,normalized,DBP,water,-4.247297110524859,-5.2853049136233174,-1.0380078030984583,-5.395650618648699,-6.427078284283249,False
pp,normalized,BBP,"1,2-propanediol",0.23283122461417016,0.3259791362299981,0.09314791161582792,-0.30505138837786105,-0.20532333929812494,False
pp,normalized,BBP,1-propanol,0.8206003758043432,0.7474555723387802,-0.07314480346556296,0.29082014770422643,0.22425548170257162,False
pp,normalized,BBP,"2,3-dihydropyran",1.7749822072528165,1.628180937764688,-0.14680126948812844,1.3298285638119898,1.1896074317877696,False
pp,normalized,BBP,2-butanone,1.865854160350018,1.549591998571442,-0.31626216177857613,1.4164082034027883,1.1067261790881202,False
pp,normalized,BBP,acetic acid,0.8548654704163507,0.4989838916275773,-0.35588157878877347,0.2094015870346737,-0.1398998542901917,False
pp,normalized,BBP,acetone,2.0468089270565457,1.649570844265805,-0.3972380827907407,1.5110416590537206,1.1203837137268882,False
pp,normalized,BBP,acetylacetone,1.4307880858272564,1.0853184867429322,-0.3454695990843242,1.0383626705396234,0.6994732089192073,False
pp,normalized,BBP,benzene,1.7672559566622597,1.6866793877584803,-0.0805765689037794,1.3133555767094696,1.2393591452695982,False
pp,normalized,BBP,chloroform,4.653012682987782,2.7281830557870217,-1.9248296272007606,4.154613103107581,2.2363636133707283,False
pp,normalized,BBP,cyclohexane,0.692412039217579,0.5837049891927453,-0.10870705002483372,0.32353157924649933,0.22140466668557368,False
pp,normalized,BBP,cyclohexanol,0.7052107719091903,0.7347463446898497,0.029535572780659325,0.3252049764891888,0.3613206867337563,False
pp,normalized,BBP,dichloromethane,3.659087972421106,2.4654819995892057,-1.1936059728319002,3.0599562857202214,1.872930450352229,False
pp,normalized,BBP,dimethyl sulfoxide,1.5877812727506595,1.3234187296747772,-0.26436254307588225,1.0357639093188264,0.7779815037068522,False
pp,normalized,BBP,diphenyl ether,1.329243980162003,1.181928445935859,-0.14731553422614407,1.0392141170200349,0.8837783435357547,False
pp,normalized,BBP,dodecane,0.05801471310802424,-0.04356993395617321,-0.10158464706419745,0.011572047543739772,-0.08343246205654954,True
pp,normalized,BBP,ethanol,0.8796029897193499,0.7354627349447583,-0.14414025477459158,0.2425600067937539,0.1049998894830705,False
pp,normalized,BBP,ethyl acetate,1.7017878641167887,1.4571074601872227,-0.24468040392956603,1.2899838889542543,1.0518836224885963,False
pp,normalized,BBP,ethylene glycol,-0.23082590602683972,-0.1509616628261513,0.07986424320068841,-0.8885262753752025,-0.8020818947106059,False
pp,normalized,BBP,heptane,0.3825395607586505,0.24105420694103472,-0.14148535381761576,0.14588309399982716,0.010977877646119495,False
pp,normalized,BBP,hexane,0.4914749995849271,0.3482951095806382,-0.14317989000428888,0.20541922817809194,0.06881947563771118,False
pp,normalized,BBP,isopropanol,0.835131518882602,0.808649855925319,-0.026481662957282937,0.3159587866421627,0.29605726114878783,False
pp,normalized,BBP,isopropylamine,1.2865800363345108,1.4346991905704731,0.14811915423596234,0.8179260251584917,0.9726253168583621,False
pp,normalized,BBP,methanol,0.715217399075646,0.543411497167738,-0.171805901907908,-0.08049985238390574,-0.24572561682790556,False
pp,normalized,BBP,methylacetate,1.838799691115315,1.5592500268115594,-0.2795496643037556,1.336361155906723,1.0633916290668755,False
pp,normalized,BBP,"n,n-dimethylformamide",2.0015371840049134,1.6444745206429079,-0.35706266336200554,1.4846749513031887,1.1341924254050912,False
pp,normalized,BBP,o-xylene,1.330231201075996,1.2327322736329418,-0.09749892744305422,1.0088654184251822,0.9179466284460359,False
pp,normalized,BBP,tert-butanol,0.9220664811325272,0.8037508591241994,-0.11831562200832779,0.49414019413291654,0.3824047095884969,False
pp,normalized,BBP,tetrahydrofuran,2.1024977284885353,1.9225321823326633,-0.179965546155872,1.609634349203431,1.4362489405114671,False
pp,normalized,BBP,tetrahydropyran,1.8036464888930093,1.6733871771462394,-0.13025931174676986,1.3895057470529086,1.2658265727700468,False
pp,normalized,BBP,toluene,1.494786119648062,1.401653340878572,-0.09313277876949,1.118319361756104,1.031766720450522,False
pp,normalized,BBP,triethylamine,1.0288541518177183,0.8925708750041428,-0.13628327681357555,0.7696616000747641,0.6399584607250968,False
pp,normalized,BBP,water,-4.141594871044359,-5.59606837137385,-1.4544735003294909,-5.289948379168199,-6.7378417420337815,False
pp,normalized,DEHP,"1,2-propanediol",-0.7860421205515319,-0.6184176141593605,0.1676245063921714,-1.323924733543563,-1.1497200896874835,False
pp,normalized,DEHP,1-propanol,0.34666256438719845,0.2348983473652585,-0.11176421702193995,-0.18311766371291824,-0.28830174327095015,False
pp,normalized,DEHP,"2,3-dihydropyran",1.52059292243523,1.4314162520103066,-0.08917667042492328,1.0754392789944032,0.9928427460333881,False
pp,normalized,DEHP,2-butanone,1.2800680654055496,0.8645162449763072,-0.41555182042924244,0.83062210845832,0.4216504254929856,False
pp,normalized,DEHP,acetic acid,-0.3755652089489432,-0.7208312948691773,-0.3452660859202341,-1.0210290923306202,-1.3597150407869463,False
pp,normalized,DEHP,acetone,1.2861019995459948,0.8010943085084444,-0.48500769103755037,0.7503347315431698,0.27190717796952757,False
pp,normalized,DEHP,acetylacetone,0.462914160772466,-0.019988778978253907,-0.4829029397507199,0.07048874548483297,-0.4058340568019788,True
pp,normalized,DEHP,benzene,1.5644363041618474,1.5532085463789151,-0.01122775778293228,1.1105359242090571,1.1058883038900331,False
pp,normalized,DEHP,chloroform,4.796526615070767,3.054516494043336,-1.7420101210274308,4.298127035190565,2.5626970516270426,False
pp,normalized,DEHP,cyclohexane,1.0583533556499747,0.8877412966708806,-0.17061205897909404,0.6894728956788951,0.5254409741637092,False
pp,normalized,DEHP,cyclohexanol,0.48785449173076967,0.43099579173697267,-0.056858699993797,0.10784869631076809,0.0575701337808792,False
pp,normalized,DEHP,dichloromethane,3.365276126871917,2.302598057281661,-1.0626780695902562,2.7661444401710327,1.7100465080446845,False
pp,normalized,DEHP,dimethyl sulfoxide,0.5625156339363993,0.1472703283241089,-0.41524530561229034,0.010498270504566188,-0.3981668976438161,False
pp,normalized,DEHP,diphenyl ether,1.025594509929669,0.881222758841764,-0.144371751087905,0.735564646787701,0.5830726564416598,False
pp,normalized,DEHP,dodecane,0.19576964726694474,0.021649610316050373,-0.17412003695089437,0.14932698170266026,-0.01821291778432596,False
pp,normalized,DEHP,ethanol,0.24432262740434385,0.058495546965751766,-0.18582708043859208,-0.3927203555212522,-0.5719672984959361,False
pp,normalized,DEHP,ethyl acetate,1.062670842632507,0.8566041256486867,-0.2060667169838204,0.6508668674699729,0.45138028795006047,False
pp,normalized,DEHP,ethylene glycol,-1.6726540322637145,-1.636465779131477,0.0361882531322375,-2.330354401612077,-2.2875860110159314,False
pp,normalized,DEHP,heptane,0.5901852766104106,0.4035664060943207,-0.18661887051608994,0.3535288098515873,0.17349007679940545,False
pp,normalized,DEHP,hexane,0.7235962521751641,0.5461722358043766,-0.17742401637078753,0.43754048076832897,0.2666966018614495,False
pp,normalized,DEHP,isopropanol,0.3939707005044143,0.28862945464751083,-0.10534124585690346,-0.12520203173602498,-0.22396314012902035,False
pp,normalized,DEHP,isopropylamine,0.970825359829417,1.0639384746561376,0.09311311482672058,0.5021713486533979,0.6018646009440265,False
pp,normalized,DEHP,methanol,-0.20785746285808127,-0.4241054763460097,-0.21624801348792844,-1.003574714317633,-1.2132425903416533,False
pp,normalized,DEHP,methylacetate,1.0601320788034112,0.8075159628726174,-0.2526161159307938,0.5576935435948192,0.31165756512793347,False
pp,normalized,DEHP,"n,n-dimethylformamide",1.1679105585006189,0.7527780079258494,-0.4151325505747695,0.6510483257988942,0.2424959126880327,False
pp,normalized,DEHP,o-xylene,1.2404376897798235,1.1231911119040998,-0.11724657787572368,0.9190719071290097,0.8084054667171939,False
pp,normalized,DEHP,tert-butanol,0.6314569515784098,0.3892057937840273,-0.24225115779438244,0.20353066457879906,-0.032140355751675155,False
pp,normalized,DEHP,tetrahydrofuran,1.801578941413878,1.6869784173846891,-0.11460052402918897,1.3087155621287738,1.200695175563493,False
pp,normalized,DEHP,tetrahydropyran,1.633951774055548,1.4951074738560115,-0.13884430019953653,1.2198110322154474,1.087546869479819,False
pp,normalized,DEHP,toluene,1.3625550012142886,1.3000498619318992,-0.06250513928238943,0.9860882433223307,0.9301632415038493,False
pp,normalized,DEHP,triethylamine,1.1135096199293557,0.8921163243397298,-0.22139329558962595,0.8543170681864016,0.6395039100606837,False
pp,normalized,DEHP,water,-7.658547882227772,-9.808103924270348,-2.149556042042576,-8.806901390351612,-10.94987729493028,False
pp,existing,DEP,"1,2-propanediol",-0.259865136770403,-0.14063627352842067,0.11922886324198234,-0.873212965855942,-0.770636423896776,False
pp,existing,DEP,1-propanol,0.13584382385623583,0.14300919755974606,0.007165373703510225,-0.5257380218551336,-0.5282915158039059,False
pp,existing,DEP,"2,3-dihydropyran",0.7379925379759744,0.6573260613890858,-0.08066647658688864,0.16614090867659104,0.07934131816971633,False
pp,existing,DEP,2-butanone,0.831090710472983,0.6774609750188031,-0.1536297354541799,0.2365035977031882,0.07091775120702122,False
pp,existing,DEP,acetic acid,0.4024155508365671,0.19906366747772175,-0.20335188335884535,-0.34994574132141276,-0.5583413130594765,False
pp,existing,DEP,acetone,0.9860825163562628,0.7766720933388297,-0.20941042301743307,0.2970160590356898,0.079052665965451,False
pp,existing,DEP,acetylacetone,0.5272789565793994,0.3474238017492054,-0.179855154830194,0.03328719527975442,-0.1633572562645754,False
pp,existing,DEP,benzene,0.7670819261043831,0.7248447471170458,-0.042237178987337254,0.18283381364352214,0.13911947786608891,False
pp,existing,DEP,chloroform,3.6835804384955964,1.8378799576937455,-1.845700480801851,3.0823752849734998,1.2300429966430297,False
pp,existing,DEP,cyclohexane,-0.16514193719218284,-0.21680575145351644,-0.051663814261333596,-0.6888026405962774,-0.7451852790776029,False
pp,existing,DEP,cyclohexanol,-0.1316352540104156,-0.09060933045021324,0.04102592356020235,-0.5116410494313504,-0.4640349884169261,False
pp,existing,DEP,dichloromethane,2.5257049107242135,1.409355451075359,-1.1163494596488546,1.9265732240223956,0.8168039018277631,False
pp,existing,DEP,dimethyl sulfoxide,0.5999480160182805,0.49534367545620006,-0.10460434056208046,-0.030026379560075173,-0.14922552287786853,False
pp,existing,DEP,diphenyl ether,0.3617355040981255,0.24567102827501894,-0.11606447582310656,0.07170564091336835,-0.05247907413570472,False
pp,existing,DEP,dodecane,-0.6287394598144947,-0.6532462821627676,-0.02450682234827284,-0.8119363177297163,-0.8609175305701641,False
pp,existing,DEP,ethanol,0.20982864292986447,0.18117871417093112,-0.028649928758933352,-0.5685918319572401,-0.6036213645438183,False
pp,existing,DEP,ethyl acetate,0.7185940801986619,0.5930610765041117,-0.12553300369455023,0.16297297147815,0.033077521886014496,False
pp,existing,DEP,ethylene glycol,-0.5518395234528252,-0.4369826475749343,0.11485687587789084,-1.269945456833624,-1.1626576750609061,False
pp,existing,DEP,heptane,-0.3692769863927681,-0.42269990060884133,-0.0534229142160732,-0.7701342109495679,-0.8397944965803436,False
pp,existing,DEP,hexane,-0.4562028459757594,-0.5312322880182561,-0.07502944204249667,-0.7422586173835277,-0.8107079219718025,False
pp,existing,DEP,isopropanol,0.14018114888911204,0.18971835603419912,0.04953720714508708,-0.5183488965010874,-0.4830013150481422,False
pp,existing,DEP,isopropylamine,0.4414423015145868,0.6149100809961325,0.17346777948154574,-0.19551178393948404,-0.03843172226900991,False
pp,existing,DEP,methanol,-0.007901548343211884,-0.03359864516267652,-0.025697096819464638,-0.8036187998036969,-0.8227357591689395,False
pp,existing,DEP,methylacetate,0.8389238937866961,0.6960886258907388,-0.14283526789595724,0.19951179988278156,0.04977622881750752,False
pp,existing,DEP,"n,n-dimethylformamide",0.8936345390290505,0.7097692624752453,-0.18386527655380525,0.2768063548118956,0.0832620780286998,False
pp,existing,DEP,o-xylene,0.38612439114879976,0.34186790817616386,-0.0442564829726359,-0.05271184358617637,-0.10722718536022394,False
pp,existing,DEP,tert-butanol,0.17225270029245315,0.16256019202444233,-0.009692508268010824,-0.39224017104769987,-0.4230491940242587,False
pp,existing,DEP,tetrahydrofuran,0.9439059597519321,0.8539736481349203,-0.08993231161701187,0.3153335831779071,0.2198491793347061,False
pp,existing,DEP,tetrahydropyran,0.7081541564842657,0.6514821491116741,-0.05667200737259159,0.1578851301376758,0.09239714773042011,False
pp,existing,DEP,toluene,0.5334953599955202,0.4873321075460055,-0.04616325244951475,0.029209954733985844,-0.023269520355451635,False
pp,existing,DEP,triethylamine,0.11429669731464626,0.08280383074252401,-0.03149286657212225,-0.3046788278441904,-0.3505053020586808,False
pp,existing,DEP,water,-2.695415459176102,-3.899338425778218,-1.203922966602116,-3.8437689673008753,-5.041111796448769,False
pp,existing,DBP,"1,2-propanediol",-0.7770545082134062,-0.481009488074556,0.29604502013885015,-1.3904023372989451,-1.1110096384429113,False
pp,existing,DBP,1-propanol,-0.04558471318826551,0.01984415530229544,0.06542886849056095,-0.707166558899635,-0.6514565580613565,True
pp,existing,DBP,"2,3-dihydropyran",0.7663088801191242,0.7252129307178933,-0.04109594940123096,0.19445725081974083,0.14722818749852387,False
pp,existing,DBP,2-butanone,0.7399350483954721,0.5420386348880724,-0.19789641350739973,0.14534793562567733,-0.06450458892370942,False
pp,existing,DBP,acetic acid,-0.19743277559676753,-0.2249132355152843,-0.027480459918516775,-0.9497940677547474,-0.9823182160524826,False
pp,existing,DBP,acetone,0.8465937177393928,0.5828788235452205,-0.2637148941941724,0.15752726041881993,-0.11474060382815818,False
pp,existing,DBP,acetylacetone,0.19153532949986984,-0.005156226572667788,-0.19669155607253763,-0.3024564317997751,-0.5159372845864486,True
pp,existing,DBP,benzene,0.8144986796770557,0.8210406431338972,0.0065419634568415486,0.2302505672161948,0.23531537388294033,False
pp,existing,DBP,chloroform,3.8043426203463806,2.2086529010254994,-1.5956897193208812,3.2031374668242836,1.6008159399747834,False
pp,existing,DBP,cyclohexane,0.046340127068532966,-0.027531356899194948,-0.07387148396772791,-0.4773205763355616,-0.5559108845232814,True
pp,existing,DBP,cyclohexanol,-0.24521681277035196,-0.1403607545700996,0.10485605820025234,-0.6252226081912867,-0.5137864125368125,False
pp,existing,DBP,dichloromethane,2.542918493480835,1.5607197121989742,-0.9821987812818609,1.943786806779017,0.9681681629513783,False
pp,existing,DBP,dimethyl sulfoxide,0.26817092063675485,0.12522334680386826,-0.1429475738328866,-0.3618034749416008,-0.5193458515302003,False
pp,existing,DBP,diphenyl ether,0.27729928062209547,0.21621688628746175,-0.06108239433463372,-0.012730582562661663,-0.0819332161232619,False
pp,existing,DBP,dodecane,-0.5715056780925895,-0.6104060059328555,-0.03890032784026609,-0.754702536007811,-0.8180772543402521,False
pp,existing,DBP,ethanol,-0.02615611947892471,-0.0074709765605880385,0.018685142918336672,-0.8045765943660292,-0.7922710552753375,False
pp,existing,DBP,ethyl acetate,0.5966215827096378,0.4869553533973654,-0.10966622931227243,0.04100047398912596,-0.07302820122073173,False
pp,existing,DBP,ethylene glycol,-1.3006653339128667,-1.0403937155212741,0.2602716183915925,-2.0187712672936655,-1.766068743007246,False
pp,existing,DBP,heptane,-0.23804768588247044,-0.31243550550350596,-0.07438781962103552,-0.6389049104392702,-0.7295301014750082,False
pp,existing,DBP,hexane,-0.2988136783498288,-0.39618220676660193,-0.09736852841677313,-0.5848694497575971,-0.6756578407201483,False
pp,existing,DBP,isopropanol,-0.026965637691472533,0.06828204768684343,0.09524768537831596,-0.685495683081672,-0.6044376233954979,True
pp,existing,DBP,isopropylamine,0.398212465263502,0.6049027812413645,0.20669031597786253,-0.23874162019056883,-0.04843902202377789,False
pp,existing,DBP,methanol,-0.3816563094905975,-0.35239210338613913,0.029264206104458346,-1.1773735609510825,-1.141529217392402,False
pp,existing,DBP,methylacetate,0.6662585699489614,0.5356973607813584,-0.13056120916760294,0.0268464760450469,-0.11061503629187291,False
pp,existing,DBP,"n,n-dimethylformamide",0.7064306909074288,0.4886758585378064,-0.21775483236962245,0.08960250669027381,-0.13783132590873912,False
pp,existing,DBP,o-xylene,0.4320176492713761,0.409472959333482,-0.022544689937894102,-0.0068185854636000475,-0.039622134202905834,False
pp,existing,DBP,tert-butanol,0.06200243597859745,0.08149356833927301,0.019491132360675567,-0.5024904353615556,-0.504115817709428,False
pp,existing,DBP,tetrahydrofuran,1.008284842951338,0.932552043854201,-0.07573279909713704,0.3797124663773131,0.29842757505398687,False
pp,existing,DBP,tetrahydropyran,0.786331720829363,0.7317300155735362,-0.05460170525582675,0.23606269448277303,0.17264501419228212,False
pp,existing,DBP,toluene,0.5861375392266155,0.57366168456958,-0.01247585465703549,0.08185213396508104,0.06306005666812284,False
pp,existing,DBP,triethylamine,0.23078750249421584,0.17654551701448773,-0.05424198547972811,-0.18818802266462084,-0.2567636157867171,False
pp,existing,DBP,water,-4.999891864897139,-6.04176281333421,-1.0418709484370714,-6.148245373021912,-7.183536184004761,False
pp,existing,BBP,"1,2-propanediol",-0.44526715494827274,-0.3330475791819437,0.11221957576632902,-1.0586149840338117,-0.963047729550299,False
pp,existing,BBP,1-propanol,0.19882172983510327,0.1378199070983671,-0.061001822736736155,-0.4627601158762662,-0.5334808062652848,False
pp,existing,BBP,"2,3-dihydropyran",1.1480596458908359,1.009814610122269,-0.13824503576856695,0.5762080165914524,0.4318298669028995,False
pp,existing,BBP,2-butanone,1.2573704635505836,0.9554961375083358,-0.30187432604224773,0.6627833507807886,0.348952913696554,False
pp,existing,BBP,acetic acid,0.20820541425586647,-0.1401927218999205,-0.34839813615578696,-0.5441558779021134,-0.8975977024371188,True
pp,existing,BBP,acetone,1.446475451389904,1.060226626421382,-0.3862488249685221,0.757408994069331,0.36260719904800337,False
pp,existing,BBP,acetylacetone,0.7787439584075223,0.4524942614245389,-0.3262496969829834,0.28475219710787736,-0.05828679658924193,False
pp,existing,BBP,benzene,1.1439842588896014,1.0673039725697793,-0.07668028631982216,0.5597361464287406,0.4815787033188224,False
pp,existing,BBP,chloroform,4.00207804799216,2.086363642487804,-1.9157144055043558,3.4008728944700626,1.4785266814370883,False
pp,existing,BBP,cyclohexane,0.09363267475995962,-0.007935524707848973,-0.1015681994678086,-0.4300280286441349,-0.5363150523319354,True
pp,existing,BBP,cyclohexanol,-0.04837420408194171,-0.023001908432247864,0.025372295649693843,-0.4283799995028765,-0.3964275663989607,False
pp,existing,BBP,dichloromethane,2.9053816728796122,1.7076647126702216,-1.1977169602093907,2.3062499861777943,1.1151131634226257,False
pp,existing,BBP,dimethyl sulfoxide,0.9121067688868385,0.6647720694838257,-0.24733469940301278,0.28213237330848284,0.020202871149757197,False
pp,existing,BBP,diphenyl ether,0.5756358913031783,0.42416433561753397,-0.1514715556856443,0.2856060281184212,0.12601423320681032,False
pp,existing,BBP,dodecane,-0.5588095919713297,-0.6334973753922175,-0.07468778342088778,-0.7420064498865513,-0.841168623799614,False
pp,existing,BBP,ethanol,0.2674061748135388,0.1320775073621432,-0.1353286674513956,-0.5110143000735657,-0.6527225713526063,False
pp,existing,BBP,ethyl acetate,1.0919869676879785,0.8540971299300274,-0.23788983775795114,0.5363658589674667,0.2941135753119303,False
pp,existing,BBP,ethylene glycol,-0.9239499652773872,-0.8340923353785954,0.08985762989879176,-1.642055898658186,-1.5597673628645672,False
pp,existing,BBP,heptane,-0.20682688848470138,-0.329652160621676,-0.12282527213697464,-0.6076841130415012,-0.7467467565931782,False
pp,existing,BBP,hexane,-0.26208913343585843,-0.4094264387834103,-0.14733730534755185,-0.5481449048436268,-0.6889020727369567,False
pp,existing,BBP,isopropanol,0.22090737987734632,0.21103735157844544,-0.00987002829890088,-0.4376226655128531,-0.4616823195038959,False
pp,existing,BBP,isopropylamine,0.7012799466539015,0.8682019241450968,0.1669219774911953,0.06432586119983064,0.2148601208799543,False
pp,existing,BBP,methanol,-0.03833001889923959,-0.21426314980571715,-0.17593313090647755,-0.8340472703597246,-1.00340026381198,False
pp,existing,BBP,methylacetate,1.2221517543935017,0.9519331798210833,-0.2702185745724184,0.5827396604895871,0.305620782747852,False
pp,existing,BBP,"n,n-dimethylformamide",1.3478708095930625,1.0029190446466143,-0.3449517649464482,0.7310426253759075,0.37641186020006867,False
pp,existing,BBP,o-xylene,0.6940960968638957,0.6092771572484647,-0.08481893961543108,0.2552598621289196,0.16018206371207683,False
pp,existing,BBP,tert-butanol,0.3050428149681211,0.21026751834804058,-0.0947752966200805,-0.25945005637203195,-0.37534186770066047,False
pp,existing,BBP,tetrahydrofuran,1.4845695779362114,1.3125808744552567,-0.17198870348095463,0.8559972013621863,0.6784564056550427,False
pp,existing,BBP,tetrahydropyran,1.1861495467764218,1.067128675685301,-0.11902087109112092,0.635880520429832,0.5080436743040467,False
pp,existing,BBP,toluene,0.8689948753627768,0.7845989015919177,-0.08439597377085906,0.3647094701012424,0.2739972736904606,False
pp,existing,BBP,triethylamine,0.4350354915105312,0.31551390898461557,-0.11952158252591566,0.016059966351694557,-0.11779522381658925,False
pp,existing,BBP,water,-4.894182625767279,-6.352431763697198,-1.4582491379299194,-6.042536133892052,-7.494205134367749,False
pp,existing,DEHP,"1,2-propanediol",-1.4640840510824567,-1.2773905213396342,0.1866935297428225,-2.0774318801679956,-1.9073906717079894,False
pp,existing,DEHP,1-propanol,-0.2750961688571061,-0.3747162261367396,-0.09962005727963352,-0.9366780145684755,-1.0460169395003915,False
pp,existing,DEHP,"2,3-dihydropyran",0.8936708821439343,0.813041556245806,-0.08062932589812832,0.3218192528445509,0.23505681302643655,False
pp,existing,DEHP,2-butanone,0.6716027872611948,0.2704417765730641,-0.4011610106881307,0.07701567449140002,-0.3361014472387177,False
pp,existing,DEHP,acetic acid,-1.022116698667869,-1.3598886250343547,-0.3377719263664858,-1.7744779908258488,-2.117293605571553,False
pp,existing,DEHP,acetone,0.6857965078167036,0.2117790292570686,-0.47401747855963505,-0.0032699495038692283,-0.4858403981163101,False
pp,existing,DEHP,acetylacetone,-0.18909874144876437,-0.6527746205159963,-0.46367587906723196,-0.6830905027484093,-1.1635556785297771,False
pp,existing,DEHP,benzene,0.941162996173455,0.9338200733962181,-0.0073429227772369154,0.35691488371259406,0.3480948041452612,False
pp,existing,DEHP,chloroform,4.145577373041452,2.4126546973580973,-1.732922675683355,3.5443722195193557,1.8048177363073818,False
pp,existing,DEHP,cyclohexane,0.4595413969828208,0.2960705571995762,-0.16347083978324461,-0.0641193064212737,-0.23230897042451026,False
pp,existing,DEHP,cyclohexanol,-0.2657318187016023,-0.32675116300753376,-0.06101934430593148,-0.645737614122537,-0.7001768209742466,False
pp,existing,DEHP,dichloromethane,2.61157154376018,1.544764932569929,-1.066806611190251,2.012439857058362,0.9522133833223332,False
pp,existing,DEHP,dimethyl sulfoxide,-0.11315952096354753,-0.5113595228581697,-0.3982000018946221,-0.7431339165419032,-1.1559287211922382,False
pp,existing,DEHP,diphenyl ether,0.2719895123156479,0.12346020137810204,-0.14852931093754584,-0.01804035086910927,-0.1746899010326216,False
pp,existing,DEHP,dodecane,-0.4210615448458507,-0.5682821374644638,-0.1472205926186131,-0.6042584027610722,-0.7759533858718604,False
pp,existing,DEHP,ethanol,-0.36783331451009527,-0.5448440736177701,-0.17701075910767483,-1.1462537893971998,-1.3296441523325195,False
pp,existing,DEHP,ethyl acetate,0.45289206200381515,0.2536110563605556,-0.19928100564325957,-0.10272904671669669,-0.30637249825754154,False
pp,existing,DEHP,ethylene glycol,-2.3656727282115786,-2.3194785521569914,0.0461941760545872,-3.0837786615923775,-3.045153579642963,False
pp,existing,DEHP,heptane,0.000803372215666065,-0.16715373651920473,-0.1679571087348708,-0.4000538523411337,-0.584248332490707,True
pp,existing,DEHP,hexane,-0.02998663932174611,-0.211567225714901,-0.18158058639315489,-0.31604241072951444,-0.4910428596684474,False
pp,existing,DEHP,isopropanol,-0.22023688398295815,-0.30896220434315536,-0.0887253203601972,-0.8787669293731576,-0.9816818754254967,False
pp,existing,DEHP,isopropylamine,0.3855293090675605,0.4974463209521329,0.11191701188457243,-0.25142477638651034,-0.15589548231300954,False
pp,existing,DEHP,methanol,-0.9613104680785628,-1.1816650496900207,-0.22035458161145793,-1.7570277195390478,-1.9708021636962838,False
pp,existing,DEHP,methylacetate,0.4435172508090653,0.20022900086847223,-0.24328824994059306,-0.19589484309484922,-0.44608339620475906,False
pp,existing,DEHP,"n,n-dimethylformamide",0.5142620794262347,0.11124029036162175,-0.40302178906461295,-0.10256610479092026,-0.5152668940849238,False
pp,existing,DEHP,o-xylene,0.6042952236193039,0.49972604493761275,-0.10456917868169113,0.16545898888432775,0.05063095140122493,False
pp,existing,DEHP,tert-butanol,0.014435858602711349,-0.2042679172673897,-0.21870377587010104,-0.5500570127374417,-0.7898773033160907,True
pp,existing,DEHP,tetrahydrofuran,1.1836531013589622,1.077017940422502,-0.1066351609364602,0.5550807247849373,0.4428934716222879,False
pp,existing,DEHP,tetrahydropyran,1.016450133328334,0.8888390942732634,-0.12761103905507065,0.466181106981744,0.32975409289200935,False
pp,existing,DEHP,toluene,0.7367581829298803,0.68298299057822,-0.053775192351660284,0.23247277766834587,0.17238136267676285,False
pp,existing,DEHP,triethylamine,0.5196813744695225,0.3150479286153989,-0.20463344585412357,0.10070584931068578,-0.11826120418580591,False
pp,existing,DEHP,water,-8.409872800476078,-10.562732219336825,-2.1528594188607464,-9.558226308600851,-11.704505590007376,False
pvc,normalized,DEP,"1,2-propanediol",-0.5390027507025293,-0.2548649170085462,0.28413783369398316,-1.0882571904431781,-0.795363656433689,False
pvc,normalized,DEP,1-propanol,-0.1996239641604911,-0.02061825101048398,0.17900571315000713,-0.7407760190092254,-0.5530146055437124,False
pvc,normalized,DEP,"2,3-dihydropyran",0.40764800268154605,0.5024067798395956,0.09475877715804953,-0.048877467507898245,0.05463700996565713,False
pvc,normalized,DEP,2-butanone,0.4823056462382049,0.4982752440518542,0.015969597813649317,0.021487862542357586,0.046213160671512786,False
pvc,normalized,DEP,acetic acid,0.0918488373264923,0.06500404732202292,-0.026844790004469377,-0.5649868728038023,-0.5830759624927658,False
pvc,normalized,DEP,acetone,0.6291423488924075,0.5927324853951473,-0.036409863497260164,0.08200325414096488,0.05434909095921068,False
pvc,normalized,DEP,acetylacetone,0.2220627954852318,0.20697372617523774,-0.015089069309994069,-0.18173444655101875,-0.18806781554550694,False
pvc,normalized,DEP,benzene,0.433088041023607,0.5709340849171005,0.13784604389349353,-0.03218416567780084,0.11441757853119858,False
pvc,normalized,DEP,chloroform,3.377228465700241,1.7064058398133932,-1.670822625886848,2.867457059071422,1.20539013350008,False
pvc,normalized,DEP,cyclohexane,-0.5236079689134833,-0.39843024885474526,0.125177720058738,-0.9038602556331805,-0.7699268352589366,False
pvc,normalized,DEP,cyclohexanol,-0.335299260667423,-0.10613150420422413,0.22916775646319887,-0.7266768828360421,-0.48875342605733735,False
pvc,normalized,DEP,dichloromethane,2.3221245609944585,1.3938798059881745,-0.928244755006284,1.711621047544956,0.7921319928541782,False
pvc,normalized,DEP,dimethyl sulfoxide,0.3183476973215189,0.3807038624382231,0.062356165116704165,-0.24504149285893173,-0.17392962742672172,False
pvc,normalized,DEP,diphenyl ether,0.15808615560355435,0.23015903923820627,0.07207288363465192,-0.1433155342870314,-0.07718732705891782,False
pvc,normalized,DEP,dodecane,-0.9691621171973959,-0.8365845326739375,0.13257758452345836,-1.026976609510298,-0.8856433246713336,False
pvc,normalized,DEP,ethanol,-0.1352186997336121,0.011308440821913401,0.14652714055552551,-0.7836335094078257,-0.6283506685367942,True
pvc,normalized,DEP,ethyl acetate,0.37113024710920056,0.42279158735296174,0.05166134024376118,-0.05204555480195146,0.008371485757315745,False
pvc,normalized,DEP,ethylene glycol,-0.8159349396187481,-0.5270874951785242,0.2888474444402239,-1.4850071357157284,-1.1874039909599985,False
pvc,normalized,DEP,heptane,-0.7371556203627097,-0.625256775579201,0.11189884478350864,-0.9851839138701506,-0.8645293687711361,False
pvc,normalized,DEP,hexane,-0.6598835709942543,-0.546773572983231,0.11310999801102328,-0.9573111691497072,-0.8354454708231778,False
pvc,normalized,DEP,isopropanol,-0.20284234095896236,0.014065964278234588,0.21690830523719695,-0.7333868999480192,-0.5077228943953163,True
pvc,normalized,DEP,isopropylamine,0.06948486738842108,0.4081293640246073,0.33864449663618623,-0.4105409705362157,-0.0631407735845235,False
pvc,normalized,DEP,methanol,-0.21158594017764576,-0.04915329192206375,0.162432648255582,-1.018675018385815,-0.8474866698147271,False
pvc,normalized,DEP,methylacetate,0.49830503631370937,0.530125361531788,0.03182032521807865,-0.015505325643500273,0.025070699890084255,False
pvc,normalized,DEP,"n,n-dimethylformamide",0.5900272988869187,0.5780383417877325,-0.011988957099186237,0.06179323943657645,0.05855998265289612,False
pvc,normalized,DEP,o-xylene,0.06500006247446871,0.19204411208424002,0.1270440496097713,-0.2677375469249628,-0.13193779699968558,False
pvc,normalized,DEP,tert-butanol,-0.16797524515794993,-0.01722489808940747,0.15075034706854246,-0.6072733589061781,-0.44776731152212973,False
pvc,normalized,DEP,tetrahydrofuran,0.6045571103817404,0.6906307620564889,0.08607365167474845,0.10032190434801862,0.19515125633827288,False
pvc,normalized,DEP,tetrahydropyran,0.3683800109395783,0.4844510629297316,0.11607105199015333,-0.057132557649139916,0.06769419465651928,False
pvc,normalized,DEP,toluene,0.2020250961187696,0.3311052351028048,0.12908013898403523,-0.18581348852180604,-0.04797764922226483,False
pvc,normalized,DEP,triethylamine,-0.24914477892384318,-0.11341441661555174,0.13573036230829144,-0.5197091574154149,-0.37522309479161753,False
pvc,normalized,DEP,water,-2.8995189459615966,-3.915508184372964,-1.0159892384113673,-4.059244280834054,-5.066477818929916,False
pvc,normalized,DBP,"1,2-propanediol",-0.8291778498152301,-0.44801968254338775,0.3811581672718424,-1.378432289555879,-0.9885184219685306,False
pvc,normalized,DBP,1-propanol,-0.1540217008067365,0.003446584613368664,0.15746828542010516,-0.6951737556554708,-0.5289497699198598,True
pvc,normalized,DBP,"2,3-dihydropyran",0.6630060075225641,0.7175354917505256,0.054529484227961444,0.20648053733311983,0.26976572187658715,False
pvc,normalized,DBP,2-butanone,0.6181869549527602,0.5100853548723641,-0.10810160008039615,0.15736917125691288,0.05802327149202266,False
pvc,normalized,DBP,acetic acid,-0.2810001090603442,-0.21177290891875566,0.06922720014158856,-0.9378358191906389,-0.8598529187335444,False
pvc,normalized,DBP,acetone,0.7166907029716088,0.5461701535492635,-0.1705205494223453,0.16955160822016618,0.007786759113326836,False
pvc,normalized,DBP,acetylacetone,0.11334692684299497,0.0016182218511777147,-0.11172870499181725,-0.2904503151932556,-0.39342331986956697,False
pvc,normalized,DBP,benzene,0.7075477680044779,0.814374130164728,0.1068263621602501,0.24227556130307007,0.3578576237788262,False
pvc,normalized,DBP,chloroform,3.72504554860891,2.2244414207459697,-1.5006041278629403,3.2152741419800908,1.7234257144326564,False
pvc,normalized,DBP,cyclohexane,-0.08508298444622331,-0.06191688587358729,0.023166098572636018,-0.46533527116592055,-0.4334134722777786,False
pvc,normalized,DBP,cyclohexanol,-0.2218471570164845,-0.00864841614995071,0.2131987408665338,-0.6132247791851037,-0.39127033800306393,False
pvc,normalized,DBP,dichloromethane,2.5663921630066318,1.6924978670842181,-0.8738942959224136,1.9558886495571297,1.090750053950222,False
pvc,normalized,DBP,dimethyl sulfoxide,0.21361292542103916,0.15781553980670687,-0.055797385614332284,-0.3497762647594115,-0.3968179500582379,False
pvc,normalized,DBP,diphenyl ether,0.3006851147330055,0.34794033759338056,0.047255222860375035,-0.00071657515758025,0.04059397129625649,False
pvc,normalized,DBP,dodecane,-0.6848941735641291,-0.6465117706684254,0.038382402895703716,-0.7427086658770311,-0.6955705626658214,False
pvc,normalized,DBP,ethanol,-0.1441765604376649,-0.030118165159855548,0.11405839527780937,-0.7925913701118785,-0.6697772745185632,False
pvc,normalized,DBP,ethyl acetate,0.476192514564741,0.4639190375274363,-0.012273477037304692,0.05301671265358896,0.04949893593179027,False
pvc,normalized,DBP,ethylene glycol,-1.337765292332175,-0.983303021235593,0.354462271096582,-2.0068374884291553,-1.6436195170170673,False
pvc,normalized,DBP,heptane,-0.37888868072488,-0.3677577179607807,0.011130962764099306,-0.626916974232321,-0.6070303111527158,False
pvc,normalized,DBP,hexane,-0.27545517978410067,-0.2644876542145718,0.010967525569528846,-0.5728827779395534,-0.5531595520545186,False
pvc,normalized,DBP,isopropanol,-0.14295738602565167,0.039859929276122086,0.18281731530177375,-0.6735019450147085,-0.48192892939742876,True
pvc,normalized,DBP,isopropylamine,0.25329362950899537,0.5453593866978131,0.2920657571888178,-0.2267322084156414,0.07408924908868228,False
pvc,normalized,DBP,methanol,-0.35832830679927075,-0.22074578662050803,0.1375825201787627,-1.16541738500744,-1.0190791645131714,False
pvc,normalized,DBP,methylacetate,0.5526728924423217,0.5169644627556654,-0.03570842968665622,0.03886253048511201,0.011909801113961673,False
pvc,normalized,DBP,"n,n-dimethylformamide",0.6298611898261935,0.5041780718222697,-0.12568311800392384,0.10162713037585128,-0.015300287312566692,False
pvc,normalized,DBP,o-xylene,0.3379332632935138,0.40688863542520115,0.06895537213168734,0.00519565389408225,0.08290672634127555,False
pvc,normalized,DBP,tert-butanol,-0.05119078808866856,0.048941694265236924,0.10013248235390548,-0.4904889018368967,-0.38160071916748534,True
pvc,normalized,DBP,tetrahydrofuran,0.8959806826206289,0.9164529013109951,0.020472218690366195,0.3917454765869071,0.4209733955927791,False
pvc,normalized,DBP,tetrahydropyran,0.6736008377417386,0.711940879040756,0.03834004129901736,0.24808826915302043,0.2951840107675436,False
pvc,normalized,DBP,toluene,0.48170859690427603,0.5646762954674533,0.08296769856317732,0.09387001226370041,0.18559341114238367,False
pvc,normalized,DBP,triethylamine,0.09438562605202191,0.12756529934482605,0.033179673292804135,-0.1761787524395498,-0.13424337883123974,False
pvc,normalized,DBP,water,-4.977513729147713,-5.911341475401841,-0.9338277462541278,-6.137239064020171,-7.0623111099587925,False
pvc,normalized,BBP,"1,2-propanediol",-0.7872518563752747,-0.4973000700416923,0.28995178633358243,-1.3365062961159235,-1.0377988094668351,False
pvc,normalized,BBP,1-propanol,-0.1994827051851018,-0.07582363393291025,0.12365907125219155,-0.7406347600338361,-0.6082199884661387,False
pvc,normalized,BBP,"2,3-dihydropyran",0.7548991262633715,0.8049017314929978,0.050002605229626296,0.2983736560739272,0.35713196161905947,False
pvc,normalized,BBP,2-butanone,0.845771079360573,0.7263127922997514,-0.11945828706082162,0.38495329566472575,0.27425070891940995,False
pvc,normalized,BBP,acetic acid,-0.16521761057309414,-0.3242953146441131,-0.15907770407101895,-0.8220533207033888,-0.9723753244589018,False
pvc,normalized,BBP,acetone,1.0267258460671007,0.8262916379941145,-0.20043420807298618,0.479586751315658,0.2879082435581779,False
pvc,normalized,BBP,acetylacetone,0.4107050048378114,0.2620392804712417,-0.14866572436656972,0.00690776280156087,-0.13300226124950298,False
pvc,normalized,BBP,benzene,0.7471728756728149,0.8634001814867899,0.116227305813975,0.2819006689714071,0.40688367510088796,False
pvc,normalized,BBP,chloroform,3.632929601998338,1.9049038495153314,-1.7280257524830067,3.123158195369519,1.4038881432020183,False
pvc,normalized,BBP,cyclohexane,-0.3276710417718659,-0.23957421707894527,0.08809682469292063,-0.7079233284915631,-0.6110708034831366,False
pvc,normalized,BBP,cyclohexanol,-0.31487230908025454,-0.08853286158184076,0.22633944749841378,-0.7062499312488737,-0.471154783434954,False
pvc,normalized,BBP,dichloromethane,2.6390048914316617,1.6422027933175154,-0.9968020981141463,2.0285013779821592,1.040454980183519,False
pvc,normalized,BBP,dimethyl sulfoxide,0.5676981917612147,0.5001395234030866,-0.06755866835812807,0.00430900158076405,-0.054493966461858105,False
pvc,normalized,BBP,diphenyl ether,0.3091608991725582,0.3586492396641685,0.04948834049161033,0.007759209281972449,0.05130287336704445,False
pvc,normalized,BBP,dodecane,-0.9620683678814208,-0.8668491402278636,0.09521922765355717,-1.0198828601943228,-0.9159079322252597,False
pvc,normalized,BBP,ethanol,-0.1404800912700951,-0.08781647132693216,0.05266361994316293,-0.7888949009443087,-0.7274755806856398,False
pvc,normalized,BBP,ethyl acetate,0.6817047831273437,0.6338282539155321,-0.047876529211811625,0.2585289812161917,0.21940815231988606,False
pvc,normalized,BBP,ethylene glycol,-1.2509089870162844,-0.9742408690978416,0.2766681179184428,-1.9199811831132647,-1.634557364879316,False
pvc,normalized,BBP,heptane,-0.6375435202307944,-0.5822249993306556,0.05531852090013878,-0.8855718137382353,-0.8214975925225907,False
pvc,normalized,BBP,hexane,-0.5286080814045178,-0.4749840966910523,0.05362398471346547,-0.8260356795599706,-0.7636559945309991,False
pvc,normalized,BBP,isopropanol,-0.18495156210684305,-0.014629350346371583,0.17032221176047146,-0.7154961210958999,-0.5364182090199224,False
pvc,normalized,BBP,isopropylamine,0.266496955345066,0.6114199842987827,0.34492302895371674,-0.21352888257957078,0.14014984668965189,False
pvc,normalized,BBP,methanol,-0.30486568191379904,-0.2798677091039523,0.024997972809846725,-1.1119547601219684,-1.0782010869966157,False
pvc,normalized,BBP,methylacetate,0.8187166101258703,0.735970820539869,-0.08274578958600132,0.3049062481686606,0.23091615889816525,False
pvc,normalized,BBP,"n,n-dimethylformamide",0.9814541030154684,0.8211953143712175,-0.16025878864425092,0.45322004356512613,0.3017169552363811,False
pvc,normalized,BBP,o-xylene,0.3101481200865513,0.4094530673612513,0.09930494727470002,-0.022589489312880216,0.08547115827732572,False
pvc,normalized,BBP,tert-butanol,-0.0980165998569178,-0.019528347147491076,0.07848825270942672,-0.5373147136051459,-0.45007076058021334,False
pvc,normalized,BBP,tetrahydrofuran,1.0824146474990903,1.0992529760609728,0.0168383285618825,0.5781794414653685,0.6037734703427569,False
pvc,normalized,BBP,tetrahydropyran,0.7835634079035644,0.8501079708745489,0.06654456297098454,0.35805083931484616,0.4333511026013365,False
pvc,normalized,BBP,toluene,0.4747030386586171,0.5783741346068816,0.10367109594826446,0.08686445401804149,0.1992912502818119,False
pvc,normalized,BBP,triethylamine,0.008771070828273386,0.06929166873245232,0.060520597904178935,-0.26179330766329834,-0.19251700944361347,False
pvc,normalized,BBP,water,-5.161677952033804,-6.41934757764554,-1.2576696256117366,-6.3214032869062615,-7.570317212202492,False
pvc,normalized,DEHP,"1,2-propanediol",-1.2009259398800136,-0.9247631137995798,0.27616282608043385,-1.7501803796206625,-1.4652618532247226,False
pvc,normalized,DEHP,1-propanol,-0.0682212549412835,-0.07144715227496057,-0.0032258973336770635,-0.6093733097900178,-0.603843506808189,False
pvc,normalized,DEHP,"2,3-dihydropyran",1.1057091031067479,1.1250707523700876,0.01936164926333972,0.6491836329173036,0.6773009824961492,False
pvc,normalized,DEHP,2-butanone,0.8651842460770678,0.5581707453360881,-0.30701350074097966,0.4043664623812204,0.1061086619557467,False
pvc,normalized,DEHP,acetic acid,-0.790449028277425,-1.0271767945093966,-0.23672776623197156,-1.4472847384077197,-1.6752568043241853,False
pvc,normalized,DEHP,acetone,0.8712181802175128,0.4947488088682253,-0.37646937134928754,0.3240790854660702,-0.04363458556771134,False
pvc,normalized,DEHP,acetylacetone,0.04803034144398399,-0.326334278618473,-0.37436462006245697,-0.35576690059226657,-0.7213758203392177,True
pvc,normalized,DEHP,benzene,1.1495524848333654,1.2468630467386963,0.09731056190533094,0.6842802781319576,0.7903465403527943,False
pvc,normalized,DEHP,chloroform,4.381642795742286,2.748170994403117,-1.6334718013391685,3.8718713891134664,2.247155288089804,False
pvc,normalized,DEHP,cyclohexane,0.6434695363214928,0.5813957970306616,-0.062073739290831265,0.2632172496017956,0.20989921062647024,False
pvc,normalized,DEHP,cyclohexanol,0.07297067240228772,0.12465029209675355,0.05167961969446583,-0.31840694976633144,-0.2579716297563597,False
pvc,normalized,DEHP,dichloromethane,2.950392307543435,1.9962525576414416,-0.9541397499019935,2.339888794093933,1.3945047445074454,False
pvc,normalized,DEHP,dimethyl sulfoxide,0.1476318146079173,-0.15907517131611015,-0.30670698592402745,-0.41575737557253334,-0.7137086611810549,True
pvc,normalized,DEHP,diphenyl ether,0.6107106906011872,0.574877259201545,-0.035833431399642235,0.3093090007106014,0.26753089290442095,False
pvc,normalized,DEHP,dodecane,-0.21911417206153724,-0.28469588932416884,-0.0655817172626316,-0.2769286643744393,-0.3337546813215649,False
pvc,normalized,DEHP,ethanol,-0.1705611919241381,-0.2478499526744674,-0.07728876075032931,-0.8189760015983517,-0.887509062033175,False
pvc,normalized,DEHP,ethyl acetate,0.6477870233040254,0.5502586260084676,-0.09752839729555773,0.22461122139287337,0.13583852441282157,False
pvc,normalized,DEHP,ethylene glycol,-2.087537851592196,-1.9428112787716958,0.14472657282050028,-2.7566100476891764,-2.6031277745531702,False
pvc,normalized,DEHP,heptane,0.1753014572819287,0.09722090645410159,-0.07808055082782711,-0.07272683622551222,-0.14205168673783344,False
pvc,normalized,DEHP,hexane,0.30871243284668215,0.23982673616415737,-0.06888569668252478,0.011284834691229397,-0.048845161675789416,False
pvc,normalized,DEHP,isopropanol,-0.020913118824067656,-0.017716044992708402,0.003197073831359254,-0.5514576778131245,-0.5395049036662593,False
pvc,normalized,DEHP,isopropylamine,0.555941540500935,0.7575929750159184,0.20165143451498335,0.0759157025762983,0.28632283740678754,False
pvc,normalized,DEHP,methanol,-0.6227412821865633,-0.7304509759862288,-0.10770969379966544,-1.4298303603947327,-1.528784353878892,False
pvc,normalized,DEHP,methylacetate,0.6452482594749291,0.5011704632323983,-0.1440777962425308,0.13143789751771956,-0.00388419840930546,False
pvc,normalized,DEHP,"n,n-dimethylformamide",0.7530267391721369,0.4464325082856302,-0.3065942308865067,0.22479267972179465,-0.07304585084920623,False
pvc,normalized,DEHP,o-xylene,0.8255538704513417,0.8168456122638805,-0.008708258187461126,0.4928162610519101,0.492863703179955,False
pvc,normalized,DEHP,tert-butanol,0.21657313224992764,0.08286029414380819,-0.13371283810611945,-0.2227249814983005,-0.34768211928891407,False
pvc,normalized,DEHP,tetrahydrofuran,1.386695122085396,1.3806329177444698,-0.006062204340926192,0.8824599160516743,0.8851534120262539,False
pvc,normalized,DEHP,tetrahydropyran,1.2190679547270662,1.1887619742157924,-0.030305980511273756,0.7935553861383479,0.77200510594258,False
pvc,normalized,DEHP,toluene,0.9476711818858068,0.99370436229168,0.04603318040587323,0.5598325972452312,0.6146214779666104,False
pvc,normalized,DEHP,triethylamine,0.6986258006008738,0.5857708246995107,-0.11285497590136306,0.42806142210930204,0.3239621465234449,False
pvc,normalized,DEHP,water,-8.073431701556252,-10.114449423910568,-2.041017722354315,-9.233157036428711,-11.265419058467518,False
pvc,existing,DEP,"1,2-propanediol",-0.6244864830118103,-0.9356151275858394,-0.3111286445740291,-1.2492061388611866,-1.5748115418442412,False
pvc,existing,DEP,1-propanol,-0.22877752238517135,-0.6519696564976728,-0.42319213411250145,-0.9017311948603781,-1.332466633751371,False
pvc,existing,DEP,"2,3-dihydropyran",0.3733711917345671,-0.13765279266833297,-0.5110239844029001,-0.20985226432865364,-0.724833799777749,True
pvc,existing,DEP,2-butanone,0.4664693642315756,-0.11751787903861588,-0.5839872432701915,-0.13948957530205644,-0.7332573667404442,True
pvc,existing,DEP,acetic acid,0.03779420459515981,-0.5959151865796971,-0.6337093911748569,-0.7259389143266574,-1.3625164310069418,True
pvc,existing,DEP,acetone,0.6214611701148554,-0.018306760718589166,-0.6397679308334445,-0.07897711396955487,-0.7251224519820143,True
pvc,existing,DEP,acetylacetone,0.16265761033799192,-0.44755505230821335,-0.6102126626462052,-0.3427059777254902,-0.9675323742120406,True
pvc,existing,DEP,benzene,0.4024605798629757,-0.07013410694037303,-0.4725946868033487,-0.19315935936172254,-0.6650556400813764,True
pvc,existing,DEP,chloroform,3.318959092254189,1.0429011036363263,-2.276057988617863,2.706382111968255,0.4258678786955643,False
pvc,existing,DEP,cyclohexane,-0.52976328343359,-1.0117846055109352,-0.48202132207734516,-1.0647958136015219,-1.5493603970250682,False
pvc,existing,DEP,cyclohexanol,-0.4962566002518227,-0.8855881845076321,-0.3893315842558094,-0.8876342224365948,-1.2682101063643914,False
pvc,existing,DEP,dichloromethane,2.1610835644828064,0.6143765970179401,-1.5467069674648664,1.5505800510171512,0.012628783880297732,False
pvc,existing,DEP,dimethyl sulfoxide,0.235326669776873,-0.2996351786012187,-0.5349618483780917,-0.40601955256531985,-0.9534006408253337,True
pvc,existing,DEP,diphenyl ether,-0.002885842143281858,-0.5493078257824,-0.5464219836391182,-0.3042875320918763,-0.8566541920831701,False
pvc,existing,DEP,dodecane,-0.993360806055902,-1.4482251362201863,-0.4548643301642843,-1.187929490734961,-1.6650926485176294,False
pvc,existing,DEP,ethanol,-0.15479270331154282,-0.6138001398864874,-0.4590074365749446,-0.9445850049624847,-1.4077964824912834,False
pvc,existing,DEP,ethyl acetate,0.3539727339572546,-0.2019177775533072,-0.5558905115105618,-0.21302020152709464,-0.7710975960614508,True
pvc,existing,DEP,ethylene glycol,-0.9164608696942325,-1.231961501632353,-0.3155006319381206,-1.6459386298388685,-1.9668327930083713,False
pvc,existing,DEP,heptane,-0.7338983326341755,-1.2176787546662602,-0.4837804220320847,-1.1461273839548125,-1.6439696145278089,False
pvc,existing,DEP,hexane,-0.8208241922171666,-1.326211142075675,-0.5053869498585084,-1.1182517903887723,-1.6148830399192677,False
pvc,existing,DEP,isopropanol,-0.22444019735229526,-0.6052604980232196,-0.3808203006709243,-0.894342069506332,-1.2871764329956075,False
pvc,existing,DEP,isopropylamine,0.07682095527317945,-0.18006877306128632,-0.2568897283344658,-0.5715049569447287,-0.8426068402164753,True
pvc,existing,DEP,methanol,-0.3725228945846194,-0.8285774992200953,-0.45605460463547587,-1.1796119728089416,-1.6269108771164047,False
pvc,existing,DEP,methylacetate,0.47430254754528867,-0.09889022816668003,-0.5731927757119687,-0.17648137312246312,-0.7543988891299578,True
pvc,existing,DEP,"n,n-dimethylformamide",0.5290131927876432,-0.08520959158217367,-0.6142227843698169,-0.09918681819334907,-0.7209130399187655,True
pvc,existing,DEP,o-xylene,0.02150304490739241,-0.4531109458812549,-0.4746139907886473,-0.428705016591421,-0.9114023033076892,True
pvc,existing,DEP,tert-butanol,-0.1923686459489542,-0.6324186620329763,-0.44005001608402206,-0.7682333440529445,-1.2272243119717239,False
pvc,existing,DEP,tetrahydrofuran,0.5792846135105246,0.0589947940775013,-0.5202898194330233,-0.06065958982733759,-0.5843259386127593,False
pvc,existing,DEP,tetrahydropyran,0.3435328102428584,-0.14349670494574474,-0.48702951518860316,-0.21810804286756888,-0.7117779702170453,True
pvc,existing,DEP,toluene,0.16887401375411282,-0.30764674651141344,-0.47652076026552626,-0.3467832182712588,-0.8274446383029169,True
pvc,existing,DEP,triethylamine,-0.2503246489267611,-0.7121750233148947,-0.4618503743881336,-0.680672000849435,-1.154680420006146,False
pvc,existing,DEP,water,-3.0600368054175093,-4.694317279835636,-1.634280474418127,-4.21976214030612,-5.845286914396234,False
pvc,existing,DBP,"1,2-propanediol",-0.9146440809299167,-1.1287561770516703,-0.21411209612175364,-1.539363736779293,-1.767952591310072,False
pvc,existing,DBP,1-propanol,-0.1831742859047759,-0.6279025336748191,-0.44472824777004316,-0.8561279583799827,-1.3083995109285174,False
pvc,existing,DBP,"2,3-dihydropyran",0.628719307402614,0.0774662417407791,-0.5512530656618349,0.045495851339393115,-0.5097147653686369,False
pvc,existing,DBP,2-butanone,0.6023454756789616,-0.10570805408904194,-0.7080535297680035,-0.003613463854670384,-0.7214475417908702,True
pvc,existing,DBP,acetic acid,-0.3350223483132778,-0.8726599244923986,-0.5376375761791208,-1.098755467235095,-1.6392611689196432,False
pvc,existing,DBP,acetone,0.7090041450228824,-0.06486786543189382,-0.7738720104547763,0.008565860938472216,-0.771683556695319,True
pvc,existing,DBP,acetylacetone,0.05394575678335933,-0.6529029155497821,-0.7068486723331414,-0.4514178312801228,-1.1728802374536094,True
pvc,existing,DBP,benzene,0.6769091069605453,0.1732939541567829,-0.5036151528037625,0.0812891677358471,-0.4216275789842205,False
pvc,existing,DBP,chloroform,3.6667530476298698,1.5609062120483848,-2.105846835581485,3.0541760673439358,0.9438729871076228,False
pvc,existing,DBP,cyclohexane,-0.09124944564797743,-0.6752780458763094,-0.5840286002283319,-0.6262819758159093,-1.2128538373904423,False
pvc,existing,DBP,cyclohexanol,-0.3828063854868623,-0.788107443547214,-0.40530105806035166,-0.7741840076716344,-1.1707293654039732,False
pvc,existing,DBP,dichloromethane,2.4053289207643243,0.9129730232218599,-1.4923558975424642,1.794825407298669,0.31122521008421755,False
pvc,existing,DBP,dimethyl sulfoxide,0.13058134792024445,-0.5225233421732461,-0.6531046900934906,-0.5107648744219484,-1.1762888043973612,True
pvc,existing,DBP,diphenyl ether,0.1397097079055851,-0.43152980268965263,-0.5712395105952377,-0.16169198204300936,-0.7388761689904227,True
pvc,existing,DBP,dodecane,-0.7090952508090997,-1.25815269490997,-0.5490574441008702,-0.9036639354881587,-1.475020207207413,False
pvc,existing,DBP,ethanol,-0.1637456921954351,-0.6552176655377022,-0.4914719733422671,-0.9535379938463769,-1.4492140081424982,False
pvc,existing,DBP,ethyl acetate,0.4590320099931275,-0.1607913355797489,-0.6198233455728763,-0.10796092549122176,-0.7299711540878925,True
pvc,existing,DBP,ethylene glycol,-1.4382549066293773,-1.6881404044983885,-0.24988549786901126,-2.1677326667740133,-2.423011695874407,False
pvc,existing,DBP,heptane,-0.3756372585989809,-0.9601821944806204,-0.5845449358816395,-0.7878663099196179,-1.386473054342169,False
pvc,existing,DBP,hexane,-0.4364032510663392,-1.0439288957437163,-0.6075256446773771,-0.7338308492379448,-1.3326007935873092,False
pvc,existing,DBP,isopropanol,-0.16455521040798293,-0.5794646412902708,-0.4149094308822878,-0.8344570825620197,-1.2613805762626586,False
pvc,existing,DBP,isopropylamine,0.2606228925469916,-0.04284390773574975,-0.30346680028274137,-0.3877030196709165,-0.7053819748909387,True
pvc,existing,DBP,methanol,-0.5192458822071079,-1.0001387923632534,-0.48089291015614555,-1.32633496043143,-1.7984721702595627,False
pvc,existing,DBP,methylacetate,0.528668997232451,-0.11204932819575597,-0.640718325428207,-0.12211492343530081,-0.7675579891590337,True
pvc,existing,DBP,"n,n-dimethylformamide",0.5688411181909184,-0.15907083043930803,-0.7279119486302265,-0.059358892790073906,-0.7947742787758999,True
pvc,existing,DBP,o-xylene,0.2944280765548657,-0.23827372964363225,-0.5327018061984979,-0.15577998494394776,-0.6965650870700666,True
pvc,existing,DBP,tert-butanol,-0.07558713673791295,-0.5662531206378413,-0.4906659838999283,-0.6514518348419033,-1.161058770576589,False
pvc,existing,DBP,tetrahydrofuran,0.8706952702348276,0.2848053548770866,-0.585889915357741,0.2307510668969654,-0.358515377813174,False
pvc,existing,DBP,tetrahydropyran,0.6487421481128527,0.08398332659642183,-0.5647588215164309,0.08710129500242532,-0.4842979386748787,False
pvc,existing,DBP,toluene,0.4485479665101049,-0.07408500440753452,-0.5226329709176394,-0.06710926551526668,-0.593882896199038,True
pvc,existing,DBP,triethylamine,0.09319792977770536,-0.47120117196262656,-0.5643991017403319,-0.33714942214496857,-0.9137065686538779,True
pvc,existing,DBP,water,-5.1374814376136495,-6.689509502311323,-1.5520280646976738,-6.29720677250226,-7.840479136871921,False
pvc,existing,BBP,"1,2-propanediol",-0.8727167923169864,-1.1780323402576656,-0.30531554794067917,-1.4974364481663627,-1.8172287545160675,False
pvc,existing,BBP,1-propanol,-0.2286279075336104,-0.7071648539773551,-0.47853694644374467,-0.9015815800088172,-1.3876618312310534,False
pvc,existing,BBP,"2,3-dihydropyran",0.720610008522122,0.16482984904654696,-0.555780159475575,0.1373865524589012,-0.42235115806286905,False
pvc,existing,BBP,2-butanone,0.8299208261818696,0.11051137643261377,-0.7194094497492558,0.22396188664823752,-0.5052281112692145,False
pvc,existing,BBP,acetic acid,-0.2192442231128472,-0.9851774829756424,-0.7659332598627953,-0.9829773420346644,-1.751778727402887,False
pvc,existing,BBP,acetone,1.01902581402119,0.21524186534565998,-0.80378394867553,0.3185875299367799,-0.49157382591776516,False
pvc,existing,BBP,acetylacetone,0.35129432103880837,-0.3924904996511831,-0.7437848206899915,-0.15406926702467377,-0.9124678215550104,True
pvc,existing,BBP,benzene,0.7165346215208876,0.22231921149405726,-0.4942154100268304,0.12091468229618944,-0.3726023216469461,False
pvc,existing,BBP,chloroform,3.5746284106234456,1.241378881412082,-2.3332495292113635,2.9620514303375116,0.6243456564713199,False
pvc,existing,BBP,cyclohexane,-0.33381696260875415,-0.852920285783571,-0.5191033231748169,-0.868849492776686,-1.390496077297704,False
pvc,existing,BBP,cyclohexanol,-0.4758238414506555,-0.8679866695079699,-0.3921628280573144,-0.8672014636354276,-1.2506085913647291,False
pvc,existing,BBP,dichloromethane,2.4779320355108982,0.8626799515944994,-1.6152520839163989,1.8674285220452433,0.2609321384568571,False
pvc,existing,BBP,dimethyl sulfoxide,0.48465713151812456,-0.18021269159189635,-0.664869823110021,-0.1566890908240683,-0.8339781538160114,True
pvc,existing,BBP,diphenyl ether,0.1481862539344645,-0.42082042545818815,-0.5690066793926527,-0.15321543601412996,-0.7281667917589583,True
pvc,existing,BBP,dodecane,-0.9862592293400434,-1.4784821364679395,-0.49222290712789607,-1.1808279140191023,-1.6953496487653825,False
pvc,existing,BBP,ethanol,-0.160043462555175,-0.7129072537135788,-0.5528637911584038,-0.9498357642061168,-1.5069035963183748,False
pvc,existing,BBP,ethyl acetate,0.6645373303192649,0.00911236885430533,-0.6554249614649595,0.0975443948349156,-0.5600674496538383,False
pvc,existing,BBP,ethylene glycol,-1.351399602646101,-1.6790770964543176,-0.32767749380821654,-2.080877362790737,-2.413948387830336,False
pvc,existing,BBP,heptane,-0.6342765258534153,-1.174636921697398,-0.5403603958439827,-1.0465055771740523,-1.6009277815589467,False
pvc,existing,BBP,hexane,-0.6895387708045722,-1.2544111998591325,-0.5648724290545604,-0.9869663689761778,-1.5430830977027252,False
pvc,existing,BBP,isopropanol,-0.20654225749136745,-0.6339474094972765,-0.427405152005909,-0.8764441296454042,-1.3158633444696644,False
pvc,existing,BBP,isopropylamine,0.27383030928518765,0.023217163069374713,-0.25061314621581293,-0.3744956029327205,-0.6393209040858142,False
pvc,existing,BBP,methanol,-0.46577965626795337,-1.0592479108814392,-0.5934682546134858,-1.2728687344922756,-1.8575812887777485,False
pvc,existing,BBP,methylacetate,0.7947021170247878,0.1069484187453612,-0.6877536982794266,0.14391819635703595,-0.5485602422179165,False
pvc,existing,BBP,"n,n-dimethylformamide",0.9204211722243487,0.157934283570892,-0.7624868886534567,0.29222116124335634,-0.47776916476569986,False
pvc,existing,BBP,o-xylene,0.2666464594951819,-0.23570760382725742,-0.5023540633224393,-0.18356160200363153,-0.6939989612536918,True
pvc,existing,BBP,tert-butanol,-0.12240682240059275,-0.6347172427276814,-0.5123104203270886,-0.6982715205045831,-1.229522892666429,False
pvc,existing,BBP,tetrahydrofuran,1.0571199405674974,0.4675961133795348,-0.5895238271879626,0.41717573722963514,-0.17572461931072583,False
pvc,existing,BBP,tetrahydropyran,0.7586999094077083,0.22214391460957866,-0.5365559947981295,0.19705905629728088,-0.34613735066172185,False
pvc,existing,BBP,toluene,0.44154523799406287,-0.06038585948380437,-0.5019310974778672,-0.07411199403130878,-0.5801837512753079,True
pvc,existing,BBP,triethylamine,0.007585854141817339,-0.5294708520911063,-0.5370567062329237,-0.4227614977808566,-0.9719762487823577,True
pvc,existing,BBP,water,-5.321632263135994,-7.197416524772921,-1.8757842616369267,-6.481357598024604,-8.348386159333518,False
pvc,existing,DEHP,"1,2-propanediol",-1.2863440522691456,-1.6054499263996478,-0.3191058741305022,-1.911063708118522,-2.2446463406580497,False
pvc,existing,DEHP,1-propanol,-0.09735617004379493,-0.7027756311967533,-0.6054194611529584,-0.7703098425190017,-1.3832726084504516,False
pvc,existing,DEHP,"2,3-dihydropyran",1.0714108809572456,0.48498215118579235,-0.5864287297714532,0.48818742489402467,-0.10219885592362364,False
pvc,existing,DEHP,2-butanone,0.8493427860745059,-0.057617628486949624,-0.9069604145614555,0.24338384654087386,-0.6733571161887779,True
pvc,existing,DEHP,acetic acid,-0.8443766998545578,-1.6879480300943683,-0.8435713302398106,-1.608109818776375,-2.454549274521613,False
pvc,existing,DEHP,acetone,0.8635365066300148,-0.11628037580294515,-0.97981688243296,0.1630982225456046,-0.8230960670663703,True
pvc,existing,DEHP,acetylacetone,-0.011358742635453334,-0.98083402557601,-0.9694752829405566,-0.5167223306989355,-1.5008113474798372,False
pvc,existing,DEHP,benzene,1.1189029949867662,0.6057606683362045,-0.5131423266505617,0.5232830557620679,0.010839135195201046,False
pvc,existing,DEHP,chloroform,4.323317371854764,2.0845952922980837,-2.2387220795566805,3.7107403915688297,1.4675620673573218,False
pvc,existing,DEHP,cyclohexane,0.637281395796132,-0.03198884786043754,-0.6692702436565695,0.10224886562820014,-0.5695646393745705,True
pvc,existing,DEHP,cyclohexanol,-0.08799181988829108,-0.6548105680675476,-0.5668187481792565,-0.4793694420730632,-1.0374324899243068,False
pvc,existing,DEHP,dichloromethane,2.7893115425734907,1.2167055275099152,-1.5726060150635754,2.1788080291078358,0.6149577143722729,False
pvc,existing,DEHP,dimethyl sulfoxide,0.0645804778497635,-0.8394189279181835,-0.903999405767947,-0.5767657444924293,-1.4931843901422985,True
pvc,existing,DEHP,diphenyl ether,0.449729511128959,-0.2045992036819117,-0.6543287148108707,0.14832782118036456,-0.5119455699826818,True
pvc,existing,DEHP,dodecane,-0.24332154603253953,-0.8963415425244774,-0.6530199964919379,-0.43789023071159844,-1.1132090548219205,False
pvc,existing,DEHP,ethanol,-0.19009331569678412,-0.8729034786777836,-0.6828101629809995,-0.979885617347726,-1.6668998212825796,False
pvc,existing,DEHP,ethyl acetate,0.6306320608171264,-0.07444834869945816,-0.7050804095165846,0.06363912533277714,-0.6436281672076017,True
pvc,existing,DEHP,ethylene glycol,-2.187932729398267,-2.647537957217005,-0.4596052278187379,-2.9174104895429034,-3.382409248593023,False
pvc,existing,DEHP,heptane,0.17854337102897713,-0.49521314157921836,-0.6737565126081955,-0.2336856802916599,-0.921504001440767,True
pvc,existing,DEHP,hexane,0.147753359491565,-0.5396266307749148,-0.6873799902664798,-0.14967423868004062,-0.8282985286185076,True
pvc,existing,DEHP,isopropanol,-0.042496885169647,-0.637021609403169,-0.594524724233522,-0.7123987573236837,-1.3189375443755569,False
pvc,existing,DEHP,isopropylamine,0.5632693078808716,0.16938691589211924,-0.39388239198875236,-0.0850566043370365,-0.4931511512630697,False
pvc,existing,DEHP,methanol,-0.7835704692652518,-1.5097244547500348,-0.726153985484783,-1.590659547489574,-2.308057832646344,False
pvc,existing,DEHP,methylacetate,0.6212572496223764,-0.12783040419154146,-0.7490876538139178,-0.02952667104537539,-0.7833390651548192,True
pvc,existing,DEHP,"n,n-dimethylformamide",0.6920020782395458,-0.216819114698392,-0.9088211929379378,0.06380206725855357,-0.8525225630349839,True
pvc,existing,DEHP,o-xylene,0.782035222432615,0.17166663987759911,-0.6103685825550159,0.3318271609338016,-0.28662471754883523,False
pvc,existing,DEHP,tert-butanol,0.1921758574160225,-0.5323273223274031,-0.7245031797434256,-0.3836888406879678,-1.1271329722661507,True
pvc,existing,DEHP,tetrahydrofuran,1.3613931001722732,0.7489585353624884,-0.6124345648097849,0.7214488968344112,0.10563780267222772,False
pvc,existing,DEHP,tetrahydropyran,1.194190132141645,0.5607796892132497,-0.6334104429283953,0.6325492790312177,-0.007501576058050835,False
pvc,existing,DEHP,toluene,0.9144981817431913,0.35492358551820613,-0.5595745962249852,0.3988409497178197,-0.16487430627329733,False
pvc,existing,DEHP,triethylamine,0.6974213732828336,-0.013011476444614756,-0.7104328497274484,0.2670740213601596,-0.4555168731358661,True
pvc,existing,DEHP,water,-8.232132801662766,-10.890791624396838,-2.658658822734072,-9.391858136551377,-12.041761258957436,False
pvdf,normalized,DEP,"1,2-propanediol",-1.2934266875967877,-0.5435789043375019,0.7498477832592858,-1.8107211742190024,-1.0575268132745785,False
pvdf,normalized,DEP,1-propanol,-0.9540479010547492,-0.3093322383394398,0.6447156627153094,-1.4632400027850494,-0.8151777623846019,False
pvdf,normalized,DEP,"2,3-dihydropyran",-0.346775934212712,0.21369279251063977,0.5604687267233518,-0.7713414512837222,-0.20752614687523235,True
pvdf,normalized,DEP,2-butanone,-0.27211829065605325,0.20956125672289846,0.4816795473789517,-0.7009761212334664,-0.21594999616937668,True
pvdf,normalized,DEP,acetic acid,-0.6625750995677657,-0.2237099400069329,0.43886515956083283,-1.2874508565796263,-0.8452391193336554,False
pvdf,normalized,DEP,acetone,-0.12528158800185063,0.30401849806619163,0.42930008606804226,-0.6404607296348591,-0.2078140658816788,True
pvdf,normalized,DEP,acetylacetone,-0.5323611414090264,-0.08174026115371802,0.45062088025530833,-0.9041984303268428,-0.4502309723863964,False
pvdf,normalized,DEP,benzene,-0.32133589587065103,0.2822200975881448,0.6035559934587958,-0.7546481494536248,-0.1477455783096909,True
pvdf,normalized,DEP,chloroform,2.6228045288059825,1.4176918524844375,-1.205112676321545,2.1449930752955977,0.9432269766591905,False
pvdf,normalized,DEP,cyclohexane,-1.2780319058077414,-0.687144236183701,0.5908876696240404,-1.6263242394090045,-1.032089992099826,False
pvdf,normalized,DEP,cyclohexanol,-1.089723197561681,-0.3948454915331799,0.6948777060285012,-1.4491408666118661,-0.7509165828982268,False
pvdf,normalized,DEP,dichloromethane,1.5677006241002,1.1051658186592188,-0.46253480544098124,0.9891570637691319,0.5299688360132888,False
pvdf,normalized,DEP,dimethyl sulfoxide,-0.4360762395727392,0.09198987510926726,0.5280661146820065,-0.9675054766347557,-0.4360927842676112,True
pvdf,normalized,DEP,diphenyl ether,-0.5963377812907038,-0.058554948090749404,0.5377828331999543,-0.8657795180628554,-0.33935048389980726,False
pvdf,normalized,DEP,dodecane,-1.7235860540916543,-1.1252985200028933,0.598287534088761,-1.7494405932861221,-1.147806481512223,False
pvdf,normalized,DEP,ethanol,-0.8896426366278702,-0.2774055465070423,0.6122370901208279,-1.5060974931836497,-0.8905138253776838,False
pvdf,normalized,DEP,ethyl acetate,-0.38329368978505757,0.1340776000240061,0.5173712898090637,-0.7745095385777754,-0.25379167108357376,True
pvdf,normalized,DEP,ethylene glycol,-1.5703588765130065,-0.8158014825074799,0.7545573940055267,-2.2074711194915526,-1.449567147800888,False
pvdf,normalized,DEP,heptane,-1.491579557256968,-0.9139707629081567,0.5776087943488112,-1.7076478976459746,-1.1266925256120255,False
pvdf,normalized,DEP,hexane,-1.4143075078885126,-0.8354875603121867,0.5788199475763258,-1.6797751529255311,-1.0976086276640673,False
pvdf,normalized,DEP,isopropanol,-0.9572662778532206,-0.2746480230507211,0.6826182548024995,-1.4558508837238433,-0.7698860512362058,False
pvdf,normalized,DEP,isopropylamine,-0.684939069505837,0.11941537669565161,0.8043544462014887,-1.1330049543120397,-0.325303930425413,True
pvdf,normalized,DEP,methanol,-0.9660098770719041,-0.33786727925101934,0.6281425978208848,-1.7411390021616393,-1.1096498266556165,False
pvdf,normalized,DEP,methylacetate,-0.25611890058054876,0.24141137420283226,0.497530274783381,-0.7379693094193243,-0.23709245695080522,True
pvdf,normalized,DEP,"n,n-dimethylformamide",-0.1643966380073394,0.2893243544587767,0.4537209924661161,-0.6606707443392476,-0.20360317418799337,True
pvdf,normalized,DEP,o-xylene,-0.6894238744197894,-0.09666987524471571,0.5927539991750737,-0.9902015307007868,-0.39410095384057503,False
pvdf,normalized,DEP,tert-butanol,-0.9223991820522079,-0.30593888541836317,0.6164602966338448,-1.329737342682002,-0.7099304683630192,False
pvdf,normalized,DEP,tetrahydrofuran,-0.14986682651251754,0.4019167747275332,0.5517836012400508,-0.6221420794278053,-0.0670119005026166,True
pvdf,normalized,DEP,tetrahydropyran,-0.3860439259546798,0.1957370756007759,0.5817810015554556,-0.7795965414249639,-0.1944689621843702,True
pvdf,normalized,DEP,toluene,-0.5523988407754885,0.04239124777384912,0.5947900885493376,-0.90827747229763,-0.3101408060631543,True
pvdf,normalized,DEP,triethylamine,-1.0035687158181013,-0.40212840394450744,0.6014403118735938,-1.242173141191239,-0.637386251632507,False
pvdf,normalized,DEP,water,-3.653942882855856,-4.20422217170192,-0.5502792888460641,-4.781708264609879,-5.3286409757708055,False
pvdf,normalized,DBP,"1,2-propanediol",-1.3871828846503016,-0.5701011119070838,0.8170817727432178,-1.9044773712725163,-1.0840490208441604,False
pvdf,normalized,DBP,1-propanol,-0.7120267356418081,-0.11863484475032737,0.5933918908914807,-1.2212188373721082,-0.6244803687954895,False
pvdf,normalized,DBP,"2,3-dihydropyran",0.10500097268749253,0.5954540623868295,0.490453089699337,-0.31956454438351767,0.17423512300095736,False
pvdf,normalized,DBP,2-butanone,0.06018192011768858,0.388003925508668,0.32782200539097944,-0.3686759104597246,-0.03750732738360713,False
pvdf,normalized,DBP,acetic acid,-0.8390051438954158,-0.3338543382824517,0.5051508056129641,-1.4638809009072764,-0.9553835176091742,False
pvdf,normalized,DBP,acetone,0.15868566813653717,0.42408872418556753,0.26540305604903036,-0.3564934734964713,-0.08774383976230296,False
pvdf,normalized,DBP,acetylacetone,-0.44465810799207656,-0.12046320751251838,0.3241949004795582,-0.816495396909893,-0.4889539187451968,False
pvdf,normalized,DBP,benzene,0.14954273316940636,0.692292700801032,0.5427499676316256,-0.2837695204135674,0.26232702490319637,False
pvdf,normalized,DBP,chloroform,3.1670405137738387,2.102359991382274,-1.0646805223915647,2.6892290602634534,1.6278951155570267,False
pvdf,normalized,DBP,cyclohexane,-0.643088019281295,-0.18399831523728322,0.4590897040440118,-0.9913803528825581,-0.5289440711534084,False
pvdf,normalized,DBP,cyclohexanol,-0.7798521918515561,-0.1307298455136468,0.6491223463379092,-1.139269860901741,-0.48680093687869375,False
pvdf,normalized,DBP,dichloromethane,2.0083871281715604,1.570416437720522,-0.4379706904510383,1.4298435678404924,0.9952194550745921,False
pvdf,normalized,DBP,dimethyl sulfoxide,-0.3443921094140324,0.03573411044301078,0.3801262198570432,-0.8758213464760489,-0.4923485489338677,True
pvdf,normalized,DBP,diphenyl ether,-0.2573199201020661,0.22585890822968457,0.4831788283317507,-0.5267616568742177,-0.0549366275793733,True
pvdf,normalized,DBP,dodecane,-1.2428992083992008,-0.7685932000321213,0.4743060083670795,-1.2687537475936685,-0.7911011615414512,False
pvdf,normalized,DBP,ethanol,-0.7021815952727366,-0.15219959452355158,0.549982000749185,-1.318636451828516,-0.765307873394193,False
pvdf,normalized,DBP,ethyl acetate,-0.0818125202703307,0.3418376081637403,0.423650128434071,-0.4730283690630485,-0.04603166294383952,True
pvdf,normalized,DBP,ethylene glycol,-1.8957703271672466,-1.105384450599289,0.7903858765679577,-2.5328825701457927,-1.7391501158926972,False
pvdf,normalized,DBP,heptane,-0.9368937155599516,-0.48983914732447675,0.44705456823547485,-1.1529620559489584,-0.7025609100283455,False
pvdf,normalized,DBP,hexane,-0.8334602146191723,-0.3865690835782679,0.4468911310409044,-1.0989278596561909,-0.6486901509301485,False
pvdf,normalized,DBP,isopropanol,-0.7009624208607232,-0.0822215000875739,0.6187409207731493,-1.199547026731346,-0.5774595282730586,False
pvdf,normalized,DBP,isopropylamine,-0.30471140532607627,0.4232779573341171,0.7279893626601934,-0.7527772901322789,-0.021441349786947516,True
pvdf,normalized,DBP,methanol,-0.9163333416343422,-0.34282721598420407,0.5735061256501381,-1.6914624667240774,-1.1146097633888012,False
pvdf,normalized,DBP,methylacetate,-0.005332142392749983,0.39488303339196934,0.4002151757847193,-0.4871825512315255,-0.08362079776166813,True
pvdf,normalized,DBP,"n,n-dimethylformamide",0.07185615499112197,0.3820966424585736,0.31024048746745164,-0.4244179513407862,-0.11083088618819649,False
pvdf,normalized,DBP,o-xylene,-0.22007177154155794,0.28480720606150506,0.504878977603063,-0.5208494278225553,-0.012623872534354253,True
pvdf,normalized,DBP,tert-butanol,-0.6091958229237402,-0.07313973509845906,0.5360560878252811,-1.0165339835535343,-0.4771313180431151,False
pvdf,normalized,DBP,tetrahydrofuran,0.3379756477855574,0.794371471947299,0.45639582416174157,-0.13429960512973038,0.32544279671714926,False
pvdf,normalized,DBP,tetrahydropyran,0.1155958029066671,0.5898594496770599,0.47426364677039284,-0.27795681256361704,0.1996534118919138,False
pvdf,normalized,DBP,toluene,-0.0762964379307956,0.4425948661037573,0.5188913040345529,-0.43217506945293704,0.09006281226675389,True
pvdf,normalized,DBP,triethylamine,-0.46361940878304975,0.005483869981129985,0.46910327876417973,-0.7022238341561873,-0.22977397770686953,True
pvdf,normalized,DBP,water,-5.535518763982785,-6.033422904765537,-0.4979041407827518,-6.663284145736808,-7.157841708834423,False
pvdf,normalized,BBP,"1,2-propanediol",-1.4245550939907823,-0.627421013071987,0.7971340809187952,-1.941849580612997,-1.1413689220090637,False
pvdf,normalized,BBP,1-propanol,-0.8367859428006096,-0.205944576963205,0.6308413658374046,-1.3459780445309097,-0.7117901010083671,False
pvdf,normalized,BBP,"2,3-dihydropyran",0.11759588864786374,0.6747807884627031,0.5571848998148393,-0.30696962842314646,0.25356184907683094,False
pvdf,normalized,BBP,2-butanone,0.2084678417450653,0.5961918492694567,0.3877240075243914,-0.22038998883234787,0.17068059637718147,False
pvdf,normalized,BBP,acetic acid,-0.8025208481886017,-0.45441625767440785,0.34810459051419385,-1.4273966052004623,-1.0759454370011303,False
pvdf,normalized,BBP,acetone,0.3894226084515929,0.6961706949638199,0.306748086512227,-0.1257565331814156,0.18433813101594942,False
pvdf,normalized,BBP,acetylacetone,-0.22659823277769625,0.13191833744094691,0.35851657021864314,-0.5984355216955127,-0.2365723737917315,True
pvdf,normalized,BBP,benzene,0.1098696380573072,0.7332792384564952,0.623409600399188,-0.32344261552566655,0.3033135625586595,False
pvdf,normalized,BBP,chloroform,2.9956263643828294,1.7747829064850367,-1.2208434578977927,2.5178149108724446,1.3003180306597897,False
pvdf,normalized,BBP,cyclohexane,-0.9649742793873737,-0.3696951601092399,0.5952791192781337,-1.3132666129886368,-0.7146409160253651,False
pvdf,normalized,BBP,cyclohexanol,-0.9521755466957623,-0.21865380461213552,0.7335217420836269,-1.3115932157459473,-0.5747248959771825,False
pvdf,normalized,BBP,dichloromethane,2.0017016538161534,1.5120818502872204,-0.489619803528933,1.4231580934850852,0.9368848676412903,False
pvdf,normalized,BBP,dimethyl sulfoxide,-0.06960504585429306,0.3700185803727919,0.43962362622708495,-0.6010342829163096,-0.1580640790040866,True
pvdf,normalized,BBP,diphenyl ether,-0.32814233844294954,0.22852829663387383,0.5566706350768234,-0.5975840752151012,-0.052267239175184034,True
pvdf,normalized,BBP,dodecane,-1.5993716054969285,-0.9969700832581584,0.6024015222387701,-1.6252261446913963,-1.0194780447674883,False
pvdf,normalized,BBP,ethanol,-0.7777833288856026,-0.2179374143572268,0.5598459145283758,-1.3942381854413821,-0.8310456932278683,False
pvdf,normalized,BBP,ethyl acetate,0.044401545511835894,0.5037073108852375,0.45930576537340156,-0.3468143032808819,0.11583803977765757,False
pvdf,normalized,BBP,ethylene glycol,-1.8882122246317923,-1.1043618121281367,0.7838504125036556,-2.5253244676103384,-1.7381274774215447,False
pvdf,normalized,BBP,heptane,-1.2748467578463023,-0.7123459423609505,0.5625008154853518,-1.490915098235309,-0.9250677050648193,False
pvdf,normalized,BBP,hexane,-1.1659113190200256,-0.605105039721347,0.5608062792986787,-1.4313789640570442,-0.8672261070732276,False
pvdf,normalized,BBP,isopropanol,-0.8222547997223508,-0.14475029337666623,0.6775045063456846,-1.3208394055929735,-0.6399883215621509,False
pvdf,normalized,BBP,isopropylamine,-0.3708062822704418,0.481299041268488,0.8521053235389298,-0.8188721670766445,0.036579734147423396,True
pvdf,normalized,BBP,methanol,-0.9421689195293066,-0.40998865213424707,0.5321802673950595,-1.7172980446190418,-1.1817711995388442,False
pvdf,normalized,BBP,methylacetate,0.18141337251036244,0.6058498775095742,0.42443650499921176,-0.30043703632841307,0.12734604635593677,False
pvdf,normalized,BBP,"n,n-dimethylformamide",0.34415086539996076,0.6910743713409226,0.3469235059409619,-0.15212324093194743,0.1981468426941526,False
pvdf,normalized,BBP,o-xylene,-0.3271551175289565,0.27933212433095655,0.606487241859913,-0.6279327738099538,-0.01809895426490276,True
pvdf,normalized,BBP,tert-butanol,-0.7353198374724255,-0.14964929017778578,0.5856705472946397,-1.1426579981022196,-0.5536408731224418,False
pvdf,normalized,BBP,tetrahydrofuran,0.4451114098835827,0.9691320330306781,0.5240206231470954,-0.027163843031705073,0.5002033578005284,False
pvdf,normalized,BBP,tetrahydropyran,0.14626017028805666,0.7199870278442542,0.5737268575561976,-0.24729244518222748,0.32978099005910805,False
pvdf,normalized,BBP,toluene,-0.16260019895689065,0.44825319157658683,0.6108533905334774,-0.5184788304790321,0.09572113773958343,True
pvdf,normalized,BBP,triethylamine,-0.6285321667872344,-0.06082927429784246,0.567702892489392,-0.867136592160372,-0.296087121985842,False
pvdf,normalized,BBP,water,-5.798981189649312,-6.549468520675834,-0.7504873310265223,-6.926746571403335,-7.67388732474472,False
pvdf,normalized,DEHP,"1,2-propanediol",-1.507202969475006,-0.6434033148732057,0.8637996546018003,-2.0244974560972206,-1.1573512238102823,False
pvdf,normalized,DEHP,1-propanol,-0.3744982845362754,0.2099126466514133,0.5844109311876887,-0.8836903862665756,-0.29593287739374885,True
pvdf,normalized,DEHP,"2,3-dihydropyran",0.7994320735117562,1.4064305512964614,0.6069984777847053,0.3748665564407459,0.9852116119105893,False
pvdf,normalized,DEHP,2-butanone,0.5589072164820759,0.8395305442624621,0.28062332778038623,0.1300493859046627,0.4140192913701869,False
pvdf,normalized,DEHP,acetic acid,-1.096726057872417,-0.7458169955830226,0.35090906228939434,-1.7216018148842775,-1.367346174909745,False
pvdf,normalized,DEHP,acetone,0.5649411506225209,0.7761086077945993,0.2111674571720784,0.04976200898951247,0.2642760438467288,False
pvdf,normalized,DEHP,acetylacetone,-0.2582466881510079,-0.04497447969209911,0.21327220845890876,-0.6300839770688244,-0.4134651909247775,False
pvdf,normalized,DEHP,benzene,0.8432754552383737,1.52822284566507,0.6849473904266963,0.40996320165539984,1.0982571697672343,False
pvdf,normalized,DEHP,chloroform,4.075365766147293,3.029530793329491,-1.045834972817802,3.597554312636908,2.5550659175042436,False
pvdf,normalized,DEHP,cyclohexane,0.3371925067265009,0.8627555959570357,0.5255630892305347,-0.011099826874762164,0.5178098400409105,False
pvdf,normalized,DEHP,cyclohexanol,-0.2333063571927042,0.4060100910231274,0.6393164482158316,-0.5927240262428892,0.04993899965808048,True
pvdf,normalized,DEHP,dichloromethane,2.6441152779484436,2.2776123565678157,-0.3665029213806279,2.0655717176173756,1.7024153739218857,False
pvdf,normalized,DEHP,dimethyl sulfoxide,-0.15864521498707462,0.12228462761026371,0.28092984259733833,-0.6900744520490911,-0.4057980317666148,True
pvdf,normalized,DEHP,diphenyl ether,0.3044336610061953,0.8562370581279191,0.5518033971217238,0.034991924234043695,0.5754415223188611,False
pvdf,normalized,DEHP,dodecane,-0.5253912016565291,-0.003336090397794811,0.5220551112587343,-0.551245740850997,-0.025844051907124684,False
pvdf,normalized,DEHP,ethanol,-0.47683822151913,0.03350984625190667,0.5103480677710367,-1.0932930780749095,-0.5795984326187348,True
pvdf,normalized,DEHP,ethyl acetate,0.34150999370903345,0.8316184249348415,0.49010843122580805,-0.049705855083684365,0.4437491538272617,False
pvdf,normalized,DEHP,ethylene glycol,-2.393814881187188,-1.6614514798453222,0.7323634013418658,-3.0309271241657343,-2.2952171451387304,False
pvdf,normalized,DEHP,heptane,-0.1309755723130632,0.3785807053804755,0.5095562776935387,-0.34704391270206997,0.16585894267660672,True
pvdf,normalized,DEHP,hexane,0.0024354032516902824,0.5211865350905314,0.5187511318388411,-0.26303224178532836,0.25906546773865075,False
pvdf,normalized,DEHP,isopropanol,-0.3271901484190596,0.26364375393366557,0.5908339023527251,-0.8257747542896823,-0.23159427425181908,True
pvdf,normalized,DEHP,isopropylamine,0.2496645109059432,1.0389527739422924,0.7892882630363491,-0.19840137390025944,0.5942334668212277,False
pvdf,normalized,DEHP,methanol,-0.9290183117815551,-0.4490911770598549,0.47992713472170023,-1.7041474368712903,-1.220873724464452,False
pvdf,normalized,DEHP,methylacetate,0.33897122987993733,0.7825302621587722,0.44355903227883486,-0.14287917895883817,0.3040264310051347,False
pvdf,normalized,DEHP,"n,n-dimethylformamide",0.4467497095771451,0.727792307212004,0.28104259763485895,-0.049524396754763084,0.23486477856523397,False
pvdf,normalized,DEHP,o-xylene,0.5192768408563497,1.0982054111902546,0.5789285703339049,0.21849918457535236,0.8007743325943952,False
pvdf,normalized,DEHP,tert-butanol,-0.08970389734506418,0.36422009307018216,0.45392399041524634,-0.49704205797485823,-0.039771489874473875,True
pvdf,normalized,DEHP,tetrahydrofuran,1.0804180924904043,1.6619927166708437,0.5815746241804394,0.6081428395751165,1.193064041440694,False
pvdf,normalized,DEHP,tetrahydropyran,0.9127909251320743,1.4701217731421663,0.557330848010092,0.5192383096617902,1.0799157353570201,False
pvdf,normalized,DEHP,toluene,0.6413941522908149,1.275064161218054,0.6336700089272391,0.28551552076867337,0.9225321073810505,False
pvdf,normalized,DEHP,triethylamine,0.39234877100588184,0.8671306236258846,0.4747818526200027,0.15374434563274428,0.631872775937885,False
pvdf,normalized,DEHP,water,-8.379708731151245,-9.833089624984193,-1.4533808938329482,-9.50747411290527,-10.957508429053078,False
pvdf,existing,DEP,"1,2-propanediol",-2.2645973222006504,-1.4100459231784073,0.8545513990222431,-2.857357024903748,-2.022691506937164,False
pvdf,existing,DEP,1-propanol,-1.8688883615740108,-1.1264004520902402,0.7424879094837706,-2.509882080902939,-1.7803465988442935,False
pvdf,existing,DEP,"2,3-dihydropyran",-1.2667396474542727,-0.6120835882609005,0.6546560591933722,-1.8180031503712148,-1.1727137648706714,False
pvdf,existing,DEP,2-butanone,-1.1736414749572641,-0.5919486746311833,0.5816928003260808,-1.7476404613446177,-1.1811373318333664,False
pvdf,existing,DEP,acetic acid,-1.60231663459368,-1.0703459821722645,0.5319706524214154,-2.3340898003692185,-1.8103963960998641,False
pvdf,existing,DEP,acetone,-1.0186496690739844,-0.4927375563111567,0.5259121127628277,-1.687128000012116,-1.1730024170749367,False
pvdf,existing,DEP,acetylacetone,-1.4774532288508477,-0.9219858479007808,0.555467380950067,-1.9508568637680515,-1.415412339304963,False
pvdf,existing,DEP,benzene,-1.237650259325864,-0.5445649025329404,0.6930853567929236,-1.8013102454042837,-1.1129356051742987,False
pvdf,existing,DEP,chloroform,1.6788482530653495,0.5684703080437591,-1.1103779450215905,1.0982312259256939,-0.022012086397357914,False
pvdf,existing,DEP,cyclohexane,-2.1698741226224296,-1.486215401103503,0.6836587215189267,-2.672946699644083,-1.9972403621179906,False
pvdf,existing,DEP,cyclohexanol,-2.1363674394406624,-1.3600189801001996,0.7763484593404628,-2.495785108479156,-1.7160900714573137,False
pvdf,existing,DEP,dichloromethane,0.5209727252939665,0.13994580142537272,-0.3810269238685938,-0.05757083502541007,-0.4352511812126245,False
pvdf,existing,DEP,dimethyl sulfoxide,-1.404784169411967,-0.7740659741937862,0.6307181952181807,-2.014170438607881,-1.401280605918256,False
pvdf,existing,DEP,diphenyl ether,-1.6429966813321215,-1.0237386213749673,0.6192580599571542,-1.9124384181344374,-1.3045341571760922,False
pvdf,existing,DEP,dodecane,-2.6334716452447418,-1.9226559318127538,0.7108157134319879,-2.796080376777522,-2.1129726136105518,False
pvdf,existing,DEP,ethanol,-1.7949035425003825,-1.088230935479055,0.7066726070213276,-2.552735891005046,-1.8556764475842058,False
pvdf,existing,DEP,ethyl acetate,-1.2861381052315852,-0.6763485731458748,0.6097895320857104,-1.8211710875696558,-1.2189775611543732,False
pvdf,existing,DEP,ethylene glycol,-2.556571708883072,-1.7063922972249204,0.8501794116581518,-3.2540895158814296,-2.4147127581012935,False
pvdf,existing,DEP,heptane,-2.374009171823015,-1.6921095502588277,0.6818996215641873,-2.7542782699973736,-2.0918495796207313,False
pvdf,existing,DEP,hexane,-2.4609350314060063,-1.8006419376682423,0.660293093737764,-2.7264026764313334,-2.06276300501219,False
pvdf,existing,DEP,isopropanol,-1.8645510365411349,-1.0796912936157872,0.7848597429253477,-2.502492955548893,-1.7350563980885298,False
pvdf,existing,DEP,isopropylamine,-1.5632898839156602,-0.6544995686538537,0.9087903152618064,-2.1796558429872896,-1.2904868053093974,False
pvdf,existing,DEP,methanol,-2.012633733773459,-1.3030082948126624,0.7096254389607966,-2.7877628588515027,-2.074790842209327,False
pvdf,existing,DEP,methylacetate,-1.165808291643551,-0.5733210237592475,0.5924872678843035,-1.7846322591650243,-1.2022788542228802,False
pvdf,existing,DEP,"n,n-dimethylformamide",-1.1110976464011963,-0.5596403871747408,0.5514572592264555,-1.7073377042359101,-1.1687930050116877,False
pvdf,existing,DEP,o-xylene,-1.6186077942814474,-0.9275417414738225,0.6910660528076249,-2.0368559026339823,-1.3592822684006116,False
pvdf,existing,DEP,tert-butanol,-1.832479485137794,-1.1068494576255439,0.72563002751225,-2.3763842300955056,-1.6751042770646463,False
pvdf,existing,DEP,tetrahydrofuran,-1.0608262256783152,-0.415436001515066,0.6453902241632492,-1.6688104758698987,-1.0322059037056814,False
pvdf,existing,DEP,tetrahydropyran,-1.2965780289459814,-0.6179275005383121,0.6786505284076693,-1.82625892891013,-1.1596579353099674,False
pvdf,existing,DEP,toluene,-1.471236825434727,-0.7820775421039808,0.6891592833307462,-1.95493410431382,-1.2753246033958392,False
pvdf,existing,DEP,triethylamine,-1.890435488115601,-1.1866058189074622,0.7038296692081387,-2.2888228868919964,-1.6025603850990684,False
pvdf,existing,DEP,water,-4.700147644606349,-5.168748075428204,-0.468600430821855,-5.827913026348681,-6.293166879489156,False
pvdf,existing,DBP,"1,2-propanediol",-2.358337669400652,-1.4365562790006723,0.9217813903999796,-2.95109737210375,-2.049201862759429,False
pvdf,existing,DBP,1-propanol,-1.6268678743755114,-0.9357026356238208,0.6911652387516906,-2.2678615937044397,-1.589648782377874,False
pvdf,existing,DBP,"2,3-dihydropyran",-0.8149742810681215,-0.23033386020822277,0.5846404208598988,-1.3662377839850637,-0.7909640368179937,False
pvdf,existing,DBP,2-butanone,-0.8413481127917737,-0.4135081560380438,0.4278399567537299,-1.4153470991791273,-1.002696813240227,False
pvdf,existing,DBP,acetic acid,-1.7787159367840135,-1.1804600264414007,0.5982559103426128,-2.510489102559552,-1.9205104403690003,False
pvdf,existing,DBP,acetone,-0.734689443447853,-0.3726679673808957,0.36202147606695734,-1.4031677743859847,-1.0529328281446757,False
pvdf,existing,DBP,acetylacetone,-1.389747831687376,-0.9607030174987841,0.42904481418859186,-1.8631514666045796,-1.4541295089029662,False
pvdf,existing,DBP,benzene,-0.7667844815101901,-0.13450614779221892,0.6322783337179712,-1.3304444675886098,-0.7028768504335772,False
pvdf,existing,DBP,chloroform,2.223059459159135,1.2531061100993832,-0.9699533490597516,1.642442432019479,0.662623715658266,False
pvdf,existing,DBP,cyclohexane,-1.5349430341187131,-0.9830781478253111,0.551864886293402,-2.0380156111403664,-1.494103108839799,False
pvdf,existing,DBP,cyclohexanol,-1.8264999739575978,-1.095907545496216,0.7305924284613818,-2.1859176429960914,-1.45197863685333,False
pvdf,existing,DBP,dichloromethane,0.9616353322935889,0.605172921272858,-0.35646241102073084,0.38309177197421224,0.029975938634860796,False
pvdf,existing,DBP,dimethyl sulfoxide,-1.313112240550491,-0.8303234441222479,0.482788796428243,-1.9224985097464053,-1.4575380758467178,False
pvdf,existing,DBP,diphenyl ether,-1.3039838805651505,-0.7393299046386546,0.5646539759264959,-1.5734256173674663,-1.0201254404397795,False
pvdf,existing,DBP,dodecane,-2.1527888392798356,-1.565952796858972,0.5868360424208636,-2.3153975708126158,-1.7562694786567699,False
pvdf,existing,DBP,ethanol,-1.6074392806661706,-0.9630177674867042,0.6444215131794664,-2.365271629170834,-1.730463279591855,False
pvdf,existing,DBP,ethyl acetate,-0.984661578477608,-0.4685914375287509,0.5160701409488572,-1.5196945608156787,-1.0112204255372492,False
pvdf,existing,DBP,ethylene glycol,-2.8819484951001124,-1.9959405064473907,0.8860079886527217,-3.57946630209847,-2.704260967323764,False
pvdf,existing,DBP,heptane,-1.819330847069716,-1.2679822964296221,0.5513485506400939,-2.1995999452440747,-1.6677223257915257,False
pvdf,existing,DBP,hexane,-1.880096839537075,-1.3517289976927183,0.5283678418443567,-2.145564484562402,-1.6138500650366658,False
pvdf,existing,DBP,isopropanol,-1.6082487988787186,-0.8872647432392727,0.7209840556394459,-2.246190717886477,-1.5426298477120155,False
pvdf,existing,DBP,isopropylamine,-1.183070695923744,-0.35064400968475173,0.8324266862389923,-1.7994366549953735,-0.9866312463402954,False
pvdf,existing,DBP,methanol,-1.9629394706778434,-1.3079388943122554,0.655000576365588,-2.738068595755887,-2.07972144170892,False
pvdf,existing,DBP,methylacetate,-0.9150245912382844,-0.41984943014475784,0.49517516109352655,-1.5338485587597577,-1.0488072606083905,False
pvdf,existing,DBP,"n,n-dimethylformamide",-0.874852470279817,-0.4668709323883098,0.40798153789150726,-1.4710925281145308,-1.0760235502252566,False
pvdf,existing,DBP,o-xylene,-1.1492655119158697,-0.5460738315926342,0.6031916803232354,-1.5675136202684046,-0.9778143585194233,False
pvdf,existing,DBP,tert-butanol,-1.5192807252086487,-0.8740532225868431,0.6452275026218055,-2.0631854701663603,-1.4423080420259455,False
pvdf,existing,DBP,tetrahydrofuran,-0.5729983182359079,-0.02299474707191529,0.5500035711639926,-1.1809825684274915,-0.6397646492625307,False
pvdf,existing,DBP,tetrahydropyran,-0.7949514403578828,-0.22381677535258016,0.5711346650053026,-1.3246323403220315,-0.7655472101242354,False
pvdf,existing,DBP,toluene,-0.9951456219606304,-0.3818851063565364,0.613260515604094,-1.4788429008397235,-0.8751321676483947,False
pvdf,existing,DBP,triethylamine,-1.35049565869303,-0.7790012739116285,0.5714943847814014,-1.7488830574694254,-1.1949558401032347,False
pvdf,existing,DBP,water,-6.581175026084384,-6.997309604260326,-0.41613457817594135,-7.7089404078267165,-8.121728408321278,False
pvdf,existing,BBP,"1,2-propanediol",-2.3957067774454703,-1.4938715724447036,0.9018352050007667,-2.988466480148568,-2.10651715620346,False
pvdf,existing,BBP,1-propanol,-1.751617892662094,-1.0230040861643923,0.7286138064977017,-2.3926116119910223,-1.6769502329184456,False
pvdf,existing,BBP,"2,3-dihydropyran",-0.802379976606362,-0.1510093831404904,0.6513705934658716,-1.353643479523304,-0.7116395597502613,False
pvdf,existing,BBP,2-butanone,-0.6930691589466142,-0.20532785575442358,0.48774130319219067,-1.2670681453339678,-0.7945165129566067,False
pvdf,existing,BBP,acetic acid,-1.7422342082413311,-1.3010167151626801,0.441217493078651,-2.4740073740168698,-2.0410671290902798,False
pvdf,existing,BBP,acetone,-0.5039641711072937,-0.10059736684137743,0.4033668042659163,-1.1724425020454254,-0.7808622276051574,False
pvdf,existing,BBP,acetylacetone,-1.1716956640896754,-0.7083297318382205,0.46336593225145495,-1.6450992990068791,-1.2017562232424026,False
pvdf,existing,BBP,benzene,-0.8064553636075962,-0.09352002069298015,0.712935342914616,-1.370115349686016,-0.6618907233343384,False
pvdf,existing,BBP,chloroform,2.0516384254949616,0.9255396492250447,-1.1260987762699168,1.4710213983553062,0.3350572547839277,False
pvdf,existing,BBP,cyclohexane,-1.856806947737238,-1.1687595179706083,0.6880474297666297,-2.3598795247588913,-1.6797844789850962,False
pvdf,existing,BBP,cyclohexanol,-1.998813826579139,-1.1838259016950075,0.8149879248841316,-2.3582314956176327,-1.5398969930521216,False
pvdf,existing,BBP,dichloromethane,0.9549420503824144,0.5468407194074622,-0.40810133097495227,0.3763984900630379,-0.028356263230535136,False
pvdf,existing,BBP,dimethyl sulfoxide,-1.0383328536103593,-0.4960519237789337,0.5422809298314256,-1.6477191228062738,-1.1232665555034036,False
pvdf,existing,BBP,diphenyl ether,-1.3748037311940196,-0.7366596576452256,0.638144073548794,-1.6442454679963354,-1.0174551934463505,False
pvdf,existing,BBP,dodecane,-2.5092492144685274,-1.794321368654977,0.7149278458135504,-2.6718579460013077,-1.984638050452775,False
pvdf,existing,BBP,ethanol,-1.6830334476836586,-1.0287464859006163,0.6542869617830422,-2.440865796188322,-1.7961919980057672,False
pvdf,existing,BBP,ethyl acetate,-0.8584526548092191,-0.30672686333273214,0.5517257914764869,-1.3934856371472897,-0.8493558513412305,False
pvdf,existing,BBP,ethylene glycol,-2.874389587774585,-1.994916328641355,0.8794732591332299,-3.5719073947729423,-2.703236789517728,False
pvdf,existing,BBP,heptane,-2.157266510981899,-1.4904761538844358,0.6667903570974631,-2.5375356091562575,-1.8902161832463393,False
pvdf,existing,BBP,hexane,-2.212528755933056,-1.57025043204617,0.6422783238868859,-2.477996400958383,-1.8323714993901177,False
pvdf,existing,BBP,isopropanol,-1.7295322426198514,-0.9497866416843138,0.7797456009355376,-2.3674741616276096,-1.6051517461570566,False
pvdf,existing,BBP,isopropylamine,-1.2491596758432961,-0.29262206911766286,0.9565376067256333,-1.8655256349149256,-0.9286093057732066,False
pvdf,existing,BBP,methanol,-1.9887696413964373,-1.3750871430684763,0.613682498327961,-2.763898766474481,-2.1468696904651408,False
pvdf,existing,BBP,methylacetate,-0.7282878681036962,-0.20889081344167615,0.51939705466202,-1.3471118356251695,-0.8378486439053088,False
pvdf,existing,BBP,"n,n-dimethylformamide",-0.6025688129041351,-0.15790494861614524,0.4446638642879899,-1.198808870738849,-0.7670575664530921,False
pvdf,existing,BBP,o-xylene,-1.256343525633302,-0.5515468360142949,0.7047966896190071,-1.6745916339858369,-0.983287362941084,False
pvdf,existing,BBP,tert-butanol,-1.6453968075290766,-0.9505564749147188,0.6948403326143577,-2.1893015524867883,-1.5188112943538212,False
pvdf,existing,BBP,tetrahydrofuran,-0.4658700445609866,0.15175688119249736,0.6176269257534839,-1.0738542947525702,-0.4650130209981181,True
pvdf,existing,BBP,tetrahydropyran,-0.7642900757207758,-0.09369531757745875,0.670594758143317,-1.2939709756849245,-0.635425752349114,False
pvdf,existing,BBP,toluene,-1.0814447471344208,-0.3762250916708417,0.7052196554635791,-1.565142026013514,-0.8694721529627001,False
pvdf,existing,BBP,triethylamine,-1.5154041309866662,-0.8453100842781438,0.6700940467085224,-1.9137915297630617,-1.26126465046975,False
pvdf,existing,BBP,water,-6.844622248264478,-7.513255756959958,-0.6686335086954802,-7.97238763000681,-8.63767456102091,False
pvdf,existing,DEHP,"1,2-propanediol",-2.4783142187806577,-1.5098170645205529,0.9684971542601049,-3.0710739214837557,-2.1224626482793094,False
pvdf,existing,DEHP,1-propanol,-1.2893263365553072,-0.6071427693176582,0.682183567237649,-1.9303200558842355,-1.2610889160717114,False
pvdf,existing,DEHP,"2,3-dihydropyran",-0.12055928555426698,0.5806150130648876,0.7011742986191546,-0.6718227884712091,0.019984836455116683,True
pvdf,existing,DEHP,2-butanone,-0.34262738043700636,0.03801523339214563,0.380642613829152,-0.9166263668243599,-0.5511734238100375,True
pvdf,existing,DEHP,acetic acid,-2.03634686636607,-1.5923151682152732,0.4440316981507968,-2.7681200321416086,-2.332365582142873,False
pvdf,existing,DEHP,acetone,-0.32843365988149753,-0.02064751392384989,0.30778614595764764,-0.9969119908196292,-0.7009123746876299,False
pvdf,existing,DEHP,acetylacetone,-1.2033289091469657,-0.8852011636969148,0.31812774545005085,-1.6767325440641694,-1.378627655101097,False
pvdf,existing,DEHP,benzene,-0.07306717152474618,0.7013935302152996,0.7744607017400458,-0.6367271576031659,0.13302282757394138,True
pvdf,existing,DEHP,chloroform,3.131347205343251,2.180228154177179,-0.9511190511660721,2.5507301782035956,1.589745759736062,False
pvdf,existing,DEHP,cyclohexane,-0.5546887707153803,0.06364401401865771,0.618332784734038,-1.0577613477370336,-0.4473809469958301,True
pvdf,existing,DEHP,cyclohexanol,-1.2799619863998033,-0.5591777061884523,0.720784280211351,-1.639379655438297,-0.9152487975455664,False
pvdf,existing,DEHP,dichloromethane,1.5973413760619786,1.3123383893890104,-0.2850029866729682,1.018797815742602,0.7371414067510131,False
pvdf,existing,DEHP,dimethyl sulfoxide,-1.127389688661749,-0.7437860660390884,0.38360362262266057,-1.7367759578576631,-1.3710006977635583,False
pvdf,existing,DEHP,diphenyl ether,-0.7422406553825533,-0.10896634180281656,0.6332743135797367,-1.0116823921848692,-0.3897618776039415,False
pvdf,existing,DEHP,dodecane,-1.4352917125440519,-0.8007086806453821,0.6345830318986697,-1.5979004440768323,-0.9910253624431801,False
pvdf,existing,DEHP,ethanol,-1.3820634822082964,-0.7772706167986885,0.604792865409608,-2.13989583071296,-1.5447161289038394,False
pvdf,existing,DEHP,ethyl acetate,-0.561338105694386,0.021184513179636988,0.582522618874023,-1.0963710880324566,-0.5214444748288614,True
pvdf,existing,DEHP,ethylene glycol,-3.3799028959097797,-2.5519050953379097,0.82799780057187,-4.077420702908137,-3.260225556214283,False
pvdf,existing,DEHP,heptane,-1.0134267954825353,-0.3995802797001232,0.6138465157824121,-1.3936958936568937,-0.7993203090620268,False
pvdf,existing,DEHP,hexane,-1.0442168070199473,-0.44399376889581954,0.6002230381241278,-1.3096844520452744,-0.7061148362397672,False
pvdf,existing,DEHP,isopropanol,-1.2344670516811593,-0.5413887475240738,0.6930783041570855,-1.8724089706889175,-1.1967538519968166,False
pvdf,existing,DEHP,isopropylamine,-0.6287008586306408,0.2650197777712143,0.8937206364018552,-1.2450668177022703,-0.37096745888432936,True
pvdf,existing,DEHP,methanol,-1.9755406357767642,-1.414091592870939,0.5614490429058252,-2.750669760854808,-2.1858741402676034,False
pvdf,existing,DEHP,methylacetate,-0.5707129168891358,-0.032197542312446314,0.5385153745766895,-1.1895368844106091,-0.6611553727760789,False
pvdf,existing,DEHP,"n,n-dimethylformamide",-0.49996808827196637,-0.12118625281929674,0.37878183545266964,-1.0962081461066802,-0.7303388706562436,False
pvdf,existing,DEHP,o-xylene,-0.4099349440788973,0.26729950175669415,0.6772344458355914,-0.8281830524314322,-0.16444102517009493,True
pvdf,existing,DEHP,tert-butanol,-0.9997943090954899,-0.43669446044830806,0.5630998486471819,-1.5436990540532016,-1.0049492798874105,False
pvdf,existing,DEHP,tetrahydrofuran,0.16942293366076094,0.8445913972415835,0.6751684635808226,-0.4385613165308227,0.22782149505096805,False
pvdf,existing,DEHP,tetrahydropyran,0.002219965630132603,0.6564125510923448,0.6541925854622122,-0.5274609343340161,0.11468211632068949,False
pvdf,existing,DEHP,toluene,-0.277471984768321,0.45055644739730133,0.7280284321656223,-0.7611692636474141,-0.042690613894557014,True
pvdf,existing,DEHP,triethylamine,-0.4945487932286788,0.08262138543448039,0.5771701786631591,-0.8929361920050742,-0.33333318075712576,True
pvdf,existing,DEHP,water,-9.424102968174278,-10.795158762517742,-1.371055794343464,-10.55186834991661,-11.919577566578695,False
