name,smiles,plastchem_id,cas,inchikey,molecular_weight_g_mol
((((Benzylsulfonyl)methyl)sulfonyl)methyl)benzene,C1=CC=C(C=C1)CS(=O)(=O)CS(=O)(=O)CC2=CC=CC=C2,11121,6331-52-8,DKXNMYFLQWZCGD-UHFFFAOYSA-N,324.4
(+)-alpha-Pinene,CC1=CC[C@@H]2C[C@H]1C2(C)C,13895,7785-70-8,GRWFGVWFFZKLTI-RKDXNWHRSA-N,136.23
(+)-Aromadendrene,C[C@@H]1CC[C@@H]2[C@@H]1[C@H]3[C@H](C3(C)C)CCC2=C,8958,489-39-4,ITYNGVSTWVVPIC-XVIXHAIJSA-N,204.35
(+)-delta-Cadinene,CC1=C[C@H]2[C@@H](CCC(=C2CC1)C)C(C)C,8937,483-76-1,FUCYIEXQVQJBKY-ZFWWWQNUSA-N,204.35
(+)-Ledol,C[C@H]1CC[C@@H]2[C@H]1[C@@H]3[C@@H](C3(C)C)CC[C@]2(C)O,10146,577-27-5,AYXPYQRXGNDJFU-AQEIEYEASA-N,222.37
(+)-Longicyclene,C[C@]12CCCC(C3C1CC4C3[C@@]24C)(C)C,1329,1137-12-8,WCEIQUQVIOGRBF-DUSHTSICSA-N,204.35
(+)-Longifolene,C[C@]12CCCC([C@@H]3[C@H]1CC[C@@H]3C2=C)(C)C,8897,475-20-7,PDSNLYSELAIEBU-GUIRCDHDSA-N,204.35
(+)-Neoisopulegol,C[C@@H]1CC[C@H]([C@H](C1)O)C(=C)C,6808,29141-10-4,ZYTMANIQRDEHIO-UTLUCORTSA-N,154.25
(+)-Pinanediol,C[C@@]1([C@H]2C[C@H](C2(C)C)C[C@H]1O)O,4379,18680-27-8,MOILFCKRQFQVFS-OORONAJNSA-N,170.25
(-)-alpha-Copaene,CC1=CC[C@H]2[C@H]3[C@@H]1[C@@]2(CC[C@H]3C(C)C)C,8099,3856-25-5,VLXDPFLIRFYIME-BTFPBAQTSA-N,204.35
(-)-alpha-Gurjunene,CC1CCC2C(C2(C)C)C3=C(CCC13)C,8959,489-40-7,SPCXZDDGSGTVAW-UHFFFAOYSA-N,204.35
(-)-alpha-Himachalene,CC1=C[C@H]2[C@@H](CC1)C(=C)CCCC2(C)C,8097,3853-83-6,ZJSIKVDEOWWVEH-KBPBESRZSA-N,204.35
(-)-alpha-Pinene,CC1=CC[C@H]2C[C@@H]1C2(C)C,13894,7785-26-4,GRWFGVWFFZKLTI-IUCAKERBSA-N,136.23
(-)-alpha-Terpineol,CC1=CC[C@H](CC1)C(C)(C)O,545,10482-56-1,WUOACPNHFRMFPN-SECBINFHSA-N,154.25
(-)-Ambroxide,C[C@]12CCCC([C@@H]1CC[C@@]3([C@@H]2CCO3)C)(C)C,11866,6790-58-5,YPZUZOLGGMJZJO-LQKXBSAESA-N,236.39
(-)-beta-Curcumene,CC1=CCC(=CC1)[C@H](C)CCC=C(C)C,6785,28976-67-2,JXZQZARENYGJMK-CQSZACIVSA-N,204.35
(-)-beta-Pinene,CC1([C@H]2CCC(=C)[C@@H]1C2)C,4259,18172-67-3,WTARULDDTDQWMU-IUCAKERBSA-N,136.23
(-)-Camphor,C[C@]12CC[C@H](C1(C)C)CC2=O,8833,464-48-2,DSSYKIVIOFKYAU-OIBJUYFYSA-N,152.23
(-)-cis-Carveol,CC1=CC[C@H](C[C@H]1O)C(=C)C,17178,,BAVONGHXFVOKBV-NXEZZACHSA-N,152.23
(-)-Epicedrol,C[C@@H]1CC[C@@H]2[C@]13CC[C@]([C@H](C3)C2(C)C)(C)O,4651,19903-73-2,SVURIXNDRWRAFU-MIBAYGRRSA-N,222.37
(-)-Isolongifolene,CC1(CCC=C2[C@@]13CC[C@@H](C3)C2(C)C)C,1321,1135-66-6,CQUAYTJDLQBXCQ-NHYWBVRUSA-N,204.35
(-)-Isolongifolene,CC1(CCC=C2[C@@]13CC[C@@H](C3)C2(C)C)C,3988,17015-38-2,CQUAYTJDLQBXCQ-NHYWBVRUSA-N,204.35
(-)-Isopulegol,C[C@@H]1CC[C@H]([C@@H](C1)O)C(=C)C,14929,89-79-2,ZYTMANIQRDEHIO-KXUCPTDWSA-N,154.25
(-)-Isosativene,CC(C)[C@@H]1CC[C@]2([C@H]3[C@@H]1C[C@H](C3)C2=C)C,5576,24959-83-9,CGZBLYYTRIVVTD-XLWJZTARSA-N,204.35
(-)-Terpinen-4-ol,CC1=CC[C@](CC1)(C(C)C)O,4678,20126-76-5,WRYLYDPHFGVWKC-JTQLQIEISA-N,154.25
(-)-Verbenone,CC1=CC(=O)[C@H]2C[C@@H]1C2(C)C,1555,1196-01-6,DCSCXTJOXBUFGB-JGVFFNPUSA-N,150.22
"(1,1'-Bianthracene)-9,9',10,10'-tetrone, 4,4'-diamino-",C1=CC=C2C(=C1)C(=O)C3=C(C=CC(=C3C2=O)N)C4=C5C(=C(C=C4)N)C(=O)C6=CC=CC=C6C5=O,8270,4051-63-2,KNMQFBWXSICVQC-UHFFFAOYSA-N,444.4
"(1,1-Diethylpropyl)benzene",CCC(CC)(CC)C1=CC=CC=C1,8403,4170-84-7,WLVNEALRNQEPMS-UHFFFAOYSA-N,176.3
"(1,1-Dimethylbutyl)benzene",CCCC(C)(C)C1=CC=CC=C1,4641,1985-57-5,PIUUDKDOAUICQP-UHFFFAOYSA-N,162.27
"(1,1-Dimethylnonyl)benzene",CCCCCCCCC(C)(C)C1=CC=CC=C1,9778,55191-25-8,QECYGFODULXACU-UHFFFAOYSA-N,232.4
(1-Butylheptyl)cyclohexane,CCCCCCC(CCCC)C1CCCCC1,2340,13151-80-9,BYZLRRVDPKPOEP-UHFFFAOYSA-N,238.5
(1-Cyclohexen-1-ylmethyl)benzene,C1CCC(=CC1)CC2=CC=CC=C2,8873,4714-09-4,CXMRFPAKDYKJJZ-UHFFFAOYSA-N,172.27
(1-Ethylpropyl)benzene,CCC(CC)C1=CC=CC=C1,1557,1196-58-3,PBWHJRFXUPLZDS-UHFFFAOYSA-N,148.24
"(1-Hydroxy-2,4,4-trimethylpentan-3-yl) 2-methylpropanoate",CC(C)C(=O)OC(C(C)CO)C(C)(C)C,13271,74367-33-2,YXISVHDWGVMPGJ-UHFFFAOYSA-N,216.32
(1-Methyl-1-propylpentyl)benzene,CCCCC(C)(CCC)C1=CC=CC=C1,9742,54932-91-1,JKYBASZDTYCZKW-UHFFFAOYSA-N,204.35
(1-Pentylhexyl)cyclohexane,CCCCCC(CCCCC)C1CCCCC1,2341,13151-81-0,YMKWMZMMPATDJO-UHFFFAOYSA-N,238.5
(1-Pentyloctyl)cyclohexane,CCCCCCCC(CCCCC)C1CCCCC1,2342,13151-91-2,PPIIZJRNGJPCKQ-UHFFFAOYSA-N,266.5
"(10E,12Z)-10,12-Octadecadienoic acid methyl ester",CCCCC/C=C\C=C\CCCCCCCCC(=O)OC,5028,21870-97-3,KMXSXYSNZMSDFK-UQGDGPGGSA-N,294.5
"(12E)-labda-8(17),12,14-triene",C/C(=C\C[C@H]1C(=C)CC[C@@H]2[C@@]1(CCCC2(C)C)C)/C=C,10396,5957-33-5,VJVMMXUPZGOBSN-DIUMXTPXSA-N,272.5
"(1aR,3aS,7bS)-1,1,3a,7-Tetramethyl-1a,2,3,3a,4,5,6,7b-octahydro-1H-cyclopropa[a]naphthalene",CC1=C2[C@H]3[C@H](C3(C)C)CC[C@@]2(CCC1)C,8957,489-29-2,UPGLJTCDRBIZKP-KYOSRNDESA-N,204.35
"(1aR,4R,7R,7bS)-1,1,4,7-Tetramethyl-1a,2,3,4,5,6,7,7b-octahydro-1H-cyclopropa[e]azulene",C[C@@H]1CC[C@@H]2[C@@H](C2(C)C)C3=C1CC[C@H]3C,15836,95910-36-4,NUQDPKOFUKFKFD-BGOOENEXSA-N,204.35
(1E)-1-Ethylidene-1H-indene,C/C=C/1\C=CC2=CC=CC=C21,11054,62933-90-8,HNZQPQACDDJLTD-XNWCZRBMSA-N,142.2
"(1R)-1-((4R,4aR,8aS)-2,6-diphenyltetrahydro-[1,3]dioxino[5,4-d][1,3]dioxin-4-yl)ethane-1,2-diol",C1[C@H]2[C@H]([C@H](OC(O2)C3=CC=CC=C3)[C@@H](CO)O)OC(O1)C4=CC=CC=C4,4491,19046-64-1,FMZUHGYZWYNSOA-VVBFYGJXSA-N,358.4
"(1R,2R)-2-hydroxycyclohexyl 4-methylbenzenesulfonate",CC1=CC=C(C=C1)S(=O)(=O)O[C@@H]2CCCC[C@H]2O,3353,15051-90-8,BIZMDVFWYSXYEJ-CHWSQXEVSA-N,270.35
"(1R,2R,3S,5R)-(-)-2,3-Pinanediol",C[C@]1([C@@H]2C[C@@H](C2(C)C)C[C@@H]1O)O,5132,22422-34-0,MOILFCKRQFQVFS-BDNRQGISSA-N,170.25
"(1R,2R,4R)-1,2,7,7-tetramethylbicyclo[2.2.1]heptan-2-ol",C[C@@]12CC[C@@H](C1(C)C)C[C@@]2(C)O,5293,2371-42-8,LFYXNXGVLGKVCJ-FBIMIBRVSA-N,168.28
"(1R,2R,4R)-1,7,7-Trimethylbicyclo[2.2.1]heptan-2-yl methacrylate",CC(=C)C(=O)O[C@@H]1C[C@H]2CC[C@@]1(C2(C)C)C,13526,7534-94-3,IAXXETNIOYFMLW-GYSYKLTISA-N,222.32
"(1R,2R,5S,7R)-2,6,6-Trimethyl-8-methylidenetricyclo[5.3.1.01,5]undecane",C[C@@H]1CC[C@@H]2[C@@]13CCC(=C)[C@@H](C3)C2(C)C,14061,79120-98-2,DYLPEFGBWGEFBB-GUIRCDHDSA-N,204.35
"(1R,2Z,4S,7E,11E)-4-Isopropyl-1,7,11-trimethyl-2,7,11-cyclotetradecatrien-1-ol",C/C/1=C/CC[C@@](/C=C\[C@@H](CC/C(=C\CC1)/C)C(C)C)(C)O,5833,25269-17-4,YAPXSYXFLHDPCK-MLVUXGSTSA-N,290.5
"(1r,4r)-1-Methyl-4-(prop-1-en-2-yl)cyclohex-2-en-1-ol",CC(=C)[C@@H]1CC[C@@](C=C1)(C)O,13019,7212-40-0,MKPMHJQMNACGDI-UWVGGRQHSA-N,152.23
"(1R,4S)-1,7,7-trimethylbicyclo[2.2.1]heptane-2,3-diol",C[C@@]12CC[C@@H](C1(C)C)C(C2O)O,1953,1233400-13-9,AYEOSGBMQHXVER-NSDNXHHOSA-N,170.25
"(1R,4S)-1-Methyl-4-(prop-1-en-2-yl)cyclohex-2-enol",CC(=C)[C@H]1CC[C@@](C=C1)(C)O,8124,3886-78-0,MKPMHJQMNACGDI-ZJUUUORDSA-N,152.23
"(1S,2S,4R)-1,2-Dibromo-4-[(1R)-1,2-dibromoethyl]cyclohexane",C1C[C@@H]([C@H](C[C@@H]1[C@H](CBr)Br)Br)Br,16113,1232836-49-5,PQRRSJBLKOPVJV-KVPKETBZSA-N,427.8
"(1S,3R)-cis-4-Carene",C[C@@H]1C[C@H]2[C@H](C2(C)C)C=C1,9311,5208-49-1,LGNSZMLHOYDATP-YIZRAAEISA-N,136.23
"(1S,4R,5S)-1-Methyl-4-(prop-1-en-2-yl)spiro[4.5]dec-7-ene-8-carbaldehyde",CC1CCC(C12CCC(=CC2)C=O)C(=C)C,7709,352457-39-7,SUKDSHSNIPECAU-UHFFFAOYSA-N,218.33
"(1S,4S,4aS)-1-Isopropyl-4,7-dimethyl-1,2,3,4,4a,5-hexahydronaphthalene",C[C@H]1CC[C@H](C2=CC(=CC[C@@H]12)C)C(C)C,6343,267665-20-3,JOCWPECWTZZSSX-IHRRRGAJSA-N,204.35
"(1S,6S,7R)-2,6,8,8-Tetramethyltricyclo[5.2.2.01,6]undec-2-ene",CC1=CCC[C@@]2([C@]13CC[C@@H]2C(C3)(C)C)C,8786,4545-68-0,ZCJQJJWNFDNQGZ-SNPRPXQTSA-N,204.35
"(2,2,6,6-Tetramethylpiperidin-4-yl) octadecanoate",CCCCCCCCCCCCCCCCCC(=O)OC1CC(NC(C1)(C)C)(C)C,5533,24860-22-8,JMUOXOJMXILBTE-UHFFFAOYSA-N,423.7
"(2,2-Dibromovinyl)benzene",C1=CC=C(C=C1)C=C(Br)Br,7277,31780-26-4,CYLVUSZHVURAOY-UHFFFAOYSA-N,261.94
"(2,2-Dimethyl-1,3-dioxolan-4-yl)methyl methacrylate",CC(=C)C(=O)OCC1COC(O1)(C)C,12856,7098-80-8,JPFPDGRVRGETED-UHFFFAOYSA-N,200.23
"(2,2-Dimethylcyclopentyl)benzene",CC1(CCCC1C2=CC=CC=C2)C,4658,19960-99-7,ULFKDLLDIXVBFH-UHFFFAOYSA-N,174.28
"(2,3-Diphenylcyclopropyl)methyl phenyl sulfoxide",C1=CC=C(C=C1)C2C(C2C3=CC=CC=C3)CS(=O)C4=CC=CC=C4,2369,131758-71-9,MVULGCSHGFLUBH-UHFFFAOYSA-N,332.5
"(2,4,6-Trioxo-1,3,5-triazinane-1,3,5-triyl)triethane-2,1-diyl trisprop-2-enoate",C=CC(=O)OCCN1C(=O)N(C(=O)N(C1=O)CCOC(=O)C=C)CCOC(=O)C=C,8250,40220-08-4,YIJYFLXQHDOQGW-UHFFFAOYSA-N,423.4
"(2,4-Dimethylbenzoyl) 2,4-dimethylbenzenecarboperoxoate",CC1=CC(=C(C=C1)C(=O)OOC(=O)C2=C(C=C(C=C2)C)C)C,15897,96436-27-0,JRKBQVTYVJXPBU-UHFFFAOYSA-N,298.3
(2-(7-Oxabicyclo[4.1.0]heptan-3-yl)ethyl)triethoxysilane,CCO[Si](CCC1CCC2C(C1)O2)(OCC)OCC,319,10217-34-2,UDUKMRHNZZLJRB-UHFFFAOYSA-N,288.45
(2-Aminoethyl)carbamic acid,C(CNC(=O)O)N,937,109-58-0,RLRHPCKWSXWKBG-UHFFFAOYSA-N,104.11
(2-Chloroethoxy)benzene,C1=CC=C(C=C1)OCCCl,10902,622-86-6,VQUYNUJARXBNPK-UHFFFAOYSA-N,156.61
"(2-Dimethylamino-1,2,3,4-tetrahydro-naphthalen-1-yl)-acetic acid, methyl ester",CN(C)C1CCC2=CC=CC=C2C1CC(=O)OC,12016,68157-06-2,VKYUFCMYSMOTGK-UHFFFAOYSA-N,247.33
(2-Dodecen-1-yl)succinic anhydride,CCCCCCCCCC=CCC1CC(=O)OC1=O,16248,26544-38-7,UYCICMIUKYEYEU-UHFFFAOYSA-N,266.38
(2-Ethyl-1-methyl-1-butenyl)cyclohexane,CCC(=C(C)C1CCCCC1)CC,13426,74810-42-7,OKUNFCUAPUTMHR-UHFFFAOYSA-N,180.33
"(2-Ethyl-2-((2-((1-oxoallyl)oxy)ethoxy)methyl)-1,3-propanediyl)bis(oxy-2,1-ethanediyl) diacrylate",CCC(COCCOC(=O)C=C)(COCCOC(=O)C=C)COCCOC(=O)C=C,13546,75577-70-7,MTPIZGPBYCHTGQ-UHFFFAOYSA-N,428.5
(2-Iodoethyl)benzene,C1=CC=C(C=C1)CCI,4090,17376-04-4,KVTHPKXDLVYNCH-UHFFFAOYSA-N,232.06
(2-Isopropoxyethyl)benzene,CC(C)OCCC1=CC=CC=C1,11925,68039-47-4,FMPXLXBVYDFXIC-UHFFFAOYSA-N,164.24
(2-Methoxyethyl)benzene,COCCC1=CC=CC=C1,7743,3558-60-9,CQLYXIUHVFRXLT-UHFFFAOYSA-N,136.19
(2-Methyl-4-phenylpent-3-en-2-yl)benzene,CC(=CC(C)(C)C1=CC=CC=C1)C2=CC=CC=C2,10976,6258-73-7,VOOVDZMAQQVAEW-UHFFFAOYSA-N,236.4
(2-Methylbutyl)cyclopentane,CCC(C)CC1CCCC1,9511,53366-38-4,UORQAXQHLSZGRH-UHFFFAOYSA-N,140.27
"(2-Phenyl-1,3-dioxolan-4-yl)methyl 9-octadecenoate, cis-",CCCCCCCC/C=C\CCCCCCCC(=O)OCC1COC(O1)C2=CC=CC=C2,9991,56599-45-2,CNQPKAWJKUVJLR-KTKRTIGZSA-N,444.6
(2-{2-[(3-Aminopropyl)(methyl)amino]ethoxy}ethyl)dimethylamine,CN(C)CCOCCN(C)CCCN,4469,189253-72-3,DNRUQHYIUPKPOQ-UHFFFAOYSA-N,203.33
"(2alpha,4aalpha8aalpha)-3,4,4a,5,6,8a-Hexahydro-2,5,5,8a-tetramethyl-2H-1-benzopyran",CC1CCC2C(CC=CC2(O1)C)(C)C,8401,41678-32-4,IVTQSEFLDHBCDZ-UHFFFAOYSA-N,194.31
"(2aR,4aS,8aR)-2,2,4a,8-tetramethyl-1,2a,3,4,5,6-hexahydrocyclobuta[i]indene",CC1=CCC[C@@]2([C@]13CC([C@H]3CC2)(C)C)C,10000,56633-28-4,WHXUZXDWQKUIJL-VHDGCEQUSA-N,204.35
(2E)-2-Methyl-2-octenedial,C/C(=C\CCCCC=O)/C=O,8044,38061-92-6,IJKVSODAGYUPNR-RMKNXTFCSA-N,154.21
"(2E,13Z)-2,13-Octadecadienol",CCCC/C=C\CCCCCCCCC/C=C/CO,1961,123551-47-3,YCOMGIOWVNOOBC-RAPDCGKPSA-N,266.5
"(2E,6Z)-Dodeca-2,6-dienol",CCCCC/C=C\CC/C=C/CO,15687,94133-54-7,UFPCISMLRCAWMQ-JFEAUALZSA-N,182.3
"(2R,3R,4R,5S)-5-amino-6-cyclohexyl-3,4-dihydroxy-2-propan-2-ylhexanoic acid",CC(C)[C@H]([C@H]([C@@H]([C@H](CC1CCCCC1)N)O)O)C(=O)O,17510,,VCIPTNRIUQKMFQ-REWJHTLYSA-N,287.39
"(2R,3S,4R,5R)-2,3,4,5,6-pentahydroxyhexanal",C([C@H]([C@H]([C@@H]([C@H](C=O)O)O)O)O)O,9032,50-99-7,GZCGUPFRVQAUEE-SLPGGIOYSA-N,180.16
"(2R,4aS)-4a,8-Dimethyl-2-(prop-1-en-2-yl)-1,2,3,4,4a,5-hexahydronaphthalene",CC1=C2CC(CCC2(CC=C1)C)C(=C)C,14345,82462-31-5,LGRISOGTKBAJPA-UHFFFAOYSA-N,202.33
"(2S,2'R,5'S)-Lilac aldehyde",C[C@H](C=O)[C@H]1CC[C@@](O1)(C)C=C,9526,53447-48-6,YPZQHCLBLRWNMJ-OPRDCNLKSA-N,168.23
"(2S,3R,5S)-1,1,2-trimethyl-3,5-di(prop-1-en-2-yl)cyclohexane",C[C@H]1[C@@H](C[C@@H](CC1(C)C)C(=C)C)C(=C)C,10937,62337-97-7,JGZYEZBCFOHEEC-IHRRRGAJSA-N,206.37
"(2S,4R)-(-)-2,4-Dimethylheptan-1-ol",CCC[C@@H](C)C[C@H](C)CO,4333,18450-74-3,HVRFWRROUIDGQO-BDAKNGLRSA-N,144.25
"(2S,4R)-p-Mentha-1(7),8-dien-2-ol",CC(=C)C1CCC(=C)C(C1)O,17569,,PNVTXOFNJFHXOK-UHFFFAOYSA-N,152.23
"(2Z)-1,1,1,4,4,4-hexafluorobut-2-ene",C(=C\C(F)(F)F)\C(F)(F)F,12607,692-49-9,NLOLSXYRJFEOTA-UPHRSURJSA-N,164.05
(2Z)-2-Nonen-4-yn-1-ol,CCCCC#C/C=C\CO,2577,134225-90-4,MLWGZQLWABSEHV-FPLPWBNLSA-N,138.21
(3-Aminopropyl)silanetriol,C(CN)C[Si](O)(O)O,10198,58160-99-9,JTXUAHIMULPXKY-UHFFFAOYSA-N,137.21
(3-Chloropropyl)diethoxymethylsilane,CCO[Si](C)(CCCCl)OCC,2671,13501-76-3,KEZMLECYELSZDC-UHFFFAOYSA-N,210.77
(3-Chloropropyl)triethoxysilane,CCO[Si](CCCCl)(OCC)OCC,9129,5089-70-3,KSCAZPYHLGGNPZ-UHFFFAOYSA-N,240.8
(3-Chloropropyl)trimethoxysilane,CO[Si](CCCCl)(OC)OC,5840,2530-87-2,OXYZDRAJMHGSMW-UHFFFAOYSA-N,198.72
(3-Glycidoxypropyl)trimethoxysilane,CO[Si](CCCOCC1CO1)(OC)OC,5838,2530-83-8,BPSIOYPQMFLKFR-UHFFFAOYSA-N,236.34
(3-Glycidyloxypropyl)triethoxysilane,CCO[Si](CCCOCC1CO1)(OCC)OCC,6079,2602-34-8,JXUKBNICSRJFAP-UHFFFAOYSA-N,278.42
(3-Mercaptopropyl)trimethoxysilane,CO[Si](CCCS)(OC)OC,8593,4420-74-0,UUEWCQRISZBELL-UHFFFAOYSA-N,196.34
(3-Phenoxyphenyl)methyl prop-2-enoate,C=CC(=O)OCC1=CC(=CC=C1)OC2=CC=CC=C2,8317,409325-06-0,BXSPZNVFEYWSLZ-UHFFFAOYSA-N,254.28
(3-Phenylcyclobutyl)benzene,C1C(CC1C2=CC=CC=C2)C3=CC=CC=C3,16242,25558-23-0,VNQNSLXVQALONT-UHFFFAOYSA-N,208.3
"(3Ar,7as)-hexahydro-2-benzofuran-1(3h)-one",C1CC[C@H]2[C@@H](C1)COC2=O,12639,6939-71-5,WLYUMBPDHPMKHM-BQBZGAKWSA-N,140.18
"(3E,6Z)-3,6-Nonadien-1-ol",CC/C=C\C/C=C/CCO,10020,56805-23-3,PICGPEBVZGCYBV-WWVFNRLHSA-N,140.22
"(3R,6R)-3-Hydroperoxy-3-methyl-6-(prop-1-en-2-yl)cyclohex-1-ene",CC(=C)[C@@H]1CC[C@@](C=C1)(C)OO,13741,77026-88-1,LCOVCELWSKTKHX-UWVGGRQHSA-N,168.23
"(3S)-2-(1,2-dihydroxyethyl)oxolane-3,4-diol",C1C([C@@H](C(O1)C(CO)O)O)O,2009,12441-09-7,JNYAEWCLZODPBN-CTQIIAAMSA-N,164.16
"(3S)-3,7-Dimethyloctan-1-Ol",C[C@@H](CCCC(C)C)CCO,12427,68680-98-8,PRNCMAKCNVRZFX-JTQLQIEISA-N,158.28
"(3S,3aS,6R,8aS)-3,7,7-Trimethyl-8-methyleneoctahydro-1H-3a,6-methanoazulene",C[C@H]1CC[C@H]2[C@]13CC[C@H](C3)C(C2=C)(C)C,4330,18444-94-5,VBZRHXLPRWBPEH-ZGFBFQLVSA-N,204.35
"(3Z)-3-(hydroxymethylidene)-1,7,7-trimethylbicyclo[2.2.1]heptan-2-one",CC1(C\2CCC1(C(=O)/C2=C\O)C)C,3352,15051-75-9,DFCLRLMPUDXMII-SREVYHEPSA-N,180.24
"(3Z)-4-(2,3,6-trimethylphenyl)but-3-en-2-one",CC1=C(C(=C(C=C1)C)/C=C\C(=O)C)C,14274,81018-77-1,AHHGVKNOSDJAQN-FPLPWBNLSA-N,188.26
(3Z)-9-Methyl-3-undecene,CCC=CCCCCC(C)CC,13394,74630-50-5,RTETXCZSLJTHLA-UHFFFAOYSA-N,168.32
"(3Z,6Z)-3,6-Nonadienal",CC/C=C\C/C=C\CC=O,5036,21944-83-2,FIDBXHOCOXRPRO-CWWKMNTPSA-N,138.21
(4-(Hexyloxy)-2-hydroxyphenyl)(phenyl)methanone,CCCCCCOC1=CC(=C(C=C1)C(=O)C2=CC=CC=C2)O,7433,3293-97-8,KGBWWTXUSOPASH-UHFFFAOYSA-N,298.4
(4-Hydroxyphenyl)phosphonic acid,C1=CC(=CC=C1O)P(=O)(O)O,7555,33795-18-5,YIDVLWDHYNWHMH-UHFFFAOYSA-N,174.09
(4-Methylphenyl)acetaldehyde,CC1=CC=C(C=C1)CC=O,481,104-09-6,CIXAYNMKFFQEFU-UHFFFAOYSA-N,134.17
(4E)-7-methyldec-4-ene,CCC/C=C/CC(C)CCC,10941,62338-48-1,LSQRJOWUMYWNHV-BQYQJAHWSA-N,154.29
"(4Z)-4,11,11-trimethyl-8-methylidenebicyclo[7.2.0]undec-4-ene",C/C/1=C/CCC(=C)C2CC(C2CC1)(C)C,2860,13877-93-5,NPNUFJAVOOONJE-WDZFZDKYSA-N,204.35
"(5-Ethyl-1,3-dioxan-5-yl)methyl acrylate",CCC1(COCOC1)COC(=O)C=C,11685,66492-51-1,STGXUBIZGYMIRM-UHFFFAOYSA-N,200.23
"(5E,7E)-dodeca-5,7-diene",CCCC/C=C/C=C/CCCC,4921,21293-04-9,ZARLDNIZTZBEDV-WGDLNXRISA-N,166.3
"(5S)-4,10,11,11-Tetramethyltricyclo[5.3.1.0~1,5~]undec-9-ene",CC1CCC23[C@H]1CC(C2(C)C)CC=C3C,9921,560-32-7,KVQOADNSNSUAJT-MFHNVLSASA-N,204.35
(6-Aminohexyl)carbamic acid,C(CCCNC(=O)O)CCN,3071,143-06-6,HDIHOAXFFROQHR-UHFFFAOYSA-N,160.21
"(6H-Dibenz[c,e][1,2]oxaphosphorin-6-ylmethyl)-p-oxide-butanedioic acid",C1=CC=C2C(=C1)C3=CC=CC=C3P(=O)(O2)CC(CC(=O)O)C(=O)O,11155,63562-33-4,XZAXQWXHBDKYJI-UHFFFAOYSA-N,346.27
"(8E,10Z)-1,8,10-Tridecatriene",CCC=CC=CCCCCCC=C,14245,80625-30-5,BUPYQWCKNDOIJS-UHFFFAOYSA-N,178.31
"(9S)-3,5,5,9-tetramethyl-6,7,8,9-tetrahydrobenzo[7]annulene",C[C@H]1CCCC(C2=C1C=CC(=C2)C)(C)C,4563,19419-67-1,RIHWULAZACSXEV-LBPRGKRZSA-N,202.33
"(9S,10E,12Z)-9-hydroxyoctadeca-10,12-dienoic acid",CCCCC/C=C\C=C\[C@H](CCCCCCCC(=O)O)O,13186,73543-67-6,NPDSHTNEKLQQIJ-UINYOVNOSA-N,296.4
"(9Z,11E,13S,15Z)-13-Hydroxyoctadeca-9,11,15-trienoic acid",CC/C=C\C[C@@H](/C=C/C=C\CCCCCCCC(=O)O)O,14849,87984-82-5,KLLGGGQNRTVBSU-FQSPHKRJSA-N,294.4
"(9Z,12Z)-Octadeca-9,12-dien-1-ol",CCCCC/C=C\C/C=C\CCCCCCCCO,9096,506-43-4,JXNPEDYJTDQORS-HZJYTTRNSA-N,266.5
"(9Z,12Z,15R)-15-Hydroxy-9,12-octadecadienoic acid methyl ester",CCC[C@H](C/C=C\C/C=C\CCCCCCCC(=O)OC)O,16215,177746-99-5,NKSSFRCNBLNXBF-YEVIIJCLSA-N,310.5
"(all-Z)-6,9,12,15,18-Heneicosapentaenoic Acid Methyl Ester",CC/C=C\C/C=C\C/C=C\C/C=C\C/C=C\CCCCC(=O)OC,11603,65919-53-1,VWHAHPVYEMPWTO-JEBPEJKESA-N,330.5
(Allyloxy)propanediol,C=CCOC(CO)CO,5753,25136-53-2,IGDCJKDZZUALAO-UHFFFAOYSA-N,132.16
(Allyloxy)tribromobenzene,C=CCOC1=C(C(=C(C=C1)Br)Br)Br,6339,26762-91-4,FJNNYLPBIOZVIQ-UHFFFAOYSA-N,370.86
(Aminomethyl)phosphonic acid,C(N)P(=O)(O)O,725,1066-51-9,MGRVRXRGTBOSHW-UHFFFAOYSA-N,111.04
(Benzyloxy)methanol,C1=CC=C(C=C1)COCO,3163,14548-60-8,PETXWIMJICIQTQ-UHFFFAOYSA-N,138.16
(But-3-en-2-yl)benzene,CC(C=C)C1=CC=CC=C1,15587,934-10-1,CHPXLAPHLQIKCA-UHFFFAOYSA-N,132.2
(Carboxylatomethyl)dimethyl(octadecyl)ammonium,CCCCCCCCCCCCCCCCCC[N+](C)(C)CC(=O)[O-],14313,820-66-6,HVYJSOSGTDINLW-UHFFFAOYSA-N,355.6
(Dimethoxy(methyl)silyl)methyl methacrylate,CC(=C)C(=O)OC[Si](C)(OC)OC,1737,121177-93-3,YBUIRAZOPRQNDE-UHFFFAOYSA-N,204.3
(E)-2-Dodecene,CCCCCCCCC/C=C/C,13005,7206-13-5,ADOQBZAVKYCFOI-HWKANZROSA-N,168.32
(E)-2-Octadecenol,CCCCCCCCCCCCCCC/C=C/CO,8334,41207-34-5,NMNAESABLXLQEY-WUKNDPDISA-N,268.5
(E)-calamenene,C[C@@H]1CC[C@H](C2=C1C=CC(=C2)C)C(C)C,13150,73209-42-4,PGTJIOWQJWHTJJ-OLZOCXBDSA-N,202.33
(E)-Cyclododecene,C1CCCCC/C=C/CCCC1,3287,1486-75-5,HYPABJGVBDSCIT-OWOJBTEDSA-N,166.3
(E)-icos-5-ene,CCCCCCCCCCCCCC/C=C/CCCC,4935,21400-12-4,QRJSGJWTKHSNMK-PKNBQFBNSA-N,280.5
(E)-icos-5-ene,CCCCCCCCCCCCCC/C=C/CCCC,13409,74685-30-6,QRJSGJWTKHSNMK-PKNBQFBNSA-N,280.5
(E)-oct-1-en-1-ol,CCCCCC/C=C/O,17205,,MDVPRIBCAFEROC-BQYQJAHWSA-N,128.21
(E)-octadec-2-enamide,CCCCCCCCCCCCCCC/C=C/C(=O)N,16858,,MHKBSCHWKVCLJL-WUKNDPDISA-N,281.5
"(E,E)-3,5-octadien-2-one",CC/C=C/C=C/C(=O)C,8060,38284-27-4,LWRKMRFJEUFXIB-YTXTXJHMSA-N,124.18
"(E,Z)-2,4-Decadienal",CCCCC/C=C\C=C\C=O,5760,25152-83-4,JZQKTMZYLHNFPL-NMMTYZSQSA-N,152.23
"(E,Z)-2,4-nonadienal",CCCC/C=C\C=C\C=O,4991,21661-99-4,ZHHYXNZJDGDGPJ-IGTJQSIKSA-N,138.21
"(E,Z,Z)-Trideca-2,4,7-trienal",CCCCC/C=C\C/C=C\C=C\C=O,2699,13552-96-0,BIXIZZVISIZZDM-JSHIYTDESA-N,192.3
"(E,Z,Z)-Trideca-2,4,7-trienal",CCCCC/C=C\C/C=C\C=C\C=O,16588,,BIXIZZVISIZZDM-JSHIYTDESA-N,192.3
(Ethylenedioxy)dimethanol,C(COCO)OCO,7772,3586-55-8,BXGYYDRIMBPOMN-UHFFFAOYSA-N,122.12
"(Isopropylidenedicyclohexane-4,1-diyl)bis(tert-butyl) peroxide",CC(C)(C)OOC1CCC(CC1)C(C)(C)C2CCC(CC2)OOC(C)(C)C,7146,3088-74-2,RHZOVXIYEDAUDL-UHFFFAOYSA-N,384.6
(Nitrilotris(methylene))triphosphonic acid,C(N(CP(=O)(O)O)CP(=O)(O)O)P(=O)(O)O,11300,6419-19-8,YDONNITUKPKTIG-UHFFFAOYSA-N,299.05
(Nonafluorobutyl)trifluorooxirane,C1(C(O1)(F)F)(C(C(C(C(F)(F)F)(F)F)(F)F)(F)F)F,13085,72804-48-9,HBBPUTOQGBFWPQ-UHFFFAOYSA-N,316.04
"(Octahydro-4,7-methano-1H-indenediyl)bis(methylene) bismethacrylate",CC(=C)C(=O)OCC1CCC2C1C3CC(C2C3)COC(=O)C(=C)C,8541,43048-08-4,OIUQBTZLCOMNCC-UHFFFAOYSA-N,332.4
(Perfluorohexyl)ethylene,C=CC(C(C(C(C(C(F)(F)F)(F)F)(F)F)(F)F)(F)F)(F)F,5837,25291-17-2,FYQFWFHDPNXORA-UHFFFAOYSA-N,346.09
(R)-(+)-Citronellal,C[C@H](CCC=C(C)C)CC=O,5324,2385-77-5,NEHNMFOYXAPHSD-SNVBAGLBSA-N,154.25
(R)-(-)-Epichlorohydrin,C1[C@@H](O1)CCl,9249,51594-55-9,BRLQWZUYTZBJKN-VKHMYHEASA-N,92.52
(R)-2-Methylbutanoic acid,CC[C@@H](C)C(=O)O,7336,32231-50-8,WLAMNBDJUVNPJU-SCSAIBSYSA-N,102.13
(R)-3-Amino-3-phenylpropanoic acid,C1=CC=C(C=C1)[C@@H](CC(=O)O)N,2882,13921-90-9,UJOYFRCOTPUKAK-MRVPVSSYSA-N,165.19
(R)-beta-hydroxypalmitic acid,CCCCCCCCCCCCC[C@H](CC(=O)O)O,16366,,CBWALJHXHCJYTE-OAHLLOKOSA-N,272.42
"(R)-butane-1,3-diol",C[C@H](CCO)O,11051,6290-03-5,PUPZLCDOIYMWBV-SCSAIBSYSA-N,90.12
(R)-trans-Pinane,C[C@@H]1CC[C@@H]2C[C@H]1C2(C)C,8946,4863-59-6,XOKSLPVRUOBDEW-IWSPIJDZSA-N,138.25
"(R,R,R)-Triglycidyl Isocyanurate",C1[C@H](O1)CN2C(=O)N(C(=O)N(C2=O)C[C@@H]3CO3)C[C@@H]4CO4,10405,59653-74-6,OUPZKGBUJRBPGC-IWSPIJDZSA-N,297.26
(S)-(+)-alpha-Methoxyphenylacetic acid,CO[C@@H](C1=CC=CC=C1)C(=O)O,6128,26164-26-1,DIWVBIXQCNRCFE-QMMMGPOBSA-N,166.17
(S)-(-)-Propylene oxide,C[C@H]1CO1,3691,16088-62-3,GOOHAUXETOMSMM-VKHMYHEASA-N,58.08
(S)-12-Methyltetradecanoic acid methyl ester,CC[C@H](C)CCCCCCCCCCC(=O)OC,10991,62691-05-8,BJIUDNXPLSJWKE-HNNXBMFYSA-N,256.42
(S)-cis-Verbenol,CC1=C[C@@H]([C@H]2C[C@@H]1C2(C)C)O,4331,1845-30-3,WONIGEXYPVIKFS-YIZRAAEISA-N,152.23
"(trans,trans)-4-(4-Ethoxy-2,3-difluorophenyl)-4'-pentyl-1,1'-bi(cyclohexane)",CCCCCC1CCC(CC1)C2CCC(CC2)C3=C(C(=C(C=C3)OCC)F)F,2017,124728-81-0,GLZNOTOAQDMKMM-UHFFFAOYSA-N,392.6
(Trimethoxysilyl)methyl prop-2-enoate,CO[Si](COC(=O)C=C)(OC)OC,4893,21134-38-3,JPPHEZSCZWYTOP-UHFFFAOYSA-N,206.27
(Vinyloxy)cyclohexane,C=COC1CCCCC1,5018,2182-55-0,VGIYPVFBQRUBDD-UHFFFAOYSA-N,126.2
"(Z)-(E)-3,7-dimethylocta-2,6-dien-1-yl hexadec-9-enoate",CCCCCC/C=C\CCCCCCCC(=O)OC/C=C(\C)/CCC=C(C)C,16827,,LSHLMRRKUOWTIW-PYHWRHASSA-N,390.6
"(Z)-1-(2,6,6-Trimethyl-2-cyclohexen-1-yl)-2-buten-1-one",C/C=C\C(=O)C1C(=CCCC1(C)C)C,5298,23726-94-5,CRIGTVCBMUKRSL-ALCCZGGFSA-N,192.3
(Z)-13-Octadecenoic acid methyl ester,CCCC/C=C\CCCCCCCCCCCC(=O)OC,34,1000333-58-3,OPLQDSJPOHPOSZ-SREVYHEPSA-N,296.5
(Z)-13-Octadecenoic acid methyl ester,CCCC/C=C\CCCCCCCCCCCC(=O)OC,2248,13058-55-4,OPLQDSJPOHPOSZ-SREVYHEPSA-N,296.5
(Z)-14-Methylhexadec-8-enal,CCC(C)CCCC/C=C\CCCCCCC=O,10529,60609-53-2,HSGUJTMCFWXGAP-ALCCZGGFSA-N,252.4
(Z)-2-Decenal,CCCCCCC/C=C\C=O,5588,2497-25-8,MMFCJPPRCYDLLZ-HJWRWDBZSA-N,154.25
(Z)-2-Undecenal,CCCCCCCC/C=C\C=O,12901,71277-05-9,PANBRUWVURLWGY-KTKRTIGZSA-N,168.28
"(Z)-3-(2,5-dimethoxyphenyl)-1-(2-hydroxyphenyl)prop-2-en-1-one",COC1=CC(=C(C=C1)OC)/C=C\C(=O)C2=CC=CC=C2O,9693,5452-99-3,URPAREMBXBSUFI-CLFYSBASSA-N,284.31
"(Z)-3-(3,4-Dimethoxy-phenyl)-2-pyridin-3-yl-acrylonitrile",COC1=C(C=C(C=C1)/C=C(\C#N)/C2=CN=CC=C2)OC,3311,149286-90-8,DBGZNJVTHYFQJI-RIYZIHGNSA-N,266.29
(Z)-3-dodecene,CCCCCCCC/C=C\CC,13045,7239-23-8,WLTSXAIICPDFKI-ALCCZGGFSA-N,168.32
(Z)-3-Methyl-2-undecene,CCCCCCCC/C(=C\C)/C,10059,57024-90-5,LKWKOLGLWOJMQP-XGICHPGQSA-N,168.32
(Z)-3-Nonenal,CCCCC/C=C\CC=O,7288,31823-43-5,YXEAENVLZOODMT-SREVYHEPSA-N,140.22
(Z)-4-Nonenal,CCCC/C=C\CCC=O,5184,2277-15-8,QPULDJYQYDGZEI-WAYWQWQTSA-N,140.22
(Z)-7-Hexadecenal,CCCCCCCC/C=C\CCCCCC=O,10018,56797-40-1,BLJFSPZWKBTYHR-KTKRTIGZSA-N,238.41
(Z)-7-Hexadecenoic acid,CCCCCCCC/C=C\CCCCCC(=O)O,5373,2416-19-5,PJHOFUXBXJNUAC-KTKRTIGZSA-N,254.41
(Z)-9-Tricosene,CCCCCCCCCCCCC/C=C\CCCCCCCC,6523,27519-02-4,IGOWHGRNPLFNDJ-ZPHPHTNESA-N,322.6
"(Z)-Dodeca-9,11-dienyl acetate",CC(=O)OCCCCCCCC/C=C\C=C,9267,51760-35-1,ARPQLVHCERGNAB-PLNGDYQASA-N,224.34
(Z)-Ethyl cinnamate,CCOC(=O)/C=C\C1=CC=CC=C1,8812,4610-69-9,KBEBGUQPQBELIU-HJWRWDBZSA-N,176.21
(Z)-hexadec-11-enoic acid,CCCC/C=C\CCCCCCCCCC(=O)O,5374,2416-20-8,JGMYDQCXGIMHLL-WAYWQWQTSA-N,254.41
(Z)-Hexadec-9-en-1-ol,CCCCCC/C=C\CCCCCCCCO,470,10378-01-5,LBIYNOAMNIKVKF-FPLPWBNLSA-N,240.42
(Z)-Methyl cinnamate,COC(=O)/C=C\C1=CC=CC=C1,4611,19713-73-6,CCRCUPLGCSFEDV-FPLPWBNLSA-N,162.18
(Z)-N-(2-Hydroxyethyl)docos-13-enamide,CCCCCCCC/C=C\CCCCCCCCCCCC(=O)NCCO,4265,18190-74-4,UGYSMGXRWBTMRZ-KTKRTIGZSA-N,381.6
(Z)-N-Methyl-9-octadecenamide,CCCCCCCC/C=C\CCCCCCCC(=O)NC,12818,70858-46-7,NJNFUPWMCKHLRE-KHPPLWFESA-N,295.5
(Z)-Non-2-enal,CCCCCC/C=C\C=O,10544,60784-31-8,BSAIUMLZVGUGKX-FPLPWBNLSA-N,140.22
"(Z,E)-alpha-Farnesene",CC(=CCC/C(=C/C/C=C(/C)\C=C)/C)C,6262,26560-14-5,CXENHBSYCFFKJS-OXYODPPFSA-N,204.35
"1,1'-(1,3-phenylenebis(methylene))bis(1H-pyrrole-2,5-dione)",C1=CC(=CC(=C1)CN2C(=O)C=CC2=O)CN3C(=O)C=CC3=O,2745,13676-53-4,LYCKDYZIIOVFCX-UHFFFAOYSA-N,296.28
"1,1'-(4-Methyl-1,3-phenylene)bis(3,3-dimethylurea)",CC1=C(C=C(C=C1)NC(=O)N(C)C)NC(=O)N(C)C,4126,17526-94-2,KDQTUCKOAOGTLT-UHFFFAOYSA-N,264.32
"1,1'-(4-Methyl-1,3-phenylene)bis-1H-pyrrole-2,5-dione",CC1=C(C=C(C=C1)N2C(=O)C=CC2=O)N3C(=O)C=CC3=O,11310,6422-83-9,FJKKJQRXSPFNPM-UHFFFAOYSA-N,282.25
"1,1'-(Cyclobutanediyl)bis-benzene",C1CC(C1)(C2=CC=CC=C2)C3=CC=CC=C3,16079,99415-93-7,RMPAXPOFLJVREM-UHFFFAOYSA-N,208.3
"1,1'-(Isopropylidenebis(p-phenyleneoxy))bis(3-mercaptopropan-2-ol)",CC(C)(C1=CC=C(C=C1)OCC(CS)O)C2=CC=C(C=C2)OCC(CS)O,6942,29953-09-1,OLPTYESEXWLOCS-UHFFFAOYSA-N,408.6
"1,1'-(Methylimino)dipropan-2-ol",CC(CN(C)CC(C)O)O,8584,4402-30-6,XKQMKMVTDKYWOX-UHFFFAOYSA-N,147.22
"1,1'-(trans-1,4-Cyclohexanediyl)diurea",C1CC(CCC1NC(=O)N)NC(=O)N,12295,68533-01-7,QLIDAVNQYGUDFF-UHFFFAOYSA-N,200.24
"1,1'-[Peroxybis(carbonyloxy)]bis(4-chlorobutane)",C(CCCl)COC(=O)OOC(=O)OCCCCCl,3051,14245-74-0,JCEMSQWGBZLEDB-UHFFFAOYSA-N,303.13
"1,1'-[Peroxybis(carbonyloxyethane-2,1-diyloxy)]dibutane",CCCCOCCOC(=O)OOC(=O)OCCOCCCC,11279,6410-72-6,SLZMTAPWENYSBK-UHFFFAOYSA-N,322.35
"1,1'-Azobis(cyclohexanecarbonitrile)",C1CCC(CC1)(C#N)N=NC2(CCCCC2)C#N,4855,2094-98-6,KYIKRXIYLAGAKQ-UHFFFAOYSA-N,244.34
"1,1'-Azobis(cyclohexanecarbonitrile)",C1CCC(CC1)(C#N)N=NC2(CCCCC2)C#N,5904,25551-14-8,KYIKRXIYLAGAKQ-UHFFFAOYSA-N,244.34
"1,1'-Bicyclohexyl, 2-ethyl-, cis-",CCC1CCCCC1C2CCCCC2,9143,50991-13-4,UGQREFNYSITUMG-UHFFFAOYSA-N,194.36
"1,1'-Biphenyl, 2,2',5,5'-tetramethyl-",CC1=CC(=C(C=C1)C)C2=C(C=CC(=C2)C)C,7114,3075-84-1,ZHTROMYSDSTCCE-UHFFFAOYSA-N,210.31
"1,1'-Biphenyl, 2,2'-diethyl-",CCC1=CC=CC=C1C2=CC=CC=C2CC,2241,13049-35-9,VYVNYOJZPQVWHK-UHFFFAOYSA-N,210.31
"1,1'-Biphenyl, 3-(1-methylethyl)-",CC(C)C1=CC=CC(=C1)C2=CC=CC=C2,4709,20282-30-8,LIWRTHVZRZXVFX-UHFFFAOYSA-N,196.29
"1,1'-Disulfanediyldiazepan-2-one",C1CCC(=O)N(CC1)SSN2CCCCCC2=O,5323,23847-08-7,LGBYJXBCVZKJBL-UHFFFAOYSA-N,288.4
"1,1'-Ethylenebis(3,3,5,5-tetramethylpiperazinone)",CC1(CN(C(=O)C(N1)(C)C)CCN2CC(NC(C2=O)(C)C)(C)C)C,12878,71029-16-8,GUCMKIKYKIHUTM-UHFFFAOYSA-N,338.5
"1,1'-Oxybis(4-isocyanatobenzene)",C1=CC(=CC=C1N=C=O)OC2=CC=C(C=C2)N=C=O,8343,4128-73-8,KDLIYVDINLSKGR-UHFFFAOYSA-N,252.22
"1,1'-Oxybis[3-(octyloxy)propan-2-ol]",CCCCCCCCOCC(COCC(COCCCCCCCC)O)O,2612,134450-05-8,HOBUFQFSORIDQY-UHFFFAOYSA-N,390.6
"1,1'-Oxydi-2-propanol",CC(COCC(C)O)O,1029,110-98-5,AZUXKVXMJOIAOF-UHFFFAOYSA-N,134.17
"1,1,1,2,2,3,3,4,4-Nonachloroundecane",CCCCCCCC(C(C(C(Cl)(Cl)Cl)(Cl)Cl)(Cl)Cl)(Cl)Cl,5042,219697-11-7,UHGDVTKWTLCBDN-UHFFFAOYSA-N,466.3
"1,1,1,2,2,3,3-Heptafluoro-5-iodopentane",C(CI)C(C(C(F)(F)F)(F)F)(F)F,12047,68188-12-5,TZNRRNKRZXHADL-UHFFFAOYSA-N,323.98
"1,1,1,2,3,3,3-Heptafluoropropane",C(C(F)(F)F)(C(F)(F)F)F,8545,431-89-0,YFMFNYKEUDLDTL-UHFFFAOYSA-N,170.03
"1,1,1,2-Tetrachloroethane",C(C(Cl)(Cl)Cl)Cl,11070,630-20-6,QVLAWKAXOMEXPM-UHFFFAOYSA-N,167.8
"1,1,1,2-Tetrafluoroethane",C(C(F)(F)F)F,14275,811-97-2,LVGUZGTVOIAKKC-UHFFFAOYSA-N,102.03
"1,1,1,3,3,3-Hexafluoro-2-propanol",C(C(F)(F)F)(C(F)(F)F)O,15464,920-66-1,BYEAHWXPCBROCE-UHFFFAOYSA-N,168.04
"1,1,1,3,3-Pentafluorobutane",CC(CC(F)(F)F)(F)F,8279,406-58-6,WZLFPVPRZGTCKP-UHFFFAOYSA-N,148.07
"1,1,1,3,3-Pentafluoropropane",C(C(F)F)C(F)(F)F,8807,460-73-1,MSSNHSVIGIHOJA-UHFFFAOYSA-N,134.05
"1,1,1,3,5,7,9,11,11-Nonachloroundecane",C(C(CC(CC(Cl)Cl)Cl)Cl)C(CC(CC(Cl)(Cl)Cl)Cl)Cl,4482,18993-26-5,KMRBTUMTZQIMDK-UHFFFAOYSA-N,466.3
"1,1,1,3,6,7,10,11-Octachloroundecane",C(CC(C(CCC(CCl)Cl)Cl)Cl)C(CC(Cl)(Cl)Cl)Cl,10493,601523-20-0,FLSNQDQVDFQSOG-UHFFFAOYSA-N,431.9
"1,1,1,3,9,11,11,11-Octachloroundecane",C(CCC(CC(Cl)(Cl)Cl)Cl)CCC(CC(Cl)(Cl)Cl)Cl,10494,601523-25-5,GYNMKPTWBKSWPK-UHFFFAOYSA-N,431.9
"1,1,1,5,5,5-Hexamethyl-3-((trimethylsilyl)oxy)-3-vinyltrisiloxane",C[Si](C)(C)O[Si](C=C)(O[Si](C)(C)C)O[Si](C)(C)C,9541,5356-84-3,CHEFFAKKAFRMHG-UHFFFAOYSA-N,322.69
"1,1,1-Trichloroethane",CC(Cl)(Cl)Cl,12867,71-55-6,UOCLXMDMGBRAIB-UHFFFAOYSA-N,133.4
"1,1,1-Trifluoro-2-(trifluoromethyl)pent-4-en-2-ol",C=CCC(C(F)(F)F)(C(F)(F)F)O,11408,646-97-9,VHSCQANAKTXZTG-UHFFFAOYSA-N,208.1
"1,1,1-Trifluoroethane",CC(F)(F)F,8436,420-46-2,UJPMYEOUBPIPHQ-UHFFFAOYSA-N,84.04
"1,1,1-Trimethoxyethane",CC(OC)(OC)OC,3132,1445-45-0,HDPNBNXLBDFELL-UHFFFAOYSA-N,120.15
"1,1,1-Tris(4-hydroxyphenyl)ethane",CC(C1=CC=C(C=C1)O)(C2=CC=C(C=C2)O)C3=CC=C(C=C3)O,6602,27955-94-8,BRPSWMCDEYMRPE-UHFFFAOYSA-N,306.4
"1,1,1-Tris(hydroxymethyl)ethane",CC(CO)(CO)CO,13730,77-85-0,QXJQHYBHAIHNGG-UHFFFAOYSA-N,120.15
"1,1,2,2,3,3,4,4,5,5,6,6,7-Tridecafluorooctan-1-ol",CC(C(C(C(C(C(C(O)(F)F)(F)F)(F)F)(F)F)(F)F)(F)F)F,1300,112708-16-4,KIRIXOGQHXHZKY-UHFFFAOYSA-N,364.1
"1,1,2,2-Tetrachloroethane",C(C(Cl)Cl)(Cl)Cl,14039,79-34-5,QPFMBZIOSGYJDE-UHFFFAOYSA-N,167.8
"1,1,2,2-Tetrafluoroethane",C(C(F)F)(F)F,7778,359-35-3,WXGNWUVNYMJENI-UHFFFAOYSA-N,102.03
"1,1,2,2-Tetrahydroperfluoro-1-decanol",C(CO)C(C(C(C(C(C(C(C(F)(F)F)(F)F)(F)F)(F)F)(F)F)(F)F)(F)F)(F)F,11832,678-39-7,JJUBFBTUBACDHW-UHFFFAOYSA-N,464.12
"1,1,2,3,4,5,6,11-Octachloroundecane",C(CCC(C(C(C(C(C(Cl)Cl)Cl)Cl)Cl)Cl)Cl)CCCl,7815,36312-81-9,JGTAEQOCBGXSLC-UHFFFAOYSA-N,431.9
"1,1,2,3-Tetrachloropropene",C(C(=C(Cl)Cl)Cl)Cl,523,10436-39-2,UMGQVBVEWTXECF-UHFFFAOYSA-N,179.9
"1,1,2,3-Tetramethylcyclohexane",CC1CCCC(C1C)(C)C,11844,6783-92-2,BUOAKQCLRBVIOX-UHFFFAOYSA-N,140.27
"1,1,2-Trichloroethane",C(C(Cl)Cl)Cl,14027,79-00-5,UBOXGVDOUJQMTN-UHFFFAOYSA-N,133.4
"1,1,2-Trichloropropane",CC(C(Cl)Cl)Cl,10435,598-77-6,GRSQYISVQKPZCW-UHFFFAOYSA-N,147.43
"1,1,2-Trichlorotrifluoroethane",C(C(F)(Cl)Cl)(F)(F)Cl,13582,76-13-1,AJDIZQLSFPQPEY-UHFFFAOYSA-N,187.37
"1,1,2-Trimethyl-3-(2-methylpropyl)cyclopropane",CC1C(C1(C)C)CC(C)C,8431,41977-43-9,TUOVYOKHPFZFRR-UHFFFAOYSA-N,140.27
"1,1,3,3,4,4-Hexachloro-1-butene",C(=C(Cl)Cl)C(C(Cl)Cl)(Cl)Cl,7676,34973-39-2,ABMSWFCHXPNDHQ-UHFFFAOYSA-N,262.8
"1,1,3,3-Tetramethoxy-1,3-dimethyldisiloxane",CO[Si](C)(OC)O[Si](C)(OC)OC,4264,18186-97-5,JWVHPGDCFVOYMQ-UHFFFAOYSA-N,226.37
"1,1,3,3-Tetramethyl-1,3-divinyldisilazane",C[Si](C)(C=C)N[Si](C)(C)C=C,13704,7691-02-3,WYUIWUCVZCRTRH-UHFFFAOYSA-N,185.41
"1,1,3,3-Tetramethyl-1,3-divinyldisiloxane",C[Si](C)(C=C)O[Si](C)(C)C=C,6168,2627-95-4,BITPLIXHRASDQB-UHFFFAOYSA-N,186.4
"1,1,3,3-Tetramethylbutyl hydroperoxide",CC(C)(C)CC(C)(C)OO,10188,5809-08-5,MIRQGKQPLPBZQM-UHFFFAOYSA-N,146.23
"1,1,3,3-Tetramethylbutyl peroxyneodecanoate",CC(C)(C)CCCCC1(OO1)C(=O)OC(C)(C)CC(C)(C)C,9188,51240-95-0,CRJIYMRJTJWVLU-UHFFFAOYSA-N,314.5
"1,1,3,3-Tetramethylbutylperoxypivalate",CC(C)(C)CC(C)(C)OOC(=O)C(C)(C)C,5104,22288-41-1,MUOYRBYBTJDAOT-UHFFFAOYSA-N,230.34
"1,1,3,3-Tetramethylguanidine",CN(C)C(=N)N(C)C,14106,80-70-6,KYVBNYUBXIEUFW-UHFFFAOYSA-N,115.18
"1,1,3a-Trimethyl-1a,3a,5,6-tetrahydro-1H-cyclopropa[c]pentalen-4-one",CC1(C2C13CCC(=O)C3(C=C2)C)C,15406,91531-54-3,KWFCZMCFCFEYOP-UHFFFAOYSA-N,176.25
"1,1,4,7,7,8-Hexamethyl-S-hydrindacene",CC1=C2CCC(C2=C(C3=C1CCC3(C)C)C)(C)C,4118,17465-58-6,GFNBSFGVTDGSBQ-UHFFFAOYSA-N,242.4
"1,1,4,7,7-Pentamethyldiethylenetriamine",CN(C)CCN(C)CCN(C)C,7005,3030-47-5,UKODFQOELJFMII-UHFFFAOYSA-N,173.3
"1,1,6,6-Tetramethylspiro[4.4]nonane",CC1(CCCC12CCCC2(C)C)C,13242,74054-92-5,DXCGGAAYMYDMBJ-UHFFFAOYSA-N,180.33
"1,1,6-Trimethyl-1,2-dihydronaphthalene",CC1=CC2=C(C=C1)C(CC=C2)(C)C,7021,30364-38-6,RTUMCNDCAVLXEP-UHFFFAOYSA-N,172.27
"1,1,6-Trimethyltetralin",CC1=CC2=C(C=C1)C(CCC2)(C)C,8896,475-03-6,LTMQZVLXCLQPCT-UHFFFAOYSA-N,174.28
"1,1-Bis(3-cyclohexyl-4-hydroxyphenyl)cyclohexane",C1CCC(CC1)C2=C(C=CC(=C2)C3(CCCCC3)C4=CC(=C(C=C4)O)C5CCCCC5)O,8457,4221-68-5,DNCLEPRFPJLBTQ-UHFFFAOYSA-N,432.6
"1,1-Bis(4-hydroxyphenyl)cyclohexane",C1CCC(CC1)(C2=CC=C(C=C2)O)C3=CC=C(C=C3)O,14489,843-55-0,SDDLEVPIDBLVHC-UHFFFAOYSA-N,268.3
"1,1-Bis(4-hydroxyphenyl)ethane",CC(C1=CC=C(C=C1)O)C2=CC=C(C=C2)O,4825,2081-08-5,HCNHNBLSNVSJTJ-UHFFFAOYSA-N,214.26
"1,1-Bis(4-hydroxyphenyl)ethane",CC(C1=CC=C(C=C1)O)C2=CC=C(C=C2)O,17907,,HCNHNBLSNVSJTJ-UHFFFAOYSA-N,214.26
"1,1-Bis(4-methoxyphenyl)ethylene",COC1=CC=C(C=C1)C(=C)C2=CC=C(C=C2)OC,8565,4356-69-8,OTWNHTGTCBAVGG-UHFFFAOYSA-N,240.3
"1,1-Bis(p-chlorophenyl)-2-chloroethene",C1=CC(=CC=C1C(=CCl)C2=CC=C(C=C2)Cl)Cl,323,1022-22-6,LNKQQZFLNUVWQQ-UHFFFAOYSA-N,283.6
"1,1-Bis(tert-butylperoxy)-3,3,5-trimethylcyclohexane",CC1CC(CC(C1)(OOC(C)(C)C)OOC(C)(C)C)(C)C,11748,6731-36-8,NALFRYPTRXKZPN-UHFFFAOYSA-N,302.4
"1,1-Bis(tert-butylperoxy)cyclohexane",CC(C)(C)OOC1(CCCCC1)OOC(C)(C)C,6966,3006-86-8,HSLFISVKRDQEBY-UHFFFAOYSA-N,260.37
"1,1-Cyclohexanediacetic acid",C1CCC(CC1)(CC(=O)O)CC(=O)O,8564,4355-11-7,YQPCHPBGAALCRT-UHFFFAOYSA-N,200.23
"1,1-Di-p-tolyldodecane",CCCCCCCCCCCC(C1=CC=C(C=C1)C)C2=CC=C(C=C2)C,9786,55268-62-7,DLFGXQMVWJJEOW-UHFFFAOYSA-N,350.6
"1,1-Dibutoxybutane",CCCCOC(CCC)OCCCC,10363,5921-80-2,WQRBJFZKPWPIJD-UHFFFAOYSA-N,202.33
"1,1-Dichloro-1-fluoroethane",CC(F)(Cl)Cl,4024,1717-00-6,FRCHKSNAZZFGCA-UHFFFAOYSA-N,116.95
"1,1-Dichlorobuta-1,3-diene",C=CC=C(Cl)Cl,6710,28577-62-0,PDKAXHLOFWCWIH-UHFFFAOYSA-N,122.98
"1,1-Dichloroethane",CC(Cl)Cl,13468,75-34-3,SCYULBFZEHDVBN-UHFFFAOYSA-N,98.96
"1,1-Dichloropropene",CC=C(Cl)Cl,9952,563-58-6,ZAIDIVBQUMFXEC-UHFFFAOYSA-N,110.97
"1,1-Dicyclopentylethane",CC(C1CCCC1)C2CCCC2,8589,4413-21-2,XWKIKXOZAGBKSO-UHFFFAOYSA-N,166.3
"1,1-Diethoxyhexane",CCCCCC(OCC)OCC,7864,3658-93-3,WNHOMUCDFNTSEV-UHFFFAOYSA-N,174.28
"1,1-Diethyl-1,2,3,4-tetrahydronaphthalene",CCC1(CCCC2=CC=CC=C21)CC,6855,2938-66-1,DBFQMDNLSBZPMF-UHFFFAOYSA-N,188.31
"1,1-Diethylurea",CCN(CC)C(=O)N,11137,634-95-7,TUMNHQRORINJKE-UHFFFAOYSA-N,116.16
"1,1-Difluoroethane",CC(F)F,13471,75-37-6,NPNPZTNLOVBDOC-UHFFFAOYSA-N,66.05
"1,1-Dimethoxycyclohexane",COC1(CCCCC1)OC,15582,933-40-4,XPIJMQVLTXAGME-UHFFFAOYSA-N,144.21
"1,1-Dimethylpropyl 3,5,5-trimethylperoxyhexanoate",CCC(C)(C)OOC(=O)CC(C)CC(C)(C)C,12463,68860-54-8,NMSKTCFOZXKENS-UHFFFAOYSA-N,244.37
"1,1-Dimethylpropyl octaneperoxoate",CCCCCCCC(=O)OOC(C)(C)CC,14803,870-98-4,XWLAHKNKQLVOLG-UHFFFAOYSA-N,230.34
"1,1-Dimethyltetralin",CC1(CCCC2=CC=CC=C21)C,4642,1985-59-7,ABIPNDAVRBMCHV-UHFFFAOYSA-N,160.25
"1,1-Dimethylurea",CN(C)C(=O)N,10437,598-94-7,YBBLOADPFWKNGS-UHFFFAOYSA-N,88.11
"1,1-Diphenyl-buta-1,3-diene",C=CC=C(C1=CC=CC=C1)C2=CC=CC=C2,8398,4165-81-5,GUPMCMZMDAGSPF-UHFFFAOYSA-N,206.28
"1,1-Diphenylacetone",CC(=O)C(C1=CC=CC=C1)C2=CC=CC=C2,13996,781-35-1,DBNWBEGCONIRGQ-UHFFFAOYSA-N,210.27
"1,1-Diphenylbutane",CCCC(C1=CC=CC=C1)C2=CC=CC=C2,12988,719-79-9,SZFDQMKAGLCYPA-UHFFFAOYSA-N,210.31
"1,1-Diphenylethane",CC(C1=CC=CC=C1)C2=CC=CC=C2,10604,612-00-0,BSZXAFXFTLXUFV-UHFFFAOYSA-N,182.26
"1,1-Diphenylethylene",C=C(C1=CC=CC=C1)C2=CC=CC=C2,9472,530-48-3,ZMYIIHDQURVDRB-UHFFFAOYSA-N,180.24
"1,1-Dipropylhydrazine",CCCN(CCC)N,9010,4986-50-9,ZHHHDUSWMATTFE-UHFFFAOYSA-N,116.2
"1,10-Decanediol",C(CCCCCO)CCCCO,1233,112-47-0,FOTKYAAJKYLFFN-UHFFFAOYSA-N,174.28
"1,10-Decanediol diacrylate",C=CC(=O)OCCCCCCCCCCOC(=O)C=C,2238,13048-34-5,RHNJVKIVSXGYBD-UHFFFAOYSA-N,282.37
"1,10-Decanediol dimethacrylate",CC(=C)C(=O)OCCCCCCCCCCOC(=O)C(=C)C,11730,6701-13-9,LRZPQLZONWIQOJ-UHFFFAOYSA-N,310.4
"1,10-Diaminodecane",C(CCCCCN)CCCCN,11405,646-25-3,YQLZOAVZWJBZSY-UHFFFAOYSA-N,172.31
"1,10-Phenanthroline",C1=CC2=C(C3=C(C=CC=N3)C=C2)N=C1,11631,66-71-7,DGEZNRSVGBDHLK-UHFFFAOYSA-N,180.2
"1,12-Dodecanediamine",C(CCCCCCN)CCCCCN,6578,2783-17-7,QFTYSVGGYOXFRQ-UHFFFAOYSA-N,200.36
"1,12-Dodecanediol",C(CCCCCCO)CCCCCO,10012,5675-51-4,GHLKSLMMWAKNBM-UHFFFAOYSA-N,202.33
"1,12-Dodecanediol dimethacrylate",CC(=C)C(=O)OCCCCCCCCCCCCOC(=O)C(=C)C,13091,72829-09-5,HYQASEVIBPSPMK-UHFFFAOYSA-N,338.5
"1,12-Octadecanediol",CCCCCCC(CCCCCCCCCCCO)O,6478,2726-73-0,KHLCTMQBMINUNT-UHFFFAOYSA-N,286.5
"1,12-Tridecadiene",C=CCCCCCCCCCC=C,5040,21964-48-7,BPHFKBMQSYYNGQ-UHFFFAOYSA-N,180.33
"1,14-Diazacyclohexacosane-2,15-dione",C1CCCCCC(=O)NCCCCCCCCCCCC(=O)NCCCCC1,8508,4272-08-6,QIAFMOCNLCQPND-UHFFFAOYSA-N,394.6
"1,16-Dichlorohexadecane",C(CCCCCCCCCl)CCCCCCCCl,13776,7735-39-9,NSSAWKUCPRHLNT-UHFFFAOYSA-N,295.3
"1,2,2,3,3,4,4,5-Octafluoro-6-oxabicyclo[3.1.0]hexane",C12(C(O1)(C(C(C2(F)F)(F)F)(F)F)F)F,12870,710-70-3,VHOKEHVUOYFQKD-UHFFFAOYSA-N,228.04
"1,2,2,3,5,6,6-Heptafluoro-7-(trifluoromethyl)-4,8-dioxatricyclo[5.1.0.03,5]octane",C12(C(O1)(C(C3(C(C2(F)F)(O3)F)F)(F)F)F)C(F)(F)F,2239,130482-35-8,NQRAQFXUPHIGAH-UHFFFAOYSA-N,306.06
"1,2,3,10b-Tetrahydrofluoranthene",C1CC2C3=CC=CC=C3C4=CC=CC(=C24)C1,4708,20279-21-4,VMBZUGDYWLFLEU-UHFFFAOYSA-N,206.28
"1,2,3,3a,8,9,9a,9b-Octahydrocyclopenta[def]phenanthrene",C1CC2CC3CCCC4=C3C2=C(C1)C=C4,3274,148145-44-2,FGALZCVNLPOZNZ-UHFFFAOYSA-N,198.3
"1,2,3,4,4a,5,6,8a-Octahydro-naphthalene",C1CCC2C=CCCC2C1,8513,4276-46-4,FYHNWJNOEQBNGO-UHFFFAOYSA-N,136.23
"1,2,3,4,5,5,6,6-Octafluorobicyclo[2.2.2]oct-2-ene",C1CC2(C(=C(C1(C(C2(F)F)(F)F)F)F)F)F,7225,31462-62-1,MILCJPLPEMJWKH-UHFFFAOYSA-N,252.1
"1,2,3,4,5,6,7,8-Octahydroacridine",C1CCC2=NC3=C(CCCC3)C=C2C1,3875,1658-08-8,LLCXJIQXTXEQID-UHFFFAOYSA-N,187.28
"1,2,3,4,5-Pentafluoro-6-[2,3,4,6-tetrafluoro-5-(2,3,4,5,6-pentafluorophenyl)phenyl]benzene",C1(=C(C(=C(C(=C1F)F)F)C2=C(C(=C(C(=C2F)F)F)F)F)F)C3=C(C(=C(C(=C3F)F)F)F)F,3742,16218-79-4,JINIKWBFAGTLJM-UHFFFAOYSA-N,482.2
"1,2,3,4,6,7,8,9-Octachlorodibenzofuran",C12=C(C(=C(C(=C1Cl)Cl)Cl)Cl)OC3=C2C(=C(C(=C3Cl)Cl)Cl)Cl,8138,39001-02-0,RHIROFAGUQOFLU-UHFFFAOYSA-N,443.7
"1,2,3,4,6,7,8-Heptachlorodibenzo-P-dioxin",C1=C2C(=C(C(=C1Cl)Cl)Cl)OC3=C(O2)C(=C(C(=C3Cl)Cl)Cl)Cl,7767,35822-46-9,WCLNVRQZUKYVAI-UHFFFAOYSA-N,425.3
"1,2,3,4,6,7,8-Heptachlorodibenzofuran",C1=C2C3=C(C(=C(C(=C3Cl)Cl)Cl)Cl)OC2=C(C(=C1Cl)Cl)Cl,11765,67562-39-4,WDMKCPIVJOGHBF-UHFFFAOYSA-N,409.3
"1,2,3,4,7,8,9-Heptachlorodibenzofuran",C1=C2C(=C(C(=C1Cl)Cl)Cl)C3=C(O2)C(=C(C(=C3Cl)Cl)Cl)Cl,9850,55673-89-7,VEZCTZWLJYWARH-UHFFFAOYSA-N,409.3
"1,2,3,4,7,8-Hexachlorodibenzo-P-dioxin",C1=C2C(=CC(=C1Cl)Cl)OC3=C(O2)C(=C(C(=C3Cl)Cl)Cl)Cl,8150,39227-28-6,WCYYQNSQJHPVMG-UHFFFAOYSA-N,390.9
"1,2,3,4,7,8-Hexachlorodibenzofuran",C1=C2C(=CC(=C1Cl)Cl)OC3=C2C(=C(C(=C3Cl)Cl)Cl)Cl,12792,70648-26-9,LVYBAQIVPKCOEE-UHFFFAOYSA-N,374.9
"1,2,3,4-Butanetetracarboxylic acid",C(C(C(CC(=O)O)C(=O)O)C(=O)O)C(=O)O,3993,1703-58-8,GGAUUQHSCNMCAU-UHFFFAOYSA-N,234.16
"1,2,3,4-Cyclobutanetetracarboxylic dianhydride",C12C(C3C1C(=O)OC3=O)C(=O)OC2=O,8590,4415-87-6,YGYCECQIOXZODZ-UHFFFAOYSA-N,196.11
"1,2,3,4-Tetrabromodibenzo-p-dioxin",C1=CC=C2C(=C1)OC3=C(O2)C(=C(C(=C3Br)Br)Br)Br,434,103456-39-9,AKUPIABWVUYZPX-UHFFFAOYSA-N,499.77
"1,2,3,4-Tetrachlorobenzene",C1=CC(=C(C(=C1Cl)Cl)Cl)Cl,11135,634-66-2,GBDZXPJXOMHESU-UHFFFAOYSA-N,215.9
"1,2,3,4-Tetrahydro-1,4-ethanoanthracene, 9,10-dimethoxy-",COC1=C2C3CCC(C2=C(C4=CC=CC=C41)OC)CC3,16214,177205-54-8,PDLYCNRWIOUQSB-UHFFFAOYSA-N,268.3
"1,2,3,4-Tetrahydro-1,4-ethanonaphthalene",C1CC2CCC1C3=CC=CC=C23,8413,4175-52-4,ORCQJRXQASSNAQ-UHFFFAOYSA-N,158.24
"1,2,3,4-Tetrahydro-1-phenyl-4-(1-phenylethyl)naphthalene",CC(C1CCC(C2=CC=CC=C12)C3=CC=CC=C3)C4=CC=CC=C4,6311,26681-79-8,GJJWHYDGEZUFOW-UHFFFAOYSA-N,312.4
"1,2,3,4-Tetrahydroacridine",C1CCC2=NC3=CC=CC=C3C=C2C1,7434,3295-64-5,RXBYRTSOWREATF-UHFFFAOYSA-N,183.25
"1,2,3,4-Tetrahydronaphthalene",C1CCC2=CC=CC=C2C1,1509,119-64-2,CXWXQJXEFPUFDZ-UHFFFAOYSA-N,132.2
"1,2,3,4-Tetramethylbenzene",CC1=C(C(=C(C=C1)C)C)C,8950,488-23-3,UOHMMEJUHBCKEE-UHFFFAOYSA-N,134.22
"1,2,3,4-Tetramethylnaphthalene",CC1=C(C2=CC=CC=C2C(=C1C)C)C,7008,3031-15-0,ZDPJODSYNODADV-UHFFFAOYSA-N,184.28
"1,2,3,5-Tetrachlorobenzene",C1=C(C=C(C(=C1Cl)Cl)Cl)Cl,11136,634-90-2,QZYNWJQFTJXIRN-UHFFFAOYSA-N,215.9
"1,2,3,5-Tetramethylbenzene",CC1=CC(=C(C(=C1)C)C)C,9428,527-53-7,BFIMMTCNYPIMRN-UHFFFAOYSA-N,134.22
"1,2,3,6,7,8-Hexachlorodibenzo-P-dioxin",C1=C2C(=C(C(=C1Cl)Cl)Cl)OC3=CC(=C(C(=C3O2)Cl)Cl)Cl,10135,57653-85-7,YCLUIPQDHHPDJJ-UHFFFAOYSA-N,390.9
"1,2,3,6,7,8-Hexachlorodibenzofuran",C1=C2C3=C(C(=C(C=C3OC2=C(C(=C1Cl)Cl)Cl)Cl)Cl)Cl,10072,57117-44-9,JEYJJJXOFWNEHN-UHFFFAOYSA-N,374.9
"1,2,3,6,7,8-Hexahydropyrene",C1CC2=C3C(=CC=C4C3=C(CCC4)C=C2)C1,4077,1732-13-4,MBAIEZXRGAOPKH-UHFFFAOYSA-N,208.3
"1,2,3,6-Tetrahydro-3-methylphthalic anhydride",CC1C=CCC2C1C(=O)OC2=O,9509,5333-84-6,XPEKVUUBSDFMDR-UHFFFAOYSA-N,166.17
"1,2,3,6-Tetrahydromethylphthalic anhydride",CC12CC=CCC1C(=O)OC2=O,6276,26590-20-5,SOOZEQGBHHIHEF-UHFFFAOYSA-N,166.17
"1,2,3,7,8,9-Hexachlorodibenzo-P-dioxin",C1=C2C(=C(C(=C1Cl)Cl)Cl)OC3=C(C(=C(C=C3O2)Cl)Cl)Cl,4562,19408-74-3,LGIRBUBHIWTVCK-UHFFFAOYSA-N,390.9
"1,2,3,7,8,9-Hexachlorodibenzofuran",C1=C2C(=C(C(=C1Cl)Cl)Cl)C3=C(C(=C(C=C3O2)Cl)Cl)Cl,13107,72918-21-9,PYUSJFJVDVSXIU-UHFFFAOYSA-N,374.9
"1,2,3,7,8-Pentachlorodibenzo-P-dioxin",C1=C2C(=CC(=C1Cl)Cl)OC3=C(C(=C(C=C3O2)Cl)Cl)Cl,8256,40321-76-4,FSPZPQQWDODWAU-UHFFFAOYSA-N,356.4
"1,2,3,7,8-Pentachlorodibenzofuran",C1=C2C(=CC(=C1Cl)Cl)OC3=CC(=C(C(=C23)Cl)Cl)Cl,10071,57117-41-6,SBMIVUVRFPGOEB-UHFFFAOYSA-N,340.4
"1,2,3-Propanetricarboxamide, N1,N2,N3-tris(2-methylcyclohexyl)-",CC1CCCCC1NC(=O)CC(CC(=O)NC2CCCCC2C)C(=O)NC3CCCCC3C,3671,160535-46-6,NWDVCUXGELFJOC-UHFFFAOYSA-N,461.7
"1,2,3-Propanetricarboxylic acid, 2-(acetyloxy)-, trihexyl ester",CCCCCCOC(=O)CC(CC(=O)OCCCCCC)(C(=O)OCCCCCC)OC(=O)C,5527,24817-92-3,TUUQISRYLMFKOG-UHFFFAOYSA-N,486.6
"1,2,3-Propanetricarboxylic acid, 2-hydroxy-, isodecyl ester",CC(C)CCCCCCCOC(=O)CC(CC(=O)O)(C(=O)O)O,15282,90605-17-7,BYZJEUMAMGGQNP-UHFFFAOYSA-N,332.39
"1,2,3-Propanetriol, diacetate",CC(=O)OCC(CO)OC(=O)C,291,102-62-5,UXDDRFCJKNROTO-UHFFFAOYSA-N,176.17
"1,2,3-Propanetriol, diacetate",CC(=O)OCC(CO)OC(=O)C,16238,25395-31-7,UXDDRFCJKNROTO-UHFFFAOYSA-N,176.17
"1,2,3-Tribromo-dibenzofuran",C1=CC=C2C(=C1)C3=C(C(=C(C=C3O2)Br)Br)Br,436,103456-41-3,XDHQNCQRLUFFIB-UHFFFAOYSA-N,404.88
"1,2,3-Tribromooxanthrene",C1=CC=C2C(=C1)OC3=CC(=C(C(=C3O2)Br)Br)Br,433,103456-38-8,KZPCRMUPGLGTEF-UHFFFAOYSA-N,420.88
"1,2,3-Trichlorobenzene",C1=CC(=C(C(=C1)Cl)Cl)Cl,1601,12002-48-1,RELMFMZEBKVZJC-UHFFFAOYSA-N,181.4
"1,2,3-Trichlorobenzene",C1=CC(=C(C(=C1)Cl)Cl)Cl,14784,87-61-6,RELMFMZEBKVZJC-UHFFFAOYSA-N,181.4
"1,2,3-Trichloropropane",C(C(CCl)Cl)Cl,15871,96-18-4,CFXQEHVMCRXUSD-UHFFFAOYSA-N,147.43
"1,2,3-Trichloropropene",C(/C(=C/Cl)/Cl)Cl,2304,13116-57-9,HIILBTHBHCLUER-IWQZZHSRSA-N,145.41
"1,2,3-Trideoxy-4,6:5,7-bis-O-((4-propylphenyl)methylene)-nonitol",CCCC1C2C(C(OC(O2)C3=CC=C(C=C3)CCC)C(CO)O)OC(O1)C4=CC=C(C=C4)CCC,14884,882073-43-0,PIYNPBVOTLQBTC-UHFFFAOYSA-N,484.6
"1,2,3-Trimethyl-4-((E)-prop-1-enyl)naphthalene",C/C=C/C1=C(C(=C(C2=CC=CC=C21)C)C)C,6117,26137-53-1,GIAJIAFLVKUTLY-VMPITWQZSA-N,210.31
"1,2,3-Trimethyl-4-(3-methylbutyl)benzene",CC1=C(C(=C(C=C1)CCC(C)C)C)C,842,107997-59-1,OXSWQPRWBPNIAX-UHFFFAOYSA-N,190.32
"1,2,3-Trimethylcyclohexane",CC1CCCC(C1C)C,3918,1678-81-5,DQTVJLHNWPRPPH-UHFFFAOYSA-N,126.24
"1,2,3-Trimethylnaphthalene",CC1=CC2=CC=CC=C2C(=C1C)C,14846,879-12-9,RQHPYGROUIBUSW-UHFFFAOYSA-N,170.25
"1,2,3-Triphenylguanidine",C1=CC=C(C=C1)NC(=NC2=CC=CC=C2)NC3=CC=CC=C3,151,101-01-9,FUPAJKKAHDLPAZ-UHFFFAOYSA-N,287.4
"1,2,4,5,7-Pentachloronaphthalene",C1=C(C=C(C2=C1C(=C(C=C2Cl)Cl)Cl)Cl)Cl,2404,1321-64-8,WYLDWCYZCFRVRH-UHFFFAOYSA-N,300.4
"1,2,4,5-Tetrachlorobenzene",C1=C(C(=CC(=C1Cl)Cl)Cl)Cl,15777,95-94-3,JHBKHLUZVFWLAG-UHFFFAOYSA-N,215.9
"1,2,4,5-Tetramethylbenzene",CC1=CC(=C(C=C1C)C)C,15776,95-93-2,SQNZJJAZBFDUTD-UHFFFAOYSA-N,134.22
"1,2,4-Benzenetricarboxylic acid",C1=CC(=C(C=C1C(=O)O)C(=O)O)C(=O)O,9442,528-44-9,ARCGXLSVLAOJQL-UHFFFAOYSA-N,210.14
"1,2,4-Benzenetricarboxylic Acid 1,2-Bis(2-ethylhexyl) Ester",CCCCC(CC)COC(=O)C1=C(C=C(C=C1)C(=O)O)C(=O)OCC(CC)CCCC,17419,,UVGGJHWAFDJNPJ-UHFFFAOYSA-N,434.6
"1,2,4-Butanetriol",C(CO)C(CO)O,7088,3068-00-6,ARXKVVRQIIOZGF-UHFFFAOYSA-N,106.12
"1,2,4-Triazole",C1=NC=NN1,6758,288-88-0,NSPMIYGKQJPBQR-UHFFFAOYSA-N,69.07
"1,2,4-Trichlorobenzene",C1=CC(=C(C=C1Cl)Cl)Cl,1584,120-82-1,PBKONEOXTCPAFI-UHFFFAOYSA-N,181.4
"1,2,4-Trimethyl-3-nitrobicyclo[3.3.1]nonan-9-one",CC1C2CCCC(C2=O)(C(C1[N+](=O)[O-])C)C,2187,129967-65-3,YAQCJOZXWLXCHO-UHFFFAOYSA-N,225.28
"1,2,4-Trimethylbenzene",CC1=CC(=C(C=C1)C)C,15763,95-63-6,GWHJZXXIDMPWGX-UHFFFAOYSA-N,120.19
"1,2,4-Trimethylpiperazine",CC1CN(CCN1C)C,1586,120-85-4,UAIVFDJJMVMUGY-UHFFFAOYSA-N,128.22
"1,2,4-Trithiolane",C1SCSS1,6772,289-16-7,QHGFEUAAQKJXDI-UHFFFAOYSA-N,124.3
"1,2,4-Trivinylcyclohexane",C=CC1CCC(C(C1)C=C)C=C,6702,2855-27-8,KTRQRAQRHBLCSQ-UHFFFAOYSA-N,162.27
"1,2,5,6-Tetrabromocyclooctane",C1CC(C(CCC(C1Br)Br)Br)Br,7303,3194-57-8,RZLXIANUDLLFHN-UHFFFAOYSA-N,427.8
"1,2,6-Hexanetriol",C(CCO)CC(CO)O,667,106-69-4,ZWVMLYRJXORSEP-UHFFFAOYSA-N,134.17
"1,2-15,16-Diepoxyhexadecane",C1C(O1)CCCCCCCCCCCCC2CO2,14147,800375-27-3,KHOGZDMZNQXOFX-UHFFFAOYSA-N,254.41
"1,2-15,16-Diepoxyhexadecane",C1C(O1)CCCCCCCCCCCCC2CO2,16593,,KHOGZDMZNQXOFX-UHFFFAOYSA-N,254.41
"1,2-Benzenedicarboxylic acid, monopentyl ester",CCCCCOC(=O)C1=CC=CC=C1C(=O)O,5463,24539-56-8,FPGPRAKRYDSZAW-UHFFFAOYSA-N,236.26
"1,2-Benzisothiazol-3(2H)-one",C1=CC=C2C(=C1)C(=O)NS2,6185,2634-33-5,DMSMPAJRVJJAGA-UHFFFAOYSA-N,151.19
"1,2-Benzisothiazol-3(2H)-one, 2-butyl-",CCCCN1C(=O)C2=CC=CC=C2S1,8536,4299-07-4,LUYIHWDYPAZCNN-UHFFFAOYSA-N,207.29
"1,2-Benzisothiazole",C1=CC=C2C(=C1)C=NS2,6453,272-16-2,CSNIZNHTOVFARY-UHFFFAOYSA-N,135.19
"1,2-Bis(2-isocyanatopropan-2-yl)benzene",CC(C)(C1=CC=CC=C1C(C)(C)N=C=O)N=C=O,10186,58067-42-8,NNOZGCICXAYKLW-UHFFFAOYSA-N,244.29
"1,2-Bis(2-mercaptoethoxy)ethane",C(COCCS)OCCS,3319,14970-87-7,HCZMHWVFVZAHCR-UHFFFAOYSA-N,182.3
"1,2-Bis(chlorodimethylsilyl)ethane",C[Si](C)(CC[Si](C)(C)Cl)Cl,2681,13528-93-3,VGQOKOYKFDUPPJ-UHFFFAOYSA-N,215.26
"1,2-Bis(p-(2-hydroxyethoxycarbonyl)benzoyloxy)ethane",C1=CC(=CC=C1C(=O)OCCO)C(=O)OCCOC(=O)C2=CC=C(C=C2)C(=O)OCCO,4942,2144-69-6,SMNDVBDBKRCKDY-UHFFFAOYSA-N,446.4
"1,2-Bis(triethoxysilyl)ethane",CCO[Si](CC[Si](OCC)(OCC)OCC)(OCC)OCC,3681,16068-37-4,IZRJPHXTEXTLHY-UHFFFAOYSA-N,354.59
"1,2-Bis(trimethoxysilyl)ethane",CO[Si](CC[Si](OC)(OC)OC)(OC)OC,4318,18406-41-2,JCGDCINCKDQXDX-UHFFFAOYSA-N,270.43
"1,2-Bis(trimethylsiloxy)ethane",C[Si](C)(C)OCCO[Si](C)(C)C,13211,7381-30-8,JGWFUSVYECJQDT-UHFFFAOYSA-N,206.43
"1,2-Butadiene",CC=C=C,10316,590-19-2,QNRMTGGDHLBXQZ-UHFFFAOYSA-N,54.09
"1,2-Butanediol",CCC(CO)O,10229,584-03-2,BMRWNKZVCUKKSR-UHFFFAOYSA-N,90.12
"1,2-Cyclohexanediamine",C1CCC(C(C1)N)N,12642,694-83-7,SSJXIUAHEKJCMH-UHFFFAOYSA-N,114.19
"1,2-Cyclohexanedicarboxylic acid",C1CCC(C(C1)C(=O)O)C(=O)O,3940,1687-30-5,QSAWQNUELGIYBC-UHFFFAOYSA-N,172.18
"1,2-Cyclohexanedicarboxylic acid, 1-butyl 2-(phenylmethyl) ester",CCCCOC(=O)C1CCCCC1C(=O)OCC2=CC=CC=C2,1626,1200806-67-2,AUJGRANHLVYNRP-UHFFFAOYSA-N,318.4
"1,2-Cyclohexanedicarboxylic acid, 3,5-dimethylcyclohexyl nonyl ester",CCCCCCCCCOC(=O)C1CCCCC1C(=O)OC2CC(CC(C2)C)C,17821,,QUDRMGFSMXKFSN-UHFFFAOYSA-N,408.6
"1,2-Cyclohexanedicarboxylic acid, cyclohexylmethyl nonyl ester",CCCCCCCCCOC(=O)C1CCCCC1C(=O)OCC2CCCCC2,17775,,UXPSBBXEVRMWFI-UHFFFAOYSA-N,394.6
"1,2-Cyclohexanedicarboxylic acid, mono(2-((2-methyl-1-oxo-2-propenyl)oxy)ethyl) ester",CC(=C)C(=O)OCCOC(=O)C1CCCCC1C(=O)O,9192,51252-88-1,GWFCWZQFUSJPRE-UHFFFAOYSA-N,284.3
"1,2-Cyclohexanediol",C1CCC(C(C1)O)O,15573,931-17-9,PFURGBBHAOXLIO-UHFFFAOYSA-N,116.16
"1,2-Cyclohexanediol, 1-methyl-4-(1-methylethenyl)-",CC(=C)C1CCC(C(C1)O)(C)O,4568,1946-00-5,WKZWTZTZWGWEGE-UHFFFAOYSA-N,170.25
"1,2-Cyclohexanedione",C1CCC(=O)C(=O)C1,13665,765-87-7,OILAIQUEIWYQPH-UHFFFAOYSA-N,112.13
"1,2-Decanediol",CCCCCCCCC(CO)O,1195,1119-86-4,YSRSBDQINUMTIF-UHFFFAOYSA-N,174.28
"1,2-Di-p-tolylethane",CC1=CC=C(C=C1)CCC2=CC=C(C=C2)C,9558,538-39-6,XCCQFUHBIRHLQT-UHFFFAOYSA-N,210.31
"1,2-Diaminopropane",CC(CN)N,13979,78-90-0,AOHJOMMDDJHIJH-UHFFFAOYSA-N,74.13
"1,2-Dibromo-2,4-dicyanobutane",C(CC(CBr)(C#N)Br)C#N,7753,35691-65-7,DHVLDKHFGIVEIP-UHFFFAOYSA-N,265.93
"1,2-Dibromo-3-(2-bromophenoxy)benzene",C1=CC=C(C(=C1)OC2=C(C(=CC=C2)Br)Br)Br,3225,147217-74-1,VRNGWCVCSHJUEJ-UHFFFAOYSA-N,406.89
"1,2-Dibromo-3-(3-bromophenoxy)benzene",C1=CC(=CC(=C1)Br)OC2=C(C(=CC=C2)Br)Br,3227,147217-76-3,RQJUBSPXDSGLRB-UHFFFAOYSA-N,406.89
"1,2-Dibromo-4-(1,2-dibromoethyl)cyclohexane",C1CC(C(CC1C(CBr)Br)Br)Br,7471,3322-93-8,PQRRSJBLKOPVJV-UHFFFAOYSA-N,427.8
"1,2-Dibromo-4-(3-bromophenoxy)benzene",C1=CC(=CC(=C1)Br)OC2=CC(=C(C=C2)Br)Br,3231,147217-80-9,CDVYKQPKJYPWRO-UHFFFAOYSA-N,406.89
"1,2-Dibromo-dibenzofuran",C1=CC=C2C(=C1)C3=C(O2)C=CC(=C3Br)Br,435,103456-40-2,GPOPKCSRDACCHP-UHFFFAOYSA-N,325.98
"1,2-Dibromoethane",C(CBr)Br,681,106-93-4,PAAZPARNPHGIKF-UHFFFAOYSA-N,187.86
"1,2-Dibromooxanthrene",C1=CC=C2C(=C1)OC3=C(O2)C(=C(C=C3)Br)Br,432,103456-37-7,MKXZILBIAQNODC-UHFFFAOYSA-N,341.98
"1,2-Dibutylcyclopropane",CCCCC1CC1CCCC,8429,41977-32-6,NFTQIMBYKJVJIT-UHFFFAOYSA-N,154.29
"1,2-Dichloro-1-fluoroethane",C(C(F)Cl)Cl,8538,430-57-9,NDKGUMMLYBINOC-UHFFFAOYSA-N,116.95
"1,2-Dichloro-3-(chloromethyl)benzene",C1=CC(=C(C(=C1)Cl)Cl)CCl,17202,,AIPJZPPOFWCJRC-UHFFFAOYSA-N,195.5
"1,2-Dichloro-3-[(2,3-dichlorophenyl)methyl]-4-methylbenzene",CC1=C(C(=C(C=C1)Cl)Cl)CC2=C(C(=CC=C2)Cl)Cl,13619,76253-60-6,VFDKJOGFZHCXDA-UHFFFAOYSA-N,320
"1,2-Dichlorobenzene",C1=CC=C(C(=C1)Cl)Cl,5845,25321-22-6,RFFLAFLAYFXFSW-UHFFFAOYSA-N,147
"1,2-Dichlorobenzene",C1=CC=C(C(=C1)Cl)Cl,15756,95-50-1,RFFLAFLAYFXFSW-UHFFFAOYSA-N,147
"1,2-Dichloroethane",C(CCl)Cl,753,107-06-2,WSLDOOZREJYCGB-UHFFFAOYSA-N,98.96
"1,2-Dichloroethylene",C(=CCl)Cl,9598,540-59-0,KFUSEUYYWQURPO-UHFFFAOYSA-N,96.94
"1,2-Dichloropropane",CC(CCl)Cl,13976,78-87-5,KNKRKFALVUDBJE-UHFFFAOYSA-N,112.98
"1,2-Diethoxyethane",CCOCCOCC,11023,629-14-1,LZDKZFUFMNSQCJ-UHFFFAOYSA-N,118.17
"1,2-Diethyl-1-hexylcyclohexane",CCCCCCC1(CCCCC1CC)CC,51,100182-46-5,VIELUKCWCINATC-UHFFFAOYSA-N,224.42
"1,2-Diethyl-3,4-dimethylbenzene",CCC1=C(C(=C(C=C1)C)C)CC,6613,28013-18-5,FAWZMJHFENIDPI-UHFFFAOYSA-N,162.27
"1,2-Difluoroethane",C(CF)F,10953,624-72-6,AHFMSNDOYCFEPH-UHFFFAOYSA-N,66.05
"1,2-Dihydro-2,2,4-trimethyl-6-phenylquinoline",CC1=CC(NC2=C1C=C(C=C2)C3=CC=CC=C3)(C)C,7745,3562-69-4,XKBGEVHKVFIMLY-UHFFFAOYSA-N,249.3
"1,2-Dihydro-6-hydroxy-1,4-dimethyl-2-oxo-5-[[3-[(phenylsulphonyl)oxy]phenyl]azo]nicotinonitrile",CC1=C(C(=O)N(C(=C1C#N)O)C)N=NC2=CC(=CC=C2)OS(=O)(=O)C3=CC=CC=C3,10381,59312-61-7,NNRSGUGASARXPY-UHFFFAOYSA-N,424.4
"1,2-Dihydronaphthalene",C1CC2=CC=CC=C2C=C1,8732,447-53-0,KEIFWROAQVVDBN-UHFFFAOYSA-N,130.19
"1,2-Diisopropylbenzene",CC(C)C1=CC=CC=C1C(C)C,5844,25321-09-9,OKIRBHVFJGXOIS-UHFFFAOYSA-N,162.27
"1,2-Dimethoxyethane",COCCOC,1015,110-71-4,XTHFKEDIFFGKHM-UHFFFAOYSA-N,90.12
"1,2-Dimethyl-4,5-bis(1-phenylethyl)benzene",CC1=CC(=C(C=C1C)C(C)C2=CC=CC=C2)C(C)C3=CC=CC=C3,9247,51580-93-9,QUJHQCRVGWYNKQ-UHFFFAOYSA-N,314.5
"1,2-Dimethyl-4-[1-[(1-phenylethyl)phenyl]ethyl]benzene",CC1=C(C=C(C=C1)C(C)(CCC2=CC=CC=C2)C3=CC=CC=C3)C,10088,57213-94-2,ZZMDTHIZLUEJET-UHFFFAOYSA-N,314.5
"1,2-Dimethyldibenzothiophene",CC1=C(C2=C(C=C1)SC3=CC=CC=C32)C,7207,31317-14-3,AXDZBUZLJGBONR-UHFFFAOYSA-N,212.31
"1,2-Dimethylnaphthalene",CC1=C(C2=CC=CC=C2C=C1)C,10095,573-98-8,QNLZIZAQLLYXTC-UHFFFAOYSA-N,156.22
"1,2-Dimethylnaphthalene",CC1=C(C2=CC=CC=C2C=C1)C,16256,28804-88-8,QNLZIZAQLLYXTC-UHFFFAOYSA-N,156.22
"1,2-Dimethylphenanthrene",CC1=C(C2=C(C=C1)C3=CC=CC=C3C=C2)C,4712,20291-72-9,ASWRLTWCQYWZFL-UHFFFAOYSA-N,206.28
"1,2-Dimethylpropyl-cyclohexane",CC(C)C(C)C1CCCCC1,9195,51284-29-8,FGMIBQACCWIIBU-UHFFFAOYSA-N,154.29
"1,2-Diphenoxyethane",C1=CC=C(C=C1)OCCOC2=CC=CC=C2,495,104-66-5,XCSGHNKDXGYELG-UHFFFAOYSA-N,214.26
"1,2-Diphenylcyclobutane",C1CC(C1C2=CC=CC=C2)C3=CC=CC=C3,6991,3018-21-1,AERGGMDNGDDGPI-UHFFFAOYSA-N,208.3
"1,2-Diphenylcyclopropane",C1C(C1C2=CC=CC=C2)C3=CC=CC=C3,6931,29881-14-9,ZSIYTDQNAOYUNE-UHFFFAOYSA-N,194.27
"1,2-Diphenylhydrazine",C1=CC=C(C=C1)NNC2=CC=CC=C2,1799,122-66-7,YBQZXXMEJHZYMB-UHFFFAOYSA-N,184.24
"1,2-Diphenylpropane",CC(CC1=CC=CC=C1)C2=CC=CC=C2,10197,5814-85-7,XLWCIHPMASUXPI-UHFFFAOYSA-N,196.29
"1,2-Dipropylhydrazine",CCCNNCCC,3721,1615-83-4,BOOQVRGRSDTZRZ-UHFFFAOYSA-N,116.2
"1,2-Divinylbenzene",C=CC1=CC=CC=C1C=C,2405,1321-74-0,MYRTYDVEIRVNKP-UHFFFAOYSA-N,130.19
"1,2-Epoxy-3,3,3-trichloropropane",C1C(O1)C(Cl)(Cl)Cl,7135,3083-23-6,VFEXYZINKMLLAK-UHFFFAOYSA-N,161.41
"1,2-Epoxy-4-vinylcyclohexane",C=CC1CCC2C(C1)O2,674,106-86-5,SLJFKNONPLNAPF-UHFFFAOYSA-N,124.18
"1,2-Epoxy-9-decene",C=CCCCCCCC1CO1,14705,85721-25-1,FCZHJHKCOZGQJZ-UHFFFAOYSA-N,154.25
"1,2-Epoxybutane",CCC1CO1,676,106-88-7,RBACIKXCRWGCBB-UHFFFAOYSA-N,72.11
"1,2-Epoxycyclooctane",C1CCCC2C(O2)CC1,6712,286-62-4,MELPJGOMEMRMPL-UHFFFAOYSA-N,126.2
"1,2-Epoxycyclooctane",C1CCCC2C(O2)CC1,8972,4925-71-7,MELPJGOMEMRMPL-UHFFFAOYSA-N,126.2
"1,2-Epoxydodecane",CCCCCCCCCCC1CO1,6701,2855-19-8,MPGABYXKKCLIRW-UHFFFAOYSA-N,184.32
"1,2-Epoxyhexadecane",CCCCCCCCCCCCCCC1CO1,13148,7320-37-8,DSZTYVZOIUIIGA-UHFFFAOYSA-N,240.42
"1,2-Epoxyperfluorobutane",C1(C(O1)(F)F)(C(C(F)(F)F)(F)F)F,7914,3709-90-8,ZEZAFHZIZCXHGO-UHFFFAOYSA-N,216.03
"1,2-Epoxytetradecane",CCCCCCCCCCCCC1CO1,7342,3234-28-4,IOHJQSFEAYDZGF-UHFFFAOYSA-N,212.37
"1,2-Ethanediamine, N-(2-aminoethyl)-N,N',N'-trimethyl-",CN(C)CCN(C)CCN,7502,33451-85-3,KRDDBYPPQLOAPV-UHFFFAOYSA-N,145.25
"1,2-Ethanediol monoricinoleate",CCCCCC[C@H](C/C=C\CCCCCCCC(=O)OCCO)O,638,106-17-2,XLMXUUQMSMKFMH-UZRURVBFSA-N,342.5
"1,2-Hexanediol",CCCCC(CO)O,12608,6920-22-5,FHKSXSQHXQEMOK-UHFFFAOYSA-N,118.17
"1,2-Octanediol",CCCCCCC(CO)O,1185,1117-86-8,AEIJTFQOBWATKX-UHFFFAOYSA-N,146.23
"1,2-Octanedisulfonic acid",CCCCCCC(CS(=O)(=O)O)S(=O)(=O)O,1327,113669-58-2,QZQALQWPHXLKSP-UHFFFAOYSA-N,274.4
"1,2-Pentanediol",CCCC(CO)O,9523,5343-92-0,WCVRQHFDJLLWFE-UHFFFAOYSA-N,104.15
"1,3,2-Dioxaphosphorinane, 2,2'-oxybis[5,5-dimethyl-, 2,2'-disulfide",CC1(COP(=S)(OC1)OP2(=S)OCC(CO2)(C)C)C,8315,4090-51-1,GAUFKBQSTGCCOC-UHFFFAOYSA-N,346.3
"1,3,2-Dioxaphosphorinane, 5-butyl-5-ethyl-2-[2,4,6-tris(1,1-dimethylethyl)phenoxy]-",CCCCC1(COP(OC1)OC2=C(C=C(C=C2C(C)(C)C)C(C)(C)C)C(C)(C)C)CC,3727,161717-32-4,HVDJXXVDNDLBQY-UHFFFAOYSA-N,450.6
"1,3,3,3-Tetrafluoroprop-1-ene",C(=C/F)\C(F)(F)F,3842,1645-83-6,CDOOAUSHHFGWSA-OWOJBTEDSA-N,114.04
"1,3,3,3-Tetrafluoroprop-1-ene",C(=C/F)\C(F)(F)F,6806,29118-24-9,CDOOAUSHHFGWSA-OWOJBTEDSA-N,114.04
"1,3,4-Thiadiazole-2(3H)-thione, 5,5'-dithiobis-",C1(=S)NN=C(S1)SSC2=NNC(=S)S2,13075,72676-55-2,DJCISYVIXPWVHY-UHFFFAOYSA-N,298.5
"1,3,5,7-Cyclooctatetraene-1-carboxaldehyde",C\1=C\C=C/C(=C\C=C1)/C=O,16595,,QWHLSJXJDKVIGT-GZBLUONOSA-N,132.16
"1,3,5,7-Tetrabromocyclooctane",C1C(CC(CC(CC1Br)Br)Br)Br,7224,31454-48-5,RTLBBTQCDMYRRE-UHFFFAOYSA-N,427.8
"1,3,5-Benzenetricarbonyl trichloride",C1=C(C=C(C=C1C(=O)Cl)C(=O)Cl)C(=O)Cl,8594,4422-95-1,UWCPYKQBIPYOLX-UHFFFAOYSA-N,265.5
"1,3,5-Benzenetricarboxylic acid",C1=C(C=C(C=C1C(=O)O)C(=O)O)C(=O)O,9814,554-95-0,QMKYBPDZANOJGF-UHFFFAOYSA-N,210.14
"1,3,5-Cycloheptatriene, 6-methyl-1-(6-methyl-1,3,5-cycloheptatrien-1-yl)-",CC1=CC=CC=C(C1)C2=CC=CC=C(C2)C,4389,1875-61-2,GUWONITUJMNJPA-UHFFFAOYSA-N,210.31
"1,3,5-Tri-tert-butylbenzene",CC(C)(C)C1=CC(=CC(=C1)C(C)(C)C)C(C)(C)C,3175,1460-02-2,GUFMBISUSZUUCB-UHFFFAOYSA-N,246.4
"1,3,5-Triazin-2(1H)-one, 5-ethyltetrahydro-1,3-bis(hydroxymethyl)-",CCN1CN(C(=O)N(C1)CO)CO,2567,134-97-4,PTNSEMBHJXYTES-UHFFFAOYSA-N,189.21
"1,3,5-Triazine-2,4,6(1H,3H,5H)-trione, trihydrazone",C1(=NC(=NC(=N1)NN)NN)NN,199,10105-42-7,CZGWDPMDAIPURF-UHFFFAOYSA-N,171.17
"1,3,5-Triazine-2,4,6-tris(2-hydroxyethyl)tris(methacrylate)",CC(=C)C(=O)OCCC1=NC(=NC(=N1)CCOC(=O)C(=C)C)CCOC(=O)C(=C)C,12457,68845-21-6,AGEXUCKZTAUZJM-UHFFFAOYSA-N,417.5
"1,3,5-Trichlorobenzene",C1=C(C=C(C=C1Cl)Cl)Cl,878,108-70-3,XKEFYDZQGKAQCN-UHFFFAOYSA-N,181.4
"1,3,5-Triethylhexahydro-s-triazine",CCN1CN(CN(C1)CC)CC,13849,7779-27-3,XYRTVIAPRQLSOW-UHFFFAOYSA-N,171.28
"1,3,5-Trimethyl-2-propylbenzene",CCCC1=C(C=C(C=C1C)C)C,8922,4810-04-2,CDDRKPHVEQMWKP-UHFFFAOYSA-N,162.27
"1,3,5-Trioxane",C1OCOCO1,1022,110-88-3,BGJSXRVXTHVRSN-UHFFFAOYSA-N,90.08
"1,3,5-Triphenyl-4,5-dihydro-1H-pyrazole",C1C(N(N=C1C2=CC=CC=C2)C3=CC=CC=C3)C4=CC=CC=C4,13252,742-01-8,FGCZQOHSWGMVPN-UHFFFAOYSA-N,298.4
"1,3,5-Triphenylbenzene",C1=CC=C(C=C1)C2=CC(=CC(=C2)C3=CC=CC=C3)C4=CC=CC=C4,10607,612-71-5,SXWIAEOZZQADEY-UHFFFAOYSA-N,306.4
"1,3,5-Triphenylcyclohexane",C1C(CC(CC1C2=CC=CC=C2)C3=CC=CC=C3)C4=CC=CC=C4,6669,28336-57-4,YVPJVAWPIRGOJN-UHFFFAOYSA-N,312.4
"1,3,5-Triphenylhexane",CC(CC(CCC1=CC=CC=C1)C2=CC=CC=C2)C3=CC=CC=C3,4041,17293-59-3,SLSYKXXGNBFGEK-UHFFFAOYSA-N,314.5
"1,3,5-Tris(2,2-dimethylpropionylamino)benzene",CC(C)(C)C(=O)NC1=CC(=CC(=C1)NC(=O)C(C)(C)C)NC(=O)C(C)(C)C,13378,745070-61-5,CPEULHAPWXMDDV-UHFFFAOYSA-N,375.5
"1,3,5-Tris(6-isocyanatohexyl)biuret",C(CCCN=C=O)CCNC(=O)N(CCCCCCN=C=O)C(=O)NCCCCCCN=C=O,8257,4035-89-6,QKOWXXDOHMJOMQ-UHFFFAOYSA-N,478.6
"1,3,5-Tris[3-(dimethylamino)propyl]hexahydro-1,3,5-triazine",CN(C)CCCN1CN(CN(C1)CCCN(C)C)CCCN(C)C,3619,15875-13-5,FZQMJOOSLXFQSU-UHFFFAOYSA-N,342.6
"1,3,6,10-Cyclotetradecatetraene, 14-isopropyl-3,7,11-trimethyl-, (+)-",C/C/1=C/CC/C(=C\C/C=C(\C=C/C(CC1)C(C)C)/C)/C,4481,1898-13-1,DMHADBQKVWXPPM-HJGUKDBDSA-N,272.5
"1,3,6,9,11,14-Hexaoxacyclohexadecane",C1COCOCCOCCOCOCCO1,13372,74485-37-3,ZHVSEGINSVAYOE-UHFFFAOYSA-N,236.26
"1,3,8-Trimethylnaphthalene",CC1=C2C(=CC(=CC2=CC=C1)C)C,6720,28652-77-9,XYTKCJHHXQVFCK-UHFFFAOYSA-N,170.25
"1,3-Adamantanediacetic acid",C1C2CC3(CC1CC(C2)(C3)CC(=O)O)CC(=O)O,4177,17768-28-4,UTENGZNBNPABQE-UHFFFAOYSA-N,252.31
"1,3-Adamantanedicarboxylic acid",C1C2CC3(CC1CC(C2)(C3)C(=O)O)C(=O)O,8159,39269-10-8,PAVQGHWQOQZQEH-UHFFFAOYSA-N,224.25
"1,3-Adamantanediol",C1C2CC3(CC1CC(C2)(C3)O)O,9034,5001-18-3,MOLCWHCSXCKHAP-UHFFFAOYSA-N,168.23
"1,3-Benzenediamine, 2,4-diethyl-6-methyl-",CCC1=C(C(=C(C(=C1)C)N)CC)N,4859,2095-02-5,PISLZQACAJMAIO-UHFFFAOYSA-N,178.27
"1,3-Benzenediamine, 4,4'-[(4-methoxy-1,3-phenylene)bis(azo)]bis-",COC1=C(C=C(C=C1)N=NC2=C(C=C(C=C2)N)N)N=NC3=C(C=C(C=C3)N)N,11170,6358-83-4,GYSUSQZGUOGDNB-UHFFFAOYSA-N,376.4
"1,3-Benzenediamine, 4,6-diethyl-2-methyl-",CCC1=CC(=C(C(=C1N)C)N)CC,4858,2095-01-4,RQEOBXYYEPMCPJ-UHFFFAOYSA-N,178.27
"1,3-Benzenediamine, N,N,N',N'-tetrakis(3-methylphenyl)-",CC1=CC(=CC=C1)N(C2=CC(=CC=C2)N(C3=CC=CC(=C3)C)C4=CC=CC(=C4)C)C5=CC=CC(=C5)C,2015,124591-08-8,SBFJWYYUVYESMJ-UHFFFAOYSA-N,468.6
"1,3-Benzenedicarbonitrile, 2-((4-(diethylamino)-2-methylphenyl)azo)-5-methyl-",CCN(CC)C1=CC(=C(C=C1)N=NC2=C(C=C(C=C2C#N)C)C#N)C,13515,75198-96-8,JZTRIZGUGUEXRN-UHFFFAOYSA-N,331.4
"1,3-Benzenedicarboxamide, N,N'-bis(2,2,6,6-tetramethyl-4-piperidinyl)-",CC1(CC(CC(N1)(C)C)NC(=O)C2=CC(=CC=C2)C(=O)NC3CC(NC(C3)(C)C)(C)C)C,8515,42774-15-2,OYNOCRWQLLIRON-UHFFFAOYSA-N,442.6
"1,3-Benzenedicarboxylic acid, 5-(2-(1-(((2,3-dihydro-2-oxo-1H-benzimidazol-5-yl)amino)carbonyl)-2-oxopropyl)diazenyl)-, 1,3-dimethyl ester",CC(=O)C(C(=O)NC1=CC2=C(C=C1)NC(=O)N2)N=NC3=CC(=CC(=C3)C(=O)OC)C(=O)OC,6939,29920-31-8,IHRACTUONPFMSI-UHFFFAOYSA-N,453.4
"1,3-Benzenedimethanol, 5,5'-(1-methylethylidene)bis[2-hydroxy-",CC(C)(C1=CC(=C(C(=C1)CO)O)CO)C2=CC(=C(C(=C2)CO)O)CO,8199,3957-22-0,ZRIRUWWYQXWRNY-UHFFFAOYSA-N,348.4
"1,3-Bis(1-isocyanato-1-methylethyl)benzene",CC(C)(C1=CC(=CC=C1)C(C)(C)N=C=O)N=C=O,6569,2778-42-9,AZYRZNIYJDKRHO-UHFFFAOYSA-N,244.29
"1,3-Bis(2-(7-oxabicyclo[4.1.0]heptan-3-yl)ethyl)-1,1,3,3-tetramethyldisiloxane",C[Si](C)(CCC1CCC2C(C1)O2)O[Si](C)(C)CCC3CCC4C(C3)O4,4387,18724-32-8,UQOXIKVRXYCUMT-UHFFFAOYSA-N,382.7
"1,3-Bis(2-ethylhexyl)cyclohexane",CCCCC(CC)CC1CCCC(C1)CC(CC)CCCC,14528,84753-08-2,DFIIJEHQGUKXKU-UHFFFAOYSA-N,308.6
"1,3-Bis(2-hydroxyethoxy)benzene",C1=CC(=CC(=C1)OCCO)OCCO,287,102-40-9,IAXFZZHBFXRZMT-UHFFFAOYSA-N,198.22
"1,3-Bis(3-aminophenoxy)benzene",C1=CC(=CC(=C1)OC2=CC(=CC=C2)OC3=CC=CC(=C3)N)N,598,10526-07-5,DKKYOQYISDAQER-UHFFFAOYSA-N,292.3
"1,3-Bis(3-aminopropyl)tetramethyldisiloxane",C[Si](C)(CCCN)O[Si](C)(C)CCCN,5505,2469-55-8,GPXCORHXFPYJEH-UHFFFAOYSA-N,248.51
"1,3-Bis(3-isocyanato-4-methylphenyl)-1,3-diazetidine-2,4-dione",CC1=C(C=C(C=C1)N2C(=O)N(C2=O)C3=CC(=C(C=C3)C)N=C=O)N=C=O,6327,26747-90-0,LOCPTSFJZDIICR-UHFFFAOYSA-N,348.3
"1,3-Bis(4,5-dihydro-2-oxazolyl)benzene",C1COC(=N1)C2=CC(=CC=C2)C3=NCCO3,7584,34052-90-9,HMOZDINWBHMBSQ-UHFFFAOYSA-N,216.24
"1,3-Bis(benzothiazol-2-ylthiomethyl)urea",C1=CC=C2C(=C1)N=C(S2)SCNC(=O)NCSC3=NC4=CC=CC=C4S3,15750,95-35-2,WYHIYIVTCWNVCW-UHFFFAOYSA-N,418.6
"1,3-Bis(isocyanatomethyl)benzene",C1=CC(=CC(=C1)CN=C=O)CN=C=O,7818,3634-83-1,RTTZISZSHSCFRH-UHFFFAOYSA-N,188.18
"1,3-Bis(isocyanatomethyl)cyclohexane",C1CC(CC(C1)CN=C=O)CN=C=O,8107,38661-72-2,XSCLFFBWRKTMTE-UHFFFAOYSA-N,194.23
"1,3-Bis(methoxymethyl)urea",COCNC(=O)NCOC,2966,141-07-1,XKALZGSIEJZJCZ-UHFFFAOYSA-N,148.16
"1,3-Bis(tert-butylperoxyisopropyl)benzene",CC(C)(C)OOC(C)(C)C1=CC(=CC=C1)C(C)(C)OOC(C)(C)C,5068,2212-81-9,UBRWPVTUQDJKCC-UHFFFAOYSA-N,338.5
"1,3-Bis(trimethylsilyl)urea",C[Si](C)(C)NC(=O)N[Si](C)(C)C,4303,18297-63-7,MASDFXZJIDNRTR-UHFFFAOYSA-N,204.42
"1,3-Bis[2-(4-aminophenyl)-2-propyl]benzene",CC(C)(C1=CC=C(C=C1)N)C2=CC(=CC=C2)C(C)(C)C3=CC=C(C=C3)N,6368,2687-27-6,KWOIWTRRPFHBSI-UHFFFAOYSA-N,344.5
"1,3-Bis[2-(4-hydroxyphenyl)-2-propyl]benzene",CC(C)(C1=CC=C(C=C1)O)C2=CC(=CC=C2)C(C)(C)C3=CC=C(C=C3)O,2715,13595-25-0,PVFQHGDIOXNKIC-UHFFFAOYSA-N,346.5
"1,3-Bis[3-(dimethylamino)propyl]urea",CN(C)CCCNC(=O)NCCCN(C)C,9352,52338-87-1,FCQPNTOQFPJCMF-UHFFFAOYSA-N,230.35
"1,3-Butadiene",C=CC=C,686,106-99-0,KAKZBPTYRLMSJV-UHFFFAOYSA-N,54.09
"1,3-Butadiene, 1,1,2-trichloro-",C=CC(=C(Cl)Cl)Cl,6698,2852-07-5,ZFBGKBGUMMBBMY-UHFFFAOYSA-N,157.42
"1,3-Butanediol diacrylate",CC(CCOC(=O)C=C)OC(=O)C=C,4573,19485-03-1,FQMIAEWUVYWVNB-UHFFFAOYSA-N,198.22
"1,3-Butyleneglycol dimethacrylate",CC(CCOC(=O)C(=C)C)OC(=O)C(=C)C,1498,1189-08-8,VDYWHVQKENANGY-UHFFFAOYSA-N,226.27
"1,3-Cycloheptadiene",C1CC=CC=CC1,8275,4054-38-0,GWYPDXLJACEENP-UHFFFAOYSA-N,94.15
"1,3-Cyclohexanedimethanamine",C1CC(CC(C1)CN)CN,6006,2579-20-6,QLBRROYTTDFLDX-UHFFFAOYSA-N,142.24
"1,3-Cyclohexanedimethanamine, N,N,N',N'-tetrakis(oxiranylmethyl)-",C1CC(CC(C1)CN(CC2CO2)CC3CO3)CN(CC4CO4)CC5CO5,11607,65992-66-7,HASUCEDGKYJBDC-UHFFFAOYSA-N,366.5
"1,3-Cyclohexanedimethanol",C1CC(CC(C1)CO)CO,8210,3971-28-6,LUSFFPXRDZKBMF-UHFFFAOYSA-N,144.21
"1,3-Cyclohexanedione, 2,5,5-trimethyl-",CC1C(=O)CC(CC1=O)(C)C,1293,1125-11-7,WJTGLPHMQKJRIX-UHFFFAOYSA-N,154.21
"1,3-Di-2-thienylthieno[3,4-c][1,2,5]thiadiazole-2-SIV",C1=CSC(=C1)C2=S=C(C3=NSN=C32)C4=CC=CS4,3355,150600-72-9,KXASLJJPAUTMIH-UHFFFAOYSA-N,306.5
"1,3-di-n-Propyladamantane",CCCC12CC3CC(C1)CC(C3)(C2)CCC,8235,40002-47-9,UHXVWOVRLUXCFE-UHFFFAOYSA-N,220.39
"1,3-Di-o-tolylguanidine",CC1=CC=CC=C1NC(=NC2=CC=CC=C2C)N,15918,97-39-2,OPNUROKCUBTKLF-UHFFFAOYSA-N,239.32
"1,3-Di-tert-butylbenzene",CC(C)(C)C1=CC(=CC=C1)C(C)(C)C,245,1014-60-4,ILNDSSCEZZFNGE-UHFFFAOYSA-N,190.32
"1,3-Diacetoxybenzene",CC(=O)OC1=CC(=CC=C1)OC(=O)C,871,108-58-7,STOUHHBZBQBYHH-UHFFFAOYSA-N,194.18
"1,3-Diacetylbenzene",CC(=O)C1=CC(=CC=C1)C(=O)C,11836,6781-42-6,VCHOFVSNWYPAEF-UHFFFAOYSA-N,162.18
"1,3-Diacetyloxypropan-2-yl icosanoate",CCCCCCCCCCCCCCCCCCCC(=O)OC(COC(=O)C)COC(=O)C,9819,55429-68-0,LJFXWMKIYBPHON-UHFFFAOYSA-N,470.7
"1,3-Diacetyloxypropan-2-yl tetradecanoate",CCCCCCCCCCCCCC(=O)OC(COC(=O)C)COC(=O)C,3067,14290-23-4,YNTJMPOFIBDASR-UHFFFAOYSA-N,386.5
"1,3-Diaminopentane",CCC(CCN)N,10292,589-37-7,WTSXICLFTPPDTL-UHFFFAOYSA-N,102.18
"1,3-Diaminopropane",C(CN)CN,947,109-76-2,XFNJVJPLKCPIBV-UHFFFAOYSA-N,74.13
"1,3-Diaminotetrafluorobenzene",C1(=C(C(=C(C(=C1F)F)F)N)F)N,1561,1198-63-6,FXGQUGCFZKMIJW-UHFFFAOYSA-N,180.1
"1,3-Diazetidine-2,4-dione",C1(=O)NC(=O)N1,8608,4455-27-0,PCHXZXKMYCGVFA-UHFFFAOYSA-N,86.05
"1,3-Dibromo-2-(2-bromophenoxy)benzene",C1=CC=C(C(=C1)OC2=C(C=CC=C2Br)Br)Br,3224,147217-73-0,YDFQHBRKURQGAH-UHFFFAOYSA-N,406.89
"1,3-Dibromo-2-(3-bromophenoxy)benzene",C1=CC(=CC(=C1)Br)OC2=C(C=CC=C2Br)Br,7543,337513-53-8,JUPZALSVNWJHII-UHFFFAOYSA-N,406.89
"1,3-Dibromo-2-(4-bromophenoxy)benzene",C1=CC(=C(C(=C1)Br)OC2=CC=C(C=C2)Br)Br,4452,189084-60-4,TYDVYKIQSZGUMV-UHFFFAOYSA-N,406.89
"1,3-Dibromo-5-(3-bromophenoxy)benzene",C1=CC(=CC(=C1)Br)OC2=CC(=CC(=C2)Br)Br,3230,147217-79-6,XUKPJLVONRTECE-UHFFFAOYSA-N,406.89
"1,3-Dibromo-5-(4-bromophenoxy)benzene",C1=CC(=CC=C1OC2=CC(=CC(=C2)Br)Br)Br,8304,407606-57-9,UFFNOPDHJNQYKD-UHFFFAOYSA-N,406.89
"1,3-Dibromo-5-phenoxybenzene",C1=CC=C(C=C1)OC2=CC(=CC(=C2)Br)Br,8835,46438-88-4,FOXBZJLXVUHYQZ-UHFFFAOYSA-N,328
"1,3-Dibromobenzene",C1=CC(=CC(=C1)Br)Br,859,108-36-1,JSRLURSZEMLAFO-UHFFFAOYSA-N,235.9
"1,3-Dibutyl-2-thiourea",CCCCNC(=S)NCCCC,932,109-46-6,KFFQABQEJATQAT-UHFFFAOYSA-N,188.34
"1,3-Dichloro-1,1,2,2,3-pentafluoropropane",C(C(C(F)(F)Cl)(F)F)(F)Cl,9113,507-55-1,UJIGKESMIPTWJH-UHFFFAOYSA-N,202.93
"1,3-Dichloro-2-fluorobenzene",C1=CC(=C(C(=C1)Cl)F)Cl,5169,2268-05-5,JORVCRLRRRRLFI-UHFFFAOYSA-N,164.99
"1,3-Dichloro-2-propanol",C(C(CCl)O)Cl,15873,96-23-1,DEWLEGDTCGBNGU-UHFFFAOYSA-N,128.98
"1,3-Dichloro-5,5-dimethylhydantoin",CC1(C(=O)N(C(=O)N1Cl)Cl)C,1457,118-52-5,KEQGZUUPPQEDPF-UHFFFAOYSA-N,197.02
"1,3-Dichlorobenzene",C1=CC(=CC(=C1)Cl)Cl,9619,541-73-1,ZPQOPVIELGIULI-UHFFFAOYSA-N,147
"1,3-Dichlorobut-2-ene",C/C(=C\CCl)/Cl,15512,926-57-8,WLIADPFXSACYLS-DUXPYHPUSA-N,124.99
"1,3-Dichloropropane",C(CCl)CCl,3019,142-28-9,YHRUOJUYPBUZOS-UHFFFAOYSA-N,112.98
"1,3-Dichloropropene",C(C=CCl)Cl,9637,542-75-6,UOORRWUZONOOLO-UHFFFAOYSA-N,110.97
"1,3-Dicyclohexylbutane",CC(CCC1CCCCC1)C2CCCCC2,8419,41851-35-8,QYUDFQUDLLTCAA-UHFFFAOYSA-N,222.41
"1,3-Dicyclohexylurea",C1CCC(CC1)NC(=O)NC2CCCCC2,5334,2387-23-7,ADFXKUOMJKEIND-UHFFFAOYSA-N,224.34
"1,3-Diethoxy-1,1,3,3-tetramethyldisiloxane",CCO[Si](C)(C)O[Si](C)(C)OCC,4323,18420-09-2,NPOYZXWZANURMM-UHFFFAOYSA-N,222.43
"1,3-Diethyl-4-methylbenzene",CCC1=CC(=C(C=C1)C)CC,4138,1758-85-6,PZMJNJDRDKPVLB-UHFFFAOYSA-N,148.24
"1,3-Diiminoisoindoline",C1=CC=C2C(=C1)C(=NC2=N)N,7646,3468-11-9,RZVCEPSDYHAHLX-UHFFFAOYSA-N,145.16
"1,3-Diiodoperfluoropropane",C(C(F)(F)I)(C(F)(F)I)(F)F,8455,422-91-3,WIEYKFZUVTYEIY-UHFFFAOYSA-N,403.83
"1,3-Diisocyanobenzene",[C-]#[N+]C1=CC(=CC=C1)[N+]#[C-],15595,935-27-3,SKHJWXBERCRPHJ-UHFFFAOYSA-N,128.13
"1,3-Diisopropenylbenzene",CC(=C)C1=CC(=CC=C1)C(=C)C,7985,3748-13-8,IBVPVTPPYGGAEL-UHFFFAOYSA-N,158.24
"1,3-Diisopropylbenzene",CC(C)C1=CC(=CC=C1)C(C)C,16044,99-62-7,UNEATYXSUBPPKP-UHFFFAOYSA-N,162.27
"1,3-Diisopropylnaphthalene",CC(C)C1=CC2=CC=CC=C2C(=C1)C(C)C,10073,57122-16-4,JDBFIFNXALGSOF-UHFFFAOYSA-N,212.33
"1,3-Dimethoxybenzene",COC1=CC(=CC=C1)OC,3367,151-10-0,DPZNOMCNRMUKPS-UHFFFAOYSA-N,138.16
"1,3-Dimethyl 5-sulfoisophthalate",COC(=O)C1=CC(=CC(=C1)S(=O)(=O)O)C(=O)OC,2816,138-25-0,HTXMGVTWXZBZNC-UHFFFAOYSA-N,274.25
"1,3-Dimethyl-2-imidazolidinone",CN1CCN(C1=O)C,14108,80-73-9,CYSGHNMQYZDMIA-UHFFFAOYSA-N,114.15
"1,3-Dimethyl-5-(6-(phenylthio)benz(cd)indol-2(1H)-ylidene)barbituric acid",CN1C(=C(C(=O)N(C1=O)C)C2=NC3=C4C2=CC=CC4=C(C=C3)SC5=CC=CC=C5)O,10241,58470-74-9,FPSFVDSMPKJDAK-UHFFFAOYSA-N,415.5
"1,3-Dimethyladamantane",CC12CC3CC(C1)CC(C3)(C2)C,12731,702-79-4,CWNOIUTVJRWADX-UHFFFAOYSA-N,164.29
"1,3-Dimethyldibenzothiophene",CC1=CC(=C2C3=CC=CC=C3SC2=C1)C,7208,31317-15-4,IPMMDFNYBNKMQS-UHFFFAOYSA-N,212.31
"1,3-Dimethylnaphthalene",CC1=CC2=CC=CC=C2C(=C1)C,10120,575-41-7,QHJMFSMPSZREIF-UHFFFAOYSA-N,156.22
"1,3-Dimethylpyrene",CC1=CC(=C2C=CC3=CC=CC4=C3C2=C1C=C4)C,11364,64401-21-4,UWCWYAZCQUDPOX-UHFFFAOYSA-N,230.3
"1,3-Dinaphthalen-2-ylthiourea",C1=CC=C2C=C(C=CC2=C1)NC(=S)NC3=CC4=CC=CC=C4C=C3,1407,1166-32-1,YXGYUUQULAOVTE-UHFFFAOYSA-N,328.4
"1,3-Dinitrobenzene",C1=CC(=CC(=C1)[N+](=O)[O-])[N+](=O)[O-],16046,99-65-0,WDCYWAQPCXBPJA-UHFFFAOYSA-N,168.11
"1,3-Dioxan-5-ol",C1C(COCO1)O,8888,4740-78-7,VCKSNYNNVSOWEE-UHFFFAOYSA-N,104.1
"1,3-Dioxepane",C1CCOCOC1,9083,505-65-7,CZLMRJZAHXYRIX-UHFFFAOYSA-N,102.13
"1,3-Dioxolan-2-one, 4-(hydroxymethyl)-",C1C(OC(=O)O1)CO,15575,931-40-8,JFMGYULNQJPJCY-UHFFFAOYSA-N,118.09
"1,3-Dioxolane",C1COCO1,11401,646-06-0,WNXJIVFYUVYPPR-UHFFFAOYSA-N,74.08
"1,3-Dioxolane-2-acetic acid, 2-methyl-, ethyl ester",CCOC(=O)CC1(OCCO1)C,11282,6413-10-1,XWEOGMYZFCHQNT-UHFFFAOYSA-N,174.19
"1,3-Dioxole, 2,2,4-trifluoro-5-(trifluoromethoxy)-",C1(=C(OC(O1)(F)F)F)OC(F)(F)F,3723,161611-74-1,JSGITCLSCUKHFW-UHFFFAOYSA-N,210.03
"1,3-Diphenyl-2-ethylpropane",CCC(CC1=CC=CC=C1)CC2=CC=CC=C2,3396,1520-45-2,MGOQUACFAATBIG-UHFFFAOYSA-N,224.34
"1,3-Diphenylbutane",CC(CCC1=CC=CC=C1)C2=CC=CC=C2,3395,1520-44-1,PDINXYLAVFUHSA-UHFFFAOYSA-N,210.31
"1,3-Diphenylguanidine",C1=CC=C(C=C1)NC(=NC2=CC=CC=C2)N,278,102-06-7,OWRCNXZUPFZXOS-UHFFFAOYSA-N,211.26
"1,3-Diphenylpropane",C1=CC=C(C=C1)CCCC2=CC=CC=C2,896,1081-75-0,VEAFKIYNHVBNIP-UHFFFAOYSA-N,196.29
"1,3-Diphenylurea",C1=CC=C(C=C1)NC(=O)NC2=CC=CC=C2,279,102-07-8,GWEHVDNNLFDJLR-UHFFFAOYSA-N,212.25
"1,3-Divinylimidazolidin-2-one",C=CN1CCN(C1=O)C=C,2826,13811-50-2,HMYBDZFSXBJDGL-UHFFFAOYSA-N,138.17
"1,3-Isobenzofurandione, 5,5'-[2,2,2-trifluoro-1-(trifluoromethyl)ethylidene]bis-",C1=CC2=C(C=C1C(C3=CC4=C(C=C3)C(=O)OC4=O)(C(F)(F)F)C(F)(F)F)C(=O)OC2=O,1049,1107-00-2,QHHKLPCQTTWFSS-UHFFFAOYSA-N,444.2
"1,3-Isobenzofurandione, tetrahydromethyl-",CC12CCCC=C1C(=O)OC2=O,16145,11070-44-3,LOYDTBZMMPQJNI-UHFFFAOYSA-N,166.17
"1,3-Methanopentalene, 1,2,3,5-tetrahydro-",C1C=C2C3CC(C3)C2=C1,2158,128600-88-4,ZKIMCLXHVUQTBB-UHFFFAOYSA-N,118.18
"1,3-Pentadiene",C/C=C/C=C,9073,504-60-9,PMJHHCWVYXUKFD-SNAWJCMRSA-N,68.12
"1,3-Propanediamine, N,N'-dimethyl-N-[3-(methylamino)propyl]-",CNCCCN(C)CCCNC,1928,123-70-6,PQYGBJHVVYREGU-UHFFFAOYSA-N,173.3
"1,3-Propanediol",C(CO)CO,9074,504-63-2,YPFDHNVEDLHUCE-UHFFFAOYSA-N,76.09
"1,3-Propanediol diacrylate",C=CC(=O)OCCCOC(=O)C=C,5454,24493-53-6,GFLJTEHFZZNCTR-UHFFFAOYSA-N,184.19
"1,3-Propanediol dimethacrylate",CC(=C)C(=O)OCCCOC(=O)C(=C)C,1495,1188-09-6,HTWRFCRQSLVESJ-UHFFFAOYSA-N,212.24
"1,3-Propanediyl dilaurate",CCCCCCCCCCCC(=O)OCCCOC(=O)CCCCCCCCCCC,6317,26719-54-0,RREUCPUHQJKHDY-UHFFFAOYSA-N,440.7
"1,3:2,4-Bis-O-((4-chlorophenyl)methylene)-D-glucitol",C[C@]1([C@H]2[C@H](COC(O2)C3=CC=C(C=C3)Cl)OC(O1)C4=CC=C(C=C4)Cl)[C@@H](CO)O,14329,82203-23-4,YULFFYZCWUUTNC-YWPNNVDBSA-N,441.3
"1,3:2,4-Bis-O-(2,2,6,6-tetramethyl-4-piperidinylidene)-D-Glucitol",CC1(CC2(CC(N1)(C)C)OC[C@H]([C@@H](O2)[C@H]3[C@H](COC4(O3)CC(NC(C4)(C)C)(C)C)O)O)C,16082,99473-08-2,SKBPTWWRZPECDT-XMTFNYHQSA-N,456.6
"1,4,11,14-Tetraoxacycloeicosane-5,10,15,20-tetrone",C1CCC(=O)OCCOC(=O)CCCCC(=O)OCCOC(=O)C1,11259,64066-17-7,BWQWGOIPLWGYOW-UHFFFAOYSA-N,344.36
"1,4,15,18-Tetraoxacyclooctacosane-5,14,19,28-tetrone",C1CCCCC(=O)OCCOC(=O)CCCCCCCCC(=O)OCCOC(=O)CCC1,13422,74783-03-2,AMGBSKXAVWNRGS-UHFFFAOYSA-N,456.6
"1,4,4-Trimethyl-2,3-diazabicyclo-(3,2,2)-non-2-ene-2,3-dioxide",CC1(C2CCC(CC2)(N([N+]1=O)[O-])C)C,7588,34122-40-2,JTSXFTWPBWFCPA-UHFFFAOYSA-N,198.26
"1,4,5,8-Naphthalenetetracarboxylic dianhydride",C1=CC2=C3C(=CC=C4C3=C1C(=O)OC4=O)C(=O)OC2=O,14264,81-30-1,YTVNOVQHSGMMOV-UHFFFAOYSA-N,268.18
"1,4,5,8-Naphthalenetetramine",C1=CC(=C2C(=CC=C(C2=C1N)N)N)N,5027,2187-88-4,LJYJFKXQKHSSEB-UHFFFAOYSA-N,188.23
"1,4,5,8-Tetramethylanthraquinone",CC1=C2C(=C(C=C1)C)C(=O)C3=C(C=CC(=C3C2=O)C)C,4129,17538-63-5,PFWJQQCRPMDSPH-UHFFFAOYSA-N,264.3
"1,4,5,8-Tetramethylnaphthalene",CC1=C2C(=CC=C(C2=C(C=C1)C)C)C,6437,2717-39-7,DWUSGRRPJCRNCI-UHFFFAOYSA-N,184.28
"1,4,5-Trimethylnaphthalene",CC1=C2C(=CC=C(C2=CC=C1)C)C,4925,2131-41-1,FSAWRQYDMHSDRN-UHFFFAOYSA-N,170.25
"1,4,6,7-Tetramethylnaphthalene",CC1=C2C=C(C(=CC2=C(C=C1)C)C)C,2794,13764-18-6,VPSPONOBLZCLIU-UHFFFAOYSA-N,184.28
"1,4,6-Trimethylnaphthalene",CC1=CC2=C(C=CC(=C2C=C1)C)C,4926,2131-42-2,VGKRZAKNKJAKDN-UHFFFAOYSA-N,170.25
"1,4,6-Trimethyltetralin",CC1CCC(C2=C1C=CC(=C2)C)C,5194,22824-32-4,HIACZWPSGFMDRF-UHFFFAOYSA-N,174.28
"1,4,7,10,13,16-Hexaoxacyclooctadecane",C1COCCOCCOCCOCCOCCO1,4112,17455-13-9,XEZNGIUYQVAUSS-UHFFFAOYSA-N,264.31
"1,4,7,14,17,20-Hexaoxacyclohexacosane-8,13,21,26-tetrone",C1CCC(=O)OCCOCCOC(=O)CCCCC(=O)OCCOCCOC(=O)C1,7221,314254-68-7,JQOORQVBSBLOEP-UHFFFAOYSA-N,432.5
"1,4,7-Trioxacyclotridecane-8,13-dione",C1CCC(=O)OCCOCCOC(=O)C1,11640,6607-34-7,PMDHMYFSRFZGIO-UHFFFAOYSA-N,216.23
"1,4-Benzenediamine, di-2-naphthalenyl-",C1=CC=C2C=C(C=CC2=C1)C3=C(C=CC(=C3C4=CC5=CC=CC=C5C=C4)N)N,2430,1323-70-2,KJNQZNYESTUILY-UHFFFAOYSA-N,360.4
"1,4-Benzenediamine, N,N'-bis(2-methylphenyl)-",CC1=CC=CC=C1NC2=CC=C(C=C2)NC3=CC=CC=C3C,3344,15017-02-4,MDZBMZIJIUEQJS-UHFFFAOYSA-N,288.4
"1,4-Benzenediamine, N-(1,4-dimethylpentyl)-",CC(C)CCC(C)NC1=CC=C(C=C1)N,11120,63302-43-2,MDDXGELKFXXQDP-UHFFFAOYSA-N,206.33
"1,4-Benzenediamine, N-(1,4-dimethylpentyl)-N'-phenyl-",CC(C)CCC(C)NC1=CC=C(C=C1)NC2=CC=CC=C2,7133,3081-01-4,UHJVLUYSDYOULM-UHFFFAOYSA-N,282.4
"1,4-Benzenediamine, N-(2,4-dinitrophenyl)-",C1=CC(=CC=C1N)NC2=C(C=C(C=C2)[N+](=O)[O-])[N+](=O)[O-],11206,6373-73-5,JMDHCJDATBJFJS-UHFFFAOYSA-N,274.23
"1,4-Benzenediamine, N-(2-methylphenyl)-N'-phenyl-",CC1=CC=CC=C1NC2=CC=C(C=C2)NC3=CC=CC=C3,6438,27173-16-6,QFTSXPJTPSOVJG-UHFFFAOYSA-N,274.4
"1,4-Benzenedimethanamine",C1=CC(=CC=C1CN)CN,9580,539-48-0,ISKQADXMHQSTHK-UHFFFAOYSA-N,136.19
"1,4-Benzenedimethanol",C1=CC(=CC=C1CO)CO,10291,589-29-7,BWVAOONFBYYRHY-UHFFFAOYSA-N,138.16
"1,4-Benzoquinone",C1=CC(=O)C=CC1=O,659,106-51-4,AZQWKYJCGOJGHM-UHFFFAOYSA-N,108.09
"1,4-Benzoquinone dioxime",C1=CC(=CC=C1NO)N=O,556,105-11-3,DZCCLNYLUGNUKQ-UHFFFAOYSA-N,138.12
"1,4-Bis((2,3-epoxypropoxy)methyl)cyclohexane",C1CC(CCC1COCC2CO2)COCC3CO3,3045,14228-73-0,VQMQXWYQIIUJIT-UHFFFAOYSA-N,256.34
"1,4-Bis((vinyloxy)methyl)cyclohexane",C=COCC1CCC(CC1)COC=C,4083,17351-75-6,DQNSRQYYCSXZDF-UHFFFAOYSA-N,196.29
"1,4-Bis(2-((2-methyl-1-oxoallyl)oxy)ethyl) dihydrogen benzene-1,2,4,5-tetracarboxylate",CC(=C)C(=O)OCCOC(=O)C1=CC(=C(C=C1C(=O)O)C(=O)OCCOC(=O)C(=C)C)C(=O)O,14404,83418-60-4,WKBYWKLXGWNHOB-UHFFFAOYSA-N,478.4
"1,4-Bis(2-bromoethyl)benzene",C1=CC(=CC=C1CCBr)CCBr,8785,4542-72-7,KLVPRNNDJXCLKH-UHFFFAOYSA-N,292.01
"1,4-Bis(2-cyanostyryl)benzene",C1=CC=C(C(=C1)/C=C/C2=CC=C(C=C2)/C=C/C3=CC=CC=C3C#N)C#N,2195,13001-39-3,RBABXJPJIHMBBP-WXUKJITCSA-N,332.4
"1,4-Bis(2-cyanostyryl)benzene",C1=CC=C(C(=C1)/C=C/C2=CC=C(C=C2)/C=C/C3=CC=CC=C3C#N)C#N,15676,94031-05-7,RBABXJPJIHMBBP-WXUKJITCSA-N,332.4
"1,4-Bis(2-hydroxy-2-propyl)benzene",CC(C)(C1=CC=C(C=C1)C(C)(C)O)O,6870,2948-46-1,LEARFTRDZQQTDN-UHFFFAOYSA-N,194.27
"1,4-Bis(2-hydroxyethoxy)benzene",C1=CC(=CC=C1OCCO)OCCO,486,104-38-1,WTPYFJNYAMXZJG-UHFFFAOYSA-N,198.22
"1,4-Bis(2-hydroxyhexafluoroisopropyl)benzene",C1=CC(=CC=C1C(C(F)(F)F)(C(F)(F)F)O)C(C(F)(F)F)(C(F)(F)F)O,4654,1992-15-0,YTJDSANDEZLYOU-UHFFFAOYSA-N,410.15
"1,4-Bis(2-methylanilino)anthraquinone",CC1=CC=CC=C1NC2=C3C(=C(C=C2)NC4=CC=CC=C4C)C(=O)C5=CC=CC=C5C3=O,11752,6737-68-4,OLJXWJUQRAOAMD-UHFFFAOYSA-N,418.5
"1,4-Bis(4-Cyanostyryl)Benzene",C1=CC(=CC=C1/C=C/C2=CC=C(C=C2)C#N)/C=C/C3=CC=C(C=C3)C#N,2196,13001-40-6,KIAAMJMIIHTGBH-KQQUZDAGSA-N,332.4
"1,4-Bis(4-fluorobenzoyl)benzene",C1=CC(=CC=C1C(=O)C2=CC=C(C=C2)F)C(=O)C3=CC=C(C=C3)F,12156,68418-51-9,LLJNTLUXOZPFQB-UHFFFAOYSA-N,322.3
"1,4-Bis(4-phenoxybenzoyl)benzene",C1=CC=C(C=C1)OC2=CC=C(C=C2)C(=O)C3=CC=C(C=C3)C(=O)C4=CC=C(C=C4)OC5=CC=CC=C5,9652,54299-17-1,NWJVKSITTJQWCG-UHFFFAOYSA-N,470.5
"1,4-Bis(butylamino)anthracene-9,10-dione",CCCCNC1=C2C(=C(C=C1)NCCCC)C(=O)C3=CC=CC=C3C2=O,4085,17354-14-2,OCQDPIXQTSYZJL-UHFFFAOYSA-N,350.5
"1,4-Bis(chloromethyl)benzene",C1=CC(=CC=C1CCl)CCl,10927,623-25-6,ZZHIDJWUJRKHGX-UHFFFAOYSA-N,175.05
"1,4-Bis(chloromethyl)naphthalene",C1=CC=C2C(=CC=C(C2=C1)CCl)CCl,11598,6586-89-6,PMIHHEJEQAQZET-UHFFFAOYSA-N,225.11
"1,4-Bis(ethylamino)anthraquinone",CCNC1=C2C(=C(C=C1)NCC)C(=O)C3=CC=CC=C3C2=O,12695,6994-46-3,JUUJTYPMICHIEM-UHFFFAOYSA-N,294.3
"1,4-Bis(isocyanatomethyl)cyclohexane",C1CC(CCC1CN=C=O)CN=C=O,439,10347-54-3,ROHUXHMNZLHBSF-UHFFFAOYSA-N,194.23
"1,4-Bis(isocyanatomethyl)cyclohexane",C1CC(CCC1CN=C=O)CN=C=O,16027,98458-83-4,ROHUXHMNZLHBSF-UHFFFAOYSA-N,194.23
"1,4-Bis(mesitylamino)anthraquinone",CC1=CC(=C(C(=C1)C)NC2=C3C(=C(C=C2)NC4=C(C=C(C=C4C)C)C)C(=O)C5=CC=CC=C5C3=O)C,1397,116-75-6,DMDRBXCDTZRMHZ-UHFFFAOYSA-N,474.6
"1,4-Bis(methylamino)anthraquinone",CNC1=C2C(=C(C=C1)NC)C(=O)C3=CC=CC=C3C2=O,5517,2475-44-7,QOSTVEDABRQTSU-UHFFFAOYSA-N,266.29
"1,4-Bis(phenylglyoxaloyl)benzene",C1=CC=C(C=C1)C(=O)C(=O)C2=CC=C(C=C2)C(=O)C(=O)C3=CC=CC=C3,7532,3363-97-1,FUEGWHHUYNHBNI-UHFFFAOYSA-N,342.3
"1,4-Bis[(2-ethylhexyl)amino]anthraquinone",CCCCC(CC)CNC1=C2C(=C(C=C1)NCC(CC)CCCC)C(=O)C3=CC=CC=C3C2=O,6932,29887-08-9,ULYAQFDBACQQGC-UHFFFAOYSA-N,462.7
"1,4-Butanediol",C(CCO)CO,1012,110-63-4,WERYXYBDKMZEQL-UHFFFAOYSA-N,90.12
"1,4-Butanediol diacrylate",C=CC(=O)OCCCCOC(=O)C=C,794,1070-70-8,JHWGFJBTMHEZME-UHFFFAOYSA-N,198.22
"1,4-Butanediol diglycidyl ether",C1C(O1)COCCCCOCC2CO2,5393,2425-79-8,SHKUUQIDMUMQQK-UHFFFAOYSA-N,202.25
"1,4-Butanediol dimethacrylate",CC(=C)C(=O)OCCCCOC(=O)C(=C)C,4830,2082-81-7,XOJWAAUYNWGQAU-UHFFFAOYSA-N,226.27
"1,4-Cineole",CC(C)C12CCC(O1)(CC2)C,8861,470-67-7,RFFOTVCVTJUTAD-UHFFFAOYSA-N,154.25
"1,4-Cyclohexanedicarboxylic acid",C1CC(CCC1C(=O)O)C(=O)O,830,1076-97-7,PXGZQGDTEZPERC-UHFFFAOYSA-N,172.18
"1,4-Cyclohexanedimethanol",C1CC(CCC1CO)CO,555,105-08-8,YIMQCDZDWXUDCA-UHFFFAOYSA-N,144.21
"1,4-Cyclohexanedimethanol",C1CC(CCC1CO)CO,7344,3236-47-3,YIMQCDZDWXUDCA-UHFFFAOYSA-N,144.21
"1,4-Cyclohexanedimethanol",C1CC(CCC1CO)CO,7345,3236-48-4,YIMQCDZDWXUDCA-UHFFFAOYSA-N,144.21
"1,4-Cyclohexanedimethanol, dibenzoate",C1CC(CCC1COC(=O)C2=CC=CC=C2)COC(=O)C3=CC=CC=C3,7740,35541-81-2,CVPZXHCZKMFVOZ-UHFFFAOYSA-N,352.4
"1,4-Cyclohexanediol",C1CC(CCC1O)O,9838,556-48-9,VKONPUDBRVKQLM-UHFFFAOYSA-N,116.16
"1,4-Di-tert-butylbenzene",CC(C)(C)C1=CC=C(C=C1)C(C)(C)C,210,1012-72-2,OOWNNCMFKFBNOF-UHFFFAOYSA-N,190.32
"1,4-Diacetylbenzene",CC(=O)C1=CC=C(C=C1)C(=O)C,139,1009-61-6,SKBBQSLSGRSQAJ-UHFFFAOYSA-N,162.18
"1,4-Diacryloylpiperazine",C=CC(=O)N1CCN(CC1)C(=O)C=C,11138,6342-17-2,YERHJBPPDGHCRJ-UHFFFAOYSA-N,194.23
"1,4-Diamino-2,3-dichloroanthraquinone",C1=CC=C2C(=C1)C(=O)C3=C(C2=O)C(=C(C(=C3N)Cl)Cl)N,14267,81-42-5,KZYAYVSWIPZDKL-UHFFFAOYSA-N,307.1
"1,4-Diamino-2,3-dihydroanthraquinone",C1CC(=N)C2=C(C3=CC=CC=C3C(=C2C1=N)O)O,14269,81-63-0,UFVDYITXJBCPMW-UHFFFAOYSA-N,240.26
"1,4-Diamino-5-nitroanthraquinone",C1=CC2=C(C(=C1)[N+](=O)[O-])C(=O)C3=C(C=CC(=C3C2=O)N)N,14338,82347-07-7,SDICTISQCKLMEB-UHFFFAOYSA-N,283.24
"1,4-Diaminoanthraquinone",C1=CC=C2C(=C1)C(=O)C3=C(C=CC(=C3C2=O)N)N,2150,128-95-0,FBMQNRKSAWNXBT-UHFFFAOYSA-N,238.24
"1,4-Diaminobutane",C(CCN)CN,1009,110-60-1,KIDHWZJUCRJVML-UHFFFAOYSA-N,88.15
"1,4-Diazabicyclo[2.2.2]octane",C1CN2CCN1CC2,6609,280-57-9,IMNIMPAHZVJRPE-UHFFFAOYSA-N,112.17
"1,4-Dibromo-2-(2-bromophenoxy)benzene",C1=CC=C(C(=C1)OC2=C(C=CC(=C2)Br)Br)Br,8303,407606-55-7,FAZLXBWRNJAGSV-UHFFFAOYSA-N,406.89
"1,4-Dibromo-2-(3-bromophenoxy)benzene",C1=CC(=CC(=C1)Br)OC2=C(C=CC(=C2)Br)Br,7551,337513-75-4,VUOBKVBAFJQQDB-UHFFFAOYSA-N,406.89
"1,4-Dibromo-2-(4-bromophenoxy)benzene",C1=CC(=CC=C1OC2=C(C=CC(=C2)Br)Br)Br,11516,65075-08-3,PURZBWMLFRWRMG-UHFFFAOYSA-N,406.89
"1,4-Dibromobenzene",C1=CC(=CC=C1Br)Br,651,106-37-6,SWJPEBQEEAHIGZ-UHFFFAOYSA-N,235.9
"1,4-Dichloro-2-butene, (2E)-",C(/C=C/CCl)Cl,1008,110-57-6,FQDIANVAWVHZIR-OWOJBTEDSA-N,124.99
"1,4-Dichloro-2-butene, (2E)-",C(/C=C/CCl)Cl,13639,764-41-0,FQDIANVAWVHZIR-OWOJBTEDSA-N,124.99
"1,4-Dichlorobenzene",C1=CC(=CC=C1Cl)Cl,655,106-46-7,OCJBOOLMMGQPQU-UHFFFAOYSA-N,147
"1,4-Dichlorobutane",C(CCCl)CCl,1007,110-56-5,KJDRSWPQXHESDQ-UHFFFAOYSA-N,127.01
"1,4-Diethyl-2-methylbenzene",CCC1=CC(=C(C=C1)CC)C,2731,13632-94-5,ZEHGGUIGEDITMM-UHFFFAOYSA-N,148.24
"1,4-Diethylbenzene",CCC1=CC=C(C=C1)CC,553,105-05-5,DSNHSQKRULAAEI-UHFFFAOYSA-N,134.22
"1,4-Dihydronaphthalene",C1C=CCC2=CC=CC=C21,10605,612-17-9,FUPIVZHYVSCYLX-UHFFFAOYSA-N,130.19
"1,4-Diisobutyl-2,3,5,6-tetrahydroxy-1,4-dioxo-1,4-diphosphorinane",CC(C)CP1(=O)C(C(P(=O)(C(C1O)O)CC(C)C)O)O,2018,124788-09-6,YLYUAJJICVNRHL-UHFFFAOYSA-N,328.28
"1,4-Diisocyanatocyclohexane",C1CC(CCC1N=C=O)N=C=O,5906,2556-36-7,CDMDQYCEEKCBGR-UHFFFAOYSA-N,166.18
"1,4-Diisopropenylbenzene",CC(=C)C1=CC=C(C=C1)C(=C)C,3670,1605-18-1,ZENYUPUKNXGVDY-UHFFFAOYSA-N,158.24
"1,4-Diisopropyl-2-methylbenzene",CC1=C(C=CC(=C1)C(C)C)C(C)C,10254,58502-85-5,BRXCOIOOGGCKPZ-UHFFFAOYSA-N,176.3
"1,4-Diisopropylcyclohexane",CC(C)C1CCC(CC1)C(C)C,5199,22907-72-8,GMUJGUXGVJZHSK-UHFFFAOYSA-N,168.32
"1,4-Diisopropylnaphthalene",CC(C)C1=CC=C(C2=CC=CC=C21)C(C)C,5371,24157-79-7,BDJUQNIAPKYGNU-UHFFFAOYSA-N,212.33
"1,4-Diketo-3,6-bis(4-biphenylyl)pyrrolo(3,4-C)pyrrole",C1=CC=C(C=C1)C2=CC=C(C=C2)C3=C4C(=C(N3)O)C(=NC4=O)C5=CC=C(C=C5)C6=CC=CC=C6,14917,88949-33-1,PBEFQMYEANTVGS-UHFFFAOYSA-N,440.5
"1,4-Dimethoxybutane",COCCCCOC,2370,13179-96-9,HMCUNLUHTBHKTB-UHFFFAOYSA-N,118.17
"1,4-Dimethyl-1,2,3,4-tetrahydronaphthalene",CC1CCC(C2=CC=CC=C12)C,8414,4175-54-6,KNQXALMJMHIHQH-UHFFFAOYSA-N,160.25
"1,4-Dimethyl-2-(3,7-dimethyloctyl)benzene",CC1=CC(=C(C=C1)C)CCC(C)CCCC(C)C,4590,19550-60-8,GDGPOTBJJLOPRZ-UHFFFAOYSA-N,246.4
"1,4-Dimethyl-9H-carbazole",CC1=C2C3=CC=CC=C3NC2=C(C=C1)C,4231,18028-55-2,APYQRKDHRDGCBK-UHFFFAOYSA-N,195.26
"1,4-Dimethylnaphthalene",CC1=CC=C(C2=CC=CC=C12)C,10067,571-58-4,APQSQLNWAIULLK-UHFFFAOYSA-N,156.22
"1,4-Dimethylpiperazine",CN1CCN(CC1)C,660,106-58-1,RXYPXQSKLGGKOL-UHFFFAOYSA-N,114.19
"1,4-Dinitrosobenzene",C1=CC(=CC=C1N=O)N=O,557,105-12-4,MKZXROSCOHNKDX-UHFFFAOYSA-N,136.11
"1,4-Dioxacyclododecane-5,12-dione",C1CCCC(=O)OCCOC(=O)CC1,15113,90073-95-3,KWLADEGDFFZQFM-UHFFFAOYSA-N,200.23
"1,4-Dioxacycloheptadecane-5,17-dione",C1CCCCCC(=O)OCCOC(=O)CCCCC1,584,105-95-3,XRHCAGNSDHCHFJ-UHFFFAOYSA-N,270.36
"1,4-Dioxacyclohexadecane-5,16-dione",C1CCCCCC(=O)OCCOC(=O)CCCC1,9748,54982-83-1,GJJSUPSPZIZYPM-UHFFFAOYSA-N,256.34
"1,4-Dioxacyclotetradecane-5,14-dione",C1CCCCC(=O)OCCOC(=O)CCC1,9876,5578-82-5,XFQHIELVPOKJIM-UHFFFAOYSA-N,228.28
"1,4-Dioxacyclotridecane-5,13-dione",C1CCCC(=O)OCCOC(=O)CCC1,8733,4471-27-6,QABJRPWOBYCMBO-UHFFFAOYSA-N,214.26
"1,4-Dioxaspiro[4.5]decane",C1CCC2(CC1)OCCO2,4167,177-10-6,GZGPRZYZKBQPBQ-UHFFFAOYSA-N,142.2
"1,4-Dioxecane-5,10-dione",C1CCC(=O)OCCOC(=O)C1,3468,15498-31-4,PAALZGOZEUHCET-UHFFFAOYSA-N,172.18
"1,4-Diphenyl-2,3-diazabicyclo[2.2.2]oct-2-ene",C1CC2(CCC1(N=N2)C3=CC=CC=C3)C4=CC=CC=C4,14833,87433-33-8,OHTYVHWSSUUPHV-UHFFFAOYSA-N,262.3
"1,4-Diphenylbutadiyne",C1=CC=C(C=C1)C#CC#CC2=CC=CC=C2,14904,886-66-8,HMQFJYLWNWIYKQ-UHFFFAOYSA-N,202.25
"1,4-Divinylbenzene",C=CC1=CC=C(C=C1)C=C,554,105-06-6,WEERVPDNCOGWJF-UHFFFAOYSA-N,130.19
"1,4-Ethenoanthracene, 1,4-dihydro-",C1=CC=C2C=C3C4C=CC(C3=CC2=C1)C=C4,6563,27765-96-4,FSVHOWXJQOZKEV-UHFFFAOYSA-N,204.27
"1,4-Hexadiene",C/C=C/CC=C,10358,592-45-0,PRBHEGAFLDMLAL-GQCTYLIASA-N,82.14
"1,4-Methanobenzocyclodecene, 1,2,3,4,4a,5,8,9,12,12a-decahydro-",C1CC=CCC2C3CCC(C3)C2CC=C1,13414,74708-73-9,OJHFLPDLBLRUFF-UHFFFAOYSA-N,202.33
"1,4-Methanonaphthalen-2(1H)-one, 3,4-dihydro-",C1C2CC(=O)C1C3=CC=CC=C23,13205,7374-90-5,MMDLBADSUSAPKF-UHFFFAOYSA-N,158.2
"1,4-Methanonaphthalene, 6,7-diethyldecahydro-, cis-",CCC1CC2C3CCC(C3)C2CC1CC,3867,16539-02-9,NZRCAAUAAUDPRX-UHFFFAOYSA-N,206.37
"1,4-Naphthoquinone",C1=CC=C2C(=O)C=CC(=O)C2=C1,2190,130-15-4,FRASJONUBLZVQX-UHFFFAOYSA-N,158.15
"1,4-Phenylene diacrylate",C=CC(=O)OC1=CC=C(C=C1)OC(=O)C=C,11744,6729-79-9,JMMVHMOAIMOMOF-UHFFFAOYSA-N,218.2
"1,4-Phenylene diisocyanate",C1=CC(=CC=C1N=C=O)N=C=O,489,104-49-4,ALQLPWJFHRMHIU-UHFFFAOYSA-N,160.13
"1,4:3,6-Dianhydro-D-glucitol monostearate",CCCCCCCCCCCCCCCCCC(=O)O[C@@H]1CO[C@H]2[C@@H]1OC[C@@H]2O,6260,26545-77-7,MNABXJPXVCQXEO-XWVZOOPGSA-N,412.6
"1,4a-Dimethyl-7-(propan-2-yl)-1,2,3,4,4a,9,10,10a-octahydrophenanthrene",CC1CCCC2(C1CCC3=C2C=CC(=C3)C(C)C)C,9493,5323-56-8,DAYLDISWSXEJLN-UHFFFAOYSA-N,256.4
"1,4a-Dimethyl-7-propan-2-yl-2,3,4,4b,5,6,10,10a-octahydrophenanthrene-1-carboxylic acid",CC(C)C1=CC2=CCC3C(C2CC1)(CCCC3(C)C(=O)O)C,14234,8052-10-6,RSWGJHLUYNHPMX-UHFFFAOYSA-N,302.5
"1,4a-Dimethyl-7-propan-2-yl-2,3,4,5,6,7,8,9,10,10a-decahydrophenanthrene-1-carboxylic acid",CC(C)C1CCC2=C(C1)CCC3C2(CCCC3(C)C(=O)O)C,4146,17611-16-4,OEILFLGOGZTONZ-UHFFFAOYSA-N,304.5
"1,5,5-Trimethyl-6-methylene-cyclohexene",CC1=CCCC(C1=C)(C)C,9226,514-95-4,FMXKKHBXBBAQBC-UHFFFAOYSA-N,136.23
"1,5,6,7-Tetramethylbicyclo[3.2.0]hepta-2,6-diene",CC1=C(C2(C1(CC=C2)C)C)C,2592,134329-43-4,HCAZDRHRQQBBAF-UHFFFAOYSA-N,148.24
"1,5,7-Trimethylindan",CC1CCC2=CC(=CC(=C12)C)C,9659,54340-88-4,NHUDOXBAZXTOGS-UHFFFAOYSA-N,160.25
"1,5,9,13-Tetradecatetraene",C=CCC/C=C/CC/C=C/CCC=C,9232,51487-38-8,DHLQCLRZNQGXIE-WGDLNXRISA-N,190.32
"1,5-Bis((3-methylphenyl)amino)anthraquinone",CC1=CC(=CC=C1)NC2=CC=CC3=C2C(=O)C4=C(C3=O)C(=CC=C4)NC5=CC=CC(=C5)C,206,10114-49-5,CKBFYMOTEJMJTP-UHFFFAOYSA-N,418.5
"1,5-Cyclooctadiene",C1/C=C\CC/C=C\C1,1119,111-78-4,VYXHVRARDIDEHS-QGTKBVGQSA-N,108.18
"1,5-Di-p-toluidinoanthraquinone",CC1=CC=C(C=C1)NC2=CC=CC3=C2C(=O)C4=C(C3=O)C(=CC=C4)NC5=CC=C(C=C5)C,14153,8005-40-1,ZKIVUFFTMWIBCO-UHFFFAOYSA-N,418.5
"1,5-Diisocyanatonaphthalene",C1=CC2=C(C=CC=C2N=C=O)C(=C1)N=C=O,7268,3173-72-6,SBJCUZQNHOLYMD-UHFFFAOYSA-N,210.19
"1,5-Diisopropylnaphthalene",CC(C)C1=CC=CC2=C1C=CC=C2C(C)C,8105,38640-62-9,GFZWCYSEPXDDRI-UHFFFAOYSA-N,212.33
"1,5-Dimethyl-1,5-cyclooctadiene",C/C/1=C/CC/C(=C\CC1)/C,8003,3760-14-3,RYOGZVTWMZNTGL-UDRCNDPASA-N,136.23
"1,5-Dimethylnaphthalene",CC1=C2C=CC=C(C2=CC=C1)C,10068,571-61-9,SDDBCEWUYXVGCQ-UHFFFAOYSA-N,156.22
"1,5-Dimethyltetralin",CC1CCCC2=C(C=CC=C12)C,4964,21564-91-0,BMADLDGHUBLVMQ-UHFFFAOYSA-N,160.25
"1,5-Dioxaspiro[5.5]undecane",C1CCC2(CC1)OCCCO2,4219,180-93-8,LSDTWMHYCLFXBZ-UHFFFAOYSA-N,156.22
"1,5-Hexadiene, 3,4-diethyl-1,6-diphenyl-, (E,E)-",CCC(C(/C=C/C1=CC=CC=C1)CC)/C=C/C2=CC=CC=C2,4571,19474-73-8,PYUGQSOLFINKJP-YTEMWHBBSA-N,290.4
"1,5-Hexadiyne",C#CCCC#C,11003,628-16-0,YFIBSNDOVCWPBL-UHFFFAOYSA-N,78.11
"1,5-Naphthalenediamine",C1=CC2=C(C=CC=C2N)C(=C1)N,5136,2243-62-1,KQSABULTKYLFEV-UHFFFAOYSA-N,158.2
"1,5-Pentanediamine, 2-methyl-",CC(CCCN)CN,3475,15520-10-2,JZUHIOJYCPIVLQ-UHFFFAOYSA-N,116.2
"1,5-Pentanediol",C(CCO)CCO,1090,111-29-5,ALQSHHUCVQOPAS-UHFFFAOYSA-N,104.15
"1,5-Pentanediol dimethacrylate",CC(=C)C(=O)OCCCCCOC(=O)C(=C)C,2744,13675-34-8,WNGDGLDJIWDQAB-UHFFFAOYSA-N,240.29
"1,6,13,18-Tetraoxacyclotetracosane-2,5,14,17-tetrone",C1CCCOC(=O)CCC(=O)OCCCCCCOC(=O)CCC(=O)OCC1,3008,141850-18-2,XILZQFDAUSKCSV-UHFFFAOYSA-N,400.5
"1,6,13,18-Tetraoxacyclotetracosane-7,12,19,24-tetrone",C1CCC(=O)OCCCCOC(=O)CCCCC(=O)OCCCCOC(=O)C1,14022,78837-87-3,CICCYHMSMANUGA-UHFFFAOYSA-N,400.5
"1,6,7-Trimethylnaphthalene",CC1=C2C=C(C(=CC2=CC=C1)C)C,5142,2245-38-7,JBXULKRNHAQMAS-UHFFFAOYSA-N,170.25
"1,6,9-Tetradecatriene",CCCC/C=C/C/C=C/CCCC=C,10615,61233-71-4,FUAHVLYXVSZGAR-DCIPZJNNSA-N,192.34
"1,6-Bismaleimidohexane",C1=CC(=O)N(C1=O)CCCCCCN2C(=O)C=CC2=O,8943,4856-87-5,PYVHLZLQVWXBDZ-UHFFFAOYSA-N,276.29
"1,6-Dichlorohexane",C(CCCCl)CCCl,4981,2163-00-0,OVISMSJCKCDOPU-UHFFFAOYSA-N,155.06
"1,6-Diisocyanato-2,2,4,4-tetramethylhexane",CC(C)(CCN=C=O)CC(C)(C)CN=C=O,14422,83748-30-5,VLVVSHOQIJBJAG-UHFFFAOYSA-N,224.3
"1,6-Diisocyanato-2,2,4-trimethylhexane",CC(CCN=C=O)CC(C)(C)CN=C=O,3967,16938-22-0,ATOUXIOKEJWULN-UHFFFAOYSA-N,210.27
"1,6-Diisocyanato-2,2,4-trimethylhexane",CC(CCN=C=O)CC(C)(C)CN=C=O,7316,32052-51-0,ATOUXIOKEJWULN-UHFFFAOYSA-N,210.27
"1,6-Diisopropylnaphthalene",CC(C)C1=CC2=C(C=C1)C(=CC=C2)C(C)C,9164,51113-41-8,GQHUSRBBMNYHIF-UHFFFAOYSA-N,212.33
"1,6-Dimethyl-3-ethylnaphthalene",CCC1=CC2=C(C=CC(=C2)C)C(=C1)C,16083,99486-80-3,ZSKPSOWYPDQNMJ-UHFFFAOYSA-N,184.28
"1,6-Dimethyl-4-ethyl naphthalene",CCC1=C2C=C(C=CC2=C(C=C1)C)C,3154,1451-35-0,KWTWHZHBVALCLA-UHFFFAOYSA-N,184.28
"1,6-Dimethylnaphthalene",CC1=CC2=CC=CC(=C2C=C1)C,10121,575-43-9,CBMXCNPQDUJNHT-UHFFFAOYSA-N,156.22
"1,6-Dioxacyclododecane-7,12-dione",C1CCC(=O)OCCCCOC(=O)C1,13816,777-95-7,AXKZIDYFAMKWSA-UHFFFAOYSA-N,200.23
"1,6-Divinylperfluorohexane",C=CC(C(C(C(C(C(C=C)(F)F)(F)F)(F)F)(F)F)(F)F)(F)F,4220,1800-91-5,PDFSXHZXNZCKNF-UHFFFAOYSA-N,354.13
"1,6-Heptadiene, 2-methyl-6-phenyl-",CC(=C)CCCC(=C)C1=CC=CC=C1,9262,51708-97-5,ILKCXYUULZTOEX-UHFFFAOYSA-N,186.29
"1,6-Hexanediamine, N-((triethoxysilyl)methyl)-",CCO[Si](CNCCCCCCN)(OCC)OCC,3377,15129-36-9,RRQTYXHHYIJDFB-UHFFFAOYSA-N,292.49
"1,6-Hexanediamine, N1,N6-bis(1,2,2-trimethylpropyl)-",CC(C(C)(C)C)NCCCCCCNC(C)C(C)(C)C,15807,957787-76-7,MORNPDNVUROSRS-UHFFFAOYSA-N,284.5
"1,6-Hexanediol diacrylate",C=CC(=O)OCCCCCCOC(=O)C=C,2237,13048-33-4,FIHBHSQYSYVZQE-UHFFFAOYSA-N,226.27
"1,6-Hexanediol diglycidyl ether",C1C(O1)COCCCCCCOCC2CO2,3701,16096-31-4,WTYYGFLRBWMFRY-UHFFFAOYSA-N,230.3
"1,6-Hexanediol dimethacrylate",CC(=C)C(=O)OCCCCCCOC(=O)C(=C)C,11638,6606-59-3,SAPGBCWOQLHKKZ-UHFFFAOYSA-N,254.32
"1,6-Hexanediylbis(2-aminobenzamide)",C1=CC=C(C(=C1)C(=O)NCCCCCCNC(=O)C2=CC=CC=C2N)N,478,103956-07-6,YJEULLIOUKINGM-UHFFFAOYSA-N,354.4
"1,6-Hexanediylbis(oxy(2-hydroxypropane-1,3-diyl)) diacrylate",C=CC(=O)OCC(COCCCCCCOCC(COC(=O)C=C)O)O,14388,83045-03-8,SUJXBUNMDOEWOG-UHFFFAOYSA-N,374.4
"1,7,7-Trimethyl-2-vinylbicyclo[2.2.1]hept-2-ene",CC1(C2CCC1(C(=C2)C=C)C)C,2271,130930-56-2,DNDLHRMVKMCSOS-UHFFFAOYSA-N,162.27
"1,7,7-Trimethylbicyclo[2.2.1]heptan-2-ol",CC1(C2CCC1(C(C2)O)C)C,9115,507-70-0,DTGKSKDOIYIVQL-UHFFFAOYSA-N,154.25
"1,7-Diisopropylnaphthalene",CC(C)C1=CC2=C(C=CC=C2C(C)C)C=C1,15688,94133-80-9,XNSUVOOWWSAQMZ-UHFFFAOYSA-N,212.33
"1,7-Diisopropylnaphthalene",CC(C)C1=CC2=C(C=CC=C2C(C)C)C=C1,16597,,XNSUVOOWWSAQMZ-UHFFFAOYSA-N,212.33
"1,7-Dimethyl-4-(1-methylethyl)cyclodecane",CC1CCCC(CCC(CC1)C(C)C)C,11378,645-10-3,IBMAYSYTZAVZPY-UHFFFAOYSA-N,210.4
"1,7-Dimethyldibenzothiophene",CC1=CC2=C(C=C1)C3=C(C=CC=C3S2)C,14954,89816-53-5,VFQYQNKOTDCRKH-UHFFFAOYSA-N,212.31
"1,7-Dimethylnaphthalene",CC1=CC2=C(C=CC=C2C=C1)C,10119,575-37-1,SPUWFVKLHHEKGV-UHFFFAOYSA-N,156.22
"1,7-Dimethylphenanthrene",CC1=CC2=C(C=C1)C3=CC=CC(=C3C=C2)C,8940,483-87-4,NZCMUISOTIPJAM-UHFFFAOYSA-N,206.28
"1,7-Heptanediol",C(CCCO)CCCO,11027,629-30-1,SXCBDZAEHILGLM-UHFFFAOYSA-N,132.2
"1,7-Octadiene",C=CCCCCC=C,7915,3710-30-3,XWJBRBSPAODJER-UHFFFAOYSA-N,110.2
"1,8,15,22-Tetraazacyclooctacosane-2,7,16,21-tetrone",C1CCCNC(=O)CCCCC(=O)NCCCCCCNC(=O)CCCCC(=O)NCC1,8476,4238-35-1,PHOCHBCWTAIIGE-UHFFFAOYSA-N,452.6
"1,8,15,22-Tetraazacyclooctacosane-2,9,16,23-tetrone",C1CCC(=O)NCCCCCC(=O)NCCCCCC(=O)NCCCCCC(=O)NCC1,10222,5834-63-9,LAIGWNLGTIDKPL-UHFFFAOYSA-N,452.6
"1,8,15-Triazacyclohenicosane-2,9,16-trione",C1CCC(=O)NCCCCCC(=O)NCCCCCC(=O)NCC1,9966,56403-08-8,HJBDVFFKADBHHV-UHFFFAOYSA-N,339.5
"1,8-Biphenylenedicarboxylic acid",C1=CC2=C3C=CC=C(C3=C2C(=C1)C(=O)O)C(=O)O,1542,119414-44-7,RSNCLDRLRZYSDU-UHFFFAOYSA-N,240.21
"1,8-Di(phenylthio)anthraquinone",C1=CC=C(C=C1)SC2=CC=CC3=C2C(=O)C4=C(C3=O)C=CC=C4SC5=CC=CC=C5,2747,13676-91-0,CNRPDCKHCGUKDK-UHFFFAOYSA-N,424.5
"1,8-Diamino-3,6-dioxaoctane",C(COCCOCCN)N,15533,929-59-9,IWBOPFCKHIJFMS-UHFFFAOYSA-N,148.2
"1,8-Diaminonaphthalene",C1=CC2=C(C(=C1)N)C(=CC=C2)N,8914,479-27-6,YFOOEYJGMMJJLS-UHFFFAOYSA-N,158.2
"1,8-Diazabicyclo[5.4.0]undec-7-ene",C1CCC2=NCCCN2CC1,11700,6674-22-2,GQHTUMJGOHRCHB-UHFFFAOYSA-N,152.24
"1,8-Diazacyclotetradecane-2,7-dione",C1CCCNC(=O)CCCCC(=O)NCC1,8504,4266-66-4,SXNYYEPTQTZOHG-UHFFFAOYSA-N,226.32
"1,8-Diazacyclotetradecane-2,9-dione",C1CCC(=O)NCCCCCC(=O)NCC1,9967,56403-09-9,HERSSAVMHCMYSQ-UHFFFAOYSA-N,226.32
"1,8-Dimethoxyanthraquinone",COC1=CC=CC2=C1C(=O)C3=C(C2=O)C=CC=C3OC,11260,6407-55-2,QCSZITHNACKGTF-UHFFFAOYSA-N,268.26
"1,8-Dimethylnaphthalene",CC1=C2C(=CC=CC2=CC=C1)C,10029,569-41-5,XAABPYINPXYOLM-UHFFFAOYSA-N,156.22
"1,8-Dimethyltetralin",CC1CCCC2=CC=CC(=C12)C,5875,25419-33-4,KVNZVXVZQFTXNA-UHFFFAOYSA-N,160.25
"1,8-Dioxacyclotetradecane-2,7-dione",C1CCCOC(=O)CCCCC(=O)OCC1,2884,13926-69-7,RNQBCZCPNUHWLV-UHFFFAOYSA-N,228.28
"1,8-Naphthalimide",C1=CC2=C3C(=C1)C(=O)NC(=O)C3=CC=C2,14272,81-83-4,XJHABGPPCLHLLV-UHFFFAOYSA-N,197.19
"1,8-Octanediol",C(CCCCO)CCCO,11028,629-41-4,OEIJHBUUFURJLI-UHFFFAOYSA-N,146.23
"1,9-Decadiene",C=CCCCCCCC=C,3847,1647-16-1,NLDGJRWPPOSWLC-UHFFFAOYSA-N,138.25
"1,9-Diaminononane",C(CCCCN)CCCCN,11404,646-24-2,SXJVFQLYZSNZBT-UHFFFAOYSA-N,158.28
"1,9-Dihydropyrene",C1C=CC2=C3C1=CCC4=CC=CC(=C43)C=C2,6769,28862-02-4,JBWYHEWFOLZDIH-UHFFFAOYSA-N,204.27
"1,9-Nonanediol",C(CCCCO)CCCCO,8172,3937-56-2,ALVZNPYWJMLXKV-UHFFFAOYSA-N,160.25
"1,9-Nonanediol diacrylate",C=CC(=O)OCCCCCCCCCOC(=O)C=C,821,107481-28-7,PGDIJTMOHORACQ-UHFFFAOYSA-N,268.35
"1,9-Nonanediol dimethacrylate",CC(=C)C(=O)OCCCCCCCCCOC(=O)C(=C)C,11596,65833-30-9,YJVIKVWFGPLAFS-UHFFFAOYSA-N,296.4
"1,9-Tetradecadiene",CCCC/C=C\CCCCCCC=C,1306,112929-06-3,NYVMUHBLKJLADK-BENRWUELSA-N,194.36
1-((2-Aminoethyl)amino)propan-2-ol,CC(CNCCN)O,1936,123-84-2,CWKVFRNCODQPDB-UHFFFAOYSA-N,118.18
1-((2-Chloro-4-nitrophenyl)azo)-2-naphthol,C1=CC=C2C(=C1)C=CC(=C2N=NC3=C(C=C(C=C3)[N+](=O)[O-])Cl)O,6635,2814-77-9,XLTMWFMRJZDFFD-UHFFFAOYSA-N,327.72
1-((Diiodomethyl)sulfonyl)-4-methylbenzene,CC1=CC=C(C=C1)S(=O)(=O)C(I)I,4665,20018-09-1,XOILGBPDXMVFIP-UHFFFAOYSA-N,422.02
"1-(1,1-Dimethylethoxy)-2-methylpropane",CC(C)COC(C)(C)C,7447,33021-02-2,UPOMCDPCTBJJDA-UHFFFAOYSA-N,130.23
"1-(1,2,3-Trimethyl-cyclopent-2-enyl)-ethanone",CC1=C(C(CC1)(C)C(=O)C)C,12860,70987-81-4,GADXMBFTJVBEIN-UHFFFAOYSA-N,152.23
"1-(1-Acetyl-2,2,6,6-tetramethylpiperidin-4-yl)-3-dodecylpyrrolidine-2,5-dione",CCCCCCCCCCCCC1CC(=O)N(C1=O)C2CC(N(C(C2)(C)C)C(=O)C)(C)C,745,106917-31-1,VXTRPEFUPWORNH-UHFFFAOYSA-N,448.7
"1-(1-Butenyl)-2,5-cycloheptadiene",CC/C=C/[C@H]1CC=CCC=C1,7464,33156-93-3,KIFXGGYCNMHCSX-AEBAWRHJSA-N,148.24
"1-(2,2-Dimethylcyclohexyl)ethanone",CC(=O)C1CCCCC1(C)C,4217,17983-26-5,VXHOFFZAGUMFCK-UHFFFAOYSA-N,154.25
"1-(2,3,8,8-Tetramethyl-1,2,3,4,5,6,7,8-octahydronaphthalen-2-yl)ethanone",CC1CC2=C(CC1(C)C(=O)C)C(CCC2)(C)C,9683,54464-57-2,FVUGZKDGWGKCFE-UHFFFAOYSA-N,234.38
"1-(2,3,8,8-Tetramethyl-1,2,3,5,6,7,8,8a-octahydronaphthalen-2-yl)ethanone",CC1C=C2CCCC(C2CC1(C)C(=O)C)(C)C,12014,68155-66-8,NOMWSTMYQKABST-UHFFFAOYSA-N,234.38
"1-(2,3-Epoxypropoxy)-2,2-bis[(2,3-epoxypropoxy)methyl]butane",CCC(COCC1CO1)(COCC2CO2)COCC3CO3,7634,3454-29-3,QECCQGLIYMMHCR-UHFFFAOYSA-N,302.36
"1-(2,5-Dimethyl-4-(2,5-dimethylphenylazo)phenylazo)-2-naphthol",CC1=CC(=C(C=C1)C)N=NC2=C(C=C(C(=C2)C)N=NC3=C(C=CC4=CC=CC=C43)O)C,2392,1320-06-5,NPGIHFRTRXVWOY-UHFFFAOYSA-N,408.5
"1-(2,6,6-Trimethyl-2-cyclohexen-1-yl)-1-penten-3-one",CCC(=O)/C=C/C1C(=CCCC1(C)C)C,2522,1335-46-2,VPKMGDRERYMTJX-CMDGGOBGSA-N,206.32
"1-(2,6,6-Trimethyl-2-cyclohexen-1-yl)-1-penten-3-one",CCC(=O)/C=C/C1C(=CCCC1(C)C)C,13850,7779-30-8,VPKMGDRERYMTJX-CMDGGOBGSA-N,206.32
1-(2-Aminoethyl)piperazine,C1CN(CCN1)CCN,2923,140-31-8,IMUDHTPIFIBORV-UHFFFAOYSA-N,129.2
1-(2-Butoxy-1-methylethoxy)propan-2-ol,CCCCOCC(C)OCC(C)O,6937,29911-28-2,CUVLMZNMSPJDON-UHFFFAOYSA-N,190.28
1-(2-Butoxyethoxy)ethanol,CCCCOCCOC(C)O,9681,54446-78-5,ZNQOETZUGRUONW-UHFFFAOYSA-N,162.23
1-(2-Chloropropyl)-5-nitro-2-(phenylmethyl)-1H-benzimidazole,CC(CN1C2=C(C=C(C=C2)[N+](=O)[O-])N=C1CC3=CC=CC=C3)Cl,12983,7189-76-6,QPTDFPXUTRROQZ-UHFFFAOYSA-N,329.8
1-(2-Cyanostyryl)-4-(4-cyanostyryl)benzene,C1=CC=C(C(=C1)/C=C/C2=CC=C(C=C2)/C=C/C3=CC=C(C=C3)C#N)C#N,2194,13001-38-2,OQVQNTRMZCGXIB-ICYHVJMASA-N,332.4
1-(2-Hydroxyethyl)-2-imidazolidinone,C1CN(C(=O)N1)CCO,7910,3699-54-5,HBAIZGPCSAAFSU-UHFFFAOYSA-N,130.15
1-(2-Hydroxyethyl)pyrrolidin-2-one,C1CC(=O)N(C1)CCO,7624,3445-11-2,WDQFELCEOPFLCZ-UHFFFAOYSA-N,129.16
1-(2-Methoxy-5-nitrophenylazo)-2-hydroxy-3-(3-nitrophenylcarbamoyl)naphthalene,COC1=C(C=C(C=C1)[N+](=O)[O-])N=NC2=C(C(=CC3=CC=CC=C32)C(=O)NC4=CC(=CC=C4)[N+](=O)[O-])O,11422,6471-49-4,SOFRHZUTPGJWAM-UHFFFAOYSA-N,487.4
1-(2-Methoxypropoxy)-2-propanol,CC(COCC(C)OC)O,2588,13429-07-7,FOLPKOWCPVGUCA-UHFFFAOYSA-N,148.2
1-(2-Nitrophenyl)piperazine,C1CN(CCN1)C2=CC=CC=C2[N+](=O)[O-],10327,59084-06-9,YJRCDSXLKPERNV-UHFFFAOYSA-N,207.23
1-(2-Vinylphenyl)-1H-isochromene,C=CC1=CC=CC=C1C2C3=CC=CC=C3C=CO2,4574,194877-16-2,VOSOKIOTSLZHNF-UHFFFAOYSA-N,234.29
"1-(3,5-Ditert-butyl-4-hydroxyphenyl)ethanone",CC(=O)C1=CC(=C(C(=C1)C(C)(C)C)O)C(C)(C)C,2949,14035-33-7,WGJPGMJLARWHRK-UHFFFAOYSA-N,248.36
1-(3-Aminopropyl)imidazole,C1=CN(C=N1)CCCN,9067,5036-48-6,KDHWOCLBMVSZPG-UHFFFAOYSA-N,125.17
1-(3-Cyanophenyl)-2-phenylethane,C1=CC=C(C=C1)CCC2=CC(=CC=C2)C#N,7594,34176-91-5,YAGSUWLZZOQMMN-UHFFFAOYSA-N,207.27
"1-(3-Methylbutyl)-2,3,6-trimethylbenzene",CC1=C(C(=C(C=C1)C)CCC(C)C)C,14519,84651-14-9,CBOJILOICAVSDI-UHFFFAOYSA-N,190.32
1-(4-Bromobutyl)-2-piperidinone,C1CCN(C(=O)C1)CCCCBr,4580,195194-80-0,OBYSASJZICHTJD-UHFFFAOYSA-N,234.13
1-(4-Ethylcyclohexyl)-4-[4-(4-methylcyclohexyl)phenyl]benzene,CCC1CCC(CC1)C2=CC=C(C=C2)C3=CC=C(C=C3)C4CCC(CC4)C,509,104021-92-3,MEXURWLRXYTWGT-UHFFFAOYSA-N,360.6
1-(4-Isopropylphenyl)-1-methylethyl hydroperoxide,CC(C)C1=CC=C(C=C1)C(C)(C)OO,15995,98-49-7,HWCBEGMIBCYKST-UHFFFAOYSA-N,194.27
1-(4-Isopropylphenyl)propan-1-ol,CCC(C1=CC=C(C=C1)C(C)C)O,9691,54518-11-5,NUNYALSGVAYXDW-UHFFFAOYSA-N,178.27
1-(4-Octylphenyl)ethanone,CCCCCCCCC1=CC=C(C=C1)C(=O)C,601,10541-56-7,GARQDIVXKVBJFP-UHFFFAOYSA-N,232.36
1-(4-Propylphenyl)ethan-1-one,CCCC1=CC=C(C=C1)C(=O)C,6842,2932-65-2,ZNBVIYMIVFKTIW-UHFFFAOYSA-N,162.23
1-(4-tert-Butylphenyl)propan-2-one,CC(=O)CC1=CC=C(C=C1)C(C)(C)C,14293,81561-77-5,HSNJERRVXUNQLS-UHFFFAOYSA-N,190.28
"1-(5,5-Dimethyl-1-cyclohexen-1-yl)-4-penten-1-one",CC1(CCC=C(C1)C(=O)CCC=C)C,10037,56973-85-4,OEVIJAZJVZDBQL-UHFFFAOYSA-N,192.3
1-(Adamantyl)cyclohexene,C1CCC(=CC1)C23CC4CC(C2)CC(C4)C3,13992,78053-16-4,XUYIJVAWBBIZSC-UHFFFAOYSA-N,216.36
"1-(Allyloxy)-2,2-bis((allyloxy)methyl)butane",CCC(COCC=C)(COCC=C)COCC=C,12057,682-08-6,JPTSCQGFFOSLQE-UHFFFAOYSA-N,254.36
1-(Chloromethyl)naphthalene,C1=CC=C2C(=C1)C=CC=C2CCl,14727,86-52-2,XMWGTKZEDLCVIG-UHFFFAOYSA-N,176.64
1-(Cyclohexylcarbonyl)piperazine,C1CCC(CC1)C(=O)N2CCNCC2,6533,27561-62-2,ZSZROXCAFYZNHE-UHFFFAOYSA-N,196.29
1-(Dimethoxymethyl)-4-methoxybenzene,COC1=CC=C(C=C1)C(OC)OC,5026,2186-92-7,NNHYAHOTXLASEA-UHFFFAOYSA-N,182.22
1-(Hexadecyloxy)-3-[(2-hydroxyethyl)(methyl)amino]propan-2-ol,CCCCCCCCCCCCCCCCOCC(CN(C)CCO)O,599,105278-18-0,KURWTRFLXMSYOI-UHFFFAOYSA-N,373.6
1-(Isopropylamino)anthraquinone,CC(C)NC1=CC=CC2=C1C(=O)C3=CC=CC=C3C2=O,6496,27354-18-3,ATIYVSUEHXWMKF-UHFFFAOYSA-N,265.31
1-(Methylamino)anthraquinone,CNC1=CC=CC2=C1C(=O)C3=CC=CC=C3C2=O,14311,82-38-2,SVTDYSXXLJYUTM-UHFFFAOYSA-N,237.25
1-(o-Tolyl)biguanide,CC1=CC=CC=C1N=C(N)N=C(N)N,15559,93-69-6,SQZCAOHYQSOZCE-UHFFFAOYSA-N,191.23
1-(p-Acetamidoanilino)-4-hydroxyanthraquinone,CC(=O)NC1=CC=C(C=C1)NC2=C3C(=C(C=C2)O)C(=O)C4=CC=CC=C4C3=O,11867,67905-17-3,DAPGHBPTUCXSRG-UHFFFAOYSA-N,372.4
1-(Pentamethylphenyl)ethan-1-one,CC1=C(C(=C(C(=C1C)C)C(=O)C)C)C,4739,2040-01-9,CTTYWXDVWGKHKJ-UHFFFAOYSA-N,190.28
1-(Phenylamino)anthraquinone,C1=CC=C(C=C1)NC2=CC=CC3=C2C(=O)C4=CC=CC=C4C3=O,6866,2944-28-7,XRIGHGYEGNDPEU-UHFFFAOYSA-N,299.3
1-(Prop-1-en-2-yl)bicyclo[2.2.1]hept-2-ene,CC(=C)C12CCC(C1)C=C2,14406,83484-77-9,JWIVXACJSSFIHH-UHFFFAOYSA-N,134.22
"1-[(2,4-Dinitrophenyl)azo]-2-naphthol",C1=CC=C2C(=C1)C=CC(=C2N=NC3=C(C=C(C=C3)[N+](=O)[O-])[N+](=O)[O-])O,7647,3468-63-1,HBHZKFOUIUMKHV-UHFFFAOYSA-N,338.27
"1-[(6-Fluoro-3-methoxyquinoxalin-2-yl)aminocarbonyl]-4-(3,5-dimethoxyphenyl)piperazine",COC1=CC(=CC(=C1)N2CCN(CC2)C(=O)NC3=NC4=C(C=C(C=C4)F)N=C3OC)OC,14912,888479-29-6,IBXPCUONFLPMCV-UHFFFAOYSA-N,441.5
1-[3-(Trimethoxysilyl)propyl]urea,CO[Si](CCCNC(=O)N)(OC)OC,5322,23843-64-3,LVACOMKKELLCHJ-UHFFFAOYSA-N,222.31
"1-[Difluoro(trifluoromethoxy)methoxy]-1,2,2-trifluoroethene",C(=C(F)F)(OC(OC(F)(F)F)(F)F)F,12714,700874-87-9,PODVJTKDNVRRMS-UHFFFAOYSA-N,232.03
1-Adamantanecarbonyl chloride,C1C2CC3CC1CC(C2)(C3)C(=O)Cl,4854,2094-72-6,MIBQYWIOHFTKHD-UHFFFAOYSA-N,198.69
1-Adamantanol,C1C2CC3CC1CC(C2)(C3)O,13692,768-95-6,VLLNJDMHDJRNFK-UHFFFAOYSA-N,152.23
1-Adamantyl methacrylate,CC(=C)C(=O)OC12CC3CC(C1)CC(C3)C2,3945,16887-36-8,MZVABYGYVXBZDP-UHFFFAOYSA-N,220.31
1-Allyl-2-methylbenzene,CC1=CC=CC=C1CC=C,3614,1587-04-8,SVIHJJUMPAUQNO-UHFFFAOYSA-N,132.2
1-Allylnaphthalene,C=CCC1=CC=CC2=CC=CC=C21,5537,2489-86-3,RJFCFNWLPJRCLR-UHFFFAOYSA-N,168.23
1-Amino-2-methylanthraquinone,CC1=C(C2=C(C=C1)C(=O)C3=CC=CC=C3C2=O)N,14310,82-28-0,ZLCUIOWQYBYEBG-UHFFFAOYSA-N,237.25
1-Amino-2-naphthol,C1=CC=C2C(=C1)C=CC(=C2N)O,6670,2834-92-6,FHMMQQXRSYSWCM-UHFFFAOYSA-N,159.18
1-Amino-4-anilino-2-bromoanthraquinone,C1=CC=C(C=C1)NC2=CC(=C(C3=C2C(=O)C4=CC=CC=C4C3=O)N)Br,3533,1564-71-2,BMIJUARACLJZMP-UHFFFAOYSA-N,393.2
1-Amino-4-hydroxyanthraquinone,C1=CC=C2C(=C1)C(=O)C3=C(C=CC(=C3C2=O)O)N,1398,116-85-8,AQXYVFBSOOBBQV-UHFFFAOYSA-N,239.23
1-Aminopropan-2-ol,CC(CN)O,13984,78-96-6,HXKKHQJGJAFBHI-UHFFFAOYSA-N,75.11
1-Aminopyrene,C1=CC2=C3C(=C1)C=CC4=C(C=CC(=C43)C=C2)N,3675,1606-67-3,YZVWKHVRBDQPMQ-UHFFFAOYSA-N,217.26
1-Anilino-4-hydroxyanthraquinone,C1=CC=C(C=C1)NC2=C3C(=C(C=C2)O)C(=O)C4=CC=CC=C4C3=O,1847,12237-62-6,ZNQIAQXHADXXQI-UHFFFAOYSA-N,315.3
1-Azacyclotridec-3-EN-2-one,C1CCCCC=CC(=O)NCCCC1,14393,831227-09-9,XLTQIHRRJGUXIJ-UHFFFAOYSA-N,195.3
"1-Aziridinecarboxamide, N,N'-(methylenedi-4,1-phenylene)bis-",C1CN1C(=O)NC2=CC=C(C=C2)CC3=CC=C(C=C3)NC(=O)N4CC4,13250,7417-99-4,XECQDYXJWMHGBI-UHFFFAOYSA-N,336.4
"1-Benzyl-3,5-dimethylbenzene",CC1=CC(=CC(=C1)CC2=CC=CC=C2)C,6634,28122-27-2,RZCMUIOJBYCKPG-UHFFFAOYSA-N,196.29
1-Benzyl-3-methylbenzene,CC1=CC(=CC=C1)CC2=CC=CC=C2,10859,620-47-3,KSYQGOYOIKQFNA-UHFFFAOYSA-N,182.26
1-Benzyl-5-phenylbarbituric acid,C1=CC=C(C=C1)CN2C(=O)C(C(=O)NC2=O)C3=CC=CC=C3,13097,72846-00-5,KCWWCWMGJOWTMY-UHFFFAOYSA-N,294.3
"1-Benzylpyrrolidine-2,5-dione",C1CC(=O)N(C1=O)CC2=CC=CC=C2,4938,2142-06-5,IONNJVQITCVNHK-UHFFFAOYSA-N,189.21
1-Bromo-2-(2-phenylphenyl)benzene,C1=CC=C(C=C1)C2=CC=CC=C2C3=CC=CC=C3Br,13521,75295-57-7,YTLIDPYQVRVSCY-UHFFFAOYSA-N,309.2
1-Bromo-2-chlorobenzene,C1=CC=C(C(=C1)Cl)Br,12641,694-80-4,QBELEDRHMPMKHP-UHFFFAOYSA-N,191.45
1-Bromo-2-iodotetrafluoroethane,C(C(F)(F)I)(F)(F)Br,8448,421-70-5,ZYNPYKGTNSXKPI-UHFFFAOYSA-N,306.82
1-Bromo-2-phenoxybenzene,C1=CC=C(C=C1)OC2=CC=CC=C2Br,7856,36563-47-0,RRWFUWRLNIZICP-UHFFFAOYSA-N,249.1
1-Bromo-2-phenoxybenzene,C1=CC=C(C=C1)OC2=CC=CC=C2Br,12750,7025-06-1,RRWFUWRLNIZICP-UHFFFAOYSA-N,249.1
1-Bromo-2-propanol,CC(CBr)O,10838,61951-89-1,WEGOLYBUWCMMMY-UHFFFAOYSA-N,138.99
"1-Bromo-3-chloro-5,5-dimethyl-2,4-imidazolidinedione",CC1(C(=O)N(C(=O)N1Br)Cl)C,3685,16079-88-2,PIEXCQIOSMOEOU-UHFFFAOYSA-N,241.47
1-Bromo-3-chloropropane,C(CCl)CBr,943,109-70-6,MFESCIUQSIBMSM-UHFFFAOYSA-N,157.44
1-Bromo-3-phenoxybenzene,C1=CC=C(C=C1)OC2=CC(=CC=C2)Br,12433,6876-00-2,AHDAKFFMKLQPTD-UHFFFAOYSA-N,249.1
1-Bromo-4-chlorobutane,C(CCBr)CCl,12645,6940-78-9,NIDSRGCVYOEDFW-UHFFFAOYSA-N,171.46
1-Bromo-4-phenoxybenzene,C1=CC=C(C=C1)OC2=CC=C(C=C2)Br,160,101-55-3,JDUYPUMQALQRCN-UHFFFAOYSA-N,249.1
1-Bromoadamantane,C1C2CC3CC1CC(C2)(C3)Br,13691,768-90-1,VQHPRVYDKRESCL-UHFFFAOYSA-N,215.13
1-Bromodecane,CCCCCCCCCCBr,1219,112-29-8,MYMSJFSOOQERIO-UHFFFAOYSA-N,221.18
1-Bromodibenzo-p-dioxin,C1=CC=C2C(=C1)OC3=C(O2)C(=CC=C3)Br,429,103456-34-4,HEAUGIUDKRRLPJ-UHFFFAOYSA-N,263.09
1-Bromodibenzofuran,C1=CC=C2C(=C1)C3=C(O2)C=CC=C3Br,430,103456-35-5,WUYYVOWEBMOELQ-UHFFFAOYSA-N,247.09
1-Bromododecane,CCCCCCCCCCCCBr,3075,143-15-7,PBLNBZIONSLZBU-UHFFFAOYSA-N,249.23
1-Bromohexadecane,CCCCCCCCCCCCCCCCBr,1254,112-82-3,HNTGIJLWHDPAFN-UHFFFAOYSA-N,305.34
1-Bromopentadecane,CCCCCCCCCCCCCCCBr,11035,629-72-1,JKOTZBXSNOGCIF-UHFFFAOYSA-N,291.31
1-Bromopentane,CCCCCBr,1005,110-53-2,YZWKKMVJZFACSU-UHFFFAOYSA-N,151.04
1-Bromopropane,CCCBr,682,106-94-5,CYNYIHKIEHGYOZ-UHFFFAOYSA-N,122.99
1-Bromotridecane,CCCCCCCCCCCCCBr,13658,765-09-3,BFDNZQUBFCYTIC-UHFFFAOYSA-N,263.26
1-Butanol,CCCCO,12863,71-36-3,LRHPLDYGYMQRHN-UHFFFAOYSA-N,74.12
"1-Butanol, 4-(ethenyloxy)-",C=COCCCCO,4189,17832-28-9,HMBNQNDUEFFFNZ-UHFFFAOYSA-N,116.16
"1-Butanone, 2-(dimethylamino)-2-[(4-methylphenyl)methyl]-1-[4-(4-morpholinyl)phenyl]-",CCC(CC1=CC=C(C=C1)C)(C(=O)C2=CC=C(C=C2)N3CCOCC3)N(C)C,1536,119344-86-4,PUBNJSZGANKUGX-UHFFFAOYSA-N,380.5
1-Butene,CCC=C,685,106-98-9,VXNZUUAINFGPBY-UHFFFAOYSA-N,56.11
1-Butene,CCC=C,5776,25167-67-3,VXNZUUAINFGPBY-UHFFFAOYSA-N,56.11
"1-Butene, 1,3-diphenyl-",CC(/C=C/C1=CC=CC=C1)C2=CC=CC=C2,9626,54140-12-4,GNQWHYWLSGTMSL-OUKQBFOZSA-N,208.3
"1-Butene, 1,3-diphenyl-",CC(/C=C/C1=CC=CC=C1)C2=CC=CC=C2,13606,7614-93-9,GNQWHYWLSGTMSL-OUKQBFOZSA-N,208.3
1-Butoxy-2-propanol,CCCCOCC(C)O,9213,5131-66-8,RWNUSVWFHDHRCJ-UHFFFAOYSA-N,132.2
1-Butoxy-2-propanol,CCCCOCC(C)O,16258,29387-86-8,RWNUSVWFHDHRCJ-UHFFFAOYSA-N,132.2
"1-Butyl-5-((4-chlorophenyl)azo)-1,2-dihydro-6-hydroxy-4-methyl-2-oxonicotinonitrile",CCCCN1C(=C(C(=C(C1=O)N=NC2=CC=C(C=C2)Cl)C)C#N)O,14444,83929-90-2,MWAWPZSULSWTAA-UHFFFAOYSA-N,344.8
1-Butylpyrrolidin-2-one,CCCCN1CCCC1=O,7651,3470-98-2,BNXZHVUCNYMNOS-UHFFFAOYSA-N,141.21
"1-Chloro-1,1,2,2-tetrafluoroethane",C(C(F)(F)Cl)(F)F,7724,354-25-6,JQZFYIGAYWLRCC-UHFFFAOYSA-N,136.47
"1-Chloro-1,1-difluoroethane",CC(F)(F)Cl,13486,75-68-3,BHNZEZWIUMJCGF-UHFFFAOYSA-N,100.49
1-Chloro-2-(trichloromethyl)benzene,C1=CC=C(C(=C1)C(Cl)(Cl)Cl)Cl,4932,2136-89-2,MFHPYLFZSCSNST-UHFFFAOYSA-N,229.9
1-Chloro-2-fluoroethylene,C(=C/Cl)\F,8805,460-16-2,MTKHTBWXSHYCGS-OWOJBTEDSA-N,80.49
1-Chloro-2-nitropropane,CC(CCl)[N+](=O)[O-],5391,2425-66-3,FPJNQQRSBJPGHM-UHFFFAOYSA-N,123.54
1-Chloro-2-propanol,CC(CCl)O,2097,127-00-4,YYTSGNJTASLUOY-UHFFFAOYSA-N,94.54
"1-Chloro-3,3-dimethylbutane",CC(C)(C)CCCl,6699,2855-08-5,XGCKOSFYXBAPQM-UHFFFAOYSA-N,120.62
1-Chloro-3-nitrobenzene,C1=CC(=CC(=C1)Cl)[N+](=O)[O-],1728,121-73-3,KMAQZIILEGKYQZ-UHFFFAOYSA-N,157.55
"1-Chloro-4-(1,2,2-trichlorovinyl)benzene",C1=CC(=CC=C1C(=C(Cl)Cl)Cl)Cl,8874,4714-35-6,KQRVRRKQNVBFMN-UHFFFAOYSA-N,241.9
1-Chloro-4-nitrobenzene,C1=CC(=CC=C1[N+](=O)[O-])Cl,1,100-00-5,CZGCEKJOLUNIFY-UHFFFAOYSA-N,157.55
1-Chloro-4-propoxy-9H-thioxanthen-9-one,CCCOC1=C2C(=C(C=C1)Cl)C(=O)C3=CC=CC=C3S2,3058,142770-42-1,VKQJCUYEEABXNK-UHFFFAOYSA-N,304.8
1-Chlorodecane,CCCCCCCCCCCl,56,1002-69-3,ZTEHOZMYMCEYRM-UHFFFAOYSA-N,176.72
1-Chlorododecane,CCCCCCCCCCCCCl,1236,112-52-7,YAYNEUUHHLGGAH-UHFFFAOYSA-N,204.78
1-Chloroeicosane,CCCCCCCCCCCCCCCCCCCCCl,8459,42217-02-7,AFGNVSCTEXUEJE-UHFFFAOYSA-N,317
1-Chloroheptacosane,CCCCCCCCCCCCCCCCCCCCCCCCCCCCl,10867,62016-79-9,SHDKPHGPBNHILS-UHFFFAOYSA-N,415.2
1-Chlorohexadecane,CCCCCCCCCCCCCCCCCl,8944,4860-03-1,CLWAXFZCVYJLLM-UHFFFAOYSA-N,260.9
1-Chloronaphthalene,C1=CC=C2C(=C1)C=CC=C2Cl,14966,90-13-1,JTPNRXUCIXHOKM-UHFFFAOYSA-N,162.61
1-Chlorooctadecane,CCCCCCCCCCCCCCCCCCCl,7562,3386-33-2,VUQPJRPDRDVQMN-UHFFFAOYSA-N,288.9
1-Chlorooctane,CCCCCCCCCl,1123,111-85-3,CNDHHGUSRIZDSL-UHFFFAOYSA-N,148.67
1-Chloropropan-2-yl bis(3-chloropropyl) phosphate,CC(CCl)OP(=O)(OCCCCl)OCCCCl,2808,137888-35-8,LURCDQJWIBOOGP-UHFFFAOYSA-N,327.6
1-Chlorotetradecane,CCCCCCCCCCCCCCCl,5390,2425-54-9,RNHWYOLIEJIAMV-UHFFFAOYSA-N,232.83
1-Chloroundecane,CCCCCCCCCCCCl,5514,2473-03-2,ZHKKNUKCXPWZOP-UHFFFAOYSA-N,190.75
1-Cyclohexene-1-carboxaldehyde,C1CCC(=CC1)C=O,2398,1321-16-0,OANSOJSBHVENEI-UHFFFAOYSA-N,110.15
"1-Cyclohexene-1-ethanol, 2,6,6-trimethyl-",CC1=C(C(CCC1)(C)C)CCO,8876,472-65-1,JGJFZOVBBGQGOM-UHFFFAOYSA-N,168.28
1-Cyclohexenyl phenyl ketone,C1CCC(=CC1)C(=O)C2=CC=CC=C2,3995,17040-65-2,GFXUKSMUKHKIGP-UHFFFAOYSA-N,186.25
1-Cyclohexyl-3-methyl-urea,CNC(=O)NC1CCCCC1,8218,39804-96-1,YKLDLMXTBHWMPV-UHFFFAOYSA-N,156.23
1-Cyclopentylicosane,CCCCCCCCCCCCCCCCCCCCC1CCCC1,17298,,XASCPEKVIMHPQA-UHFFFAOYSA-N,350.7
"1-Decanamine, N,N-dimethyl-, N-oxide",CCCCCCCCCC[N+](C)(C)[O-],6089,2605-79-0,ZRKZFNZPJKEWPC-UHFFFAOYSA-N,201.35
1-Decanol,CCCCCCCCCCO,1220,112-30-1,MWKFXSUHUHTGQN-UHFFFAOYSA-N,158.28
1-Decanol,CCCCCCCCCCO,17180,,MWKFXSUHUHTGQN-UHFFFAOYSA-N,158.28
"1-Decanol, 2,2-dimethyl-",CCCCCCCCC(C)(C)CO,5288,2370-15-2,OSJLCOMCKUOKDD-UHFFFAOYSA-N,186.33
"1-Decanol, 2-hexyl-, benzoate",CCCCCCCCC(CCCCCC)COC(=O)C1=CC=CC=C1,3819,163883-40-7,FYHVUGCQEFBZTA-UHFFFAOYSA-N,346.5
"1-Decanol, 2-octyl-",CCCCCCCCC(CCCCCCCC)CO,8756,45235-48-1,JYZLSYFPFQTNNO-UHFFFAOYSA-N,270.5
1-Decene,CCCCCCCCC=C,14816,872-05-9,AFFLGGQVNFXPEV-UHFFFAOYSA-N,140.27
1-Diethylamino-2-propanol,CCN(CC)CC(C)O,8585,4402-32-8,BHUXAQIVYLDUQV-UHFFFAOYSA-N,131.22
1-Docosene,CCCCCCCCCCCCCCCCCCCCC=C,3651,1599-67-3,SPURMHFLEKVAAS-UHFFFAOYSA-N,308.6
1-Docosene,CCCCCCCCCCCCCCCCCCCCC=C,6900,29730-67-4,SPURMHFLEKVAAS-UHFFFAOYSA-N,308.6
1-Dodecanethiol,CCCCCCCCCCCCS,1239,112-55-0,WNAHIZMDSQCWRP-UHFFFAOYSA-N,202.4
1-Dodecene,CCCCCCCCCCC=C,1229,112-41-4,CRSBERNSMYQZNG-UHFFFAOYSA-N,168.32
1-Dodecyl-2-pyrrolidinone,CCCCCCCCCCCCN1CCCC1=O,6371,2687-96-9,NJPQAIBZIHNJDO-UHFFFAOYSA-N,253.42
1-Dodecyne,CCCCCCCCCCC#C,13656,765-03-7,ZVDBUOGYYYNMQI-UHFFFAOYSA-N,166.3
1-Eicosanol,CCCCCCCCCCCCCCCCCCCCO,11047,629-96-9,BTFJIXJJCSYFAL-UHFFFAOYSA-N,298.5
1-Eicosene,CCCCCCCCCCCCCCCCCCC=C,6502,27400-78-8,VAMFXQBUQXONLZ-UHFFFAOYSA-N,280.5
1-Eicosene,CCCCCCCCCCCCCCCCCCC=C,7631,3452-07-1,VAMFXQBUQXONLZ-UHFFFAOYSA-N,280.5
1-Eicosene,CCCCCCCCCCCCCCCCCCC=C,17813,,VAMFXQBUQXONLZ-UHFFFAOYSA-N,280.5
1-Ethoxy-2-heptanone,CCCCCC(=O)COCC,9168,51149-70-3,LGSYULXFQRQZRH-UHFFFAOYSA-N,158.24
1-Ethoxy-2-propanol,CCOCC(C)O,3551,1569-02-4,JOLQKTGDSGKSKJ-UHFFFAOYSA-N,104.15
1-Ethoxypentan-3-ol,CCC(CCOCC)O,140,100910-92-7,LQIBOAZAEQOEMM-UHFFFAOYSA-N,132.2
1-Ethyl citrate,CCOC(=O)CC(CC(=O)O)(C(=O)O)O,8789,4552-00-5,OMPIYDSYGYKWSG-UHFFFAOYSA-N,220.18
1-Ethyl-1-methylcyclohexane,CCC1(CCCCC1)C,7087,30677-34-0,YPJRYQGOKHKNKZ-UHFFFAOYSA-N,126.24
"1-Ethyl-2,4-dimethylbenzene",CCC1=C(C=C(C=C1)C)C,14831,874-41-9,MEMBJMDZWKVOTB-UHFFFAOYSA-N,134.22
1-Ethyl-2-methylbenzene,CCC1=CC=CC=C1C,5901,25550-14-5,HYFLWBNQFMXCPA-UHFFFAOYSA-N,120.19
1-Ethyl-2-methylbenzene,CCC1=CC=CC=C1C,10581,611-14-3,HYFLWBNQFMXCPA-UHFFFAOYSA-N,120.19
1-Ethyl-2-methylcyclopentane,CCC1CCCC1C,7944,3726-46-3,BSKOLJVTLRLTHE-UHFFFAOYSA-N,112.21
1-Ethyl-2-phenylbenzene,CCC1=CC=CC=C1C2=CC=CC=C2,8273,40529-66-6,DLMYHUARHITGIJ-UHFFFAOYSA-N,182.26
1-Ethyl-2-propylcyclohexane,CCCC1CCCCC1CC,10916,62238-33-9,NNNKGLVDUYFBHS-UHFFFAOYSA-N,154.29
1-Ethyl-2-pyrrolidinone,CCN1CCCC1=O,6369,2687-91-4,ZFPGARUNNKGOBB-UHFFFAOYSA-N,113.16
"1-Ethyl-3,5-dimethylbenzene",CCC1=CC(=CC(=C1)C)C,15590,934-74-7,LMAUULKNZLEMGN-UHFFFAOYSA-N,134.22
1-Ethyl-4-methylcyclohexane,CCC1CCC(CC1)C,7945,3728-56-1,CYISMTMRBPPERU-UHFFFAOYSA-N,126.24
1-Ethyldecalin,CCC1CCCC2C1CCCC2,132,1008-17-9,HUMCBDCARGDFNV-UHFFFAOYSA-N,166.3
1-Ethylnaphthalene,CCC1=CC=CC2=CC=CC=C21,1299,1127-76-0,ZMXIYERNXPIYFR-UHFFFAOYSA-N,156.22
1-Ethylpiperidine,CCN1CCCCC1,13669,766-09-6,HTLZVHNRZJPSMI-UHFFFAOYSA-N,113.2
1-Ethynyl-4-methoxybenzene,COC1=CC=C(C=C1)C#C,13688,768-60-5,KBIAVTUACPKPFJ-UHFFFAOYSA-N,132.16
1-Ethynylcyclohexanol,C#CC1(CCCCC1)O,13954,78-27-3,QYLFHLNFIHBCPR-UHFFFAOYSA-N,124.18
1-Ethynylcyclohexene,C#CC1=CCCCC1,15576,931-49-7,DKFHWNGVMWFBJE-UHFFFAOYSA-N,106.16
1-Fluorododecane,CCCCCCCCCCCCF,7498,334-68-9,YHYBNVZCQIDLSQ-UHFFFAOYSA-N,188.32
1-Fluorotetradecane,CCCCCCCCCCCCCCF,10372,593-33-9,YRDSYPITPPQNED-UHFFFAOYSA-N,216.38
1-Formylpyrrolidine,C1CCN(C1)C=O,8004,3760-54-1,AGRIQBHIKABLPJ-UHFFFAOYSA-N,99.13
1-Heneicosene,CCCCCCCCCCCCCCCCCCCC=C,3652,1599-68-4,JTOGFHAZQVDOAO-UHFFFAOYSA-N,294.6
1-Heptacosanol,CCCCCCCCCCCCCCCCCCCCCCCCCCCO,4670,2004-39-9,ULCZGKYHRYJXAU-UHFFFAOYSA-N,396.7
"1-Heptadecanamine, N,N-dimethyl-",CCCCCCCCCCCCCCCCCN(C)C,6959,3002-57-1,WCVHUIPWSPEOIG-UHFFFAOYSA-N,283.5
1-Heptadecanol,CCCCCCCCCCCCCCCCCO,3161,1454-85-9,GOQYKNQRPGWPLP-UHFFFAOYSA-N,256.5
1-Heptadecene,CCCCCCCCCCCCCCCC=C,11774,6765-39-5,ADOBXTDBFNCOBN-UHFFFAOYSA-N,238.5
1-Heptadecyne,CCCCCCCCCCCCCCCC#C,6137,26186-00-5,DQDNKQWGBZFFRA-UHFFFAOYSA-N,236.4
1-Heptanol,CCCCCCCO,1114,111-70-6,BBMCTIGTTCKYKF-UHFFFAOYSA-N,116.2
1-Heptanol,CCCCCCCO,9538,53535-33-4,BBMCTIGTTCKYKF-UHFFFAOYSA-N,116.2
1-Heptene,CCCCCC=C,10359,592-76-7,ZGEGCLOFRBLKSE-UHFFFAOYSA-N,98.19
"1-Heptyl-1,2,3,4-tetrahydro-4-methylnaphthalene",CCCCCCCC1CCC(C2=CC=CC=C12)C,9851,55682-84-3,SBMIKEMQTOPDTC-UHFFFAOYSA-N,244.4
1-Heptyne,CCCCCC#C,11010,628-71-7,YVXHZKKCZYLQOP-UHFFFAOYSA-N,96.17
1-Hexacosanol,CCCCCCCCCCCCCCCCCCCCCCCCCCO,9101,506-52-5,IRHTZOCLLONTOC-UHFFFAOYSA-N,382.7
1-Hexacosene,CCCCCCCCCCCCCCCCCCCCCCCCC=C,4429,18835-33-1,OMXANELYEWRDAW-UHFFFAOYSA-N,364.7
1-Hexadecanoylpyrrolidine,CCCCCCCCCCCCCCCC(=O)N1CCCC1,12852,70974-48-0,ULDNZNZTSYZQKK-UHFFFAOYSA-N,309.5
1-Hexadecene,CCCCCCCCCCCCCCC=C,6396,26952-14-7,GQEZCXVZFLOKMC-UHFFFAOYSA-N,224.42
1-Hexadecene,CCCCCCCCCCCCCCC=C,11036,629-73-2,GQEZCXVZFLOKMC-UHFFFAOYSA-N,224.42
1-Hexadecyne,CCCCCCCCCCCCCCC#C,11037,629-74-3,UCIDYSLOTJMRAM-UHFFFAOYSA-N,222.41
1-Hexanol,CCCCCCO,1089,111-27-3,ZSIAUFGUXNUGDI-UHFFFAOYSA-N,102.17
1-Hexanol,CCCCCCO,6044,25917-35-5,ZSIAUFGUXNUGDI-UHFFFAOYSA-N,102.17
1-Hexen-3-one,CCCC(=O)C=C,3789,1629-60-3,JTHNLKXLWOXOQK-UHFFFAOYSA-N,98.14
1-Hexenal,CCCCC=C=O,17170,,ZMFNQNZKRXIAGJ-UHFFFAOYSA-N,98.14
1-Hexene,CCCCC=C,10357,592-41-6,LIKMAJRDDDTEIG-UHFFFAOYSA-N,84.16
1-Hexyl-3-methylcyclopentane,CCCCCCC1CCC(C1)C,10598,61142-68-5,HWRYHSGAVPPRHI-UHFFFAOYSA-N,168.32
1-Hexylvinyl methyl ether,CCCCCCC(=C)OC,8474,42367-31-7,GJBJZHLZFPAXTC-UHFFFAOYSA-N,142.24
1-Hydroperoxycyclohexyl 1-hydroxycyclohexyl peroxide,C1CCC(CC1)(O)OOC2(CCCCC2)OO,1873,12262-58-7,UICXTANXZJJIBC-UHFFFAOYSA-N,246.3
1-Hydroxycyclohexyl acetophenone,C1CCC(CC1)(CC(=O)C2=CC=CC=C2)O,10087,57213-26-0,HRPUANCEDYZMFT-UHFFFAOYSA-N,218.29
1-Hydroxycyclohexyl phenyl ketone,C1CCC(CC1)(C(=O)C2=CC=CC=C2)O,15728,947-19-3,QNODIIQQMGDSEF-UHFFFAOYSA-N,204.26
1-Iodo-2-methylundecane,CCCCCCCCCC(C)CI,13136,73105-67-6,RTWBFGUVCAVDFO-UHFFFAOYSA-N,296.23
1-Iodopropane,CCCI,755,107-08-4,PVWOIHVRPOBWPI-UHFFFAOYSA-N,169.99
1-Iodotetradecane,CCCCCCCCCCCCCCI,4520,19218-94-1,FHQCFGPKNSSISL-UHFFFAOYSA-N,324.28
1-Isobutyl-3-methylcyclopentane,CC1CCC(C1)CC(C)C,6799,29053-04-1,GTALJEOQBKHHJE-UHFFFAOYSA-N,140.27
1-Isopropenylnaphthalene,CC(=C)C1=CC=CC2=CC=CC=C21,4355,1855-47-6,LCJNYCWJKAWZKZ-UHFFFAOYSA-N,168.23
1-Isopropoxyacetone,CC(C)OCC(=O)C,8518,42781-12-4,SICINPWJIHTHON-UHFFFAOYSA-N,116.16
1-Isopropyl citrate,CC(C)OC(=O)CC(CC(=O)O)(C(=O)O)O,2402,1321-57-9,SKHXHUZZFVMERR-UHFFFAOYSA-N,234.2
1-Isopropylnaphthalene,CC(C)C1=CC=CC2=CC=CC=C21,6829,29253-36-9,PMPBFICDXLLSRM-UHFFFAOYSA-N,170.25
1-Methoxy-1-[(2-methylbutan-2-yl)peroxy]cyclohexane,CCC(C)(C)OOC1(CCCCC1)OC,2042,125768-93-6,MGIDEDVBLNEGDG-UHFFFAOYSA-N,216.32
1-Methoxy-2-propanol,CC(COC)O,788,107-98-2,ARXJGSRGQADJSQ-UHFFFAOYSA-N,90.12
1-Methoxy-2-propanol,CC(COC)O,16184,1320-67-8,ARXJGSRGQADJSQ-UHFFFAOYSA-N,90.12
1-Methoxy-2-propyl acetate,CC(COC)OC(=O)C,875,108-65-6,LLHKCFNBLRBOGN-UHFFFAOYSA-N,132.16
1-Methoxy-3-(3-methoxypropoxy)propane,COCCCOCCCOC,1139,111109-77-4,KWDCKLXGUZOEGM-UHFFFAOYSA-N,162.23
1-Methoxy-3-hydroxymethylheptane,CCCCC(CCOC)CO,12883,71052-95-4,FQWOXVAQRPFCTE-UHFFFAOYSA-N,160.25
1-Methoxy-4-methylbenzene,CC1=CC=C(C=C1)OC,505,104-93-8,CHLICZRVGGXEOD-UHFFFAOYSA-N,122.16
1-Methoxydodecane,CCCCCCCCCCCCOC,7662,3482-63-1,JWCACDSKXWPOFF-UHFFFAOYSA-N,200.36
1-Methoxynaphthalene,COC1=CC=CC2=CC=CC=C21,5077,2216-69-5,NQMUGNMMFTYOHK-UHFFFAOYSA-N,158.2
"1-Methyl-1,2,3,4-tetrahydronaphthalene",CC1CCCC2=CC=CC=C12,3500,1559-81-5,APBBTKKLSNPFDP-UHFFFAOYSA-N,146.23
1-Methyl-1-(1-methylethyl)-2-nonylcyclopropane,CCCCCCCCCC1CC1(C)C(C)C,8430,41977-40-6,NSVIBONLTXWPDY-UHFFFAOYSA-N,224.42
"1-Methyl-10,18-bisnorabieta-8,11,13-triene",CC(C)C1=CC2=C(C=C1)C3CCCC(C3CC2)(C)C,16591,,IIFHBZWHFCHZNQ-UHFFFAOYSA-N,256.4
1-Methyl-1H-benzo[d]imidazole-5-carbonitrile,CN1C=NC2=C1C=CC(=C2)C#N,9532,53484-13-2,PJHYDBVFHHMVCS-UHFFFAOYSA-N,157.17
"1-Methyl-2,3-dihydro-1H-inden-1-OL",CC1(CCC2=CC=CC=C21)O,11413,64666-42-8,ARYNNMVDWALCPX-UHFFFAOYSA-N,148.2
1-Methyl-2-(2-methylcyclohexyl)cyclohexane,CC1CCCCC1C2CCCCC2C,9730,54823-94-8,KTTDAJWGCZKPKL-UHFFFAOYSA-N,194.36
1-Methyl-2-(3-methylbenzene-1-sulfonyl)benzene,CC1=CC(=CC=C1)S(=O)(=O)C2=CC=CC=C2C,10578,61097-48-1,HYCXGLRBKUIGFW-UHFFFAOYSA-N,246.33
1-Methyl-2-(4-methylpentyl)cyclopentane,CC1CCCC1CCCC(C)C,17723,,YWCSZNJUSYMHHA-UHFFFAOYSA-N,168.32
1-Methyl-2-methylene-trans-decalin,CC1C2CCCCC2CCC1=C,15267,90548-09-7,FHUBBNKIBOEBJN-UHFFFAOYSA-N,164.29
1-Methyl-2-pentylcyclohexane,CCCCCC1CCCCC1C,9676,54411-01-7,NBAUUOZAFSUJPB-UHFFFAOYSA-N,168.32
1-Methyl-2-propylbenzene,CCCC1=CC=CC=C1C,817,1074-17-5,YQZBFMJOASEONC-UHFFFAOYSA-N,134.22
1-Methyl-2-propylcyclohexane,CCCC1CCCCC1C,8525,4291-79-6,BVYJEKBXVYKYRA-UHFFFAOYSA-N,140.27
1-Methyl-2-propylcyclopentane,CCCC1CCCC1C,7946,3728-57-2,ADQJFBQXLAAVQA-UHFFFAOYSA-N,126.24
1-Methyl-3-(4-methylbenzene-1-sulfonyl)benzene,CC1=CC=C(C=C1)S(=O)(=O)C2=CC=CC(=C2)C,9475,53046-20-1,CVVSKVPTZYSPSY-UHFFFAOYSA-N,246.33
1-Methyl-3-(4-methylbenzyl)benzene,CC1=CC=C(C=C1)CC2=CC=CC(=C2)C,5032,21895-16-9,DEGFPRMMRHFIBG-UHFFFAOYSA-N,196.29
1-Methyl-3-propylbenzene,CCCC1=CC=CC(=C1)C,818,1074-43-7,QUEBYVKXYIKVSO-UHFFFAOYSA-N,134.22
1-Methyl-4-(prop-1-en-2-yl)benzene,CC1=CC=C(C=C1)C(=C)C,1550,1195-32-0,MMSLOZQEMPDGPI-UHFFFAOYSA-N,132.2
"1-Methyl-4-phenyl-1,2,3,6-tetrahydropyridine N-oxide",C[N+]1(CCC(=CC1)C2=CC=CC=C2)[O-],15865,95969-40-7,FZVSMNOAJGWONA-UHFFFAOYSA-N,189.25
1-Methyl-4-propylbenzene,CCCC1=CC=C(C=C1)C,819,1074-55-1,JXFVMNFKABWTHD-UHFFFAOYSA-N,134.22
1-Methyl-7-isopropylnaphthalene,CC1=C2C=C(C=CC2=CC=C1)C(C)C,8962,490-65-3,UZVVHZJKXPCUQU-UHFFFAOYSA-N,184.28
"1-Methyl-7-propan-2-yl-1,2,3,4,4a,9,10,10a-octahydrophenanthrene",CC1CCCC2C1CCC3=C2C=CC(=C3)C(C)C,7383,32624-67-2,XWUVCHRGACWHNI-UHFFFAOYSA-N,242.4
1-Methyl-9-(1-methylethylidene)bicyclo[3.3.1]nonan-2-one,CC(=C1C2CCCC1(C(=O)CC2)C)C,9999,56630-95-6,ZLXSOTWWXQAFSW-UHFFFAOYSA-N,192.3
1-Methylanthracene,CC1=CC=CC2=CC3=CC=CC=C3C=C12,10569,610-48-0,KZNJSFHJUQDYHE-UHFFFAOYSA-N,192.25
1-Methylbenz(A)anthracene,CC1=C2C(=CC=C1)C=CC3=CC4=CC=CC=C4C=C32,5590,2498-77-3,MWMBCXXTFFHALK-UHFFFAOYSA-N,242.3
1-Methylbenzo[c]phenanthrene,CC1=C2C(=CC=C1)C=CC3=C2C4=CC=CC=C4C=C3,8302,4076-39-5,MDYAQLRNUYAINB-UHFFFAOYSA-N,242.3
"1-Methylbicyclo[4.1.0]heptane-7,7-dicarbonitrile",CC12CCCCC1C2(C#N)C#N,13420,74764-53-7,TYJLWZPRKJYGNN-UHFFFAOYSA-N,160.22
1-Methylbutyl acetate,CCCC(C)OC(=O)C,10980,626-38-0,GQKZRWSUJHVIPE-UHFFFAOYSA-N,130.18
1-Methylchrysene,CC1=C2C=CC3=C(C2=CC=C1)C=CC4=CC=CC=C43,7518,3351-28-8,LQKGSLMFGWWLIU-UHFFFAOYSA-N,242.3
1-Methylcyclopentanol,CC1(CCCC1)O,3183,1462-03-9,CAKWRXVKWGUISE-UHFFFAOYSA-N,100.16
1-Methylcyclopentene,CC1=CCCC1,12632,693-89-0,ATQUFXWBVZUTKO-UHFFFAOYSA-N,82.14
1-Methyldecahydronaphthalene,CC1CCCC2C1CCCC2,6882,2958-75-0,NHCREQREVZBOCH-UHFFFAOYSA-N,152.28
1-Methyldibenzothiophene,CC1=C2C3=CC=CC=C3SC2=CC=C1,7206,31317-07-4,HORCQSAKJDDBKB-UHFFFAOYSA-N,198.29
1-Methylene-4-(1-methylvinyl)cyclohexane,CC(=C)C1CCC(=C)CC1,9015,499-97-8,GOQRXDTWKVYHJH-UHFFFAOYSA-N,136.23
1-Methylfluorene,CC1=C2CC3=CC=CC=C3C2=CC=C1,4042,1730-37-6,GKEUODMJRFDLJY-UHFFFAOYSA-N,180.24
1-Methylheptyl acrylate,CCCCCCC(C)OC(=O)C=C,8529,42928-85-8,PKCKEGFHGRMLNH-UHFFFAOYSA-N,184.27
1-Methylimidazole,CN1C=CN=C1,10680,616-47-7,MCTWTZJPVLRJOU-UHFFFAOYSA-N,82.1
1-Methylindan,CC1CCC2=CC=CC=C12,13683,767-58-8,FIPKSKMDTAQBDJ-UHFFFAOYSA-N,132.2
1-Methylindene,CC1C=CC2=CC=CC=C12,13684,767-59-9,LRTOHSLOFCWHRF-UHFFFAOYSA-N,130.19
1-Methylnaphthalene,CC1=CC=CC2=CC=CC=C12,2409,1321-94-4,QPUYECUOLPXSFR-UHFFFAOYSA-N,142.2
1-Methylnaphthalene,CC1=CC=CC2=CC=CC=C12,14965,90-12-0,QPUYECUOLPXSFR-UHFFFAOYSA-N,142.2
1-Methylphenanthrene,CC1=C2C=CC3=CC=CC=C3C2=CC=C1,14396,832-69-9,DOWJXOHBNXRUOD-UHFFFAOYSA-N,192.25
1-Methylpyrene,CC1=C2C=CC3=CC=CC4=C3C2=C(C=C1)C=C4,5321,2381-21-7,KBSPJIWZDWBDGM-UHFFFAOYSA-N,216.28
1-Methyltriphenylene,CC1=C2C3=CC=CC=C3C4=CC=CC=C4C2=CC=C1,6737,2871-91-2,DUFXBFANDZVWSR-UHFFFAOYSA-N,242.3
1-Monolinolenin,CC/C=C/C/C=C/C/C=C/CCCCCCCC(=O)OCC(CO)O,6259,26545-75-5,GGJRAQULURVTAJ-IUQGRGSQSA-N,352.5
1-Morpholino-1-cycloheptene,C1CCC=C(CC1)N2CCOCC2,12965,7182-08-3,HLVQJUUPEMTTIS-UHFFFAOYSA-N,181.27
"1-N,4-N-bis(2-hydroxyethyl)benzene-1,4-dicarboxamide",C1=CC(=CC=C1C(=O)NCCO)C(=O)NCCO,4471,18928-62-6,VNXJRBGZIXAZRZ-UHFFFAOYSA-N,252.27
1-Naphthalenemethanol,C1=CC=C2C(=C1)C=CC=C2CO,8910,4780-79-4,PBLNHHSDYFYZNC-UHFFFAOYSA-N,158.2
"1-Naphthalenemethanol, alpha,alpha-bis(4-(diethylamino)phenyl)-4-(ethylamino)-",CCNC1=CC=C(C2=CC=CC=C21)C(C3=CC=C(C=C3)N(CC)CC)(C4=CC=C(C=C4)N(CC)CC)O,2449,1325-86-6,ZDMVLXPCERUWIR-UHFFFAOYSA-N,495.7
"1-Naphthalenemethanol, alpha,alpha-bis(4-(dimethylamino)phenyl)-4-(phenylamino)-",CN(C)C1=CC=C(C=C1)C(C2=CC=C(C=C2)N(C)C)(C3=CC=C(C4=CC=CC=C43)NC5=CC=CC=C5)O,11849,6786-83-0,WNDULEJVCPEASN-UHFFFAOYSA-N,487.6
"1-Naphthalenemethanol, alpha,alpha-bis[4-(dimethylamino)phenyl]-4-(ethylamino)-",CCNC1=CC=C(C2=CC=CC=C21)C(C3=CC=C(C=C3)N(C)C)(C4=CC=C(C=C4)N(C)C)O,11850,6786-84-1,POGFPZCWAIFSIW-UHFFFAOYSA-N,439.6
1-Naphthalenesulfonic acid,C1=CC=C2C(=C1)C=CC=C2S(=O)(=O)O,5768,25155-19-5,PSZYNBSKGUBXEH-UHFFFAOYSA-N,208.24
"1-Naphthalenol, 4-(1-naphthalenylazo)-",C1=CC=C2C(=C1)C=CC=C2N=NC3=CC=C(C4=CC=CC=C43)O,6248,2653-72-7,NSWKKBKROCMOHA-UHFFFAOYSA-N,298.3
1-Naphthoic acid,C1=CC=C2C(=C1)C=CC=C2C(=O)O,14728,86-55-5,LNETULKMXZVUST-UHFFFAOYSA-N,172.18
1-Naphthol,C1=CC=C2C(=C1)C=CC=C2O,14967,90-15-3,KJCVRFUGPWSIIH-UHFFFAOYSA-N,144.17
1-Naphthyl isocyanate,C1=CC=C2C(=C1)C=CC=C2N=C=O,14731,86-84-0,BDQNKCYCTYYMAA-UHFFFAOYSA-N,169.18
1-Naphthylamine,C1=CC=C2C(=C1)C=CC=C2N,2562,134-32-7,RUFPHBVGCFYCNW-UHFFFAOYSA-N,143.18
1-Nitropropane,CCC[N+](=O)[O-],844,108-03-2,JSZOAYXJRCEYSX-UHFFFAOYSA-N,89.09
1-Nitropyrene,C1=CC2=C3C(=C1)C=CC4=C(C=CC(=C43)C=C2)[N+](=O)[O-],9783,5522-43-0,ALRLPDGCPYIVHP-UHFFFAOYSA-N,247.25
1-Nonadecanol,CCCCCCCCCCCCCCCCCCCO,3160,1454-84-8,XGFDHKJUZCCPKQ-UHFFFAOYSA-N,284.5
1-Nonadecene,CCCCCCCCCCCCCCCCCC=C,4327,18435-45-5,NHLUYCJZUXOUBX-UHFFFAOYSA-N,266.5
1-Nonen-3-one,CCCCCCC(=O)C=C,5439,24415-26-7,HILCQVNWWOARMT-UHFFFAOYSA-N,140.22
1-Nonene,CCCCCCCC=C,1975,124-11-8,JRZJOMJEPLMPRA-UHFFFAOYSA-N,126.24
1-Nonylcycloheptane,CCCCCCCCCC1CCCCCC1,17171,,LOFXUOJCICMCCS-UHFFFAOYSA-N,224.42
"1-O-(3-ethylpentyl) 2-O-(2-propylhexyl) benzene-1,2-dicarboxylate",CCCCC(CCC)COC(=O)C1=CC=CC=C1C(=O)OCCC(CC)CC,1163,111381-89-6,ZEJZEEQJSOINEV-UHFFFAOYSA-N,390.6
"1-O-(3-ethylpentyl) 2-O-(2-propyloctyl) benzene-1,2-dicarboxylate",CCCCCCC(CCC)COC(=O)C1=CC=CC=C1C(=O)OCCC(CC)CC,1164,111381-90-9,GWGJJINTDSPRJM-UHFFFAOYSA-N,418.6
"1-O-dodecyl 2-O-[(2R,3S)-3-ethyl-2-propylhexyl] benzene-1,2-dicarboxylate",CCCCCCCCCCCCOC(=O)C1=CC=CC=C1C(=O)OC[C@H](CCC)[C@@H](CC)CCC,14659,85507-79-5,JOHNPRHIYSPRSW-SVBPBHIXSA-N,488.7
1-Octacosanol,CCCCCCCCCCCCCCCCCCCCCCCCCCCCO,9862,557-61-9,CNNRPFQICPFDPO-UHFFFAOYSA-N,410.8
1-Octacosene,CCCCCCCCCCCCCCCCCCCCCCCCCCC=C,4430,18835-34-2,QEXZDYLACYKGOM-UHFFFAOYSA-N,392.7
"1-Octadecanamine, N,N-dimethyl-, N-oxide",CCCCCCCCCCCCCCCCCC[N+](C)(C)[O-],5961,2571-88-2,UTTVXKGNTWZECK-UHFFFAOYSA-N,313.6
"1-Octadecanaminium, N-(carboxymethyl)-N,N-bis(2-hydroxyethyl)-, inner salt",CCCCCCCCCCCCCCCCCC[N+](CCO)(CCO)CC(=O)[O-],5378,24170-14-7,QEJSCTLHIOVBLH-UHFFFAOYSA-N,415.6
1-Octadecene,CCCCCCCCCCCCCCCCC=C,1258,112-88-9,CCCMONHAUSKTEQ-UHFFFAOYSA-N,252.5
1-Octadecene,CCCCCCCCCCCCCCCCC=C,6419,27070-58-2,CCCMONHAUSKTEQ-UHFFFAOYSA-N,252.5
1-Octadecyne,CCCCCCCCCCCCCCCCC#C,11043,629-89-0,IYDNQWWOZQLMRH-UHFFFAOYSA-N,250.5
1-Octanesulfonic acid,CCCCCCCCS(=O)(=O)O,8185,3944-72-7,WLGDAKIJYPIYLR-UHFFFAOYSA-N,194.29
"1-Octanesulfonic acid, 3,3,4,4,5,5,6,6,7,7,8,8,8-tridecafluoro-",C(CS(=O)(=O)O)C(C(C(C(C(C(F)(F)F)(F)F)(F)F)(F)F)(F)F)(F)F,6544,27619-97-2,VIONGDJUYAYOPU-UHFFFAOYSA-N,428.17
1-Octanesulfonic-2-sulfinic acid,CCCCCCC(CS(=O)(=O)O)S(=O)O,1326,113652-56-5,JXMDJDMGDMZUQW-UHFFFAOYSA-N,258.4
1-Octanesulfonyl chloride,CCCCCCCCS(=O)(=O)Cl,13941,7795-95-1,WIVNTNLDTMNDNO-UHFFFAOYSA-N,212.74
1-Octanethiol,CCCCCCCCS,1126,111-88-6,KZCOBXFFBQJQHH-UHFFFAOYSA-N,146.3
1-Octanol,CCCCCCCCO,1125,111-87-5,KBPLFHHGFOOTCA-UHFFFAOYSA-N,130.23
"1-Octanol, 2-butyl-, benzoate",CCCCCCC(CCCC)COC(=O)C1=CC=CC=C1,4400,188038-97-3,ZGGHMDBVRJATBC-UHFFFAOYSA-N,290.4
"1-Octanol, trifluoroacetate",CCCCCCCCOC(=O)C(F)(F)F,5925,2561-21-9,MGRWEFWRZHQSRH-UHFFFAOYSA-N,226.24
1-Octen-3-OL,CCCCCC(C=C)O,7568,3391-86-4,VSMOENVRRABVKN-UHFFFAOYSA-N,128.21
1-Octen-3-one,CCCCCC(=O)C=C,8549,4312-99-6,KLTVSWGXIAYTHO-UHFFFAOYSA-N,126.2
1-Octene,CCCCCCC=C,1111,111-66-0,KWKAKUADMBZCLK-UHFFFAOYSA-N,112.21
"1-Octene, 6-methyl-",CCC(C)CCCC=C,2336,13151-10-5,NFTYCFXCGQYTKV-UHFFFAOYSA-N,126.24
1-Octenylsuccinic anhydride,CCCCCC/C=C/C1CC(=O)OC1=O,16250,26680-54-6,FLISWPFVWWWNNP-BQYQJAHWSA-N,210.27
1-Octylpyrrolidin-2-one,CCCCCCCCN1CCCC1=O,6370,2687-94-7,WPPOGHDFAVQKLN-UHFFFAOYSA-N,197.32
1-Octyn-3-OL,CCCCCC(C#C)O,14302,818-72-4,VUGRNZHKYVHZSN-UHFFFAOYSA-N,126.2
1-Octyne,CCCCCCC#C,11021,629-05-0,UMIPWJGWASORKV-UHFFFAOYSA-N,110.2
1-Oleoylaziridine,CCCCCCCC/C=C/CCCCCCCC(=O)N1CC1,11074,63021-11-4,VGKVWFYBHNBKPA-MDZDMXLPSA-N,307.5
"1-Oxaspiro[4.5]deca-6,9-dien-8-one, 7,9-bis(1,1-dimethylethyl)-",CC(C)(C)C1=CC2(CCCO2)C=C(C1=O)C(C)(C)C,2845,138345-00-3,NXVCHTCAMYVBEC-UHFFFAOYSA-N,262.4
1-Oxaspiro[4.5]decan-2-one,C1CCC2(CC1)CCC(=O)O2,12690,699-61-6,QYNYVJFXPJUEMW-UHFFFAOYSA-N,154.21
"1-Pentadecanamine, N,N-dimethyl-, N-oxide",CCCCCCCCCCCCCCC[N+](C)(C)[O-],12540,68955-55-5,DLPZOAYAGDEIHC-UHFFFAOYSA-N,271.5
1-Pentadecanol,CCCCCCCCCCCCCCCO,11038,629-76-5,REIUXOLGHVXAEO-UHFFFAOYSA-N,228.41
1-Pentadecene,CCCCCCCCCCCCCC=C,2534,13360-61-7,PJLHTVIBELQURV-UHFFFAOYSA-N,210.4
1-Pentadecyne,CCCCCCCCCCCCCC#C,13660,765-13-9,DONJGKADZJEXRJ-UHFFFAOYSA-N,208.38
"1-Pentanesulfonic acid, 1,1,2,2,3,3,4,4,5,5,5-undecafluoro-",C(C(C(F)(F)F)(F)F)(C(C(F)(F)S(=O)(=O)O)(F)F)(F)F,6418,2706-91-4,ACEKLXZRZOWKRY-UHFFFAOYSA-N,350.11
1-Pentanol,CCCCCO,12864,71-41-0,AMQJEAYHLZJPGS-UHFFFAOYSA-N,88.15
1-Pentene,CCCC=C,941,109-67-1,YWAKXRMUMFPDSH-UHFFFAOYSA-N,70.13
1-Pentyl-2-propylcyclopentane,CCCCCC1CCCC1CCC,10894,62199-51-3,MTKGHPSAELTIFQ-UHFFFAOYSA-N,182.35
"1-Phenanthrenecarboxaldehyde, 1,2,3,4,4a,9,10,10a-octahydro-1,4a-dimethyl-7-(1-methylethyl)-, [1S-(1alpha,4aalpha,10abeta)]-",CC(C)C1=CC2=C(C=C1)[C@]3(CCC[C@@](C3CC2)(C)C=O)C,5361,24035-50-5,YCLCHPWRGSDZKL-NRRUETGQSA-N,284.4
1-Phenoxy-2-propanol,CC(COC1=CC=CC=C1)O,13739,770-35-4,IBLKWZIFZMJLFL-UHFFFAOYSA-N,152.19
"1-Phenyl-1,2,3,4-tetrahydronaphthalene",C1CC(C2=CC=CC=C2C1)C3=CC=CC=C3,6990,3018-20-0,YSPDISPRPJFBCV-UHFFFAOYSA-N,208.3
"1-Phenyl-1,2-dihydronaphthalene",C1C=CC2=CC=CC=C2C1C3=CC=CC=C3,3881,16606-46-5,MEUOGBCTOLDRCM-UHFFFAOYSA-N,206.28
"1-Phenyl-1,2-ethanediol",C1=CC=C(C=C1)C(CO)O,15556,93-56-1,PWMWNFMRSKOCEY-UHFFFAOYSA-N,138.16
"1-Phenyl-1,3,3-trimethylindan",CC1(CC(C2=CC=CC=C21)(C)C3=CC=CC=C3)C,8142,3910-35-8,ICLPNZMYHDVKKI-UHFFFAOYSA-N,236.4
"1-Phenyl-1,3-octadecanedione",CCCCCCCCCCCCCCCC(=O)CC(=O)C1=CC=CC=C1,4038,17281-74-2,BKUAQOCVPRDREL-UHFFFAOYSA-N,358.6
1-Phenyl-1-cyclohexene,C1CCC(=CC1)C2=CC=CC=C2,13747,771-98-2,WCMSFBRREKZZFL-UHFFFAOYSA-N,158.24
1-Phenyl-1-decanol,CCCCCCCCCC(C1=CC=CC=C1)O,4880,21078-95-5,MRZGGLIGGZHSBZ-UHFFFAOYSA-N,234.38
1-Phenyl-1-propyne,CC#CC1=CC=CC=C1,11746,673-32-5,GHUURDQYRGVEHX-UHFFFAOYSA-N,116.16
"1-Phenyl-1h-pyrazolo[3,4-d]pyrimidin-4-amine",C1=CC=C(C=C1)N2C3=NC=NC(=C3C=N2)N,2619,1345-16-0,KKDPIZPUTYIBFX-UHFFFAOYSA-N,211.22
1-Phenyl-2-butene,C/C=C/CC1=CC=CC=C1,3505,1560-06-1,VUKHQPGJNTXTPY-NSCUHMNNSA-N,132.2
"1-Phenyl-4-(2-phenylethyl)-1,2,3,4-tetrahydronaphthalene",C1CC(C2=CC=CC=C2C1CCC3=CC=CC=C3)C4=CC=CC=C4,8277,40542-33-4,ILCNDBNTTSAFLO-UHFFFAOYSA-N,312.4
1-Phenylcyclobutanecarbonitrile,C1CC(C1)(C#N)C2=CC=CC=C2,3107,14377-68-5,DHIDUDPFTZJPCQ-UHFFFAOYSA-N,157.21
"1-Phenyldecane-1,3-dione",CCCCCCCC(=O)CC(=O)C1=CC=CC=C1,12475,68892-13-7,IFQULAPKPYIHBS-UHFFFAOYSA-N,246.34
1-Phenylethyl acetate,CC(C1=CC=CC=C1)OC(=O)C,15563,93-92-5,QUMXDOLUJCHOAY-UHFFFAOYSA-N,164.2
"1-Phenylicosane-1,3-dione",CCCCCCCCCCCCCCCCCC(=O)CC(=O)C1=CC=CC=C1,10239,58446-52-9,LRQGFQDEQPZDQC-UHFFFAOYSA-N,386.6
1-Phenylmethoxypropan-2-yl tetradecanoate,CCCCCCCCCCCCCC(=O)OC(C)COCC1=CC=CC=C1,11316,642443-86-5,PAKHGVAWFZLJHC-UHFFFAOYSA-N,376.6
1-Phenylnaphthalene,C1=CC=C(C=C1)C2=CC=CC3=CC=CC=C32,10518,605-02-7,IYDMICQAKLQHLA-UHFFFAOYSA-N,204.27
1-Phenylurea,C1=CC=C(C=C1)NC(=O)N,11244,64-10-8,LUBJCRLGQSPQNN-UHFFFAOYSA-N,136.15
"1-Piperazineethanamine, N,N,4-trimethyl-",CN1CCN(CC1)CCN(C)C,484,104-19-8,XFLSMWXCZBIXLV-UHFFFAOYSA-N,171.28
1-Propanethiol,CCCS,751,107-03-9,SUVIGLJNEAMWEG-UHFFFAOYSA-N,76.16
"1-Propanethiol, 3-(triethoxysilyl)-",CCO[Si](CCCS)(OCC)OCC,3273,14814-09-6,DCQBZYNUSLHVJC-UHFFFAOYSA-N,238.42
1-Propanol,CCCO,12862,71-23-8,BDERNNFJNOPAEC-UHFFFAOYSA-N,60.1
"1-Propanol, 2-[2-(benzoyloxy)propoxy]-, benzoate",CC(COC(C)COC(=O)C1=CC=CC=C1)OC(=O)C2=CC=CC=C2,4675,20109-39-1,LXODQLXKQIJVNK-UHFFFAOYSA-N,342.4
"1-Propanol, 3,3'-[(2-methylpropyl)phosphinylidene]bis-",CC(C)CP(=O)(CCCO)CCCO,3248,147768-39-6,RBOSLVRUYBQPOX-UHFFFAOYSA-N,222.26
"1-Propanol, 3-[[3-[[[3-(acetyloxy)-2,2-dimethylpropylidene]amino]methyl]-3,5,5-trimethylcyclohexyl]imino]-2,2-dimethyl-, 1-acetate",CC(=O)OCC(C)(C)C=NCC1(CC(CC(C1)(C)C)N=CC(C)(C)COC(=O)C)C,716,1064082-81-0,PSBABWQQKLULPE-UHFFFAOYSA-N,422.6
"1-Propanol, dichloro-, phosphate (3:1)",CC(C(OP(=O)(OCCC(Cl)Cl)OCC(CCl)Cl)Cl)Cl,6284,26604-51-3,YAOMHRRYSRRRKP-UHFFFAOYSA-N,430.9
"1-Propanone, 1,1'-(oxydi-4,1-phenylene)bis(2-hydroxy-2-methyl-",CC(C)(C(=O)C1=CC=C(C=C1)OC2=CC=C(C=C2)C(=O)C(C)(C)O)O,12976,71868-15-0,LYGZOGDWCOYSGJ-UHFFFAOYSA-N,342.4
"1-Propanone, 1-[2,3-dihydro-3-[4-(2-hydroxy-2-methyl-1-oxopropyl)phenyl]-1,1,3-trimethyl-1H-inden-5-yl]-2-hydroxy-2-methyl-",CC1(CC(C2=C1C=CC(=C2)C(=O)C(C)(C)O)(C)C3=CC=C(C=C3)C(=O)C(C)(C)O)C,2691,135452-42-5,AVZGRVCEWBPUNN-UHFFFAOYSA-N,408.5
"1-Propene, 1-chloro-3,3,3-trifluoro-, (1E)-",C(=C/Cl)\C(F)(F)F,342,102687-65-0,LDTMPQQAWUMPKS-OWOJBTEDSA-N,130.49
"1-Propene, 3-(2-cyclopentenyl)-2-methyl-1,1-diphenyl-",CC(=C(C1=CC=CC=C1)C2=CC=CC=C2)CC3CCC=C3,15856,959282-02-1,WZJOJDGIZRREKX-UHFFFAOYSA-N,274.4
"1-Propene, 3-(2-cyclopentenyl)-2-methyl-1,1-diphenyl-",CC(=C(C1=CC=CC=C1)C2=CC=CC=C2)CC3CCC=C3,17175,,WZJOJDGIZRREKX-UHFFFAOYSA-N,274.4
"1-Propene, 3-chloro-1,1,2,3,3-pentafluoro-",C(=C(F)F)(C(F)(F)Cl)F,14045,79-47-0,IJTAKAGEJXIJPQ-UHFFFAOYSA-N,166.48
"1-Propene, 3-propoxy-",CCCOCC=C,3214,1471-03-0,LWJHSQQHGRQCKO-UHFFFAOYSA-N,100.16
"1-Propene, tetramer",C/C=C/C/C=C/C/C=C/CC=C,12157,6842-15-5,RCRMTWBZRLYXQC-FNCTZUPOSA-N,162.27
1-Propoxy-2-propanol,CCCOCC(C)O,3550,1569-01-3,FENFUOGYJVOCRY-UHFFFAOYSA-N,118.17
1-Pyrenylmethyl methacrylate,CC(=C)C(=O)OCC1=C2C=CC3=CC=CC4=C3C2=C(C=C4)C=C1,14736,86112-79-0,BUQDPCFXOBQDLX-UHFFFAOYSA-N,300.3
1-Tert-butyl-4-methanesulfonylbenzene,CC(C)(C)C1=CC=C(C=C1)S(=O)(=O)C,5191,22796-14-1,IJCUWQJHCMMQRC-UHFFFAOYSA-N,212.31
1-tert-Butyl-4-phenoxybenzene,CC(C)(C)C1=CC=C(C=C1)OC2=CC=CC=C2,9504,5331-28-2,REZBJCUQELMZBL-UHFFFAOYSA-N,226.31
1-tert-Butylnaphthalene,CC(C)(C)C1=CC=CC2=CC=CC=C21,4008,17085-91-5,SPLGZANLVHBDCC-UHFFFAOYSA-N,184.28
1-Tetracosanol,CCCCCCCCCCCCCCCCCCCCCCCCO,9100,506-51-4,TYWMIZZBOVGFOV-UHFFFAOYSA-N,354.7
1-Tetracosene,CCCCCCCCCCCCCCCCCCCCCCC=C,267,10192-32-2,ZDLBWMYNYNATIW-UHFFFAOYSA-N,336.6
1-Tetradecanol,CCCCCCCCCCCCCCO,1249,112-72-1,HLZKNKRTKFSKGZ-UHFFFAOYSA-N,214.39
1-Tetradecanol,CCCCCCCCCCCCCCO,6452,27196-00-5,HLZKNKRTKFSKGZ-UHFFFAOYSA-N,214.39
"1-Tetradecanol, 2-decyl-",CCCCCCCCCCCCC(CCCCCCCCCC)CO,10274,58670-89-6,CAYHVMBQBLYQMT-UHFFFAOYSA-N,354.7
1-Tetradecene,CCCCCCCCCCCCC=C,1275,1120-36-1,HFDVRLIODXPAHB-UHFFFAOYSA-N,196.37
1-Thiosorbitol,C([C@H]([C@H]([C@@H]([C@H](CS)O)O)O)O)O,5462,24531-57-5,DYIOSHGVFJTOAR-JGWLITMVSA-N,198.24
1-Triacontene,CCCCCCCCCCCCCCCCCCCCCCCCCCCCC=C,4328,18435-53-5,WMZHDICSCDKPFS-UHFFFAOYSA-N,420.8
1-Tricosene,CCCCCCCCCCCCCCCCCCCCCC=C,4428,18835-32-0,SJDSOBWGZRPKSB-UHFFFAOYSA-N,322.6
1-Tridecanol,CCCCCCCCCCCCCO,1248,112-70-9,XFRVVPUIAFSTFO-UHFFFAOYSA-N,200.36
1-Tridecanol,CCCCCCCCCCCCCO,6154,26248-42-0,XFRVVPUIAFSTFO-UHFFFAOYSA-N,200.36
1-Tridecene,CCCCCCCCCCCC=C,5426,2437-56-1,VQOXUMQBYILCKR-UHFFFAOYSA-N,182.35
1-Tridecyne,CCCCCCCCCCCC#C,6138,26186-02-7,GZEDKDBFUBPZNG-UHFFFAOYSA-N,180.33
1-Undecanethiol,CCCCCCCCCCCS,9506,5332-52-5,CCIDWXHLGNEQSL-UHFFFAOYSA-N,188.38
1-Undecanol,CCCCCCCCCCCO,1230,112-42-5,KJIOQYGWTQBHNH-UHFFFAOYSA-N,172.31
1-Undecene,CCCCCCCCCC=C,14318,821-95-4,DCTOHCCUXLBQMS-UHFFFAOYSA-N,154.29
1-Undecylcyclopent-2-ene,CCCCCCCCCCCC1CCC=C1,5530,24828-58-8,ORDYQBBWOHTMIZ-UHFFFAOYSA-N,222.41
"10-[1,3]Dioxolan-2-yltricyclo[4.2.1.1(2,5)]deca-3,7-dien-9-one",C1COC(O1)C2C3C=CC2C4C=CC3C4=O,17064,,WZMSFTOPMGYLKL-UHFFFAOYSA-N,218.25
"10-Benzyloxytricyclo[4.4.0.0(3,8)]decan-4-ol",C1C2CC(C3C1CC(C2C3)OCC4=CC=CC=C4)O,16626,,MPEGYPSKWCAWTN-UHFFFAOYSA-N,258.35
"10-Heneicosene (c,t)",CCCCCCCCCC/C=C/CCCCCCCCC,15781,95008-11-0,QOJGJKKHTRAFOK-XUTLUUPISA-N,294.6
"10-Hydroxy-9,10-dihydro-9-oxa-10-phosphaphenanthrene-10-oxide",C1=CC=C2C(=C1)C3=CC=CC=C3P(=O)(O2)O,7806,36240-31-0,YTLIXUAGIGBJAF-UHFFFAOYSA-N,232.17
10-Methylicosane,CCCCCCCCCCC(C)CCCCCCCCC,9732,54833-23-7,BFAGLVWBOUDHBS-UHFFFAOYSA-N,296.6
10-Methylnonadecane,CCCCCCCCCC(C)CCCCCCCCC,10027,56862-62-5,MIKKTERVKUURCM-UHFFFAOYSA-N,282.5
"10-Methyltricyclo[4.3.1.1(2,5)]undec-3-en-10-ol",CC1(C2CCCC1C3CC2C=C3)O,12742,70220-96-1,GCFBIUOSKKLHSD-UHFFFAOYSA-N,178.27
10-Undecenal,C=CCCCCCCCCC=O,1232,112-45-8,OFHHDSQXFXLTKC-UHFFFAOYSA-N,168.28
"10-Undecenyl 2-cyano-3,3-diphenylpropenoate",C=CCCCCCCCCCOC(=O)C(=C(C1=CC=CC=C1)C2=CC=CC=C2)C#N,15732,947701-81-7,ZMIFHAGGIBCROR-UHFFFAOYSA-N,401.5
"11,12-De(methylenedioxy)danuphylline",COC(=O)[C@]12CC[C@@]34CCCN([C@@H]3[C@@]1(CC(=O)C4)C5=CC=CC=C5N2C(=O)OC)C=O,14913,888482-17-5,OMANQXKGUWJXTD-JBJBFBLISA-N,426.5
"11,13-Dimethyl-12-tetradecen-1-ol acetate",CC(CCCCCCCCCCOC(=O)C)C=C(C)C,8236,400037-00-5,MNUWBCKALSZWEW-UHFFFAOYSA-N,282.5
"11,13-Dimethyl-12-tetradecen-1-ol acetate",CC(CCCCCCCCCCOC(=O)C)C=C(C)C,17678,,MNUWBCKALSZWEW-UHFFFAOYSA-N,282.5
11-(Heptylamino)undecanoic acid,CCCCCCCNCCCCCCCCCCC(=O)O,12323,68564-88-5,GNHLOUIICBHQIT-UHFFFAOYSA-N,299.5
11-Aminoundecanoic acid,C(CCCCCN)CCCCC(=O)O,5420,2432-99-7,GUOSQNAUYHMCRU-UHFFFAOYSA-N,201.31
11-Decyldocosane,CCCCCCCCCCCC(CCCCCCCCCC)CCCCCCCCCC,9815,55401-55-3,ZTLKOYAJKRWSKL-UHFFFAOYSA-N,450.9
11-dehydro-TXB3,CC/C=C\C[C@@H](/C=C/[C@@H]1[C@H]([C@H](CC(=O)O1)O)C/C=C\CCCC(=O)O)O,2176,129228-55-3,OAHMLWQISGEXBB-XMEKLSCHSA-N,366.4
11-Ethyl-5-methylpentadecanoic acid,CCCCC(CC)CCCCCC(C)CCCC(=O)O,12063,68201-37-6,DYGIZCLLGGJWQJ-UHFFFAOYSA-N,284.5
11-Hexadecynal,CCCCC#CCCCCCCCCCC=O,14748,86426-73-5,CJULORNYMKTGAE-UHFFFAOYSA-N,236.39
11-Maleimidoundecanoic acid,C1=CC(=O)N(C1=O)CCCCCCCCCCC(=O)O,10066,57079-01-3,UVZTZBRGZXIBLZ-UHFFFAOYSA-N,281.35
"11-Methyldodecyl 3-(3,5-di-tert-butyl-4-hydroxyphenyl)propanoate",CC(C)CCCCCCCCCCOC(=O)CCC1=CC(=C(C(=C1)C(C)(C)C)O)C(C)(C)C,14527,847488-62-4,OLGBEZPVDGIRFI-UHFFFAOYSA-N,460.7
11-Methyltricosane,CCCCCCCCCCCCC(C)CCCCCCCCCC,6526,27538-41-6,XIOFCJYPVMLOKU-UHFFFAOYSA-N,338.7
11-n-Decyltetracosane,CCCCCCCCCCCCCC(CCCCCCCCCC)CCCCCCCCCC,9820,55429-84-0,BVMGLUHWZZEDRX-UHFFFAOYSA-N,478.9
11-Nitro-1-Undecene,C=CCCCCCCCCC[N+](=O)[O-],8251,40244-98-2,QSFROPSPQWQTKU-UHFFFAOYSA-N,199.29
11-Pentan-3-ylhenicosane,CCCCCCCCCCC(CCCCCCCCCC)C(CC)CC,9789,55282-11-6,YAOSHAWMYFELSJ-UHFFFAOYSA-N,366.7
11H-Benzo[a]fluorene,C1C2=CC=CC=C2C3=C1C4=CC=CC=C4C=C3,5320,238-84-6,HKMTVMBEALTRRR-UHFFFAOYSA-N,216.28
12(13)Ep-9-KODE,CCCCCC1C(O1)/C=C/C(=O)CCCCCCCC(=O)O,8913,478931-82-7,RCMABBHQYMBYKV-BUHFOSPRSA-N,310.4
"12,15-Octadecadiynoic acid, methyl ester",CCC#CCC#CCCCCCCCCCCC(=O)OC,10079,57156-95-3,WAQDJMLHOZJJPM-UHFFFAOYSA-N,290.4
12-Aminododecanoic acid,C(CCCCCC(=O)O)CCCCCN,12629,693-57-2,PBLZLIFKVPJDCO-UHFFFAOYSA-N,215.33
12-Hydroxystearamide,CCCCCCC(CCCCCCCCCCC(=O)N)O,12787,7059-49-6,ALDZNWBBPCZXGH-UHFFFAOYSA-N,299.5
12-Hydroxystearic acid,CCCCCCC(CCCCCCCCCCC(=O)O)O,636,106-14-9,ULQISTXYYBZJSJ-UHFFFAOYSA-N,300.5
12-Hydroxystearic acid,CCCCCCC(CCCCCCCCCCC(=O)O)O,14217,8039-23-4,ULQISTXYYBZJSJ-UHFFFAOYSA-N,300.5
12-Methylbenz(a)anthracene,CC1=C2C(=CC3=CC=CC=C13)C=CC4=CC=CC=C42,5386,2422-79-9,ACYOLKMEHHTLAB-UHFFFAOYSA-N,242.3
"12-Tridecynoic acid, methyl ester",COC(=O)CCCCCCCCCCC#C,10033,56909-01-4,LLYUQTVONAGBRD-UHFFFAOYSA-N,224.34
"12H-Dibenzo[d,g][1,3,2]dioxaphosphocin, 2,4,8,10-tetrakis(1,1-dimethylethyl)-6-fluoro-12-methyl-",CC1C2=C(C(=CC(=C2)C(C)(C)C)C(C)(C)C)OP(OC3=C1C=C(C=C3C(C)(C)C)C(C)(C)C)F,1473,118337-09-0,MYMKXVFDVQUQLG-UHFFFAOYSA-N,486.6
"12H-Dibenzo[d,g][1,3,2]dioxaphosphocin, 4,8-dicyclohexyl-6-hydroxy-2,10-dimethyl-",CC1=CC2=C(C(=C1)C3CCCCC3)OP(OC4=C(C2)C=C(C=C4C5CCCCC5)C)O,13216,73912-21-7,PFUFEQATNPTGNA-UHFFFAOYSA-N,438.5
12H-Phthaloperin-12-one,C1=CC=C2C(=C1)C3=NC4=CC=CC5=C4C(=CC=C5)N3C2=O,12616,6925-69-5,XFYQEBBUVNLYBR-UHFFFAOYSA-N,270.3
13(S)-HODE methyl ester,CCCCC[C@@H](/C=C/C=C\CCCCCCCC(=O)OC)O,971,109837-85-6,ZVMLLPSSQZSZOA-QGWXGPBYSA-N,310.5
"13,16-Octadecadiynoic acid, methyl ester",CC#CCC#CCCCCCCCCCCCC(=O)OC,10026,56846-98-1,ZYHFSUXBIVWHCX-UHFFFAOYSA-N,290.4
13-Docosenamide,CCCCCCCC/C=C/CCCCCCCCCCCC(=O)N,522,10436-09-6,UAUDZVJPLUQNMU-MDZDMXLPSA-N,337.6
13-Hexyl-1-oxacyclotridec-10-en-2-one,CCCCCCC1CC=CCCCCCCCC(=O)O1,2114,127062-51-5,MLZOTJKUDBBLDQ-UHFFFAOYSA-N,280.4
13-Methyltetradecanal,CC(C)CCCCCCCCCCCC=O,13575,75853-51-9,KEKMLOYOUUVRDN-UHFFFAOYSA-N,226.4
"13-Tetradecynoic acid, methyl ester",COC(=O)CCCCCCCCCCCC#C,10034,56909-03-6,TWMAUAVEENQTOH-UHFFFAOYSA-N,238.37
13Docosenamide,CCCCCCCCC=CCCCCCCCCCCCC(=O)N,7075,3061-72-1,UAUDZVJPLUQNMU-UHFFFAOYSA-N,337.6
"14,15-Didehydro-1,4,5,8,9,10,11,12,13,16,17,18,19,20-tetradecahydrocyclodecacyclotetradecene",C1CC/C/2=C(/C/C=C\CC/C=C\C2)\CCCCCC#CCC1,2991,14113-61-2,IJJKEVQLKLISOA-JSQAQFTISA-N,296.5
14-Methoxy-14-oxotetradecanoic acid,COC(=O)CCCCCCCCCCCCC(=O)O,9084,50515-99-6,HUWSPEBQZBPAJX-UHFFFAOYSA-N,272.38
"14h-Anthra[2,1,9-mna]thioxanthen-14-one",C1=CC=C2C(=C1)C3=CC=C4C5=C(C=CC(=C35)C2=O)C6=CC=CC=C6S4,3791,16294-75-0,NVNWZZLOQBHTCW-UHFFFAOYSA-N,336.4
"14h-Benz[4,5]isoquino[2,1-a]perimidin-14-one",C1=CC2=C3C(=C1)C4=NC5=CC=CC6=C5C(=CC=C6)N4C(=O)C3=CC=C2,12079,6829-22-7,NIDFGXDXQKPZMA-UHFFFAOYSA-N,320.3
16-Hydroxyhexadecanoic acid,C(CCCCCCCC(=O)O)CCCCCCCO,9090,506-13-8,UGAGPNKCDRTDHP-UHFFFAOYSA-N,272.42
16-Methylheptadecan-1-ol,CC(C)CCCCCCCCCCCCCCCO,6511,27458-93-1,WNWHHMBRJJOGFJ-UHFFFAOYSA-N,270.5
16-Methylheptadecanoic acid,CC(C)CCCCCCCCCCCCCCC(=O)O,7032,30399-84-9,XDOFQFKRPWOURC-UHFFFAOYSA-N,284.5
17-Pentatriacontene,CCCCCCCCCCCCCCCCC/C=C/CCCCCCCCCCCCCCCC,12667,6971-40-0,BLCUZCCTSBVFSV-LAPDZXRHSA-N,490.9
"1a,9b-Dihydro-1H-cyclopropa[l]phenanthrene",C1C2C1C3=CC=CC=C3C4=CC=CC=C24,15736,949-41-7,HJUMUYNFEXGVRH-UHFFFAOYSA-N,192.25
"1H,1H,2H-Perfluoro-1-decene",C=CC(C(C(C(C(C(C(C(F)(F)F)(F)F)(F)F)(F)F)(F)F)(F)F)(F)F)(F)F,4989,21652-58-4,NKAMGQZDVMQEJL-UHFFFAOYSA-N,446.1
"1H,1H,5H-Octafluoropentyl methacrylate",CC(=C)C(=O)OCC(C(C(C(F)F)(F)F)(F)F)(F)F,7737,355-93-1,ZNJXRXXJPIFFAO-UHFFFAOYSA-N,300.15
"1H,3H,5H-Oxazolo[3,4-c]oxazole-7a(7H)-methanol",C1C2(COCN2CO1)CO,11553,6542-37-6,BFHKYHMIVDBCPC-UHFFFAOYSA-N,145.16
"1H-3a,7-Methanoazulene-6-methanol, 2,3,4,7,8,8a-hexahydro-3,8,8-trimethyl-, (3R,3aS,7R,8aS)-",C[C@@H]1CC[C@@H]2[C@]13CC=C([C@H](C3)C2(C)C)CO,4943,21441-72-5,FUZABTYGEVJEPT-HTUGSXCWSA-N,220.35
"1H-Benz[de]isoquinoline-1,3(2H)-dione, 6,7-diethoxy-2-methyl-",CCOC1=C2C(=CC=C3C2=C(C=C1)C(=O)N(C3=O)C)OCC,5113,22330-48-9,RTCBXWGDLADPJL-UHFFFAOYSA-N,299.32
"1H-Benz[de]isoquinoline-1,3(2H)-dione, 6-amino-2-(2,4-dimethylphenyl)-",CC1=CC(=C(C=C1)N2C(=O)C3=C4C(=C(C=C3)N)C=CC=C4C2=O)C,3126,144246-02-6,FQLZTPSAVDHUKS-UHFFFAOYSA-N,316.4
"1H-Benz[de]isoquinoline-1,3(2H)-dione, 6-amino-2-(2,4-dimethylphenyl)-",CC1=CC(=C(C=C1)N2C(=O)C3=C4C(=C(C=C3)N)C=CC=C4C2=O)C,5521,2478-20-8,FQLZTPSAVDHUKS-UHFFFAOYSA-N,316.4
"1H-Benzimidazole, 2,2'-(2,5-furandiyl)bis[1-methyl-",CN1C2=CC=CC=C2N=C1C3=CC=C(O3)C4=NC5=CC=CC=C5N4C,8899,4751-43-3,DCQMTQROWWTYEM-UHFFFAOYSA-N,328.4
1H-Benzotriazole,C1=CC2=NNN=C2C=C1,15742,95-14-7,QRUDEWIWKLJBPS-UHFFFAOYSA-N,119.12
"1H-Cyclopropa[a]naphthalene, 1a,2,3,3a,4,5,7a,7b-octahydro-1,1,3a,7-tetramethyl-",CC1=CCCC2(C1C3C(C3(C)C)CC2)C,8956,489-28-1,OULROVQTHHSDPX-UHFFFAOYSA-N,204.35
"1H-Imidazole, 4,5-dihydro-1-[3-(triethoxysilyl)propyl]-",CCO[Si](CCCN1CCN=C1)(OCC)OCC,10187,58068-97-6,WBUSESIMOZDSHU-UHFFFAOYSA-N,274.43
"1H-Imidazole-1-ethanol, 4,5-dihydro-2-tridecyl-",CCCCCCCCCCCCCC1=NCCN1CCO,12648,6942-02-5,KUHILYGRHCIQJN-UHFFFAOYSA-N,296.5
"1H-Inden-1-one, 3-hydroxy-2-(3-hydroxy-2-quinolinyl)-",C1=CC=C2C(=C1)C=C(C(=N2)C3=C(C4=CC=CC=C4C3=O)O)O,4180,17772-51-9,FZEHABHMMOXCEI-UHFFFAOYSA-N,289.3
"1H-Inden-1-one, 6-(2,5-dimethylbenzoyl)-3-hydroxy-2-(3-hydroxy-2-quinolinyl)-",CC1=CC(=C(C=C1)C)C(=O)C2=CC3=C(C=C2)C(=O)C(=C3O)C4=NC5=CC=CC=C5C=C4O,4646,198625-33-1,KQYMXKWYMPNOTG-UHFFFAOYSA-N,421.4
"1H-Indene, 1-ethenyl-",C=CC1C=CC2=CC=CC=C12,5511,2471-83-2,DNWJJJOJBSVOEL-UHFFFAOYSA-N,142.2
"1H-Indene, 3a,4,7,7a-tetrahydro-4-methyl-",CC1C=CCC2C1C=CC2,13248,7413-02-7,YVLGRGCYQOZGCO-UHFFFAOYSA-N,134.22
"1H-Indene-1,3(2H)-dione, 2-(3-hydroxy-2-quinolinyl)-",C1=CC=C2C(=C1)C=C(C(=N2)C3C(=O)C4=CC=CC=C4C3=O)O,13564,7576-65-0,FDTLQXNAPKJJAM-UHFFFAOYSA-N,289.3
"1H-Isoindol-1-one, 3,3'-[(2,5-dichloro-1,4-phenylene)diimino]bis-",C1=CC=C2C(=C1)C(=NC3=CC(=C(C=C3Cl)N=C4C5=CC=CC=C5C(=O)N4)Cl)NC2=O,9153,51016-63-8,ABRHAPVKULGVAO-UHFFFAOYSA-N,435.3
"1H-Isoindole-5-carboxylic acid, 2,3-dihydro-1,3-dioxo-",C1=CC2=C(C=C1C(=O)O)C(=O)NC2=O,4702,20262-55-9,ARRQNZZBVOIEQQ-UHFFFAOYSA-N,191.14
"1H-Naphtho[2,1,8-mna]thioxanthen-1-one, 3-methoxy-2-phenyl-",COC1=C(C(=O)C2=C3C1=CC=C4C3=C(C=C2)C5=CC=CC=C5S4)C6=CC=CC=C6,7762,35763-62-3,AWXCEFQSHXRBSB-UHFFFAOYSA-N,392.5
1H-Perfluorohexane,C(C(C(C(C(C(F)(F)F)(F)F)(F)F)(F)F)(F)F)(F)F,7733,355-37-3,XJSRKJAHJGCPGC-UHFFFAOYSA-N,320.05
"1H-Pyrazole, 4,5-dihydro-4,5-dimethyl-",CC1C=NNC1C,6616,28019-94-5,SOAGQMUXRXXXPM-UHFFFAOYSA-N,98.15
"1H-Pyrazole, 4,5-dihydro-5,5-dimethyl-4-(1-methylethylidene)-",CC(=C1C=NNC1(C)C)C,706,106251-09-6,DKLRQEIICLZTQW-UHFFFAOYSA-N,138.21
"1H-Pyrrole-2,5-dione, 1,1'-[1,3-phenylenebis(methylene)]bis[3-methyl-",CC1=CC(=O)N(C1=O)CC2=CC(=CC=C2)CN3C(=O)C=C(C3=O)C,1546,119462-56-5,MIIBUHIQXLFJFP-UHFFFAOYSA-N,324.3
"1H-Pyrrole-2,5-dione, 1-(2,4,6-tribromophenyl)-",C1=CC(=O)N(C1=O)C2=C(C=C(C=C2Br)Br)Br,10426,59789-51-4,ONEIBTGSNPDDSB-UHFFFAOYSA-N,409.86
"1H-Pyrrolo[3,2-d]pyrimidine-2,4(3H,5H)-dione",C1=CNC2=C1NC(=O)NC2=O,11608,65996-50-1,BSRITDQWGPSXPQ-UHFFFAOYSA-N,151.12
"1H-Thioxantheno[2,1,9-def]isoquinoline-1,3(2H)-dione, 5-methoxy-2-(3-methoxypropyl)-11-nitro-",COCCCN1C(=O)C2=CC(=C3C4=CC=CC=C4SC5=C(C=C(C2=C35)C1=O)OC)[N+](=O)[O-],4223,18014-08-9,YSDPVJADGZAOBX-UHFFFAOYSA-N,450.5
"2',3,4,4',5-Pentachlorobiphenyl",C1=CC(=C(C=C1Cl)Cl)C2=CC(=C(C(=C2)Cl)Cl)Cl,11564,65510-44-3,YAHNWSSFXMVPOU-UHFFFAOYSA-N,326.4
"2',3,4-Trichlorobiphenyl",C1=CC=C(C(=C1)C2=CC(=C(C=C2)Cl)Cl)Cl,8087,38444-86-9,RIMXLXBUOQMDHV-UHFFFAOYSA-N,257.5
"2',4'-Difluoroacetophenone",CC(=O)C1=C(C=C(C=C1)F)F,7830,364-83-0,QEWHNJPLPZOEKU-UHFFFAOYSA-N,156.13
"2'-(2-Chloro-4,6-dinitrophenylazo)-5'-(diethylamino)acetanilide",CCN(CC)C1=CC(=C(C=C1)N=NC2=C(C=C(C=C2Cl)[N+](=O)[O-])[N+](=O)[O-])NC(=O)C,11691,66557-45-7,YREBUQFUGONNSP-UHFFFAOYSA-N,434.8
2'-Aminoacetophenone,CC(=O)C1=CC=CC=C1N,9764,551-93-9,GTDQGKWDWVUKTI-UHFFFAOYSA-N,135.16
2'-Chloroacetophenone,CC(=O)C1=CC=CC=C1Cl,4939,2142-68-9,ZDOYHCIRUPHUHN-UHFFFAOYSA-N,154.59
2'-Fluoro-2-hydroxy-4-methoxybenzophenone,COC1=CC(=C(C=C1)C(=O)C2=CC=CC=C2F)O,7189,3119-88-8,VVOYPINUWBAVQM-UHFFFAOYSA-N,246.23
2'-Methylacetophenone,CC1=CC=CC=C1C(=O)C,6223,26444-19-9,YXWWHNCQZBVZPV-UHFFFAOYSA-N,134.17
"2(1H)-Naphthalenone, 4a,5,6,7,8,8a-hexahydro-7alpha-isopropyl-4abeta,8abeta-dimethyl-",CC(C)C1CCC2(C=CC(=O)CC2(C1)C)C,4097,17408-66-1,ZAASYBLGJDURHX-UHFFFAOYSA-N,220.35
"2(1H)-Pyrimidinone, tetrahydro-1,3-bis(hydroxymethyl)-",C1CN(C(=O)N(C1)CO)CO,7394,3270-74-4,IQDKUTQPYBHPJK-UHFFFAOYSA-N,160.17
"2(3H)-Benzofuranone, 5,7-bis(1,1-dimethylethyl)-3-(2,3-dimethylphenyl)-",CC1=C(C(=CC=C1)C2C3=C(C(=CC(=C3)C(C)(C)C)C(C)(C)C)OC2=O)C,4691,201815-03-4,JFYKXFLSIZYLRY-UHFFFAOYSA-N,350.5
"2(3H)-Benzothiazolethione, 3-methyl-",CN1C2=CC=CC=C2SC1=S,5155,2254-94-6,IRNRNPNZAKHEAW-UHFFFAOYSA-N,181.3
2(3H)-Benzothiazolone,C1=CC=C2C(=C1)NC(=O)S2,15588,934-34-9,YEDUAINPPJYDJZ-UHFFFAOYSA-N,151.19
"2(3H)-Furanone, 5-dodecyldihydro-",CCCCCCCCCCCCC1CCC(=O)O1,13124,730-46-1,SRIFJCOBFTWCTM-UHFFFAOYSA-N,254.41
"2(3H)-Furanone, dihydro-3-(3-methylbutyl)-",CC(C)CCC1CCOC1=O,8276,40541-41-1,SGQTUZRWTKNTGV-UHFFFAOYSA-N,156.22
"2(3H)-Furanone, dihydro-4-methyl-5-pentyl-",CCCCCC1C(CC(=O)O1)C,7536,33673-62-0,LOQFOBUZYRBURV-UHFFFAOYSA-N,170.25
"2(3H)-Furanone, dihydro-5-nonyl-",CCCCCCCCCC1CCC(=O)O1,13199,7370-36-7,JKAJPOOMLFHWAY-UHFFFAOYSA-N,212.33
"2(3H)-Furanone, dihydro-5-undecyl-",CCCCCCCCCCCC1CCC(=O)O1,13201,7370-42-5,RYPZHXPJXWHTCF-UHFFFAOYSA-N,240.38
2(5H)-Furanone,C1C=CC(=O)O1,8996,497-23-4,VIHAEDVKXSOUAT-UHFFFAOYSA-N,84.07
"2(5H)-Furanone, 4,5,5-trimethyl-3-(3-methyl-2-methylenebutyl)-",CC1=C(C(=O)OC1(C)C)CC(=C)C(C)C,14958,89902-33-0,QLGACDJHDZHSAF-UHFFFAOYSA-N,208.3
"2,10-Dichloro-8,16-pyranthrenedione",C1=CC2=C(C=C1Cl)C(=O)C3=C4C2=CC5=C6C4=C(C=C3)C=C7C6=C(C=C5)C(=O)C8=C7C=CC(=C8)Cl,13160,73309-48-5,LAQIPKVMDJFAOB-UHFFFAOYSA-N,475.3
"2,10-Dimethylundecane",CC(C)CCCCCCCC(C)C,4045,17301-27-8,AZUSLLNYWXCPIZ-UHFFFAOYSA-N,184.36
"2,10-Epoxypinane",CC1(C2CCC3(C1C2)CO3)C,12634,6931-54-0,OUXAABAEPHHZPC-UHFFFAOYSA-N,152.23
"2,11-Dodecanedione",CC(=O)CCCCCCCCC(=O)C,12753,7029-09-6,IALFUWZSWAKBDF-UHFFFAOYSA-N,198.3
"2,15-Hexadecanedione",CC(=O)CCCCCCCCCCCCC(=O)C,4375,18650-13-0,ANOHLAYDIMKILU-UHFFFAOYSA-N,254.41
"2,2',3,3',4,4',5,5',6-Nonachlorobiphenyl",C1=C(C(=C(C(=C1Cl)Cl)Cl)Cl)C2=C(C(=C(C(=C2Cl)Cl)Cl)Cl)Cl,8247,40186-72-9,JFIMDKGRGPNPRQ-UHFFFAOYSA-N,464.2
"2,2',3,3',4,4',5,5'-Octachlorobiphenyl",C1=C(C(=C(C(=C1Cl)Cl)Cl)Cl)C2=CC(=C(C(=C2Cl)Cl)Cl)Cl,7758,35694-08-7,DTMRKGRREZAYAP-UHFFFAOYSA-N,429.8
"2,2',3,3',4,4',5,6,6'-Nonachlorobiphenyl",C1=C(C(=C(C(=C1Cl)Cl)Cl)C2=C(C(=C(C(=C2Cl)Cl)Cl)Cl)Cl)Cl,9420,52663-79-3,YGDPIDTZOQGPAX-UHFFFAOYSA-N,464.2
"2,2',3,3',4,4',5,6-Octachlorobiphenyl",C1=CC(=C(C(=C1C2=C(C(=C(C(=C2Cl)Cl)Cl)Cl)Cl)Cl)Cl)Cl,9419,52663-78-2,JAHJITLFJSDRCG-UHFFFAOYSA-N,429.8
"2,2',3,3',4,4',5-Heptachlorobiphenyl",C1=CC(=C(C(=C1C2=CC(=C(C(=C2Cl)Cl)Cl)Cl)Cl)Cl)Cl,7685,35065-30-6,RMPWIIKNWPVWNG-UHFFFAOYSA-N,395.3
"2,2',3,3',4,4',6,6'-Octachlorobiphenyl",C1=C(C(=C(C(=C1Cl)Cl)Cl)C2=C(C(=C(C=C2Cl)Cl)Cl)Cl)Cl,7453,33091-17-7,YPDBBDKYNWRFMF-UHFFFAOYSA-N,429.8
"2,2',3,3',4,4',6-Heptachlorobiphenyl",C1=CC(=C(C(=C1C2=C(C(=C(C=C2Cl)Cl)Cl)Cl)Cl)Cl)Cl,9413,52663-71-5,TZMHVHLTPWKZCI-UHFFFAOYSA-N,395.3
"2,2',3,3',4,4'-Hexachlorobiphenyl",C1=CC(=C(C(=C1C2=C(C(=C(C=C2)Cl)Cl)Cl)Cl)Cl)Cl,1062,11096-82-5,BTAGRXWGMYTPBY-UHFFFAOYSA-N,360.9
"2,2',3,3',4,4'-Hexachlorobiphenyl",C1=CC(=C(C(=C1C2=C(C(=C(C=C2)Cl)Cl)Cl)Cl)Cl)Cl,8071,38380-07-3,BTAGRXWGMYTPBY-UHFFFAOYSA-N,360.9
"2,2',3,3',4,5',6'-Heptachlorobiphenyl",C1=CC(=C(C(=C1C2=C(C(=CC(=C2Cl)Cl)Cl)Cl)Cl)Cl)Cl,9412,52663-70-4,CXOYNJAHPUASHN-UHFFFAOYSA-N,395.3
"2,2',3,3',4,5',6,6'-Octachlorobiphenyl",C1=C(C(=C(C(=C1Cl)Cl)Cl)C2=C(C(=CC(=C2Cl)Cl)Cl)Cl)Cl,8246,40186-71-8,LJQOBQLZTUSEJA-UHFFFAOYSA-N,429.8
"2,2',3,3',4,5'-Hexachlorobiphenyl",C1=CC(=C(C(=C1C2=C(C(=CC(=C2)Cl)Cl)Cl)Cl)Cl)Cl,9408,52663-66-8,YFSLABAYQDPWPF-UHFFFAOYSA-N,360.9
"2,2',3,3',4,5,5',6'-Octachlorobiphenyl",C1=C(C(=C(C(=C1Cl)Cl)Cl)Cl)C2=C(C(=CC(=C2Cl)Cl)Cl)Cl,9416,52663-75-9,HJBYDWKNARZTMJ-UHFFFAOYSA-N,429.8
"2,2',3,3',4,5,5',6,6'-Nonachlorobiphenyl",C1=C(C(=C(C(=C1Cl)Cl)C2=C(C(=C(C(=C2Cl)Cl)Cl)Cl)Cl)Cl)Cl,9418,52663-77-1,XIFFTDRFWYFAPO-UHFFFAOYSA-N,464.2
"2,2',3,3',4,5,5'-Heptachlorobiphenyl",C1=C(C=C(C(=C1C2=CC(=C(C(=C2Cl)Cl)Cl)Cl)Cl)Cl)Cl,9415,52663-74-8,HOPMUCXYRNOABF-UHFFFAOYSA-N,395.3
"2,2',3,3',4,5,6'-Heptachlorobiphenyl",C1=CC(=C(C(=C1Cl)C2=CC(=C(C(=C2Cl)Cl)Cl)Cl)Cl)Cl,8078,38411-25-5,ZDLMBNHYTPHDLF-UHFFFAOYSA-N,395.3
"2,2',3,3',4,5,6,6'-Octachlorobiphenyl",C1=CC(=C(C(=C1Cl)C2=C(C(=C(C(=C2Cl)Cl)Cl)Cl)Cl)Cl)Cl,9414,52663-73-7,HHXNVASVVVNNDG-UHFFFAOYSA-N,429.8
"2,2',3,3',4,5-Hexachlorobiphenyl",C1=CC(=C(C(=C1)Cl)Cl)C2=CC(=C(C(=C2Cl)Cl)Cl)Cl,9782,55215-18-4,VQQKIXKPMJTUMP-UHFFFAOYSA-N,360.9
"2,2',3,3',4,6'-Hexachlorobiphenyl",C1=CC(=C(C(=C1C2=C(C=CC(=C2Cl)Cl)Cl)Cl)Cl)Cl,8070,38380-05-1,OKBJVIVEFXPEOU-UHFFFAOYSA-N,360.9
"2,2',3,3',4,6,6'-Heptachlorobiphenyl",C1=CC(=C(C(=C1Cl)C2=C(C(=C(C=C2Cl)Cl)Cl)Cl)Cl)Cl,9407,52663-65-7,HGMYRFJAJNYBRX-UHFFFAOYSA-N,395.3
"2,2',3,3',4,6-Hexachlorobiphenyl",C1=CC(=C(C(=C1)Cl)Cl)C2=C(C(=C(C=C2Cl)Cl)Cl)Cl,10800,61798-70-7,WDLTVNWWEZJMPF-UHFFFAOYSA-N,360.9
"2,2',3,3',4-Pentachlorobiphenyl",C1=CC(=C(C(=C1)Cl)Cl)C2=C(C(=C(C=C2)Cl)Cl)Cl,1064,11097-69-1,AUGNBQPSMWGAJE-UHFFFAOYSA-N,326.4
"2,2',3,3',4-Pentachlorobiphenyl",C1=CC(=C(C(=C1)Cl)Cl)C2=C(C(=C(C=C2)Cl)Cl)Cl,9405,52663-62-4,AUGNBQPSMWGAJE-UHFFFAOYSA-N,326.4
"2,2',3,3',5,5',6,6'-Octachlorobiphenyl",C1=C(C(=C(C(=C1Cl)Cl)C2=C(C(=CC(=C2Cl)Cl)Cl)Cl)Cl)Cl,4933,2136-99-4,JPOPEORRMSDUIP-UHFFFAOYSA-N,429.8
"2,2',3,3',5,5',6-Heptachlorobiphenyl",C1=C(C=C(C(=C1C2=C(C(=CC(=C2Cl)Cl)Cl)Cl)Cl)Cl)Cl,9409,52663-67-9,WCIBKXHMIXUQHK-UHFFFAOYSA-N,395.3
"2,2',3,3',5,6'-Hexachlorobiphenyl",C1=CC(=C(C(=C1Cl)C2=C(C(=CC(=C2)Cl)Cl)Cl)Cl)Cl,9439,52744-13-5,UUTNFLRSJBQQJM-UHFFFAOYSA-N,360.9
"2,2',3,3',5,6-Hexachlorobiphenyl",C1=CC(=C(C(=C1)Cl)Cl)C2=C(C(=CC(=C2Cl)Cl)Cl)Cl,9431,52704-70-8,RVWLHPJFOKUPNM-UHFFFAOYSA-N,360.9
"2,2',3,3',5-Pentachlorobiphenyl",C1=CC(=C(C(=C1)Cl)Cl)C2=C(C(=CC(=C2)Cl)Cl)Cl,10489,60145-20-2,SUBRHHYLRGOTHL-UHFFFAOYSA-N,326.4
"2,2',3,3',6,6'-Hexachlorobiphenyl",C1=CC(=C(C(=C1Cl)C2=C(C=CC(=C2Cl)Cl)Cl)Cl)Cl,8077,38411-22-2,FZFUUSROAHKTTF-UHFFFAOYSA-N,360.9
"2,2',3,3',6-Pentachlorobiphenyl",C1=CC(=C(C(=C1)Cl)Cl)C2=C(C=CC(=C2Cl)Cl)Cl,9403,52663-60-2,QVWUJLANSDKRAH-UHFFFAOYSA-N,326.4
"2,2',3,3'-Tetrabromodiphenyl ether",C1=CC(=C(C(=C1)Br)Br)OC2=C(C(=CC=C2)Br)Br,7552,337513-77-6,SXSUUFZWSVMTRL-UHFFFAOYSA-N,485.79
"2,2',3,3'-Tetrachlorobiphenyl",C1=CC(=C(C(=C1)Cl)Cl)C2=C(C(=CC=C2)Cl)Cl,8089,38444-93-8,VTLYHLREPCPDKX-UHFFFAOYSA-N,292
"2,2',3,3'-Tetrahydro-1,1'-spirobi[indene]-7,7'-diol",C1CC2(CCC3=C2C(=CC=C3)O)C4=C1C=CC=C4O,5109,223137-87-9,YBRDFCQKQVTQKX-UHFFFAOYSA-N,252.31
"2,2',3,4',5',6-Hexachlorobiphenyl",C1=CC(=C(C(=C1Cl)C2=CC(=C(C=C2Cl)Cl)Cl)Cl)Cl,8069,38380-04-0,LKHLFUVHHXCNJH-UHFFFAOYSA-N,360.9
"2,2',3,4',5'-Pentachlorobiphenyl",C1=CC(=C(C(=C1)Cl)Cl)C2=CC(=C(C=C2Cl)Cl)Cl,8375,41464-51-1,JTUSORDQZVOEAZ-UHFFFAOYSA-N,326.4
"2,2',3,4',5,5',6-Heptachlorobiphenyl",C1=C(C(=CC(=C1Cl)Cl)Cl)C2=C(C(=CC(=C2Cl)Cl)Cl)Cl,9410,52663-68-0,UDMZPLROONOSEF-UHFFFAOYSA-N,395.3
"2,2',3,4',5,5'-Hexachlorobiphenyl",C1=C(C=C(C(=C1C2=CC(=C(C=C2Cl)Cl)Cl)Cl)Cl)Cl,9285,51908-16-8,BQHCQAQLTCQFJZ-UHFFFAOYSA-N,360.9
"2,2',3,4',5,6-Hexachlorobiphenyl",C1=CC(=C(C=C1Cl)Cl)C2=C(C(=CC(=C2Cl)Cl)Cl)Cl,12053,68194-13-8,AQONCPKMJSBHQT-UHFFFAOYSA-N,360.9
"2,2',3,4',6-Pentachlorobiphenyl",C1=CC(=C(C=C1Cl)Cl)C2=C(C=CC(=C2Cl)Cl)Cl,12052,68194-05-8,CXKIGWXPPVZSQK-UHFFFAOYSA-N,326.4
"2,2',3,4'-Tetrabromodiphenyl ether",C1=CC(=C(C(=C1)Br)Br)OC2=C(C=C(C=C2)Br)Br,8613,446254-18-8,HQDQKPAHIDGGMH-UHFFFAOYSA-N,485.79
"2,2',3,4'-Tetrachlorobiphenyl",C1=CC(=C(C(=C1)Cl)Cl)C2=C(C=C(C=C2)Cl)Cl,7854,36559-22-5,ALFHIHDQSYXSGP-UHFFFAOYSA-N,292
"2,2',3,4,4',5',6-Heptachlorobiphenyl",C1=C(C(=CC(=C1Cl)Cl)Cl)C2=C(C(=C(C=C2Cl)Cl)Cl)Cl,9411,52663-69-1,KQBFUDNJKCZEDQ-UHFFFAOYSA-N,395.3
"2,2',3,4,4',5'-Hexachlorobiphenyl",C1=CC(=C(C(=C1C2=CC(=C(C=C2Cl)Cl)Cl)Cl)Cl)Cl,7683,35065-28-2,RPUMZMSNLZHIGZ-UHFFFAOYSA-N,360.9
"2,2',3,4,4',5,5',6-Octachlorobiphenyl",C1=C(C(=CC(=C1Cl)Cl)Cl)C2=C(C(=C(C(=C2Cl)Cl)Cl)Cl)Cl,9417,52663-76-0,DCPDZFRGNJDWPP-UHFFFAOYSA-N,429.8
"2,2',3,4,4',5,5'-Heptachlorobiphenyl",C1=C(C(=CC(=C1Cl)Cl)Cl)C2=CC(=C(C(=C2Cl)Cl)Cl)Cl,7684,35065-29-3,WBHQEUPUMONIKF-UHFFFAOYSA-N,395.3
"2,2',3,4,4',5,6'-Heptachlorobiphenyl",C1=C(C=C(C(=C1Cl)C2=CC(=C(C(=C2Cl)Cl)Cl)Cl)Cl)Cl,10492,60145-23-5,RXRLRYZUMSYVLS-UHFFFAOYSA-N,395.3
"2,2',3,4,4',5,6,6'-Octachlorobiphenyl",C1=C(C=C(C(=C1Cl)C2=C(C(=C(C(=C2Cl)Cl)Cl)Cl)Cl)Cl)Cl,13370,74472-52-9,JDZUWXRNKHXZFE-UHFFFAOYSA-N,429.8
"2,2',3,4,4',5-Hexachlorobiphenyl",C1=CC(=C(C=C1Cl)Cl)C2=CC(=C(C(=C2Cl)Cl)Cl)Cl,7757,35694-06-5,CKLLRBPBZLTGDJ-UHFFFAOYSA-N,360.9
"2,2',3,4,4'-Pentachlorobiphenyl",C1=CC(=C(C=C1Cl)Cl)C2=C(C(=C(C=C2)Cl)Cl)Cl,11565,65510-45-4,LACXVZHAJMVESG-UHFFFAOYSA-N,326.4
"2,2',3,4,5',6-Hexachlorobiphenyl",C1=CC(=C(C=C1Cl)C2=C(C(=C(C=C2Cl)Cl)Cl)Cl)Cl,12054,68194-14-9,CXXRQFOKRZJAJA-UHFFFAOYSA-N,360.9
"2,2',3,4,5'-Pentachlorobiphenyl",C1=CC(=C(C=C1Cl)C2=C(C(=C(C=C2)Cl)Cl)Cl)Cl,8067,38380-02-8,OPKYDBFRKPQCBS-UHFFFAOYSA-N,326.4
"2,2',3,4,5,5',6-Heptachlorobiphenyl",C1=CC(=C(C=C1Cl)C2=C(C(=C(C(=C2Cl)Cl)Cl)Cl)Cl)Cl,9433,52712-05-7,PYZHTHZEHQHHEN-UHFFFAOYSA-N,395.3
"2,2',3,4,5,5'-Hexachlorobiphenyl",C1=CC(=C(C=C1Cl)C2=CC(=C(C(=C2Cl)Cl)Cl)Cl)Cl,9432,52712-04-6,UCLKLGIYGBLTSM-UHFFFAOYSA-N,360.9
"2,2',3,4,5,6'-Hexachlorobiphenyl",C1=CC(=C(C(=C1)Cl)C2=CC(=C(C(=C2Cl)Cl)Cl)Cl)Cl,12055,68194-15-0,UQPQKLGBEKEZBV-UHFFFAOYSA-N,360.9
"2,2',3,4,6'-Pentachlorobiphenyl",C1=CC(=C(C(=C1)Cl)C2=C(C(=C(C=C2)Cl)Cl)Cl)Cl,13188,73575-57-2,GLOOIONSKMZYQZ-UHFFFAOYSA-N,326.4
"2,2',3,4,6,6'-Hexachlorobiphenyl",C1=CC(=C(C(=C1)Cl)C2=C(C(=C(C=C2Cl)Cl)Cl)Cl)Cl,13366,74472-40-5,JZFZCLFEPXCRCA-UHFFFAOYSA-N,360.9
"2,2',3,4-Tetrabromodiphenyl ether",C1=CC=C(C(=C1)OC2=C(C(=C(C=C2)Br)Br)Br)Br,7549,337513-68-5,UAEBSKBXZAIRMX-UHFFFAOYSA-N,485.79
"2,2',3,4-Tetrachlorobiphenyl",C1=CC=C(C(=C1)C2=C(C(=C(C=C2)Cl)Cl)Cl)Cl,9402,52663-59-9,SEWHDNLIHDBVDZ-UHFFFAOYSA-N,292
"2,2',3,5',6-Pentachlorobiphenyl",C1=CC(=C(C=C1Cl)C2=C(C=CC(=C2Cl)Cl)Cl)Cl,8065,38379-99-6,GXNNLIMMEXHBKV-UHFFFAOYSA-N,326.4
"2,2',3,5'-Tetrabromodiphenyl ether",C1=CC(=C(C(=C1)Br)Br)OC2=C(C=CC(=C2)Br)Br,8615,446254-20-2,VBGBGTYMDIVKNK-UHFFFAOYSA-N,485.79
"2,2',3,5'-Tetrachlorobiphenyl",C1=CC(=C(C(=C1)Cl)Cl)C2=C(C=CC(=C2)Cl)Cl,8369,41464-39-5,ALDJIKXAHSDLLB-UHFFFAOYSA-N,292
"2,2',3,5,5',6-Hexachlorobiphenyl",C1=CC(=C(C=C1Cl)C2=C(C(=CC(=C2Cl)Cl)Cl)Cl)Cl,9406,52663-63-5,UHCLFIWDCYOTOL-UHFFFAOYSA-N,360.9
"2,2',3,5,5'-Pentachlorobiphenyl",C1=CC(=C(C=C1Cl)C2=C(C(=CC(=C2)Cl)Cl)Cl)Cl,9404,52663-61-3,CRCBRZBVCDKPGA-UHFFFAOYSA-N,326.4
"2,2',3,5-Tetrabromodiphenyl ether",C1=CC=C(C(=C1)OC2=C(C(=CC(=C2)Br)Br)Br)Br,8614,446254-19-9,LKMQHSYDVDIECC-UHFFFAOYSA-N,485.79
"2,2',3,5-Tetrachlorobiphenyl",C1=CC=C(C(=C1)C2=C(C(=CC(=C2)Cl)Cl)Cl)Cl,12761,70362-46-8,NRBNBYFPJCCKTO-UHFFFAOYSA-N,292
"2,2',3,6'-Tetrabromodiphenyl ether",C1=CC(=C(C(=C1)Br)Br)OC2=C(C=CC=C2Br)Br,8617,446254-22-4,GBUUKJRFSKCMTB-UHFFFAOYSA-N,485.79
"2,2',3,6'-Tetrachlorobiphenyl",C1=CC(=C(C(=C1)Cl)Cl)C2=C(C=CC=C2Cl)Cl,8374,41464-47-5,CUGLICQCTXWQNF-UHFFFAOYSA-N,292
"2,2',3,6,6'-Pentachlorobiphenyl",C1=CC(=C(C(=C1)Cl)C2=C(C=CC(=C2Cl)Cl)Cl)Cl,13187,73575-54-9,QQFGAXUIQVKBKU-UHFFFAOYSA-N,326.4
"2,2',3,6-Tetrabromodiphenyl ether",C1=CC=C(C(=C1)OC2=C(C=CC(=C2Br)Br)Br)Br,8616,446254-21-3,VTFWUBIOZQCMQS-UHFFFAOYSA-N,485.79
"2,2',3,6-Tetrachlorobiphenyl",C1=CC=C(C(=C1)C2=C(C=CC(=C2Cl)Cl)Cl)Cl,12760,70362-45-7,VHGHHZZTMJLTJX-UHFFFAOYSA-N,292
"2,2',3-Trichlorobiphenyl",C1=CC=C(C(=C1)C2=C(C(=CC=C2)Cl)Cl)Cl,8084,38444-78-9,XVIZMMSINIOIQP-UHFFFAOYSA-N,257.5
"2,2',4,4',5,5'-Hexachlorobiphenyl",C1=C(C(=CC(=C1Cl)Cl)Cl)C2=CC(=C(C=C2Cl)Cl)Cl,7682,35065-27-1,MVWHGTYKUMDIHL-UHFFFAOYSA-N,360.9
"2,2',4,4',5,6'-Hexachlorobiphenyl",C1=C(C=C(C(=C1Cl)C2=CC(=C(C=C2Cl)Cl)Cl)Cl)Cl,10491,60145-22-4,QXZHEJWDLVUFFB-UHFFFAOYSA-N,360.9
"2,2',4,4',5-Pentachlorobiphenyl",C1=CC(=C(C=C1Cl)Cl)C2=CC(=C(C=C2Cl)Cl)Cl,8066,38380-01-7,LMQJBFRGXHMNOX-UHFFFAOYSA-N,326.4
"2,2',4,4',6,6'-Hexachlorobiphenyl",C1=C(C=C(C(=C1Cl)C2=C(C=C(C=C2Cl)Cl)Cl)Cl)Cl,7571,33979-03-2,ICOAEPDGFWLUTI-UHFFFAOYSA-N,360.9
"2,2',4,4',6-Pentachlorobiphenyl",C1=CC(=C(C=C1Cl)Cl)C2=C(C=C(C=C2Cl)Cl)Cl,8196,39485-83-1,RKUAZJIXKHPFRK-UHFFFAOYSA-N,326.4
"2,2',4,4'-Tetrabromodiphenyl ether",C1=CC(=C(C=C1Br)Br)OC2=C(C=C(C=C2)Br)Br,9662,5436-43-1,XYBSIYMGXVUVGY-UHFFFAOYSA-N,485.79
"2,2',4,4'-Tetrachlorobiphenyl",C1=CC(=C(C=C1Cl)Cl)C2=C(C=C(C=C2)Cl)Cl,5427,2437-79-8,QORAVNMWUNPXAO-UHFFFAOYSA-N,292
"2,2',4,4'-Tetrachlorobiphenyl",C1=CC(=C(C=C1Cl)Cl)C2=C(C=C(C=C2)Cl)Cl,16261,53469-21-9,QORAVNMWUNPXAO-UHFFFAOYSA-N,292
"2,2',4,4'-Tetrahydroxybenzophenone",C1=CC(=C(C=C1O)O)C(=O)C2=C(C=C(C=C2)O)O,2283,131-55-5,WXNRYSGJLQFHBR-UHFFFAOYSA-N,246.21
"2,2',4,5',6-Pentachlorobiphenyl",C1=CC(=C(C=C1Cl)C2=C(C=C(C=C2Cl)Cl)Cl)Cl,10490,60145-21-3,PQHZWWBJPCNNGI-UHFFFAOYSA-N,326.4
"2,2',4,5'-Tetrabromobiphenyl",C1=CC(=C(C=C1Br)Br)C2=C(C=CC(=C2)Br)Br,10473,60044-24-8,LUASYBWZXWTYKK-UHFFFAOYSA-N,469.79
"2,2',4,5'-Tetrabromodiphenyl ether",C1=CC(=C(C=C1Br)Br)OC2=C(C=CC(=C2)Br)Br,5433,243982-82-3,QWVDUBDYUPHNHY-UHFFFAOYSA-N,485.79
"2,2',4,5'-Tetrachlorobiphenyl",C1=CC(=C(C=C1Cl)Cl)C2=C(C=CC(=C2)Cl)Cl,8370,41464-40-8,ZWPVHELAQPIZHO-UHFFFAOYSA-N,292
"2,2',4,5,5'-Pentachlorobiphenyl",C1=CC(=C(C=C1Cl)C2=CC(=C(C=C2Cl)Cl)Cl)Cl,8016,37680-73-2,LAHWLEDBADHJGA-UHFFFAOYSA-N,326.4
"2,2',4,5-Tetrabromodiphenyl ether",C1=CC=C(C(=C1)OC2=CC(=C(C=C2Br)Br)Br)Br,7545,337513-55-0,FJGDNHOVDFREMP-UHFFFAOYSA-N,485.79
"2,2',4,5-Tetrachlorobiphenyl",C1=CC=C(C(=C1)C2=CC(=C(C=C2Cl)Cl)Cl)Cl,12762,70362-47-9,XBTHILIDLBPRPM-UHFFFAOYSA-N,292
"2,2',4,6'-Tetrabromodiphenyl ether",C1=CC(=C(C(=C1)Br)OC2=C(C=C(C=C2)Br)Br)Br,4449,189084-57-9,WKBBBTLDLKYGBI-UHFFFAOYSA-N,485.79
"2,2',4,6'-Tetrachlorobiphenyl",C1=CC(=C(C(=C1)Cl)C2=C(C=C(C=C2)Cl)Cl)Cl,12051,68194-04-7,WVHNUGRFECMVLQ-UHFFFAOYSA-N,292
"2,2',4,6,6'-Pentachlorobiphenyl",C1=CC(=C(C(=C1)Cl)C2=C(C=C(C=C2Cl)Cl)Cl)Cl,9988,56558-16-8,MTCPZNVSDFCBBE-UHFFFAOYSA-N,326.4
"2,2',4,6-Tetrabromodiphenyl ether",C1=CC=C(C(=C1)OC2=C(C=C(C=C2Br)Br)Br)Br,8618,446254-23-5,FXUAKFRJBKFDSY-UHFFFAOYSA-N,485.79
"2,2',4,6-Tetrachlorobiphenyl",C1=CC=C(C(=C1)C2=C(C=C(C=C2Cl)Cl)Cl)Cl,11001,62796-65-0,VLLVVZDKBSYMCG-UHFFFAOYSA-N,292
"2,2',4-Tribromodiphenyl ether",C1=CC=C(C(=C1)OC2=C(C=C(C=C2)Br)Br)Br,3226,147217-75-2,VYBFILXLBMWOLI-UHFFFAOYSA-N,406.89
"2,2',4-Trichlorobiphenyl",C1=CC=C(C(=C1)C2=C(C=C(C=C2)Cl)Cl)Cl,8014,37680-66-3,YKKYCYQDUUXNLN-UHFFFAOYSA-N,257.5
"2,2',5,5'-Tetrabromodiphenyl ether",C1=CC(=C(C=C1Br)OC2=C(C=CC(=C2)Br)Br)Br,8619,446254-24-6,CDTHXJORUCZHMD-UHFFFAOYSA-N,485.79
"2,2',5,5'-Tetrachlorobiphenyl",C1=CC(=C(C=C1Cl)C2=C(C=CC(=C2)Cl)Cl)Cl,7756,35693-99-3,HCWZEPKLWVAEOV-UHFFFAOYSA-N,292
"2,2',5,6'-Tetrabromodiphenyl ether",C1=CC(=C(C(=C1)Br)OC2=C(C=CC(=C2)Br)Br)Br,8620,446254-25-7,SDVQGIMOFXMKHR-UHFFFAOYSA-N,485.79
"2,2',5,6'-Tetrachlorobiphenyl",C1=CC(=C(C(=C1)Cl)C2=C(C=CC(=C2)Cl)Cl)Cl,8371,41464-41-9,SFTUSTXGTCCSHX-UHFFFAOYSA-N,292
"2,2',5-Tribromobiphenyl",C1=CC=C(C(=C1)C2=C(C=CC(=C2)Br)Br)Br,10324,59080-34-1,IYDNWMCMGNRWET-UHFFFAOYSA-N,390.9
"2,2',5-Trichlorobiphenyl",C1=CC=C(C(=C1)C2=C(C=CC(=C2)Cl)Cl)Cl,8013,37680-65-2,DCMURXAZTZQAFB-UHFFFAOYSA-N,257.5
"2,2',6,6'-Tetrabromodiphenyl ether",C1=CC(=C(C(=C1)Br)OC2=C(C=CC=C2Br)Br)Br,8621,446254-26-8,WCDCHQGVTZHVSO-UHFFFAOYSA-N,485.79
"2,2'-((4-((3,5-Dinitro-2-thienyl)azo)phenyl)imino)bisethyl diacetate",CC(=O)OCCN(CCOC(=O)C)C1=CC=C(C=C1)N=NC2=C(C=C(S2)[N+](=O)[O-])[N+](=O)[O-],8519,42783-06-2,YPNBSXJSFUWYMV-UHFFFAOYSA-N,465.4
"2,2'-(1,2-Ethenediyldi-4,1-phenylene)bisbenzoxazole",C1=CC=C2C(=C1)N=C(O2)C3=CC=C(C=C3)/C=C/C4=CC=C(C=C4)C5=NC6=CC=CC=C6O5,3432,1533-45-5,ORACIQIJMCYPHQ-MDZDMXLPSA-N,414.5
"2,2'-(1,3-Phenylenebis(methylene))bis(2,3-dihydro)-1H-isoindol-1-one",C1C2=CC=CC=C2C(=O)N1CC3=CC(=CC=C3)CN4CC5=CC=CC=C5C4=O,15607,935739-41-6,XVMPZTINNDQPHX-UHFFFAOYSA-N,368.4
"2,2'-(Octadec-9-enylimino)bisethanol",CCCCCCCC/C=C/CCCCCCCCN(CCO)CCO,5842,25307-17-9,BITAPBDLHJQAID-MDZDMXLPSA-N,355.6
"2,2'-[[(4-Methyl-1H-benzotriazol-1-YL)methyl]imino]bisethanol",CC1=C2C(=CC=C1)N(N=N2)CN(CCO)CCO,14241,80584-89-0,ZUHDIDYOAZNPBV-UHFFFAOYSA-N,250.3
"2,2'-[[(5-Methyl-1H-benzotriazol-1-YL)methyl]imino]bisethanol",CC1=CC2=C(C=C1)N(N=N2)CN(CCO)CCO,14240,80584-88-9,HHYPDQBCLQZKLI-UHFFFAOYSA-N,250.3
"2,2'-[[3-(Decyloxy)propyl]imino]bisethanol",CCCCCCCCCCOCCCN(CCO)CCO,7608,34360-00-4,ALGXBHUNFXXMTQ-UHFFFAOYSA-N,303.5
"2,2'-Azobis(2,4-dimethylvaleronitrile)",CC(C)CC(C)(C#N)N=NC(C)(CC(C)C)C#N,8592,4419-11-8,WYGWHHGCAGTUCH-UHFFFAOYSA-N,248.37
"2,2'-Azobis(2-methylbutyronitrile)",CCC(C)(C#N)N=NC(C)(CC)C#N,2644,13472-08-7,AVTLBBWTUPQRAY-UHFFFAOYSA-N,192.26
"2,2'-Azobis(2-methylpropionitrile)",CC(C)(C#N)N=NC(C)(C)C#N,13968,78-67-1,OZAIFHULBGXAKX-UHFFFAOYSA-N,164.21
"2,2'-Azobis(4-methoxy-2,4-dimethylvaleronitrile)",CC(C)(CC(C)(C#N)N=NC(C)(CC(C)(C)OC)C#N)OC,3484,15545-97-8,PFHOSZAOXCYAGJ-UHFFFAOYSA-N,308.42
"2,2'-azobis(N-(2-hydroxyethyl)-2-methylpropionamide)",CC(C)(C(=O)NCCO)N=NC(C)(C)C(=O)NCCO,10673,61551-69-7,WVFLGSMUPMVNTQ-UHFFFAOYSA-N,288.34
"2,2'-Azobis(n-butyl-2-methylpropionamide)",CCCCNC(=O)C(C)(C)N=NC(C)(C)C(=O)NCCCC,4593,195520-32-2,SFLRURCEBYIKSS-UHFFFAOYSA-N,312.45
"2,2'-Azobis(n-cyclohexyl-2-methylpropionamide)",CC(C)(C(=O)NC1CCCCC1)N=NC(C)(C)C(=O)NC2CCCCC2,4592,195520-29-7,WMRNGPYHLQSTDL-UHFFFAOYSA-N,364.5
"2,2'-Azobis[n-(2-propenyl)-2-methylpropionamide]",CC(C)(C(=O)NCC=C)N=NC(C)(C)C(=O)NCC=C,2172,129136-92-1,LYPGJGCIPQYQBW-UHFFFAOYSA-N,280.37
"2,2'-Bioxirane",C1C(O1)C2CO2,3190,1464-53-5,ZFIVKAOQEXOYFY-UHFFFAOYSA-N,86.09
"2,2'-Bis(trifluoromethyl)benzidine",C1=CC(=C(C=C1N)C(F)(F)F)C2=C(C=C(C=C2)N)C(F)(F)F,7587,341-58-2,NVKGJHAQGWCWDI-UHFFFAOYSA-N,320.23
"2,2'-Dibenzoylaminodiphenyl disulfide",C1=CC=C(C=C1)C(=O)NC2=CC=CC=C2SSC3=CC=CC=C3NC(=O)C4=CC=CC=C4,2667,135-57-9,ZHMIOPLMFZVSHY-UHFFFAOYSA-N,456.6
"2,2'-Dibromodiphenyl ether",C1=CC=C(C(=C1)OC2=CC=CC=C2Br)Br,9231,51452-87-0,JMSKYMHFNWGUJG-UHFFFAOYSA-N,328
"2,2'-Dichlorobiphenyl",C1=CC=C(C(=C1)C2=CC=CC=C2Cl)Cl,2211,13029-08-8,JAYCNKDKIKZTAF-UHFFFAOYSA-N,223.09
"2,2'-Dihydroxy-4,4'-dimethoxybenzophenone",COC1=CC(=C(C=C1)C(=O)C2=C(C=C(C=C2)OC)O)O,2282,131-54-4,SODJJEXAWOSSON-UHFFFAOYSA-N,274.27
"2,2'-Dimethylbenzidine",CC1=C(C=CC(=C1)N)C2=C(C=C(C=C2)N)C,14459,84-67-3,QYIMZXITLDTULQ-UHFFFAOYSA-N,212.29
"2,2'-Dimethylbiphenyl",CC1=CC=CC=C1C2=CC=CC=C2C,10519,605-39-0,ABMKWMASVFVTMD-UHFFFAOYSA-N,182.26
"2,2'-Dioctyldiphenylamine",CCCCCCCCC1=CC=CC=C1NC2=CC=CC=C2CCCCCCCC,6281,26603-23-6,FOUNRKRNEDRUPL-UHFFFAOYSA-N,393.6
"2,2'-Dithiobisbenzothiazole",C1=CC=C2C(=C1)N=C(S2)SSC3=NC4=CC=CC=C4S3,1582,120-78-5,AFZSMODLJJCVPP-UHFFFAOYSA-N,332.5
"2,2'-Dithiodipyridine",C1=CC=NC(=C1)SSC2=CC=CC=N2,4914,2127-03-9,HAXFWIACAGNFHA-UHFFFAOYSA-N,220.3
"2,2'-Ethylidenebis(4,6-di-tert-butylphenol)",CC(C1=C(C(=CC(=C1)C(C)(C)C)C(C)(C)C)O)C2=C(C(=CC(=C2)C(C)(C)C)C(C)(C)C)O,7787,35958-30-6,DXCHWXWXYPEZKM-UHFFFAOYSA-N,438.7
"2,2'-Iminobis[4,6-diamino-1,3,5-triazine]",C1(=NC(=NC(=N1)NC2=NC(=NC(=N2)N)N)N)N,7761,3576-88-3,YZEZMSPGIPTEBA-UHFFFAOYSA-N,235.21
"2,2'-Methylenebis(4,6-di-tert-butylphenol)",CC(C)(C)C1=CC(=C(C(=C1)C(C)(C)C)O)CC2=C(C(=CC(=C2)C(C)(C)C)C(C)(C)C)O,3101,14362-12-0,LXWZXEJDKYWBOW-UHFFFAOYSA-N,424.7
"2,2'-Methylenebis(4-ethyl-6-tert-butylphenol)",CCC1=CC(=C(C(=C1)C(C)(C)C)O)CC2=C(C(=CC(=C2)CC)C(C)(C)C)O,14858,88-24-4,GPNYZBKIGXGYNU-UHFFFAOYSA-N,368.6
"2,2'-Methylenebis(4-methyl-6-nonylphenol)",CCCCCCCCCC1=C(C(=CC(=C1)C)CC2=CC(=CC(=C2O)CCCCCCCCC)C)O,13899,7786-17-6,XQESJWNDTICJHW-UHFFFAOYSA-N,480.8
"2,2'-Methylenebis(4-methyl-6-tert-butylphenol)",CC1=CC(=C(C(=C1)C(C)(C)C)O)CC2=C(C(=CC(=C2)C)C(C)(C)C)O,1506,119-47-1,KGRVJHAUYBGFFP-UHFFFAOYSA-N,340.5
"2,2'-Methylenebis(4-methyl-6-tert-octylphenol)",CC1=CC(=C(C(=C1)C(C)(C)CC(C)(C)C)O)CC2=C(C(=CC(=C2)C)C(C)(C)CC(C)(C)C)O,2943,14020-52-1,LLLUKUXKUSKFLO-UHFFFAOYSA-N,452.7
"2,2'-Methylenebis(6-cyclohexyl-p-cresol)",CC1=CC(=C(C(=C1)C2CCCCC2)O)CC3=C(C(=CC(=C3)C)C4CCCCC4)O,8285,4066-02-8,AKNMPWVTPUHKCG-UHFFFAOYSA-N,392.6
"2,2'-Methylenebis[6-(1-methylcyclohexyl)-p-cresol]",CC1=CC(=C(C(=C1)C2(CCCCC2)C)O)CC3=C(C(=CC(=C3)C)C4(CCCCC4)C)O,13724,77-62-3,PHXLONCQBNATSL-UHFFFAOYSA-N,420.6
"2,2'-Methylenebis[6-(2H-benzotriazol-2-yl)-4-methylphenol]",CC1=CC(=C(C(=C1)N2N=C3C=CC=CC3=N2)O)CC4=C(C(=CC(=C4)C)N5N=C6C=CC=CC6=N5)O,7081,30653-05-5,ZDXCWZKQDWCCMJ-UHFFFAOYSA-N,462.5
"2,2'-Methylenedianiline",C1=CC=C(C(=C1)CC2=CC=CC=C2N)N,11594,6582-52-1,OHKOAJUTRVTYSW-UHFFFAOYSA-N,198.26
"2,2'-Methylenediphenol",C1=CC=C(C(=C1)CC2=CC=CC=C2O)O,2506,1333-16-0,MQCPOLNSJCWPGT-UHFFFAOYSA-N,200.23
"2,2'-Methylenediphenol",C1=CC=C(C(=C1)CC2=CC=CC=C2O)O,5500,2467-02-9,MQCPOLNSJCWPGT-UHFFFAOYSA-N,200.23
"2,2'-Oxybis[N-(4-ethenylphenyl)acetamide]",C=CC1=CC=C(C=C1)NC(=O)COCC(=O)NC2=CC=C(C=C2)C=C,2749,136880-27-8,PFNLXTXKRXADID-UHFFFAOYSA-N,336.4
"2,2'-Oxydipropanol",CC(CO)OC(C)CO,872,108-61-2,VMKMZRBPOSNUMX-UHFFFAOYSA-N,134.17
"2,2'-Sulfanediyldipropanoic acid",CC(C(=O)O)SC(C)C(=O)O,10194,5811-50-7,XVGDJNZHNCJHIP-UHFFFAOYSA-N,178.21
"2,2'-Thiobis(6-tert-butyl-p-cresol)",CC1=CC(=C(C(=C1)SC2=CC(=CC(=C2O)C(C)(C)C)C)O)C(C)(C)C,14976,90-66-4,MQWCQFCZUNBTCM-UHFFFAOYSA-N,358.5
"2,2'-Thiodipyridine",C1=CC=NC(=C1)SC2=CC=CC=N2,8501,4262-06-0,AQYNZOSCOWGGTP-UHFFFAOYSA-N,188.25
"2,2'-Thiophene-2,5-diylbis(benzoxazole)",C1=CC=C2C(=C1)N=C(O2)C3=CC=C(S3)C4=NC5=CC=CC=C5O4,6722,2866-43-5,UGFSLKRMHPGLFU-UHFFFAOYSA-N,318.4
"2,2,2-Tribromoethanol",C(C(Br)(Br)Br)O,13496,75-80-9,YFDSDPIBEUFTMI-UHFFFAOYSA-N,282.76
"2,2,2-Trichloro-1-phenylethanol",C1=CC=C(C=C1)C(C(Cl)(Cl)Cl)O,4662,2000-43-3,ABFRBTDJEKZSRM-UHFFFAOYSA-N,225.5
"2,2,2-Trichloro-1-phenylethyl acetate",CC(=O)OC(C1=CC=CC=C1)C(Cl)(Cl)Cl,14968,90-17-5,JKRWZLOCPLZZEI-UHFFFAOYSA-N,267.5
"2,2,2-Trichloroethyl acetate",CC(=O)OCC(Cl)(Cl)Cl,10964,625-24-1,XHAXVDWUMCHTCY-UHFFFAOYSA-N,191.44
"2,2,2-Trifluoroethanol",C(C(F)(F)F)O,13500,75-89-8,RHQDFWAXVIIEBN-UHFFFAOYSA-N,100.04
"2,2,2-Trifluoroethyl acrylate",C=CC(=O)OCC(F)(F)F,8291,407-47-6,VBHXIMACZBQHPX-UHFFFAOYSA-N,154.09
"2,2,2-Trifluoroethyl methacrylate",CC(=C)C(=O)OCC(F)(F)F,7702,352-87-4,QTKPMCIBUROOGY-UHFFFAOYSA-N,168.11
"2,2,3,3,4,4,4-Heptafluorobutyl acrylate",C=CC(=O)OCC(C(C(F)(F)F)(F)F)(F)F,8478,424-64-6,PLXOUIVCSUBZIX-UHFFFAOYSA-N,254.1
"2,2,3,3,4,4,5,5,6,6,7,7-Dodecafluoroheptyl methacrylate",CC(=C)C(=O)OCC(C(C(C(C(C(F)F)(F)F)(F)F)(F)F)(F)F)(F)F,5163,2261-99-6,YJKHMSPWWGBKTN-UHFFFAOYSA-N,400.16
"2,2,3,3,4,4,5,5,6,7,7,7-Dodecafluoro-6-(trifluoromethyl)heptanoic acid",C(=O)(C(C(C(C(C(C(F)(F)F)(C(F)(F)F)F)(F)F)(F)F)(F)F)(F)F)O,3385,15166-06-0,KPBOPOXIOBBZTR-UHFFFAOYSA-N,414.07
"2,2,3,3,4,4,5,5-Octafluoro-1-pentanol",C(C(C(C(C(F)F)(F)F)(F)F)(F)F)O,7736,355-80-6,JUGSKHLZINSXPQ-UHFFFAOYSA-N,232.07
"2,2,3,3,4,4,5,5-Octafluoropentyl acrylate",C=CC(=O)OCC(C(C(C(F)F)(F)F)(F)F)(F)F,8001,376-84-1,WISUNKZXQSKYMR-UHFFFAOYSA-N,286.12
"2,2,3,3,4,4,5,6,6,7,7,7-Dodecafluoro-5-(trifluoromethyl)heptanoic acid",C(=O)(C(C(C(C(C(C(F)(F)F)(F)F)(C(F)(F)F)F)(F)F)(F)F)(F)F)O,15329,909009-42-3,HDWNCRCOUUAYQG-UHFFFAOYSA-N,414.07
"2,2,3,3,4,4,6,6,6-Nonafluoro-5,5-bis(trifluoromethyl)hexanoic acid",C(=O)(C(C(C(C(C(F)(F)F)(C(F)(F)F)C(F)(F)F)(F)F)(F)F)(F)F)O,1345,1144512-34-4,GTHPUDUCLLCPLT-UHFFFAOYSA-N,414.07
"2,2,3,3,4,5,5,6,6,6-Decafluoro-4-(pentafluoroethyl)hexanoic acid",C(=O)(C(C(C(C(C(F)(F)F)(F)F)(C(C(F)(F)F)(F)F)F)(F)F)(F)F)O,4422,1882109-79-6,FLDAOAOUZFAVRT-UHFFFAOYSA-N,414.07
"2,2,3,3,4,5,5,6,6,7,7,7-Dodecafluoro-4-(trifluoromethyl)heptanoic acid",C(=O)(C(C(C(C(C(C(F)(F)F)(F)F)(F)F)(C(F)(F)F)F)(F)F)(F)F)O,1344,1144512-18-4,RGXLMLZPWKONOH-UHFFFAOYSA-N,414.07
"2,2,3,3,4,5,6,6,6-Nonafluoro-4,5-bis(trifluoromethyl)hexanoic acid",C(=O)(C(C(C(C(C(F)(F)F)(C(F)(F)F)F)(C(F)(F)F)F)(F)F)(F)F)O,1347,1144512-36-6,YQPBELLZGQBWJP-UHFFFAOYSA-N,414.07
"2,2,3,3,5,5,6,6,6-Nonafluoro-4,4-bis(trifluoromethyl)hexanoic acid",C(=O)(C(C(C(C(C(F)(F)F)(F)F)(C(F)(F)F)C(F)(F)F)(F)F)(F)F)O,1531,1192593-79-5,UDFRHYDOIIBODA-UHFFFAOYSA-N,414.07
"2,2,3,3-Tetrafluoro-1-propanol",C(C(C(F)F)(F)F)O,13587,76-37-9,NBUKAOOFKZFCGD-UHFFFAOYSA-N,132.06
"2,2,3,3-Tetrafluoropropyl methacrylate",CC(=C)C(=O)OCC(C(F)F)(F)F,8749,45102-52-1,RSVZYSKAPMBSMY-UHFFFAOYSA-N,200.13
"2,2,3,3-Tetramethylbutane",CC(C)(C)C(C)(C)C,10386,594-82-1,OMMLUKLXGSRPHK-UHFFFAOYSA-N,114.23
"2,2,3,3-Tetramethylpentane",CCC(C)(C)C(C)(C)C,12930,7154-79-2,QUKOJKFJIHSBKV-UHFFFAOYSA-N,128.25
"2,2,3,4,4,4-Hexafluorobutyl acrylate",C=CC(=O)OCC(C(C(F)(F)F)F)(F)F,9605,54052-90-3,LMVLEDTVXAGBJV-UHFFFAOYSA-N,236.11
"2,2,3,4,4,4-Hexafluorobutyl methacrylate",CC(=C)C(=O)OCC(C(C(F)(F)F)F)(F)F,7831,36405-47-7,DFVPUWGVOPDJTC-UHFFFAOYSA-N,250.14
"2,2,3,4,4,5,5,5-Octafluoro-3-(1,1,1,2,3,3,3-heptafluoropropan-2-yl)pentanoic acid",C(=O)(C(C(C(C(F)(F)F)(C(F)(F)F)F)(C(C(F)(F)F)(F)F)F)(F)F)O,4411,1882109-68-3,VMZZQFPAUSWERK-UHFFFAOYSA-N,414.07
"2,2,3,4,4,5,5,6,6,6-Decafluoro-3-(pentafluoroethyl)hexanoic acid",C(=O)(C(C(C(C(C(F)(F)F)(F)F)(F)F)(C(C(F)(F)F)(F)F)F)(F)F)O,4421,1882109-78-5,WWMBSMIBXPWLPT-UHFFFAOYSA-N,414.07
"2,2,3,4,4,5,5,6,6,7,7,7-Dodecafluoro-3-(trifluoromethyl)heptanoic acid",C(=O)(C(C(C(C(C(C(F)(F)F)(F)F)(F)F)(F)F)(C(F)(F)F)F)(F)F)O,12779,705240-04-6,FUGOJSZHPNUCLK-UHFFFAOYSA-N,414.07
"2,2,3,4,4,5,6,6,6-Nonafluoro-3,5-bis(trifluoromethyl)hexanoic acid",C(=O)(C(C(C(C(C(F)(F)F)(C(F)(F)F)F)(F)F)(C(F)(F)F)F)(F)F)O,1346,1144512-35-5,RCVKPKVLBNNSMW-UHFFFAOYSA-N,414.07
"2,2,3,4,5,5,6,6,6-Nonafluoro-3,4-bis(trifluoromethyl)hexanoic acid",C(=O)(C(C(C(C(C(F)(F)F)(F)F)(C(F)(F)F)F)(C(F)(F)F)F)(F)F)O,4424,1882109-81-0,NIYNIRHIBYCSLY-UHFFFAOYSA-N,414.07
"2,2,3,4-Tetramethylpentane",CC(C)C(C)C(C)(C)C,1485,1186-53-4,VZFMYOCAEQDWDY-UHFFFAOYSA-N,128.25
"2,2,3,5,5,5-Hexafluoro-3,4,4-tris(trifluoromethyl)pentanoic acid",C(=O)(C(C(C(C(F)(F)F)(C(F)(F)F)C(F)(F)F)(C(F)(F)F)F)(F)F)O,4418,1882109-75-2,ZOUAOKCYZHRSAC-UHFFFAOYSA-N,414.07
"2,2,3-Trimethylhexane",CCCC(C)C(C)(C)C,3910,16747-25-4,CBVFSZDQEHBJEQ-UHFFFAOYSA-N,128.25
"2,2,3-Trimethylpentane",CCC(C)C(C)(C)C,9965,564-02-3,XTDQDBVBDLYELW-UHFFFAOYSA-N,114.23
"2,2,4,4,5,5,5-Heptafluoro-3-(pentafluoroethyl)-3-(trifluoromethyl)pentanoic acid",C(=O)(C(C(C(C(F)(F)F)(F)F)(C(C(F)(F)F)(F)F)C(F)(F)F)(F)F)O,4410,1882109-67-2,BRACVULZXKBSDR-UHFFFAOYSA-N,414.07
"2,2,4,4,5,5,6,6,6-Nonafluoro-3,3-bis(trifluoromethyl)hexanoic acid",C(=O)(C(C(C(C(C(F)(F)F)(F)F)(F)F)(C(F)(F)F)C(F)(F)F)(F)F)O,4249,1812247-20-3,QTNXQUUMDZPDRJ-UHFFFAOYSA-N,414.07
"2,2,4,4,6,8,8-Heptamethylnonane",CC(CC(C)(C)C)CC(C)(C)CC(C)(C)C,8579,4390-04-9,VCLJODPNBNEBKW-UHFFFAOYSA-N,226.44
"2,2,4,4-Tetramethyl-1,3-cyclobutanediol",CC1(C(C(C1O)(C)C)O)C,6977,3010-96-6,FQXGHZNSUOHCLO-UHFFFAOYSA-N,144.21
"2,2,4,4-Tetramethyl-20-(oxiranylmethyl)-7-oxa-3,20-diazadispiro(5.1.11.2)heneicosan-21-one",CC1(CC2(CC(N1)(C)C)C(=O)N(C3(O2)CCCCCCCCCCC3)CC4CO4)C,14003,78276-66-1,YPKXSQQKOYQHPK-UHFFFAOYSA-N,420.6
"2,2,4,4-Tetramethyloctane",CCCCC(C)(C)CC(C)(C)C,10887,62183-79-3,TYUFTNSABIBNRY-UHFFFAOYSA-N,170.33
"2,2,4,4-Tetramethylpentane",CC(C)(C)CC(C)(C)C,795,1070-87-7,GUMULFRCHLJNDY-UHFFFAOYSA-N,128.25
"2,2,4,4-Tetramethyltetrahydrofuran",CC1(CC(OC1)(C)C)C,7529,3358-28-9,FIDGQQIVMWAIAD-UHFFFAOYSA-N,128.21
"2,2,4,5,5,5-Hexafluoro-3,3,4-tris(trifluoromethyl)pentanoic acid",C(=O)(C(C(C(C(F)(F)F)(C(F)(F)F)F)(C(F)(F)F)C(F)(F)F)(F)F)O,4417,1882109-74-1,FAJNUIJJBSAMFG-UHFFFAOYSA-N,414.07
"2,2,4,6,6-Pentamethylheptane",CC(CC(C)(C)C)CC(C)(C)C,2649,13475-82-6,VKPSKYDESGTTFR-UHFFFAOYSA-N,170.33
"2,2,4-Trimethyl-1,2-dihydroquinoline",CC1=CC(NC2=CC=CC=C12)(C)C,3210,147-47-7,ZNRLMGFXSPUZNR-UHFFFAOYSA-N,173.25
"2,2,4-Trimethyl-1,3-pentanediol",CC(C)C(C(C)(C)CO)O,3112,144-19-4,JCTXKRPTIMZBJT-UHFFFAOYSA-N,146.23
"2,2,4-Trimethyl-1,3-pentanediol diisobutyrate",CC(C)C(C(C)(C)COC(=O)C(C)C)OC(=O)C(C)C,12225,6846-50-0,OMVSWZDEEGIJJI-UHFFFAOYSA-N,286.41
"2,2,4-Trimethyl-1-oxa-4-aza-2-silacyclohexane",CN1CCO[Si](C1)(C)C,274,10196-49-3,GGPLWEZGITVTJX-UHFFFAOYSA-N,145.27
"2,2,4-Trimethyl-1-pentanol",CC(C)CC(C)(C)CO,1920,123-44-4,CWPPDTVYIJETDF-UHFFFAOYSA-N,130.23
"2,2,4-Trimethyl-3-pentanol",CC(C)C(C(C)(C)C)O,9255,5162-48-1,AXINNNJHLJWMTC-UHFFFAOYSA-N,130.23
"2,2,4-Trimethyl-3-pentanone",CC(C)C(=O)C(C)(C)C,10257,5857-36-3,OVCHQRXVZXVQNQ-UHFFFAOYSA-N,128.21
"2,2,4-Trimethylheptane",CCCC(C)CC(C)(C)C,3221,14720-74-2,IIYGOARYARWJBO-UHFFFAOYSA-N,142.28
"2,2,4-Trimethylhexane-1,6-diamine",CC(CCN)CC(C)(C)CN,7346,3236-53-1,JCUZDQXWVYNXHD-UHFFFAOYSA-N,158.28
"2,2,4-Trimethylhexane-1,6-diamine",CC(CCN)CC(C)(C)CN,16241,25513-64-8,JCUZDQXWVYNXHD-UHFFFAOYSA-N,158.28
"2,2,4-Trimethylpent-3-en-1-ol",CC(=CC(C)(C)CO)C,10234,5842-53-5,BIIWBYUXAOCDCC-UHFFFAOYSA-N,128.21
"2,2,4-Trimethylpentane",CC(C)CC(C)(C)C,9600,540-84-1,NHTMVDHEPJAVLT-UHFFFAOYSA-N,114.23
"2,2,4-Trimethylpentane-1,3-diyl dibenzoate",CC(C)C(C(C)(C)COC(=O)C1=CC=CC=C1)OC(=O)C2=CC=CC=C2,11928,68052-23-3,FTSXVYQZLNPTCM-UHFFFAOYSA-N,354.4
"2,2,5,5-Tetramethyltetrahydrofuran",CC1(CCC(O1)(C)C)C,3351,15045-43-9,BBLDTXFLAHKYFJ-UHFFFAOYSA-N,128.21
"2,2,5,7,8-Pentamethyl-6-chromanol",CC1=C(C2=C(CCC(O2)(C)C)C(=C1O)C)C,15780,950-99-2,SEBPXHSZHLFWRL-UHFFFAOYSA-N,220.31
"2,2,5-Trimethylhexane",CC(C)CCC(C)(C)C,7705,3522-94-9,HHOSMYBYIHNXNO-UHFFFAOYSA-N,128.25
"2,2,6,6-Tetramethyl-4-piperidinol",CC1(CC(CC(N1)(C)C)O)C,5360,2403-88-5,VDVUCLWJZJHFAV-UHFFFAOYSA-N,157.25
"2,2,6,6-Tetramethyl-4-piperidone",CC1(CC(=O)CC(N1)(C)C)C,14350,826-36-8,JWUXJYZVKZKLTJ-UHFFFAOYSA-N,155.24
"2,2,6,6-Tetramethyl-4-piperidyl methacrylate",CC(=C)C(=O)OC1CC(NC(C1)(C)C)(C)C,7245,31582-45-3,UFLXKQBCEYNCDU-UHFFFAOYSA-N,225.33
"2,2,6,6-Tetramethylheptane",CC(C)(C)CCCC(C)(C)C,8243,40117-45-1,GKNMBVVJQTWDRT-UHFFFAOYSA-N,156.31
"2,2,6,6-Tetramethylheptane-3,5-dione",CC(C)(C)C(=O)CC(=O)C(C)(C)C,1188,1118-71-4,YRAJNWYBUCUFBD-UHFFFAOYSA-N,184.27
"2,2,6,6-Tetramethylpiperidine",CC1(CCCC(N1)(C)C)C,13689,768-66-1,RKMGAJGJIURJSJ-UHFFFAOYSA-N,141.25
"2,2,6-Trimethylcyclohexanone",CC1CCCC(C1=O)(C)C,5364,2408-37-9,ZPVOLGVTNLDBFI-UHFFFAOYSA-N,140.22
"2,2,6-Trimethyldecane",CCCCC(C)CCCC(C)(C)C,10911,62237-97-2,GHVQJGOEZGHZJM-UHFFFAOYSA-N,184.36
"2,2,6-Trimethyloctane",CCC(C)CCCC(C)(C)C,10864,62016-28-8,NBIHFQKVSFKHGH-UHFFFAOYSA-N,156.31
"2,2,7,7-Tetramethyloctane",CC(C)(C)CCCCC(C)(C)C,800,1071-31-4,QZUFNKONEPLWBC-UHFFFAOYSA-N,170.33
"2,2-Bis(2-hydroxy-5-biphenylyl)propane",CC(C)(C1=CC(=C(C=C1)O)C2=CC=CC=C2)C3=CC(=C(C=C3)O)C4=CC=CC=C4,5362,24038-68-4,BKTRENAPTCBBFA-UHFFFAOYSA-N,380.5
"2,2-Bis(2-hydroxyphenyl)propane",CC(C)(C1=CC=CC=C1O)C2=CC=CC=C2O,13551,7559-72-0,MQXNNWDXHFBFEB-UHFFFAOYSA-N,228.29
"2,2-Bis(3-amino-4-hydroxyphenyl)hexafluoropropane",C1=CC(=C(C=C1C(C2=CC(=C(C=C2)O)N)(C(F)(F)F)C(F)(F)F)N)O,14412,83558-87-6,MSTZGVRUOMBULC-UHFFFAOYSA-N,366.26
"2,2-Bis(3-aminophenyl)hexafluoropropane",C1=CC(=CC(=C1)N)C(C2=CC(=CC=C2)N)(C(F)(F)F)C(F)(F)F,8880,47250-53-3,UVUCUHVQYAPMEU-UHFFFAOYSA-N,334.26
"2,2-Bis(4-allyloxyphenyl)propane",CC(C)(C1=CC=C(C=C1)OCC=C)C2=CC=C(C=C2)OCC=C,7976,3739-67-1,SCZZNWQQCGSWSZ-UHFFFAOYSA-N,308.4
"2,2-Bis(4-hydroxy-3,5-dimethylphenyl)propane",CC1=CC(=CC(=C1O)C)C(C)(C)C2=CC(=C(C(=C2)C)O)C,9931,5613-46-7,ODJUOZPKKHIEOZ-UHFFFAOYSA-N,284.4
"2,2-Bis(4-hydroxy-3-isopropylphenyl)propane",CC(C)C1=C(C=CC(=C1)C(C)(C)C2=CC(=C(C=C2)O)C(C)C)O,2109,127-54-8,IJWIRZQYWANBMP-UHFFFAOYSA-N,312.4
"2,2-Bis(4-hydroxy-3-methylphenyl)propane",CC1=C(C=CC(=C1)C(C)(C)C2=CC(=C(C=C2)O)C)O,14055,79-97-0,YMTYZTXUZLQUSF-UHFFFAOYSA-N,256.34
"2,2-Bis(4-hydroxy-3-tert-butylphenyl)propane",CC(C)(C)C1=C(C=CC(=C1)C(C)(C)C2=CC(=C(C=C2)O)C(C)(C)C)O,14054,79-96-9,ZDRSNHRWLQQICP-UHFFFAOYSA-N,340.5
"2,2-Bis(6-hydroxyhexanoyloxymethyl)butyl 6-hydroxyhexanoate",CCC(COC(=O)CCCCCO)(COC(=O)CCCCCO)COC(=O)CCCCCO,9724,54735-63-6,MLBNINYKQXLHLB-UHFFFAOYSA-N,476.6
"2,2-Bis(bromomethyl)-1,3-propanediol",C(C(CO)(CBr)CBr)O,7436,3296-90-0,CHUGKEQJSLOLHL-UHFFFAOYSA-N,261.94
"2,2-Bis(hydroxymethyl)butanoic acid",CCC(CO)(CO)C(=O)O,145,10097-02-6,JVYDLYGCSIHCMR-UHFFFAOYSA-N,148.16
"2,2-Bis(hydroxymethyl)propionic acid",CC(CO)(CO)C(=O)O,8904,4767-03-7,PTBDIHRZYDMNKB-UHFFFAOYSA-N,134.13
"2,2-Bis(tert-butylperoxy)butane",CCC(C)(OOC(C)(C)C)OOC(C)(C)C,4993,2167-23-9,HQOVXPHOJANJBR-UHFFFAOYSA-N,234.33
"2,2-Bis[(4-trimethylsiloxy)phenyl]propane",CC(C)(C1=CC=C(C=C1)O[Si](C)(C)C)C2=CC=C(C=C2)O[Si](C)(C)C,8576,4387-16-0,QLAHMUJINXIWJF-UHFFFAOYSA-N,372.6
"2,2-Bis[4-(4-aminophenoxy)phenyl]propane",CC(C)(C1=CC=C(C=C1)OC2=CC=C(C=C2)N)C3=CC=C(C=C3)OC4=CC=C(C=C4)N,2263,13080-86-9,KMKWGXGSGPYISJ-UHFFFAOYSA-N,410.5
"2,2-Bis[4-(benzoyloxy)phenyl]propane",CC(C)(C1=CC=C(C=C1)OC(=O)C2=CC=CC=C2)C3=CC=C(C=C3)OC(=O)C4=CC=CC=C4,5205,2297-14-5,XOWBJNIJFIUJJT-UHFFFAOYSA-N,436.5
"2,2-Di(2-tetrahydrofuryl)propane",CC(C)(C1CCCO1)C2CCCO2,14949,89686-69-1,FZLHAQMQWDDWFI-UHFFFAOYSA-N,184.27
"2,2-Di(cyclopenten-1-yloxy)ethyl 2-methylprop-2-enoate",CC(=C)C(=O)OCC(OC1=CCCC1)OC2=CCCC2,12343,68586-19-6,JMIZWXDKTUGEES-UHFFFAOYSA-N,278.34
"2,2-Di(tert-amylperoxy)butane",CCC(C)(C)OOC(C)(CC)OOC(C)(C)CC,2740,13653-62-8,IVOIHMSMNONJSR-UHFFFAOYSA-N,262.39
"2,2-Dibromo-2-cyanoacetamide",C(#N)C(C(=O)N)(Br)Br,327,10222-01-2,UUIVKBHZENILKB-UHFFFAOYSA-N,241.87
"2,2-Dichloro-1,1,1-trifluoroethane",C(C(F)(F)F)(Cl)Cl,7073,306-83-2,OHMHBGPWCHTMQE-UHFFFAOYSA-N,152.93
"2,2-Dichloropropane",CC(C)(Cl)Cl,10385,594-20-7,ZEOVXNVKXIPWMS-UHFFFAOYSA-N,112.98
"2,2-Dicyclohexylpropane",CC(C)(C1CCCCC1)C2CCCCC2,9743,54934-90-6,CCXLOQVMDTWRSP-UHFFFAOYSA-N,208.38
"2,2-Diethoxyacetophenone",CCOC(C(=O)C1=CC=CC=C1)OCC,10714,6175-45-7,PIZHFBODNLEQBL-UHFFFAOYSA-N,208.25
"2,2-Dihydroxy-1-phenylethanone",C1=CC=C(C=C1)C(=O)C(O)O,6716,28631-86-9,NBIBDIKAOBCFJN-UHFFFAOYSA-N,152.15
"2,2-Dihydroxy-1-phenylethanone",C1=CC=C(C=C1)C(=O)C(O)O,16583,,NBIBDIKAOBCFJN-UHFFFAOYSA-N,152.15
"2,2-Dimethoxy-2-phenylacetophenone",COC(C1=CC=CC=C1)(C(=O)C2=CC=CC=C2)OC,5495,24650-42-8,KWVGIHKZDCUPEU-UHFFFAOYSA-N,256.3
"2,2-Dimethoxypropane",CC(C)(OC)OC,13728,77-76-9,HEWZVZIVELJPQZ-UHFFFAOYSA-N,104.15
"2,2-Dimethyl-1-hexanol",CCCCC(C)(C)CO,5287,2370-13-0,GSSDZVRLQDXOPL-UHFFFAOYSA-N,130.23
"2,2-Dimethyl-1-phenyl-1-propanol",CC(C)(C)C(C1=CC=CC=C1)O,8064,3835-64-1,YBVRFTBNIZWMSK-UHFFFAOYSA-N,164.24
"2,2-Dimethyl-3-(morpholin-4-yl)propanal",CC(C)(CN1CCOCC1)C=O,5276,23588-51-4,KVOOZKISXYTWCJ-UHFFFAOYSA-N,171.24
"2,2-Dimethyl-3-hexanol",CCCC(C(C)(C)C)O,8446,4209-90-9,PFHLGQKVKALLMD-UHFFFAOYSA-N,130.23
"2,2-Dimethyl-3-oxopropyl dodecanoate",CCCCCCCCCCCC(=O)OCC(C)(C)C=O,366,102985-93-3,YRDQAIWXWUHXPQ-UHFFFAOYSA-N,284.4
"2,2-Dimethyl-5-hexen-3-ol",CC(C)(C)C(CC=C)O,4591,19550-89-1,PXYGGMCZALUAQW-UHFFFAOYSA-N,128.21
"2,2-Dimethyl-5-phenyldihydrofuran-3(2H)-one",CC1(C(=O)CC(O1)C2=CC=CC=C2)C,11199,63678-00-2,BPOHJJWGUCBNFI-UHFFFAOYSA-N,190.24
"2,2-Dimethylbutyric acid",CCC(C)(C)C(=O)O,10393,595-37-9,VUAXHMVRKOTJKP-UHFFFAOYSA-N,116.16
"2,2-Dimethylcyclobutan-1-one",CC1(CCC1=O)C,1528,1192-14-9,DOPFCVBSOPCWAQ-UHFFFAOYSA-N,98.14
"2,2-Dimethylglutaric acid",CC(C)(CCC(=O)O)C(=O)O,11955,681-57-2,BTUDGPVTCYNYLK-UHFFFAOYSA-N,160.17
"2,2-Dimethylhexanoic acid",CCCCC(C)(C)C(=O)O,14281,813-72-9,YTTWDTVYXAEAJA-UHFFFAOYSA-N,144.21
"2,2-Dimethylindene, 2,3-dihydro-",CC1(CC2=CC=CC=C2C1)C,4837,20836-11-7,VAMWEVQXIHGFHY-UHFFFAOYSA-N,146.23
"2,2-Dimethyloctane",CCCCCCC(C)(C)C,3612,15869-87-1,GPBUTTSWJNPYJL-UHFFFAOYSA-N,142.28
"2,2-Dimethylpropane-1,3-diyl 2-ethylhexanoate",CCCCC(CC)C(=O)OCC(C)(C)COC(=O)C(CC)CCCC,6693,28510-23-8,GORMSINSWZJIKL-UHFFFAOYSA-N,356.5
"2,2-Dimethylpropane-1,3-diyl cyclohex-4-ene-1,2-dicarboxylate",CC1(COC(=O)C2CC=CCC2C(=O)OC1)C,8321,41026-17-9,ZNLDISJPOBTICN-UHFFFAOYSA-N,238.28
"2,2-Dimethylpropyl phenyl carbonate",CC(C)(C)COC(=O)OC1=CC=CC=C1,2376,13183-19-2,NPZHSLKOUUVCQB-UHFFFAOYSA-N,208.25
"2,2-Dimethylsuccinic acid",CC(C)(CC(=O)O)C(=O)O,10411,597-43-3,GOHPTLYPQCTZSE-UHFFFAOYSA-N,146.14
"2,2-Diphenylpropane",CC(C)(C1=CC=CC=C1)C2=CC=CC=C2,13856,778-22-3,MILSYCKGLDDVLM-UHFFFAOYSA-N,196.29
"2,3',4',5'-Tetrabromodiphenyl ether",C1=CC=C(C(=C1)OC2=CC(=C(C(=C2)Br)Br)Br)Br,8638,446254-43-9,NCSWBJSFVPJPPK-UHFFFAOYSA-N,485.79
"2,3',4',5'-Tetrachlorobiphenyl",C1=CC=C(C(=C1)C2=CC(=C(C(=C2)Cl)Cl)Cl)Cl,12763,70362-48-0,QILUYCYPNYWMIL-UHFFFAOYSA-N,292
"2,3',4',5,5'-Pentachlorobiphenyl",C1=CC(=C(C=C1Cl)C2=CC(=C(C(=C2)Cl)Cl)Cl)Cl,12768,70424-70-3,PIVBPZFQXKMHBD-UHFFFAOYSA-N,326.4
"2,3',4',5-Tetrabromodiphenyl ether",C1=CC(=C(C=C1OC2=C(C=CC(=C2)Br)Br)Br)Br,8634,446254-39-3,GHQMTYWQVJZWAR-UHFFFAOYSA-N,485.79
"2,3',4',5-Tetrachlorobiphenyl",C1=CC(=C(C=C1C2=C(C=CC(=C2)Cl)Cl)Cl)Cl,7379,32598-11-1,KENZYIHFBRWMOD-UHFFFAOYSA-N,292
"2,3',4',6-Tetrabromodiphenyl ether",C1=CC(=C(C(=C1)Br)OC2=CC(=C(C=C2)Br)Br)Br,4454,189084-62-6,COPAGYRSCJVION-UHFFFAOYSA-N,485.79
"2,3',4',6-Tetrachlorobiphenyl",C1=CC(=C(C(=C1)Cl)C2=CC(=C(C=C2)Cl)Cl)Cl,8373,41464-46-4,WYVBETQIUHPLFO-UHFFFAOYSA-N,292
"2,3',4,4',5-Pentachlorobiphenyl",C1=CC(=C(C=C1C2=CC(=C(C=C2Cl)Cl)Cl)Cl)Cl,7236,31508-00-6,IUTPYMGCWINGEY-UHFFFAOYSA-N,326.4
"2,3',4,4',6-Pentachlorobiphenyl",C1=CC(=C(C=C1C2=C(C=C(C=C2Cl)Cl)Cl)Cl)Cl,9989,56558-17-9,OAEQTHQGPZKTQP-UHFFFAOYSA-N,326.4
"2,3',4,4'-Tetrabromodiphenyl ether",C1=CC(=C(C=C1OC2=C(C=C(C=C2)Br)Br)Br)Br,4453,189084-61-5,DHUMTYRHKMCVAG-UHFFFAOYSA-N,485.79
"2,3',4,4'-Tetrachlorobiphenyl",C1=CC(=C(C=C1C2=C(C=C(C=C2)Cl)Cl)Cl)Cl,7378,32598-10-0,RKLLTEAEZIJBAU-UHFFFAOYSA-N,292
"2,3',4,5'-Tetrabromodiphenyl ether",C1=CC(=C(C=C1Br)Br)OC2=CC(=CC(=C2)Br)Br,8633,446254-38-2,UFWGRLCUOLLWAO-UHFFFAOYSA-N,485.79
"2,3',4,5-Tetrabromodiphenyl ether",C1=CC(=CC(=C1)Br)OC2=CC(=C(C=C2Br)Br)Br,8632,446254-37-1,OARGWSONVLGXQA-UHFFFAOYSA-N,485.79
"2,3',4,6-Tetrabromodiphenyl ether",C1=CC(=CC(=C1)Br)OC2=C(C=C(C=C2Br)Br)Br,7400,327185-09-1,NHZNRCYNZJADTG-UHFFFAOYSA-N,485.79
"2,3',4,6-Tetrachlorobiphenyl",C1=CC(=CC(=C1)Cl)C2=C(C=C(C=C2Cl)Cl)Cl,10498,60233-24-1,CKUBKYSLNCKBOI-UHFFFAOYSA-N,292
"2,3',4-Trichlorobiphenyl",C1=CC(=CC(=C1)Cl)C2=C(C=C(C=C2)Cl)Cl,9867,55712-37-3,XBBZAULFUPBZSP-UHFFFAOYSA-N,257.5
"2,3',5',6-Tetrabromodiphenyl ether",C1=CC(=C(C(=C1)Br)OC2=CC(=CC(=C2)Br)Br)Br,8636,446254-41-7,WQFLVWXBCRJAQN-UHFFFAOYSA-N,485.79
"2,3',5'-Tribromodiphenyl ether",C1=CC=C(C(=C1)OC2=CC(=CC(=C2)Br)Br)Br,8612,446254-17-7,XMNXHCHZIPYCNA-UHFFFAOYSA-N,406.89
"2,3',5'-Trichlorobiphenyl",C1=CC=C(C(=C1)C2=CC(=CC(=C2)Cl)Cl)Cl,8015,37680-68-5,GXVMAQACUOSFJF-UHFFFAOYSA-N,257.5
"2,3',5,5'-Tetrabromodiphenyl ether",C1=CC(=C(C=C1Br)OC2=CC(=CC(=C2)Br)Br)Br,8635,446254-40-6,GBBNZKQTOOZGIS-UHFFFAOYSA-N,485.79
"2,3',5-Trichlorobiphenyl",C1=CC(=CC(=C1)Cl)C2=C(C=CC(=C2)Cl)Cl,8085,38444-81-4,ONNCPBRWFSKDMQ-UHFFFAOYSA-N,257.5
"2,3',6-Trichlorobiphenyl",C1=CC(=CC(=C1)Cl)C2=C(C=CC=C2Cl)Cl,8082,38444-76-7,VQOFJPFYTCHPTR-UHFFFAOYSA-N,257.5
"2,3'-Dibromodiphenyl ether",C1=CC=C(C(=C1)OC2=CC(=CC=C2)Br)Br,3223,147217-72-9,GODQTPRKFHOLPH-UHFFFAOYSA-N,328
"2,3'-Dichlorobiphenyl",C1=CC=C(C(=C1)C2=CC(=CC=C2)Cl)Cl,5909,25569-80-6,ZHBBDTRJIVXKEX-UHFFFAOYSA-N,223.09
"2,3,3',4',5,6-Hexachlorobiphenyl",C1=CC(=C(C=C1C2=C(C(=CC(=C2Cl)Cl)Cl)Cl)Cl)Cl,13368,74472-44-9,ZAGRQXMWMRUYRB-UHFFFAOYSA-N,360.9
"2,3,3',4',5-Pentachlorobiphenyl",C1=CC(=C(C=C1C2=C(C(=CC(=C2)Cl)Cl)Cl)Cl)Cl,12767,70424-68-9,PVYBHVJTMRRXLG-UHFFFAOYSA-N,326.4
"2,3,3',4',6-Pentachlorobiphenyl",C1=CC(=C(C=C1C2=C(C=CC(=C2Cl)Cl)Cl)Cl)Cl,8068,38380-03-9,ARXHIJMGSIYYRZ-UHFFFAOYSA-N,326.4
"2,3,3',4'-Tetrabromobiphenyl",C1=CC(=C(C(=C1)Br)Br)C2=CC(=C(C=C2)Br)Br,8241,40088-45-7,GEASNODZMCZDOU-UHFFFAOYSA-N,469.79
"2,3,3',4'-Tetrabromodiphenyl ether",C1=CC(=C(C(=C1)Br)Br)OC2=CC(=C(C=C2)Br)Br,8623,446254-28-0,NFOIVCGFYJIYIB-UHFFFAOYSA-N,485.79
"2,3,3',4'-Tetrachlorobiphenyl",C1=CC(=C(C(=C1)Cl)Cl)C2=CC(=C(C=C2)Cl)Cl,8372,41464-43-1,UNCGJRRROFURDV-UHFFFAOYSA-N,292
"2,3,3',4,4',5'-Hexachlorobiphenyl",C1=CC(=C(C(=C1C2=CC(=C(C(=C2)Cl)Cl)Cl)Cl)Cl)Cl,12676,69782-90-7,YTWXDQVNPCIEOX-UHFFFAOYSA-N,360.9
"2,3,3',4,4',5,5',6-Octachlorobiphenyl",C1=C(C=C(C(=C1Cl)Cl)Cl)C2=C(C(=C(C(=C2Cl)Cl)Cl)Cl)Cl,13371,74472-53-0,VXXBCDUYUQKWCK-UHFFFAOYSA-N,429.8
"2,3,3',4,4',5,6-Heptachlorobiphenyl",C1=CC(=C(C=C1C2=C(C(=C(C(=C2Cl)Cl)Cl)Cl)Cl)Cl)Cl,8353,41411-64-7,TYEDCFVCFDKSBK-UHFFFAOYSA-N,395.3
"2,3,3',4,4',5-Hexachlorobiphenyl",C1=CC(=C(C=C1C2=CC(=C(C(=C2Cl)Cl)Cl)Cl)Cl)Cl,8072,38380-08-4,LCXMEXLGMKFLQO-UHFFFAOYSA-N,360.9
"2,3,3',4,4',6-Hexachlorobiphenyl",C1=CC(=C(C=C1C2=C(C(=C(C=C2Cl)Cl)Cl)Cl)Cl)Cl,13367,74472-42-7,ZQUPQXINXTWCQR-UHFFFAOYSA-N,360.9
"2,3,3',4,4'-Pentachlorobiphenyl",C1=CC(=C(C=C1C2=C(C(=C(C=C2)Cl)Cl)Cl)Cl)Cl,7381,32598-14-4,WIDHRBRBACOVOY-UHFFFAOYSA-N,326.4
"2,3,3',4,5,5',6-Heptachlorobiphenyl",C1=C(C=C(C=C1Cl)Cl)C2=C(C(=C(C(=C2Cl)Cl)Cl)Cl)Cl,13369,74472-51-8,ZUTDUGMNROUBOX-UHFFFAOYSA-N,395.3
"2,3,3',4-Tetrabromodiphenyl ether",C1=CC(=CC(=C1)Br)OC2=C(C(=C(C=C2)Br)Br)Br,8242,40088-47-9,VIHUMJGEWQPWOT-UHFFFAOYSA-N,485.79
"2,3,3',4-Tetrabromodiphenyl ether",C1=CC(=CC(=C1)Br)OC2=C(C(=C(C=C2)Br)Br)Br,8622,446254-27-9,VIHUMJGEWQPWOT-UHFFFAOYSA-N,485.79
"2,3,3',4-Tetrachlorobiphenyl",C1=CC(=CC(=C1)Cl)C2=C(C(=C(C=C2)Cl)Cl)Cl,13267,74338-24-2,ZKGSEEWIVLAUNH-UHFFFAOYSA-N,292
"2,3,3',5'-Tetrabromodiphenyl ether",C1=CC(=C(C(=C1)Br)Br)OC2=CC(=CC(=C2)Br)Br,8624,446254-29-1,SWOYBZHGPZIRHS-UHFFFAOYSA-N,485.79
"2,3,3',5,6-Pentachlorobiphenyl",C1=CC(=CC(=C1)Cl)C2=C(C(=CC(=C2Cl)Cl)Cl)Cl,13364,74472-36-9,NTKSJAPQYKCFPP-UHFFFAOYSA-N,326.4
"2,3,3',5-Tetrabromodiphenyl ether",C1=CC(=CC(=C1)Br)OC2=C(C(=CC(=C2)Br)Br)Br,7553,337513-82-3,CSIFWDKYUJLQEB-UHFFFAOYSA-N,485.79
"2,3,3',6-Tetrabromodiphenyl ether",C1=CC(=CC(=C1)Br)OC2=C(C=CC(=C2Br)Br)Br,8625,446254-30-4,DMAMJZQQOWYEHT-UHFFFAOYSA-N,485.79
"2,3,3,3-Tetrafluoro-2-(heptafluoropropoxy)propanoic acid",C(=O)(C(C(F)(F)F)(OC(C(C(F)(F)F)(F)F)(F)F)F)O,2451,13252-13-6,CSEBNABAWMZWIF-UHFFFAOYSA-N,330.05
"2,3,3,3-Tetrafluoropropene",C=C(C(F)(F)F)F,13532,754-12-1,FXRLMCRCYDHQFW-UHFFFAOYSA-N,114.04
"2,3,3,4,4,4-Hexafluoro-2-[1,1,1,3,3,3-hexafluoro-2-(trifluoromethyl)propan-2-yl]butanoic acid",C(=O)(C(C(C(F)(F)F)(C(F)(F)F)C(F)(F)F)(C(C(F)(F)F)(F)F)F)O,4403,1882109-60-5,LEVVSRBRUBTUPV-UHFFFAOYSA-N,414.07
"2,3,3,4,4,5,5,5-Octafluoro-2-(1,1,1,2,3,3,3-heptafluoropropan-2-yl)pentanoic acid",C(=O)(C(C(C(F)(F)F)(C(F)(F)F)F)(C(C(C(F)(F)F)(F)F)(F)F)F)O,4419,1882109-76-3,FGXQAZCGBWVETF-UHFFFAOYSA-N,414.07
"2,3,3,4,4,5,5,5-Octafluoro-2-(heptafluoropropyl)pentanoic acid",C(=O)(C(C(C(C(F)(F)F)(F)F)(F)F)(C(C(C(F)(F)F)(F)F)(F)F)F)O,4420,1882109-77-4,KLIYVROPYNNGCN-UHFFFAOYSA-N,414.07
"2,3,3,4,4,5,5,6,6,6-Decafluoro-2-(pentafluoroethyl)hexanoic acid",C(=O)(C(C(C(C(C(F)(F)F)(F)F)(F)F)(F)F)(C(C(F)(F)F)(F)F)F)O,7744,35605-76-6,NJLCWERAEIXEIB-UHFFFAOYSA-N,414.07
"2,3,3,4,4,5,5,6,6,7,7,7-Dodecafluoro-2-(trifluoromethyl)heptanoic acid",C(=O)(C(C(C(C(C(C(F)(F)F)(F)F)(F)F)(F)F)(F)F)(C(F)(F)F)F)O,4818,207678-51-1,DHELITDTJHABDT-UHFFFAOYSA-N,414.07
"2,3,3,4,4,5,5-Heptafluoro-1-pentene",C=C(C(C(C(F)F)(F)F)(F)F)F,3462,1547-26-8,ZHKVUSSHABANQG-UHFFFAOYSA-N,196.07
"2,3,3,4,4,5,6,6,6-Nonafluoro-2,5-bis(trifluoromethyl)hexanoic acid",C(=O)(C(C(C(C(C(F)(F)F)(C(F)(F)F)F)(F)F)(F)F)(C(F)(F)F)F)O,4423,1882109-80-9,XYSKFGIOQNTGLA-UHFFFAOYSA-N,414.07
"2,3,3,4,5,5,5-Heptafluoro-2-(pentafluoroethyl)-4-(trifluoromethyl)pentanoic acid",C(=O)(C(C(C(C(F)(F)F)(C(F)(F)F)F)(F)F)(C(C(F)(F)F)(F)F)F)O,4408,1882109-65-0,RPJPRDHJIVARDS-UHFFFAOYSA-N,414.07
"2,3,3,4,5,5,6,6,6-Nonafluoro-2,4-bis(trifluoromethyl)hexanoic acid",C(=O)(C(C(C(C(C(F)(F)F)(F)F)(C(F)(F)F)F)(F)F)(C(F)(F)F)F)O,4248,1812247-19-0,XATJWKOXFKNUBI-UHFFFAOYSA-N,414.07
"2,3,3,5,5,5-Hexafluoro-2,4,4-tris(trifluoromethyl)pentanoic acid",C(=O)(C(C(C(C(F)(F)F)(C(F)(F)F)C(F)(F)F)(F)F)(C(F)(F)F)F)O,4416,1882109-73-0,XREGJQQQMQWWNN-UHFFFAOYSA-N,414.07
"2,3,3-Trifluoro-2-oxiranecarbonyl fluoride",C(=O)(C1(C(O1)(F)F)F)F,5441,24419-82-7,SMRIHEXLECXGRS-UHFFFAOYSA-N,144.02
"2,3,3-Trimethylpentane",CCC(C)(C)C(C)C,9920,560-21-4,OKVWYBALHQFVFP-UHFFFAOYSA-N,114.23
"2,3,3-Tris[(36Cl)chloro]prop-2-enoic acid",C(=C([36Cl])[36Cl])(C(=O)O)[36Cl],4445,18901-22-9,WMUBNWIGNSIRDH-VMGGCIAMSA-N,176.94
"2,3,4',5-Tetrabromodiphenyl ether",C1=CC(=CC=C1OC2=C(C(=CC(=C2)Br)Br)Br)Br,8629,446254-34-8,HNICYXFGCWPYGC-UHFFFAOYSA-N,485.79
"2,3,4',5-Tetrachlorobiphenyl",C1=CC(=CC=C1C2=C(C(=CC(=C2)Cl)Cl)Cl)Cl,13363,74472-34-7,CITMYAMXIZQCJD-UHFFFAOYSA-N,292
"2,3,4',6-Tetrabromodiphenyl ether",C1=CC(=CC=C1OC2=C(C=CC(=C2Br)Br)Br)Br,8630,446254-35-9,LDCXVFJUWKKBNY-UHFFFAOYSA-N,485.79
"2,3,4',6-Tetrachlorobiphenyl",C1=CC(=CC=C1C2=C(C=CC(=C2Cl)Cl)Cl)Cl,9401,52663-58-8,FXRXQYZZALWWGA-UHFFFAOYSA-N,292
"2,3,4'-Tribromodiphenyl ether",C1=CC(=C(C(=C1)Br)Br)OC2=CC=C(C=C2)Br,8610,446254-15-5,WZHNIFQVNBINLF-UHFFFAOYSA-N,406.89
"2,3,4'-Trichlorobiphenyl",C1=CC(=C(C(=C1)Cl)Cl)C2=CC=C(C=C2)Cl,8086,38444-85-8,ZMHWQAHZKUPENF-UHFFFAOYSA-N,257.5
"2,3,4,4',5-Pentachlorobiphenyl",C1=CC(=CC=C1C2=CC(=C(C(=C2Cl)Cl)Cl)Cl)Cl,13365,74472-37-0,SXZSFWHOSHAKMN-UHFFFAOYSA-N,326.4
"2,3,4,4'-Tetrabromodiphenyl ether",C1=CC(=CC=C1OC2=C(C(=C(C=C2)Br)Br)Br)Br,8626,446254-31-5,ARERIMFZYPFJAV-UHFFFAOYSA-N,485.79
"2,3,4,4'-Tetrachlorobiphenyl",C1=CC(=CC=C1C2=C(C(=C(C=C2)Cl)Cl)Cl)Cl,7448,33025-41-1,XLDBTRJKXLKYTC-UHFFFAOYSA-N,292
"2,3,4,4,4-Pentafluoro-2-(1,1,1,2,3,3,3-heptafluoropropan-2-yl)-3-(trifluoromethyl)butanoic acid",C(=O)(C(C(C(F)(F)F)(C(F)(F)F)F)(C(C(F)(F)F)(C(F)(F)F)F)F)O,4404,1882109-61-6,GFNPDTZZIUOUQV-UHFFFAOYSA-N,414.07
"2,3,4,4,5,5,5-Heptafluoro-2-(pentafluoroethyl)-3-(trifluoromethyl)pentanoic acid",C(=O)(C(C(C(C(F)(F)F)(F)F)(C(F)(F)F)F)(C(C(F)(F)F)(F)F)F)O,4407,1882109-64-9,HRVVLSKWJWJIBO-UHFFFAOYSA-N,414.07
"2,3,4,4,5,5,5-Heptafluoro-3-(pentafluoroethyl)-2-(trifluoromethyl)pentanoic acid",C(=O)(C(C(C(C(F)(F)F)(F)F)(C(C(F)(F)F)(F)F)F)(C(F)(F)F)F)O,4409,1882109-66-1,ACAHRYLWSNWTFN-UHFFFAOYSA-N,414.07
"2,3,4,4,5,5,6,6,6-Nonafluoro-2,3-bis(trifluoromethyl)hexanoic acid",C(=O)(C(C(C(C(C(F)(F)F)(F)F)(F)F)(C(F)(F)F)F)(C(F)(F)F)F)O,4247,1812247-18-9,IKYRNTJITFLYOS-UHFFFAOYSA-N,414.07
"2,3,4,5,5,5-Hexafluoro-2,3,4-tris(trifluoromethyl)pentanoic acid",C(=O)(C(C(C(C(F)(F)F)(C(F)(F)F)F)(C(F)(F)F)F)(C(F)(F)F)F)O,4415,1882109-72-9,CSDNZCNEOLXCQF-UHFFFAOYSA-N,414.07
"2,3,4,5,6-Pentabromotoluene",CC1=C(C(=C(C(=C1Br)Br)Br)Br)Br,14793,87-83-2,OZHJEQVYCBTHJT-UHFFFAOYSA-N,486.62
"2,3,4,5-Tetrabromodiphenyl ether",C1=CC=C(C=C1)OC2=CC(=C(C(=C2Br)Br)Br)Br,8627,446254-32-6,NDRSXNBQWAOQPP-UHFFFAOYSA-N,485.79
"2,3,4,5-Tetrabromophenol",C1=C(C(=C(C(=C1Br)Br)Br)Br)O,7816,36313-15-2,KXZRECGEDVBJPM-UHFFFAOYSA-N,409.69
"2,3,4,6,7,8-Hexachlorodibenzofuran",C1=C2C3=CC(=C(C(=C3OC2=C(C(=C1Cl)Cl)Cl)Cl)Cl)Cl,10559,60851-34-5,XTAHLACQOVXINQ-UHFFFAOYSA-N,374.9
"2,3,4,6-Tetrabromodiphenyl ether",C1=CC=C(C=C1)OC2=C(C(=C(C=C2Br)Br)Br)Br,8628,446254-33-7,YIQYWYZZLOZVRM-UHFFFAOYSA-N,485.79
"2,3,4,6-Tetrabromophenol",C1=C(C(=C(C(=C1Br)Br)Br)O)Br,3119,14400-94-3,CXPJZISGVIVNEL-UHFFFAOYSA-N,409.69
"2,3,4,6-Tetrachloroanisole",COC1=C(C(=C(C=C1Cl)Cl)Cl)Cl,15622,938-22-7,ITXDBGLYYSJNPK-UHFFFAOYSA-N,245.9
"2,3,4,6-Tetrachlorophenol",C1=C(C(=C(C(=C1Cl)Cl)Cl)O)Cl,10180,58-90-2,VGVRPFIJEJYOFN-UHFFFAOYSA-N,231.9
"2,3,4,7,8-Pentachlorodibenzofuran",C1=C2C3=CC(=C(C(=C3OC2=CC(=C1Cl)Cl)Cl)Cl)Cl,10070,57117-31-4,OGBQILNBLMPPDP-UHFFFAOYSA-N,340.4
"2,3,4-Tribromobiphenyl",C1=CC=C(C=C1)C2=C(C(=C(C=C2)Br)Br)Br,9178,51202-79-0,MKDZJIHLRSIZOV-UHFFFAOYSA-N,390.9
"2,3,4-Tribromodiphenyl ether",C1=CC=C(C=C1)OC2=C(C(=C(C=C2)Br)Br)Br,7548,337513-67-4,RXWRVYYPLRPDOS-UHFFFAOYSA-N,406.89
"2,3,4-Trichlorobiphenyl",C1=CC=C(C=C1)C2=C(C(=C(C=C2)Cl)Cl)Cl,9866,55702-46-0,IUYHQGMDSZOPDZ-UHFFFAOYSA-N,257.5
"2,3,4-Trichloronitrobenzene",C1=CC(=C(C(=C1[N+](=O)[O-])Cl)Cl)Cl,4168,17700-09-3,BGKIECJVXXHLDP-UHFFFAOYSA-N,226.4
"2,3,4-Trimethylhexane",CCC(C)C(C)C(C)C,15477,921-47-1,RUTNOQHQISEBGT-UHFFFAOYSA-N,128.25
"2,3,4-Trimethylpentane",CC(C)C(C)C(C)C,9977,565-75-3,RLPGDEORIPLBNF-UHFFFAOYSA-N,114.23
"2,3,5,6-Tetrabromo-p-xylene",CC1=C(C(=C(C(=C1Br)Br)C)Br)Br,5264,23488-38-2,RXKOKVQKECXYOT-UHFFFAOYSA-N,421.75
"2,3,5,6-Tetrabromodiphenyl ether",C1=CC=C(C=C1)OC2=C(C(=CC(=C2Br)Br)Br)Br,8631,446254-36-0,HPEUYVBOPJQVPN-UHFFFAOYSA-N,485.79
"2,3,5,6-Tetrachloro-4-(methylsulfinyl) pyridine",CS(=O)C1=C(C(=NC(=C1Cl)Cl)Cl)Cl,515,10419-97-3,LLIGYFMMLRXXKF-UHFFFAOYSA-N,279
"2,3,5,6-Tetrachloro-4-(methylsulfonyl)pyridine",CS(=O)(=O)C1=C(C(=NC(=C1Cl)Cl)Cl)Cl,2302,13108-52-6,NMCCNOZOBBWFMN-UHFFFAOYSA-N,295
"2,3,5,6-Tetrachloroaniline",C1=C(C(=C(C(=C1Cl)Cl)N)Cl)Cl,7661,3481-20-7,YTDHEFNWWHSXSU-UHFFFAOYSA-N,230.9
"2,3,5,6-Tetrachlorobiphenyl",C1=CC=C(C=C1)C2=C(C(=CC(=C2Cl)Cl)Cl)Cl,7477,33284-54-7,BLAYIQLVUNIICD-UHFFFAOYSA-N,292
"2,3,5,8-Tetramethyldecane",CCC(C)CCC(C)CC(C)C(C)C,4532,192823-15-7,XTIADNINQBIUNR-UHFFFAOYSA-N,198.39
"2,3,5-Tribromodiphenyl ether",C1=CC=C(C=C1)OC2=C(C(=CC(=C2)Br)Br)Br,8611,446254-16-6,XQHLKDAUZRXBGC-UHFFFAOYSA-N,406.89
"2,3,5-Trimethylphenanthrene",CC1=C2C(=CC=C1)C=CC3=C2C=C(C(=C3)C)C,7881,3674-73-5,PIRFDOCDTWKNTM-UHFFFAOYSA-N,220.31
"2,3,5-Trithiahexane",CSCSSC,8486,42474-44-2,MYIOBINSHMEDEY-UHFFFAOYSA-N,140.3
"2,3,6,7-Tetramethyloctane",CC(C)C(C)CCC(C)C(C)C,9422,52670-34-5,FZCGYGCYZRXLDY-UHFFFAOYSA-N,170.33
"2,3,6-Tribromodiphenyl ether",C1=CC=C(C=C1)OC2=C(C=CC(=C2Br)Br)Br,5019,218304-36-0,GFLRHBRMAZDOIG-UHFFFAOYSA-N,406.89
"2,3,6-Tribromophenol",C1=CC(=C(C(=C1Br)O)Br)Br,6638,28165-57-3,VCNCNAPAHSSWCI-UHFFFAOYSA-N,330.8
"2,3,6-Trichlorobiphenyl",C1=CC=C(C=C1)C2=C(C=CC(=C2Cl)Cl)Cl,9865,55702-45-9,LVROLHVSYNLFBE-UHFFFAOYSA-N,257.5
"2,3,6-Trichlorotoluene",CC1=C(C=CC(=C1Cl)Cl)Cl,4821,2077-46-5,UZYYBZNZSSNYSA-UHFFFAOYSA-N,195.5
"2,3,6-Trimethoxy-beta-nitrostyrene",COC1=C(C(=C(C=C1)OC)OC)/C=C/[N+](=O)[O-],6408,27022-45-3,IMGIPZDSMOTNBB-VOTSOKGWSA-N,239.22
"2,3,6-Trimethylhept-6-en-1-ol",CC(CCC(=C)C)C(C)CO,17897,,ZIMJLDKGWMVWFU-UHFFFAOYSA-N,156.26
"2,3,6-Trimethylheptane",CC(C)CCC(C)C(C)C,8255,4032-93-3,IHPXJGBVRWFEJB-UHFFFAOYSA-N,142.28
"2,3,6-Trimethylnaphthalene",CC1=CC2=C(C=C1)C=C(C(=C2)C)C,14367,829-26-5,UNBZRJCHIWTUHB-UHFFFAOYSA-N,170.25
"2,3,6-Trimethylphenol",CC1=C(C(=C(C=C1)C)O)C,5375,2416-94-6,QQOMQLYQAXGHSU-UHFFFAOYSA-N,136.19
"2,3,6-Trimethylpyridine",CC1=C(N=C(C=C1)C)C,3184,1462-84-6,UTBIMNXEDGNJFE-UHFFFAOYSA-N,121.18
"2,3,7,8-Tetrabromodibenzo-P-dioxin",C1=C2C(=CC(=C1Br)Br)OC3=CC(=C(C=C3O2)Br)Br,9086,50585-41-6,JZLQUWSWOJPCAK-UHFFFAOYSA-N,499.77
"2,3,7,8-Tetrabromodibenzofuran",C1=C2C3=CC(=C(C=C3OC2=CC(=C1Br)Br)Br)Br,11802,67733-57-7,HCSRVQXNLHZQNM-UHFFFAOYSA-N,483.77
"2,3,7,8-Tetrachlorodibenzo-P-dioxin",C1=C2C(=CC(=C1Cl)Cl)OC3=CC(=C(C=C3O2)Cl)Cl,4114,1746-01-6,HGUFODBRKLSHSI-UHFFFAOYSA-N,322
"2,3,7,8-Tetrachlorodibenzofuran",C1=C2C3=CC(=C(C=C3OC2=CC(=C1Cl)Cl)Cl)Cl,9180,51207-31-9,KSMVNVHUTQZITP-UHFFFAOYSA-N,306
"2,3,7-Trimethyldecane",CCCC(C)CCCC(C)C(C)C,10912,62238-13-5,HTTBAQLJKLJCSR-UHFFFAOYSA-N,184.36
"2,3,7-Trimethyloctane",CC(C)CCCC(C)C(C)C,10865,62016-34-6,XJKKSYAVEVAGFX-UHFFFAOYSA-N,156.31
"2,3,8-Trimethyldecane",CCC(C)CCCCC(C)C(C)C,10913,62238-14-6,DXHBSDCNOWJBQW-UHFFFAOYSA-N,184.36
"2,3-Benzofluorene",C1C2=CC=CC=C2C3=CC4=CC=CC=C4C=C31,5413,243-17-4,HAPOJKSPCGLOOD-UHFFFAOYSA-N,216.28
"2,3-Bis((2-mercaptoethyl)thio)-1-propanethiol",C(CSCC(CS)SCCS)S,2348,131538-00-6,CEUQYYYUSUCFKP-UHFFFAOYSA-N,260.5
"2,3-Butanediol",CC(C(C)O)O,9211,513-85-9,OWBTYPJTUOEWEK-UHFFFAOYSA-N,90.12
"2,3-Butanedione",CC(=O)C(=O)C,8544,431-03-8,QSJXEFYPDANLFS-UHFFFAOYSA-N,86.09
"2,3-Di(propan-2-yl)naphthalene-1-sulfonic acid",CC(C)C1=CC2=CC=CC=C2C(=C1C(C)C)S(=O)(=O)O,2415,1322-93-6,LWEAHXKXKDCSIE-UHFFFAOYSA-N,292.4
"2,3-DI-Tert-butylphenol",CC(C)(C)C1=C(C(=CC=C1)O)C(C)(C)C,6326,26746-38-3,SKDGWNHUETZZCS-UHFFFAOYSA-N,206.32
"2,3-Dibenzyltoluene",CC1=C(C(=CC=C1)CC2=CC=CC=C2)CC3=CC=CC=C3,6377,26898-17-9,PKQYSCBUFZOAPE-UHFFFAOYSA-N,272.4
"2,3-Dibromobiphenyl",C1=CC=C(C=C1)C2=C(C(=CC=C2)Br)Br,6515,27479-65-8,ODVMOIOUMCXTPS-UHFFFAOYSA-N,312
"2,3-Dibromodiphenyl ether",C1=CC=C(C=C1)OC2=C(C(=CC=C2)Br)Br,9542,53563-56-7,JTYRXXKXOULVAP-UHFFFAOYSA-N,328
"2,3-Dibromodiphenyl ether",C1=CC=C(C=C1)OC2=C(C(=CC=C2)Br)Br,16128,446254-14-4,JTYRXXKXOULVAP-UHFFFAOYSA-N,328
"2,3-Dibromophenol",C1=CC(=C(C(=C1)Br)Br)O,6694,28514-45-6,FNAKEOXYWBWIRT-UHFFFAOYSA-N,251.9
"2,3-Dibromophenol",C1=CC(=C(C(=C1)Br)Br)O,10103,57383-80-9,FNAKEOXYWBWIRT-UHFFFAOYSA-N,251.9
"2,3-Dibromopropanal",C(C(C=O)Br)Br,9323,5221-17-0,ZMDDOWQHSDJXDW-UHFFFAOYSA-N,215.87
"2,3-Dibutyloxirane",CCCCC1C(O1)CCCC,9496,53248-86-5,WQURFPNPTFZWGE-UHFFFAOYSA-N,156.26
"2,3-Dichloro-1-propene",C=C(CCl)Cl,13977,78-88-6,FALCMQXTWHPRIH-UHFFFAOYSA-N,110.97
"2,3-Dichloroaniline",C1=CC(=C(C(=C1)Cl)Cl)N,10548,608-27-5,BRPSAOUFIJSKOT-UHFFFAOYSA-N,162.01
"2,3-Dichlorobiphenyl",C1=CC=C(C=C1)C2=C(C(=CC=C2)Cl)Cl,3879,16605-91-7,XOMKZKJEJBZBJJ-UHFFFAOYSA-N,223.09
"2,3-Dichlorophenol",C1=CC(=C(C(=C1)Cl)Cl)O,10130,576-24-9,UMPSXRYVXUPCOS-UHFFFAOYSA-N,163
"2,3-Dichlorotoluene",CC1=C(C(=CC=C1)Cl)Cl,7411,32768-54-0,GWLKCPXYBLCEKC-UHFFFAOYSA-N,161.03
"2,3-Difluoro-2,3-bis(trifluoromethyl)oxirane",C1(C(O1)(C(F)(F)F)F)(C(F)(F)F)F,13771,773-29-5,SVENBAIZELMMEQ-UHFFFAOYSA-N,216.03
"2,3-Difluoromandelic acid",C1=CC(=C(C(=C1)F)F)C(C(=O)O)O,4823,207974-19-4,LBJOAPZLJUKPRG-UHFFFAOYSA-N,188.13
"2,3-Dihydrothieno[3,4-b][1,4]dioxine",C1COC2=CSC=C2O1,2071,126213-50-1,GKWLILHTTGWKLQ-UHFFFAOYSA-N,142.18
"2,3-Dihydroxypropyl 12-hydroxyoctadecanoate",CCCCCCC(CCCCCCCCCCC(=O)OCC(CO)O)O,11019,6284-43-1,RVNAQNUKCZKJCP-UHFFFAOYSA-N,374.6
"2,3-Dihydroxypropyl 16-methylheptadecanoate",CC(C)CCCCCCCCCCCCCCC(=O)OCC(CO)O,11649,66085-00-5,ASKIVFGGGGIGKH-UHFFFAOYSA-N,358.6
"2,3-Dihydroxypropyl acetate",CC(=O)OCC(CO)O,661,106-61-6,KMZHZAAOEWVPSE-UHFFFAOYSA-N,134.13
"2,3-Dihydroxypropyl acetate",CC(=O)OCC(CO)O,2523,1335-58-6,KMZHZAAOEWVPSE-UHFFFAOYSA-N,134.13
"2,3-Dihydroxypropyl acetate",CC(=O)OCC(CO)O,6225,26446-35-5,KMZHZAAOEWVPSE-UHFFFAOYSA-N,134.13
"2,3-Dihydroxypropyl acetate",CC(=O)OCC(CO)O,15618,93713-40-7,KMZHZAAOEWVPSE-UHFFFAOYSA-N,134.13
"2,3-Dihydroxypropyl dodecanoate",CCCCCCCCCCCC(=O)OCC(CO)O,3015,142-18-7,ARIWANIATODDMH-UHFFFAOYSA-N,274.4
"2,3-Dihydroxypropyl dodecanoate",CCCCCCCCCCCC(=O)OCC(CO)O,6462,27215-38-9,ARIWANIATODDMH-UHFFFAOYSA-N,274.4
"2,3-Dihydroxypropyl dodecanoate",CCCCCCCCCCCC(=O)OCC(CO)O,17800,,ARIWANIATODDMH-UHFFFAOYSA-N,274.4
"2,3-Dihydroxypropyl hexadecanoate",CCCCCCCCCCCCCCCC(=O)OCC(CO)O,4605,19670-51-0,QHZLMUACJMDIAE-UHFFFAOYSA-N,330.5
"2,3-Dihydroxypropyl hexadecanoate",CCCCCCCCCCCCCCCC(=O)OCC(CO)O,6303,26657-96-5,QHZLMUACJMDIAE-UHFFFAOYSA-N,330.5
"2,3-Dihydroxypropyl hexadecanoate",CCCCCCCCCCCCCCCC(=O)OCC(CO)O,9636,542-44-9,QHZLMUACJMDIAE-UHFFFAOYSA-N,330.5
"2,3-Dihydroxypropyl hexadecanoate",CCCCCCCCCCCCCCCC(=O)OCC(CO)O,16811,,QHZLMUACJMDIAE-UHFFFAOYSA-N,330.5
"2,3-Dihydroxypropyl icosanoate",CCCCCCCCCCCCCCCCCCCC(=O)OCC(CO)O,6996,30208-87-8,UMEKPPOFCOUEDT-UHFFFAOYSA-N,386.6
"2,3-Dihydroxypropyl octanoate",CCCCCCCC(=O)OCC(CO)O,6208,26402-26-6,GHBFNMLVSPCDGN-UHFFFAOYSA-N,218.29
"2,3-Dihydroxypropyl tetradecanoate",CCCCCCCCCCCCCC(=O)OCC(CO)O,6459,27214-38-6,DCBSHORRWZKAKO-UHFFFAOYSA-N,302.4
"2,3-Dihydroxypropyl tetradecanoate",CCCCCCCCCCCCCC(=O)OCC(CO)O,10296,589-68-4,DCBSHORRWZKAKO-UHFFFAOYSA-N,302.4
"2,3-Dihydroxypropyl tetradecanoate",CCCCCCCCCCCCCC(=O)OCC(CO)O,17388,,DCBSHORRWZKAKO-UHFFFAOYSA-N,302.4
"2,3-Dimethyl-1,3-butadiene",CC(=C)C(=C)C,9210,513-81-5,SDJHPPZKZZWAKF-UHFFFAOYSA-N,82.14
"2,3-Dimethyl-2,3-diphenylbutane",CC(C)(C1=CC=CC=C1)C(C)(C)C2=CC=CC=C2,4439,1889-67-4,HGTUJZTUQFXBIH-UHFFFAOYSA-N,238.4
"2,3-Dimethyl-2-(propan-2-yl)butanoic acid",CC(C)C(C)(C(C)C)C(=O)O,5226,23119-04-2,OWEMTCOXFULTNW-UHFFFAOYSA-N,158.24
"2,3-Dimethyl-3-buten-2-ol",CC(=C)C(C)(C)O,534,10473-13-9,AWDLBZUXUNIODN-UHFFFAOYSA-N,100.16
"2,3-Dimethyl-4-phenylazoaniline",CC1=C(C=CC(=C1C)N=NC2=CC=CC=C2)N,7859,36576-23-5,ZYVVPQKFJIHXJE-UHFFFAOYSA-N,225.29
"2,3-Dimethylbenzaldehyde",CC1=C(C(=CC=C1)C=O)C,10153,5779-93-1,UIFVCPMLQXKEEU-UHFFFAOYSA-N,134.17
"2,3-Dimethylbenzaldehyde",CC1=C(C(=CC=C1)C=O)C,17161,,UIFVCPMLQXKEEU-UHFFFAOYSA-N,134.17
"2,3-Dimethylbenzenesulfonic acid",CC1=C(C(=CC=C1)S(=O)(=O)O)C,16237,25321-41-9,ZZXDRXVIRVJQBT-UHFFFAOYSA-N,186.23
"2,3-Dimethylbutan-1-ol",CC(C)C(C)CO,4588,19550-30-2,SXSWMAUXEHKFGX-UHFFFAOYSA-N,102.17
"2,3-Dimethylbutanoic acid",CC(C)C(C)C(=O)O,3061,14287-61-7,XFOASZQZPWEJAA-UHFFFAOYSA-N,116.16
"2,3-Dimethyldecane",CCCCCCCC(C)C(C)C,4060,17312-44-6,ZCTGYLNFWOQVHV-UHFFFAOYSA-N,170.33
"2,3-Dimethylfluorene",CC1=CC2=C(C=C1C)C3=CC=CC=C3C2,8813,4612-63-9,WZKBKKCKPZMGHV-UHFFFAOYSA-N,194.27
"2,3-Dimethylheptane",CCCCC(C)C(C)C,7113,3074-71-3,WBRFDUJXCLCKPX-UHFFFAOYSA-N,128.25
"2,3-Dimethylmaleic anhydride",CC1=C(C(=O)OC1=O)C,13671,766-39-2,MFGALGYVFGDXIX-UHFFFAOYSA-N,126.11
"2,3-Dimethylnaphthalene",CC1=CC2=CC=CC=C2C=C1C,10192,581-40-8,WWGUMAYGTYQSGA-UHFFFAOYSA-N,156.22
"2,3-Dimethyloctane",CCCCCC(C)C(C)C,12917,7146-60-3,YPMNDMUOGQJCLW-UHFFFAOYSA-N,142.28
"2,3-Dimethylphenanthrene",CC1=CC2=C(C=C1C)C3=CC=CC=C3C=C2,7878,3674-65-5,QVRDLHPBZKOROD-UHFFFAOYSA-N,206.28
"2,3-Dimethylphenol",CC1=C(C(=CC=C1)O)C,2192,1300-71-6,QWBBPBRQALCEIZ-UHFFFAOYSA-N,122.16
"2,3-Dimethylphenol",CC1=C(C(=CC=C1)O)C,9387,526-75-0,QWBBPBRQALCEIZ-UHFFFAOYSA-N,122.16
"2,3-Dimethylpyridine",CC1=C(N=CC=C1)C,10215,583-61-9,HPYNZHMRTTWQTB-UHFFFAOYSA-N,107.15
"2,3-Dimethylundecane",CCCCCCCCC(C)C(C)C,4070,17312-77-5,QSSUTSOGIQHRIU-UHFFFAOYSA-N,184.36
"2,3-Naphthalenedicarboxaldehyde",C1=CC=C2C=C(C(=CC2=C1)C=O)C=O,12924,7149-49-7,ZIPLKLQPLOWLTM-UHFFFAOYSA-N,184.19
"2,3-Octanedione",CCCCCC(=O)C(=O)C,10247,585-25-1,XCBBNTFYSLADTO-UHFFFAOYSA-N,142.2
"2,3-Pentanedione",CCC(=O)C(=O)C,10464,600-14-6,TZMFJUDUGYTVRY-UHFFFAOYSA-N,100.12
"2,4',5-Trichlorobiphenyl",C1=CC(=CC=C1C2=C(C=CC(=C2)Cl)Cl)Cl,3880,16606-02-3,VAHKBZSAUKPEOV-UHFFFAOYSA-N,257.5
"2,4',6-Trichlorobiphenyl",C1=CC(=C(C(=C1)Cl)C2=CC=C(C=C2)Cl)Cl,8083,38444-77-8,IHIDFKLAWYPTKB-UHFFFAOYSA-N,257.5
"2,4'-Dibromodiphenyl ether",C1=CC=C(C(=C1)OC2=CC=C(C=C2)Br)Br,3222,147217-71-8,RJQLQJZMLISKRJ-UHFFFAOYSA-N,328
"2,4'-Dichlorobiphenyl",C1=CC=C(C(=C1)C2=CC=C(C=C2)Cl)Cl,7669,34883-43-7,UFNIBRDIUNVOMX-UHFFFAOYSA-N,223.09
"2,4'-Dihydroxydiphenylmethane",C1=CC=C(C(=C1)CC2=CC=C(C=C2)O)O,5501,2467-03-0,LVLNPXCISNPHLE-UHFFFAOYSA-N,200.23
"2,4'-Dimethylbiphenyl",CC1=CC=C(C=C1)C2=CC=CC=C2C,10584,611-61-0,SHMKKPZGLDISGT-UHFFFAOYSA-N,182.26
"2,4'-Methylenedianiline",C1=CC=C(C(=C1)CC2=CC=C(C=C2)N)N,1708,1208-52-2,UTNMPUFESIRPQP-UHFFFAOYSA-N,198.26
"2,4,4',5-Tetrabromodiphenyl ether",C1=CC(=CC=C1OC2=CC(=C(C=C2Br)Br)Br)Br,8637,446254-42-8,LXCFDVVDUVPAGR-UHFFFAOYSA-N,485.79
"2,4,4',5-Tetrachlorobiphenyl",C1=CC(=CC=C1C2=CC(=C(C=C2Cl)Cl)Cl)Cl,7392,32690-93-0,TULCXSBAPHCWCF-UHFFFAOYSA-N,292
"2,4,4',6-Tetrabromodiphenyl ether",C1=CC(=CC=C1OC2=C(C=C(C=C2Br)Br)Br)Br,4455,189084-63-7,BWCNKMFFUGBFGB-UHFFFAOYSA-N,485.79
"2,4,4'-Trichlorobiphenyl",C1=CC(=CC=C1C2=C(C=C(C=C2)Cl)Cl)Cl,12716,7012-37-5,BZTYNSQSZHARAZ-UHFFFAOYSA-N,257.5
"2,4,4'-Trifluorobenzophenone",C1=CC(=CC=C1C(=O)C2=C(C=C(C=C2)F)F)F,14233,80512-44-3,IMMOAYTWCPNYML-UHFFFAOYSA-N,236.19
"2,4,4,5,5,5-Hexafluoro-2,3,3-tris(trifluoromethyl)pentanoic acid",C(=O)(C(C(C(C(F)(F)F)(F)F)(C(F)(F)F)C(F)(F)F)(C(F)(F)F)F)O,4414,1882109-71-8,LMMJTWPCVVCSMX-UHFFFAOYSA-N,414.07
"2,4,4,6-Tetramethyl-1-oxa-3-aza-2-cyclohexene",CC1CC(N=C(O1)C)(C)C,6389,26939-18-4,LZSGJOXDYPFFQB-UHFFFAOYSA-N,141.21
"2,4,4-Trimethyl-1-hexene",CCC(C)(C)CC(=C)C,9172,51174-12-0,AVKVJWFFVHGHLJ-UHFFFAOYSA-N,126.24
"2,4,4-Trimethyl-1-pentene",CC(=C)CC(C)(C)C,5777,25167-70-8,FXNDIJDIPNCZQJ-UHFFFAOYSA-N,112.21
"2,4,4-Trimethylhexamethylene diisocyanate",CC(CC(C)(C)CCN=C=O)CN=C=O,3535,15646-96-5,QGLRLXLDMZCFBP-UHFFFAOYSA-N,210.27
"2,4,4-Trimethylhexane",CCC(C)(C)CC(C)C,3911,16747-30-1,SVEMKBCPZYWEPH-UHFFFAOYSA-N,128.25
"2,4,4-Trimethylhexane-1,6-diamine",CC(CC(C)(C)CCN)CN,7347,3236-54-2,DPQHRXRAZHNGRU-UHFFFAOYSA-N,158.28
"2,4,4-Trimethylhexanedioic acid",CC(CC(C)(C)CC(=O)O)C(=O)O,8173,3937-59-5,RLEQVGMLDNITBW-UHFFFAOYSA-N,188.22
"2,4,4-Trimethylpentan-1-ol",CC(CC(C)(C)C)CO,3798,16325-63-6,ZNRVRWHPZZOTIE-UHFFFAOYSA-N,130.23
"2,4,4-Trimethylpentan-2-yl 2-ethylhexaneperoxoate",CCCCC(CC)C(=O)OOC(C)(C)CC(C)(C)C,5105,22288-43-3,RFLMOBVJXKBPQW-UHFFFAOYSA-N,272.42
"2,4,5,7-Tetramethylphenanthrene",CC1=CC(=C2C(=C1)C=CC3=CC(=CC(=C32)C)C)C,13220,7396-38-5,BZXXZUAJRXKPOF-UHFFFAOYSA-N,234.3
"2,4,5-Tribromodiphenyl ether",C1=CC=C(C=C1)OC2=CC(=C(C=C2Br)Br)Br,7546,337513-56-1,LTMKAFUXYKEDLR-UHFFFAOYSA-N,406.89
"2,4,5-Trichloroaniline",C1=C(C(=CC(=C1Cl)Cl)Cl)N,11180,636-30-6,GUMCAKKKNKYFEB-UHFFFAOYSA-N,196.5
"2,4,5-Trichlorobiphenyl",C1=CC=C(C=C1)C2=CC(=C(C=C2Cl)Cl)Cl,3608,15862-07-4,VGVIKVCCUATMNG-UHFFFAOYSA-N,257.5
"2,4,5-Trichlorophenol",C1=C(C(=CC(=C1Cl)Cl)Cl)O,15778,95-95-4,LHJGJYXLEPZJPM-UHFFFAOYSA-N,197.4
"2,4,5-Trichlorotoluene",CC1=CC(=C(C=C1Cl)Cl)Cl,11671,6639-30-1,ZCXHZKNWIYVQNC-UHFFFAOYSA-N,195.5
"2,4,5-Triethoxybenzophenone",CCOC1=CC(=C(C=C1C(=O)C2=CC=CC=C2)OCC)OCC,16130,52199-46-9,ATJSQHQJQSASKB-UHFFFAOYSA-N,314.4
"2,4,5-Trihydroxybutyrophenone",CCCC(=O)C1=CC(=C(C=C1O)O)O,3040,1421-63-2,SRUQARLMFOLRDN-UHFFFAOYSA-N,196.2
"2,4,5-Trimethylaniline",CC1=CC(=C(C=C1C)N)C,2756,137-17-7,BMIPMKQAAJKBKP-UHFFFAOYSA-N,135.21
"2,4,5-Trimethylbenzaldehyde",CC1=CC(=C(C=C1C)C=O)C,10152,5779-72-6,LROJZZICACKNJL-UHFFFAOYSA-N,148.2
"2,4,6(1H,3H,5H)-Pyrimidinetrione, 5,5'-(1H-isoindole-1,3(2H)-diylidene)bis-",C1=CC=C2C(=C1)C(=C3C(=O)NC(=O)NC3=O)N=C2C4=C(NC(=O)NC4=O)O,7900,36888-99-0,VXQNQGCWKZPKET-UHFFFAOYSA-N,367.27
"2,4,6,8-Tetramethyl-2,4,6,8-tetravinylcyclotetrasiloxane",C[Si]1(O[Si](O[Si](O[Si](O1)(C)C=C)(C)C=C)(C)C=C)C=C,5899,2554-06-5,VMAWODUEPLAHOE-UHFFFAOYSA-N,344.66
"2,4,6-Cycloheptatrien-1-one, 2,5-dichloro-",C1=CC(=O)C(=CC=C1Cl)Cl,12937,7157-27-9,MPKYYRIGUWMAMA-UHFFFAOYSA-N,175.01
"2,4,6-Tri-tert-butylphenol",CC(C)(C)C1=CC(=C(C(=C1)C(C)(C)C)O)C(C)(C)C,13146,732-26-3,PFEFOYRSMXVNEL-UHFFFAOYSA-N,262.4
"2,4,6-Triaminotoluene",CC1=C(C=C(C=C1N)N)N,14850,88-02-8,YYDRNPOEMZZTPM-UHFFFAOYSA-N,137.18
"2,4,6-Tribromobiphenyl",C1=CC=C(C=C1)C2=C(C=C(C=C2Br)Br)Br,10323,59080-33-0,YCLZBYQDXVJFII-UHFFFAOYSA-N,390.9
"2,4,6-Tribromodiphenyl ether",C1=CC=C(C=C1)OC2=C(C=C(C=C2Br)Br)Br,3501,155999-95-4,TVZAPPGLBLTACB-UHFFFAOYSA-N,406.89
"2,4,6-Tribromophenol",C1=C(C=C(C(=C1Br)O)Br)Br,1467,118-79-6,BSWWXRFVMJHFBN-UHFFFAOYSA-N,330.8
"2,4,6-Tribromophenyl acrylate",C=CC(=O)OC1=C(C=C(C=C1Br)Br)Br,7979,3741-77-3,CNLVUQQHXLTOTC-UHFFFAOYSA-N,384.85
"2,4,6-Tribromophenyl methacrylate",CC(=C)C(=O)OC1=C(C=C(C=C1Br)Br)Br,8018,37721-71-4,HAYWJKBZHDIUPU-UHFFFAOYSA-N,398.87
"2,4,6-Trichloroanisole",COC1=C(C=C(C=C1Cl)Cl)Cl,14780,87-40-1,WCVOGSZTONGSQY-UHFFFAOYSA-N,211.5
"2,4,6-Trichlorobiphenyl",C1=CC=C(C=C1)C2=C(C=C(C=C2Cl)Cl)Cl,7755,35693-92-6,MTLMVEWEYZFYTH-UHFFFAOYSA-N,257.5
"2,4,6-Trichloroheptane",CC(CC(CC(C)Cl)Cl)Cl,2240,13049-21-3,ZIELQSWVHXTKFD-UHFFFAOYSA-N,203.5
"2,4,6-Trichlorophenol",C1=C(C=C(C(=C1Cl)O)Cl)Cl,14853,88-06-2,LINPIYWFGCPVIE-UHFFFAOYSA-N,197.4
"2,4,6-Trichlorophenyl isocyanate",C1=C(C=C(C(=C1Cl)N=C=O)Cl)Cl,5657,2505-31-9,VDYWXVDWKFAUKE-UHFFFAOYSA-N,222.5
"2,4,6-Triethyl-1,3,5-trioxane",CCC1OC(OC(O1)CC)CC,5345,2396-42-1,GYBGKXFOKOSPLS-UHFFFAOYSA-N,174.24
"2,4,6-Trihydroxybenzaldehyde",C1=C(C=C(C(=C1O)C=O)O)O,8949,487-70-7,BTQAJGSMXCDDAJ-UHFFFAOYSA-N,154.12
"2,4,6-Triisopropylbenzoic acid",CC(C)C1=CC(=C(C(=C1)C(C)C)C(=O)O)C(C)C,8989,49623-71-4,ULVHAZFBJJXIDO-UHFFFAOYSA-N,248.36
"2,4,6-Triisopropylphenol",CC(C)C1=CC(=C(C(=C1)C(C)C)O)C(C)C,6848,2934-07-8,HVFKKINZIWVNQG-UHFFFAOYSA-N,220.35
"2,4,6-Trimethylaniline",CC1=CC(=C(C(=C1)C)N)C,14852,88-05-1,KWVPRPSXBZNOHS-UHFFFAOYSA-N,135.21
"2,4,6-Trimethylbenzaldehyde",CC1=CC(=C(C(=C1)C)C=O)C,8948,487-68-3,HIKRJHFHGKZKRI-UHFFFAOYSA-N,148.2
"2,4,6-Trimethylbenzoic acid",CC1=CC(=C(C(=C1)C)C(=O)O)C,8916,480-63-7,FFFIRKXTFQCCKJ-UHFFFAOYSA-N,164.2
"2,4,6-Trimethylbenzophenone",CC1=CC(=C(C(=C1)C)C(=O)C2=CC=CC=C2)C,15796,954-16-5,HPAFOABSQZMTHE-UHFFFAOYSA-N,224.3
"2,4,6-Trimethylcyclohexane-1,3-dione",CC1CC(C(=O)C(C1=O)C)C,4868,20990-16-3,FYGKCPHQIIGXCP-UHFFFAOYSA-N,154.21
"2,4,6-Trimethyldecane",CCCCC(C)CC(C)CC(C)C,10881,62108-27-4,NPHSALVLRUCAFH-UHFFFAOYSA-N,184.36
"2,4,6-Trimethylheptane",CC(C)CC(C)CC(C)C,6114,2613-61-8,YNLBBDHDNIXQNL-UHFFFAOYSA-N,142.28
"2,4,6-Trimethyloctane",CCC(C)CC(C)CC(C)C,10866,62016-37-9,XHNIFDXYGLPJLP-UHFFFAOYSA-N,156.31
"2,4,6-Trimethylphenol",CC1=CC(=C(C(=C1)C)O)C,9429,527-60-6,BPRYUXCVCCNUFE-UHFFFAOYSA-N,136.19
"2,4,6-Trimethylpyridine",CC1=CC(=NC(=C1)C)C,880,108-75-8,BWZVCCNYKMEVEX-UHFFFAOYSA-N,121.18
"2,4,6-Trinitrotoluene",CC1=C(C=C(C=C1[N+](=O)[O-])[N+](=O)[O-])[N+](=O)[O-],1469,118-96-7,SPSSULHKWOKEEL-UHFFFAOYSA-N,227.13
"2,4,6-Triphenyl-1-hexene",C=C(CC(CCC1=CC=CC=C1)C2=CC=CC=C2)C3=CC=CC=C3,4477,18964-53-9,VTFWGFWAVPVIAA-UHFFFAOYSA-N,312.4
"2,4,6-Tris(1-phenylethyl)phenol",CC(C1=CC=CC=C1)C2=CC(=C(C(=C2)C(C)C3=CC=CC=C3)O)C(C)C4=CC=CC=C4,4287,18254-13-2,BYLSIPUARIZAHZ-UHFFFAOYSA-N,406.6
"2,4,6-Tris(4-chlorophenyl)-1,3,5-triazine",C1=CC(=CC=C1C2=NC(=NC(=N2)C3=CC=C(C=C3)Cl)C4=CC=C(C=C4)Cl)Cl,7185,3114-54-3,HNUCWEZQTAGOAW-UHFFFAOYSA-N,412.7
"2,4,6-Tris(dimethylaminomethyl)phenol",CN(C)CC1=CC(=C(C(=C1)CN(C)C)O)CN(C)C,14977,90-72-2,AHDSRXYHVZECER-UHFFFAOYSA-N,265.39
"2,4,7,10,13-Pentaoxatetradecane-1,14-diol",C(COCCOCOCO)OCCOCO,60,100208-40-0,SAVBORFLETUNGO-UHFFFAOYSA-N,240.25
"2,4,7,9-Tetramethyl-5-decyne-4,7-diol",CC(C)CC(C)(C#CC(C)(CC(C)C)O)O,2060,126-86-3,LXOFYPKXCSULTL-UHFFFAOYSA-N,226.35
"2,4,7,9-Tetramethyldecane-4,7-diol",CC(C)CC(C)(CCC(C)(CC(C)C)O)O,4204,17913-76-7,BTRWELPXUDWAGW-UHFFFAOYSA-N,230.39
"2,4,7-Trinitrofluoren-9-one",C1=CC2=C(C=C1[N+](=O)[O-])C(=O)C3=C2C(=CC(=C3)[N+](=O)[O-])[N+](=O)[O-],2168,129-79-3,VHQGURIJMFPBKS-UHFFFAOYSA-N,315.19
"2,4,8,10-Tetraoxa-3,9-diphosphaspiro[5.5]undecane, 3,9-dimethyl-, 3,9-dioxide",CP1(=O)OCC2(CO1)COP(=O)(OC2)C,6958,3001-98-7,ACRCGKKNPOZIPG-UHFFFAOYSA-N,256.13
"2,4-Bis(1-methyl-1-phenylethyl)phenol",CC(C)(C1=CC=CC=C1)C2=CC(=C(C=C2)O)C(C)(C)C3=CC=CC=C3,6558,2772-45-4,FMUYQRFTLHAARI-UHFFFAOYSA-N,330.5
"2,4-Bis(1-phenylethyl)phenol",CC(C1=CC=CC=C1)C2=CC(=C(C=C2)O)C(C)C3=CC=CC=C3,6556,2769-94-0,RCFAHSGZAAFQJH-UHFFFAOYSA-N,302.4
"2,4-Bis[(dimethylamino)methyl]phenol",CN(C)CC1=CC(=C(C=C1)O)CN(C)C,9647,5424-54-4,IVJXXQSXKSRPIL-UHFFFAOYSA-N,208.3
"2,4-D 2-Ethylhexyl ester",CCCCC(CC)COC(=O)COC1=C(C=C(C=C1)Cl)Cl,4531,1928-43-4,QZSFJRIWRPJUOH-UHFFFAOYSA-N,333.2
"2,4-D Isooctyl ester",CC(C)CCCCCOC(=O)COC1=C(C=C(C=C1)Cl)Cl,5782,25168-26-7,BBPLSOGERZQYQC-UHFFFAOYSA-N,333.2
"2,4-Decadienal",CCCCC/C=C/C=C/C=O,5282,2363-88-4,JZQKTMZYLHNFPL-BLHCBFLLSA-N,152.23
"2,4-Decadienal",CCCCC/C=C/C=C/C=O,5761,25152-84-5,JZQKTMZYLHNFPL-BLHCBFLLSA-N,152.23
"2,4-Di-tert-butoxy-5-(pyridin-3-yl)pyrimidine",CC(C)(C)OC1=NC(=NC=C1C2=CN=CC=C2)OC(C)(C)C,11372,6448-80-2,INNKLQNKYMJPPK-UHFFFAOYSA-N,301.4
"2,4-Di-tert-butyl-6-(5-chloro-2H-benzotriazol-2-yl)phenol",CC(C)(C)C1=CC(=C(C(=C1)N2N=C3C=CC(=CC3=N2)Cl)O)C(C)(C)C,8103,3864-99-1,UWSMKYBKUPAEJQ-UHFFFAOYSA-N,357.9
"2,4-Di-tert-butyl-6-(5-chloro-2H-benzotriazol-2-yl)phenol",CC(C)(C)C1=CC(=C(C(=C1)N2N=C3C=CC(=CC3=N2)Cl)O)C(C)(C)C,17213,,UWSMKYBKUPAEJQ-UHFFFAOYSA-N,357.9
"2,4-Di-tert-butyl-6-nitrophenol",CC(C)(C)C1=CC(=C(C(=C1)[N+](=O)[O-])O)C(C)(C)C,4669,20039-94-5,GVKJWGRAPDVEMC-UHFFFAOYSA-N,251.32
"2,4-Di-tert-butylphenol",CC(C)(C)C1=CC(=C(C=C1)O)C(C)(C)C,15886,96-76-4,ICKWICRCANNIBI-UHFFFAOYSA-N,206.32
"2,4-Di-tert-butylphenyl 3,5-di-tert-butyl-4-hydroxybenzoate",CC(C)(C)C1=CC(=C(C=C1)OC(=O)C2=CC(=C(C(=C2)C(C)(C)C)O)C(C)(C)C)C(C)(C)C,8458,4221-80-1,KJYSXRBJOSZLEL-UHFFFAOYSA-N,438.6
"2,4-Di-tert-pentylphenol",CCC(C)(C)C1=CC(=C(C=C1)O)C(C)(C)CC,1590,120-95-6,WMVJWKURWRGJCI-UHFFFAOYSA-N,234.38
"2,4-Diamino-6-hydroxypyrimidine",C1=C(N=C(NC1=O)N)N,9905,56-06-4,SWELIMKTDYHAOY-UHFFFAOYSA-N,126.12
"2,4-Diaminoanisole",COC1=C(C=C(C=C1)N)N,10659,615-05-4,BAHPQISAXRFLCL-UHFFFAOYSA-N,138.17
"2,4-Diaminoazobenzene",C1=CC=C(C=C1)N=NC2=C(C=C(C=C2)N)N,8978,495-54-5,IWRVPXDHSLTIOC-UHFFFAOYSA-N,212.25
"2,4-Diaminomesitylene",CC1=CC(=C(C(=C1N)C)N)C,7167,3102-70-3,ZVDSMYGTJDFNHN-UHFFFAOYSA-N,150.22
"2,4-Diaminotoluene",CC1=C(C=C(C=C1)N)N,15772,95-80-7,VOZKAJLKRJDJLL-UHFFFAOYSA-N,122.17
"2,4-Dibromo-1-(3-bromophenoxy)benzene",C1=CC(=CC(=C1)Br)OC2=C(C=C(C=C2)Br)Br,3228,147217-77-4,AURKEOPYVUYTLO-UHFFFAOYSA-N,406.89
"2,4-Dibromo-1-(4-bromophenoxy)benzene",C1=CC(=CC=C1OC2=C(C=C(C=C2)Br)Br)Br,8349,41318-75-6,UPNBETHEXPIWQX-UHFFFAOYSA-N,406.89
"2,4-Dibromodiphenyl ether",C1=CC=C(C=C1)OC2=C(C=C(C=C2)Br)Br,4028,171977-44-9,JMCIHKKTRDLVCO-UHFFFAOYSA-N,328
"2,4-Dibromophenol",C1=CC(=C(C=C1Br)Br)O,10663,615-58-7,FAXWFCTVSHEODL-UHFFFAOYSA-N,251.9
"2,4-Dibromophenyl glycidyl ether",C1C(O1)COC2=C(C=C(C=C2)Br)Br,4694,20217-01-0,NFWLWLQSZIJYFR-UHFFFAOYSA-N,307.97
"2,4-Dichloroaniline",C1=CC(=C(C=C1Cl)Cl)N,9810,554-00-7,KQCMTOWTPBNWDB-UHFFFAOYSA-N,162.01
"2,4-Dichlorobenzyl alcohol",C1=CC(=C(C=C1Cl)Cl)CO,4178,1777-82-8,DBHODFSFBXJZNY-UHFFFAOYSA-N,177.02
"2,4-Dichlorobiphenyl",C1=CC=C(C=C1)C2=C(C=C(C=C2)Cl)Cl,7476,33284-50-3,WEJZHZJJXPXXMU-UHFFFAOYSA-N,223.09
"2,4-Dichloronitrobenzene",C1=CC(=C(C=C1Cl)Cl)[N+](=O)[O-],10580,611-06-3,QUIMTLZDMCNYGY-UHFFFAOYSA-N,192
"2,4-Dichlorophenol",C1=CC(=C(C=C1Cl)Cl)O,1585,120-83-2,HFZWRUODUSTPEG-UHFFFAOYSA-N,163
"2,4-Dichlorotoluene",CC1=C(C=C(C=C1)Cl)Cl,15769,95-73-8,FUNUTBJJKQIVSY-UHFFFAOYSA-N,161.03
"2,4-Diethyl-1,5-pentanediol",CCC(CC(CC)CO)CO,10172,57987-55-0,OJRJDENLRJHEJO-UHFFFAOYSA-N,160.25
"2,4-Diethyl-1-methylcyclohexane",CCC1CCC(C(C1)CC)C,10599,61142-70-9,IOHRVVBGMVEXIN-UHFFFAOYSA-N,154.29
"2,4-Diethyl-6-methyl-1,3,5-trioxane",CCC1OC(OC(O1)CC)C,1451,117888-04-7,SWBSXEDRNYINCU-UHFFFAOYSA-N,160.21
"2,4-Diethyl-9H-thioxanthen-9-one",CCC1=CC(=C2C(=C1)C(=O)C3=CC=CC=C3S2)CC,14364,82799-44-8,BTJPUDCSZVCXFQ-UHFFFAOYSA-N,268.4
"2,4-Dihydro-5-methyl-4-((4-methyl-2-nitrophenyl)azo)-2-phenyl-3H-pyrazol-3-one",CC1=CC(=C(C=C1)N=NC2C(=NN(C2=O)C3=CC=CC=C3)C)[N+](=O)[O-],11262,6407-77-8,GNRVYZDPVPJTCP-UHFFFAOYSA-N,337.33
"2,4-Dihydroxy-3-methylbenzaldehyde",CC1=C(C=CC(=C1O)C=O)O,10961,6248-20-0,AOPMHYFEQDBXPZ-UHFFFAOYSA-N,152.15
"2,4-Dihydroxybenzoic acid",C1=CC(=C(C=C1O)O)C(=O)O,14933,89-86-1,UIAFKZKHHVMJGS-UHFFFAOYSA-N,154.12
"2,4-Dihydroxybenzophenone",C1=CC=C(C=C1)C(=O)C2=C(C=C(C=C2)O)O,2284,131-56-6,ZXDDPOHVAMWLBH-UHFFFAOYSA-N,214.22
"2,4-Diisocyanato-1-methylbenzene",CC1=C(C=C(C=C1)N=C=O)N=C=O,10233,584-84-9,DVKJHBMWWAPEIU-UHFFFAOYSA-N,174.16
"2,4-Diisocyanato-1-methylbenzene",CC1=C(C=C(C=C1)N=C=O)N=C=O,16236,26471-62-5,DVKJHBMWWAPEIU-UHFFFAOYSA-N,174.16
"2,4-Dimethyl-1-heptene",CCCC(C)CC(=C)C,4583,19549-87-2,CZGAOHSMVSIJJZ-UHFFFAOYSA-N,126.24
"2,4-Dimethyl-2-pentanol",CC(C)CC(C)(C)O,10962,625-06-9,FMLSQAUAAGVTJO-UHFFFAOYSA-N,116.2
"2,4-Dimethyl-3-heptanol",CCCC(C)C(C(C)C)O,4582,19549-72-5,PSCLFHNWSAXNJL-UHFFFAOYSA-N,144.25
"2,4-Dimethyl-3-hexanol",CCC(C)C(C(C)C)O,2591,13432-25-2,UCRQJBCLZKHOGX-UHFFFAOYSA-N,130.23
"2,4-Dimethyl-3-hexanone",CCC(C)C(=O)C(C)C,4372,18641-70-8,PZAPVPGZDHJUTO-UHFFFAOYSA-N,128.21
"2,4-Dimethyl-3-pentanol",CC(C)C(C(C)C)O,10466,600-36-2,BAYAKMPRFGNNFW-UHFFFAOYSA-N,116.2
"2,4-Dimethylaniline",CC1=CC(=C(C=C1)N)C,15766,95-68-1,CZZZABOKJQXEBO-UHFFFAOYSA-N,121.18
"2,4-Dimethylbenzaldehyde",CC1=CC(=C(C=C1)C=O)C,3581,15764-16-6,GISVICWQYMUPJF-UHFFFAOYSA-N,134.17
"2,4-Dimethylbenzoic acid",CC1=CC(=C(C=C1)C(=O)O)C,10579,611-01-8,BKYWPNROPGQIFZ-UHFFFAOYSA-N,150.17
"2,4-Dimethylcyclohex-3-ene-1-carbaldehyde",CC1C=C(CCC1C=O)C,11926,68039-49-6,MZZRKEIUNOYYDF-UHFFFAOYSA-N,138.21
"2,4-Dimethyldecane",CCCCCCC(C)CC(C)C,6610,2801-84-5,OJAFXEXESSNPMH-UHFFFAOYSA-N,170.33
"2,4-Dimethylheptane",CCCC(C)CC(C)C,5070,2213-23-2,AUKVIBNBLXQNIZ-UHFFFAOYSA-N,128.25
"2,4-Dimethylhexane",CCC(C)CC(C)C,10294,589-43-5,HDGQICNBXPAKLR-UHFFFAOYSA-N,114.23
"2,4-Dimethylphenol",CC1=CC(=C(C=C1)O)C,577,105-67-9,KUFFULVDNCHOFZ-UHFFFAOYSA-N,122.16
"2,4-Dimethylpyridine",CC1=CC(=NC=C1)C,867,108-47-4,JYYNAJVZFGKDEQ-UHFFFAOYSA-N,107.15
"2,4-Dimethylquinoline",CC1=CC(=NC2=CC=CC=C12)C,1560,1198-37-4,ZTNANFDSJRRZRJ-UHFFFAOYSA-N,157.21
"2,4-Dimethylstyrene",CC1=CC(=C(C=C1)C=C)C,5115,2234-20-0,OEVVKKAVYQFQNV-UHFFFAOYSA-N,132.2
"2,4-Dimethylthiazole",CC1=CSC(=N1)C,9618,541-58-2,OBSLLHNATPQFMJ-UHFFFAOYSA-N,113.18
"2,4-Dimethylundecane",CCCCCCCC(C)CC(C)C,4072,17312-80-0,WMZNFELFMFOGCC-UHFFFAOYSA-N,184.36
"2,4-Dinitroaniline",C1=CC(=C(C=C1[N+](=O)[O-])[N+](=O)[O-])N,15915,97-02-9,LXQOQPGNCGEELI-UHFFFAOYSA-N,183.12
"2,4-Dinitrophenol",C1=CC(=C(C=C1[N+](=O)[O-])[N+](=O)[O-])O,2455,1326-82-5,UFBJCMHMOXMLKC-UHFFFAOYSA-N,184.11
"2,4-Dinitrophenol",C1=CC(=C(C=C1[N+](=O)[O-])[N+](=O)[O-])O,9148,51-28-5,UFBJCMHMOXMLKC-UHFFFAOYSA-N,184.11
"2,4-Dinitrotoluene",CC1=C(C=C(C=C1)[N+](=O)[O-])[N+](=O)[O-],1718,121-14-2,RMBFBMJGBANMMK-UHFFFAOYSA-N,182.13
"2,4-Diphenyl-1-butene",C=C(CCC1=CC=CC=C1)C2=CC=CC=C2,3882,16606-47-6,PWSZACWUDDFZMQ-UHFFFAOYSA-N,208.3
"2,4-Diphenyl-4-methyl-1-pentene",CC(C)(CC(=C)C1=CC=CC=C1)C2=CC=CC=C2,11193,6362-80-7,ZOKCNEIWFQCSCM-UHFFFAOYSA-N,236.4
"2,4-Diphenylthiophene",C1=CC=C(C=C1)C2=CC(=CS2)C3=CC=CC=C3,7475,3328-86-7,FKHVUWRLXRMJLF-UHFFFAOYSA-N,236.3
"2,4-Divinylphenol",C=CC1=CC(=C(C=C1)O)C=C,10636,61345-72-0,GZGSEMRMKBBQGA-UHFFFAOYSA-N,146.19
"2,4-Heptadienal",CC/C=C/C=C/C=O,8551,4313-03-5,SATICYYAWWYRAM-VNKDHWASSA-N,110.15
"2,4-Heptadienal",CC/C=C/C=C/C=O,10338,5910-85-0,SATICYYAWWYRAM-VNKDHWASSA-N,110.15
"2,4-Hexadienoic acid, 1,1'-[2-ethyl-2-[[(1-oxo-2,4-hexadien-1-yl)oxy]methyl]-1,3-propanediyl] ester",CCC(COC(=O)C=CC=CC)(COC(=O)C=CC=CC)COC(=O)C=CC=CC,5224,2307636-51-5,PCHCYDHTWIHPGA-UHFFFAOYSA-N,416.5
"2,4-Hexadienoic acid, 3-(trimethoxysilyl)propyl ester, (2E,4E)-",C/C=C/C=C/C(=O)OCCC[Si](OC)(OC)OC,3816,163802-53-7,BEEJHAQLEWGNOO-SBIWHPGTSA-N,274.38
"2,4-Imidazolidinedione, 1,3-bis(2-hydroxyethyl)-5,5-dimethyl-",CC1(C(=O)N(C(=O)N1CCO)CCO)C,6363,26850-24-8,ATIAIEWDRRJGSL-UHFFFAOYSA-N,216.23
"2,4-Methano-1H-indene, 4-chlorooctahydro-",C1CC2CC3CC2C(C1)(C3)Cl,16030,98640-25-6,GNUXBPXWPFJHHK-UHFFFAOYSA-N,170.68
"2,4-Nonadienal",CCCC/C=C/C=C/C=O,10339,5910-87-2,ZHHYXNZJDGDGPJ-BSWSSELBSA-N,138.21
"2,4-Nonanedione",CCCCCC(=O)CC(=O)C,10713,6175-23-1,KFBXUKHERGLHLG-UHFFFAOYSA-N,156.22
"2,4-Pentadien-1-ol, 3-propyl-, (2Z)-",CCC/C(=C\CO)/C=C,17830,,INNOFDHPJQXBAL-VURMDHGXSA-N,126.2
"2,4-Pentanedione, peroxide",CC(=O)C(C(=O)C)OOC(C(=O)C)C(=O)C,7919,37187-22-7,ILENATNBFPBMHG-UHFFFAOYSA-N,230.21
"2,4-Undecadienal",CCCCCC/C=C/C=C/C=O,7020,30361-29-6,UVIUIIFPIWRILL-XBLVEGMJSA-N,166.26
"2,5,5-Trimethyl-2-hexene",CC(=CCC(C)(C)C)C,8266,40467-04-7,HRQAGBJHQCEBBY-UHFFFAOYSA-N,126.24
"2,5,5-Trimethylheptane",CCC(C)(C)CCC(C)C,1499,1189-99-7,SOYLPZSOEXZMLE-UHFFFAOYSA-N,142.28
"2,5,6-Trimethyldecane",CCCCC(C)C(C)CCC(C)C,10877,62108-23-0,HBEWRUSPWIMDCH-UHFFFAOYSA-N,184.36
"2,5,7,10-Tetraoxaundecane",COCCOCOCCOC,8599,4431-83-8,QWRBKBNCFWPVJX-UHFFFAOYSA-N,164.2
"2,5,8,11,14,17,20-Heptaoxahenicosane",COCCOCCOCCOCCOCCOCCOC,807,1072-40-8,VMCIKMLQXFLKAX-UHFFFAOYSA-N,310.38
"2,5,8-Benzotrioxacycloundecin-1,9-dione, 3,4,6,7-tetrahydro-",C1COC(=O)C2=CC=CC=C2C(=O)OCCO1,2915,13988-26-6,LZEGUDFMCKJMPX-UHFFFAOYSA-N,236.22
"2,5,9-Trimethyldecane",CC(C)CCCC(C)CCC(C)C,10876,62108-22-9,YKAQOUURBLPHIN-UHFFFAOYSA-N,184.36
"2,5-Bis(5-tert-butyl-2-benzoxazolyl)thiophene",CC(C)(C)C1=CC2=C(C=C1)OC(=N2)C3=CC=C(S3)C4=NC5=C(O4)C=CC(=C5)C(C)(C)C,12902,7128-64-5,AIXZBGVLNVRQSS-UHFFFAOYSA-N,430.6
"2,5-Di(tert-butylperoxy)-2,5-dimethyl-3-hexyne",CC(C)(C)OOC(C)(C)C#CC(C)(C)OOC(C)(C)C,737,1068-27-5,ODBCKCWTWALFKM-UHFFFAOYSA-N,286.41
"2,5-Di-p-toluidinoterephthalic acid",CC1=CC=C(C=C1)NC2=CC(=C(C=C2C(=O)O)NC3=CC=C(C=C3)C)C(=O)O,358,10291-28-8,FVLUGNOOEZYDNV-UHFFFAOYSA-N,376.4
"2,5-Di-tert-amylhydroquinone",CCC(C)(C)C1=CC(=C(C=C1O)C(C)(C)CC)O,14047,79-74-3,CZNRFEXEPBITDS-UHFFFAOYSA-N,250.38
"2,5-Di-tert-amylquinone",CCC(C)(C)C1=CC(=O)C(=CC1=O)C(C)(C)CC,8802,4584-63-8,DHXFOYLEDAOQRR-UHFFFAOYSA-N,248.36
"2,5-Di-tert-butyl-1,4-benzoquinone",CC(C)(C)C1=CC(=O)C(=CC1=O)C(C)(C)C,5479,2460-77-7,ZZYASVWWDLJXIM-UHFFFAOYSA-N,220.31
"2,5-Di-tert-butylhydroquinone",CC(C)(C)C1=CC(=C(C=C1O)C(C)(C)C)O,14867,88-58-4,JZODKRWQWUWGCD-UHFFFAOYSA-N,222.32
"2,5-Di-tert-butylphenol",CC(C)(C)C1=CC(=C(C=C1)C(C)(C)C)O,10278,5875-45-6,KDBZVULQVCUNNA-UHFFFAOYSA-N,206.32
"2,5-Dianilinoterephthalic acid",C1=CC=C(C=C1)NC2=CC(=C(C=C2C(=O)O)NC3=CC=CC=C3)C(=O)O,201,10109-95-2,ZJQZWNLKRBUEKX-UHFFFAOYSA-N,348.4
"2,5-Dibromobiphenyl",C1=CC=C(C=C1)C2=C(C=CC(=C2)Br)Br,10110,57422-77-2,MHQCPXUMZCNOSF-UHFFFAOYSA-N,312
"2,5-Dibromophenol",C1=CC(=C(C=C1Br)O)Br,16123,28165-52-8,GUXWVUVLXIJHQF-UHFFFAOYSA-N,251.9
"2,5-Dichloro-p-xylene",CC1=CC(=C(C=C1Cl)C)Cl,1288,1124-05-6,UTGSRNVBAFCOEU-UHFFFAOYSA-N,175.05
"2,5-Dichloroaniline",C1=CC(=C(C=C1Cl)N)Cl,15773,95-82-9,AVYGCQXNNJPXSS-UHFFFAOYSA-N,162.01
"2,5-Dichlorobenzophenone",C1=CC=C(C=C1)C(=O)C2=C(C=CC(=C2)Cl)Cl,3883,16611-67-9,FAVKIHMGRWRACA-UHFFFAOYSA-N,251.1
"2,5-Dichlorobiphenyl",C1=CC=C(C=C1)C2=C(C=CC(=C2)Cl)Cl,7667,34883-39-1,KKQWHYGECTYFIA-UHFFFAOYSA-N,223.09
"2,5-Dichlorotoluene",CC1=C(C=CC(=C1)Cl)Cl,4558,19398-61-9,KFAKZJUYBOYVKA-UHFFFAOYSA-N,161.03
"2,5-Diethyltetrahydrofuran",CCC1CCC(O1)CC,8340,41239-48-9,YKWLEIXVUHRKEF-UHFFFAOYSA-N,128.21
"2,5-Dihydro-3,6-di-p-tolylpyrrolo(3,4-C)pyrrole-1,4-dione",CC1=CC=C(C=C1)C2=C3C(=C(N2)O)C(=NC3=O)C4=CC=C(C=C4)C,14513,84632-66-6,WBJVMPJVGWZAKW-UHFFFAOYSA-N,316.4
"2,5-Dimethyl-1,4-benzoquinone",CC1=CC(=O)C(=CC1=O)C,16116,137-18-8,MYKLQMNSFPAPLZ-UHFFFAOYSA-N,136.15
"2,5-Dimethyl-1,5-hexadien-3-ol",CC(=C)CC(C(=C)C)O,4018,17123-63-6,QQMFDURNWCUKNS-UHFFFAOYSA-N,126.2
"2,5-Dimethyl-2,5-bis(2-ethylhexanoylperoxy)hexane",CCCCC(CC)C(=O)OOC(C)(C)CCC(C)(C)OOC(=O)C(CC)CCCC,2245,13052-09-0,JUIBLDFFVYKUAC-UHFFFAOYSA-N,430.6
"2,5-Dimethyl-2,5-di(benzoylperoxy)hexane",CC(C)(CCC(C)(C)OOC(=O)C1=CC=CC=C1)OOC(=O)C2=CC=CC=C2,6133,2618-77-1,RIPYNJLMMFGZSX-UHFFFAOYSA-N,386.4
"2,5-Dimethyl-2,5-di-(tert-butylperoxy)hexane",CC(C)(C)OOC(C)(C)CCC(C)(C)OOC(C)(C)C,13967,78-63-7,DMWVYCCGCQPJEA-UHFFFAOYSA-N,290.44
"2,5-Dimethyl-2,5-dihydroperoxyhexane",CC(C)(CCC(C)(C)OO)OO,6999,3025-88-5,JGBAASVQPMTVHO-UHFFFAOYSA-N,178.23
"2,5-Dimethyl-2,5-hexanediol",CC(C)(CCC(C)(C)O)O,979,110-03-2,ZWNMRZQYWRLGMM-UHFFFAOYSA-N,146.23
"2,5-Dimethyl-3,4-hexanediol",CC(C)C(C(C(C)C)O)O,5162,22607-11-0,UEGKGPFVYRPVCC-UHFFFAOYSA-N,146.23
"2,5-Dimethyl-5-hexen-3-ol",CC(C)C(CC(=C)C)O,11805,67760-91-2,LCBOFRBFVBROGF-UHFFFAOYSA-N,128.21
"2,5-Dimethyl-N-nitrosopyrrolidine",CC1CCC(N1N=O)C,9832,55556-86-0,FRMDNAKEXMEBOM-UHFFFAOYSA-N,128.17
"2,5-Dimethylbenzaldehyde",CC1=CC(=C(C=C1)C)C=O,10154,5779-94-2,SMUVABOERCFKRW-UHFFFAOYSA-N,134.17
"2,5-Dimethyldodecane",CCCCCCCC(C)CCC(C)C,9943,56292-65-0,KDRXSZIYLPVVDY-UHFFFAOYSA-N,198.39
"2,5-Dimethylheptane",CCC(C)CCC(C)C,5072,2216-30-0,HQZHQNKZOYIKQC-UHFFFAOYSA-N,128.25
"2,5-Dimethylhexane",CC(C)CCC(C)C,10355,592-13-2,UWNADWZGEHDQAB-UHFFFAOYSA-N,114.23
"2,5-Dimethylhydroquinone",CC1=CC(=C(C=C1O)C)O,16133,615-90-7,GPASWZHHWPVSRG-UHFFFAOYSA-N,138.16
"2,5-Dimethylnonane",CCCCC(C)CCC(C)C,4054,17302-27-1,NQUMJENPNGXAIH-UHFFFAOYSA-N,156.31
"2,5-Dimethylphenanthrene",CC1=CC2=C(C=C1)C3=C(C=CC=C3C=C2)C,7879,3674-66-6,ANBPQRLLOPVKIG-UHFFFAOYSA-N,206.28
"2,5-Dimethylphenol",CC1=CC(=C(C=C1)C)O,15774,95-87-4,NKTOLZVEWDHZMU-UHFFFAOYSA-N,122.16
"2,5-Dimethylpyrazine",CC1=CN=C(C=N1)C,1914,123-32-0,LCZUOKDVTBMCMX-UHFFFAOYSA-N,108.14
"2,5-Dimethyltetrahydrofuran",CC1CCC(O1)C,83,1003-38-9,OXMIDRBAFOEOQT-UHFFFAOYSA-N,100.16
"2,5-Dimethyltridecane",CCCCCCCCC(C)CCC(C)C,9944,56292-66-1,WHEITGBIIYGVLM-UHFFFAOYSA-N,212.41
"2,5-Dioxopyrrolidin-1-yl acrylate",C=CC(=O)ON1C(=O)CCC1=O,8126,38862-24-7,YXMISKNUHHOXFT-UHFFFAOYSA-N,169.13
"2,5-Diphenyloxazole",C1=CC=C(C=C1)C2=CN=C(O2)C3=CC=CC=C3,15456,92-71-7,CNRNYORZJGVOSY-UHFFFAOYSA-N,221.25
"2,5-Furandicarboxylic acid",C1=C(OC(=C1)C(=O)O)C(=O)O,7350,3238-40-2,CHTHALBTIRVDBM-UHFFFAOYSA-N,156.09
"2,5-Furandione, dihydro-3-(octadecen-1-yl)-",CCCCCCCCCCCCCCCC/C=C/C1CC(=O)OC1=O,6752,28777-98-2,KAYAKFYASWYOEB-ISLYRVAYSA-N,350.5
"2,5-Furandione, dihydro-3-[3-(triethoxysilyl)propyl]-",CCO[Si](CCCC1CC(=O)OC1=O)(OCC)OCC,15610,93642-68-3,GXDMUOPCQNLBCZ-UHFFFAOYSA-N,304.41
"2,5-Heptanedione",CCC(=O)CCC(=O)C,3991,1703-51-1,HGRGPAAXHOTBAM-UHFFFAOYSA-N,128.17
"2,5-Hexanedione",CC(=O)CCC(=O)C,982,110-13-4,OJVAMHKKJGICOG-UHFFFAOYSA-N,114.14
"2,5-Octanedione",CCCC(=O)CCC(=O)C,7330,3214-41-3,SPDFSSLYVRCMDZ-UHFFFAOYSA-N,142.2
"2,5-Pyrrolidinedione, 1-butyl-",CCCCN1C(=O)CCC1=O,7649,3470-96-0,HKAIIKVJIRPASO-UHFFFAOYSA-N,155.19
"2,5-Pyrrolidinedione, 3-dodecyl-1-(1,2,2,6,6-pentamethyl-4-piperidinyl)-",CCCCCCCCCCCCC1CC(=O)N(C1=O)C2CC(N(C(C2)(C)C)C)(C)C,744,106917-30-0,SAEZGDDJKSBNPT-UHFFFAOYSA-N,420.7
"2,6,10,14,18-Pentamethyl-2,6,10,14,18-eicosapentaene",C/C=C(\C)/CC/C=C(\C)/CC/C=C(\C)/CC/C=C(\C)/CCC=C(C)C,13550,75581-03-2,IMXDCJPVYKXJPD-FMOJUEAUSA-N,342.6
"2,6,10,14-Tetramethylheptadecane",CCCC(C)CCCC(C)CCCC(C)CCCC(C)C,4310,18344-37-1,CIGFWENQAXVDOM-UHFFFAOYSA-N,296.6
"2,6,10,14-Tetramethylnonadecane",CCCCCC(C)CCCC(C)CCCC(C)CCCC(C)C,9766,55124-80-6,FTURMMDCPOYSAQ-UHFFFAOYSA-N,324.6
"2,6,10,15-Tetramethylheptadecane",CCC(C)CCCCC(C)CCCC(C)CCCC(C)C,9734,54833-48-6,ZZEQNXPBKOFTBG-UHFFFAOYSA-N,296.6
"2,6,10-Trimethyl-2,6,10-triazaundecane",CN(C)CCCN(C)CCCN(C)C,8098,3855-32-1,SKCNNQDRNPQEFU-UHFFFAOYSA-N,201.35
"2,6,10-Trimethyldodecane",CCC(C)CCCC(C)CCCC(C)C,8128,3891-98-3,YFHFHLSMISYUAQ-UHFFFAOYSA-N,212.41
"2,6,10-Trimethylpentadecane",CCCCCC(C)CCCC(C)CCCC(C)C,8131,3892-00-0,LBWPYRZGHYVSEL-UHFFFAOYSA-N,254.5
"2,6,10-Trimethyltetradecane",CCCCC(C)CCCC(C)CCCC(C)C,3305,14905-56-7,IMTCMWSWXFQQDL-UHFFFAOYSA-N,240.5
"2,6,11-Trimethyldodecane",CC(C)CCCCC(C)CCCC(C)C,7201,31295-56-4,FONXOARHSFUBAN-UHFFFAOYSA-N,212.41
"2,6,6-Trimethyl-1-cyclohexene-1-acetaldehyde",CC1=C(C(CCC1)(C)C)CC=O,8877,472-66-2,VHTFHZGAMYUZEP-UHFFFAOYSA-N,166.26
"2,6,6-Trimethyl-2-cyclohexene-1,4-dione",CC1=CC(=O)CC(C1=O)(C)C,1294,1125-21-9,AYJXHIDNNLJQDT-UHFFFAOYSA-N,152.19
"2,6,6-Trimethylcyclohex-2-ene-1-methanol",CC1=CCCC(C1CO)(C)C,11662,6627-74-3,WFBRXMMODZGJPF-UHFFFAOYSA-N,154.25
"2,6,6-Trimethyldecane",CCCCC(C)(C)CCCC(C)C,10878,62108-24-1,NZNSYLJOHCLJIF-UHFFFAOYSA-N,184.36
"2,6,7-Trimethyldecane",CCCC(C)C(C)CCCC(C)C,10879,62108-25-2,OBRONVGOGGDKLB-UHFFFAOYSA-N,184.36
"2,6,8-Triaminopyrimido(5,4-g)pteridin-4(1H)-one",C12=C(N=C(N=C1N=C3C(=N2)C(=O)NC(=N3)N)N)N,7525,335356-94-0,HXRMXCGDMFVKRX-UHFFFAOYSA-N,245.2
"2,6,8-Trimethyldecane",CCC(C)CC(C)CCCC(C)C,10880,62108-26-3,SWDJLVOSNCGQGB-UHFFFAOYSA-N,184.36
"2,6-Bis((bis(2-hydroxyethyl)amino)methyl)-4-nonylphenol",CCCCCCCCCC1=CC(=C(C(=C1)CN(CCO)CCO)O)CN(CCO)CCO,4673,20073-51-2,HUFXECXTFFUYQG-UHFFFAOYSA-N,454.6
"2,6-Bis(1,1-dimethylethyl)-4-(1-oxopropyl)phenol",CCC(=O)C1=CC(=C(C(=C1)C(C)(C)C)O)C(C)(C)C,2950,14035-34-8,JGJQYHBWTHQSPR-UHFFFAOYSA-N,262.4
"2,6-Bis(4-ethylphenyl)perhydro-1,3,5,7-tetraoxanaphth-4-ylethane-1,2-diol",CCC1=CC=C(C=C1)C2OCC3C(O2)C(OC(O3)C4=CC=C(C=C4)CC)C(CO)O,14059,79072-96-1,RPMMDFYGVMKCJU-UHFFFAOYSA-N,414.5
"2,6-Bis(methoxycarbonyl)benzene-1-sulfonic acid",COC(=O)C1=C(C(=CC=C1)C(=O)OC)S(=O)(=O)O,9141,50975-82-1,QOVUSIZUVWPIAP-UHFFFAOYSA-N,274.25
"2,6-Bis(tert-butyl)-4-(1-methyl-1-phenylethyl)phenol",CC(C)(C)C1=CC(=CC(=C1O)C(C)(C)C)C(C)(C)C2=CC=CC=C2,7642,34624-81-2,ROEHFIIRMUXFRR-UHFFFAOYSA-N,324.5
"2,6-Di-sec-butylphenol",CCC(C)C1=C(C(=CC=C1)C(C)CC)O,7200,31291-60-8,FHTGJZOULSYEOB-UHFFFAOYSA-N,206.32
"2,6-Di-t-butyl-4-[3-(2,3-epoxypropylthio)propyl]phenol",CC(C)(C)C1=CC(=CC(=C1O)C(C)(C)C)CCCSCC2CO2,17167,,DHRMIZQRCVSJKS-UHFFFAOYSA-N,336.5
"2,6-Di-t-butyl-4-hydroxybenzaldehyde",CC(C)(C)C1=CC(=CC(=C1C=O)C(C)(C)C)O,17766,,FVZKXCAURJYJGJ-UHFFFAOYSA-N,234.33
"2,6-di-tert-Butyl-4-(dimethylaminomethyl)phenol",CC(C)(C)C1=CC(=CC(=C1O)C(C)(C)C)CN(C)C,14860,88-27-7,VMZVBRIIHDRYGK-UHFFFAOYSA-N,263.4
"2,6-Di-tert-butyl-4-ethylphenol",CCC1=CC(=C(C(=C1)C(C)(C)C)O)C(C)(C)C,8347,4130-42-1,BVUXDWXKPROUDO-UHFFFAOYSA-N,234.38
"2,6-Di-tert-butyl-4-hydroxy-4-methyl-2,5-cyclohexadien-1-one",CC1(C=C(C(=O)C(=C1)C(C)(C)C)C(C)(C)C)O,480,10396-80-2,DQBHJILNHNRDTM-UHFFFAOYSA-N,236.35
"2,6-Di-tert-butyl-4-methoxymethylphenol",CC(C)(C)C1=CC(=CC(=C1O)C(C)(C)C)COC,14799,87-97-8,SCXYLTWTWUGEAA-UHFFFAOYSA-N,250.38
"2,6-DI-Tert-butyl-4-methoxyphenol",CC(C)(C)C1=CC(=CC(=C1O)C(C)(C)C)OC,8955,489-01-0,SLUKQUGVTITNSY-UHFFFAOYSA-N,236.35
"2,6-Di-tert-butyl-4-methylene-2,5-cyclohexadienone",CC(C)(C)C1=CC(=C)C=C(C1=O)C(C)(C)C,6095,2607-52-5,JJQCWPWUHZFKBN-UHFFFAOYSA-N,218.33
"2,6-Di-tert-butyl-4-nitrophenol",CC(C)(C)C1=CC(=CC(=C1O)C(C)(C)C)[N+](=O)[O-],13084,728-40-5,FCGKUUOTWLWJHE-UHFFFAOYSA-N,251.32
"2,6-Di-tert-butyl-4-vinylphenol",CC(C)(C)C1=CC(=CC(=C1O)C(C)(C)C)C=C,4528,19263-36-6,ZMRCFZFFKWFWSK-UHFFFAOYSA-N,232.36
"2,6-Di-tert-butyl-P-benzoquinone",CC(C)(C)C1=CC(=O)C=C(C1=O)C(C)(C)C,12987,719-22-2,RDQSIADLBQFVMY-UHFFFAOYSA-N,220.31
"2,6-Di-tert-butylhydroquinone",CC(C)(C)C1=CC(=CC(=C1O)C(C)(C)C)O,5445,2444-28-2,JFGVTUJBHHZRAB-UHFFFAOYSA-N,222.32
"2,6-DI-Tert-butylphenol",CC(C)(C)C1=C(C(=CC=C1)C(C)(C)C)O,2142,128-39-2,DKCPKDPYUFEZCP-UHFFFAOYSA-N,206.32
"2,6-Di-tert-butylpyridine",CC(C)(C)C1=NC(=CC=C1)C(C)(C)C,10249,585-48-8,UWKQJZCTQGMHKD-UHFFFAOYSA-N,191.31
"2,6-Diacetylpyridine",CC(=O)C1=NC(=CC=C1)C(=O)C,1303,1129-30-2,BEZVGIHGZPLGBL-UHFFFAOYSA-N,163.17
"2,6-Diaminopyridine",C1=CC(=NC(=C1)N)N,2988,141-86-6,VHNQIURBCCNWDN-UHFFFAOYSA-N,109.13
"2,6-Diaminotoluene",CC1=C(C=CC=C1N)N,14332,823-40-5,RLYCRLGLCUXUPO-UHFFFAOYSA-N,122.17
"2,6-Dibromo-4-nitroaniline",C1=C(C=C(C(=C1Br)N)Br)[N+](=O)[O-],14362,827-94-1,YMZIFDLWYUSZCC-UHFFFAOYSA-N,295.92
"2,6-Dibromodiphenyl ether",C1=CC=C(C=C1)OC2=C(C=CC=C2Br)Br,9287,51930-04-2,MUVDKHMQIZJFTC-UHFFFAOYSA-N,328
"2,6-Dibromophenol",C1=CC(=C(C(=C1)Br)O)Br,10549,608-33-3,SSIZLKDLDKIHEV-UHFFFAOYSA-N,251.9
"2,6-Dichloro-1,4-phenylenediamine",C1=C(C=C(C(=C1Cl)N)Cl)N,10562,609-20-1,HQCHAOKWWKLXQH-UHFFFAOYSA-N,177.03
"2,6-Dichloro-4-nitroaniline",C1=C(C=C(C(=C1Cl)N)Cl)[N+](=O)[O-],16037,99-30-9,BIXZHMJUSMUDOQ-UHFFFAOYSA-N,207.01
"2,6-Dichloro-N-phenylaniline",C1=CC=C(C=C1)NC2=C(C=CC=C2Cl)Cl,3426,15307-93-4,HDUUZPLYVVQTKN-UHFFFAOYSA-N,238.11
"2,6-Dichlorobiphenyl",C1=CC=C(C=C1)C2=C(C=CC=C2Cl)Cl,7462,33146-45-1,IYZWUWBAFUBNCH-UHFFFAOYSA-N,223.09
"2,6-Dichlorophenol",C1=CC(=C(C(=C1)Cl)O)Cl,14786,87-65-0,HOLHYSJJBXSLMV-UHFFFAOYSA-N,163
"2,6-Dichlorotoluene",CC1=C(C=CC=C1Cl)Cl,1464,118-69-4,DMEDNTFWIHCBRK-UHFFFAOYSA-N,161.03
"2,6-Diisocyanatotoluene",CC1=C(C=CC=C1N=C=O)N=C=O,15337,91-08-7,RUELTTOHQODFPA-UHFFFAOYSA-N,174.16
"2,6-Diisopropylaniline",CC(C)C1=C(C(=CC=C1)C(C)C)N,5464,24544-04-5,WKBALTUBRZPIPZ-UHFFFAOYSA-N,177.29
"2,6-Diisopropylnaphthalene",CC(C)C1=CC2=C(C=C1)C=C(C=C2)C(C)C,5372,24157-81-1,GWLLTEXUIOFAFE-UHFFFAOYSA-N,212.33
"2,6-Diisopropylphenyl isocyanate",CC(C)C1=C(C(=CC=C1)C(C)C)N=C=O,6639,28178-42-9,FEUFNKALUGDEMQ-UHFFFAOYSA-N,203.28
"2,6-Dimethyl-1,2,3,4-tetrahydronaphthalene",CC1CCC2=C(C1)C=CC(=C2)C,13518,7524-63-2,DXRBFZCGSZKZTL-UHFFFAOYSA-N,160.25
"2,6-Dimethyl-10-methylidenedodeca-2,6,11-trienal",CC(=CCCC(=C)C=C)CCC=C(C)C=O,14170,8008-57-9,NOPLRNXKHZRXHT-UHFFFAOYSA-N,218.33
"2,6-Dimethyl-2,4,6-octatriene",C/C=C(\C)/C=C/C=C(C)C,11747,673-84-7,GQVMHMFBVWSSPF-SOYUKNQTSA-N,136.23
"2,6-Dimethyl-3-n-octyldecahydronaphthalene",CCCCCCCCC1CC2CC(CCC2CC1C)C,9746,54964-85-1,WYHUFBHZXGAZJH-UHFFFAOYSA-N,278.5
"2,6-Dimethyl-4-heptanone",CC(C)CC(=O)CC(C)C,885,108-83-8,PTTPXKJBFFKCEK-UHFFFAOYSA-N,142.24
"2,6-Dimethyl-5-heptenal",CC(CCC=C(C)C)C=O,670,106-72-9,YGFGZTXGYTUXBA-UHFFFAOYSA-N,140.22
"2,6-Dimethylaniline",CC1=C(C(=CC=C1)C)N,14785,87-62-7,UFFBMTHBGFGIHF-UHFFFAOYSA-N,121.18
"2,6-Dimethylbenzoquinone",CC1=CC(=O)C=C(C1=O)C,16131,527-61-7,SENUUPBBLQWHMF-UHFFFAOYSA-N,136.15
"2,6-Dimethylcyclohexanol",CC1CCCC(C1O)C,9512,5337-72-4,MOISVRZIQDQVPF-UHFFFAOYSA-N,128.21
"2,6-Dimethyldecalin",CC1CCC2CC(CCC2C1)C,3728,1618-22-0,XNOHNIPVHGINQP-UHFFFAOYSA-N,166.3
"2,6-Dimethyldecane",CCCCC(C)CCCC(C)C,2334,13150-81-7,DHJGXZWEQBKLNV-UHFFFAOYSA-N,170.33
"2,6-Dimethyldibenzothiophene",CC1=CC2=C(C=C1)SC3=C(C=CC=C23)C,14955,89816-75-1,VJHNZTLASSCMOQ-UHFFFAOYSA-N,212.31
"2,6-Dimethylheptadecane",CCCCCCCCCCCC(C)CCCC(C)C,9621,54105-67-8,RHDKKTYWDZUSCS-UHFFFAOYSA-N,268.5
"2,6-Dimethylheptan-4-ol",CC(C)CC(CC(C)C)O,884,108-82-7,HXQPUEQDBSPXTE-UHFFFAOYSA-N,144.25
"2,6-Dimethylhydroquinone",CC1=CC(=CC(=C1O)C)O,16129,654-42-2,SGWZVZZVXOJRAQ-UHFFFAOYSA-N,138.16
"2,6-Dimethylnaphthalene",CC1=CC2=C(C=C1)C=C(C=C2)C,10193,581-42-0,YGYNBBAUIYTWBF-UHFFFAOYSA-N,156.22
"2,6-Dimethylnonane",CCCC(C)CCCC(C)C,4055,17302-28-2,MGNGOEWESNDQAN-UHFFFAOYSA-N,156.31
"2,6-Dimethyloctan-2-ol",CCC(C)CCCC(C)(C)O,4338,18479-57-7,WRFXXJKURVTLSY-UHFFFAOYSA-N,158.28
"2,6-Dimethyloctane",CCC(C)CCCC(C)C,4775,2051-30-1,ZALHPSXXQIPKTQ-UHFFFAOYSA-N,142.28
"2,6-Dimethylphenol",CC1=C(C(=CC=C1)C)O,10131,576-26-1,NXXYKOUNUYWIHA-UHFFFAOYSA-N,122.16
"2,6-Dimethylphenyl isocyanate",CC1=C(C(=CC=C1)C)N=C=O,6706,28556-81-2,YQLRKXVEALTVCZ-UHFFFAOYSA-N,147.17
"2,6-Dimethylpyrazine",CC1=CN=CC(=N1)C,869,108-50-9,HJFZAYHYIWGLNL-UHFFFAOYSA-N,108.14
"2,6-Dimethylpyridine",CC1=NC(=CC=C1)C,868,108-48-5,OISVCGZHLKNMSJ-UHFFFAOYSA-N,107.15
"2,6-Dimethylundecane",CCCCCC(C)CCCC(C)C,4043,17301-23-4,MFUPKUZLTKVMFM-UHFFFAOYSA-N,184.36
"2,6-Dinitrotoluene",CC1=C(C=CC=C1[N+](=O)[O-])[N+](=O)[O-],10527,606-20-2,XTRDKALNCIHHNI-UHFFFAOYSA-N,182.13
"2,6-Diphenylphenol",C1=CC=C(C=C1)C2=C(C(=CC=C2)C3=CC=CC=C3)O,5416,2432-11-3,ATGFTMUSEPZNJD-UHFFFAOYSA-N,246.3
"2,6-Naphthalenedicarboxamide, n2,n6-dicyclohexyl-",C1CCC(CC1)NC(=O)C2=CC3=C(C=C2)C=C(C=C3)C(=O)NC4CCCCC4,3431,153250-52-3,MBSRTKPGZKQXQR-UHFFFAOYSA-N,378.5
"2,6-Naphthalenedicarboxylic acid",C1=CC2=C(C=CC(=C2)C(=O)O)C=C1C(=O)O,1340,1141-38-4,RXOHFPCZGPKIRD-UHFFFAOYSA-N,216.19
"2,6-Octadien-1-ol, 2,7-dimethyl-, (2E)-",CC(=CCCC=C(C)CO)C,5130,22410-74-8,JSMKSZJPQZMEHN-UHFFFAOYSA-N,154.25
"2,6-Pyridinedicarboxylic acid",C1=CC(=NC(=C1)C(=O)O)C(=O)O,9014,499-83-2,WJJMNDUMQPNECX-UHFFFAOYSA-N,167.12
"2,7,10-Trimethyldodecane",CCC(C)CCC(C)CCCCC(C)C,13402,74645-98-0,JCJGCZBSINPZAJ-UHFFFAOYSA-N,212.41
"2,7-Biphenylenedicarboxylic acid",C1=CC2=C(C=C1C(=O)O)C3=C2C=CC(=C3)C(=O)O,12647,69417-80-7,RLGRVKKAMSZUSJ-UHFFFAOYSA-N,240.21
"2,7-Di-tert-butylfluorene",CC(C)(C)C1=CC2=C(C=C1)C3=C(C2)C=C(C=C3)C(C)(C)C,10281,58775-05-6,DFZYPLLGAQIQTD-UHFFFAOYSA-N,278.4
"2,7-Dichlorodibenzo-P-dioxin",C1=CC2=C(C=C1Cl)OC3=C(O2)C=C(C=C3)Cl,7560,33857-26-0,NBFMTHWVRBOVPE-UHFFFAOYSA-N,253.08
"2,7-Dimethyl-1,2,3,4-tetrahydronaphthalene",CC1CCC2=C(C1)C=C(C=C2)C,2255,13065-07-1,SOAPJKOPHBEWOH-UHFFFAOYSA-N,160.25
"2,7-Dimethyl-1-octanol",CC(C)CCCCC(C)CO,3417,15250-22-3,FNLOIWOIWFHQSI-UHFFFAOYSA-N,158.28
"2,7-Dimethylpyrene",CC1=CC2=C3C(=C1)C=CC4=CC(=CC(=C43)C=C2)C,3548,15679-24-0,GSKHIRFMTJUBSM-UHFFFAOYSA-N,230.3
"2,7-Dimethylquinoline",CC1=CC2=C(C=C1)C=CC(=N2)C,15550,93-37-8,QXKPLNCZSFACPU-UHFFFAOYSA-N,157.21
"2,8,9-Trioxa-5-aza-1-borabicyclo[3.3.3]undecane",B12OCCN(CCO1)CCO2,6659,283-56-7,NKPKVNRBHXOADG-UHFFFAOYSA-N,156.98
"2,8-Diaminopyrimido(5,4-g)pteridine-4,6(1H,7H)-dione",C12=C(N=C3C(=N1)C(=O)NC(=N3)N)N=C(NC2=O)N,4810,207283-72-5,RKXYMLOOMRYDON-UHFFFAOYSA-N,246.19
"2,8-Dimethyldibenzothiophene",CC1=CC2=C(C=C1)SC3=C2C=C(C=C3)C,1700,1207-15-4,RRYWCJRYULRSJM-UHFFFAOYSA-N,212.31
"2,8-Dimethylundecane",CCCC(C)CCCCCC(C)C,4044,17301-25-6,HBILMYFNYGGWLO-UHFFFAOYSA-N,184.36
"2,8-Nonanedione",CC(=O)CCCCCC(=O)C,7050,30502-73-9,APAPZQYXOGNKGH-UHFFFAOYSA-N,156.22
"2,9-Benzodioxacyclododecin-1,10-dione, 3,4,5,6,7,8-hexahydro-",C1CCCOC(=O)C2=CC=CC=C2C(=O)OCC1,3902,16709-50-5,DGMTZMCDDBNVPU-UHFFFAOYSA-N,248.27
"2,9-Dichloro-5,12-dihydroquino[2,3-b]acridine-7,14-dione",C1=CC2=C(C=C1Cl)C(=O)C3=CC4=C(C=C3N2)C(=O)C5=C(N4)C=CC(=C5)Cl,7149,3089-17-6,XPZQBGDNVOHQIS-UHFFFAOYSA-N,381.2
"2,9-Dichloro-5,12-dihydroquino[2,3-b]acridine-7,14-dione",C1=CC2=C(C=C1Cl)C(=O)C3=CC4=C(C=C3N2)C(=O)C5=C(N4)C=CC(=C5)Cl,10837,61932-63-6,XPZQBGDNVOHQIS-UHFFFAOYSA-N,381.2
"2,9-Dimethyl-5-decyne",CC(C)CCC#CCCC(C)C,4589,19550-56-2,RCFYJIGZQAOTFV-UHFFFAOYSA-N,166.3
"2,9-Dimethylanthra(2,1,9-def:6,5,10-d'e'f')diisoquinoline-1,3,8,10(2H,9H)-tetrone",CN1C(=O)C2=C3C(=CC=C4C3=C(C=C2)C5=C6C4=CC=C7C6=C(C=C5)C(=O)N(C7=O)C)C1=O,9781,5521-31-3,PJQYNUFEEZFYIS-UHFFFAOYSA-N,418.4
"2,9-Dimethyldecane",CC(C)CCCCCCC(C)C,53,1002-17-1,HWISDPDDDUZJAW-UHFFFAOYSA-N,170.33
"2,9-Dimethylquinacridone",CC1=CC2=C(C=C1)NC3=CC4=C(C=C3C2=O)NC5=C(C4=O)C=C(C=C5)C,16016,980-26-7,TXWSZJSDZKWQAU-UHFFFAOYSA-N,340.4
2-(((2-Ethylhexyl)oxy)carbonyl)benzoic acid,CCCCC(CC)COC(=O)C1=CC=CC=C1C(=O)O,8571,4376-20-9,DJDSLBVSSOQSLW-UHFFFAOYSA-N,278.34
2-(((Dodecylthio)carbonothioyl)thio)-2-methylpropanoic acid,CCCCCCCCCCCCSC(=S)SC(C)(C)C(=O)O,8815,461642-78-4,DZFGVGDQHQHOKZ-UHFFFAOYSA-N,364.6
2-((2-(2-(Dimethylamino)ethoxy)ethyl)(methyl)amino)ethanol,CN(C)CCOCCN(C)CCO,14384,83016-70-0,NCUPDIHWMQEDPR-UHFFFAOYSA-N,190.28
2-((2-(Dimethylamino)ethyl)(methyl)amino)ethanol,CN(C)CCN(C)CCO,5067,2212-32-0,LSYBWANTZYUTGJ-UHFFFAOYSA-N,146.23
2-((2-Methyl-1-oxoallyl)oxy)ethyl 6-hydroxyhexanoate,CC(=C)C(=O)OCCOC(=O)CCCCCO,14597,85099-10-1,IHYBDNMNEPKOEB-UHFFFAOYSA-N,244.28
"2-((4-(3-(4-Chlorophenyl)-4,5-dihydro-1H-pyrazol-1-yl)phenyl)sulphonyl)ethanol",C1CN(N=C1C2=CC=C(C=C2)Cl)C3=CC=C(C=C3)S(=O)(=O)CCO,7855,3656-22-2,WCXDRTSNSUAZLB-UHFFFAOYSA-N,364.8
"2-((4aS,8R,8aR)-4a,8-Dimethyl-3,4,4a,5,6,7,8,8a-octahydronaphthalen-2-yl)propan-2-ol",CC1CCCC2(C1C=C(CC2)C(C)(C)O)C,16220,194607-96-0,YAQHBZWQFWXJOL-UHFFFAOYSA-N,222.37
2-((6-Methylpyridin-2-yl)amino)-2-oxoacetic acid,CC1=NC(=CC=C1)NC(=O)C(=O)O,9066,503562-63-8,JFRJFGDUOKKSSI-UHFFFAOYSA-N,180.16
"2-(1,1-Dimethylethyl)-4-(1-methyl-1-phenylethyl)phenol",CC(C)(C)C1=C(C=CC(=C1)C(C)(C)C2=CC=CC=C2)O,9935,56187-92-9,UYHCLPYFSWPVDZ-UHFFFAOYSA-N,268.4
"2-(1,3-Benzothiazol-2-ylthio)succinic acid",C1=CC=C2C(=C1)N=C(S2)SC(CC(=O)O)C(=O)O,15787,95154-01-1,KRDSXENYLDIORL-UHFFFAOYSA-N,283.3
2-(1-Cyano-1-methylethyl)azocarboxamide,CC(C)(C#N)N=NC(=O)N,355,10288-28-5,CKSAKVMRQYOFBC-UHFFFAOYSA-N,140.14
2-(1-Cyclohexenyl)cyclohexanone,C1CCC(=CC1)C2CCCCC2=O,3346,1502-22-3,GVNVAWHJIKLAGL-UHFFFAOYSA-N,178.27
2-(1-Hydroxycycloheptyl)-furan,C1CCCC(CC1)(C2=CC=CO2)O,1387,115754-89-7,AURDSNDBCQNDDI-UHFFFAOYSA-N,180.24
2-(1-Oxa-4-azaspiro(4.5)dec-4-yl)ethyl methacrylate,CC(=C)C(=O)OCCN1CCOC12CCCCC2,8440,4203-89-8,DCEYPVNNJBGUHA-UHFFFAOYSA-N,253.34
2-(1-Phenylethyl)phenol,CC(C1=CC=CC=C1)C2=CC=CC=C2O,6366,26857-99-8,WYZIVNCBUWDCOZ-UHFFFAOYSA-N,198.26
2-(1-Phenylethyl)phenol,CC(C1=CC=CC=C1)C2=CC=CC=C2O,8475,4237-44-9,WYZIVNCBUWDCOZ-UHFFFAOYSA-N,198.26
"2-(2,2-Dimethoxy-1,2-azasilolidin-1-yl)ethan-1-amine",CO[Si]1(CCCN1CCN)OC,10820,618914-51-5,TZBLRTMGLVRDRL-UHFFFAOYSA-N,190.32
"2-(2,3-Epoxypropoxy)furan",C1C(O1)COC2=CC=CO2,6115,26130-15-4,RNMHNKUEFKIYQW-UHFFFAOYSA-N,140.14
2-(2-(2-(Dodecyloxy)ethoxy)ethoxy)ethyl hydrogen maleate,CCCCCCCCCCCCOCCOCCOCCOC(=O)/C=C\C(=O)O,11652,66104-67-4,LSDNCMFQVGKKGP-SEYXRHQNSA-N,416.5
2-(2-(2-Hydroxyethoxy)ethoxy)ethyl octanoate,CCCCCCCC(=O)OCCOCCOCCO,6676,28397-10-6,YIXVNSVLWYQVSM-UHFFFAOYSA-N,276.37
2-(2-(2-Hydroxypropoxy)propoxy)-1-propanol,CC(CO)OCC(C)OCC(C)O,5524,24800-44-0,LCZVSXRMYJUNFX-UHFFFAOYSA-N,192.25
2-(2-(Methacroyloxy)propoxy)-1-propanol 1-methacrylate,CC(COC(C)COC(=O)C(=C)C)OC(=O)C(=C)C,11280,64111-89-3,JFZBUNLOTDDXNY-UHFFFAOYSA-N,270.32
2-(2-Aminoethoxy)ethanol,C(COCCO)N,15531,929-06-6,GIAFURWZWWWBQT-UHFFFAOYSA-N,105.14
2-(2-Butoxyethoxy)ethanol,CCCCOCCOCCO,1223,112-34-5,OAYXUHPQHDHDDZ-UHFFFAOYSA-N,162.23
2-(2-Butoxyethoxy)ethyl acetate,CCCCOCCOCCOC(=O)C,1977,124-17-4,VXQBJTKSVGFQOL-UHFFFAOYSA-N,204.26
2-(2-Butoxyethoxy)ethyl benzoate,CCCCOCCOCCOC(=O)C1=CC=CC=C1,9689,5451-84-3,VZEMMDRNJASTTN-UHFFFAOYSA-N,266.33
2-(2-Butoxyethoxy)ethyl methacrylate,CCCCOCCOCCOC(=O)C(=C)C,13156,7328-22-5,QGTBRAFPWNISIJ-UHFFFAOYSA-N,230.3
2-(2-Dodecoxyethoxy)acetic acid,CCCCCCCCCCCCOCCOCC(=O)O,6485,27306-90-7,OUNZARDETXBPIX-UHFFFAOYSA-N,288.42
2-(2-Ethoxyethoxy)ethyl acetate,CCOCCOCCOC(=O)C,1212,112-15-2,FPZWZCWUIYYYBU-UHFFFAOYSA-N,176.21
2-(2-Ethoxyethoxy)ethyl acrylate,CCOCCOCCOC(=O)C=C,13155,7328-17-8,FTALTLPZDVFJSS-UHFFFAOYSA-N,188.22
2-(2-Ethylhexyloxy)ethanol,CCCCC(CC)COCCO,3499,1559-35-9,OHJYHAOODFPJOD-UHFFFAOYSA-N,174.28
2-(2-Hydroxy-4-octyloxyphenyl)-2h-benzotriazole,CCCCCCCCOC1=CC(=C(C=C1)N2N=C3C=CC=CC3=N2)O,7228,3147-77-1,ITLDHFORLZTRJI-UHFFFAOYSA-N,339.4
2-(2-Hydroxyethoxy)ethyl (2-hydroxyethyl) terephthalate,C1=CC(=CC=C1C(=O)OCCO)C(=O)OCCOCCO,11525,65133-69-9,AYVLVEOLEKBOTB-UHFFFAOYSA-N,298.29
2-(2-Hydroxyethoxy)ethyl benzoate,C1=CC=C(C=C1)C(=O)OCCOCCO,4787,20587-61-5,DNUPYEDSAQDUSO-UHFFFAOYSA-N,210.23
2-(2-Hydroxyphenyl)-2h-benzotriazole,C1=CC=C(C(=C1)N2N=C3C=CC=CC3=N2)O,144,10096-91-0,FJGQBLRYBUAASW-UHFFFAOYSA-N,211.22
2-(2-Hydroxypropoxy)propan-1-ol,CC(CO)OCC(C)O,662,106-62-7,DUFKCOQISQKSAV-UHFFFAOYSA-N,134.17
2-(2-Lactoyloxy-propionyloxy)-propionic acid,CC(C(=O)OC(C)C(=O)OC(C)C(=O)O)O,13988,78024-33-6,IGABGAGBGCONFE-UHFFFAOYSA-N,234.2
2-(2-Methoxyethoxy)ethanol,COCCOCCO,1118,111-77-3,SBASXUCJHJRPEV-UHFFFAOYSA-N,120.15
2-(2-Methoxyethoxy)ethyl methacrylate,CC(=C)C(=O)OCCOCCOC,8750,45103-58-0,DAVVKEZTUOGEAK-UHFFFAOYSA-N,188.22
2-(2-Methyl-2-propenyl)-2-cyclohexen-1-one,CC(=C)CC1=CCCCC1=O,4470,18926-98-2,VTWMIJUSLDSTQJ-UHFFFAOYSA-N,150.22
2-(2-Phenoxyethoxy)ethanol,C1=CC=C(C=C1)OCCOCCO,497,104-68-7,ZUAURMBNZUCEAF-UHFFFAOYSA-N,182.22
2-(2-Phenoxyethoxy)ethyl 2-methylprop-2-enoate,CC(=C)C(=O)OCCOCCOC1=CC=CC=C1,13748,77136-95-9,WTJTUKSVRGVSNZ-UHFFFAOYSA-N,250.29
2-(2-{2-[2-(2-Methoxy-ethoxy)-ethoxy]-ethoxy}-ethoxy)-ethanol,COCCOCCOCCOCCOCCO,5315,23778-52-1,SLNYBUIEAMRFSZ-UHFFFAOYSA-N,252.3
"2-(2H-Benzo[d][1,2,3]triazol-2-yl)-4,6-di-tert-butylphenol",CC(C)(C)C1=CC(=C(C(=C1)N2N=C3C=CC=CC3=N2)O)C(C)(C)C,8091,3846-71-7,LHPPDQUVECZQSW-UHFFFAOYSA-N,323.4
"2-(2H-Benzotriazol-2-yl)-4,6-bis(1-methyl-1-phenylethyl)phenol",CC(C)(C1=CC=CC=C1)C2=CC(=C(C(=C2)N3N=C4C=CC=CC4=N3)O)C(C)(C)C5=CC=CC=C5,12756,70321-86-7,OLFNXLXEGXRUOI-UHFFFAOYSA-N,447.6
2-(2H-Benzotriazol-2-yl)-4-(tert-butyl)-6-(sec-butyl)phenol,CCC(C)C1=C(C(=CC(=C1)C(C)(C)C)N2N=C3C=CC=CC3=N2)O,7839,36437-37-3,RTNVDKBRTXEWQE-UHFFFAOYSA-N,323.4
2-(2H-Benzotriazol-2-yl)-4-methyl-6-(2-propenyl)phenol,CC1=CC(=C(C(=C1)N2N=C3C=CC=CC3=N2)O)CC=C,5000,2170-39-0,YKONWVIRECCMQE-UHFFFAOYSA-N,265.31
2-(2H-Benzotriazol-2-yl)-4-tert-butylphenol,CC(C)(C)C1=CC(=C(C=C1)O)N2N=C3C=CC=CC3=N2,7227,3147-76-0,WXHVQMGINBSVAY-UHFFFAOYSA-N,267.33
2-(2H-Benzotriazol-2-yl)-6-dodecyl-4-methylphenol,CCCCCCCCCCCCC1=C(C(=CC(=C1)C)N2N=C3C=CC=CC3=N2)O,5244,23328-53-2,VQMHSKWEJGIXGA-UHFFFAOYSA-N,393.6
"2-(3,4-Epoxycyclohexyl)ethyltrimethoxysilane",CO[Si](CCC1CCC2C(C1)O2)(OC)OC,426,103432-54-8,DQZNLOXENNXVAD-UHFFFAOYSA-N,246.37
"2-(3,4-Epoxycyclohexyl)ethyltrimethoxysilane",CO[Si](CCC1CCC2C(C1)O2)(OC)OC,7564,3388-04-3,DQZNLOXENNXVAD-UHFFFAOYSA-N,246.37
"2-(3-Fluorophenyl)tetrahydroimidazo[1,5-a]pyridine-1,3(2h,5h)-dione",C1CCN2C(C1)C(=O)N(C2=O)C3=CC(=CC=C3)F,10541,60725-62-4,YVCJMNSBDCPIIG-UHFFFAOYSA-N,248.25
"2-(3-Hydroxypropyl)-6-[(3-hydroxypropyl)amino]-1h-benz[de]isoquinoline-1,3(2h)-dione",C1=CC2=C(C=CC3=C2C(=C1)C(=O)N(C3=O)CCCO)NCCCO,9452,52821-24-6,WPQGAQRPOWJJGT-UHFFFAOYSA-N,328.4
"2-(3-Methoxypropyl)-1H-thioxantheno(2,1,9-def)isoquinoline-1,3(2H)-dione",COCCCN1C(=O)C2=C3C(=CC=C4C3=C(C=C2)C5=CC=CC=C5S4)C1=O,2996,14121-47-2,GIEARNNTYXJWQQ-UHFFFAOYSA-N,375.4
2-(3-Oxazolidinyl)ethyl methacrylate,CC(=C)C(=O)OCCN1CCOC1,8823,46235-93-2,FGERRMPOTZKDOB-UHFFFAOYSA-N,185.22
2-(3-Thienyl)benzothiazole,C1=CC=C2C(=C1)N=C(S2)C3=CSC=C3,9968,56421-77-3,WJHVDQBJNAXATN-UHFFFAOYSA-N,217.3
"2-(4,6-Diphenyl-1,3,5-triazin-2-yl)-5-[(hexyl)oxy]-phenol",CCCCCCOC1=CC(=C(C=C1)C2=NC(=NC(=N2)C3=CC=CC=C3)C4=CC=CC=C4)O,3238,147315-50-2,LEVFXWNQQSSNAC-UHFFFAOYSA-N,425.5
"2-(4,6-Diphenyl-1,3,5-triazin-2-yl)-5-methoxyphenol",COC1=CC(=C(C=C1)C2=NC(=NC(=N2)C3=CC=CC=C3)C4=CC=CC=C4)O,719,106556-36-9,UUINYPIVWRZHAG-UHFFFAOYSA-N,355.4
2-(4-Aminophenyl)-1H-benzimidazol-5-amine,C1=CC(=CC=C1C2=NC3=C(N2)C=C(C=C3)N)N,13617,7621-86-5,XAFOTXWPFVZQAZ-UHFFFAOYSA-N,224.26
2-(4-Aminophenyl)ethylamine,C1=CC(=CC=C1CCN)N,2643,13472-00-9,LNPMZQXEPNWCMG-UHFFFAOYSA-N,136.19
2-(4-Benzoyl-3-hydroxyphenoxy)ethyl 2-methylprop-2-enoate,CC(=C)C(=O)OCCOC1=CC(=C(C=C1)C(=O)C2=CC=CC=C2)O,3884,16613-04-0,DOZGRCMRCPSZHG-UHFFFAOYSA-N,326.3
2-(4-Benzoyl-3-hydroxyphenoxy)ethyl acrylate,C=CC(=O)OCCOC1=CC(=C(C=C1)C(=O)C2=CC=CC=C2)O,3838,16432-81-8,NMMXJQKTXREVGN-UHFFFAOYSA-N,312.3
2-(4-Chlorophenoxy)ethanol,C1=CC(=CC=C1OCCO)Cl,4464,1892-43-9,GEGSSUSEWOHAFE-UHFFFAOYSA-N,172.61
2-(4-Dodecylphenyl)-1H-indole,CCCCCCCCCCCCC1=CC=C(C=C1)C2=CC3=CC=CC=C3N2,9307,52047-59-3,BTFUHFBRQZAJRT-UHFFFAOYSA-N,361.6
2-(4-methoxyphenyl)-1H-benzimidazole,COC1=CC=C(C=C1)C2=NC3=CC=CC=C3N2,6139,2620-81-7,PYRWEZBEXFMUHH-UHFFFAOYSA-N,224.26
2-(4-tert-Butylphenoxy)ethanol,CC(C)(C)C1=CC=C(C=C1)OCCO,12904,713-46-2,KGPFHDDLZCYWAO-UHFFFAOYSA-N,194.27
"2-(6-Oxido-6H-dibenz[c,e][1,2]oxaphosphorin-6-yl)butanedioic acid",C1=CC=C2C(=C1)C3=CC=CC=C3P(=O)(O2)C(CC(=O)O)C(=O)O,11156,63562-39-0,XUKQTRYCLLDCIG-UHFFFAOYSA-N,332.24
2-(7-Heptadecynyloxy)tetrahydro-2H-pyran,CCCCCCCCCC#CCCCCCCOC1CCCCO1,9992,56599-50-9,ONANHJGDQJCYMD-UHFFFAOYSA-N,336.6
2-(8-Heptadecenyl)-2-imidazoline-1-ethanol,CCCCCCCC/C=C/CCCCCCCC1=NCCN1CCO,15751,95-38-5,WGTDLPBPQKAPMN-MDZDMXLPSA-N,350.6
2-(Acryloyloxy)ethyl 3-phenylprop-2-enoate,C=CC(=O)OCCOC(=O)C=CC1=CC=CC=C1,9308,52049-17-9,WWFHNTLFRMYXKQ-UHFFFAOYSA-N,246.26
2-(Benz[cd]indol-2-ylamino)-5-nitrobenzonitrile,C1=CC2=C3C(=C1)C(=NC3=CC=C2)NC4=C(C=C(C=C4)[N+](=O)[O-])C#N,11855,67880-03-9,NAOQLIFUGIWVFH-UHFFFAOYSA-N,314.3
2-(Benzyloxy)ethanol,C1=CC=C(C=C1)COCCO,10895,622-08-2,CUZKCNWZBXLAJX-UHFFFAOYSA-N,152.19
"2-(Bromomethyl)-2-(2-methylphenyl)-1,3-dioxolane",CC1=CC=CC=C1C2(OCCO2)CBr,5376,24169-43-5,YDMVKSOPAXNKMW-UHFFFAOYSA-N,257.12
2-(Dibutylamino)ethanol,CCCCN(CCCC)CCO,299,102-81-8,IWSZDQRGNFLMJS-UHFFFAOYSA-N,173.3
2-(Diethylamino)ethyl acrylate,CCN(CC)CCOC(=O)C=C,5398,2426-54-2,QHVBLSNVXDSMEB-UHFFFAOYSA-N,171.24
2-(Diethylamino)ethyl methacrylate,CCN(CC)CCOC(=O)C(=C)C,559,105-16-8,SJIXRGNQPBQWMK-UHFFFAOYSA-N,185.26
2-(Dimethylamino)-2-methylpropan-1-ol,CC(C)(CO)N(C)C,12711,7005-47-2,XRIBIDPMFSLGFS-UHFFFAOYSA-N,117.19
2-(Dimethylamino)ethyl acetate,CC(=O)OCCN(C)C,3041,1421-89-2,GOLSFPMYASLXJC-UHFFFAOYSA-N,131.17
2-(Dimethylamino)ethyl acrylate,CN(C)CCOC(=O)C=C,5432,2439-35-2,DPBJAVGHACCNRL-UHFFFAOYSA-N,143.18
2-(Dodecyldimethylammonio)acetate,CCCCCCCCCCCC[N+](C)(C)CC(=O)[O-],12084,683-10-3,DVEKCXOJTLDBFE-UHFFFAOYSA-N,271.44
2-(Dodecyloxy)ethanol,CCCCCCCCCCCCOCCO,8775,4536-30-5,SFNALCNOMXIBKG-UHFFFAOYSA-N,230.39
2-(Hexyloxy)ethanol,CCCCCCOCCO,1217,112-25-4,UPGSWASWQBLSKZ-UHFFFAOYSA-N,146.23
"2-(Hydroxymethyl)-2-[(methoxymethoxy)methyl]-1,3-propanediol",COCOCC(CO)(CO)CO,12425,68658-38-8,KHWWPHKWVCLYNI-UHFFFAOYSA-N,180.2
"2-(Methacryloyloxy)ethyl 1,3-dioxo-1,3-dihydroisobenzofuran-5-carboxylate",CC(=C)C(=O)OCCOC(=O)C1=CC2=C(C=C1)C(=O)OC2=O,12755,70293-55-9,RMCCONIRBZIDTH-UHFFFAOYSA-N,304.25
2-(Methacryloyloxy)ethyl acetoacetate,CC(=C)C(=O)OCCOC(=O)CC(=O)C,4916,21282-97-3,IBDVWXAVKPRHCU-UHFFFAOYSA-N,214.21
2-(Methylamino)ethanol,CNCCO,949,109-83-1,OPKOKAMJFNKNAS-UHFFFAOYSA-N,75.11
2-(Methyldithio)isobutyraldehyde,CC(C)(C=O)SSC,11879,67952-60-7,VLBWEJJOETYCSE-UHFFFAOYSA-N,150.3
2-(Methylthio)benzothiazole,CSC1=NC2=CC=CC=C2S1,10661,615-22-5,UTBVIMLZIRIFFR-UHFFFAOYSA-N,181.3
2-(Methylthio)benzothiazole,CSC1=NC2=CC=CC=C2S1,11253,64036-43-7,UTBVIMLZIRIFFR-UHFFFAOYSA-N,181.3
2-(Methylthio)phenyl isothiocyanate,CSC1=CC=CC=C1N=C=S,9214,51333-75-6,SIODOISHDGRELW-UHFFFAOYSA-N,181.3
2-(Morpholinodithio)benzothiazole,C1COCCN1SSC2=NC3=CC=CC=C3S2,15748,95-32-9,QRYFCNPYGUORTK-UHFFFAOYSA-N,284.4
2-(Morpholinothio)benzothiazole,C1COCCN1SC2=NC3=CC=CC=C3S2,296,102-77-2,MHKLKWCYGIBEQF-UHFFFAOYSA-N,252.4
"2-(N,N-Dimethylamino)ethyl methacrylate",CC(=C)C(=O)OCCN(C)C,6726,2867-47-2,JKNCOURZONDCGV-UHFFFAOYSA-N,157.21
2-(N-Ethylanilino)ethanol,CCN(CCO)C1=CC=CC=C1,15450,92-50-2,HYVGFUIWHXLVNV-UHFFFAOYSA-N,165.23
2-(N-Morpholino)ethanesulfonic acid,C1COCCN1CCS(=O)(=O)O,8600,4432-31-9,SXGZJKUKBWWHRA-UHFFFAOYSA-N,195.24
2-(Nonylphenoxy)ethanol,CCCCCCCCCC1=CC=CC=C1OCCO,6606,27986-36-3,IEORSVTYLWZQJQ-UHFFFAOYSA-N,264.4
2-(Nonylphenoxy)ethanol,CCCCCCCCCC1=CC=CC=C1OCCO,15548,93-32-3,IEORSVTYLWZQJQ-UHFFFAOYSA-N,264.4
2-(o-Tolylazo)-p-cresol,CC1=CC(=C(C=C1)O)N=NC2=CC=CC=C2C,11204,6370-43-0,GUOVYFDMGDEHNM-UHFFFAOYSA-N,226.27
2-(Octadecyloxy)ethanol,CCCCCCCCCCCCCCCCCCOCCO,4931,2136-72-3,ICIDSZQHPUZUHC-UHFFFAOYSA-N,314.5
2-(Octyloxy)ethanol,CCCCCCCCOCCO,59,10020-43-6,ZQCIMPBZCZUDJM-UHFFFAOYSA-N,174.28
2-(Octylphenoxy)ethanol,CCCCCCCCC1=CC=CC=C1OCCO,2416,1322-97-0,GLDUZMNCEGHSBP-UHFFFAOYSA-N,250.38
2-(p-Tolyl)pyridine,CC1=CC=C(C=C1)C2=CC=CC=N2,8731,4467-06-5,KJNZQKYSNAQLEO-UHFFFAOYSA-N,169.22
2-(Phenylthio)ethanol,C1=CC=C(C=C1)SCCO,12689,699-12-7,KWWZHCSQVRVQGF-UHFFFAOYSA-N,154.23
2-(Phenylthio)ethyl acrylate,C=CC(=O)OCCSC1=CC=CC=C1,15788,95175-38-5,RHOOUTWPJJQGSK-UHFFFAOYSA-N,208.28
2-(Phosphonooxy)ethyl acrylate,C=CC(=O)OCCOP(=O)(O)O,7325,32120-16-4,UDXXYUDJOHIIDZ-UHFFFAOYSA-N,196.09
2-(Tert-butylamino)ethyl methacrylate,CC(=C)C(=O)OCCNC(C)(C)C,8019,3775-90-4,BEWCNXNIQCLWHP-UHFFFAOYSA-N,185.26
2-(Thiocyanomethylthio)benzothiazole,C1=CC=C2C(=C1)N=C(S2)SCSC#N,4963,21564-17-0,TUBQDCKAWGHZPF-UHFFFAOYSA-N,238.4
2-(Trifluoromethyl)acrylic acid,C=C(C(=O)O)C(F)(F)F,8047,381-98-6,VLSRKCIBHNJFHA-UHFFFAOYSA-N,140.06
2-(Vinyloxy)ethanol,C=COCCO,13641,764-48-7,VUIWJRYTWUGOOF-UHFFFAOYSA-N,88.11
2-({[3-(Methylsulfanyl)phenyl]carbamoyl}oxy)ethyl prop-2-enoate,CSC1=CC=CC(=C1)NC(=O)OCCOC(=O)C=C,1704,1207339-61-4,FYRZOXZLXPDHOF-UHFFFAOYSA-N,281.33
"2-[(2,3-dihydro-1,3-dioxo-1H-isoindol-5-yl)azo]-N-(2,4-dimethylphenyl)-3-oxobutanamide",CC1=CC(=C(C=C1)NC(=O)C(C(=O)C)N=NC2=CC3=C(C=C2)C(=O)NC3=O)C,8093,38489-24-6,GJGFLTAKFLXPES-UHFFFAOYSA-N,378.4
2-[(2S)-2-propylhexyl]phenol,CCCC[C@H](CCC)CC1=CC=CC=C1O,15409,91672-41-2,FQOUJNLDNXFLFW-ZDUSSCGKSA-N,220.35
"2-[(2Z)-2-(2,6-Diamino-4-oxo-5(4H)-pyrimidinylidene)hydrazino]-3-methylbenzenesulfonic acid",CC1=C(C(=CC=C1)S(=O)(=O)O)N=NC2=C(N=C(NC2=O)N)N,2514,1333483-07-0,HRWDIJMZQCVJJT-UHFFFAOYSA-N,324.32
"2-[(3,5-Dimethylpyrazole-1-carbonyl)amino]ethyl 2-methylprop-2-enoate",CC1=CC(=NN1C(=O)NCCOC(=O)C(=C)C)C,5006,217437-44-0,VBYHQOZQQATUHH-UHFFFAOYSA-N,251.28
"2-[(4-Chloro-2-nitrophenyl)azo]-N-(2,3-dihydro-2-oxo-1H-benzimidazol-5-yl)-3-oxobutyramide",CC(=O)C(C(=O)NC1=CC2=C(C=C1)NC(=O)N2)N=NC3=C(C=C(C=C3)Cl)[N+](=O)[O-],1842,12236-62-3,DLQMNSDNQWLFSS-UHFFFAOYSA-N,416.8
"2-[(4-chloro-2-nitrophenyl)azo]-N-(2,4-dimethylphenyl)-3-oxobutyramide",CC1=CC(=C(C=C1)NC(=O)C(C(=O)C)N=NC2=C(C=C(C=C2)Cl)[N+](=O)[O-])C,11487,6486-26-6,GPZGURVRGFCPNQ-UHFFFAOYSA-N,388.8
2-[(4-chloro-2-nitrophenyl)azo]-N-(4-chloro-o-tolyl)-3-oxobutyramide,CC1=C(C=CC(=C1)Cl)NC(=O)C(C(=O)C)N=NC2=C(C=C(C=C2)Cl)[N+](=O)[O-],7355,32432-45-4,WLFKZMHSYFTYSW-UHFFFAOYSA-N,409.2
2-[(4-Chloro-2-nitrophenyl)azo]-N-(4-ethoxyphenyl)-3-oxobutyramide,CCOC1=CC=C(C=C1)NC(=O)C(C(=O)C)N=NC2=C(C=C(C=C2)Cl)[N+](=O)[O-],9350,52320-66-8,ZCDDNAUHUZEVSJ-UHFFFAOYSA-N,404.8
2-[(Aminocarbonyl)oxy]propyl 2-propenoate,CC(COC(=O)C=C)OC(=O)N,270,1019330-13-2,GJKMBIAJMOZQCG-UHFFFAOYSA-N,173.17
2-[(o-Nitrophenyl)azo]acetoacetanilide,CC(=O)C(C(=O)NC1=CC=CC=C1)N=NC2=CC=CC=C2[N+](=O)[O-],8322,4106-67-6,FCUWHABSNJYYDW-UHFFFAOYSA-N,326.31
2-[({[(Butan-2-ylidene)amino]oxy}carbonyl)amino]ethyl 2-methylprop-2-enoate,CCC(=NOC(=O)NCCOC(=O)C(=C)C)C,14004,78279-10-4,AILNGZQURMVSDH-UHFFFAOYSA-N,242.27
"2-[1,3,5,7-Tetraoxo-2-(2-prop-2-enoyloxyethyl)pyrrolo[3,4-f]isoindol-6-yl]ethyl prop-2-enoate",C=CC(=O)OCCN1C(=O)C2=CC3=C(C=C2C1=O)C(=O)N(C3=O)CCOC(=O)C=C,12947,717132-69-9,SOVNVKUJRBANQX-UHFFFAOYSA-N,412.3
2-[2-(2-Ethoxyethoxy)ethoxy]ethyl methacrylate,CCOCCOCCOCCOC(=O)C(=C)C,8209,39670-09-2,RBFPEAGEJJSYCX-UHFFFAOYSA-N,246.3
2-[2-(2-Hydroxyphenyl)-2-oxoethoxy]benzoic acid,C1=CC=C(C(=C1)C(=O)COC2=CC=CC=C2C(=O)O)O,2414,1322-77-6,AHRSDJSWAISEMM-UHFFFAOYSA-N,272.25
2-[2-(4-Benzoylphenoxy)ethoxy]ethyl methacrylate,CC(=C)C(=O)OCCOCCOC1=CC=C(C=C1)C(=O)C2=CC=CC=C2,4950,2149581-44-0,FNAMGIUYFNNCNP-UHFFFAOYSA-N,354.4
2-[2-(4-Nonylphenoxy)ethoxy]ethanol,CCCCCCCCCC1=CC=C(C=C1)OCCOCCO,4747,20427-84-3,BLXVTZPGEOGTGG-UHFFFAOYSA-N,308.5
2-[2-(Dimethylamino)ethoxy]ethanol,CN(C)CCOCCO,3994,1704-62-7,YSAANLSYLSUVHB-UHFFFAOYSA-N,133.19
"2-[2-(Dimethylamino)ethoxy]ethyl ({5-[({2-[2-(dimethylamino)ethoxy]ethoxy}carbonyl)amino]-1,3,3-trimethylcyclohexyl}methyl)carbamate",CC1(CC(CC(C1)(C)CNC(=O)OCCOCCN(C)C)NC(=O)OCCOCCN(C)C)C,7692,351197-46-1,ALANNFAXTFZBEG-UHFFFAOYSA-N,488.7
"2-[2-[2-(4-chlorophenyl)-4-(3,4-dihydropyrazol-2-yl)phenyl]sulfonylethoxy]-N,N-dimethylethanamine",CN(C)CCOCCS(=O)(=O)C1=C(C=C(C=C1)N2CCC=N2)C3=CC=C(C=C3)Cl,11648,6608-80-6,YXWITWSXVDBYQY-UHFFFAOYSA-N,436
2-[2-Hydroxy-5-[2-(methacryloyloxy)ethyl]phenyl]-2H-benzotriazole,CC(=C)C(=O)OCCC1=CC(=C(C=C1)O)N2N=C3C=CC=CC3=N2,15898,96478-09-0,VCYCUECVHJJFIQ-UHFFFAOYSA-N,323.3
2-[2-Hydroxyethyl(tridecyl)amino]ethanol,CCCCCCCCCCCCCN(CCO)CCO,4308,18312-57-7,PGNNMVAZUOZRSM-UHFFFAOYSA-N,287.5
2-[2-Hydroxyethyl(tridecyl)amino]ethanol,CCCCCCCCCCCCCN(CCO)CCO,17848,,PGNNMVAZUOZRSM-UHFFFAOYSA-N,287.5
"2-[2-Methoxy-5-(1,1,3,3-tetramethylbutyl)phenyl]-2H-benzotriazole",CC(C)(C)CC(C)(C)C1=CC(=C(C=C1)OC)N2N=C3C=CC=CC3=N2,39,1000408-33-2,KKANHDGBQSFAIB-UHFFFAOYSA-N,337.5
"2-[4-(1,1-Dimethylpropyl)phenoxy]ethanol",CCC(C)(C)C1=CC=C(C=C1)OCCO,11229,6382-07-6,BXXDXUTVAFRBKC-UHFFFAOYSA-N,208.3
2-[7-(Diethylamino)-2-oxo-2H-1-benzopyran-3-YL]quinazolin-4(1H)-one,CCN(CC)C1=CC2=C(C=C1)C=C(C(=O)O2)C3=NC4=CC=CC=C4C(=O)N3,6744,28754-28-1,WFUSRMKEOWVDPU-UHFFFAOYSA-N,361.4
"2-[[(9Z,12Z)-9,12-Octadecadienyl]oxy]ethanol",CCCCCC=CCC=CCCCCCCCCOCCO,4086,17367-08-7,LPJRIXGJBNDMDD-UHFFFAOYSA-N,310.5
2-[[(Butylamino)carbonyl]oxy]ethyl acrylate,CCCCNC(=O)OCCOC(=O)C=C,11108,63225-53-6,FLKHVLRENDBIDB-UHFFFAOYSA-N,215.25
"2-[[1-[[(2,3-Dihydro-2-oxo-1h-benzimidazol-5-yl)amino]carbonyl]-2-oxopropyl]azo]benzoic acid",CC(=O)C(C(=O)NC1=CC2=C(C=C1)NC(=O)N2)N=NC3=CC=CC=C3C(=O)O,7291,31837-42-0,YMFWVWDPPIWORA-UHFFFAOYSA-N,381.3
2-[[2-(2-Hydroxyethoxy)ethyl](4-methylphenyl)amino]ethanol,CC1=CC=C(C=C1)N(CCO)CCOCCO,14843,878391-30-1,FKUHCVFTYNHOQG-UHFFFAOYSA-N,239.31
"2-[[2-Chloro-5-(trifluoromethyl)phenyl]azo]-N-(2,3-dihydro-2-oxo-1H-benzimidazol-5-yl)-3-oxobutyramide",CC(=O)C(C(=O)NC1=CC2=C(C=C1)NC(=O)N2)N=NC3=C(C=CC(=C3)C(F)(F)F)Cl,12124,68399-99-5,DZEAVLGCIUOLBY-UHFFFAOYSA-N,439.8
"2-[[2-Hydroxy-3-[(2-hydroxy-3,5-dimethylphenyl)methyl]-5-methylphenyl]methyl]-4,6-dimethylphenol",CC1=CC(=C(C(=C1)CC2=CC(=CC(=C2O)CC3=CC(=CC(=C3O)C)C)C)O)C,7781,35924-04-0,VZKXQQSFNFJFSC-UHFFFAOYSA-N,376.5
"2-[[3-(Benzotriazol-2-yl)-2-hydroxy-5-methylphenyl]methyl]-4,5,6,7-tetrahydroisoindole-1,3-dione",CC1=CC(=C(C(=C1)N2N=C3C=CC=CC3=N2)O)CN4C(=O)C5=C(C4=O)CCCC5,10346,59129-18-9,UZOYICMDDCNJJG-UHFFFAOYSA-N,388.4
2-[[4-[(2-Carboxyphenyl)carbamoyl]benzoyl]amino]benzoic acid,C1=CC=C(C(=C1)C(=O)O)NC(=O)C2=CC=C(C=C2)C(=O)NC3=CC=CC=C3C(=O)O,8217,3980-13-0,OZTGEJJJJHPYJZ-UHFFFAOYSA-N,404.4
2-[[4-[4-(Oxiran-2-ylmethoxy)phenyl]sulfonylphenoxy]methyl]oxirane,C1C(O1)COC2=CC=C(C=C2)S(=O)(=O)C3=CC=C(C=C3)OCC4CO4,8117,3878-43-1,RLTACIWKRKVZKZ-UHFFFAOYSA-N,362.4
"2-[Bis-(2-hydroxy-ethyl)-amino]-2-hydroxymethyl-propane-1,3-diol",C(CO)N(CCO)C(CO)(CO)CO,12671,6976-37-0,OWMVSZAMULFTJU-UHFFFAOYSA-N,209.24
2-[Di(sec-butoxy)methoxy]butane,CCC(C)OC(OC(C)CC)OC(C)CC,3915,16754-48-6,IFHAZTNQCKGTRS-UHFFFAOYSA-N,232.36
"2-[N-(2-Cyanoethyl)-4-[(2,6-dichloro-4-nitrophenyl)azo]anilino]ethyl acetate",CC(=O)OCCN(CCC#N)C1=CC=C(C=C1)N=NC2=C(C=C(C=C2Cl)[N+](=O)[O-])Cl,9391,5261-31-4,ROPYWXVRNREIQD-UHFFFAOYSA-N,450.3
2-[N-dodecyl-N-methylamino] ethanol,CCCCCCCCCCCCN(C)CCO,7770,35841-91-9,JOLMGYIWICXNDT-UHFFFAOYSA-N,243.43
2-Acetoxy-1-ethoxypropane,CCOCC(C)OC(=O)C,9735,54839-24-6,LIPRQQHINVWJCH-UHFFFAOYSA-N,146.18
2-Acetyl-1-pyrroline,CC(=O)C1=NCCC1,14630,85213-22-5,DQBQWWSFRPLIAX-UHFFFAOYSA-N,111.14
2-Acetylbutyrolactone,CC(=O)C1CCOC1=O,9259,517-23-7,OMQHDIHZSDEIFH-UHFFFAOYSA-N,128.13
2-Acetylnaphthalene,CC(=O)C1=CC2=CC=CC=C2C=C1,15543,93-08-3,XSAYZAUNJMRRIR-UHFFFAOYSA-N,170.21
2-Acetylpyridine,CC(=O)C1=CC=CC=N1,1283,1122-62-9,AJKVQEKCUACUMD-UHFFFAOYSA-N,121.14
2-Acrylamido-2-methyl-1-propanesulfonic acid,CC(C)(CS(=O)(=O)O)NC(=O)C=C,3401,15214-89-8,XHZPRMZZQOIPDS-UHFFFAOYSA-N,207.25
2-Acryloyloxyethyl 2-hydroxyethyl phthalate,C=CC(=O)OCCOC(=O)C1=CC=CC=C1C(=O)OCCO,8040,38056-88-1,OEURXIFGOPBMJF-UHFFFAOYSA-N,308.28
2-Acryloyloxyethyl hexahydrophthalate,C=CC(=O)OCCOC(=O)C1CCCCC1C(=O)O,10064,57043-35-3,UECGJSXCVLTIMQ-UHFFFAOYSA-N,270.28
"2-Adamantanol, 2-(bromomethyl)-",C1C2CC3CC1CC(C2)C3(CBr)O,17686,,PWWUWHMOPRWJLR-UHFFFAOYSA-N,245.16
"2-Allyl-3-hydroxy-2-methylsuccinic acid, 1-ethyl ester",CCOC(=O)C(C)(CC=C)C(C(=O)O)O,1191,111832-94-1,IQPGJBYLJSCWQE-UHFFFAOYSA-N,216.23
2-Allyl-6-methylphenol,CC1=C(C(=CC=C1)CC=C)O,7526,3354-58-3,WREVCRYZAWNLRZ-UHFFFAOYSA-N,148.2
2-Allyloxyethanol,C=CCOCCO,1099,111-45-5,GCYHRYNSUGLLMA-UHFFFAOYSA-N,102.13
2-Allylphenol,C=CCC1=CC=CC=C1O,4107,1745-81-9,QIRNGVVZBINFMX-UHFFFAOYSA-N,134.17
"2-Amino-2-ethyl-1,3-propanediol",CCC(CO)(CO)N,1364,115-70-8,IOAOAKDONABGPZ-UHFFFAOYSA-N,119.16
2-Amino-2-methyl-1-propanol,CC(C)(CO)N,1992,124-68-5,CBTVGIZVANVGBH-UHFFFAOYSA-N,89.14
2-Amino-2-methylpropyl octadecanoate,CCCCCCCCCCCCCCCCCC(=O)OCC(C)(C)N,1410,116778-08-6,OSQFRQIGHNJUPC-UHFFFAOYSA-N,355.6
2-Amino-4-chloro-5-methylbenzenesulfonic acid,CC1=CC(=C(C=C1Cl)N)S(=O)(=O)O,14865,88-51-7,VRLPHBSFRWMMPW-UHFFFAOYSA-N,221.66
2-Amino-4-chloro-6-methoxypyrimidine,COC1=CC(=NC(=N1)N)Cl,10098,5734-64-5,VFEYBTFCBZMBAU-UHFFFAOYSA-N,159.57
"2-Amino-5,6-dimethylbenzothiazole",CC1=CC2=C(C=C1C)SC(=N2)N,6940,29927-08-0,IODWHFFPQHUDAG-UHFFFAOYSA-N,178.26
2-Amino-5-chloro-4-ethylbenzenesulfonic acid,CCC1=CC(=C(C=C1Cl)S(=O)(=O)O)N,14866,88-56-2,DJOIZOKQHNHZPN-UHFFFAOYSA-N,235.69
2-Amino-5-methylbenzenesulfonic acid,CC1=CC(=C(C=C1)N)S(=O)(=O)O,14864,88-44-8,LTPSRQRIPCVMKQ-UHFFFAOYSA-N,187.22
"2-Amino-6-methyl-4,5,6,7-tetrahydro-1-benzothiophene-3-carbonitrile",CC1CCC2=C(C1)SC(=C2C#N)N,8462,42225-04-7,VDMBPDMXBJUYMB-UHFFFAOYSA-N,192.28
"2-amino-7-methyl-7,8-dihydroquinazolin-5(6H)-one",CC1CC2=NC(=NC=C2C(=O)C1)N,14594,850801-35-3,JZVAVPSXDGOXIX-UHFFFAOYSA-N,177.2
2-Aminobenzamide,C1=CC=C(C(=C1)C(=O)N)N,14869,88-68-6,PXBFMLJZNCDSMP-UHFFFAOYSA-N,136.15
2-Aminobiphenyl,C1=CC=C(C=C1)C2=CC=CC=C2N,14973,90-41-5,TWBPWBPGNQWFSJ-UHFFFAOYSA-N,169.22
2-Aminofluorene,C1C2=CC=CC=C2C3=C1C=C(C=C3)N,3422,153-78-6,CFRFHWQYWJMEJN-UHFFFAOYSA-N,181.23
2-Aminooctadec-14-EN-1-OL,CCCC=CCCCCCCCCCCCC(CO)N,14959,89962-22-1,BQVDPIUYKUJERZ-UHFFFAOYSA-N,283.5
"2-Aminooctadeca-3,5-dien-1-OL",CCCCCCCCCCCCC=CC=CC(CO)N,13243,74070-73-8,YWJKMMURCWZLDW-UHFFFAOYSA-N,281.5
"2-Aminooctadecane-1,3,4-triol",CCCCCCCCCCCCCCC(C(C(CO)N)O)O,2697,13552-11-9,AERBNCYCJBRYDG-UHFFFAOYSA-N,317.5
2-Aminophenol,C1=CC=C(C(=C1)N)O,15760,95-55-6,CDAWCLOXVUBKRW-UHFFFAOYSA-N,109.13
"2-Anthracenecarbonitrile, 1-amino-4-(ethylamino)-9,10-dihydro-9,10-dioxo-",CCNC1=C2C(=C(C(=C1)C#N)N)C(=O)C3=CC=CC=C3C2=O,10974,62570-50-7,ATXPWKWYLDEURI-UHFFFAOYSA-N,291.3
"2-Benzothiazolesulfenamide, N-(2-benzothiazolylthio)-N-(1,1-dimethylethyl)-",CC(C)(C)N(SC1=NC2=CC=CC=C2S1)SC3=NC4=CC=CC=C4S3,7980,3741-80-8,VILGDADBAQFRJE-UHFFFAOYSA-N,403.6
2-Benzothiazolyl diethyldithiocarbamate,CCN(CC)C(=S)SC1=NC2=CC=CC=C2S1,15746,95-30-7,LFMQNMXVVXHZCC-UHFFFAOYSA-N,282.5
"2-Benzoyloxy-1,1,10-trimethyl-6,9-epidioxydecalin",CC1(C(CCC2(C13CCC(C2)OO3)C)OC(=O)C4=CC=CC=C4)C,16147,108511-83-7,ZGEZBEGUEKLVRK-UHFFFAOYSA-N,330.4
2-Benzyl-2-dimethylamino-1-(4-morpholinophenyl)-1-butanone,CCC(CC1=CC=CC=C1)(C(=O)C2=CC=C(C=C2)N3CCOCC3)N(C)C,1535,119313-12-1,UHFFVFAKEGKNAQ-UHFFFAOYSA-N,366.5
2-Benzyl-4-chlorophenol,C1=CC=C(C=C1)CC2=C(C=CC(=C2)Cl)O,1568,120-32-1,NCKMMSIFQUPKCK-UHFFFAOYSA-N,218.68
2-Benzylamino-propan-1-ol,CC(CO)NCC1=CC=CC=C1,12646,6940-81-4,PJXWCRXOPLGFLX-UHFFFAOYSA-N,165.23
2-Benzylideneheptanal,CCCCC/C(=C/C1=CC=CC=C1)/C=O,1792,122-40-7,HMKKIXGYKWDQSV-KAMYIIQDSA-N,202.29
2-Benzylnaphthalene,C1=CC=C(C=C1)CC2=CC3=CC=CC=C3C=C2,10627,613-59-2,JASHTKAXQWIZGF-UHFFFAOYSA-N,218.29
2-Benzylphenol,C1=CC=C(C=C1)CC2=CC=CC=C2O,6789,28994-41-4,CDMGNVWZXRKJNS-UHFFFAOYSA-N,184.23
2-Biphenylyl diphenyl phosphate,C1=CC=C(C=C1)C2=CC=CC=C2OP(=O)(OC3=CC=CC=C3)OC4=CC=CC=C4,2387,132-29-6,QARIOUOTENZTDH-UHFFFAOYSA-N,402.4
2-Biphenylyl glycidyl ether,C1C(O1)COC2=CC=CC=C2C3=CC=CC=C3,12916,7144-65-2,DNVXWIINBUTFEP-UHFFFAOYSA-N,226.27
"2-Bromo-1,1-difluoroethane",C(C(F)F)Br,7776,359-07-9,JVYROUWXXSWCMI-UHFFFAOYSA-N,144.95
"2-Bromo-1,4-di-tert-butylbenzene",CC(C)(C)C1=CC(=C(C=C1)C(C)(C)C)Br,11708,6683-74-5,JFRPIGCUUJRXMT-UHFFFAOYSA-N,269.22
2-Bromo-4'-hydroxyacetophenone,C1=CC(=CC=C1C(=O)CBr)O,5542,2491-38-5,LJYOFQHKEWTQRH-UHFFFAOYSA-N,215.04
"2-Bromo-4,6-dichloroaniline",C1=C(C=C(C(=C1Cl)N)Br)Cl,12665,697-86-9,DTPADCOGQUOGHT-UHFFFAOYSA-N,240.91
2-Bromo-6-chloro-4-nitroaniline,C1=C(C=C(C(=C1Cl)N)Br)[N+](=O)[O-],16036,99-29-6,GLUCALKKMFBJEB-UHFFFAOYSA-N,251.46
2-Bromo-p-terphenyl,C1=CC=C(C=C1)C2=CC=C(C=C2)C3=CC=CC=C3Br,7420,3282-24-4,RIPZAKKOEJWWQD-UHFFFAOYSA-N,309.2
"2-Bromoallyl(2,4,6-tribromophenyl) ether",C=C(COC1=C(C=C(C=C1Br)Br)Br)Br,16093,99717-56-3,RLPZXGWCSHFKJI-UHFFFAOYSA-N,449.76
2-Bromobiphenyl,C1=CC=C(C=C1)C2=CC=CC=C2Br,4781,2052-07-5,KTADSLDAUJLZGL-UHFFFAOYSA-N,233.1
2-Bromododecane,CCCCCCCCCCC(C)Br,2377,13187-99-0,GIUUCQVKMWBSRT-UHFFFAOYSA-N,249.23
2-Bromoethyl acrylate,C=CC(=O)OCCBr,8932,4823-47-6,CDZAAIHWZYWBSS-UHFFFAOYSA-N,179.01
2-Bromooctane,CCCCCCC(C)Br,9859,557-35-7,FTJHYGJLHCGQHQ-UHFFFAOYSA-N,193.12
2-Bromophenol,C1=CC=C(C(=C1)O)Br,7409,32762-51-9,VADKRMSMGWJZCF-UHFFFAOYSA-N,173.01
2-Bromophenol,C1=CC=C(C(=C1)O)Br,15761,95-56-7,VADKRMSMGWJZCF-UHFFFAOYSA-N,173.01
2-Bromopropiophenone,CC(C(=O)C1=CC=CC=C1)Br,4895,2114-00-3,WPDWOCRJBPXJFM-UHFFFAOYSA-N,213.07
2-Butanol,CCC(C)O,13980,78-92-2,BTANRVKWQNVYAZ-UHFFFAOYSA-N,74.12
2-Butanone oxime,CCC(=NO)C,15876,96-29-7,WHIVNJATOVLWBW-UHFFFAOYSA-N,87.12
2-Butanone peroxide,CCC(C)(OO)OOC(C)(CC)OO,2547,1338-23-4,WFUGQJXVXHBTEM-UHFFFAOYSA-N,210.22
"2-Butanone, O,O',O''-(ethenylsilylidyne)trioxime",CCC(=NO[Si](C=C)(ON=C(C)CC)ON=C(C)CC)C,5092,2224-33-1,WXWYJCSIHQKADM-UHFFFAOYSA-N,313.47
"2-Buten-1-one, 1-(2,6,6-trimethyl-3-cyclohexen-1-YL)-",CC=CC(=O)C1C(C=CCC1(C)C)C,12882,71048-82-3,XEJGJTYRUWUFFD-UHFFFAOYSA-N,192.3
2-Butene,C/C=C/C,749,107-01-7,IAQRGUVFOMOMEM-ONEGZZNKSA-N,56.11
"2-Butene-1,4-diol",C(/C=C/CO)O,1013,110-64-5,ORTVZLZNOYNASJ-OWOJBTEDSA-N,88.11
"2-Butenedioic acid (2E)-, 1,4-dipropyl ester",CCCOC(=O)/C=C/C(=O)OCCC,3174,14595-35-8,DSTWFRCNXMNXTR-AATRIKPKSA-N,200.23
"2-Butenedioic acid (2Z)-, 1,4-bis(2-methoxy-1-methylethyl) ester",CC(COC)OC(=O)/C=C\C(=O)OC(C)COC,307,102054-10-4,GVTGUOINIMHIRT-WAYWQWQTSA-N,260.28
"2-Buteneperoxoic acid, 1,1-dimethylethyl ester",CC=CC(=O)OOC(C)(C)C,5263,23474-91-1,CXOHVCKJGLFRKZ-UHFFFAOYSA-N,158.19
2-Butoxybutan-1-ol,CCCCOC(CC)CO,5788,25190-06-1,BJZYYSAMLOBSDY-UHFFFAOYSA-N,146.23
2-Butoxyethanol,CCCCOCCO,1117,111-76-2,POAOYUHQDCAZBD-UHFFFAOYSA-N,118.17
2-Butoxyethyl acetate,CCCCOCCOC(=O)C,1207,112-07-2,NQBXSWAWVZHKBZ-UHFFFAOYSA-N,160.21
2-Butoxyethyl acrylate,CCCCOCCOC(=O)C=C,13061,7251-90-3,PTJDGKYFJYEAOK-UHFFFAOYSA-N,172.22
2-Butoxyethyl methacrylate,CCCCOCCOC(=O)C(=C)C,2686,13532-94-0,DJKKWVGWYCKUFC-UHFFFAOYSA-N,186.25
2-Butoxyethyl oleate,CCCCCCCC/C=C\CCCCCCCC(=O)OCCOCCCC,929,109-39-7,LBUOSVPOVIEPLJ-SEYXRHQNSA-N,382.6
"2-Butyl-1,3-dimethoxy-5-methylbenzene",CCCCC1=C(C=C(C=C1OC)C)OC,8352,41395-20-4,SRSJHOHVTWICQC-UHFFFAOYSA-N,208.3
2-Butyl-1-octanol,CCCCCCC(CCCC)CO,8143,3913-02-8,XMVBHZBLHNOQON-UHFFFAOYSA-N,186.33
2-Butyl-1-octanol,CCCCCCC(CCCC)CO,17392,,XMVBHZBLHNOQON-UHFFFAOYSA-N,186.33
2-Butyl-2-cyclopenten-1-one,CCCCC1=CCCC1=O,17188,,LQANWSYLRLMKDX-UHFFFAOYSA-N,138.21
"2-Butyl-2-ethyl-1,3-propanediol",CCCCC(CC)(CO)CO,1367,115-84-4,DSKYSDCYIODJPC-UHFFFAOYSA-N,160.25
"2-Butyl-3,5-dimethylpyrazine",CCCCC1=NC=C(N=C1C)C,9127,50888-63-6,CSGGOEBNSRAFPU-UHFFFAOYSA-N,164.25
"2-Butyl-6-(butylamino)-1H-benz(de)isoquinoline-1,3(2H)-dione",CCCCNC1=C2C=CC=C3C2=C(C=C1)C(=O)N(C3=O)CCCC,4507,19125-99-6,DXWHZJXKTHGHQF-UHFFFAOYSA-N,324.4
2-Butylaminoethanol,CCCCNCCO,1116,111-75-1,LJDSTRZHPWMDPG-UHFFFAOYSA-N,117.19
2-Butylcyclohexanone,CCCCC1CCCCC1=O,1296,1126-18-7,POYYYXPQBFPUKS-UHFFFAOYSA-N,154.25
2-Butylcyclopentanone,CCCCC1CCCC1=O,15589,934-42-9,ZAQYRXDJFINJJE-UHFFFAOYSA-N,140.22
2-Butylfuran,CCCCC1=CC=CO1,8730,4466-24-4,NWZIYQNUCXUJJJ-UHFFFAOYSA-N,124.18
2-Butylphenol,CCCCC1=CC=CC=C1O,6761,28805-86-9,GJYCVCVHRSWLNY-UHFFFAOYSA-N,150.22
2-Butylpyridine,CCCCC1=CC=CC=N1,9085,5058-19-5,ADSOSINJPNKUJK-UHFFFAOYSA-N,135.21
"2-Butyne-1,4-diol",C(C#CCO)O,1014,110-65-6,DLDJFQGPPSQZKI-UHFFFAOYSA-N,86.09
2-Carboxyethyl acrylate,C=CC(=O)OCCC(=O)O,5484,24615-84-7,CYUZOYPRAQASLN-UHFFFAOYSA-N,144.12
"2-Chloro-1,1,1,2-tetrafluoroethane",C(C(F)(F)F)(F)Cl,6673,2837-89-0,BOUGCJDAQLKBQH-UHFFFAOYSA-N,136.47
2-Chloro-1-propanol,CC(CO)Cl,13978,78-89-7,VZIQXGLTRZLBEX-UHFFFAOYSA-N,94.54
2-Chloro-2-(phenylhydrazono)acetic acid ethyl ester,CCOC(=O)/C(=N/NC1=CC=CC=C1)/Cl,14990,9000-40-2,LZCJYKSOIZQABU-LCYFTJDESA-N,226.66
2-Chloro-2-methylpentane,CCCC(C)(C)Cl,8559,4325-48-8,NXXHAWKBICGUCK-UHFFFAOYSA-N,120.62
"2-Chloro-4,6-dinitroaniline",C1=C(C=C(C(=C1[N+](=O)[O-])N)Cl)[N+](=O)[O-],7716,3531-19-9,LHRIICYSGQGXSX-UHFFFAOYSA-N,217.57
2-Chloro-4-nitroaniline,C1=CC(=C(C=C1[N+](=O)[O-])Cl)N,1730,121-87-9,LOCWBQIWHWIRGN-UHFFFAOYSA-N,172.57
2-Chloro-6-fluorophenol,C1=CC(=C(C(=C1)Cl)O)F,4741,2040-90-6,QIAQIYQASAWZPP-UHFFFAOYSA-N,146.54
"2-Chloro-N,N-dimethylethanamine",CN(C)CCCl,789,107-99-3,WQMAANNAZKNUDL-UHFFFAOYSA-N,107.58
2-Chloro-N-(hydroxymethyl)acetamide,C(C(=O)NCO)Cl,6665,2832-19-1,TXNSZCSYBXHETP-UHFFFAOYSA-N,123.54
2-Chloroacetamide,C(C(=O)N)Cl,14030,79-07-2,VXIVSQZSERGHQP-UHFFFAOYSA-N,93.51
2-Chloroacetophenone,C1=CC=C(C=C1)C(=O)CCl,9488,532-27-4,IMACFCSSMIZSPP-UHFFFAOYSA-N,154.59
2-Chloroaniline,C1=CC=C(C(=C1)N)Cl,15757,95-51-2,AKCRQHGQIJBRMN-UHFFFAOYSA-N,127.57
2-Chlorobenzamide,C1=CC=C(C(=C1)C(=O)N)Cl,10563,609-66-5,RBGDLYUEXLWQBZ-UHFFFAOYSA-N,155.58
2-Chlorobiphenyl,C1=CC=C(C=C1)C2=CC=CC=C2Cl,4777,2051-60-7,LAXBNTIAOJWAOP-UHFFFAOYSA-N,188.65
2-Chloroethanol,C(CCl)O,754,107-07-3,SZIFAVKTNFCBPC-UHFFFAOYSA-N,80.51
2-Chlorophenol,C1=CC=C(C(=C1)O)Cl,15762,95-57-8,ISPYQTSUDJAMAB-UHFFFAOYSA-N,128.55
2-Chlorophenyl isocyanate,C1=CC=C(C(=C1)N=C=O)Cl,7467,3320-83-0,NOHQUGRVHSJYMR-UHFFFAOYSA-N,153.56
2-Chloropropane,CC(C)Cl,13467,75-29-6,ULYZAYCEDJDHCC-UHFFFAOYSA-N,78.54
2-Chlorotoluene,CC1=CC=CC=C1Cl,15755,95-49-8,IBSQPLPBRSHTTG-UHFFFAOYSA-N,126.58
"2-Cyano-2-[2,3-dihydro-3-(tetrahydro-2,4,6-trioxo-5(2H)-pyrimidinylidene)-1H-isoindol-1-ylidene]-N-methylacetamide",CNC(=O)/C(=C\1/C2=CC=CC=C2C(=N1)C3=C(NC(=O)NC3=O)O)/C#N,13610,76199-85-4,SNZMGUPMUOWIDP-LUAWRHEFSA-N,337.29
2-Cyanoethyl acrylate,C=CC(=O)OCCC#N,669,106-71-8,AEPWOCLBLLCOGZ-UHFFFAOYSA-N,125.13
2-Cyanopropan-2-YL benzodithioate,CC(C)(C#N)SC(=S)C1=CC=CC=C1,4684,201611-85-0,IDSLBLWCPSAZBL-UHFFFAOYSA-N,221.3
2-Cyanopropan-2-yl dodecyl carbonotrithioate,CCCCCCCCCCCCSC(=S)SC(C)(C)C#N,14806,870196-83-1,QSVOWVXHKOQYIP-UHFFFAOYSA-N,345.6
2-Cyclohexen-1-OL,C1CC=CC(C1)O,14326,822-67-3,PQANGXXSEABURG-UHFFFAOYSA-N,98.14
"2-Cyclohexen-1-ol, 1-methyl-4-(1-methylethyl)-, cis-",CC(C)C1CCC(C=C1)(C)O,10822,619-62-5,IZXYHAXVIZHGJV-UHFFFAOYSA-N,154.25
"2-Cyclohexen-1-ol, 1-methyl-4-(1-methylethyl)-, trans-",CC(C)[C@@H]1CC[C@@](C=C1)(C)O,6917,29803-81-4,IZXYHAXVIZHGJV-UWVGGRQHSA-N,154.25
"2-Cyclohexen-1-ol, 3-methyl-6-(1-methylethenyl)-, (1R,6R)-",CC1=C[C@H]([C@H](CC1)C(=C)C)O,15903,96555-02-1,OLAKPNFIICOONC-NXEZZACHSA-N,152.23
"2-Cyclohexen-1-ol, 3-methyl-6-(1-methylethyl)-, (1R,6S)-rel-",CC1=C[C@@H]([C@@H](CC1)C(C)C)O,3906,16721-38-3,HPOHAUWWDDPHRS-UWVGGRQHSA-N,154.25
2-Cyclohexen-1-one,C1CC=CC(=O)C1,15568,930-68-7,FWFSEYBSWVRWGL-UHFFFAOYSA-N,96.13
"2-Cyclohexen-1-one, 2-methyl-3-(2-methylpropoxy)-",CC1=C(CCCC1=O)OCC(C)C,7982,37457-15-1,GIAZBUMIVSZJNX-UHFFFAOYSA-N,182.26
"2-Cyclohexen-1-one, 5-methyl-2-(1-methylethyl)-",CC1CC=C(C(=O)C1)C(C)C,9166,5113-66-6,OAYBZGPDRAMDNF-UHFFFAOYSA-N,152.23
2-Cyclohexylcyclohexanone,C1CCC(CC1)C2CCCCC2=O,14974,90-42-6,UOBQDYFTAJKQAL-UHFFFAOYSA-N,180.29
2-Cyclohexylidenecyclohexanone,C1CCC(=C2CCCCC2=O)CC1,202,1011-12-7,TYDSIOSLHQWFOU-UHFFFAOYSA-N,178.27
2-Cyclohexyloctane,CCCCCCC(C)C1CCCCC1,6767,2883-05-8,IRKYBYIUHWZQGP-UHFFFAOYSA-N,196.37
2-Cyclohexylpiperidine,C1CCC(CC1)C2CCCCN2,9981,56528-77-9,DNXQKSGKSCAEIY-UHFFFAOYSA-N,167.29
"2-Cyclopentyl-1,4-dimethylbenzene",CC1=CC(=C(C=C1)C)C2CCCC2,10944,62379-92-4,YSVADLJGCIUWQF-UHFFFAOYSA-N,174.28
2-Cyclopentylcyclopentanone,C1CCC(C1)C2CCCC2=O,8952,4884-24-6,CWZGKTMWPFTJCS-UHFFFAOYSA-N,152.23
2-Cyclopentylidenecyclopentanone,C1CCC(=C2CCCC2=O)C1,14348,825-25-2,NYSYNXRPXJZYFY-UHFFFAOYSA-N,150.22
2-Cyclopropyl-2-nitro-1-phenyl-ethanol,C1CC1C(C(C2=CC=CC=C2)O)[N+](=O)[O-],16605,,AWYCKBGOBOKOHC-UHFFFAOYSA-N,207.23
2-Decanol,CCCCCCCCC(C)O,1267,1120-06-5,ACUZDYFTRHEKOS-UHFFFAOYSA-N,158.28
2-Decanone,CCCCCCCCC(=O)C,12627,693-54-9,ZAJNGDIORYACQU-UHFFFAOYSA-N,156.26
2-Decen-1-ol,CCCCCCC/C=C/CO,4321,18409-18-2,QOPYYRPCXHTOQZ-CMDGGOBGSA-N,156.26
2-Decenal,CCCCCCC/C=C/C=O,8144,3913-71-1,MMFCJPPRCYDLLZ-CMDGGOBGSA-N,154.25
2-Decenal,CCCCCCC/C=C/C=O,8145,3913-81-3,MMFCJPPRCYDLLZ-CMDGGOBGSA-N,154.25
"2-Decene, 7-methyl-, (Z)-",CCCC(C)CCC/C=C\C,13388,74630-23-2,NUPOVSQXZMGWCS-XQRVVYSFSA-N,154.29
"2-Decene, 8-methyl-, (Z)-",CCC(C)CCCC/C=C\C,13389,74630-25-4,DUBPNDBMNWVPTM-XQRVVYSFSA-N,154.29
2-Decyn-1-ol,CCCCCCCC#CCO,8329,4117-14-0,GFLHGTKUCYPXHB-UHFFFAOYSA-N,154.25
2-Diethylaminoethanol,CCN(CC)CCO,7,100-37-8,BFSVOASYOCHEOV-UHFFFAOYSA-N,117.19
"2-Diphenylacetyl-1,3-indandione-1-hydrazone",C1=CC=C(C=C1)C(C2=CC=CC=C2)C(=O)C3/C(=N/N)/C4=CC=CC=C4C3=O,9154,5102-79-4,QBGMRRUHCFHZLC-NJNXFGOHSA-N,354.4
2-Dodecanol,CCCCCCCCCCC(C)O,305,10203-28-8,XSWSEQPWKOWORN-UHFFFAOYSA-N,186.33
2-Dodecanone,CCCCCCCCCCC(=O)C,10715,6175-49-1,LSKONYYRONEBKA-UHFFFAOYSA-N,184.32
2-Dodecenal,CCCCCCCCC/C=C/C=O,4743,20407-84-5,SSNZFFBDIMUILS-ZHACJKMWSA-N,182.3
2-Dodecenal,CCCCCCCCC/C=C/C=O,8935,4826-62-4,SSNZFFBDIMUILS-ZHACJKMWSA-N,182.3
2-Dodecylbenzenesulfonic acid,CCCCCCCCCCCCC1=CC=CC=C1S(=O)(=O)O,6439,27176-87-0,WBIQQQGBSDOWNP-UHFFFAOYSA-N,326.5
2-Eicosanone,CCCCCCCCCCCCCCCCCCC(=O)C,17181,,GARHHHWGJIXLDK-UHFFFAOYSA-N,296.5
2-Ethoxy-1-propanol,CCOC(C)CO,4497,19089-47-5,DEDUBNVYPMOFDR-UHFFFAOYSA-N,104.15
2-Ethoxyethanol,CCOCCO,1016,110-80-5,ZNQVEEAIQZEUHB-UHFFFAOYSA-N,90.12
2-Ethoxyethyl acetate,CCOCCOC(=O)C,1084,111-15-9,SVONRAPFKPVNKG-UHFFFAOYSA-N,132.16
2-Ethoxyethyl acrylate,CCOCCOC(=O)C=C,671,106-74-1,FWWXYLGCHHIKNY-UHFFFAOYSA-N,144.17
2-Ethoxyethyl methacrylate,CCOCCOC(=O)C(=C)C,5289,2370-63-0,SFPNZPQIIAJXGL-UHFFFAOYSA-N,158.19
2-Ethoxynaphthalene,CCOC1=CC2=CC=CC=C2C=C1,15545,93-18-5,GUMOJENFFHZAFP-UHFFFAOYSA-N,172.22
2-Ethoxyphenyl isocyanate,CCOC1=CC=CC=C1N=C=O,9584,5395-71-1,BUIQXUQLYZPMLS-UHFFFAOYSA-N,163.17
"2-Ethyl-1,3-hexanediol",CCCC(C(CC)CO)O,15672,94-96-2,RWLALWYNXFYRGW-UHFFFAOYSA-N,146.23
"2-Ethyl-1,6-dioxaspiro[4.4]nonane",CCC1CCC2(O1)CCCO2,8076,38401-84-2,DCWKALWZHORJAO-UHFFFAOYSA-N,156.22
2-Ethyl-1-butanol,CCC(CC)CO,15940,97-95-0,TZYRSLHNPKPEFV-UHFFFAOYSA-N,102.17
2-Ethyl-1-decanol,CCCCCCCCC(CC)CO,4879,21078-65-9,LTHQZRHTXDZWGX-UHFFFAOYSA-N,186.33
2-Ethyl-1-decene,CCCCCCCCC(=C)CC,12892,71138-64-2,KOGYHNNTUZDGRV-UHFFFAOYSA-N,168.32
2-Ethyl-1-dodecanol,CCCCCCCCCCC(CC)CO,4621,19780-33-7,SBAZXXVUILTVKK-UHFFFAOYSA-N,214.39
2-Ethyl-1-hexanethiol,CCCCC(CC)CS,13172,7341-17-5,UCJMHYXRQZYNNL-UHFFFAOYSA-N,146.3
2-Ethyl-1-hexene,CCCCC(=C)CC,3794,1632-16-2,XTVRLCUJHGUXCP-UHFFFAOYSA-N,112.21
"2-Ethyl-2-methyl-1,3-dioxolane",CCC1(OCCO1)C,2054,126-39-6,UPZFLZYXYGBAPL-UHFFFAOYSA-N,116.16
2-Ethyl-2-oxazoline,CCC1=NCCO1,519,10431-98-8,NYEZZYQZRQDLEH-UHFFFAOYSA-N,99.13
2-Ethyl-3-hydroxyhexyl 2-methylpropanoate,CCCC(C(CC)COC(=O)C(C)C)O,13270,74367-31-0,QQRIGCXMIPFTKR-UHFFFAOYSA-N,216.32
2-Ethyl-3-methyl-1-pentene,CCC(C)C(=C)CC,7580,3404-67-9,YXLCVBVDFKWWRW-UHFFFAOYSA-N,112.21
"2-Ethyl-4-(2,2,3-trimethylcyclopent-3-en-1-yl)but-2-en-1-ol",CC/C(=C\CC1CC=C(C1(C)C)C)/CO,6647,28219-61-6,KHQDWCKZXLWDNM-KPKJPENVSA-N,208.34
"2-Ethyl-4-methyl-1,3-dioxolane",CCC1OCC(O1)C,8567,4359-46-0,CSZCLQLJVFLXLI-UHFFFAOYSA-N,116.16
2-Ethyl-4-methylimidazole,CCC1=NC=C(N1)C,15574,931-36-2,ULKLGIFJWFIQFF-UHFFFAOYSA-N,110.16
2-Ethyl-4-methylpentan-1-ol,CCC(CC(C)C)CO,665,106-67-2,QCHSJPKDWOFACC-UHFFFAOYSA-N,130.23
2-Ethyl-5-methylfuran,CCC1=CC=C(O1)C,3992,1703-52-2,NBXLPPVOZWYADY-UHFFFAOYSA-N,110.15
2-Ethyl-m-xylene,CCC1=C(C=CC=C1C)C,17538,,CHIKRULMSSADAF-UHFFFAOYSA-N,134.22
2-Ethyl-p-xylene,CCC1=C(C=CC(=C1)C)C,4139,1758-88-9,AXIUBBVSOWPLDA-UHFFFAOYSA-N,134.22
2-Ethyladamantane,CCC1C2CC3CC(C2)CC1C3,3134,14451-87-7,LIAWCKFOFPPVGF-UHFFFAOYSA-N,164.29
2-Ethylaniline,CCC1=CC=CC=C1N,10158,578-54-1,MLPVBIWIRCKMJV-UHFFFAOYSA-N,121.18
2-Ethylanthracene,CCC1=CC2=CC3=CC=CC=C3C=C2C=C1,9333,52251-71-5,ZXAGXLDEMUNQSH-UHFFFAOYSA-N,206.28
2-Ethylbenzaldehyde,CCC1=CC=CC=C1C=O,5202,22927-13-5,NTWBHJYRDKBGBR-UHFFFAOYSA-N,134.17
2-Ethylcrotonaldehyde,CC/C(=C\C)/C=O,4620,19780-25-7,IQGZCSXWIRBTRW-ZZXKWVIFSA-N,98.14
2-Ethylcyclobutanone,CCC1CCC1=O,461,10374-14-8,FZZIOLFULBXCKD-UHFFFAOYSA-N,98.14
2-Ethylcyclopentanone,CCC1CCCC1=O,8999,4971-18-0,PPTKUTYPOKHBTL-UHFFFAOYSA-N,112.17
2-Ethylfuran,CCC1=CC=CO1,7323,3208-16-0,HLPIHRDZBHXTFJ-UHFFFAOYSA-N,96.13
2-Ethylheptanoic acid,CCCCCC(CC)C(=O)O,7406,3274-29-1,DYWSVUBJGFTOQC-UHFFFAOYSA-N,158.24
2-Ethylhex-2-enol,CCC/C=C(\CC)/CO,9106,50639-00-4,JSRFYJBJQPGAAA-SOFGYWHQSA-N,128.21
2-Ethylhexan-1-ol,CCCCC(CC)CO,500,104-76-7,YIWUKEYIRIRTPP-UHFFFAOYSA-N,130.23
2-Ethylhexanal,CCCCC(CC)C=O,1901,123-05-7,LGYNIFWIKSEESD-UHFFFAOYSA-N,128.21
2-Ethylhexanal,CCCCC(CC)C=O,17427,,LGYNIFWIKSEESD-UHFFFAOYSA-N,128.21
2-Ethylhexanoic acid,CCCCC(CC)C(=O)O,3298,149-57-5,OBETXYAYXDNJHR-UHFFFAOYSA-N,144.21
2-Ethylhexanoyl chloride,CCCCC(CC)C(=O)Cl,13594,760-67-8,WFSGQBNCVASPMW-UHFFFAOYSA-N,162.66
2-Ethylhexyl 2-ethylhexanoate,CCCCC(CC)COC(=O)C(CC)CCCC,13259,7425-14-1,OUCGJMIVSYHBEC-UHFFFAOYSA-N,256.42
"2-Ethylhexyl 3,5,5-trimethylhexanoate",CCCCC(CC)COC(=O)CC(C)CC(C)(C)C,12851,70969-70-9,LCVHZNSIAYNAGX-UHFFFAOYSA-N,270.5
"2-Ethylhexyl 3-(3,5-di-tert-butyl-4-hydroxyphenyl)propionate",CCCCC(CC)COC(=O)CCC1=CC(=C(C(=C1)C(C)(C)C)O)C(C)(C)C,3131,144429-84-5,YSLFJMFSTOJEDL-UHFFFAOYSA-N,390.6
2-Ethylhexyl 3-mercaptopropionate,CCCCC(CC)COC(=O)CCS,9077,50448-95-8,SUODCTNNAKSRHB-UHFFFAOYSA-N,218.36
2-Ethylhexyl acetate,CCCCC(CC)COC(=O)C,367,103-09-3,WOYWLLHHWAMFCB-UHFFFAOYSA-N,172.26
2-Ethylhexyl acrylate,CCCCC(CC)COC(=O)C=C,368,103-11-7,GOXQRTZXKQZDDN-UHFFFAOYSA-N,184.27
2-Ethylhexyl benzoate,CCCCC(CC)COC(=O)C1=CC=CC=C1,9680,5444-75-7,UADWUILHKRXHMM-UHFFFAOYSA-N,234.33
2-Ethylhexyl chloroacetate,CCCCC(CC)COC(=O)CCl,9529,5345-58-4,QZBQQHUYQKGPLQ-UHFFFAOYSA-N,206.71
2-Ethylhexyl chloroformate,CCCCC(CC)COC(=O)Cl,5452,24468-13-1,RTGLJCSUKOLTEM-UHFFFAOYSA-N,192.68
2-Ethylhexyl decanoate,CCCCCCCCCC(=O)OCC(CC)CCCC,13218,73947-30-5,XEYIWOWYMLEPSD-UHFFFAOYSA-N,284.5
2-Ethylhexyl dihydrogen phosphate,CCCCC(CC)COP(=O)(O)O,2082,12645-31-7,LJKDOMVGKKPJBH-UHFFFAOYSA-N,210.21
2-Ethylhexyl diphenyl phosphate,CCCCC(CC)COP(=O)(OC1=CC=CC=C1)OC2=CC=CC=C2,1998,1241-94-7,CGSLYBDCEGBZCG-UHFFFAOYSA-N,362.4
2-Ethylhexyl diphenyl phosphite,CCCCC(CC)COP(OC1=CC=CC=C1)OC2=CC=CC=C2,3536,15647-08-2,XKZGIJICHCVXFV-UHFFFAOYSA-N,346.4
2-Ethylhexyl glycidyl ether,CCCCC(CC)COCC1CO1,5481,2461-15-6,BBBUAWSVILPJLL-UHFFFAOYSA-N,186.29
2-Ethylhexyl hydrogen maleate,CCCCC(CC)COC(=O)/C=C\C(=O)O,13258,7423-42-9,IQBLWPLYPNOTJC-FPLPWBNLSA-N,228.28
2-Ethylhexyl isobutyrate,CCCCC(CC)COC(=O)C(C)C,7681,35061-61-1,FTYSFPPFCAOKDQ-UHFFFAOYSA-N,200.32
2-Ethylhexyl laurate,CCCCCCCCCCCC(=O)OCC(CC)CCCC,4713,20292-08-4,LWLRMRFJCCMNML-UHFFFAOYSA-N,312.5
2-Ethylhexyl methacrylate,CCCCC(CC)COC(=O)C(=C)C,12448,688-84-6,WDQMWEYDKDCEHT-UHFFFAOYSA-N,198.3
2-Ethylhexyl methyl hexanedioate,CCCCC(CC)COC(=O)CCCCC(=O)OC,11393,64573-69-9,XQRJRRRFDGFLAP-UHFFFAOYSA-N,272.38
2-Ethylhexyl methyl isophthalate,CCCCC(CC)COC(=O)C1=CC=CC(=C1)C(=O)OC,4930,2135327-80-7,RXCVENBIEUYYAU-UHFFFAOYSA-N,292.4
2-Ethylhexyl methyl terephthalate,CCCCC(CC)COC(=O)C1=CC=C(C=C1)C(=O)OC,11151,63468-13-3,KHDNBLKBTBOSDJ-UHFFFAOYSA-N,292.4
2-Ethylhexyl myristate,CCCCCCCCCCCCCC(=O)OCC(CC)CCCC,6920,29806-75-5,GRXOKLJPWSYWIA-UHFFFAOYSA-N,340.6
2-Ethylhexyl nitrate,CCCCC(CC)CO[N+](=O)[O-],6467,27247-96-7,NKRVGWFEFKCZAP-UHFFFAOYSA-N,175.23
2-Ethylhexyl nonanoate,CCCCCCCCC(=O)OCC(CC)CCCC,10398,59587-44-9,CCFWAONPPYWNDM-UHFFFAOYSA-N,270.5
2-Ethylhexyl octanoate,CCCCCCCC(=O)OCC(CC)CCCC,11125,63321-70-0,HPUAIVNIHNEYPO-UHFFFAOYSA-N,256.42
2-Ethylhexyl oleate,CCCCCCCC/C=C\CCCCCCCC(=O)OCC(CC)CCCC,6199,26399-02-0,FOKDITTZHHDEHD-PFONDFGASA-N,394.7
2-Ethylhexyl palmitate,CCCCCCCCCCCCCCCC(=O)OCC(CC)CCCC,6919,29806-73-3,SFAAOBGYWOUHLU-UHFFFAOYSA-N,368.6
2-Ethylhexyl salicylate,CCCCC(CC)COC(=O)C1=CC=CC=C1O,1461,118-60-5,FMRHJJZUHUTGKE-UHFFFAOYSA-N,250.33
2-Ethylhexyl stearate,CCCCCCCCCCCCCCCCCC(=O)OCC(CC)CCCC,5054,22047-49-0,OPJWPPVYCOPDCM-UHFFFAOYSA-N,396.7
2-Ethylhexyl thioglycolate,CCCCC(CC)COC(=O)CS,13668,7659-86-1,OWHSTLLOZWTNTQ-UHFFFAOYSA-N,204.33
2-Ethylhexyl vinyl ether,CCCCC(CC)COC=C,382,103-44-6,DSSAWHFZNWVJEC-UHFFFAOYSA-N,156.26
2-Ethylhexylamine,CCCCC(CC)CN,499,104-75-6,LTHNHFOGQMKPOV-UHFFFAOYSA-N,129.24
2-Ethylidenepentanedioic acid,CC=C(CCC(=O)O)C(=O)O,8456,4220-56-8,VUKPORYDNWILAW-UHFFFAOYSA-N,158.15
2-Ethylnaphthalene,CCC1=CC2=CC=CC=C2C=C1,15633,939-27-5,RJTJVVYSTUQWNI-UHFFFAOYSA-N,156.22
2-Ethylphenol,CCC1=CC=CC=C1O,14960,90-00-6,IXQGCWUGDFDQMF-UHFFFAOYSA-N,122.16
2-Ethylstyrene,CCC1=CC=CC=C1C=C,16312,28106-30-1,VTPNYMSKBPZSTF-UHFFFAOYSA-N,132.2
2-Ethylvaleraldehyde,CCCC(CC)C=O,5057,22092-54-2,OZGRFPZYTKHWMZ-UHFFFAOYSA-N,114.19
"2-Fluoro-3,4-diiodo-6-(pyrrolidin-1-yl)pyridine",C1CCN(C1)C2=NC(=C(C(=C2)I)I)F,1892,1228665-88-0,YEFDZAFDZLXQMO-UHFFFAOYSA-N,417.99
"2-Furoic acid, 5-(chloromethyl)-, butyl ester",CCCCOC(=O)C1=CC=C(O1)CCl,5031,21893-86-7,USECJSOQKIOKSX-UHFFFAOYSA-N,216.66
2-Heneicosanone,CCCCCCCCCCCCCCCCCCCC(=O)C,5160,22589-04-4,VUVUIDMZOWHIIJ-UHFFFAOYSA-N,310.6
2-Heptacosanone,CCCCCCCCCCCCCCCCCCCCCCCCCC(=O)C,13942,7796-19-2,MJEFMWGOVVCQIK-UHFFFAOYSA-N,394.7
2-Heptadecanol,CCCCCCCCCCCCCCCC(C)O,3932,16813-18-6,ZNYQHFLBAPNPRC-UHFFFAOYSA-N,256.5
2-Heptadecanone,CCCCCCCCCCCCCCCC(=O)C,6823,2922-51-2,TVTCXPXLRKTHAU-UHFFFAOYSA-N,254.5
2-Heptadecyl-1H-imidazole,CCCCCCCCCCCCCCCCCC1=NC=CN1,5245,23328-87-2,YTWBFUCJVWKCCK-UHFFFAOYSA-N,306.5
2-Heptanol,CCCCCC(C)O,9653,543-49-7,CETWDUZRCINIHU-UHFFFAOYSA-N,116.2
"2-Heptanol, 5-ethyl-",CCC(CC)CCC(C)O,4623,19780-40-6,DYNOLYWQCYQCKX-UHFFFAOYSA-N,144.25
"2-Heptanol, benzoate",CCCCCC(C)OC(=O)C1=CC=CC=C1,11658,6624-59-5,WMGISUKBJZWCDP-UHFFFAOYSA-N,220.31
"2-Heptanol, benzoate",CCCCCC(C)OC(=O)C1=CC=CC=C1,17501,,WMGISUKBJZWCDP-UHFFFAOYSA-N,220.31
2-Heptanone,CCCCCC(=O)C,1002,110-43-0,CATSNJVOTSVZJV-UHFFFAOYSA-N,114.19
2-Heptenal,CCCC/C=C/C=O,4425,18829-55-5,NDFKTBCGKNOHPJ-AATRIKPKSA-N,112.17
2-Heptenal,CCCC/C=C/C=O,5488,2463-63-0,NDFKTBCGKNOHPJ-AATRIKPKSA-N,112.17
"2-Heptenal, (Z)-",CCCC/C=C\C=O,10090,57266-86-1,NDFKTBCGKNOHPJ-WAYWQWQTSA-N,112.17
2-Heptenoic acid,CCCC/C=C/C(=O)O,4485,18999-28-5,YURNCBVQZBJDAJ-AATRIKPKSA-N,128.17
2-Heptylcyclopentanone,CCCCCCCC1CCCC1=O,2752,137-03-1,PJXHBTZLHITWFX-UHFFFAOYSA-N,182.3
2-Hexacosanone,CCCCCCCCCCCCCCCCCCCCCCCCC(=O)C,13773,77327-12-9,DBTWKNLFNCALDO-UHFFFAOYSA-N,380.7
2-Hexadecanol,CCCCCCCCCCCCCCC(C)O,3283,14852-31-4,FVDRFBGMOWJEOR-UHFFFAOYSA-N,242.44
2-Hexadecenal,CCCCCCCCCCCCC/C=C/C=O,5165,22644-96-8,KLJFYXOVGVXZKT-CCEZHUSRSA-N,238.41
2-Hexadecenal,CCCCCCCCCCCCC/C=C/C=O,7249,3163-37-9,KLJFYXOVGVXZKT-CCEZHUSRSA-N,238.41
2-Hexanol,CCCCC(C)O,10983,626-93-7,QNVRIHYSUZMSGM-UHFFFAOYSA-N,102.17
2-Hexanone,CCCCC(=O)C,10336,591-78-6,QQZOPKMRPOGIEB-UHFFFAOYSA-N,100.16
2-Hexanone,CCCCC(=O)C,16917,,QQZOPKMRPOGIEB-UHFFFAOYSA-N,100.16
2-Hexanone,CCCCC(=O)C,17450,,QQZOPKMRPOGIEB-UHFFFAOYSA-N,100.16
2-Hexenal,CCC/C=C/C=O,9082,505-57-7,MBDOYVRWFFCFHM-SNAWJCMRSA-N,98.14
2-Hexenal,CCC/C=C/C=O,11742,6728-26-3,MBDOYVRWFFCFHM-SNAWJCMRSA-N,98.14
"2-Hexenoic acid, (2E)-",CCC/C=C/C(=O)O,2575,13419-69-7,NIONDZDPPYHYKY-SNAWJCMRSA-N,114.14
"2-Hexenoic acid, 5-hydroxy-3,4,4-trimethyl-, (E)-",CC(C(C)(C)/C(=C/C(=O)O)/C)O,3308,14919-59-6,PLYBNANLYJERQJ-AATRIKPKSA-N,172.22
2-Hexyl-1-decanol,CCCCCCCCC(CCCCCC)CO,5392,2425-77-6,XULHFMYCBKQGEE-UHFFFAOYSA-N,242.44
2-Hexyl-1-octanol,CCCCCCC(CCCCCC)CO,4626,19780-79-1,QNMCWJOEQBZQHB-UHFFFAOYSA-N,214.39
2-Hexyl-1-octene,CCCCCCC(=C)CCCCCC,4627,19780-80-4,QDOYJBSJTHIWKH-UHFFFAOYSA-N,196.37
2-Hexyldodecyl isobutyrate,CCCCCCCCCCC(CCCCCC)COC(=O)C(C)C,16368,,FYQJPAMRHFILFU-UHFFFAOYSA-N,340.6
2-Hexylfuran,CCCCCCC1=CC=CO1,8023,3777-70-6,XBLCAKKYMZVLPU-UHFFFAOYSA-N,152.23
2-Hexylphenol,CCCCCCC1=CC=CC=C1O,17728,,ABMULKFGWTYIIK-UHFFFAOYSA-N,178.27
2-Hydroxy-1-(4-(2-hydroxyethoxy)phenyl)-2-methylpropan-1-one,CC(C)(C(=O)C1=CC=C(C=C1)OCCO)O,736,106797-53-9,GJKGAPPUXSSCFI-UHFFFAOYSA-N,224.25
2-Hydroxy-1-(4-(4-(2-hydroxy-2-methylpropionyl)benzyl)phenyl)-2-methylpropan-1-one,CC(C)(C(=O)C1=CC=C(C=C1)CC2=CC=C(C=C2)C(=O)C(C)(C)O)O,8890,474510-57-1,PCKZAVNWRLEHIP-UHFFFAOYSA-N,340.4
"2-hydroxy-1-[4-[5-(2-hydroxy-2-methylpropanoyl)-1,3,3-trimethyl-2H-inden-1-yl]phenyl]-2-methylpropan-1-one",CC1(CC(C2=C1C=C(C=C2)C(=O)C(C)(C)O)(C)C3=CC=C(C=C3)C(=O)C(C)(C)O)C,2692,135452-43-6,MRBZZNMTRWISRD-UHFFFAOYSA-N,408.5
2-Hydroxy-2-methylpropiophenone,CC(C)(C(=O)C1=CC=CC=C1)O,13416,7473-98-5,XMLYCEVDHLAQEL-UHFFFAOYSA-N,164.2
2-Hydroxy-3-phenoxypropyl acrylate,C=CC(=O)OCC(COC1=CC=CC=C1)O,3974,16969-10-1,HHQAGBQXOWLTLL-UHFFFAOYSA-N,222.24
2-Hydroxy-4-(2-hydroxy-3-decyloxypropoxy)benzophenone,CCCCCCCCCCOCC(COC1=CC(=C(C=C1)C(=O)C2=CC=CC=C2)O)O,11953,68092-49-9,XYUSZWLCQQSJCS-UHFFFAOYSA-N,428.6
2-Hydroxy-4-isooctoxybenzophenone,CC(C)CCCCCOC1=CC(=C(C=C1)C(=O)C2=CC=CC=C2)O,7451,33059-05-1,HLVLKTYUBIGFFB-UHFFFAOYSA-N,326.4
2-Hydroxyacetophenone,C1=CC=C(C=C1)C(=O)CO,10202,582-24-1,ZWVHTXAYIKBMEE-UHFFFAOYSA-N,136.15
2-Hydroxybenzimidazole,C1=CC=C2C(=C1)NC(=O)N2,10660,615-16-7,SILNNFMWIMZVEQ-UHFFFAOYSA-N,134.14
2-Hydroxybenzophenone,C1=CC=C(C=C1)C(=O)C2=CC=CC=C2O,1423,117-99-7,HJIAMFHSAAEUKR-UHFFFAOYSA-N,198.22
2-Hydroxybutyl methacrylate,CCC(COC(=O)C(=C)C)O,2349,13159-51-8,IEVADDDOVGMCSI-UHFFFAOYSA-N,158.19
2-Hydroxycyclononanone,C1CCCC(C(=O)CCC1)O,8988,496-83-3,MNGJLYXSUIUTPJ-UHFFFAOYSA-N,156.22
2-Hydroxyethanesulfonic acid,C(CS(=O)(=O)O)O,767,107-36-8,SUMDYPCJJOFFON-UHFFFAOYSA-N,126.13
2-Hydroxyethyl acrylate,C=CC(=O)OCCO,14301,818-61-1,OMIGHNLMNHATMP-UHFFFAOYSA-N,116.11
2-Hydroxyethyl benzoate,C1=CC=C(C=C1)C(=O)OCCO,15659,94-33-7,LSWRBVSEWBWTDR-UHFFFAOYSA-N,166.17
2-Hydroxyethyl carbamate,C(COC(=O)N)O,9582,5395-01-7,BTDQXGUEVVTAMD-UHFFFAOYSA-N,105.09
2-Hydroxyethyl Methacrylate,CC(=C)C(=O)OCCO,14773,868-77-9,WOBHKFSMXKNTIM-UHFFFAOYSA-N,130.14
2-Hydroxyethyl methyl terephthalate,COC(=O)C1=CC=C(C=C1)C(=O)OCCO,7844,3645-00-9,DJQMYWWZWUOCBQ-UHFFFAOYSA-N,224.21
2-hydroxyethyl N-(3-triethoxysilylpropyl)carbamate,CCO[Si](CCCNC(=O)OCCO)(OCC)OCC,7943,37251-86-8,WSSVPRYHKOFCRD-UHFFFAOYSA-N,309.43
2-Hydroxyethyl palmitate,CCCCCCCCCCCCCCCC(=O)OCCO,8451,4219-49-2,BXCRLBBIZJSWNS-UHFFFAOYSA-N,300.5
2-Hydroxynaphthalene-1-carbaldehyde [(2-hydroxy-1-naphthyl)methylene]hydrazone,C1=CC=C2C(=C1)C=CC(=C2C=NN=CC3=C(C=CC4=CC=CC=C43)O)O,5333,2387-03-3,SYRBOMODLUADBZ-UHFFFAOYSA-N,340.4
2-Hydroxypropyl 12-hydroxyoctadec-9-enoate,CCCCCCC(CC=CCCCCCCCC(=O)OCC(C)O)O,6209,26402-31-3,JZSMZIOJUHECHW-UHFFFAOYSA-N,356.5
2-Hydroxypropyl acrylate,CC(COC(=O)C=C)O,16107,999-61-1,GWZMWHWAWHPNHN-UHFFFAOYSA-N,130.14
2-Hydroxypropyl hexadecanoate,CCCCCCCCCCCCCCCC(=O)OCC(C)O,6792,29013-28-3,FAQKRSYDADCZGK-UHFFFAOYSA-N,314.5
2-Hydroxypropyl laurate,CCCCCCCCCCCC(=O)OCC(C)O,6451,27194-74-7,BHIZVZJETFVJMJ-UHFFFAOYSA-N,258.4
2-Hydroxypropyl methacrylate,CC(COC(=O)C(=C)C)O,15499,923-26-2,VHSHLMUCYSAUQU-UHFFFAOYSA-N,144.17
2-Hydroxypropyl methacrylate,CC(COC(=O)C(=C)C)O,16254,27813-02-1,VHSHLMUCYSAUQU-UHFFFAOYSA-N,144.17
2-Hydroxypropyl oleate,CCCCCCCCC=CCCCCCCCC(=O)OCC(C)O,16305,1330-80-9,ZVTDEEBSWIQAFJ-UHFFFAOYSA-N,340.5
2-Hydroxypyridine 1-oxide,C1=CC(=O)N(C=C1)O,14327,822-89-9,SNUSZUYTMHKCPM-UHFFFAOYSA-N,111.1
2-Hydroxyquinoline,C1=CC=C2C(=C1)C=CC(=O)N2,10308,59-31-4,LISFMEBWQUVKPJ-UHFFFAOYSA-N,145.16
"2-Imidazolidinone, 1,3-bis(hydroxymethyl)-",C1CN(C(=O)N1CO)CO,2727,136-84-5,WVJOGYWFVNTSAU-UHFFFAOYSA-N,146.14
"2-Imidazolidinone, 1-octadecyl-",CCCCCCCCCCCCCCCCCCN1CCNC1=O,9016,4991-32-6,BTHOZYQLVNAFEX-UHFFFAOYSA-N,338.6
2-Imidazolidone,C1CNC(=O)N1,1589,120-93-4,YAMHXTCMCPHKLN-UHFFFAOYSA-N,86.09
"2-iodo-N-(7-methyl-[1,3]thiazolo[5,4-e][1,3]benzothiazol-2-yl)benzamide",CC1=NC2=C(S1)C=CC3=C2SC(=N3)NC(=O)C4=CC=CC=C4I,8181,394228-05-8,MPCFWEONUVXKGI-UHFFFAOYSA-N,451.3
2-iodoterephthalic Acid,C1=CC(=C(C=C1C(=O)O)I)C(=O)O,4302,1829-22-7,LUZKKRPROWYBLR-UHFFFAOYSA-N,292.03
2-Isobutoxyethanol,CC(C)COCCO,8603,4439-24-1,HHAPGMVKBLELOE-UHFFFAOYSA-N,118.17
"2-Isobutyl-2-isopropyl-1,3-dimethoxypropane",CC(C)CC(COC)(COC)C(C)C,2175,129228-21-3,RGHIYOCUMCUWAQ-UHFFFAOYSA-N,202.33
2-Isocyanatoethyl methacrylate,CC(=C)C(=O)OCCN=C=O,7086,30674-80-7,RBQRWNWVPQDTJJ-UHFFFAOYSA-N,155.15
"2-Isopropenyl-4a,8-dimethyl-1,2,3,4,4a,5,6,7-octahydronaphthalene",CC1=C2CC(CCC2(CCC1)C)C(=C)C,474,103827-22-1,MOTCYZHGMCNNRH-UHFFFAOYSA-N,204.35
2-Isopropoxyethanol,CC(C)OCCO,938,109-59-1,HCGFUIQPSOCUHI-UHFFFAOYSA-N,104.15
2-Isopropyl-5-methyl-1-heptanol,CCC(C)CCC(CO)C(C)C,15399,91337-07-4,QKPITXQYXIOHTB-UHFFFAOYSA-N,172.31
2-Isopropyl-5-methyl-1-heptanol,CCC(C)CCC(CO)C(C)C,17740,,QKPITXQYXIOHTB-UHFFFAOYSA-N,172.31
2-Isopropylnaphthalene,CC(C)C1=CC2=CC=CC=C2C=C1,4706,2027-17-0,TVYVQNHYIHAJTD-UHFFFAOYSA-N,170.25
2-Isopropylphenol,CC(C)C1=CC=CC=C1O,14870,88-69-7,CRBJBYGJVIBWIY-UHFFFAOYSA-N,136.19
2-Isopropylthioxanthone,CC(C)C1=CC2=C(C=C1)SC3=CC=CC=C3C2=O,9745,5495-84-1,KTALPKYXQZGAEG-UHFFFAOYSA-N,254.3
2-Linoleoylglycerol,CCCCC/C=C\C/C=C\CCCCCCCC(=O)OC(CO)CO,7618,3443-82-1,IEPGNWMPIFDNSD-HZJYTTRNSA-N,354.5
2-Menthene,CC1CCC(C=C1)C(C)C,9382,5256-65-5,WHNGPXQYYRWQAS-UHFFFAOYSA-N,138.25
2-Mercapto-N-(4-(phenylamino)phenyl)acetamide,C1=CC=C(C=C1)NC2=CC=C(C=C2)NC(=O)CS,10543,60766-26-9,PTQUXQSEBAQTFZ-UHFFFAOYSA-N,258.34
2-Mercaptobenzimidazole,C1=CC=C2C(=C1)NC(=S)N2,10212,583-39-1,YHMYGUUIMTVXNW-UHFFFAOYSA-N,150.2
2-Mercaptobenzothiazole,C1=CC=C2C(=C1)NC(=S)S2,3295,149-30-4,YXIWHUQXZSMYRE-UHFFFAOYSA-N,167.3
2-Mercaptoethanesulfonic acid,C(CS(=O)(=O)O)S,15091,9005-46-3,ZNEWHQLOPFWXOF-UHFFFAOYSA-N,142.2
2-Mercaptoethyl decanoate,CCCCCCCCCC(=O)OCCS,12503,68928-33-6,ZXNNPJMEFLZCMP-UHFFFAOYSA-N,232.38
2-Mercaptoethyl octanoate,CCCCCCCC(=O)OCCS,10160,57813-59-9,BHWWTWCFLZECFZ-UHFFFAOYSA-N,204.33
2-Mercaptoethyl oleate,CCCCCCCC/C=C\CCCCCCCC(=O)OCCS,10342,59118-78-4,WEMJWKKJHSZRQT-KTKRTIGZSA-N,342.6
2-Mercaptopyridine,C1=CC(=S)NC=C1,6194,2637-34-5,WHMDPDGBKYUEMW-UHFFFAOYSA-N,111.17
2-Mercaptothiazoline,C1CSC(=S)N1,15882,96-53-7,WGJCBBASTRWVJL-UHFFFAOYSA-N,119.21
2-Methacryloyloxyethyl phosphorylcholine,CC(=C)C(=O)OCCOP(=O)([O-])OCC[N+](C)(C)C,11856,67881-98-5,ZSZRUEAFVQITHH-UHFFFAOYSA-N,295.27
2-Methoxy-1-propanol,CC(CO)OC,3627,1589-47-5,YTTFFPATQICAQN-UHFFFAOYSA-N,90.12
2-Methoxy-4-nitroaniline,COC1=C(C=CC(=C1)[N+](=O)[O-])N,15919,97-52-9,GVBHRNIWBGTNQA-UHFFFAOYSA-N,168.15
2-Methoxy-4-vinylphenol,COC1=C(C=CC(=C1)C=C)O,13900,7786-61-0,YOMSJEATGXXYPX-UHFFFAOYSA-N,150.17
2-Methoxy-5-methylaniline,CC1=CC(=C(C=C1)OC)N,1580,120-71-8,WXWCDTXEKCVRRO-UHFFFAOYSA-N,137.18
2-Methoxy-6-methylaniline,CC1=C(C(=CC=C1)OC)N,9125,50868-73-0,HKOJYPPTIPJZAZ-UHFFFAOYSA-N,137.18
2-Methoxyethanol,COCCO,950,109-86-4,XNWFRZJHXBZDAG-UHFFFAOYSA-N,76.09
2-Methoxyethyl 2-cyanoacrylate,COCCOC(=O)C(=C)C#N,6576,27816-23-5,JYTXVMYBYRTJTI-UHFFFAOYSA-N,155.15
2-Methoxyethyl acetate,CC(=O)OCCOC,1004,110-49-6,XLLIQLLCWZCATF-UHFFFAOYSA-N,118.13
2-Methoxyethyl acrylate,COCCOC(=O)C=C,7190,3121-61-7,HFCUBKYHMMPGBY-UHFFFAOYSA-N,130.14
2-Methoxyethyl methacrylate,CC(=C)C(=O)OCCOC,12673,6976-93-8,YXYJVFYWCLAXHO-UHFFFAOYSA-N,144.17
2-Methoxyethyl oleate,CCCCCCCC/C=C\CCCCCCCC(=O)OCCOC,1079,111-10-4,UFARNTYYPHYLGN-KHPPLWFESA-N,340.5
2-Methoxynaphthalene,COC1=CC2=CC=CC=C2C=C1,15542,93-04-9,LUZDYPLAQQGJEA-UHFFFAOYSA-N,158.2
2-Methoxyphenyl isocyanate,COC1=CC=CC=C1N=C=O,12706,700-87-8,SUVCZZADQDCIEQ-UHFFFAOYSA-N,149.15
2-Methoxyphenyl isothiocyanate,COC1=CC=CC=C1N=C=S,7425,3288-04-8,QKAOOWJWWKWWOZ-UHFFFAOYSA-N,165.21
2-Methoxypropanoic acid,CC(C(=O)O)OC,8558,4324-37-2,ICPWFHKNYYRBSZ-UHFFFAOYSA-N,104.1
2-Methoxypropyl acetate,CC(COC(=O)C)OC,12793,70657-70-4,BTZVKSVLFLRBRE-UHFFFAOYSA-N,132.16
"2-Methyl-1,1-diphenylpropene",CC(=C(C1=CC=CC=C1)C2=CC=CC=C2)C,13995,781-33-9,JHLNLKYQTWQERE-UHFFFAOYSA-N,208.3
"2-Methyl-1,3,4-oxadiazole",CC1=NN=CO1,7629,3451-51-2,ZMSIFDIKIXVLDF-UHFFFAOYSA-N,84.08
"2-Methyl-1,3,6-trioxocane",CC1OCCOCCO1,6572,2781-01-3,GIKNJVNWABGPEE-UHFFFAOYSA-N,132.16
"2-Methyl-1,3-dioxolane",CC1OCCO1,8997,497-26-7,HTWIZMNMTWYQRN-UHFFFAOYSA-N,88.11
"2-Methyl-1,3-pentanediol",CCC(C(C)CO)O,3296,149-31-5,SPXWGAHNKXLXAP-UHFFFAOYSA-N,118.17
"2-Methyl-1,3-propanediol",CC(CO)CO,4982,2163-42-0,QWGRWMMWNDWRQN-UHFFFAOYSA-N,90.12
"2-Methyl-1,4-butanediol",CC(CCO)CO,6856,2938-98-9,MWCBGWLCXSUTHK-UHFFFAOYSA-N,104.15
"2-Methyl-1,8-octanediol",CC(CCCCCCO)CO,963,109359-36-6,SDQROPCSKIYYAV-UHFFFAOYSA-N,160.25
"2-Methyl-1,8-octanediol diacrylate",CC(CCCCCCOC(=O)C=C)COC(=O)C=C,1682,120515-20-0,PJLLSZIVQKRTSE-UHFFFAOYSA-N,268.35
2-Methyl-1-(2-methylpropyl)-1H-imidazole,CC1=NC=CN1CC(C)C,1409,116680-33-2,SVNWKKJQEFIURY-UHFFFAOYSA-N,138.21
2-Methyl-1-butanol,CCC(C)CO,2761,137-32-6,QPRQEDXDYOZYLA-UHFFFAOYSA-N,88.15
2-Methyl-1-decanol,CCCCCCCCC(C)CO,4378,18675-24-6,JZEUFFFBEMAJHS-UHFFFAOYSA-N,172.31
2-Methyl-1-dodecanol,CCCCCCCCCCC(C)CO,5166,22663-61-2,SCHAAFQMJJWGJM-UHFFFAOYSA-N,200.36
2-Methyl-1-dodecanol,CCCCCCCCCCC(C)CO,10092,57289-26-6,SCHAAFQMJJWGJM-UHFFFAOYSA-N,200.36
2-Methyl-1-dodecene,CCCCCCCCCCC(=C)C,3839,16435-49-7,PWRBDKMPAZFCSV-UHFFFAOYSA-N,182.35
2-Methyl-1-heptanol,CCCCCC(C)CO,10515,60435-70-3,QZESEQBMSFFHRY-UHFFFAOYSA-N,130.23
2-Methyl-1-heptene,CCCCCC(=C)C,3617,15870-10-7,RCBGGJURENJHKV-UHFFFAOYSA-N,112.21
2-Methyl-1-hexadecanol,CCCCCCCCCCCCCCC(C)CO,5540,2490-48-4,FCSBKDJGLIURSH-UHFFFAOYSA-N,256.5
2-Methyl-1-pentadecene,CCCCCCCCCCCCCC(=C)C,6924,29833-69-0,FWQJRKLMXMTXDY-UHFFFAOYSA-N,224.42
2-Methyl-1-pentanol,CCCC(C)CO,561,105-30-6,PFNHSEQQEPMLNI-UHFFFAOYSA-N,102.17
2-Methyl-1-phenylpropan-2-ol,CC(C)(CC1=CC=CC=C1)O,28,100-86-7,RIWRBSMFKVOJMN-UHFFFAOYSA-N,150.22
2-Methyl-1-propylnaphthalene,CCCC1=C(C=CC2=CC=CC=C21)C,9725,54774-89-9,BTYYGWOCMUPYPQ-UHFFFAOYSA-N,184.28
2-Methyl-1-tetradecene,CCCCCCCCCCCCC(=C)C,9334,52254-38-3,WSNMNSLVXDWAFZ-UHFFFAOYSA-N,210.4
2-Methyl-1-tridecene,CCCCCCCCCCCC(=C)C,4243,18094-01-4,VNBHQOHLCULRDN-UHFFFAOYSA-N,196.37
2-Methyl-1-undecanol,CCCCCCCCCC(C)CO,597,10522-26-6,FGZXHVORLPLICA-UHFFFAOYSA-N,186.33
2-Methyl-1-undecene,CCCCCCCCCC(=C)C,4345,18516-37-5,SJVKHZYVCVKEGM-UHFFFAOYSA-N,168.32
2-Methyl-2-(methylamino)propan-1-ol,CC(C)(CO)NC,6548,27646-80-6,LHYBRZAQMRWQOJ-UHFFFAOYSA-N,103.16
2-Methyl-2-butene,CC=C(C)C,9206,513-35-9,BKOOMYPCSUNDGP-UHFFFAOYSA-N,70.13
2-Methyl-2-cyclopenten-1-one,CC1=CCCC1=O,1278,1120-73-6,ZSBWUNDRDHVNJL-UHFFFAOYSA-N,96.13
"2-Methyl-2-isopropyl-1,3-dioxolane",CC(C)C1(OCCO1)C,8587,4405-16-7,IGZQZZODNMBJLU-UHFFFAOYSA-N,130.18
2-Methyl-2-phenyl-undecane,CC(C)(C)CC(C)(C)C1=CC=CC=C1,6584,27854-40-6,CQMDBLRKZWOZIW-UHFFFAOYSA-N,190.32
2-Methyl-2-phenyloxirane,CC1(CO1)C2=CC=CC=C2,4839,2085-88-3,MRXPNWXSFCODDY-UHFFFAOYSA-N,134.17
2-Methyl-2-phenyltridecane,CCCCCCCCCCCC(C)(C)C1=CC=CC=C1,6585,27854-41-7,OTRFLMSAPMGKLY-UHFFFAOYSA-N,274.5
"2-Methyl-3,5-dinitrobenzyl alcohol",CC1=C(C=C(C=C1[N+](=O)[O-])[N+](=O)[O-])CO,14254,80866-94-0,HLBXFLNVFJFEKD-UHFFFAOYSA-N,212.16
"2-Methyl-3,5-dinitrobenzyl alcohol, tert-butyldimethylsilyl ether",CC1=C(C=C(C=C1[N+](=O)[O-])[N+](=O)[O-])CO[Si](C)(C)C(C)(C)C,17430,,NNEICSQGOKPCLO-UHFFFAOYSA-N,326.42
2-Methyl-3-butenenitrile,CC(C=C)C#N,3858,16529-56-9,WBAXCOMEMKANRN-UHFFFAOYSA-N,81.12
2-Methyl-3-butyn-2-OL,CC(C)(C#C)O,1357,115-19-5,CEBKHWWANWSNTI-UHFFFAOYSA-N,84.12
2-Methyl-3-furanthiol,CC1=C(C=CO1)S,6711,28588-74-1,RUYNUXHHUVUINQ-UHFFFAOYSA-N,114.17
2-Methyl-3-hexanol,CCCC(C(C)C)O,10697,617-29-8,RGRUUTLDBCWYBL-UHFFFAOYSA-N,116.2
2-Methyl-3H-cyclopenta[a]naphthalene,CC1=CC2=C(C1)C=CC3=CC=CC=C32,3341,150096-60-9,BPGQLRATYHGTEK-UHFFFAOYSA-N,180.24
2-Methyl-4'-(methylthio)-2-morpholinopropiophenone,CC(C)(C(=O)C1=CC=C(C=C1)SC)N2CCOCC2,12975,71868-10-5,LWRBVKNFOYUCNP-UHFFFAOYSA-N,279.4
"2-Methyl-4,5-dihydrofuran-3-thiol",CC1=C(CCO1)S,6235,26486-13-5,IHRSRTFITLMUQC-UHFFFAOYSA-N,116.18
"2-Methyl-4,6-bis((octylthio)methyl)phenol",CCCCCCCCSCC1=CC(=C(C(=C1)C)O)CSCCCCCCCC,1044,110553-27-0,GAODDBNJCKQQDY-UHFFFAOYSA-N,424.8
2-Methyl-4-[(3-methylbut-2-en-1-yl)oxy]butan-2-ol,CC(=CCOCCC(C)(C)O)C,2183,129851-47-4,XWKFROPYJWBTBH-UHFFFAOYSA-N,172.26
2-Methyl-4-isothiazolin-3-one,CN1C(=O)C=CS1,6359,2682-20-4,BEGLCMHJXHIJLR-UHFFFAOYSA-N,115.16
2-Methyl-4-nitroaniline,CC1=C(C=CC(=C1)[N+](=O)[O-])N,16041,99-52-5,XTTIQGSLJBWVIV-UHFFFAOYSA-N,152.15
2-Methyl-4-phenylpentane,CC(C)CC(C)C1=CC=CC=C1,4522,19219-84-2,MAUAHKQOJAFLQH-UHFFFAOYSA-N,162.27
2-Methyl-4-tert-octylphenol,CC1=C(C=CC(=C1)C(C)(C)CC(C)(C)C)O,5083,2219-84-3,DYKCNMUCTREDMF-UHFFFAOYSA-N,220.35
2-Methyl-5-hexen-3-ol,CC(C)C(CC=C)O,7418,32815-70-6,JKGMJZOZIJHPOH-UHFFFAOYSA-N,114.19
2-Methyl-5-nitroaniline,CC1=C(C=C(C=C1)[N+](=O)[O-])N,16042,99-55-8,DSBIJCMXAIKKKI-UHFFFAOYSA-N,152.15
"2-Methyl-5-norbornene-2,3-dicarboxylic anhydride",CC12C3CC(C1C(=O)OC2=O)C=C3,7204,31307-24-1,LTVUCOSIZFEASK-UHFFFAOYSA-N,178.18
2-Methyl-5-propylnonane,CCCCC(CCC)CCC(C)C,7176,31081-17-1,CABCROIGBFQLHZ-UHFFFAOYSA-N,184.36
2-Methyl-5-vinylpyridine,CC1=NC=C(C=C1)C=C,2928,140-76-1,VJOWMORERYNYON-UHFFFAOYSA-N,119.16
"2-Methyl-9,10-dihydroanthracene",CC1=CC2=C(CC3=CC=CC=C3C2)C=C1,15734,948-67-4,RKTIJKNZNPTOTQ-UHFFFAOYSA-N,194.27
"2-methyl-N-(2,2,6,6-tetramethylpiperidin-4-yl)-2-[(2,2,6,6-tetramethylpiperidin-4-yl)amino]propanamide",CC1(CC(CC(N1)(C)C)NC(=O)C(C)(C)NC2CC(NC(C2)(C)C)(C)C)C,14484,84214-94-8,QGWXNCIQTGYQLM-UHFFFAOYSA-N,380.6
2-methyl-N-[2-(2-oxoimidazolidin-1-yl)ethyl]prop-2-enamide,CC(=C)C(=O)NCCN1CCNC1=O,7150,3089-19-8,ZHNZXPCKMAJBQQ-UHFFFAOYSA-N,197.23
2-methyl-N-phenylaniline,CC1=CC=CC=C1NC2=CC=CC=C2,1681,1205-39-6,JTMODJXOTWYBOZ-UHFFFAOYSA-N,183.25
"2-Methyl-Z,Z-3,13-octadecadienol",CCCC/C=C\CCCCCCCC/C=C\C(C)CO,9283,519002-96-1,ZIOOKYHAOBSYOH-DNNFRFAMSA-N,280.5
2-Methyl-Z-7-hexadecene,CCCCCCCC/C=C/CCCCC(C)C,11298,64183-52-4,AOQKOJLGEWMVIG-VAWYXSNFSA-N,238.5
2-Methylanthracene,CC1=CC2=CC3=CC=CC=C3C=C2C=C1,10621,613-12-7,GYMFBYTZOGMSQJ-UHFFFAOYSA-N,192.25
2-Methylanthraquinone,CC1=CC2=C(C=C1)C(=O)C3=CC=CC=C3C2=O,14452,84-54-8,NJWGQARXZDRHCD-UHFFFAOYSA-N,222.24
2-Methylaziridine,CC1CN1,13480,75-55-8,OZDGMOYKSFPLSE-UHFFFAOYSA-N,57.09
2-Methylbenzaldehyde,CC1=CC=CC=C1C=O,9461,529-20-4,BTFQKIATRPGRBS-UHFFFAOYSA-N,120.15
2-Methylbenzaldehyde oxime,CC1=CC=CC=C1/C=N/O,16369,,ARLLNMVPNCXCIM-RMKNXTFCSA-N,135.16
2-Methylbenzenesulfonic acid,CC1=CC=CC=C1S(=O)(=O)O,14857,88-20-0,LBLYYCQCTBFVLH-UHFFFAOYSA-N,172.2
2-Methylbenzofuran,CC1=CC2=CC=CC=C2O1,8502,4265-25-2,GBGPVUAOTCNZPT-UHFFFAOYSA-N,132.16
2-Methylbenzophenone,CC1=CC=CC=C1C(=O)C2=CC=CC=C2,2286,131-58-8,CKGKXGQVRVAKEA-UHFFFAOYSA-N,196.24
2-Methylbiphenyl,CC1=CC=CC=C1C2=CC=CC=C2,6719,28652-72-4,ALLIZEAXNXSFGD-UHFFFAOYSA-N,168.23
2-Methylbiphenyl,CC1=CC=CC=C1C2=CC=CC=C2,11346,643-58-3,ALLIZEAXNXSFGD-UHFFFAOYSA-N,168.23
2-Methylbutyl acetate,CCC(C)COC(=O)C,10949,624-41-9,XHIUFYZDQBSEMF-UHFFFAOYSA-N,130.18
2-Methylbutyl benzoate,CCC(C)COC(=O)C1=CC=CC=C1,9378,52513-03-8,PYZHESNNAPENLQ-UHFFFAOYSA-N,192.25
2-Methylbutyl benzoate,CCC(C)COC(=O)C1=CC=CC=C1,17542,,PYZHESNNAPENLQ-UHFFFAOYSA-N,192.25
2-Methylbutyl salicylate,CCC(C)COC(=O)C1=CC=CC=C1O,9165,51115-63-0,LCMNCRZMVCRJNZ-UHFFFAOYSA-N,208.25
2-Methylbutyraldehyde,CCC(C)C=O,15870,96-17-3,BYGQBDHUGHBGMD-UHFFFAOYSA-N,86.13
2-Methylcyclohexanol,CC1CCCCC1O,10214,583-59-5,NDVWOBYBJYUSMF-UHFFFAOYSA-N,114.19
2-Methylcyclopentanone,CC1CCCC1=O,1277,1120-72-5,ZIXLDMFVRPABBX-UHFFFAOYSA-N,98.14
2-Methyldecalin,CC1CCC2CCCCC2C1,6883,2958-76-1,GREARFRXIFVLGB-UHFFFAOYSA-N,152.28
2-Methyldecane,CCCCCCCCC(C)C,12670,6975-98-0,CNPVJWYWYZMPDS-UHFFFAOYSA-N,156.31
2-Methyldodecane,CCCCCCCCCCC(C)C,3515,1560-97-0,HGEMCUOAMCILCP-UHFFFAOYSA-N,184.36
2-Methylenecyclopentanol,C=C1CCCC1O,4756,20461-31-8,GQKSJBOBUIUXGZ-UHFFFAOYSA-N,98.14
2-Methylenehexanal,CCCCC(=C)C=O,793,1070-66-2,IWEWQGKFUYQGSN-UHFFFAOYSA-N,112.17
2-Methylfluorene,CC1=CC2=C(C=C1)C3=CC=CC=C3C2,3083,1430-97-3,RKJHJMAZNPASHY-UHFFFAOYSA-N,180.24
2-Methylfuran,CC1=CC=CO1,9517,534-22-5,VQKFNUFAXTZWDK-UHFFFAOYSA-N,82.1
2-Methylglutaronitrile,CC(CCC#N)C#N,8790,4553-62-2,FPPLREPCQJZDAQ-UHFFFAOYSA-N,108.14
2-Methylheptadecane,CCCCCCCCCCCCCCCC(C)C,3510,1560-89-0,RJWUMFHQJJBBOD-UHFFFAOYSA-N,254.5
2-Methylheptanal,CCCCCC(C)C=O,3888,16630-91-4,DHEKCFIOOSCJRW-UHFFFAOYSA-N,128.21
2-Methylheptane,CCCCCC(C)C,6289,26635-64-3,JVSWJIKNEAIKJW-UHFFFAOYSA-N,114.23
2-Methylhexadecane,CCCCCCCCCCCCCCC(C)C,3511,1560-92-5,FNWWOHKUXFTKGN-UHFFFAOYSA-N,240.5
2-Methylhexane,CCCCC(C)C,7217,31394-54-4,GXDHCNNESPLIKD-UHFFFAOYSA-N,100.2
2-Methylhexane,CCCCC(C)C,10335,591-76-4,GXDHCNNESPLIKD-UHFFFAOYSA-N,100.2
2-Methylhexanoic acid,CCCCC(C)C(=O)O,8774,4536-23-6,CVKMFSAVYPAZTQ-UHFFFAOYSA-N,130.18
2-Methylimidazole,CC1=NC=CN1,12633,693-98-1,LXBGSDVWAMZHDD-UHFFFAOYSA-N,82.1
2-Methylindole,CC1=CC2=CC=CC=C2N1,15745,95-20-5,BHNHHSOHWZKFOX-UHFFFAOYSA-N,131.17
2-Methylnaphthalene,CC1=CC2=CC=CC=C2C=C1,15343,91-57-6,QIMMUPPBPVKWKM-UHFFFAOYSA-N,142.2
2-Methylnonadecane,CCCCCCCCCCCCCCCCCC(C)C,3508,1560-86-7,LEEDMQGKBNGPDN-UHFFFAOYSA-N,282.5
2-Methyloctacosane,CCCCCCCCCCCCCCCCCCCCCCCCCCC(C)C,3516,1560-98-1,YGCGPCUUTAKOEU-UHFFFAOYSA-N,408.8
2-Methyloctadecane,CCCCCCCCCCCCCCCCC(C)C,3509,1560-88-9,KVQVGSDBGJXNGV-UHFFFAOYSA-N,268.5
"2-Methyloctane-1,8-diamine",CC(CCCCCCN)CN,3284,148528-05-6,GAGWMWLBYJPFDD-UHFFFAOYSA-N,158.28
2-Methylpentadecane,CCCCCCCCCCCCCC(C)C,3512,1560-93-6,BANXPJUEBPWEOT-UHFFFAOYSA-N,226.44
2-Methylpentadecane-2-thiol,CCCCCCCCCCCCCC(C)(C)S,5862,25360-09-2,ZJCZFAAXZODMQT-UHFFFAOYSA-N,258.5
2-Methylpentan-2-ol,CCCC(C)(C)O,10318,590-36-3,WFRBDWRZVBPBDO-UHFFFAOYSA-N,102.17
2-Methylpentane,CCCC(C)C,780,107-83-5,AFABGHUZZDYHJO-UHFFFAOYSA-N,86.18
2-Methylpentyl benzoate,CCCC(C)COC(=O)C1=CC=CC=C1,10421,59736-57-1,OUNXTLNEKZMJFY-UHFFFAOYSA-N,206.28
2-Methylphenanthrene,CC1=CC2=C(C=C1)C3=CC=CC=C3C=C2,5843,2531-84-2,KANLOADZXMMCQA-UHFFFAOYSA-N,192.25
2-Methylpyrazine,CC1=NC=CN=C1,917,109-08-0,CAWHJQAVHZEVTJ-UHFFFAOYSA-N,94.11
2-Methylpyrene,CC1=CC2=C3C(=C1)C=CC4=CC=CC(=C43)C=C2,7616,3442-78-2,VIRFPLJXRDHVEI-UHFFFAOYSA-N,216.28
2-Methylpyridine,CC1=CC=CC=N1,916,109-06-8,BSKHPKMHTQYZBB-UHFFFAOYSA-N,93.13
2-Methylquinoline,CC1=NC2=CC=CC=C2C=C1,15345,91-63-4,SMUQFGGVLNAIOZ-UHFFFAOYSA-N,143.18
2-Methylstyrene,CC1=CC=CC=C1C=C,10582,611-15-4,NVZWEEGUWXZOKI-UHFFFAOYSA-N,118.18
2-Methyltetracosane,CCCCCCCCCCCCCCCCCCCCCCC(C)C,3507,1560-78-7,YNQOGIZOCQEUJR-UHFFFAOYSA-N,352.7
2-Methyltetradecane,CCCCCCCCCCCCC(C)C,3513,1560-95-8,KUVMKLCGXIYSNH-UHFFFAOYSA-N,212.41
2-Methyltricosane,CCCCCCCCCCCCCCCCCCCCCC(C)C,4530,1928-30-9,JNHSEDRFFJZMLH-UHFFFAOYSA-N,338.7
2-Methyltridecane,CCCCCCCCCCCC(C)C,3514,1560-96-9,CJBFZKZYIPBBTO-UHFFFAOYSA-N,198.39
2-Methylundecane,CCCCCCCCCC(C)C,7287,31807-55-3,GTJOHISYCKPIMT-UHFFFAOYSA-N,170.33
2-Methylundecane,CCCCCCCCCC(C)C,12770,7045-71-8,GTJOHISYCKPIMT-UHFFFAOYSA-N,170.33
2-Methylundecane-2-thiol,CCCCCCCCCC(C)(C)S,124,10059-13-9,FRQQKWGDKVGLFI-UHFFFAOYSA-N,202.4
2-Methylvaleric acid,CCCC(C)C(=O)O,15924,97-61-0,OVBFMEVBMNZIBR-UHFFFAOYSA-N,116.16
2-Monomyristin,CCCCCCCCCCCCCC(=O)OC(CO)CO,7619,3443-83-2,TVIMZSOUQXNWHO-UHFFFAOYSA-N,302.4
2-Monoolein,CCCCCCCC/C=C\CCCCCCCC(=O)OC(CO)CO,7620,3443-84-3,UPWGQKDVAURUGE-KTKRTIGZSA-N,356.5
"2-Naphthalenamine, 1,2,4a,5,6,7,8,8a-octahydro-4a-methyl-",CC12CCCCC1CC(C=C2)N,9924,56053-03-3,IAQJHTQLRTUUKN-UHFFFAOYSA-N,165.27
"2-Naphthalenecarboxamide, 3-hydroxy-4-[(2-methyl-4-nitrophenyl)azo]-N-(2-methylphenyl)-",CC1=CC=CC=C1NC(=O)C2=CC3=CC=CC=C3C(=C2O)N=NC4=C(C=C(C=C4)[N+](=O)[O-])C,11275,6410-32-8,KDLDNQQRGJAGIS-UHFFFAOYSA-N,440.4
"2-Naphthalenecarboxamide, 3-hydroxy-4-[(2-methyl-5-nitrophenyl)azo]-N-(2-methylphenyl)-",CC1=C(C=C(C=C1)[N+](=O)[O-])N=NC2=C(C(=CC3=CC=CC=C32)C(=O)NC4=CC=CC=C4C)O,11687,6655-84-1,NWDMDFAMCIHORB-UHFFFAOYSA-N,440.4
"2-Naphthalenecarboxamide, 3-hydroxy-4-[[2-methoxy-5-[(phenylamino)carbonyl]phenyl]azo]-",COC1=C(C=C(C=C1)C(=O)NC2=CC=CC=C2)N=NC3=C(C(=CC4=CC=CC=C43)C(=O)N)O,9962,56396-10-2,LFFICOHZNUVGRZ-UHFFFAOYSA-N,440.4
"2-Naphthalenecarboxamide, 3-hydroxy-N-(2-methylphenyl)-4-((2,4,5-trichlorophenyl)azo)-",CC1=CC=CC=C1NC(=O)C2=CC3=CC=CC=C3C(=C2O)N=NC4=CC(=C(C=C4Cl)Cl)Cl,11545,6535-46-2,JQNJCQYNSLCFAC-UHFFFAOYSA-N,484.8
"2-Naphthalenecarboxamide, 4-[(2,5-dichlorophenyl)azo]-3-hydroxy-N-(2-methoxyphenyl)-",COC1=CC=CC=C1NC(=O)C2=CC3=CC=CC=C3C(=C2O)N=NC4=C(C=CC(=C4)Cl)Cl,11276,6410-38-4,IBVDQFFVBKPVPB-UHFFFAOYSA-N,466.3
"2-Naphthalenecarboxamide, 4-[(2,5-dichlorophenyl)azo]-N-(2,5-dimethoxyphenyl)-3-hydroxy-",COC1=CC(=C(C=C1)OC)NC(=O)C2=CC3=CC=CC=C3C(=C2O)N=NC4=C(C=CC(=C4)Cl)Cl,11277,6410-40-8,CVRPSWGFUCJAFC-UHFFFAOYSA-N,496.3
"2-Naphthalenecarboxamide, 4-[(2-chlorophenyl)azo]-3-hydroxy-N-phenyl-",C1=CC=C(C=C1)NC(=O)C2=CC3=CC=CC=C3C(=C2O)N=NC4=CC=CC=C4Cl,11272,6410-26-0,XNANGTRPTFPPPE-UHFFFAOYSA-N,401.8
"2-Naphthalenecarboxamide, 4-[(4-chloro-2-methylphenyl)azo]-N-(2-ethoxyphenyl)-3-hydroxy-",CCOC1=CC=CC=C1NC(=O)C2=CC3=CC=CC=C3C(=C2O)N=NC4=C(C=C(C=C4)Cl)C,11602,65907-69-9,PBZAQXHQPHZWIF-UHFFFAOYSA-N,459.9
"2-Naphthalenecarboxamide, 4-[[4-(aminocarbonyl)phenyl]azo]-3-hydroxy-N-(2-methoxyphenyl)-",COC1=CC=CC=C1NC(=O)C2=CC3=CC=CC=C3C(=C2O)N=NC4=CC=C(C=C4)C(=O)N,7906,36968-27-1,HULNYTPFPARJMG-UHFFFAOYSA-N,440.4
"2-Naphthalenecarboxamide, 4-[[5-(aminocarbonyl)-2-methylphenyl]azo]-3-hydroxy-N-phenyl-",CC1=C(C=C(C=C1)C(=O)N)N=NC2=C(C(=CC3=CC=CC=C32)C(=O)NC4=CC=CC=C4)O,3826,16403-84-2,YOGMQHMXNSEDLV-UHFFFAOYSA-N,424.5
"2-Naphthalenecarboxamide, N-(2,3-dihydro-2-oxo-1H-benzimidazol-5-yl)-3-hydroxy-4-[(2-methoxy-4-nitrophenyl)azo]-",COC1=C(C=CC(=C1)[N+](=O)[O-])N=NC2=C(C(=CC3=CC=CC=C32)C(=O)NC4=CC5=C(C=C4)NC(=O)N5)O,12684,6985-95-1,HECMZBWRWWVBJI-UHFFFAOYSA-N,498.4
"2-Naphthalenecarboxamide, N-(4-chlorophenyl)-3-hydroxy-4-[(2-methyl-5-nitrophenyl)azo]-",CC1=C(C=C(C=C1)[N+](=O)[O-])N=NC2=C(C(=CC3=CC=CC=C32)C(=O)NC4=CC=C(C=C4)Cl)O,11274,6410-30-6,ITHKKUPWEBSLAJ-UHFFFAOYSA-N,460.9
"2-Naphthalenecarboxylic acid, 4-[(5-chloro-4-methyl-2-sulfophenyl)azo]-3-hydroxy-",CC1=CC(=C(C=C1Cl)N=NC2=C(C(=CC3=CC=CC=C32)C(=O)O)O)S(=O)(=O)O,9443,5280-66-0,LZNMMJSXOXXHFD-UHFFFAOYSA-N,420.8
2-Naphthalenesulfonic acid,C1=CC=C2C=C(C=CC2=C1)S(=O)(=O)O,1567,120-18-3,KVBGVZZKJNLNJU-UHFFFAOYSA-N,208.24
"2-Naphthalenol, 1,2-dihydro-, acetate",CC(=O)OC1CC2=CC=CC=C2C=C1,2431,132316-80-4,GXGUOVFSCCAKNY-UHFFFAOYSA-N,188.22
"2-Naphthalenol, 1-[(4-methoxy-2-nitrophenyl)azo]-",COC1=CC(=C(C=C1)N=NC2=C(C=CC3=CC=CC=C32)O)[N+](=O)[O-],9002,49744-28-7,XKCBOKJVKUTYEH-UHFFFAOYSA-N,323.3
2-Naphthol,C1=CC=C2C=C(C=CC2=C1)O,2666,135-19-3,JWAZRIHNYRIHIV-UHFFFAOYSA-N,144.17
"2-Naphthol, 1,2,3,4,4a,5,6,7-octahydro-4a-methyl-",CC12CCCC=C1CC(CC2)O,15395,91253-94-0,JQCCPUMIRXBPCY-UHFFFAOYSA-N,166.26
2-Naphthol-6-sulfonic acid,C1=CC2=C(C=CC(=C2)S(=O)(=O)O)C=C1O,15540,93-01-6,VVPHSMHEYVOVLH-UHFFFAOYSA-N,224.23
2-Naphthonitrile,C1=CC=C2C=C(C=CC2=C1)C#N,10626,613-46-7,AZKDTTQQTKDXLH-UHFFFAOYSA-N,153.18
2-Naphthyl acrylate,C=CC(=O)OC1=CC2=CC=CC=C2C=C1,9423,52684-34-1,SLVJUZOHXPZVLR-UHFFFAOYSA-N,198.22
2-Naphthyl benzoate,C1=CC=C(C=C1)C(=O)OC2=CC3=CC=CC=C3C=C2,15551,93-44-7,DWJIJRSTYFPKGD-UHFFFAOYSA-N,248.27
2-Naphthyl methacrylate,CC(=C)C(=O)OC1=CC2=CC=CC=C2C=C1,535,10475-46-4,CXOYJPWMGYDJNW-UHFFFAOYSA-N,212.24
2-Naphthylamine,C1=CC=C2C=C(C=CC2=C1)N,15344,91-59-8,JBIJLHTVPXGSAM-UHFFFAOYSA-N,143.18
2-Nitroadamantane,C1C2CC3CC1CC(C2)C3[N+](=O)[O-],9697,54564-31-7,ZFSCSQSQXFIKKH-UHFFFAOYSA-N,181.23
2-Nitrobutyl bromoacetate,CCC(COC(=O)CBr)[N+](=O)[O-],7419,32815-96-6,WSJZSGQAZLMVKM-UHFFFAOYSA-N,240.05
2-Nitrophenyl octyl ether,CCCCCCCCOC1=CC=CC=C1[N+](=O)[O-],8017,37682-29-4,CXVOIIMJZFREMM-UHFFFAOYSA-N,251.32
2-Nitropropane,CC(C)[N+](=O)[O-],14044,79-46-9,FGLBSLMDCBOPQK-UHFFFAOYSA-N,89.09
2-Nitroterephthalaldehyde,C1=CC(=C(C=C1C=O)[N+](=O)[O-])C=O,8230,39909-72-3,XKJZDFJGFMPBBG-UHFFFAOYSA-N,179.13
2-Nitrotoluene,CC1=CC=CC=C1[N+](=O)[O-],14871,88-72-2,PLAZTCDQAHEYBI-UHFFFAOYSA-N,137.14
2-Nonadecanol,CCCCCCCCCCCCCCCCCC(C)O,6251,26533-36-8,QXYWIOWTBOREMG-UHFFFAOYSA-N,284.5
2-Nonadecanone,CCCCCCCCCCCCCCCCCC(=O)C,11033,629-66-3,IEDKVDCIEARIIU-UHFFFAOYSA-N,282.5
2-nonadecene (Z),CCCCCCCCCCCCCCCC/C=C\C,15716,94434-40-9,HANVOGLDKHFHBY-HYXAFXHYSA-N,266.5
2-Nonanol,CCCCCCCC(C)O,11015,628-99-9,NGDNVOAEIVQRFH-UHFFFAOYSA-N,144.25
"2-Nonanol, 2-methyl-",CCCCCCCC(C)(C)O,364,10297-57-1,VREDNSVJXRJXRI-UHFFFAOYSA-N,158.28
2-Nonanone,CCCCCCCC(=O)C,14317,821-55-6,VKCYHJWLYTUGCC-UHFFFAOYSA-N,142.24
2-Nonen-1-ol,CCCCCCC=CCO,5064,22104-79-6,NSSALFVIQPAIQK-UHFFFAOYSA-N,142.24
2-Nonenal,CCCCCC/C=C/C=O,4426,18829-56-6,BSAIUMLZVGUGKX-BQYQJAHWSA-N,140.22
2-Nonenal,CCCCCC/C=C/C=O,5487,2463-53-8,BSAIUMLZVGUGKX-BQYQJAHWSA-N,140.22
2-Nonene,CCCCCCC=CC,6463,27215-95-8,IICQZTQZQSBHBY-UHFFFAOYSA-N,126.24
2-Nonylphenol,CCCCCCCCCC1=CC=CC=C1O,5766,25154-52-3,SNQQPOLDUKLAAF-UHFFFAOYSA-N,220.35
2-Nonylphenol,CCCCCCCCCC1=CC=CC=C1O,16587,,SNQQPOLDUKLAAF-UHFFFAOYSA-N,220.35
2-Octadecanone,CCCCCCCCCCCCCCCCC(=O)C,13204,7373-13-9,PJLJQAWUAPNCJC-UHFFFAOYSA-N,268.5
2-Octadecenal,CCCCCCCCCCCCCCC/C=C/C=O,9243,51534-37-3,AHQSSWHOKBCJFA-WUKNDPDISA-N,266.5
2-Octadecoxyethyl 2-methylprop-2-enoate,CCCCCCCCCCCCCCCCCCOCCOC(=O)C(=C)C,9354,52352-43-9,KOZZOZYINRDZOU-UHFFFAOYSA-N,382.6
2-Octanol,CCCCCCC(C)O,1943,123-96-6,SJWFXCIHNDVPSH-UHFFFAOYSA-N,130.23
2-Octanone,CCCCCCC(=O)C,1082,111-13-7,ZPVFWPFBNIEHGJ-UHFFFAOYSA-N,128.21
2-Octanoylfuran,CCCCCCCC(=O)C1=CC=CO1,9696,5456-77-9,OQMUCISCOICEGC-UHFFFAOYSA-N,194.27
2-Octenal,CCCCC/C=C/C=O,5283,2363-89-5,LVBXEMGDVWVTGY-VOTSOKGWSA-N,126.2
2-Octenal,CCCCC/C=C/C=O,5878,2548-87-0,LVBXEMGDVWVTGY-VOTSOKGWSA-N,126.2
"2-Octenal, (2Z)-",CCCCC/C=C\C=O,4802,20664-46-4,LVBXEMGDVWVTGY-SREVYHEPSA-N,126.2
2-Octene,CCCCCC=CC,1112,111-67-1,ILPBINAXDRFYPL-UHFFFAOYSA-N,112.21
2-Octenoic acid ethyl ester,CCCCCC=CC(=O)OCC,17767,,AISZSTYLOVXFII-UHFFFAOYSA-N,170.25
"2-Octenoic acid, ethyl ester",CCCCC/C=C/C(=O)OCC,5267,2351-90-8,AISZSTYLOVXFII-CMDGGOBGSA-N,170.25
"2-Octenoic acid, ethyl ester",CCCCC/C=C/C(=O)OCC,13197,7367-82-0,AISZSTYLOVXFII-CMDGGOBGSA-N,170.25
2-Octenylsuccinic Anhydride,CCCCC/C=C/CC1CC(=O)OC1=O,8488,42482-06-4,WSGFXVFLWVXTCJ-VOTSOKGWSA-N,210.27
2-Octyl benzoate,CCCCCCC(C)OC(=O)C1=CC=CC=C1,12637,6938-51-8,WARXKCSTKHDFFE-UHFFFAOYSA-N,234.33
2-Octyl-1-dodecanol,CCCCCCCCCCC(CCCCCCCC)CO,9508,5333-42-6,LEACJMVNYZDSKR-UHFFFAOYSA-N,298.5
"2-Oxazoline, 4,4-dimethyl-2-(heptadec-8-enyl)-",CCCCCCCC/C=C/CCCCCCCC1=NC(CO1)(C)C,16608,,CHAMUCPNQGNBLJ-VAWYXSNFSA-N,335.6
2-Palmitoylglycerol,CCCCCCCCCCCCCCCC(=O)OC(CO)CO,5262,23470-00-0,BBNYCLAREVXOSG-UHFFFAOYSA-N,330.5
2-Pentacosanone,CCCCCCCCCCCCCCCCCCCCCCCC(=O)C,16891,,CDTIEPBCRWXMBD-UHFFFAOYSA-N,366.7
2-Pentadecanol,CCCCCCCCCCCCCC(C)O,3862,1653-34-5,ALVGHPMGQNBJRC-UHFFFAOYSA-N,228.41
2-Pentadecanone,CCCCCCCCCCCCCC(=O)C,5260,2345-28-0,CJPNOLIZCWDHJK-UHFFFAOYSA-N,226.4
2-Pentadecenal,CCCCCCCCCCCC/C=C/C=O,15895,96360-08-6,MLTULPRRIKTZBN-BUHFOSPRSA-N,224.38
2-Pentadecenoic acid,CCCCCCCCCCCC/C=C/C(=O)O,17520,,HOGWBMWOBRRKCD-BUHFOSPRSA-N,240.38
2-Pentadecylimidazoline,CCCCCCCCCCCCCCCC1=NCCN1,1964,12379-47-4,KSJKFYTZUCKVFT-UHFFFAOYSA-N,280.5
2-Pentanol,CCCC(C)O,10506,6032-29-7,JYVLIDXNZAXMDK-UHFFFAOYSA-N,88.15
2-Pentanone,CCCC(=O)C,782,107-87-9,XNLICIUVMPYHGG-UHFFFAOYSA-N,86.13
"2-Pentanone, 3,3,4,4-tetramethyl-",CC(=O)C(C)(C)C(C)(C)C,14755,865-66-7,VVCKMVBQLNBXOE-UHFFFAOYSA-N,142.24
"2-Pentene, 1-ethoxy-4-methyl-, (Z)-",CCOC/C=C\C(C)C,9169,51149-75-8,XLTXOKDODGBUDF-WAYWQWQTSA-N,128.21
2-Pentyl-2-cyclopenten-1-one,CCCCCC1=CCCC1=O,5907,25564-22-1,ILHZVKAXFCDFMT-UHFFFAOYSA-N,152.23
2-Pentylcyclopentanone,CCCCCC1CCCC1=O,8927,4819-67-4,VNWOJVJCRAHBJJ-UHFFFAOYSA-N,154.25
2-Pentylfuran,CCCCCC1=CC=CO1,8022,3777-69-3,YVBAUDVGOFCUSG-UHFFFAOYSA-N,138.21
2-Phenoxyethyl acrylate,C=CC(=O)OCCOC1=CC=CC=C1,8926,48145-04-6,RZVINYQDSSQUKO-UHFFFAOYSA-N,192.21
2-Phenoxyethyl isobutyrate,CC(C)C(=O)OCCOC1=CC=CC=C1,386,103-60-6,MJTPMXWJHPOWGH-UHFFFAOYSA-N,208.25
2-Phenoxyethyl methacrylate,CC(=C)C(=O)OCCOC1=CC=CC=C1,625,10595-06-9,CEXQWAAGPPNOQF-UHFFFAOYSA-N,206.24
"2-Phenyl-1,2,3,4-tetrahydronaphthalene",C1CC2=CC=CC=C2CC1C3=CC=CC=C3,6862,29422-13-7,DYYMTTTVEKTABS-UHFFFAOYSA-N,208.3
"2-Phenyl-1,3,2-dioxaborolane",B1(OCCO1)C2=CC=CC=C2,8588,4406-72-8,HVEMPDZEMICSMG-UHFFFAOYSA-N,147.97
2-Phenyl-1-pentene,CCCC(=C)C1=CC=CC=C1,10014,5676-32-4,ANGVCCXFJKHNDS-UHFFFAOYSA-N,146.23
"2-Phenyl-2,3-dihydrofuran",C1C=COC1C2=CC=CC=C2,7540,33732-62-6,PQHIJMWKRKSDNQ-UHFFFAOYSA-N,146.19
"2-Phenyl-2,3-dihydroquinazolin-4(1h)-one",C1=CC=C(C=C1)C2NC3=CC=CC=C3C(=O)N2,15797,954-91-6,BIVGFFFLVZMILM-UHFFFAOYSA-N,224.26
2-Phenyl-2-propanol,CC(C)(C1=CC=CC=C1)O,10700,617-94-7,BDCFWIDZNLCTMF-UHFFFAOYSA-N,136.19
2-Phenylbenzothiazole,C1=CC=C(C=C1)C2=NC3=CC=CC=C3S2,14891,883-93-2,XBHOUXSGHYZCNH-UHFFFAOYSA-N,211.28
2-Phenylbutyramide,CCC(C1=CC=CC=C1)C(=O)N,14969,90-26-6,UNFGQCCHVMMMRF-UHFFFAOYSA-N,163.22
2-Phenylbutyric acid,CCC(C1=CC=CC=C1)C(=O)O,14970,90-27-7,OFJWFSNDPCAWDK-UHFFFAOYSA-N,164.2
2-Phenyldecane,CCCCCCCCC(C)C1=CC=CC=C1,8781,4537-13-7,DDTJIQUCOLHYDL-UHFFFAOYSA-N,218.38
2-Phenyldodecane,CCCCCCCCCCC(C)C1=CC=CC=C1,6446,2719-61-1,VRPRIAVYSREHAN-UHFFFAOYSA-N,246.4
2-Phenyleicosane,CCCCCCCCCCCCCCCCCCC(C)C1=CC=CC=C1,5350,2398-66-5,GWTSUVHHMPSJLJ-UHFFFAOYSA-N,358.6
2-Phenylethyl methacrylate,CC(=C)C(=O)OCCC1=CC=CC=C1,7890,3683-12-3,ILZXXGLGJZQLTR-UHFFFAOYSA-N,190.24
2-Phenylimidazole,C1=CC=C(C=C1)C2=NC=CN2,11728,670-96-2,ZCUJYXPAKHMBAZ-UHFFFAOYSA-N,144.17
2-Phenylindole,C1=CC=C(C=C1)C2=CC3=CC=CC=C3N2,15733,948-65-2,KLLLJCACIRKBDT-UHFFFAOYSA-N,193.24
2-Phenylnaphthalene,C1=CC=C(C=C1)C2=CC3=CC=CC=C3C=C2,10611,612-94-2,TURIHPLQSRVWHU-UHFFFAOYSA-N,204.27
2-Phenylphenol,C1=CC=C(C=C1)C2=CC=CC=C2O,14975,90-43-7,LLEMOWNGBBNAJR-UHFFFAOYSA-N,170.21
2-Phenylpropan-1-ol,CC(CO)C1=CC=CC=C1,1286,1123-85-9,RNDNSYIPLPAXAZ-UHFFFAOYSA-N,136.19
2-Phenylpropanal,CC(C=O)C1=CC=CC=C1,15554,93-53-8,IQVAERDLDAZARL-UHFFFAOYSA-N,134.17
2-Phenylpyridine,C1=CC=C(C=C1)C2=CC=CC=N2,134,1008-89-5,VQGHOUODWALEFC-UHFFFAOYSA-N,155.2
2-Phenyltetradecane,CCCCCCCCCCCCC(C)C1=CC=CC=C1,8773,4534-59-2,GDFUGKICRHMMOT-UHFFFAOYSA-N,274.5
2-Phenyltridecane,CCCCCCCCCCCC(C)C1=CC=CC=C1,8770,4534-53-6,FCXPVFLEDIQLLO-UHFFFAOYSA-N,260.5
2-Phthalimidopropionic acid,CC(C(=O)O)N1C(=O)C2=CC=CC=C2C1=O,4577,19506-87-7,OZWUITKBAWTEAQ-UHFFFAOYSA-N,219.19
2-Piperidineethanol,C1CCNC(C1)CCO,3280,1484-84-0,PTHDBHDZSMGHKF-UHFFFAOYSA-N,129.2
2-Piperidone,C1CCNC(=O)C1,11758,675-20-7,XUWHAWMETYGRKB-UHFFFAOYSA-N,99.13
"2-Propanol, 1,1'-[(1-methyl-1,2-ethanediyl)bis(oxy)]bis-",CC(COCC(C)OCC(C)O)O,3813,1638-16-0,LEQCJROTXBYLEU-UHFFFAOYSA-N,192.25
"2-Propanol, 1,1'-[[3-(dimethylamino)propyl]imino]bis-",CC(CN(CCCN(C)C)CC(C)O)O,11152,63469-23-8,FFCUXTGIVGMUKC-UHFFFAOYSA-N,218.34
"2-Propanol, 1,1'-[[3-[bis[3-(dimethylamino)propyl]amino]propyl]imino]bis-",CC(CN(CCCN(CCCN(C)C)CCCN(C)C)CC(C)O)O,4754,2044770-20-7,XOUUBIIWXXBSJN-UHFFFAOYSA-N,360.6
"2-Propanol, 1-(2-methoxy-1-methylethoxy)-",CC(COC(C)COC)O,4724,20324-32-7,WGYZMNBUZFHYRX-UHFFFAOYSA-N,148.2
"2-Propanol, 1-(2-methoxy-1-methylethoxy)-",CC(COC(C)COC)O,16264,34590-94-8,WGYZMNBUZFHYRX-UHFFFAOYSA-N,148.2
"2-Propanol, 1-(2-propenyloxy)-",CC(COCC=C)O,4946,21460-36-6,CJNXVNXBZXMHKG-UHFFFAOYSA-N,116.16
"2-Propanol, 1-[1-methyl-2-(2-propenyloxy)ethoxy]-",CC(COC(C)COCC=C)O,9900,55956-25-7,PDCBTSVBFUQBNN-UHFFFAOYSA-N,174.24
"2-Propanol, 1-[2-(2-methoxy-1-methylethoxy)-1-methylethoxy]-",CC(COC(C)COC(C)COC)O,4725,20324-33-8,HPFDGTFXAVIVTH-UHFFFAOYSA-N,206.28
"2-Propeneperoxoic acid, 3-carboxy-, 1-(1,1-dimethylethyl) ester, (2Z)-",CC(C)(C)OOC(=O)/C=C\C(=O)O,4540,1931-62-0,RQHGZNBWBKINOY-PLNGDYQASA-N,188.18
2-Propenoic acid 4-[(4-propylphenyl)ethynyl]phenyl ester,CCCC1=CC=C(C=C1)C#CC2=CC=C(C=C2)OC(=O)C=C,4361,185912-82-7,ZJOIGKYWAJEWJR-UHFFFAOYSA-N,290.4
"2-Propenoic acid, (1R,2R,4R)-1,7,7-trimethylbicyclo[2.2.1]hept-2-yl ester, rel-",C[C@@]12CC[C@@H](C1(C)C)C[C@H]2OC(=O)C=C,10289,5888-33-5,PSGCQDPCAWOCSH-BREBYQMCSA-N,208.3
"2-Propenoic acid, 2-(2-phenoxyethoxy)ethyl ester",C=CC(=O)OCCOCCOC1=CC=CC=C1,10689,61630-25-9,QFNYOIKHNYCFRG-UHFFFAOYSA-N,236.26
"2-Propenoic acid, 2-[2-(ethenyloxy)ethoxy]ethyl ester",C=CC(=O)OCCOCCOC=C,14741,86273-46-3,URQQDYIVGXOEDA-UHFFFAOYSA-N,186.2
"2-Propenoic acid, 2-hydroxybutyl ester",CCC(COC(=O)C=C)O,5383,2421-27-4,NJRHMGPRPPEGQL-UHFFFAOYSA-N,144.17
"2-Propenoic acid, 2-isocyanatoethyl ester",C=CC(=O)OCCN=C=O,2734,13641-96-8,DPNXHTDWGGVXID-UHFFFAOYSA-N,141.12
"2-Propenoic acid, 2-methyl-, (trimethoxysilyl)methyl ester",CC(=C)C(=O)OC[Si](OC)(OC)OC,9701,54586-78-6,UOKUUKOEIMCYAI-UHFFFAOYSA-N,220.29
"2-Propenoic acid, 2-methyl-, 1,2,2,6,6-pentamethyl-4-piperidinyl ester",CC(=C)C(=O)OC1CC(N(C(C1)(C)C)C)(C)C,12299,68548-08-3,NWPIOULNZLJZHU-UHFFFAOYSA-N,239.35
"2-Propenoic acid, 2-methyl-, 2-(2-oxo-1-imidazolidinyl)ethyl ester",CC(=C)C(=O)OCCN1CCNC1=O,14740,86261-90-7,PFPUZMSQZJFLBK-UHFFFAOYSA-N,198.22
"2-Propenoic acid, 2-methyl-, 2-[2-(ethenyloxy)ethoxy]ethyl ester",CC(=C)C(=O)OCCOCCOC=C,13637,76392-22-8,MGMSZKIPUNOMCS-UHFFFAOYSA-N,200.23
"2-Propenoic acid, 2-methyl-, diphenylmethyl ester",CC(=C)C(=O)OC(C1=CC=CC=C1)C2=CC=CC=C2,5911,25574-72-5,AVXYPAZKABBYHD-UHFFFAOYSA-N,252.31
"2-Propenoic acid, 2-phenylethyl ester",C=CC(=O)OCCC1=CC=CC=C1,7715,3530-36-7,HPSGLFKWHYAKSF-UHFFFAOYSA-N,176.21
"2-Propenoic acid, 2-propylheptyl ester",CCCCCC(CCC)COC(=O)C=C,3304,149021-58-9,RXBOCDZLKBPILN-UHFFFAOYSA-N,212.33
"2-Propenoic acid, 3-(5,5,6-trimethylbicyclo[2.2.1]hept-2-yl)cyclohexyl ester",CC1C2CC(C1(C)C)CC2C3CCCC(C3)OC(=O)C=C,15217,903876-45-9,CDBRNGRSVNBVLJ-UHFFFAOYSA-N,290.4
"2-Propenoic acid, 3-(dimethylamino)-2,2-dimethylpropyl ester",CC(C)(CN(C)C)COC(=O)C=C,4686,20166-73-8,SZWMBBRKRKJARM-UHFFFAOYSA-N,185.26
"2-Propenoic acid, 4-(trans-4-propylcyclohexyl)phenyl ester",CCCC1CCC(CC1)C2=CC=C(C=C2)OC(=O)C=C,3933,168274-89-3,QEVDSQAQCWMYKW-UHFFFAOYSA-N,272.4
"2-Propenoic acid, 4-[[(4-benzoylphenoxy)carbonyl]oxy]butyl ester",C=CC(=O)OCCCCOC(=O)OC1=CC=C(C=C1)C(=O)C2=CC=CC=C2,2346,131513-00-3,XEJDJFHDOJHPJB-UHFFFAOYSA-N,368.4
"2-Propenoic acid, bicyclo[2.2.1]hept-5-en-2-ylmethyl ester",C=CC(=O)OCC1CC2CC1C=C2,15752,95-39-6,IEOVKCGOIXZDRK-UHFFFAOYSA-N,178.23
"2-Propenoic acid, eicosyl ester",CCCCCCCCCCCCCCCCCCCCOC(=O)C=C,8917,48076-38-6,NGYRYRBDIPYKTL-UHFFFAOYSA-N,352.6
"2-Propenoic acid, octahydro-4,7-methano-1H-inden-5-yl ester",C=CC(=O)OC1CC2CC1C3C2CCC3,13223,7398-56-3,BDYXPMNDZDGGTI-UHFFFAOYSA-N,206.28
2-Propoxyethanol,CCCOCCO,6625,2807-30-9,YEYKMVJDLWJFOA-UHFFFAOYSA-N,104.15
2-Propyl-1-heptanol,CCCCCC(CCC)CO,108,10042-59-8,YLQLIQIAXYRMDL-UHFFFAOYSA-N,158.28
2-Propyl-1-pentanol,CCCC(CCC)CO,10199,58175-57-8,LASHFHLFDRTERB-UHFFFAOYSA-N,130.23
2-Propylaniline,CCCC1=CC=CC=C1N,4269,1821-39-2,WKURVXXDGMYSDP-UHFFFAOYSA-N,135.21
2-Propylheptyl 2-methylprop-2-enoate,CCCCCC(CCC)COC(=O)C(=C)C,3326,149855-64-1,UKQUXDRVODMRIU-UHFFFAOYSA-N,226.35
2-Propylphenol,CCCC1=CC=CC=C1O,11360,644-35-9,LCHYEKKJCUJAKN-UHFFFAOYSA-N,136.19
2-Propyltetrahydrothiophene,CCCC1CCCS1,3471,1551-34-4,RKTPCTKFTDSWND-UHFFFAOYSA-N,130.25
2-Pyrrolidinone,C1CC(=O)NC1,10679,616-45-5,HNJBEVLQSNELDL-UHFFFAOYSA-N,85.1
"2-Quinazolineacetonitrile, alpha-(2,3-dihydro-3-(tetrahydro-2,4,6-trioxo-5(2H)-pyrimidinylidene)-1H-isoindol-1-ylidene)-1,4-dihydro-4-oxo-",C1=CC=C\2C(=C1)C(=N/C2=C(\C#N)/C3=NC4=CC=CC=C4C(=O)N3)C5=C(NC(=O)NC5=O)O,12933,71552-60-8,SWVFBTUHIDDXAY-DTQAZKPQSA-N,424.4
"2-Sec-butyl-1-phenyl-1,3-butanedione",CCC(C)C(C(=O)C)C(=O)C1=CC=CC=C1,330,10225-40-8,KYIVSKWOJCLODL-UHFFFAOYSA-N,218.29
2-sec-Butylphenol,CCC(C)C1=CC=CC=C1O,14927,89-72-5,NGFPWHGISWUQOI-UHFFFAOYSA-N,150.22
2-Stearoylglycerol,CCCCCCCCCCCCCCCCCC(=O)OC(CO)CO,10872,621-61-4,YQEMORVAKMFKLG-UHFFFAOYSA-N,358.6
2-Styrenesulfonic acid,C=CC1=CC=CC=C1S(=O)(=O)O,6380,26914-43-2,VMSBGXAJJLPWKV-UHFFFAOYSA-N,184.21
2-Sulfamoylbenzoic acid,C1=CC=C(C(=C1)C(=O)O)S(=O)(=O)N,11097,632-24-6,KDNIOKSLVIGAAN-UHFFFAOYSA-N,201.2
2-Sulfobenzoic acid,C1=CC=C(C(=C1)C(=O)O)S(=O)(=O)O,11098,632-25-7,ZMPRRFPMMJQXPP-UHFFFAOYSA-N,202.19
2-Sulfoethyl methacrylate,CC(=C)C(=O)OCCS(=O)(=O)O,628,10595-80-9,PRAMZQXXPOLCIY-UHFFFAOYSA-N,194.21
"2-t-Butyl-5-propyl-[1,3]dioxolan-4-one",CCCC1C(=O)OC(O1)C(C)(C)C,3588,157733-17-0,ILGODMRZDJWLOV-UHFFFAOYSA-N,186.25
"2-tert-Butyl-1,4-benzoquinone",CC(C)(C)C1=CC(=O)C=CC1=O,7790,3602-55-9,NCCTVAJNFXYWTM-UHFFFAOYSA-N,164.2
"2-tert-Butyl-4,6-bis(2,4,4-trimethylpentan-2-yl)phenol",CC(C)(C)CC(C)(C)C1=CC(=C(C(=C1)C(C)(C)CC(C)(C)C)O)C(C)(C)C,15888,96069-86-2,QZDIGKQKIYTXIS-UHFFFAOYSA-N,374.6
"2-tert-Butyl-4,6-dimethylphenol",CC1=CC(=C(C(=C1)C(C)(C)C)O)C,4397,1879-09-0,OPLCSTZDXXUYDU-UHFFFAOYSA-N,178.27
2-tert-Butyl-4-ethylphenol,CCC1=CC(=C(C=C1)O)C(C)(C)C,15885,96-70-8,LZHCVNIARUXHAL-UHFFFAOYSA-N,178.27
2-tert-Butyl-4-hydroxyanisole,CC(C)(C)C1=C(C=CC(=C1)O)OC,14862,88-32-4,IMOYOUMVYICGCA-UHFFFAOYSA-N,180.24
2-tert-Butyl-4-methoxyphenol,CC(C)(C)C1=C(C=CC(=C1)OC)O,1716,121-00-6,MRBKEAMVRSLQPH-UHFFFAOYSA-N,180.24
2-tert-Butyl-4-methoxyphenol,CC(C)(C)C1=C(C=CC(=C1)OC)O,5604,25013-16-5,MRBKEAMVRSLQPH-UHFFFAOYSA-N,180.24
2-tert-Butyl-4-methylphenol,CC1=CC(=C(C=C1)O)C(C)(C)C,5365,2409-55-4,IKEHOXWJQXIQAG-UHFFFAOYSA-N,164.24
"2-Tert-butyl-5-(2-methylprop-2-en-1-yl)cyclohexa-2,5-diene-1,4-dione",CC(=C)CC1=CC(=O)C(=CC1=O)C(C)(C)C,17590,,GWZVGLXIAYUOSK-UHFFFAOYSA-N,218.29
2-tert-Butyl-6-(3-tert-butyl-2-hydroxy-5-methylbenzyl)-4-methylphenyl acrylate,CC1=CC(=C(C(=C1)C(C)(C)C)O)CC2=C(C(=CC(=C2)C)C(C)(C)C)OC(=O)C=C,10601,61167-58-6,IORUEKDKNHHQAL-UHFFFAOYSA-N,394.5
2-tert-Butyl-6-methylphenol,CC1=C(C(=CC=C1)C(C)(C)C)O,5082,2219-82-1,BKZXZGWHTRCFPX-UHFFFAOYSA-N,164.24
2-tert-Butyl-m-cresol,CC1=C(C(=CC=C1)O)C(C)(C)C,2228,13037-79-1,SDJUKATYFRSDAS-UHFFFAOYSA-N,164.24
2-tert-Butylanthracene,CC(C)(C)C1=CC2=CC3=CC=CC=C3C=C2C=C1,4399,18801-00-8,WBPXZSIKOVBSAS-UHFFFAOYSA-N,234.3
2-tert-Butylanthraquinone,CC(C)(C)C1=CC2=C(C=C1)C(=O)C3=CC=CC=C3C2=O,14451,84-47-9,YTPSFXZMJKMUJE-UHFFFAOYSA-N,264.3
2-tert-Butylbenzoic acid,CC(C)(C)C1=CC=CC=C1C(=O)O,2393,1320-16-7,ZDFKSZDMHJHQHS-UHFFFAOYSA-N,178.23
2-tert-Butylcyclohexanol,CC(C)(C)C1CCCCC1O,2661,13491-79-7,DLTWBMHADAJAAZ-UHFFFAOYSA-N,156.26
2-tert-Butylcyclohexyl acetate,CC(=O)OC1CCCCC1C(C)(C)C,14863,88-41-5,FINOAUDUYKVGDS-UHFFFAOYSA-N,198.3
2-tert-Butylnaphthalene,CC(C)(C)C1=CC2=CC=CC=C2C=C1,6749,2876-35-9,MCEORGGPAKTORV-UHFFFAOYSA-N,184.28
2-Tert-butylphenol,CC(C)(C)C1=CC=CC=C1O,14855,88-18-6,WJQOZHYUIDYNHM-UHFFFAOYSA-N,150.22
2-Tetradecanol,CCCCCCCCCCCCC(C)O,8866,4706-81-4,BRGJIIMZXMWMCC-UHFFFAOYSA-N,214.39
2-Tetradecanone,CCCCCCCCCCCCC(=O)C,5259,2345-27-9,POQLVOYRGNFGRM-UHFFFAOYSA-N,212.37
2-Tetradecenal,CCCCCCCCCCC/C=C/C=O,9242,51534-36-2,WHOZNOZYMBRCBL-OUKQBFOZSA-N,210.36
2-Tetradecene,CCCCCCCCCCCC=CC,6395,26952-13-6,OBDUMNZXAIUUTH-UHFFFAOYSA-N,196.37
"2-Thiophenecarboxylic acid, 4-cyano-5-[[5-cyano-2,6-bis[(3-methoxypropyl)amino]-4-methyl-3-pyridinyl]azo]-3-methyl-, methyl ester",CC1=C(C(=NC(=C1N=NC2=C(C(=C(S2)C(=O)OC)C)C#N)NCCCOC)NCCCOC)C#N,13116,72968-71-9,SRTQDAZYCNOJON-UHFFFAOYSA-N,499.6
"2-Thiophenecarboxylic acid, 5-nonyl-",CCCCCCCCCC1=CC=C(S1)C(=O)O,10424,59782-34-2,VHGMGRAPHRVWCO-UHFFFAOYSA-N,254.39
2-Tricosanone,CCCCCCCCCCCCCCCCCCCCCC(=O)C,13149,7320-54-9,HMGAHRPPRPQDAS-UHFFFAOYSA-N,338.6
2-Tridecanol,CCCCCCCCCCCC(C)O,3860,1653-31-2,HKOLRKVMHVYNGG-UHFFFAOYSA-N,200.36
2-Tridecanone,CCCCCCCCCCCC(=O)C,10370,593-08-8,CYIFVRUOHKNECG-UHFFFAOYSA-N,198.34
2-Tridecenal,CCCCCCCCCC/C=C/C=O,12796,7069-41-2,VMUNAKQXJLHODT-VAWYXSNFSA-N,196.33
2-Tridecyloxirane,CCCCCCCCCCCCCC1CO1,4370,18633-25-5,QMIBIXKZPBEGTE-UHFFFAOYSA-N,226.4
2-Undecanone,CCCCCCCCCC(=O)C,1210,112-12-9,KYWIYKKSMDLRDC-UHFFFAOYSA-N,170.29
2-Undecenal,CCCCCCCC/C=C/C=O,2540,1337-83-3,PANBRUWVURLWGY-MDZDMXLPSA-N,168.28
2-Undecenal,CCCCCCCC/C=C/C=O,5489,2463-77-6,PANBRUWVURLWGY-MDZDMXLPSA-N,168.28
2-Undecenal,CCCCCCCC/C=C/C=O,9527,53448-07-0,PANBRUWVURLWGY-MDZDMXLPSA-N,168.28
2-Vinylnaphthalene,C=CC1=CC2=CC=CC=C2C=C1,14361,827-54-3,KXYAVSFOJVUIHT-UHFFFAOYSA-N,154.21
2-Vinylpyridine,C=CC1=CC=CC=N1,24,100-69-6,KGIGUEBEKRSTEW-UHFFFAOYSA-N,105.14
"2-{2-[4-(1,1,3,3-Tetramethylbutyl)phenoxy]ethoxy}ethanol",CC(C)(C)CC(C)(C)C1=CC=C(C=C1)OCCOCCO,5230,2315-61-9,LBCZOTMMGHGTPH-UHFFFAOYSA-N,294.4
"22,23-Dihydrobrassicasterol",C[C@H](CC[C@H](C)C(C)C)[C@H]1CC[C@@H]2[C@@]1(CC[C@H]3[C@H]2CC=C4[C@@]3(CC[C@@H](C4)O)C)C,8843,4651-51-8,SGNBVLSWZMBQTH-ZRUUVFCLSA-N,400.7
"2H,2H,3H,3H-Perfluorooctanoic acid",C(CC(C(C(C(C(F)(F)F)(F)F)(F)F)(F)F)(F)F)C(=O)O,15401,914637-49-3,ABFCFCPCGMHSRX-UHFFFAOYSA-N,342.11
"2H,3H-Decafluoropentane",C(C(C(F)(F)F)F)(C(C(F)(F)F)(F)F)F,2852,138495-42-8,RIQRGMUSBYGDBL-UHFFFAOYSA-N,252.05
"2H-1,3-Benzoxazine, 6-chloro-3,4-dihydro-3-phenyl-",C1C2=C(C=CC(=C2)Cl)OCN1C3=CC=CC=C3,9282,51892-04-7,ANDMOXODDHVMFN-UHFFFAOYSA-N,245.7
"2H-1-Benzopyran-2-one, 7-(2H-naphtho(1,2-d)triazol-2-yl)-3-phenyl-",C1=CC=C(C=C1)C2=CC3=C(C=C(C=C3)N4N=C5C=CC6=CC=CC=C6C5=N4)OC2=O,7484,3333-62-8,ZHMDPDYBWDMLGE-UHFFFAOYSA-N,389.4
"2H-1-Benzopyran-2-one, 7-(diethylamino)-3-(5-phenyl-1,3,4-thiadiazol-2-yl)-",CCN(CC)C1=CC2=C(C=C1)C=C(C(=O)O2)C3=NN=C(S3)C4=CC=CC=C4,10885,62143-26-4,JBYNUUNOLLCWRY-UHFFFAOYSA-N,377.5
"2H-1-Benzopyran-6-ol, 3,4-dihydro-2,7,8-trimethyl-2-(4,8,12-trimethyltridecyl)-",CC1=C(C=C2CCC(OC2=C1C)(C)CCCC(C)CCCC(C)CCCC(C)C)O,2955,1406-66-2,QUEDXNHFTDJVIY-UHFFFAOYSA-N,416.7
"2H-Azepin-2-one, 1,1'-(1,3-phenylenedicarbonyl)bis[hexahydro-",C1CCC(=O)N(CC1)C(=O)C2=CC(=CC=C2)C(=O)N3CCCCCC3=O,13210,7381-13-7,HXZRLUTUNSQNCG-UHFFFAOYSA-N,356.4
"2H-Benzimidazole-2-thione, 1,3-dihydro-4-methyl-",CC1=C2C(=CC=C1)NC(=S)N2,9587,53988-10-6,UDQCDDZBBZNIFA-UHFFFAOYSA-N,164.23
"2H-Cyclopropa[g]benzofuran, 4,5,5a,6,6a,6b-hexahydro-4,4,6b-trimethyl-2-(1-methylethenyl)-",CC(=C)C1C=C2C(CC3CC3C2(O1)C)(C)C,341,102681-49-2,SJTHETFPSIDLEK-UHFFFAOYSA-N,218.33
"2H-Inden-2-one, 1,4,5,6,7,7a-hexahydro-7a-methyl-, (S)-",C[C@@]12CCCCC1=CC(=O)C2,9723,54725-16-5,HJDKCIOQDUHLEF-JTQLQIEISA-N,150.22
"2H-Indeno[1,2-b]furan-2-one, 3,3a,4,5,6,7,8,8b-octahydro-8,8-dimethyl",CC1(CCCC2=C1C3C(C2)CC(=O)O3)C,17292,,AFUVERHXBGWDBX-UHFFFAOYSA-N,206.28
"2H-Indol-2-one, 1,3-dihydro-3,3-bis(4-hydroxy-3-methylphenyl)-",CC1=C(C=CC(=C1)C2(C3=CC=CC=C3NC2=O)C4=CC(=C(C=C4)O)C)O,8891,47465-97-4,ZEKCYPANSOJWDH-UHFFFAOYSA-N,345.4
2H-pyran,C1C=CC=CO1,7223,31441-32-4,MGADZUXDNSDTHW-UHFFFAOYSA-N,82.1
"2H-Pyran, 2-[(5-cyclopropylidenepentyl)oxy]tetrahydro-",C1CCOC(C1)OCCCCC=C2CC2,1955,123416-83-1,MWFYPHGLDWIAEB-UHFFFAOYSA-N,210.31
"2H-Pyran-2-one, 6-decyltetrahydro-",CCCCCCCCCCC1CCCC(=O)O1,13200,7370-38-9,LFWXXONRUYKFGX-UHFFFAOYSA-N,240.38
"2S-(dimethylamino)-1,3R-octadecanediol",CCCCCCCCCCCCCCC[C@H]([C@H](CO)N(C)C)O,4036,17267-46-8,BYBHBTCYJMUUDZ-VQTJNVASSA-N,329.6
"2Z,13Z-Octadecadien-1-ol",CCCC/C=C\CCCCCCCCC/C=C\CO,2320,131335-41-6,YCOMGIOWVNOOBC-RACUUBEBSA-N,266.5
"3',4'-Dimethylacetophenone",CC1=C(C=C(C=C1)C(=O)C)C,7826,3637-01-2,WPRAXAOJIODQJR-UHFFFAOYSA-N,148.2
3'-Aminoacetophenone,CC(=O)C1=CC(=CC=C1)N,16033,99-03-6,CKQHAYFOPRIUOM-UHFFFAOYSA-N,135.16
3'-Hydroxyacetophenone,CC(=O)C1=CC(=CC=C1)O,1727,121-71-1,LUJMEECXHPYQOF-UHFFFAOYSA-N,136.15
"3,10-Dichloro-5,12-dihydroquinolino[2,3-b]acridine-7,14-dione",C1=CC2=C(C=C1Cl)NC3=CC4=C(C=C3C2=O)NC5=C(C4=O)C=CC(=C5)Cl,7760,3573-01-1,UEPOQKGAZQWGDM-UHFFFAOYSA-N,381.2
"3,10-Dimethylquinolino[2,3-b]acridine-7,14(5H,12H)-dione",CC1=CC2=C(C=C1)C(=O)C3=CC4=C(C=C3N2)C(=O)C5=C(N4)C=C(C=C5)C,3669,16043-40-6,SMNAVTCHDQBEEJ-UHFFFAOYSA-N,340.4
"3,3',4,4'-Benzophenonetetracarboxylic dianhydride",C1=CC2=C(C=C1C(=O)C3=CC4=C(C=C3)C(=O)OC4=O)C(=O)OC2=O,5384,2421-28-5,VQVIHDPBMFABCQ-UHFFFAOYSA-N,322.22
"3,3',4,4'-Tetraaminodiphenyl ether",C1=CC(=C(C=C1OC2=CC(=C(C=C2)N)N)N)N,6331,2676-59-7,RQBIGPMJQUKYAH-UHFFFAOYSA-N,230.27
"3,3',4,4'-Tetrabromodiphenyl ether",C1=CC(=C(C=C1OC2=CC(=C(C=C2)Br)Br)Br)Br,15616,93703-48-1,RYGLOWMCGZHYRQ-UHFFFAOYSA-N,485.79
"3,3',4,4'-Tetrachlorobiphenyl",C1=CC(=C(C=C1C2=CC(=C(C=C2)Cl)Cl)Cl)Cl,7380,32598-13-3,UQMGJOKDKOLIDP-UHFFFAOYSA-N,292
"3,3',4,4'-Tetramethylbiphenyl",CC1=C(C=C(C=C1)C2=CC(=C(C=C2)C)C)C,8971,4920-95-0,YXBIAYXZUDJVEB-UHFFFAOYSA-N,210.31
"3,3',4,5'-Tetrabromodiphenyl ether",C1=CC(=C(C=C1OC2=CC(=CC(=C2)Br)Br)Br)Br,8640,446254-48-4,LELQGHJEUVRPEV-UHFFFAOYSA-N,485.79
"3,3',4,5-Tetrabromodiphenyl ether",C1=CC(=CC(=C1)Br)OC2=CC(=C(C(=C2)Br)Br)Br,8639,446254-45-1,HWOBLTZZSVXBOJ-UHFFFAOYSA-N,485.79
"3,3',4,5-Tetrachlorobiphenyl",C1=CC(=CC(=C1)Cl)C2=CC(=C(C(=C2)Cl)Cl)Cl,12764,70362-49-1,SXFLURRQRFKBNN-UHFFFAOYSA-N,292
"3,3',5,5'-Tetra-tert-butylbiphenyl-2,2'-diol",CC(C)(C)C1=CC(=C(C(=C1)C(C)(C)C)O)C2=C(C(=CC(=C2)C(C)(C)C)C(C)(C)C)O,11238,6390-69-8,GDGDLBOVIAWEAD-UHFFFAOYSA-N,410.6
"3,3',5,5'-Tetrabromodiphenyl ether",C1=C(C=C(C=C1Br)Br)OC2=CC(=CC(=C2)Br)Br,403,103173-66-6,HFIOZJQRZKNPKJ-UHFFFAOYSA-N,485.79
"3,3',5,5'-Tetrachlorobiphenyl",C1=C(C=C(C=C1Cl)Cl)C2=CC(=CC(=C2)Cl)Cl,2091,12672-29-6,UTMWFJSRHLYRPY-UHFFFAOYSA-N,292
"3,3',5,5'-Tetramethylbiphenyl",CC1=CC(=CC(=C1)C2=CC(=CC(=C2)C)C)C,5910,25570-02-9,CMZYGFLOKOQMKF-UHFFFAOYSA-N,210.31
"3,3',5-Trichlorobiphenyl",C1=CC(=CC(=C1)Cl)C2=CC(=CC(=C2)Cl)Cl,2095,12674-11-2,RIBGNAJQTOXRDK-UHFFFAOYSA-N,257.5
"3,3'-(1,4-Phenylenedi-2,1-ethenediyl)bis(benzonitrile)",C1=CC(=CC(=C1)C#N)/C=C/C2=CC=C(C=C2)/C=C/C3=CC(=CC=C3)C#N,7883,36755-00-7,DLYAKFIGWLYUSU-PHEQNACWSA-N,332.4
"3,3'-(2-Methylpiperazine-1,4-diyl)dipropan-2-ol",CC1CN(CCN1CC(C)O)CC(C)O,15669,94-72-4,GPXSTLAIBOEFST-UHFFFAOYSA-N,216.32
"3,3'-Diamino-4,4'-dihydroxydiphenyl Sulfone",C1=CC(=C(C=C1S(=O)(=O)C2=CC(=C(C=C2)O)N)N)O,13535,7545-50-8,KECOIASOKMSRFT-UHFFFAOYSA-N,280.3
"3,3'-Dibromobisphenol A",CC(C)(C1=CC(=C(C=C1)O)Br)C2=CC(=C(C=C2)O)Br,6863,29426-78-6,CKNCVRMXCLUOJI-UHFFFAOYSA-N,386.08
"3,3'-Dibromodiphenyl ether",C1=CC(=CC(=C1)Br)OC2=CC(=CC=C2)Br,12592,6903-63-5,ALSVFJIXSNRBLE-UHFFFAOYSA-N,328
"3,3'-Dichlorobenzidine",C1=CC(=C(C=C1C2=CC(=C(C=C2)N)Cl)Cl)N,15351,91-94-1,HUWXDEQWWKGHRV-UHFFFAOYSA-N,253.12
"3,3'-Dichlorobiphenyl",C1=CC(=CC(=C1)Cl)C2=CC(=CC=C2)Cl,4771,2050-67-1,KTXUOWUHFLBZPW-UHFFFAOYSA-N,223.09
"3,3'-Dichlorobiphenyl",C1=CC(=CC(=C1)Cl)C2=CC(=CC=C2)Cl,9847,55600-34-5,KTXUOWUHFLBZPW-UHFFFAOYSA-N,223.09
"3,3'-Dimethoxybenzidine",COC1=C(C=CC(=C1)C2=CC(=C(C=C2)N)OC)N,1512,119-90-4,JRBJSXQPQWSCCF-UHFFFAOYSA-N,244.29
"3,3'-Dimethoxybenzidine-4,4'-diisocyanate",COC1=C(C=CC(=C1)C2=CC(=C(C=C2)N=C=O)OC)N=C=O,15350,91-93-0,QZWKEPYTBWZJJA-UHFFFAOYSA-N,296.28
"3,3'-Dimethylbenzidine",CC1=C(C=CC(=C1)C2=CC(=C(C=C2)N)C)N,1513,119-93-7,NUIURNJTPRWVAP-UHFFFAOYSA-N,212.29
"3,3'-Dimethylbiphenyl",CC1=CC(=CC=C1)C2=CC=CC(=C2)C,10608,612-75-9,GVEDOIATHPCYGS-UHFFFAOYSA-N,182.26
"3,3'-Dithiodipropionic acid",C(CSSCCC(=O)O)C(=O)O,1194,1119-62-6,YCLSOMLVSHPPFV-UHFFFAOYSA-N,210.3
"3,3'-Methylenedisalicylic acid",C1=CC(=C(C(=C1)C(=O)O)O)CC2=C(C(=CC=C2)C(=O)O)O,6518,27496-82-8,RWXFMUMBJLQGDZ-UHFFFAOYSA-N,288.25
"3,3'-Sulfonyldianiline",C1=CC(=CC(=C1)S(=O)(=O)C2=CC=CC(=C2)N)N,10445,599-61-1,LJGHYPLBDBRCRZ-UHFFFAOYSA-N,248.3
"3,3'-Thiodipropionic acid",C(CSCCC(=O)O)C(=O)O,1086,111-17-1,ODJQKYXPKWQWNK-UHFFFAOYSA-N,178.21
"3,3,14,14-Tetramethyl-1,5,12,16-tetraoxacyclodocosane-6,11,17,22-tetrone",CC1(COC(=O)CCCCC(=O)OCC(COC(=O)CCCCC(=O)OC1)(C)C)C,5440,24418-35-7,HWNCPYVDWOCHJN-UHFFFAOYSA-N,428.5
"3,3,3-Trifluoro-2-(trifluoromethyl)propene",C=C(C(F)(F)F)C(F)(F)F,8053,382-10-5,QMIWYOZFFSLIAK-UHFFFAOYSA-N,164.05
"3,3,3-Trifluoropropene",C=CC(F)(F)F,11778,677-21-4,FDMFUZHCIRHGRG-UHFFFAOYSA-N,96.05
"3,3,3-Trifluoropropyl prop-2-enoate",C=CC(=O)OCCC(F)(F)F,11579,65605-70-1,NWBWGFFZPIVONT-UHFFFAOYSA-N,168.11
"3,3,4,4,4-Pentafluoro-2,2-bis(pentafluoroethyl)butanoic acid",C(=O)(C(C(C(F)(F)F)(F)F)(C(C(F)(F)F)(F)F)C(C(F)(F)F)(F)F)O,4401,1882109-58-1,KMHDVPWWYHOSMO-UHFFFAOYSA-N,414.07
"3,3,4,4,4-Pentafluoro-2-(1,1,1,2,3,3,3-heptafluoropropan-2-yl)-2-(trifluoromethyl)butanoic acid",C(=O)(C(C(C(F)(F)F)(C(F)(F)F)F)(C(C(F)(F)F)(F)F)C(F)(F)F)O,4402,1882109-59-2,TZIYPPGHIRPIHL-UHFFFAOYSA-N,414.07
"3,3,4,4,5,5,5-Heptafluoro-2-(pentafluoroethyl)-2-(trifluoromethyl)pentanoic acid",C(=O)(C(C(C(C(F)(F)F)(F)F)(F)F)(C(C(F)(F)F)(F)F)C(F)(F)F)O,4406,1882109-63-8,URRHYEJOULCMJO-UHFFFAOYSA-N,414.07
"3,3,4,4,5,5,6,6,6-Nonafluoro-1-hexene",C=CC(C(C(C(F)(F)F)(F)F)(F)F)(F)F,4564,19430-93-4,GVEUEBXMTMZVSD-UHFFFAOYSA-N,246.07
"3,3,4,4,5,5,6,6,6-Nonafluoro-2,2-bis(trifluoromethyl)hexanoic acid",C(=O)(C(C(C(C(C(F)(F)F)(F)F)(F)F)(F)F)(C(F)(F)F)C(F)(F)F)O,4246,1812247-17-8,RSKSDKSQFDVCFE-UHFFFAOYSA-N,414.07
"3,3,4,4,5,5,6,6,7,7,8,8,8-Tridecafluorooctan-1-ol",C(CO)C(C(C(C(C(C(F)(F)F)(F)F)(F)F)(F)F)(F)F)(F)F,11415,647-42-7,GRJRKPMIRMSBNK-UHFFFAOYSA-N,364.1
"3,3,4,4,5,5,6,6,7,7,8,8,8-Tridecafluorooctanoic acid",C(C(=O)O)C(C(C(C(C(C(F)(F)F)(F)F)(F)F)(F)F)(F)F)(F)F,9568,53826-12-3,LRWIIEJPCFNNCZ-UHFFFAOYSA-N,378.09
"3,3,4,4,5,5,6,6,7,7,8,8,8-Tridecafluorooctyl acrylate",C=CC(=O)OCCC(C(C(C(C(C(F)(F)F)(F)F)(F)F)(F)F)(F)F)(F)F,4127,17527-29-6,VPKQPPJQTZJZDB-UHFFFAOYSA-N,418.15
"3,3,4,5,5,5-Hexafluoro-2,2,4-tris(trifluoromethyl)pentanoic acid",C(=O)(C(C(C(C(F)(F)F)(C(F)(F)F)F)(F)F)(C(F)(F)F)C(F)(F)F)O,4413,1882109-70-7,UYKWRMHTULSOPZ-UHFFFAOYSA-N,414.07
"3,3,5,5-Tetramethylcyclopentene",CC1(CC(C=C1)(C)C)C,8108,38667-10-6,FCJMCOVEXBZEMH-UHFFFAOYSA-N,124.22
"3,3,5,7,7-Pentamethyl-1,2,4-trioxepane",CC1CC(OOC(O1)(C)C)(C)C,4974,215877-64-8,DALNRYLBTOJSOH-UHFFFAOYSA-N,174.24
"3,3,5,7-Tetramethyl-1-indanone",CC1=CC(=C2C(=O)CC(C2=C1)(C)C)C,9726,54789-23-0,AJBDZJRXIGPVIO-UHFFFAOYSA-N,188.26
"3,3,5-Trimethylcyclohexanol",CC1CC(CC(C1)(C)C)O,1389,116-02-9,BRRVXFOKWJKTGG-UHFFFAOYSA-N,142.24
"3,3,5-Trimethylcyclohexanone",CC1CC(=O)CC(C1)(C)C,14822,873-94-9,POSWICCRDBKBMH-UHFFFAOYSA-N,140.22
"3,3,5-Trimethylcyclohexyl acrylate",CC1CC(CC(C1)(C)C)OC(=O)C=C,14738,86178-38-3,ZMTBGVBNTHTBEC-UHFFFAOYSA-N,196.29
"3,3,5-Trimethylcyclohexyl acrylate",CC1CC(CC(C1)(C)C)OC(=O)C=C,14848,87954-40-3,ZMTBGVBNTHTBEC-UHFFFAOYSA-N,196.29
"3,3,5-Trimethylcyclohexyl methacrylate",CC1CC(CC(C1)(C)C)OC(=O)C(=C)C,13851,7779-31-9,DABQKEQFLJIRHU-UHFFFAOYSA-N,210.31
"3,3,6,6,9,9-Hexamethyl-1,2,4,5-tetroxonane",CC1(CCC(OOC(OO1)(C)C)(C)C)C,5126,22397-33-7,QRIQYQXNFSXNGR-UHFFFAOYSA-N,218.29
"3,3,6,8-Tetramethyl-1-tetralone",CC1=CC(=C2C(=C1)CC(CC2=O)(C)C)C,9612,5409-55-2,SHSYEGQDGZAMNV-UHFFFAOYSA-N,202.29
"3,3,7-Trimethyl-4-oxa-7-octen-1-ol",CC(=C)CCOC(C)(C)CCO,12604,69161-47-3,OYSGDRSBCITWNM-UHFFFAOYSA-N,172.26
"3,3-Bis(chloromethyl)oxetane",C1C(CO1)(CCl)CCl,13971,78-71-7,CXURGFRDGROIKG-UHFFFAOYSA-N,155.02
"3,3-Bis(methoxymethyl)-2,6-dimethylheptane",CC(C)CCC(COC)(COC)C(C)C,2174,129228-11-1,BHPDSAAGSUWVMP-UHFFFAOYSA-N,216.36
"3,3-Bis(trifluoromethyl)-2-fluoro-2-(pentafluoroethyl)oxirane",C1(C(O1)(C(C(F)(F)F)(F)F)F)(C(F)(F)F)C(F)(F)F,14021,788-67-0,NOESGFSFSJKFIF-UHFFFAOYSA-N,316.04
"3,3-Dichloro-1,1,1,2,2-pentafluoropropane",C(C(C(F)(F)F)(F)F)(Cl)Cl,8454,422-56-0,COAUHYBSXMIJDK-UHFFFAOYSA-N,202.93
"3,3-Diethylpentadecane",CCCCCCCCCCCCC(CC)(CC)CC,17736,,FUFJQEHAKXDXFH-UHFFFAOYSA-N,268.5
"3,3-Dimethoxybutan-2-one",CC(=O)C(C)(OC)OC,5046,21983-72-2,UFQBSPGKRRSATO-UHFFFAOYSA-N,132.16
"3,3-Dimethyl-1,5-dioxacyclopentadecane-6,15-dione",CC1(COC(=O)CCCCCCCCC(=O)OC1)C,15685,94113-50-5,WFHCYLFWGOWBSW-UHFFFAOYSA-N,270.36
"3,3-Dimethyl-1,5-dioxacycloundecane-6,11-dione",CC1(COC(=O)CCCCC(=O)OC1)C,15684,94113-47-0,YXVYDRRQLYLXJF-UHFFFAOYSA-N,214.26
"3,3-Dimethyl-1-hexanol",CCCC(C)(C)CCO,2399,1321-33-1,RAKYQWCHMSXUEG-UHFFFAOYSA-N,130.23
"3,3-Dimethyl-1-hexene",CCCC(C)(C)C=C,7582,3404-77-1,RXYYKIMRVXDSFR-UHFFFAOYSA-N,112.21
"3,3-Dimethyl-1-octene",CCCCCC(C)(C)C=C,13379,74511-51-6,LXXSZHUPIQOEPU-UHFFFAOYSA-N,140.27
"3,3-Dimethyl-2-benzofuran-1(3H)-one",CC1(C2=CC=CC=C2C(=O)O1)C,3948,1689-09-4,YFBZUWUJSCLVST-UHFFFAOYSA-N,162.18
"3,3-Dimethyl-2-butanol",CC(C(C)(C)C)O,8832,464-07-3,DFOXKPDFWGNLJU-UHFFFAOYSA-N,102.17
"3,3-Dimethyl-3H-indazole",CC1(C2=CC=CC=C2N=N1)C,10383,59341-22-9,RZULCELCPQCEAC-UHFFFAOYSA-N,146.19
"3,3-Dimethylbutanamide",CC(C)(C)CC(=O)N,15511,926-04-5,LINZZISWCNKFEM-UHFFFAOYSA-N,115.17
"3,3-Dimethylglutaric acid",CC(C)(CC(=O)O)CC(=O)O,8941,4839-46-7,DUHQIGLHYXLKAE-UHFFFAOYSA-N,160.17
"3,3-Dimethylhexanal",CCCC(C)(C)CC=O,9801,55320-57-5,IHEORNQYISDNQZ-UHFFFAOYSA-N,128.21
"3,3-Dimethylhexane",CCCC(C)(C)CC,9948,563-16-6,KUMXLFIBWFCMOJ-UHFFFAOYSA-N,114.23
"3,3-Dimethyloctane",CCCCCC(C)(C)CC,8325,4110-44-5,DBULLUBYDONGLT-UHFFFAOYSA-N,142.28
"3,3-Dimethyloxetane",CC1(COC1)C,12610,6921-35-3,RVGLUKRYMXEQAH-UHFFFAOYSA-N,86.13
"3,3-Diphenyl-5-methyl-3H-pyrazole",CC1=CC(N=N1)(C2=CC=CC=C2)C3=CC=CC=C3,9001,49716-26-9,RQPFXERQZHJWML-UHFFFAOYSA-N,234.29
"3,4'-Dibromodiphenyl ether",C1=CC(=CC(=C1)Br)OC2=CC=C(C=C2)Br,14416,83694-71-7,BGPOVBPKODCMMN-UHFFFAOYSA-N,328
"3,4'-Dichlorobiphenyl",C1=CC(=CC(=C1)Cl)C2=CC=C(C=C2)Cl,6904,2974-90-5,CJDNEKOMKXLSBN-UHFFFAOYSA-N,223.09
"3,4'-Diisopropylbiphenyl",CC(C)C1=CC=C(C=C1)C2=CC(=CC=C2)C(C)C,10650,61434-46-6,LHNUPUGVRFQTLK-UHFFFAOYSA-N,238.4
"3,4'-Dimethylbiphenyl",CC1=CC=C(C=C1)C2=CC=CC(=C2)C,13213,7383-90-6,RBIDPZJTXCPESJ-UHFFFAOYSA-N,182.26
"3,4,4',5-Tetrabromodiphenyl ether",C1=CC(=CC=C1OC2=CC(=C(C(=C2)Br)Br)Br)Br,8641,446254-50-8,ULFOIXCXIWHJDS-UHFFFAOYSA-N,485.79
"3,4,4',5-Tetrachlorobiphenyl",C1=CC(=CC=C1C2=CC(=C(C(=C2)Cl)Cl)Cl)Cl,12765,70362-50-4,BHWVLZJTVIYLIV-UHFFFAOYSA-N,292
"3,4,4'-Tribromodiphenyl ether",C1=CC(=CC=C1OC2=CC(=C(C=C2)Br)Br)Br,3232,147217-81-0,YALAYFVVZFORPV-UHFFFAOYSA-N,406.89
"3,4,4'-Trichlorobiphenyl",C1=CC(=CC=C1C2=CC(=C(C=C2)Cl)Cl)Cl,8088,38444-90-5,YZANRISAORXTHU-UHFFFAOYSA-N,257.5
"3,4,4,5,5,5-Hexafluoro-2,2,3-tris(trifluoromethyl)pentanoic acid",C(=O)(C(C(C(C(F)(F)F)(F)F)(C(F)(F)F)F)(C(F)(F)F)C(F)(F)F)O,4412,1882109-69-4,UROAJJYOWOISMM-UHFFFAOYSA-N,414.07
"3,4,4,5,5,6,6,7,7,8,8,8-Dodecafluorooct-2-enoic acid",C(=C(C(C(C(C(C(F)(F)F)(F)F)(F)F)(F)F)(F)F)F)C(=O)O,12832,70887-88-6,BKOBFLVYTXYFQZ-UHFFFAOYSA-N,358.08
"3,4,4,5,5,6,6,7,7,8,8,9,9,10,10,10-Hexadecafluorodec-2-enoic acid",C(=C(C(C(C(C(C(C(C(F)(F)F)(F)F)(F)F)(F)F)(F)F)(F)F)(F)F)F)C(=O)O,12831,70887-84-2,WHZXTVOEGZRRJM-UHFFFAOYSA-N,458.1
"3,4,5,6-Tetrahydrophthalic anhydride",C1CCC2=C(C1)C(=O)OC2=O,5396,2426-02-0,HMMBJOWWRLZEMI-UHFFFAOYSA-N,152.15
"3,4,5,6-Tetramethyloctane",CCC(C)C(C)C(C)C(C)CC,10888,62185-21-1,NADJQGPTQSFIHB-UHFFFAOYSA-N,170.33
"3,4,5,6-Tetramethylphenanthrene",CC1=C(C2=C(C=C1)C=CC3=C2C(=C(C=C3)C)C)C,13173,7343-06-8,BUSLHLOSCTVNRQ-UHFFFAOYSA-N,234.3
"3,4,5-Tribromodiphenyl ether",C1=CC=C(C=C1)OC2=CC(=C(C(=C2)Br)Br)Br,7544,337513-54-9,DPGVQKLGQZZLMI-UHFFFAOYSA-N,406.89
"3,4,5-Tribromophenol",C1=C(C=C(C(=C1Br)Br)Br)O,1405,116434-90-3,KAVNMOZXRFSVPM-UHFFFAOYSA-N,330.8
"3,4,5-Trimethylheptane",CCC(C)C(C)C(C)CC,4707,20278-89-1,LJIIBBYARMPSMT-UHFFFAOYSA-N,142.28
"3,4,9,10-Perylenetetracarboxylic dianhydride",C1=CC2=C3C(=CC=C4C3=C1C5=C6C4=CC=C7C6=C(C=C5)C(=O)OC7=O)C(=O)OC2=O,2147,128-69-8,CLYVDMAATCIVBF-UHFFFAOYSA-N,392.3
"3,4,9,10-Perylenetetracarboxylic Diimide",C1=CC2=C3C(=CC=C4C3=C1C5=C6C4=CC=C7C6=C(C=C5)C(=O)NC7=O)C(=O)NC2=O,14265,81-33-4,KJOLVZJFMDVPGB-UHFFFAOYSA-N,390.3
"3,4-Diacetoxy-1-butene",CC(=O)OCC(C=C)OC(=O)C,4241,18085-02-4,MWWXARALRVYLAE-UHFFFAOYSA-N,172.18
"3,4-Diaminobenzenesulfonic acid",C1=CC(=C(C=C1S(=O)(=O)O)N)N,13417,7474-78-4,FKSRSWQTEJTBMI-UHFFFAOYSA-N,188.21
"3,4-Diaminostyrene",C=CC1=CC(=C(C=C1)N)N,3324,14984-16-8,ITTDFJBEARSVPJ-UHFFFAOYSA-N,134.18
"3,4-Diaminotoluene",CC1=CC(=C(C=C1)N)N,8986,496-72-0,DGRGLKZMKWPMOH-UHFFFAOYSA-N,122.17
"3,4-Dibromodiphenyl ether",C1=CC=C(C=C1)OC2=CC(=C(C=C2)Br)Br,4451,189084-59-1,SUUJFDKVPDCZQZ-UHFFFAOYSA-N,328
"3,4-Dibromophenol",C1=CC(=C(C=C1O)Br)Br,10662,615-56-5,KYZSNVXYOQKZAK-UHFFFAOYSA-N,251.9
"3,4-Dichloroaniline",C1=CC(=C(C=C1N)Cl)Cl,15771,95-76-1,SDYWXFYBZPNOFX-UHFFFAOYSA-N,162.01
"3,4-Dichlorobenzyl chloride",C1=CC(=C(C=C1CCl)Cl)Cl,288,102-47-6,YZIFVWOCPGPNHB-UHFFFAOYSA-N,195.5
"3,4-Dichlorobiphenyl",C1=CC=C(C=C1)C2=CC(=C(C=C2)Cl)Cl,6905,2974-92-7,ZGHQUYZPMWMLBM-UHFFFAOYSA-N,223.09
"3,4-Dichlorophenyl isocyanate",C1=CC(=C(C=C1N=C=O)Cl)Cl,285,102-36-3,MFUVCHZWGSJKEQ-UHFFFAOYSA-N,188.01
"3,4-Dichlorotoluene",CC1=CC(=C(C=C1)Cl)Cl,15770,95-75-0,WYUIWKFIFOJVKW-UHFFFAOYSA-N,161.03
"3,4-Diethylbiphenyl",CCC1=C(C=C(C=C1)C2=CC=CC=C2)CC,10592,61141-66-0,ZTLWBQOFTIFRHI-UHFFFAOYSA-N,210.31
"3,4-Dihydro-4-methyl-2H-pyran",CC1CCOC=C1,5173,2270-61-3,AQLGQCKMZPKPBC-UHFFFAOYSA-N,98.14
"3,4-Dihydrocoumarin",C1CC(=O)OC2=CC=CC=C21,1511,119-84-6,VMUXSMXIQBNMGZ-UHFFFAOYSA-N,148.16
"3,4-Dihydroxy-3-cyclobutene-1,2-dione",C1(=C(C(=O)C1=O)O)O,6776,2892-51-5,PWEBUXCTKOWPCW-UHFFFAOYSA-N,114.06
"3,4-Dihydroxybenzoic acid",C1=CC(=C(C=C1C(=O)O)O)O,16040,99-50-3,YQUVCSBJEUQKSH-UHFFFAOYSA-N,154.12
"3,4-Dihydroxybenzonitrile",C1=CC(=C(C=C1C#N)O)O,4081,17345-61-8,NUWHYWYSMAPBHK-UHFFFAOYSA-N,135.12
"3,4-Dihydroxymandelic acid",C1=CC(=C(C=C1C(C(=O)O)O)O)O,16644,,RGHMISIYKIHAJW-UHFFFAOYSA-N,184.15
"3,4-Dihydroxyphenylacetic acid",C1=CC(=C(C=C1CC(=O)O)O)O,284,102-32-9,CFFZDZCDUFSOFZ-UHFFFAOYSA-N,168.15
"3,4-Dimethoxybenzaldehyde",COC1=C(C=C(C=C1)C=O)OC,1566,120-14-9,WJUFSDZVCOTFON-UHFFFAOYSA-N,166.17
"3,4-Dimethoxybenzyl alcohol",COC1=C(C=C(C=C1)CO)OC,15541,93-03-8,OEGPRYNGFWGMMV-UHFFFAOYSA-N,168.19
"3,4-Dimethyl-2(5H)-furanone",CC1=C(C(=O)OC1)C,3573,1575-46-8,QHQDWCHELGHSTO-UHFFFAOYSA-N,112.13
"3,4-Dimethyl-2-hexanol",CCC(C)C(C)C(C)O,4586,19550-05-1,LBJWJHMCZHKLQU-UHFFFAOYSA-N,130.23
"3,4-Dimethyl-3,4-diphenylhexane",CCC(C)(C1=CC=CC=C1)C(C)(CC)C2=CC=CC=C2,268,10192-93-5,WQJUBZMZVKITBU-UHFFFAOYSA-N,266.4
"3,4-Dimethyl-3-hexanol",CCC(C)C(C)(CC)O,4587,19550-08-4,FJXOYCIYKQJAAF-UHFFFAOYSA-N,130.23
"3,4-Dimethyl-5-phenyloxazolidine",CC1C(OCN1C)C2=CC=CC=C2,11692,66574-19-4,POZQVPIDBKNJTK-UHFFFAOYSA-N,177.24
"3,4-Dimethylaniline",CC1=C(C=C(C=C1)N)C,15764,95-64-7,DOLQYFPDPKPQSS-UHFFFAOYSA-N,121.18
"3,4-Dimethylbenzaldehyde",CC1=C(C=C(C=C1)C=O)C,10420,5973-71-7,POQJHLBMLVTHAU-UHFFFAOYSA-N,134.17
"3,4-Dimethylbenzoic acid",CC1=C(C=C(C=C1)C(=O)O)C,10821,619-04-5,OPVAJFQBSDUNQA-UHFFFAOYSA-N,150.17
"3,4-Dimethylheptane",CCCC(C)C(C)CC,15491,922-28-1,MAKRYGRRIKSDES-UHFFFAOYSA-N,128.25
"3,4-Dimethyloxolane-2,5-dione",CC1C(C(=O)OC1=O)C,13419,7475-92-5,HXFIRQHMXJBTRV-UHFFFAOYSA-N,128.13
"3,4-Dimethylphenol",CC1=C(C=C(C=C1)O)C,15765,95-65-8,YCOXTKKNXUZSKD-UHFFFAOYSA-N,122.16
"3,4-Dimethylpyridine",CC1=C(C=NC=C1)C,10213,583-58-4,NURQLCJSMXZBPC-UHFFFAOYSA-N,107.15
"3,4-Dimethylundecane",CCCCCCCC(C)C(C)CC,4071,17312-78-6,UAMWGOKFGVUDRS-UHFFFAOYSA-N,184.36
"3,4-Epoxycyclohexylmethyl 3,4-epoxycyclohexanecarboxylate",C1CC2C(O2)CC1COC(=O)C3CCC4C(C3)O4,5331,2386-87-0,YXALYBMHAYZKAP-UHFFFAOYSA-N,252.31
"3,4-Ethylenedioxypyrrole",C1COC2=CNC=C2O1,3973,169616-17-5,IJAMAMPVPZBIQX-UHFFFAOYSA-N,125.13
"3,5,5-Trimethyl-1-hexanol",CC(CCO)CC(C)(C)C,7632,3452-97-9,BODRLKRKPXBDBN-UHFFFAOYSA-N,144.25
"3,5,5-Trimethyl-1-hexene",CC(CC(C)(C)C)C=C,8554,4316-65-8,JTXUVHFRSRTSAT-UHFFFAOYSA-N,126.24
"3,5,5-Trimethylbicyclo[2.2.1]heptan-2-one",CC1C2CC(C1=O)CC2(C)C,4312,18358-53-7,ZYDUOFAYEXDGIS-UHFFFAOYSA-N,152.23
"3,5,5-Trimethylcyclohexene",CC1CC(CC=C1)(C)C,15581,933-12-0,CBERVMGFVLWZSU-UHFFFAOYSA-N,124.22
"3,5,5-Trimethylhexanoic acid",CC(CC(=O)O)CC(C)(C)C,7445,3302-10-1,OILUAKBAMVLXGF-UHFFFAOYSA-N,158.24
"3,5,5-Trimethylhexanoyl chloride",CC(CC(=O)Cl)CC(C)(C)C,7877,36727-29-4,GEKPNPPFAYJZRD-UHFFFAOYSA-N,176.68
"3,5,5-Trimethylhexanoyl peroxide",CC(CC(=O)OOC(=O)CC(C)CC(C)(C)C)CC(C)(C)C,8094,3851-87-4,KFGFVPMRLOQXNB-UHFFFAOYSA-N,314.5
"3,5,5-Trimethylhexyl 3,5,5-trimethylhexanoate",CC(CCOC(=O)CC(C)CC(C)(C)C)CC(C)(C)C,10364,59219-71-5,UIVPNOBLHXUKDX-UHFFFAOYSA-N,284.5
"3,5,5-Trimethylhexyl acetate",CC(CCOC(=O)C)CC(C)(C)C,10237,58430-94-7,DGKXDLCVQSQVBC-UHFFFAOYSA-N,186.29
"3,5,8-trimethyl-3,4-dihydro-2H-naphthalen-1-one",CC1CC2=C(C=CC(=C2C(=O)C1)C)C,531,10468-60-7,NCKPIRHHNXSPKV-UHFFFAOYSA-N,188.26
"3,5-Di-tert-butyl-4-hydroxybenzaldehyde",CC(C)(C)C1=CC(=CC(=C1O)C(C)(C)C)C=O,3737,1620-98-0,DOZRDZLFLOODMB-UHFFFAOYSA-N,234.33
"3,5-Di-tert-butyl-4-hydroxybenzoic acid",CC(C)(C)C1=CC(=CC(=C1O)C(C)(C)C)C(=O)O,3039,1421-49-4,YEXOWHQZWLCHHD-UHFFFAOYSA-N,250.33
"3,5-Di-tert-butyl-4-hydroxybenzyl alcohol",CC(C)(C)C1=CC(=CC(=C1O)C(C)(C)C)CO,14859,88-26-6,HNURKXXMYARGAY-UHFFFAOYSA-N,236.35
"3,5-Di-tert-butyl-o-benzoquinone",CC(C)(C)C1=CC(=O)C(=O)C(=C1)C(C)(C)C,7558,3383-21-9,NOUZOVBGCDDMSX-UHFFFAOYSA-N,220.31
"3,5-Di-tert-butylbenzoic acid",CC(C)(C)C1=CC(=CC(=C1)C(=O)O)C(C)(C)C,3746,16225-26-6,NCTSLPBQVXUAHR-UHFFFAOYSA-N,234.33
"3,5-Di-tert-butylcatechol",CC(C)(C)C1=CC(=C(C(=C1)O)O)C(C)(C)C,303,1020-31-1,PJZLSMMERMMQBJ-UHFFFAOYSA-N,222.32
"3,5-Di-tert-butylphenol",CC(C)(C)C1=CC(=CC(=C1)O)C(C)(C)C,1332,1138-52-9,ZDWSNKPLZUXBPE-UHFFFAOYSA-N,206.32
"3,5-Diaminotoluene",CC1=CC(=CC(=C1)N)N,6342,26764-44-3,LVNDUJYMLJDECN-UHFFFAOYSA-N,122.17
"3,5-Dibromophenol",C1=C(C=C(C=C1Br)Br)O,16135,626-41-5,PZFMWYNHJFZBPO-UHFFFAOYSA-N,251.9
"3,5-Dichloro-4-(1,1,2,2-tetrafluoroethoxy)aniline",C1=C(C=C(C(=C1Cl)OC(C(F)F)(F)F)Cl)N,512,104147-32-2,JIPDPVQPKLVDIU-UHFFFAOYSA-N,278.03
"3,5-Dichloroaniline",C1=C(C=C(C=C1Cl)Cl)N,10981,626-43-7,UQRLKWGPEVNVHT-UHFFFAOYSA-N,162.01
"3,5-Dichlorobiphenyl",C1=CC=C(C=C1)C2=CC(=CC(=C2)Cl)Cl,7668,34883-41-5,QHZSDTDMQZPUKC-UHFFFAOYSA-N,223.09
"3,5-Dichlorophenol",C1=C(C=C(C=C1Cl)Cl)O,10332,591-35-5,VPOMSPZBQMDLTM-UHFFFAOYSA-N,163
"3,5-Diethyltoluene",CCC1=CC(=CC(=C1)C)CC,4768,2050-24-0,HILAULICMJUOLK-UHFFFAOYSA-N,148.24
"3,5-Dimethoxystilbene",COC1=CC(=CC(=C1)/C=C/C2=CC=CC=C2)OC,5037,21956-56-9,BIYGTLDPTJMNET-CMDGGOBGSA-N,240.3
"3,5-Dimethyl-1,2-cyclopentanedione",CC1CC(C(=O)C1=O)C,14203,8028-89-5,MIDXCONKKJTLDX-UHFFFAOYSA-N,126.15
"3,5-Dimethyl-1,2-dioxolane-3,5-diol",CC1(CC(OO1)(C)O)O,2806,13784-51-5,ODQWDBNAMVRLSR-UHFFFAOYSA-N,134.13
"3,5-Dimethyl-1-hexyn-3-ol",CC(C)CC(C)(C#C)O,773,107-54-0,NECRQCBKTGZNMH-UHFFFAOYSA-N,126.2
"3,5-Dimethyl-3-heptene",CCC(C)/C=C(\C)/CC,10404,59643-68-4,OXOLZWHOQAEIAW-VQHVLOKHSA-N,126.24
"3,5-Dimethyl-3-hexanol",CCC(C)(CC(C)C)O,8447,4209-91-0,INMGJWCKWKKMPN-UHFFFAOYSA-N,130.23
"3,5-Dimethylbenzaldehyde",CC1=CC(=CC(=C1)C=O)C,10155,5779-95-3,NBEFMISJJNGCIZ-UHFFFAOYSA-N,134.17
"3,5-Dimethyloctane",CCCC(C)CC(C)CC,3613,15869-93-9,VRHRGVJOUHJULC-UHFFFAOYSA-N,142.28
"3,5-Dimethylphenol",CC1=CC(=CC(=C1)O)C,877,108-68-9,TUAMRELNJMMDMT-UHFFFAOYSA-N,122.16
"3,5-Dimethylpyrazole",CC1=CC(=NN1)C,11717,67-51-6,SDXAWLJRERMRKF-UHFFFAOYSA-N,96.13
"3,5-Dimethylpyridine",CC1=CC(=CN=C1)C,10329,591-22-0,HWWYDZCSSYKIAD-UHFFFAOYSA-N,107.15
"3,5-Dimethylthio-2,6-diaminotoluene",CC1=C(C(=CC(=C1N)SC)SC)N,16176,106264-79-3,TXDBDYPHJXUHEO-UHFFFAOYSA-N,214.4
"3,5-Dimethylundecane",CCCCCCC(C)CC(C)CC,4073,17312-81-1,YSUJWFQMTUVXNQ-UHFFFAOYSA-N,184.36
"3,5-Diphenyl-1-pentene",C=CC(CCC1=CC=CC=C1)C2=CC=CC=C2,10594,61141-97-7,CNHSYMXTPGADKW-UHFFFAOYSA-N,222.32
"3,6,13,16,19-Pentaoxatricyclo[19.2.2.28,11]heptacosa-8,10,21,23,24,26-hexaene-2,7,12,20-tetrone",C1COC(=O)C2=CC=C(C=C2)C(=O)OCCOC(=O)C3=CC=C(C=C3)C(=O)OCCO1,6831,29278-57-7,XQRMWPQRQZCZHJ-UHFFFAOYSA-N,428.4
"3,6,13,16-Tetraoxa-bicyclo[16.3.1]docosa-1(21),18(22),19-triene-2,7,12,17-tetraone",C1CCC(=O)OCCOC(=O)C2=CC=CC(=C2)C(=O)OCCOC(=O)C1,2891,1394013-65-0,GAHPJKHPZZUXLC-UHFFFAOYSA-N,364.3
"3,6,13,16-Tetraoxatricyclo[16.2.2.2(8,11)]tetracosa-1(20),8,10,18,21,23-hexaene-2,7,12,17-tetrone",C1COC(=O)C2=CC=C(C=C2)C(=O)OCCOC(=O)C3=CC=C(C=C3)C(=O)O1,5429,24388-68-9,NFFNGYZBZAPKKE-UHFFFAOYSA-N,384.3
"3,6,6,9-Tetramethyl-4,4a,5,6,7,9a-hexahydro-1h-benzo[7]annulene",CC1=CCC2C(C1)CC(CC=C2C)(C)C,5506,24703-35-3,NHWVMXZZAZDCIV-UHFFFAOYSA-N,204.35
"3,6,9,12,15,18,21,24,27-Nonaoxanonacosane-1,29-diol",C(COCCOCCOCCOCCOCCOCCOCCOCCOCCO)O,9877,5579-66-8,DTPCFIHYWYONMD-UHFFFAOYSA-N,458.5
"3,6,9,12,15,18,21,24,27-Nonaoxanonacosane-1,29-diol",C(COCCOCCOCCOCCOCCOCCOCCOCCOCCO)O,17561,,DTPCFIHYWYONMD-UHFFFAOYSA-N,458.5
"3,6,9,12,15,18,21,24,27-Nonaoxanonacosane-1,29-diol",C(COCCOCCOCCOCCOCCOCCOCCOCCOCCO)O,17808,,DTPCFIHYWYONMD-UHFFFAOYSA-N,458.5
"3,6,9,12,15,18,21-Heptaoxatricosane-1,23-diol",C(COCCOCCOCCOCCOCCOCCOCCO)O,9171,5117-19-1,GLZWNFNQMJAZGY-UHFFFAOYSA-N,370.44
"3,6,9,12,15,18,21-Heptaoxatricosane-1,23-diol",C(COCCOCCOCCOCCOCCOCCOCCO)O,17197,,GLZWNFNQMJAZGY-UHFFFAOYSA-N,370.44
"3,6,9,12,15,18-Hexaoxaicosane-1,20-diol",C(COCCOCCOCCOCCOCCOCCO)O,9933,5617-32-3,XPJRQAIZZQMSCM-UHFFFAOYSA-N,326.38
"3,6,9,12,15,18-Hexaoxaicosane-1,20-diol",C(COCCOCCOCCOCCOCCOCCO)O,17176,,XPJRQAIZZQMSCM-UHFFFAOYSA-N,326.38
"3,6,9,12,15-Pentaoxabicyclo(15.3.1)henicosa-1(21),17,19-triene-2,16-dione",C1COCCOC(=O)C2=CC(=CC=C2)C(=O)OCCOCCO1,11588,65745-83-7,HZYZWGYPBXBALT-UHFFFAOYSA-N,324.32
"3,6,9,12,15-Pentaoxaheptadeca-1,16-diene",C=COCCOCCOCCOCCOC=C,14403,83416-06-2,UEIPWOFSKAZYJO-UHFFFAOYSA-N,246.3
"3,6,9,12,15-Pentaoxaheptadecane-1,17-diol, hexamethyl-",CC(C)(COCCOCCOCCOCCO)OC(C)(C)C(C)(C)O,9441,52794-80-6,CLIPKFOCBNSYQO-UHFFFAOYSA-N,366.5
"3,6,9,12-Tetraoxatetracosan-1-ol, dihydrogen phosphate",CCCCCCCCCCCCOCCOCCOCCOCCOP(=O)(O)O,8762,45300-87-6,PSBRNAUTQGUEPB-UHFFFAOYSA-N,442.5
"3,6,9,12-Tetraoxatetradeca-1,13-diene",C=COCCOCCOCCOC=C,13659,765-12-8,CYIGRWUIQAVBFG-UHFFFAOYSA-N,202.25
"3,6,9,12-Tetraoxatricosan-1-ol",CCCCCCCCCCCOCCOCCOCCOCCO,15515,92669-04-0,MGAAPFMMNKLGSQ-UHFFFAOYSA-N,348.5
"3,6,9,16,19,22-Hexaoxatricyclo[22.2.2.211,14]triaconta-11,13,24,26,27,29-hexaene-2,10,15,23-tetrone",C1COC(=O)C2=CC=C(C=C2)C(=O)OCCOCCOC(=O)C3=CC=C(C=C3)C(=O)OCCO1,3708,16104-98-6,BKFYUWLQRVZZCR-UHFFFAOYSA-N,472.4
"3,6,9-Triethyl-3,6,9-trimethyl-1,2,4,5,7,8-hexoxonane",CCC1(OOC(OOC(OO1)(C)CC)(C)CC)C,5515,24748-23-0,KVWLLOIEGKLBPA-UHFFFAOYSA-N,264.31
"3,6,9-Trioxaundecanedioic acid",C(COCC(=O)O)OCCOCC(=O)O,2862,13887-98-4,HJZZQNLKBWJYPD-UHFFFAOYSA-N,222.19
"3,6-Dimethyl-4-octyne-3,6-diol",CCC(C)(C#CC(C)(CC)O)O,2408,1321-87-5,NUYADIDKTLPDGG-UHFFFAOYSA-N,170.25
"3,6-Dimethyldecane",CCCCC(C)CCC(C)CC,4062,17312-53-7,NQWFSCYWTXQNGG-UHFFFAOYSA-N,170.33
"3,6-Dimethylphenanthrene",CC1=CC2=C(C=C1)C=CC3=C2C=C(C=C3)C,3575,1576-67-6,OMIBPZBOAJFEJS-UHFFFAOYSA-N,206.28
"3,6-Dimethylundecane",CCCCCC(C)CCC(C)CC,4046,17301-28-9,WLUQEGDKTQZXBV-UHFFFAOYSA-N,184.36
"3,6-Diphenyl-2,5-dihydropyrrolo[3,4-c]pyrrole-1,4-dione",C1=CC=C(C=C1)C2=C3C(=C(N2)O)C(=NC3=O)C4=CC=CC=C4,9714,54660-00-3,KKLJFKIBTOBVJI-UHFFFAOYSA-N,288.3
"3,6-Nonadienal",CCC=CCC=CCC=O,14002,78263-66-8,FIDBXHOCOXRPRO-UHFFFAOYSA-N,138.21
"3,7,11-Trimethyl-1-dodecanol",CC(C)CCCC(C)CCCC(C)CCO,11759,6750-34-1,HDPUXESLSOZSIB-UHFFFAOYSA-N,228.41
"3,7,11-Trimethyldodeca-2,6,10-trienoic acid",CC(=CCCC(=CCCC(=CC(=O)O)C)C)C,13539,7548-13-2,WJHFZYAELPOJIV-UHFFFAOYSA-N,236.35
"3,7,11-Trimethyldodecan-3-ol",CCC(C)(CCCC(C)CCCC(C)C)O,13082,7278-65-1,NUKWKMGANFONQP-UHFFFAOYSA-N,228.41
"3,7,8,9-Tetramethyldec-4-yne-2,6-diol",CC(C)C(C)C(C)C(C#CC(C)C(C)O)O,2507,1333-17-1,WWPTYZFXUOTSDY-UHFFFAOYSA-N,226.35
"3,7-Cycloundecadien-1-ol, 1,5,5,8-tetramethyl-",CC1=CCC(C=CCC(CCC1)(C)O)(C)C,6687,28446-26-6,ZLMAVMBYWKVCLV-UHFFFAOYSA-N,222.37
"3,7-Dimethyl-1-octene",CC(C)CCCC(C)C=C,9009,4984-01-4,KSXTZYRIJKDCEA-UHFFFAOYSA-N,140.27
"3,7-Dimethyl-1-octene",CC(C)CCCC(C)C=C,16592,,KSXTZYRIJKDCEA-UHFFFAOYSA-N,140.27
"3,7-Dimethyldecane",CCCC(C)CCCC(C)CC,4063,17312-54-8,VDAVEASVPZDNQB-UHFFFAOYSA-N,170.33
"3,7-Dimethylnonane",CCC(C)CCCC(C)CC,4056,17302-32-8,YGPVLXJHRFZYJJ-UHFFFAOYSA-N,156.31
"3,7-Dimethyloct-6-en-1-yn-3-ol",CC(=CCCC(C)(C#C)O)C,6816,29171-20-8,YWTIDNZYLFTNQQ-UHFFFAOYSA-N,152.23
"3,7-Dimethylocta-1,3,7-triene",CC(=C)CC/C=C(\C)/C=C,9054,502-99-8,XJPBRODHZKDRCB-CSKARUKUSA-N,136.23
"3,7-Dimethyloctan-1-ol",CC(C)CCCC(C)CCO,641,106-21-8,PRNCMAKCNVRZFX-UHFFFAOYSA-N,158.28
"3,7-Dimethyloctan-3-ol",CCC(C)(CCCC(C)C)O,13969,78-69-3,DLHQZZUEERVIGQ-UHFFFAOYSA-N,158.28
"3,7-Dimethyloctan-3-yl acetate",CCC(C)(CCCC(C)C)OC(=O)C,4822,20780-48-7,RBKRCARRXLFUGJ-UHFFFAOYSA-N,200.32
"3,8-Dimethylundecane",CCCC(C)CCCCC(C)CC,4047,17301-30-3,WOGVWUCXENBLIV-UHFFFAOYSA-N,184.36
"3,9-Bis(1,1-dimethyl-2-hydroxyethyl)-2,4,8,10-tetraoxaspiro[5.5]undecane",CC(C)(CO)C1OCC2(CO1)COC(OC2)C(C)(C)CO,3164,1455-42-1,BPZIYBJCZRUDEG-UHFFFAOYSA-N,304.38
"3,9-Dicyclohex-3-enyl-2,4,8,10-tetraoxaspiro[5.5]undecane",C1CC(CC=C1)C2OCC3(CO2)COC(OC3)C4CCC=CC4,11633,6600-31-3,WKTJXDHLMJKSGI-UHFFFAOYSA-N,320.4
"3,9-Diethyl-6-tridecanol",CCCCC(CC)CCC(CCC(CC)CC)O,1907,123-24-0,NWDHHLKROQOLMQ-UHFFFAOYSA-N,256.5
"3,9-Dimethylundecane",CCC(C)CCCCCC(C)CC,4048,17301-31-4,HHEVJJIJTUVLTQ-UHFFFAOYSA-N,184.36
"3,9-Diphenoxy-2,4,8,10-tetraoxa-3,9-diphosphaspiro[5.5]undecane",C1C2(COP(O1)OC3=CC=CC=C3)COP(OC2)OC4=CC=CC=C4,3114,144-35-4,SDCYWERHEYVPHL-UHFFFAOYSA-N,380.27
"3,9-Divinyl-2,4,8,10-tetraoxaspiro[5.5]undecane",C=CC1OCC2(CO1)COC(OC2)C=C,13950,78-19-3,OOXMQACSWCZQLX-UHFFFAOYSA-N,212.24
"3,9-Dodecadiyne",CCC#CCCCCC#CCC,10810,61827-89-2,SLQXYOMUNKJHRV-UHFFFAOYSA-N,162.27
"3-((4-((2,6-Dibromo-4-nitrophenyl)azo)phenyl)ethylamino)propiononitrile",CCN(CCC#N)C1=CC=C(C=C1)N=NC2=C(C=C(C=C2Br)[N+](=O)[O-])Br,9788,55281-26-0,MWMJPPMTXZJLIK-UHFFFAOYSA-N,481.1
"3-((5-Amino-2-chlorophenyl)amino)-1-(2,4,6-trichlorophenyl)-1H-pyrazol-5(4H)-one",C1C(=NC2=C(C=CC(=C2)N)Cl)NN(C1=O)C3=C(C=C(C=C3Cl)Cl)Cl,9520,53411-33-9,LDWDFXXBUGPHRO-UHFFFAOYSA-N,404.1
3-(1-(Difluoro((trifluorovinyl)oxy)methyl)tetrafluoroethoxy)tetrafluoropropionitrile,C(#N)C(C(OC(C(OC(=C(F)F)F)(F)F)(C(F)(F)F)F)(F)F)(F)F,12680,69804-19-9,LYIPDZSLYLDLCU-UHFFFAOYSA-N,389.07
"3-(2,3-Dihydroxypropoxy)-2-hydroxypropyl hexadecanoate",CCCCCCCCCCCCCCCC(=O)OCC(COCC(CO)O)O,401,103110-27-6,WOGWRXSITPCETK-UHFFFAOYSA-N,404.6
"3-(2,3-Dihydroxypropoxy)-2-hydroxypropyl oleate",CCCCCCCC/C=C\CCCCCCCC(=O)OCC(COCC(CO)O)O,8981,49553-76-6,BKZCZANSHGDPSH-KTKRTIGZSA-N,430.6
"3-(2,3-Dihydroxypropoxy)-2-hydroxypropyl oleate",CCCCCCCC/C=C\CCCCCCCC(=O)OCC(COCC(CO)O)O,10322,59029-17-3,BKZCZANSHGDPSH-KTKRTIGZSA-N,430.6
"3-(2,3-Dihydroxypropoxy)-2-hydroxypropyl oleate",CCCCCCCC/C=C\CCCCCCCC(=O)OCC(COCC(CO)O)O,15972,97605-97-5,BKZCZANSHGDPSH-KTKRTIGZSA-N,430.6
"3-(2,6,6-Trimethyl-1-cyclohexen-1-yl)-2-propenal",CC1=C(C(CCC1)(C)C)C=CC=O,8980,4951-40-0,FLOPAOUVAMIAJN-UHFFFAOYSA-N,178.27
3-(2-(4-(2-(4-Cyanophenyl)vinyl)phenyl)vinyl)benzonitrile,C1=CC(=CC(=C1)C#N)/C=C/C2=CC=C(C=C2)/C=C/C3=CC=C(C=C3)C#N,14056,79026-02-1,XSPWINZRSAKTKX-DEKJKZHBSA-N,332.4
"3-(2-Ethylphenyl)-2,2-dimethylpropanal",CCC1=CC=CC=C1CC(C)(C)C=O,11771,67634-14-4,ITJHALDCYCTNNJ-UHFFFAOYSA-N,190.28
3-(2-Methyl-propenyl)-1H-indene,CC(=CC1=CCC2=CC=CC=C21)C,14308,819871-70-0,FEXGRHGTFRQYQI-UHFFFAOYSA-N,170.25
"3-(3,5-Di-tert-butyl-4-hydroxyphenyl)propionic acid",CC(C)(C)C1=CC(=CC(=C1O)C(C)(C)C)CCC(=O)O,4689,20170-32-5,WPMYUUITDBHVQZ-UHFFFAOYSA-N,278.4
"3-(4-(1-(4-(2,3-Epoxypropoxy)phenyl)-1-methylethyl)phenoxy)propane-1,2-diol",CC(C)(C1=CC=C(C=C1)OCC2CO2)C3=CC=C(C=C3)OCC(CO)O,13596,76002-91-0,NBLIPZBCGXIEFO-UHFFFAOYSA-N,358.4
3-(4-Aminophenoxy)aniline,C1=CC(=CC(=C1)OC2=CC=C(C=C2)N)N,6265,2657-87-6,ZBMISJGHVWNWTE-UHFFFAOYSA-N,200.24
"3-(4-Butoxyphenyl)-7-phenylfuro[2,3-f][1]benzofuran-2,6-dione",CCCCOC1=CC=C(C=C1)C2=C3C=C4C(=C(C(=O)O4)C5=CC=CC=C5)C=C3OC2=O,3654,159968-00-0,OZIVGRCTLVMJJN-UHFFFAOYSA-N,412.4
"3-(4-Ethylphenyl)-2,2-dimethylpropanal",CCC1=CC=C(C=C1)CC(C)(C)C=O,11772,67634-15-5,JFTSYAALCNQOKO-UHFFFAOYSA-N,190.28
3-(4-Hydroxy-4-methylpentyl)cyclohex-3-ene-1-carbaldehyde,CC(C)(CCCC1=CCCC(C1)C=O)O,9229,51414-25-6,OLXLPKQCGWYRFQ-UHFFFAOYSA-N,210.31
3-(4-Isopropylphenyl)-2-methylpropanal,CC(C)C1=CC=C(C=C1)CC(C)C=O,395,103-95-7,ZFNVDHOSLNRHNN-UHFFFAOYSA-N,190.28
3-(4-Methylphenyl)prop-2-yn-1-ol,CC1=CC=C(C=C1)C#CCO,3656,16017-24-6,RASSCMVYTLTTPK-UHFFFAOYSA-N,146.19
3-(4-Tert-butylphenyl)propanal,CC(C)(C)C1=CC=C(C=C1)CCC=O,4250,18127-01-0,FZJUFJKVIYFBSY-UHFFFAOYSA-N,190.28
3-(5-(Aminosulfonyl)benzoxazol-2-yl)-7-(diethylamino)coumarin,CCN(CC)C1=CC2=C(C=C1)C=C(C(=O)O2)C3=NC4=C(O3)C=CC(=C4)S(=O)(=O)N,12174,68427-35-0,SDUIURJVOCHJCO-UHFFFAOYSA-N,413.4
3-(5-Chlorobenzoxazol-2-yl)-7-diethylaminocoumarin,CCN(CC)C1=CC2=C(C=C1)C=C(C(=O)O2)C3=NC4=C(O3)C=CC(=C4)Cl,7764,35773-43-4,CBNSBRVOBGWOBM-UHFFFAOYSA-N,368.8
3-(Acryloyloxy)-2-hydroxypropyl methacrylate,CC(=C)C(=O)OCC(COC(=O)C=C)O,4010,1709-71-3,ZODNDDPVCIAZIQ-UHFFFAOYSA-N,214.21
3-(Benzothiazol-2-yl)-7-(diethylamino)-2-oxo-2H-1-benzopyran-4-carbonitrile,CCN(CC)C1=CC2=C(C=C1)C(=C(C(=O)O2)C3=NC4=CC=CC=C4S3)C#N,12783,70546-25-7,NDKYYKABKLOOAP-UHFFFAOYSA-N,375.4
"3-(Benzoyloxy)-2,2,4-trimethylpentyl isobutyrate",CC(C)C(C(C)(C)COC(=O)C(C)C)OC(=O)C1=CC=CC=C1,5152,22527-63-5,FFSJSGNXYKUSCQ-UHFFFAOYSA-N,320.4
"3-(Benzoyloxy)-2,2-dimethylpropyl acrylate",CC(C)(COC(=O)C=C)COC(=O)C1=CC=CC=C1,11698,66671-22-5,MXBCLXAAEYWALK-UHFFFAOYSA-N,262.3
"3-(Benzylamino)-1-phenylpyrrolidine-2,5-dione",C1C(C(=O)N(C1=O)C2=CC=CC=C2)NCC3=CC=CC=C3,13702,7685-88-3,RLYCOAZCWRPZHI-UHFFFAOYSA-N,280.32
3-(Benzylsulfanyl)-5-methyl-4-oxoandrost-2-en-17-yl acetate,CC(=O)OC1CCC2C1(CCC3C2CCC4(C3(CC=C(C4=O)SCC5=CC=CC=C5)C)C)C,16575,,ZUYOXNCABKZXMW-UHFFFAOYSA-N,466.7
"3-(Bicyclo[2.2.1]hept-5-EN-2-YL)-1,1,1-trifluoro-2-(trifluoromethyl)propan-2-OL",C1C2CC(C1C=C2)CC(C(F)(F)F)(C(F)(F)F)O,4599,196314-61-1,NIQLOLNJWXWZHX-UHFFFAOYSA-N,274.2
3-(Chlorodimethylsilyl)propyl methacrylate,CC(=C)C(=O)OCCC[Si](C)(C)Cl,5492,24636-31-5,OKQXCDUCLYWRHA-UHFFFAOYSA-N,220.77
3-(Chloromethyl)heptane,CCCCC(CC)CCl,1900,123-04-6,WLVCBAMXYMWGLJ-UHFFFAOYSA-N,148.67
3-(Diethoxymethylsilyl)propylamine,CCO[Si](C)(CCCN)OCC,7283,3179-76-8,HXLAEGYMDGUSBD-UHFFFAOYSA-N,191.34
"3-(Diethylamino)-1,2-propanediol",CCN(CC)CC(CO)O,10871,621-56-7,LTACQVCHVAUOKN-UHFFFAOYSA-N,147.22
3-(Diethylamino)propylamine,CCN(CC)CCCN,501,104-78-9,QOHMWDJIBGVPIF-UHFFFAOYSA-N,130.23
3-(Dimethoxymethylsilyl)propylamine,CO[Si](C)(CCCN)OC,7867,3663-44-3,ZYAASQNKCWTPKI-UHFFFAOYSA-N,163.29
3-(Dimethylamino)acrylaldehyde,CN(C)/C=C/C=O,15520,927-63-9,RRLMPLDPCKRASL-ONEGZZNKSA-N,99.13
3-(Dimethylamino)propyl acrylate,CN(C)CCCOC(=O)C=C,4348,18526-07-3,UFQHFMGRRVQFNA-UHFFFAOYSA-N,157.21
3-(Dimethylamino)propylurea,CN(C)CCCNC(=O)N,7235,31506-43-1,IIVBUJGYWCCLNG-UHFFFAOYSA-N,145.2
3-(Dimethylphosphono)-N-methylolpropionamide,COP(=O)(CCC(=O)NCO)OC,4676,20120-33-6,MCONGYNHPPCHSD-UHFFFAOYSA-N,211.15
"3-(Furan-2-yl)-5-(naphthalen-1-ylmethylsulfanyl)-4-phenyl-1,2,4-triazole",C1=CC=C(C=C1)N2C(=NN=C2SCC3=CC=CC4=CC=CC=C43)C5=CC=CO5,10366,5926-55-6,RXGLOZHXBFAPAH-UHFFFAOYSA-N,383.5
3-(Hydroxy(phenyl)phosphoryl)propanoic acid,C1=CC=C(C=C1)P(=O)(CCC(=O)O)O,3194,14657-64-8,MORLYCDUFHDZKO-UHFFFAOYSA-N,214.15
3-(Methylamino)propan-1-ol,CNCCCO,8443,42055-15-2,KRGXWTOLFOPIKV-UHFFFAOYSA-N,89.14
3-(Methylthio)phenyl isothiocyanate,CSC1=CC=CC(=C1)N=C=S,9215,51333-80-3,IHKAGFVCXPFGRP-UHFFFAOYSA-N,181.3
3-(Methylthio)propionaldehyde,CSCCC=O,7388,3268-49-3,CLUWOWRTHNNBBU-UHFFFAOYSA-N,104.17
3-(Methylthio)thiophene,CSC1=CSC=C1,4813,20731-74-2,OTYBVBDWIKXFDO-UHFFFAOYSA-N,130.2
3-(Pyridin-1-ium-1-yl)propane-1-sulfonate,C1=CC=[N+](C=C1)CCCS(=O)(=O)[O-],3463,15471-17-7,REEBJQTUIJTGAL-UHFFFAOYSA-N,201.25
3-(Triethoxysilyl)propionitrile,CCO[Si](CCC#N)(OCC)OCC,15441,919-31-3,GBQYMXVQHATSCC-UHFFFAOYSA-N,217.34
3-(Triethoxysilyl)propyl methacrylate,CCO[Si](CCCOC(=O)C(=C)C)(OCC)OCC,4896,21142-29-0,URDOJQUSEUXVRP-UHFFFAOYSA-N,290.43
3-(Trifluoromethyl)aniline,C1=CC(=CC(=C1)N)C(F)(F)F,15992,98-16-8,VIUDTWATMPPKEL-UHFFFAOYSA-N,161.12
3-(Trimethoxysilyl)propyl acetate,CC(=O)OCCC[Si](OC)(OC)OC,10321,59004-18-1,FZTPAOAMKBXNSH-UHFFFAOYSA-N,222.31
3-(Trimethoxysilyl)propyl acrylate,CO[Si](CCCOC(=O)C=C)(OC)OC,8569,4369-14-6,KBQVDAIIQCXKPI-UHFFFAOYSA-N,234.32
3-(Trimethoxysilyl)propyl methacrylate,CC(=C)C(=O)OCCC[Si](OC)(OC)OC,5839,2530-85-0,XDLMVUHYZWKMMD-UHFFFAOYSA-N,248.35
3-(Tris(acetoxy)silyl)propyl methacrylate,CC(=C)C(=O)OCCC[Si](OC(=O)C)(OC(=O)C)OC(=O)C,9268,51772-85-1,MLOKHANBEXWBKS-UHFFFAOYSA-N,332.38
3-(Tris(trimethylsiloxy)silyl)propyl methacrylate,CC(=C)C(=O)OCCC[Si](O[Si](C)(C)C)(O[Si](C)(C)C)O[Si](C)(C)C,4014,17096-07-0,BESKSSIEODQWBP-UHFFFAOYSA-N,422.8
"3-[(4,6-Diamino-1,3,5-triazin-2-yl)amino]propan-1-ol",C(CNC1=NC(=NC(=N1)N)N)CO,15398,91313-29-0,LETMOHPMBKYRPT-UHFFFAOYSA-N,184.2
"3-[(4-Chloro-2-nitrophenyl)azo]-2-methylpyrazolo[5,1-b]quinazolin-9(1H)-one",CC1=C(C2=NC3=CC=CC=C3C(=O)N2N1)N=NC4=C(C=C(C=C4)Cl)[N+](=O)[O-],13266,74336-59-7,XJYVVHWZCYUMQY-UHFFFAOYSA-N,382.8
"3-[1-Hydroxy-3,5-bis(2-methyl-2-propanyl)-4-oxo-2,5-cyclohexadien-1-yl]propanoic acid",CC(C)(C)C1=CC(C=C(C1=O)C(C)(C)C)(CCC(=O)O)O,14398,83237-15-4,WOTFHQUHCWABLM-UHFFFAOYSA-N,294.4
"3-[2,2-Dimethyl-1-oxo-3-[(1-oxo-2-propenyl)oxy]propoxy]-2,2-dimethylpropyl acrylate",CC(C)(COC(=O)C=C)COC(=O)C(C)(C)COC(=O)C=C,6985,30145-51-8,ICCCRCJXHNMZPJ-UHFFFAOYSA-N,312.36
"3-[2,6-Difluoro-4-[4-(4-propylcyclohexyl)cyclohexyl]phenoxy]propyl prop-2-enoate",CCCC1CCC(CC1)C2CCC(CC2)C3=CC(=C(C(=C3)F)OCCCOC(=O)C=C)F,5897,255386-69-7,ASAKUAYZQZYEHO-UHFFFAOYSA-N,448.6
3-[[4-[(2-Chloro-4-nitrophenyl)azo]phenyl]ethylamino]propiononitrile,CCN(CCC#N)C1=CC=C(C=C1)N=NC2=C(C=C(C=C2)[N+](=O)[O-])Cl,8312,40880-51-1,NPBDWXMKLFBNIW-UHFFFAOYSA-N,357.8
3-Acetylphenanthrene,CC(=O)C1=CC2=C(C=CC3=CC=CC=C32)C=C1,4736,2039-76-1,JKVNPRNAHRHQDD-UHFFFAOYSA-N,220.26
"3-Allyloxy-1,2-propanediol",C=CCOCC(CO)O,1915,123-34-2,PAKCOSURAUIXFG-UHFFFAOYSA-N,132.16
"3-Amino-1,2-propanediol",C(C(CO)O)N,10677,616-30-8,KQIGMPWTAHJUMN-UHFFFAOYSA-N,91.11
3-Aminobiphenyl,C1=CC=C(C=C1)C2=CC(=CC=C2)N,5135,2243-47-2,MUNOBADFTHUUFG-UHFFFAOYSA-N,169.22
3-Aminophenol,C1=CC(=CC(=C1)O)N,10330,591-27-5,CWLKGDAVCFYWJK-UHFFFAOYSA-N,109.13
3-Aminopropyltriethoxysilane,CCO[Si](CCCN)(OCC)OCC,15440,919-30-2,WYTZZXDRDKSJID-UHFFFAOYSA-N,221.37
3-Aminopropyltrimethoxysilane,CO[Si](CCCN)(OC)OC,2831,13822-56-5,SJECZPVISLOESU-UHFFFAOYSA-N,179.29
3-Anilinopropionitrile,C1=CC=C(C=C1)NCCC#N,823,1075-76-9,FENJKTQEFUPECW-UHFFFAOYSA-N,146.19
"3-Bromo-2,2-bis(bromomethyl)propanol",C(C(CBr)(CBr)CBr)O,3406,1522-92-5,QEJPOEGPNIVDMK-UHFFFAOYSA-N,324.84
"3-Bromo-2,2-bis(bromomethyl)propanol",C(C(CBr)(CBr)CBr)O,7850,36483-57-5,QEJPOEGPNIVDMK-UHFFFAOYSA-N,324.84
3-Bromo-p-terphenyl,C1=CC=C(C=C1)C2=CC=C(C=C2)C3=CC(=CC=C3)Br,4151,1762-87-4,JJKJPQMYYSMPBE-UHFFFAOYSA-N,309.2
3-Bromobiphenyl,C1=CC=C(C=C1)C2=CC(=CC=C2)Br,4890,2113-57-7,USYQKCQEVBFJRP-UHFFFAOYSA-N,233.1
3-Bromophenol,C1=CC(=CC(=C1)Br)O,16132,591-20-8,MNOJRWOWILAHAV-UHFFFAOYSA-N,173.01
3-Buten-1-ol,C=CCCO,10993,627-27-0,ZSPTYLOMNJNZNG-UHFFFAOYSA-N,72.11
3-Buten-2-OL,CC(C=C)O,10430,598-32-3,MKUWVMRNQOOSAT-UHFFFAOYSA-N,72.11
"3-Butene-1,2,3-tricarboxylic acid",C=C(C(CC(=O)O)C(=O)O)C(=O)O,6180,26326-05-6,WOZHZOLFFPSEAM-UHFFFAOYSA-N,188.13
"3-Butene-1,2-diol",C=CC(CO)O,8993,497-06-3,ITMIAZBRRZANGB-UHFFFAOYSA-N,88.11
3-Butylcyclohexanone,CCCCC1CCCC(=O)C1,8148,39178-69-3,ORIINXCHZXECLA-UHFFFAOYSA-N,154.25
"3-Butylpentane-2,4-dione",CCCCC(C(=O)C)C(=O)C,3448,1540-36-9,MBXOOYPCIDHXGH-UHFFFAOYSA-N,156.22
3-Carene,CC1=CCC2C(C1)C2(C)C,2640,13466-78-9,BQOFWKZOCNGFEC-UHFFFAOYSA-N,136.23
"3-Chloro-1,1,1-trifluoro-3-methylbutane",CC(C)(CC(F)(F)F)Cl,7701,352-46-5,NLNXDLJMRFTNPX-UHFFFAOYSA-N,160.56
"3-Chloro-1,1,1-trifluoropropane",C(CCl)C(F)(F)F,8806,460-35-5,ZPIFKCVYZBVZIV-UHFFFAOYSA-N,132.51
"3-Chloro-1,2-propanediol",C(C(CCl)O)O,15874,96-24-2,SSZWWUDQMAHNAQ-UHFFFAOYSA-N,110.54
3-Chloro-2-hydroxypropyl methacrylate,CC(=C)C(=O)OCC(CCl)O,2350,13159-52-9,DDKMFQGAZVMXQV-UHFFFAOYSA-N,178.61
3-Chloro-2-methylaniline,CC1=C(C=CC=C1Cl)N,14783,87-60-5,ZUVPLKVDZNDZCM-UHFFFAOYSA-N,141.6
3-Chloro-2-methylpropene,CC(=C)CCl,9951,563-47-3,OHXAOPZTJOUYKM-UHFFFAOYSA-N,90.55
3-Chloro-4-fluoroaniline,C1=CC(=C(C=C1N)Cl)F,7876,367-21-5,YSEMCVGMNUUNRK-UHFFFAOYSA-N,145.56
3-Chloroaniline,C1=CC(=CC(=C1)Cl)N,863,108-42-9,PNPCRKVUWYDDST-UHFFFAOYSA-N,127.57
3-Chlorobenzophenone,C1=CC=C(C=C1)C(=O)C2=CC(=CC=C2)Cl,252,1016-78-0,CPLWKNRPZVNELG-UHFFFAOYSA-N,216.66
3-Chlorobiphenyl,C1=CC=C(C=C1)C2=CC(=CC=C2)Cl,1134,11104-28-2,NMWSKOLWZZWHPL-UHFFFAOYSA-N,188.65
3-Chlorophthalic anhydride,C1=CC2=C(C(=C1)Cl)C(=O)OC2=O,1418,117-21-5,UERPUZBSSSAZJE-UHFFFAOYSA-N,182.56
3-Chloropropionitrile,C(CCl)C#N,9638,542-76-7,GNHMRTZZNHZDDM-UHFFFAOYSA-N,89.52
3-Chloropropylmethyldimethoxysilane,CO[Si](C)(CCCCl)OC,4258,18171-19-2,KNTKCYKJRSMRMZ-UHFFFAOYSA-N,182.72
3-Chlorotoluene,CC1=CC(=CC=C1)Cl,862,108-41-8,OSOUNOBYRMOXQQ-UHFFFAOYSA-N,126.58
3-Cyano-1-(2-ethoxyphenyl)-n-(3-methylbutyl)-1h-pyrrole-2-carboxamide,CCOC1=CC=CC=C1N2C=CC(=C2C(=O)NCCC(C)C)C#N,16270,5931-89-5,CTMCFMWTFYCHGF-UHFFFAOYSA-N,325.4
3-Cyanopropyltrichlorosilane,C(CC#N)C[Si](Cl)(Cl)Cl,799,1071-27-8,HMFFOEBLYHLRQN-UHFFFAOYSA-N,202.54
"3-Cyclohexen-1-ol, 4-methyl-1-(1-methylethyl)-, acetate",CC1=CCC(CC1)(C(C)C)OC(=O)C,8931,4821-04-9,BFCBRSFYYLSTAA-UHFFFAOYSA-N,196.29
3-Cyclohexene-1-carbonitrile,C1CC(CC=C1)C#N,14,100-45-8,GYBNBQFUPDFFQX-UHFFFAOYSA-N,107.15
3-Cyclohexene-1-carbonyl chloride,C1CC(CC=C1)C(=O)Cl,15578,932-67-2,CXWMHIRIXVNVQN-UHFFFAOYSA-N,144.6
3-Cyclohexene-1-carboxylic acid,C1CC(CC=C1)C(=O)O,8907,4771-80-6,VUSWCWPCANWBFG-UHFFFAOYSA-N,126.15
3-Cyclohexene-1-methanol,C1CC(CC=C1)CO,3922,1679-51-2,VEIYJWQZNGASMA-UHFFFAOYSA-N,112.17
3-Cyclohexyl-1-propylsulfonic acid,C1CCC(CC1)NCCCS(=O)(=O)O,1320,1135-40-6,PJWWRFATQTVXHA-UHFFFAOYSA-N,221.32
3-Cyclohexylpropan-1-ol,C1CCC(CC1)CCCO,1291,1124-63-6,CLYAQFSQLQTVNO-UHFFFAOYSA-N,142.24
3-Decanone,CCCCCCCC(=O)CC,15527,928-80-3,XJLDYKIEURAVBW-UHFFFAOYSA-N,156.26
3-Dimethylaminopropylamine,CN(C)CCCN,936,109-55-7,IUNMPGNGSSIWFP-UHFFFAOYSA-N,102.18
3-Dodecanol,CCCCCCCCCC(CC)O,306,10203-30-2,OKDGZLITBCRLLJ-UHFFFAOYSA-N,186.33
3-Dodecanone,CCCCCCCCCC(=O)CC,3439,1534-27-6,PERIHWAPLOBAJM-UHFFFAOYSA-N,184.32
3-Dodecene,CCCCCCCC/C=C/CC,4718,2030-83-3,WLTSXAIICPDFKI-FNORWQNLSA-N,168.32
3-Dodecene,CCCCCCCC/C=C/CC,13006,7206-14-6,WLTSXAIICPDFKI-FNORWQNLSA-N,168.32
"3-Dodecyl-1-(2,2,6,6-tetramethyl-4-piperidyl)pyrrolidine-2,5-dione",CCCCCCCCCCCCC1CC(=O)N(C1=O)C2CC(NC(C2)(C)C)(C)C,14078,79720-19-7,FBIXXCXCZOZFCO-UHFFFAOYSA-N,406.6
3-Eicosanone,CCCCCCCCCCCCCCCCCC(=O)CC,6876,2955-56-8,BWVLRRQCABCGBO-UHFFFAOYSA-N,296.5
"3-Eicosene, (E)-",CCCCCCCCCCCCCCCC/C=C/CC,13410,74685-33-9,AKTLQTMAOYZJGI-FNORWQNLSA-N,280.5
3-Ethenylbenzene-1-thiol,C=CC1=CC(=CC=C1)S,13004,72032-27-0,SCXIDQOYDZIEKQ-UHFFFAOYSA-N,136.22
3-Ethoxy-1-propanol,CCOCCCO,1093,111-35-3,XHMWPVBQGARKQM-UHFFFAOYSA-N,104.15
3-Ethoxy-3-methyl-2-butanone,CCOC(C)(C)C(=O)C,7875,36687-99-7,CCFVIXLUALAAQN-UHFFFAOYSA-N,130.18
"3-Ethyl-2,2-dimethylpentane",CCC(CC)C(C)(C)C,3912,16747-32-3,CLZCPQKGOAXOJT-UHFFFAOYSA-N,128.25
"3-Ethyl-2,5-dimethylhex-3-ene",CCC(=CC(C)C)C(C)C,10938,62338-08-3,LTFIBGYQLWKTKK-UHFFFAOYSA-N,140.27
"3-Ethyl-2,5-dimethylhexane",CCC(CC(C)C)C(C)C,9460,52897-04-8,UJEUVDLASLOZIV-UHFFFAOYSA-N,142.28
"3-Ethyl-2,5-dimethylpyrazine",CCC1=NC(=CN=C1C)C,2535,13360-65-1,WHMWOHBXYIZFPF-UHFFFAOYSA-N,136.19
"3-Ethyl-2-methyl-2-(3-methylbutyl)-1,3-oxazolidine",CCN1CCOC1(C)CCC(C)C,3109,143860-04-2,LIKGLDATLCWEDN-UHFFFAOYSA-N,185.31
3-Ethyl-3-heptanol,CCCCC(CC)(CC)O,4624,19780-41-7,XKRZDNKKANUBPV-UHFFFAOYSA-N,144.25
3-Ethyl-3-hexanol,CCCC(CC)(CC)O,10414,597-76-2,WNDLTOTUHMHNOC-UHFFFAOYSA-N,130.23
3-Ethyl-3-methylglutaric acid,CCC(C)(CC(=O)O)CC(=O)O,9528,5345-01-7,XAWFHZMTJUGGEE-UHFFFAOYSA-N,174.19
3-Ethyl-3-methylheptadecane,CCCCCCCCCCCCCCC(C)(CC)CC,17692,,VVWFTNYAEIQEEJ-UHFFFAOYSA-N,282.5
3-Ethyl-3-methylheptane,CCCCC(C)(CC)CC,4052,17302-01-1,HSOMNBKXPGCNBH-UHFFFAOYSA-N,142.28
3-Ethyl-3-oxetanemethanol,CCC1(COC1)CO,7041,3047-32-3,UNMJLQGKEDTEKJ-UHFFFAOYSA-N,116.16
3-Ethyl-3-phenyl-1-pentene,CCC(CC)(C=C)C1=CC=CC=C1,4630,19781-34-1,JUYLWJTWBDJSLZ-UHFFFAOYSA-N,174.28
3-Ethyldibenzothiophene,CCC1=CC2=C(C=C1)SC3=CC=CC=C32,14956,89816-98-8,OIWTUZCEIKRYCP-UHFFFAOYSA-N,212.31
3-Ethylheptane,CCCCC(CC)CC,3609,15869-80-4,PSVQKOKKLWHNRP-UHFFFAOYSA-N,128.25
3-Ethylhexane,CCCC(CC)CC,10824,619-99-8,SFRKSDZMZHIISH-UHFFFAOYSA-N,114.23
3-Ethylphenol,CCC1=CC(=CC=C1)O,10857,620-17-7,HMNKTRSOROOSPP-UHFFFAOYSA-N,122.16
3-Ethyltoluene,CCC1=CC=CC(=C1)C,10856,620-14-4,ZLCSFXXPPANWQY-UHFFFAOYSA-N,120.19
3-Ethyltridecane,CCCCCCCCCCC(CC)CC,2470,13286-73-2,YHMLBHVOZGLKCN-UHFFFAOYSA-N,212.41
3-Ethylundecane,CCCCCCCCC(CC)CC,4065,17312-58-2,NJDOLAPZCLPAHZ-UHFFFAOYSA-N,184.36
3-Ethynylaniline,C#CC1=CC(=CC=C1)N,9607,54060-30-9,NNKQLUVBPJEUOR-UHFFFAOYSA-N,117.15
3-Ethynylanisole,COC1=CC=CC(=C1)C#C,13690,768-70-7,ZASXCTCNZKFDTP-UHFFFAOYSA-N,132.16
"3-Fluoro-4-[1-hydroxy-2-(propan-2-ylamino)ethyl]benzene-1,2-diol",CC(C)NCC(C1=C(C(=C(C=C1)O)O)F)O,10635,61338-98-5,KEYFTYUBFSDBRW-UHFFFAOYSA-N,229.25
3-Glycidoxypropyldimethoxymethylsilane,CO[Si](C)(CCCOCC1CO1)OC,11590,65799-47-5,WHGNXNCOTZPEEK-UHFFFAOYSA-N,220.34
3-Heptadecanone,CCCCCCCCCCCCCCC(=O)CC,14505,84534-29-2,PXJYBWGEOVYLSM-UHFFFAOYSA-N,254.5
3-Heptanone,CCCCC(=O)CC,650,106-35-4,NGAZZOYFWWSOGK-UHFFFAOYSA-N,114.19
"3-Heptene, 3-methyl-",CCCC=C(C)CC,13125,7300-03-0,AAUHUDBDDBJONC-UHFFFAOYSA-N,112.21
3-Hexadecanone,CCCCCCCCCCCCCC(=O)CC,4395,18787-64-9,LTMXHUUHBSCKEK-UHFFFAOYSA-N,240.42
"3-Hexadecene, (Z)-",CCCCCCCCCCCC/C=C\CC,7603,34303-81-6,QIZDLUWRENVVJW-ALCCZGGFSA-N,224.42
"3-Hexanamine, 3-ethyl-",CCCC(CC)(CC)N,10005,56667-17-5,IZEJQGRHGSWGDZ-UHFFFAOYSA-N,129.24
3-Hexanol,CCCC(CC)O,10929,623-37-0,ZOCHHNOQQHDWHG-UHFFFAOYSA-N,102.17
3-Hexanone,CCCC(=O)CC,10293,589-38-8,PFCHFHIRKBAQGU-UHFFFAOYSA-N,100.16
3-Hexenyl isobutyrate,CC/C=C/CCOC(=O)C(C)C,14522,84682-20-2,OSMAJVWUIUORGC-AATRIKPKSA-N,170.25
"3-Hexenyl phenylacetate, (3E)-",CC/C=C/CCOC(=O)CC1=CC=CC=C1,4282,1824720-88-8,FJKFIIYSBXHBCT-ONEGZZNKSA-N,218.29
3-Hexylthiophene,CCCCCCC1=CSC=C1,3965,1693-86-3,JEDHEMYZURJGRQ-UHFFFAOYSA-N,168.3
"3-Hydroxy-1,1-dimethylbutyl 2-ethyl-2-methylheptaneperoxoate",CC(CC(C)(C)OOC(=O)CCCCCC(C)(C)C)O,15805,95718-78-8,MVELOSYXCOVILT-UHFFFAOYSA-N,288.42
"3-Hydroxy-2,2-bis(hydroxymethyl)propyl pentanoate",CCCCC(=O)OCC(CO)(CO)CO,12562,68987-95-1,VVSFUPBJVHRTPB-UHFFFAOYSA-N,220.26
"3-Hydroxy-2,2-dimethyl-1-(1-methylethyl)propyl isobutyrate",CC(C)C(C(C)(C)CO)OC(=O)C(C)C,4342,18491-15-1,OMIPYZUJVKWOLI-UHFFFAOYSA-N,216.32
"3-Hydroxy-2,2-dimethylpropyl 3-hydroxy-2,2-dimethylpropanoate",CC(C)(CO)COC(=O)C(C)(C)CO,1175,1115-20-4,SZCWBURCISJFEZ-UHFFFAOYSA-N,204.26
3-Hydroxy-2-methylbenzaldehyde,CC1=C(C=CC=C1O)C=O,15154,90111-15-2,ZRYCRPNCXLQHPN-UHFFFAOYSA-N,136.15
3-Hydroxy-2-naphthoic acid,C1=CC=C2C=C(C(=CC2=C1)C(=O)O)O,15455,92-70-6,ALKYHXVLJMQRLQ-UHFFFAOYSA-N,188.18
3-Hydroxy-3-phenylbutan-2-one,CC(=O)C(C)(C1=CC=CC=C1)O,7240,3155-01-9,IBWFPYRVHYLXEU-UHFFFAOYSA-N,164.2
"3-Hydroxy-4,5-dimethylfuran-2(5H)-one",CC1C(=C(C(=O)O1)O)C,6724,28664-35-9,UNYNVICDCJHOPO-UHFFFAOYSA-N,128.13
"3-Hydroxy-4,7,7-trimethylbicyclo[2.2.1]heptan-2-one",CC1(C2CCC1(C(C2=O)O)C)C,5180,22759-34-8,HJVHHNRJPMNKAK-UHFFFAOYSA-N,168.23
3-Hydroxy-4-[(2-methyl-5-nitrophenyl)azo]-N-phenylnaphthalene-2-carboxamide,CC1=C(C=C(C=C1)[N+](=O)[O-])N=NC2=C(C(=CC3=CC=CC=C32)C(=O)NC4=CC=CC=C4)O,11373,6448-95-9,XYZMEPHFXJHGIX-UHFFFAOYSA-N,426.4
3-Hydroxybutyric acid,CC(CC(=O)O)O,6955,300-85-6,WHBMMWSBFZVSSR-UHFFFAOYSA-N,104.1
3-Hydroxydecanoic acid,CCCCCCCC(CC(=O)O)O,3068,14292-26-3,FYSSBMZUBSBFJL-UHFFFAOYSA-N,188.26
3-Hydroxyhexadecanoic acid,CCCCCCCCCCCCCC(CC(=O)O)O,4790,20595-04-4,CBWALJHXHCJYTE-UHFFFAOYSA-N,272.42
3-Hydroxyhexanoic acid,CCCC(CC(=O)O)O,264,10191-24-9,HPMGFDVTYHWBAG-UHFFFAOYSA-N,132.16
3-Hydroxyoctanoic acid,CCCCCC(CC(=O)O)O,3069,14292-27-4,NDPLAKGOSZHTPH-UHFFFAOYSA-N,160.21
3-Hydroxypentanoic acid,CCC(CC(=O)O)O,334,10237-77-1,REKYPYSUBKSCAT-UHFFFAOYSA-N,118.13
3-Hydroxyphenyl benzoate,C1=CC=C(C=C1)C(=O)OC2=CC=CC(=C2)O,2722,136-36-7,GDESWOTWNNGOMW-UHFFFAOYSA-N,214.22
3-Hydroxypropionitrile,C(CO)C#N,948,109-78-4,WSGYTJNNHPZFKR-UHFFFAOYSA-N,71.08
3-Hydroxypropyl methacrylate,CC(=C)C(=O)OCCCO,6539,2761-09-3,GNSFRPWPOGYVLO-UHFFFAOYSA-N,144.17
3-Imino-3-phenylpropionitrile,C1=CC=C(C=C1)C(=N)CC#N,3732,16187-90-9,MKPPZAOYAOGVLX-UHFFFAOYSA-N,144.17
"3-Iodo-1,1,2,2-tetrafluoropropyl trifluorovinyl ether",C(C(C(OC(=C(F)F)F)(F)F)(F)F)I,693,106108-22-9,XXRDNYJWRWNIMR-UHFFFAOYSA-N,337.96
3-Iodo-2-propynyl butylcarbamate,CCCCNC(=O)OCC#CI,9818,55406-53-6,WYVVKGNFXHOCQV-UHFFFAOYSA-N,281.09
"3-Isobutylhexahydropyrrolo[1,2-a]pyrazine-1,4-dione",CC(C)CC1C(=O)N2CCCC2C(=O)N1,9983,5654-86-4,SZJNCZMRZAUNQT-UHFFFAOYSA-N,210.27
3-Isocyanato-2-methylaniline,CC1=C(C=CC=C1N=C=O)N,5172,22683-71-2,RCSTZSKOKIKWHC-UHFFFAOYSA-N,148.16
3-Isocyanatopropyltrimethoxysilane,CO[Si](CCCN=C=O)(OC)OC,3447,15396-00-6,FMGBDYLOANULLW-UHFFFAOYSA-N,205.28
"3-Isopropenyl-2,5-dimethyl-3,4-hexadien-2-ol",CC(=C=C(C(=C)C)C(C)(C)O)C,3455,15448-75-6,OOYJYXZAXCOHEW-UHFFFAOYSA-N,166.26
"3-Isopropenyl-alpha,alpha-dimethylbenzyl isocyanate",CC(=C)C1=CC(=CC=C1)C(C)(C)N=C=O,4856,2094-99-7,ZVEMLYIXBCTVOF-UHFFFAOYSA-N,201.26
3-Isopropylbenzaldehyde,CC(C)C1=CC=CC(=C1)C=O,7597,34246-57-6,FFQXEFNKZVGJDI-UHFFFAOYSA-N,148.2
"3-Mercapto-1,2-propanediol",C(C(CS)O)O,15875,96-27-5,PJUIMOJAAPLTRJ-UHFFFAOYSA-N,108.16
3-Mercaptopropionic acid,C(CS)C(=O)O,787,107-96-0,DKIDEFUBRARXTE-UHFFFAOYSA-N,106.15
3-Mercaptopropylmethyldimethoxysilane,CO[Si](C)(CCCS)OC,7165,31001-77-1,IKYAJDOSWUATPI-UHFFFAOYSA-N,180.34
3-Methacryloxypropylmethyldiethoxysilane,CCO[Si](C)(CCCOC(=O)C(=C)C)OCC,11520,65100-04-1,DOYKFSOCSXVQAN-UHFFFAOYSA-N,260.4
3-Methacryloxypropylmethyldimethoxysilane,CC(=C)C(=O)OCCC[Si](C)(OC)OC,3156,14513-34-9,LZMNXXQIQIHFGC-UHFFFAOYSA-N,232.35
"3-Methoxy-1,2-propanediol",COCC(CO)O,10930,623-39-2,PSJBSUHYCGQTHZ-UHFFFAOYSA-N,106.12
3-Methoxy-2-butanol,CC(C(C)OC)O,9554,53778-72-6,HJHFJCUIVDTESF-UHFFFAOYSA-N,104.15
3-Methoxy-3-methyl-2-butanone,CC(=O)C(C)(C)OC,7874,36687-98-6,WIDVGAUYQJKBRR-UHFFFAOYSA-N,116.16
3-Methoxy-3-methylbutan-1-ol,CC(C)(CCO)OC,9982,56539-66-3,MFKRHJVUCZRDTF-UHFFFAOYSA-N,118.17
3-Methoxy-4-[(4-methylbenzyl)oxy]benzaldehyde,CC1=CC=C(C=C1)COC2=C(C=C(C=C2)C=O)OC,7690,351066-36-9,YXMSGTVWNGZDMN-UHFFFAOYSA-N,256.3
3-Methoxybutyl acetate,CC(CCOC(=O)C)OC,8602,4435-53-4,QMYGFTJCQFEDST-UHFFFAOYSA-N,146.18
3-Methoxypentane,CCC(CC)OC,7891,36839-67-5,CQRFEDVNTJTKFU-UHFFFAOYSA-N,102.17
3-Methoxyphenyl isocyanate,COC1=CC=CC(=C1)N=C=O,4446,18908-07-1,NPOVTGVGOBJZPY-UHFFFAOYSA-N,149.15
3-Methoxypropyl acetate,CC(=O)OCCCOC,8366,41448-83-3,CCTFMNIEFHGTDU-UHFFFAOYSA-N,132.16
3-Methoxypropylamine,COCCCN,9507,5332-73-0,FAXDZWQIWUSWJH-UHFFFAOYSA-N,89.14
"3-Methyl-1,3-butanediol",CC(C)(CCO)O,5954,2568-33-4,XPFCZYUVICHKDS-UHFFFAOYSA-N,104.15
"3-Methyl-1,5-dioxacyclopentadecane-6,15-dione",CC1COC(=O)CCCCCCCCC(=O)OC1,15371,91045-21-5,LMGYIFXLVIGMHN-UHFFFAOYSA-N,256.34
"3-Methyl-1,5-dioxacycloundecane-6,11-dione",CC1COC(=O)CCCCC(=O)OC1,5327,2385112-62-7,FAXGGGOODQWKDU-UHFFFAOYSA-N,200.23
"3-Methyl-1,5-pentanediol",CC(CCO)CCO,8609,4457-71-0,SXFJDZNJHVPHPH-UHFFFAOYSA-N,118.17
"3-Methyl-1,5-pentanediyl diacrylate",CC(CCOC(=O)C=C)CCOC(=O)C=C,11301,64194-22-5,IQGIEMYBDGDBMR-UHFFFAOYSA-N,226.27
3-Methyl-1-butene,CC(C)C=C,9950,563-45-1,YHQXBTXEYZIYOV-UHFFFAOYSA-N,70.13
3-Methyl-1-phenyl-2-phospholene 1-oxide,CC1=CP(=O)(CC1)C2=CC=CC=C2,12803,707-61-9,YMKWWHFRGALXLE-UHFFFAOYSA-N,192.19
3-Methyl-1-phenylbut-3-en-1-one,CC(=C)CC(=O)C1=CC=CC=C1,9451,52813-35-1,FKSAYGREWVVCIZ-UHFFFAOYSA-N,160.21
3-Methyl-2-butanone,CC(C)C(=O)C,9954,563-80-4,SYBYTAAJFKOIEJ-UHFFFAOYSA-N,86.13
3-Methyl-2-buten-1-OL,CC(=CCO)C,9845,556-82-1,ASUAYTHWZCLXAN-UHFFFAOYSA-N,86.13
3-Methyl-2-butenal,CC(=CC=O)C,781,107-86-8,SEPQTYODOKLVSB-UHFFFAOYSA-N,84.12
3-Methyl-2-butenyl thiocyanate,CC(=CCSC#N)C,4547,1936-96-5,QWQGGPZHETYGOZ-UHFFFAOYSA-N,127.21
3-Methyl-2-cyclopenten-1-one,CC1=CC(=O)CC1,6536,2758-18-1,CHCCBPDEADMNCI-UHFFFAOYSA-N,96.13
3-Methyl-2-heptanol,CCCCC(C)C(C)O,7213,31367-46-1,SZERMVMTUUAYML-UHFFFAOYSA-N,130.23
3-Methyl-2-heptene,CCCC/C(=C/C)/C,7581,3404-75-9,OFKLSPUVNMOIJB-VMPITWQZSA-N,112.21
3-Methyl-2-hexene,CCC/C(=C/C)/C,4149,17618-77-8,JZMUUSXQSKCZNO-FNORWQNLSA-N,98.19
3-Methyl-2-pentanol,CCC(C)C(C)O,9976,565-60-6,ZXNBBWHRUSXUFZ-UHFFFAOYSA-N,102.17
3-Methyl-3-buten-1-OL,CC(=C)CCO,13620,763-32-6,CPJRRXSHAYUTGL-UHFFFAOYSA-N,86.13
3-Methyl-3-buten-2-one,CC(=C)C(=O)C,14287,814-78-8,ZGHFDIIVVIFNPS-UHFFFAOYSA-N,84.12
3-Methyl-3-decen-2-one,CCCCCC/C=C(\C)/C(=O)C,9677,54411-03-9,FKAXTVXZKQJKBJ-MDZDMXLPSA-N,168.28
3-Methyl-3-pentanol,CCC(C)(CC)O,13727,77-74-7,FRDAATYAJDYRNW-UHFFFAOYSA-N,102.17
3-Methyl-3-phenylazetidine,CC1(CNC1)C2=CC=CC=C2,10401,5961-33-1,YOLLUMURPUEOJW-UHFFFAOYSA-N,147.22
"3-Methyl-4-(2,6,6-trimethyl-2-cyclohexen-1-yl)-3-buten-2-one",CC1=CCCC(C1/C=C(\C)/C(=O)C)(C)C,2108,127-51-5,JRJBVWJSTHECJK-PKNBQFBNSA-N,206.32
3-Methyl-4-phenylbutan-2-ol,CC(CC1=CC=CC=C1)C(C)O,10025,56836-93-2,VSIXJPFQJMODCS-UHFFFAOYSA-N,164.24
3-Methyl-5-phenylpentan-1-ol,CC(CCC1=CC=CC=C1)CCO,9761,55066-48-3,OXYRENDGHPGWKV-UHFFFAOYSA-N,178.27
3-Methyl-5-propylnonane,CCCCC(CCC)CC(C)CC,7177,31081-18-2,XHJWMVOQYQFTBM-UHFFFAOYSA-N,184.36
"3-Methyl-7-phenylhepta-1,3,4-triene",CC(=C=CCCC1=CC=CC=C1)C=C,406,103240-61-5,BVDMKLDCMZVPOA-UHFFFAOYSA-N,184.28
"3-Methyl-[1,1'-biphenyl]-4-ol",CC1=C(C=CC(=C1)C2=CC=CC=C2)O,7039,30451-49-1,WWDJZBIPKJNQBZ-UHFFFAOYSA-N,184.23
3-Methyladipic acid,CC(CCC(=O)O)CC(=O)O,7063,3058-01-3,SYEOWUNSTUDKGM-UHFFFAOYSA-N,160.17
"3-Methylbenzo(b)naphtho(2,1-d)thiophene",CC1=CC2=C(C=C1)C3=C(C=C2)C4=CC=CC=C4S3,8796,4567-45-7,JESYLDJZJBANHW-UHFFFAOYSA-N,248.3
3-Methylbenzophenone,CC1=CC(=CC=C1)C(=O)C2=CC=CC=C2,11347,643-65-2,URBLVRAVOIVZFJ-UHFFFAOYSA-N,196.24
3-Methylbiphenyl,CC1=CC(=CC=C1)C2=CC=CC=C2,11349,643-93-6,NPDIDUXTRAITDE-UHFFFAOYSA-N,168.23
3-Methylcholanthrene,CC1=C2CCC3=C2C(=CC4=C3C=CC5=CC=CC=C54)C=C1,9914,56-49-5,PPQNQXQZIWHJRB-UHFFFAOYSA-N,268.4
"3-Methylcyclopentane-1,2-dione",CC1CCC(=O)C1=O,13664,765-70-8,OACYKCIZDVVNJL-UHFFFAOYSA-N,112.13
3-Methyldec-2-ene,CCCCCCCC(=CC)C,13390,74630-26-5,ORVUCTLMJXASEY-UHFFFAOYSA-N,154.29
3-Methyldec-4-ene,CCCCCC=CC(C)CC,10940,62338-47-0,CIFRDUBVGCEDOT-UHFFFAOYSA-N,154.29
3-Methyldecane,CCCCCCCC(C)CC,2339,13151-34-3,JJRUZTXRDDMYGM-UHFFFAOYSA-N,156.31
3-Methyldodecane,CCCCCCCCCC(C)CC,4064,17312-57-1,GRJUENNHVNYCHD-UHFFFAOYSA-N,184.36
3-Methyleicosane,CCCCCCCCCCCCCCCCCC(C)CC,11296,6418-46-8,GZCXIMGMPAZPPM-UHFFFAOYSA-N,296.6
3-Methylheneicosane,CCCCCCCCCCCCCCCCCCC(C)CC,11297,6418-47-9,OSJUENOXPFOHLF-UHFFFAOYSA-N,310.6
3-Methylheptadecane,CCCCCCCCCCCCCCC(C)CC,11294,6418-44-6,HPDKJRSKBCPMIY-UHFFFAOYSA-N,254.5
3-Methylheptan-2-one,CCCCC(C)C(=O)C,5292,2371-19-9,UHRZLJZZZDOHEX-UHFFFAOYSA-N,128.21
3-Methylheptan-4-one,CCCC(=O)C(C)CC,3562,15726-15-5,NHIMSNHOEAVUKE-UHFFFAOYSA-N,128.21
3-Methylheptane,CCCCC(C)CC,10297,589-81-1,LAIUFBWHERIJIH-UHFFFAOYSA-N,114.23
3-Methylheptyl acetate,CCCCC(C)CCOC(=O)C,13028,72218-58-7,SFCRZVSQIVWLKR-UHFFFAOYSA-N,172.26
3-Methylhexadecane,CCCCCCCCCCCCCC(C)CC,11293,6418-43-5,WWPCLIMUTNKTDY-UHFFFAOYSA-N,240.5
3-Methylhexahydrophthalic anhydride,CC1CCCC2C1C(=O)OC2=O,10069,57110-29-9,QXBYUPMEYVDXIQ-UHFFFAOYSA-N,168.19
3-Methylideneheptadecane,CCCCCCCCCCCCCCC(=C)CC,2151,128057-44-3,LCFDRPQKZJDBHH-UHFFFAOYSA-N,252.5
3-Methylnon-4-ene,CCCCC=CC(C)CC,11231,63830-69-3,ZTKHMNVIURCTGG-UHFFFAOYSA-N,140.27
3-Methylnonadecane,CCCCCCCCCCCCCCCCC(C)CC,11295,6418-45-7,NYRRMADCQLTNBX-UHFFFAOYSA-N,282.5
3-Methylnonane,CCCCCCC(C)CC,10340,5911-04-6,PLZDDPSCZHRBOY-UHFFFAOYSA-N,142.28
3-Methyloctadecane,CCCCCCCCCCCCCCCC(C)CC,11580,6561-44-0,PGZRTPKNSFMAOP-UHFFFAOYSA-N,268.5
3-Methyloctane,CCCCCC(C)CC,5074,2216-33-3,SEEOMASXHIJCDV-UHFFFAOYSA-N,128.25
3-Methylpentadecane,CCCCCCCCCCCCC(C)CC,6762,2882-96-4,FWXKCXJPHSAYMK-UHFFFAOYSA-N,226.44
3-Methylpentane,CCC(C)CC,15869,96-14-0,PFEOZHBOMNWTJB-UHFFFAOYSA-N,86.18
3-Methylpentane-3-thiol,CCC(C)(CC)S,3821,1639-03-8,AJWVDGABWLKIGT-UHFFFAOYSA-N,118.24
3-Methylphenylacetylene,CC1=CC(=CC=C1)C#C,13672,766-82-5,RENYIDZOAFFNHC-UHFFFAOYSA-N,116.16
3-Methylstyrene,CC1=CC(=CC=C1)C=C,16228,25013-15-4,JZHGRUMIRATHIU-UHFFFAOYSA-N,118.18
3-Methyltetradecane,CCCCCCCCCCCC(C)CC,4326,18435-22-8,HXUYUZCPGPKNGS-UHFFFAOYSA-N,212.41
3-Methylthiazolidine-2-thione,CN1CCSC1=S,4495,1908-87-8,RGTLAJIDOSPEDH-UHFFFAOYSA-N,133.2
3-Methyltridecane,CCCCCCCCCCC(C)CC,11292,6418-41-3,NLHRRMKILFRDGV-UHFFFAOYSA-N,198.39
3-Methylundecane,CCCCCCCCC(C)CC,54,1002-43-3,HTZWVZNRDDOFEI-UHFFFAOYSA-N,170.33
"3-Morpholino-1,2-propanediol",C1COCCN1CC(CO)O,11317,6425-32-7,VZBNUEHCOOXOHR-UHFFFAOYSA-N,161.2
3-Nitrobiphenyl,C1=CC=C(C=C1)C2=CC(=CC=C2)[N+](=O)[O-],4891,2113-58-8,FYRPEHRWMVMHQM-UHFFFAOYSA-N,199.2
3-Nonadecanone,CCCCCCCCCCCCCCCCC(=O)CC,6497,27372-42-5,AMCPCQBTXANXJZ-UHFFFAOYSA-N,282.5
3-Nonanone,CCCCCCC(=O)CC,15509,925-78-0,IYTXKIXETAELAV-UHFFFAOYSA-N,142.24
3-nonyl-N-(3-nonylphenyl)aniline,CCCCCCCCCC1=CC(=CC=C1)NC2=CC=CC(=C2)CCCCCCCCC,16267,36878-20-3,NBJDNCGUUVZUIB-UHFFFAOYSA-N,421.7
3-Octadecanone,CCCCCCCCCCCCCCCC(=O)CC,4289,18261-92-2,LMCGARAPKXJPNG-UHFFFAOYSA-N,268.5
3-Octanone,CCCCCC(=O)CC,666,106-68-3,RHLVCLIPMVJYKS-UHFFFAOYSA-N,128.21
"3-Octene, 2,2-dimethyl-, (E)-",CCCCC=CC(C)(C)C,10890,62187-13-7,PWMYBNYORINWQV-UHFFFAOYSA-N,140.27
"3-Oxatetracyclo[5.2.2.01,6.02,4]undecane",C1CC23CCC1C2CC4C3O4,1429,117221-80-4,JAUNSKPQYMPJOJ-UHFFFAOYSA-N,150.22
3-Pentadecanone,CCCCCCCCCCCCC(=O)CC,4396,18787-66-1,YELXTWKVTZTDCM-UHFFFAOYSA-N,226.4
3-Pentanone,CCC(=O)CC,15872,96-22-0,FDPIMTJIUBPUKL-UHFFFAOYSA-N,86.13
3-Penten-2-one,C/C=C/C(=O)C,10966,625-33-2,LABTWGUMFABVFG-ONEGZZNKSA-N,84.12
"3-Penten-2-one, 4-(2,6,6-trimethyl-2-cyclohexen-1-yl)-",CC1=CCCC(C1/C(=C/C(=O)C)/C)(C)C,1353,114933-28-7,PSLHSYRVWGKZHP-PKNBQFBNSA-N,206.32
3-Pentenenitrile,C/C=C/CC#N,8830,4635-87-4,UVKXJAUUKPDDNW-NSCUHMNNSA-N,81.12
"3-Phenyl-1,2-dihydronaphthalene",C1CC(=CC2=CC=CC=C21)C3=CC=CC=C3,4803,20669-52-7,CGCRJJZWGYGLHB-UHFFFAOYSA-N,206.28
3-Phenyl-1-propyne,C#CCC1=CC=CC=C1,249,10147-11-2,NGKSKVYWPINGLI-UHFFFAOYSA-N,116.16
3-Phenyldecane,CCCCCCCC(CC)C1=CC=CC=C1,8819,4621-36-7,PYVIFMPVFLOTLN-UHFFFAOYSA-N,218.38
3-Phenylglutaric acid,C1=CC=C(C=C1)C(CC(=O)O)CC(=O)O,8399,4165-96-2,RZOKZOYSUCSPDF-UHFFFAOYSA-N,208.21
3-Phenylprop-2-enyl 2-methylprop-2-enoate,CC(=C)C(=O)OCC=CC1=CC=CC=C1,7269,31736-34-2,QJAIDMRTITZOLC-UHFFFAOYSA-N,202.25
3-Phenylpropionic acid,C1=CC=C(C=C1)CCC(=O)O,9039,501-52-0,XMIIGOLPHOKFCH-UHFFFAOYSA-N,150.17
3-Phenylpropyl benzoate,C1=CC=C(C=C1)CCCOC(=O)C2=CC=CC=C2,10475,60045-26-3,ONPVMQLRVWKFFL-UHFFFAOYSA-N,240.3
3-Phenyltetradecane,CCCCCCCCCCCC(CC)C1=CC=CC=C1,8772,4534-58-1,ILOABSZOHZMWLD-UHFFFAOYSA-N,274.5
"3-Phenylthiane,S,S-dioxide",C1CC(CS(=O)(=O)C1)C2=CC=CC=C2,11592,6581-68-6,XKCGFOMTBPFTCD-UHFFFAOYSA-N,210.29
3-Phenyltridecane,CCCCCCCCCCC(CC)C1=CC=CC=C1,8769,4534-52-5,VZZMNLVGDGMQQV-UHFFFAOYSA-N,260.5
3-Phenylundecane,CCCCCCCCC(CC)C1=CC=CC=C1,8777,4536-87-2,NVHBFHMWJJMQTG-UHFFFAOYSA-N,232.4
3-Pinanone,CC1C2CC(C2(C)C)CC1=O,3442,15358-88-0,MQPHVIPKLRXGDJ-UHFFFAOYSA-N,152.23
3-Propylphenol,CCCC1=CC(=CC=C1)O,10870,621-27-2,MPWGZBWDLMDIHO-UHFFFAOYSA-N,136.19
"3-Pyridinecarbonitrile, 1-butyl-5-[(4-chloro-2-nitrophenyl)azo]-1,6-dihydro-2-hydroxy-4-methyl-6-oxo-",CCCCN1C(=C(C(=C(C1=O)N=NC2=C(C=C(C=C2)Cl)[N+](=O)[O-])C)C#N)O,14421,83748-28-1,GCEKBFALPSNSRO-UHFFFAOYSA-N,389.8
"3-Pyridinecarbonitrile, 5-[(4-chloro-2-nitrophenyl)azo]-1,6-dihydro-2-hydroxy-4-methyl-6-oxo-1-propyl-",CCCN1C(=C(C(=C(C1=O)N=NC2=C(C=C(C=C2)Cl)[N+](=O)[O-])C)C#N)O,14420,83748-27-0,YOXAAGNCYGONKU-UHFFFAOYSA-N,375.76
3-tert-Butyl-2-pyrazolin-5-one,CC(C)(C)C1=NNC(=O)C1,6822,29211-68-5,VDNOHRWEOSDGQX-UHFFFAOYSA-N,140.18
"3-Tert-butylfuran-2,5-dione",CC(C)(C)C1=CC(=O)OC1=O,4288,18261-07-9,WLUSGOBAJPTJAP-UHFFFAOYSA-N,154.16
3-tert-Butylphenol,CC(C)(C)C1=CC(=CC=C1)O,10248,585-34-2,CYEKUDPFXBLGHH-UHFFFAOYSA-N,150.22
3-Tetradecanol,CCCCCCCCCCCC(CC)O,3861,1653-32-3,CIZOCKPOEXXEHB-UHFFFAOYSA-N,214.39
3-Tetradecanone,CCCCCCCCCCCC(=O)CC,11026,629-23-2,OCHYRSKMMMYUMI-UHFFFAOYSA-N,212.37
3-Tetradecene,CCCCCCCCCC/C=C/CC,8364,41446-68-8,QKTFNIWYLYTNIS-FNORWQNLSA-N,196.37
"3-Tetradecene, (Z)-",CCCCCCCCCC/C=C\CC,8363,41446-67-7,QKTFNIWYLYTNIS-ALCCZGGFSA-N,196.37
3-Tridecanone,CCCCCCCCCCC(=O)CC,3438,1534-26-5,ZDIXOWNDGFVYNK-UHFFFAOYSA-N,198.34
3-Undecanone,CCCCCCCCC(=O)CC,5078,2216-87-7,YNMZZHPSYMOGCI-UHFFFAOYSA-N,170.29
"3-Undecene, 2-methyl-, (E)-",CCCCCCC/C=C/C(C)C,13395,74630-51-6,FBQHQLXAWUWXCQ-ZHACJKMWSA-N,168.32
"3-Undecene, 9-methyl-, (E)-",CC/C=C/CCCCC(C)CC,13396,74630-54-9,RTETXCZSLJTHLA-VOTSOKGWSA-N,168.32
3-Vinylpyridine,C=CC1=CN=CC=C1,1279,1121-55-7,DPZYLEIWHTWHCU-UHFFFAOYSA-N,105.14
3[N-Morpholino]propane sulfonic acid,C1COCCN1CCCS(=O)(=O)O,1317,1132-61-2,DVLFYONBTKHTER-UHFFFAOYSA-N,209.27
"3a,4,5,6,7,7a-Hexahydro-4,7-methano-1H-inden-6-ol",C1C=CC2C1C3CC2CC3O,7559,3385-61-3,HIPPBUJQSIICJN-UHFFFAOYSA-N,150.22
"3a,4,5,6,7,7a-Hexahydro-4,7-methano-1H-indenyl propionate",CCC(=O)OC1C=CC2C1C3CCC2C3,12484,68912-13-0,BALAUIYKESNHDW-UHFFFAOYSA-N,206.28
"3a,4,7,7a-Tetrahydro-4,7-epoxyisobenzofuran-1,3-dione",C1=CC2C3C(C1O2)C(=O)OC3=O,9649,5426-09-5,QQYNRBAAQFZCLF-UHFFFAOYSA-N,166.13
"3a,6-Methano-3aH-indene, 2,3,4,5,6,7-hexahydro-",C1CC23CCC(C2)CC3=C1,16029,98640-10-9,AFEYPUTUUQHPJT-UHFFFAOYSA-N,134.22
"3a,9b-Dimethyl-1,2,3a,4,5,9b-hexahydrocyclopenta[a]naphthalen-3-one",CC12CCC3=CC=CC=C3C1(CCC2=O)C,13693,76803-93-5,YPDBVSLKKQRURP-UHFFFAOYSA-N,214.3
3beta-Hydroxy-27-norcholest-5-en-25-one,C[C@H](CCCC(=O)C)[C@H]1CC[C@@H]2[C@@]1(CC[C@H]3[C@H]2CC=C4[C@@]3(CC[C@@H](C4)O)C)C,13447,7494-34-0,NYJPQNDSCIEILZ-ISLLTSAGSA-N,386.6
"3H-2,1-Benzoxathiol-3-one, 4,5,6,7-tetrabromo-, 1,1-dioxide",C12=C(C(=C(C(=C1Br)Br)Br)Br)S(=O)(=O)OC2=O,12226,68460-01-5,QPGYGIVRJIICGZ-UHFFFAOYSA-N,499.76
"3H-Dibenz[f,ij]isoquinoline-2,7-dione, 3-methyl-6-[(4-methylphenyl)amino]-",CC1=CC=C(C=C1)NC2=C3C4=C(C=C2)N(C(=O)C=C4C5=CC=CC=C5C3=O)C,14266,81-39-0,VJUKWPOWHJITTP-UHFFFAOYSA-N,366.4
"3H-Pyrazol-3-one, 2,4-dihydro-5-methyl-2-phenyl-4-(phenylazo)-",CC1=NN(C(=O)C1N=NC2=CC=CC=C2)C3=CC=CC=C3,8553,4314-14-1,XCKGFJPFEHHHQA-UHFFFAOYSA-N,278.31
"4',5'-Dibromofluorescein",C1=CC=C2C(=C1)C(=O)OC23C4=C(C(=C(C=C4)O)Br)OC5=C3C=CC(=C5Br)O,10399,596-03-2,ZDTNHRWWURISAA-UHFFFAOYSA-N,490.1
4'-Acetamido-2-[(5-carbamoyl-2-chlorophenyl)azo]acetoacetanilide,CC(=O)C(C(=O)NC1=CC=C(C=C1)NC(=O)C)N=NC2=C(C=CC(=C2)C(=O)N)Cl,6992,30191-02-7,OZMMPFKPKJORTG-UHFFFAOYSA-N,415.8
4'-Chloropropiophenone,CCC(=O)C1=CC=C(C=C1)Cl,11020,6285-05-8,ADCYRBXQAJXJTD-UHFFFAOYSA-N,168.62
4'-Ethylacetophenone,CCC1=CC=C(C=C1)C(=O)C,15613,937-30-4,NODGRWCMFMEGJH-UHFFFAOYSA-N,148.2
4'-Hydroxyacetophenone,CC(=O)C1=CC=C(C=C1)O,16057,99-93-4,TXFPEBPIARQUIG-UHFFFAOYSA-N,136.15
4'-Isopropylacetophenone,CC(C)C1=CC=C(C=C1)C(=O)C,11379,645-13-6,PDLCCNYKIIUWHA-UHFFFAOYSA-N,162.23
4'-Methylacetanilide,CC1=CC=C(C=C1)NC(=O)C,393,103-89-9,YICAMJWHIUMFDI-UHFFFAOYSA-N,149.19
4'-Methylacetophenone,CC1=CC=C(C=C1)C(=O)C,1782,122-00-9,GNKZMNRKLCTJAY-UHFFFAOYSA-N,134.17
4'-Methylvalerophenone,CCCCC(=O)C1=CC=C(C=C1)C,3903,1671-77-8,BCVCZJADTSTKNH-UHFFFAOYSA-N,176.25
"4'-tert-Butyl-2',6'-dimethylacetophenone",CC1=CC(=CC(=C1C(=O)C)C)C(C)(C)C,4740,2040-10-0,JNHLHPMTMTYLCP-UHFFFAOYSA-N,204.31
"4,10-Dibromoanthanthrone",C1=CC2=C(C=C3C4=C2C(=C1)C(=O)C5=CC(=C6C=CC=C(C6=C54)C3=O)Br)Br,8574,4378-61-4,HTENFZMEHKCNMD-UHFFFAOYSA-N,464.1
"4,11-Dichloro-5,12-dihydroquino[2,3-b]acridine-7,14-dione",C1=CC2=C(C(=C1)Cl)NC3=CC4=C(C=C3C2=O)NC5=C(C4=O)C=CC=C5Cl,7148,3089-16-5,BFEJTCHFLJECJN-UHFFFAOYSA-N,381.2
"4,11-Dimethyltetradecane",CCCC(C)CCCCCCC(C)CCC,9758,55045-12-0,BDCDHEIUTMAZLJ-UHFFFAOYSA-N,226.44
"4,4''-Dibromo-p-terphenyl",C1=CC(=CC=C1C2=CC=C(C=C2)Br)C3=CC=C(C=C3)Br,4181,17788-94-2,VAIPJQIPFPRJKJ-UHFFFAOYSA-N,388.1
"4,4',4''-Methanetriyltriphenol",C1=CC(=CC=C1C(C2=CC=C(C=C2)O)C3=CC=C(C=C3)O)O,10503,603-44-1,WFCQTAXSWSWIHS-UHFFFAOYSA-N,292.3
"4,4'-(((Cyclohexane-1,4-diylbis(methylene))bis(oxy))bis(carbonyl))dibenzoic acid",C1CC(CCC1COC(=O)C2=CC=C(C=C2)C(=O)O)COC(=O)C3=CC=C(C=C3)C(=O)O,8908,47711-31-9,VWGRTAQTYCNFEF-UHFFFAOYSA-N,440.4
"4,4'-(1,2-Ethanediylidene)bis(2,6-bis(1,1-dimethylethyl)-2,5-cyclohexadien-1-one)",CC(C)(C)C1=CC(=CC=C2C=C(C(=O)C(=C2)C(C)(C)C)C(C)(C)C)C=C(C1=O)C(C)(C)C,14256,809-73-4,VEDXDZRQOYXKTL-UHFFFAOYSA-N,434.7
"4,4'-(1-Phenylethylidene)bisphenol",CC(C1=CC=CC=C1)(C2=CC=C(C=C2)O)C3=CC=C(C=C3)O,3556,1571-75-1,VOWWYDCFAISREI-UHFFFAOYSA-N,290.4
"4,4'-(9-Fluorenylidene)dianiline",C1=CC=C2C(=C1)C3=CC=CC=C3C2(C4=CC=C(C=C4)N)C5=CC=C(C=C5)N,3469,15499-84-0,KIFDSGGWDIVQGN-UHFFFAOYSA-N,348.4
"4,4'-(Cyclododecane-1,1-diyl)diphenol",C1CCCCCC(CCCCC1)(C2=CC=C(C=C2)O)C3=CC=C(C=C3)O,6890,29651-54-5,BHWMWBACMSEDTE-UHFFFAOYSA-N,352.5
"4,4'-(Ethyne-1,2-diyl)diphthalic Anhydride",C1=CC2=C(C=C1C#CC3=CC4=C(C=C3)C(=O)OC4=O)C(=O)OC2=O,2181,129808-00-0,XGZRRDYHYZLYIJ-UHFFFAOYSA-N,318.2
"4,4'-Azobis(4-cyanovaleric acid)",CC(CCC(=O)O)(C#N)N=NC(C)(CCC(=O)O)C#N,6198,2638-94-0,VFXXTYGQYWRHJP-UHFFFAOYSA-N,280.28
"4,4'-Bis(2-methoxystyryl)-1,1'-biphenyl",COC1=CC=CC=C1/C=C/C2=CC=C(C=C2)C3=CC=C(C=C3)/C=C/C4=CC=CC=C4OC,8267,40470-68-6,HZAWHDJKNZWAAR-YHARCJFQSA-N,418.5
"4,4'-Bis(3-aminophenoxy)benzophenone",C1=CC(=CC(=C1)OC2=CC=C(C=C2)C(=O)C3=CC=C(C=C3)OC4=CC=CC(=C4)N)N,11241,63948-92-5,BBRLKRNNIMVXOD-UHFFFAOYSA-N,396.4
"4,4'-Bis(3-aminophenoxy)biphenyl",C1=CC(=CC(=C1)OC2=CC=C(C=C2)C3=CC=C(C=C3)OC4=CC=CC(=C4)N)N,591,105112-76-3,UCQABCHSIIXVOY-UHFFFAOYSA-N,368.4
"4,4'-Bis(4-aminophenoxy)biphenyl",C1=CC(=CC=C1C2=CC=C(C=C2)OC3=CC=C(C=C3)N)OC4=CC=C(C=C4)N,2262,13080-85-8,HYDATEKARGDBKU-UHFFFAOYSA-N,368.4
"4,4'-Bis(5-methyl-2-benzoxazolyl)stilbene",CC1=CC2=C(C=C1)OC(=N2)C3=CC=C(C=C3)/C=C/C4=CC=C(C=C4)C5=NC6=C(O5)C=CC(=C6)C,5346,2397-00-4,OKEZAUMKBWTTCR-AATRIKPKSA-N,442.5
"4,4'-Bis(chloromethyl)-1,1'-biphenyl",C1=CC(=CC=C1CCl)C2=CC=C(C=C2)CCl,3895,1667-10-3,INZDTEICWPZYJM-UHFFFAOYSA-N,251.1
"4,4'-Bis(diethylamino)benzophenone",CCN(CC)C1=CC=C(C=C1)C(=O)C2=CC=C(C=C2)N(CC)CC,14978,90-93-7,VYHBFRJRBHMIQZ-UHFFFAOYSA-N,324.5
"4,4'-Bis-(2-cyanovinyl)-stilbene",C1=CC(=CC=C1C=CC#N)C=CC2=CC=C(C=C2)C=CC#N,10535,60682-87-3,IQDVGIBHYSRSEU-UHFFFAOYSA-N,282.3
"4,4'-Diamino-2,2'-stilbenedisulfonic acid",C1=CC(=C(C=C1N)S(=O)(=O)O)/C=C/C2=C(C=C(C=C2)N)S(=O)(=O)O,14261,81-11-8,REJHVSOVQBJEBF-OWOJBTEDSA-N,370.4
"4,4'-Diamino-[1,1'-biphenyl]-2,2'-dicarboxylic acid",C1=CC(=C(C=C1N)C(=O)O)C2=C(C=C(C=C2)N)C(=O)O,4134,17557-76-5,MKHDOBRSMHTMOK-UHFFFAOYSA-N,272.26
"4,4'-Diaminobenzanilide",C1=CC(=CC=C1C(=O)NC2=CC=C(C=C2)N)N,14014,785-30-8,XPAQFJJCWGSXGJ-UHFFFAOYSA-N,227.26
"4,4'-Diaminostilbene",C1=CC(=CC=C1/C=C/C2=CC=C(C=C2)N)N,13143,7314-06-9,KOGDFDWINXIWHI-OWOJBTEDSA-N,210.27
"4,4'-Dibromo-2,2',3,3'-tetrahydro-1,1'-spirobi[indene]-7,7'-diol",C1CC2(CCC3=C(C=CC(=C32)O)Br)C4=C(C=CC(=C41)Br)O,11989,681481-91-4,OZVMVFKUNSNXQC-UHFFFAOYSA-N,410.1
"4,4'-Dibromobiphenyl",C1=CC(=CC=C1C2=CC=C(C=C2)Br)Br,15458,92-86-4,HQJQYILBCQPYBI-UHFFFAOYSA-N,312
"4,4'-Dichlormethyl-bibenzyl",C1=CC(=CC=C1CCC2=CC=C(C=C2)CCl)CCl,8041,38058-86-5,CHSOWRCULULXEF-UHFFFAOYSA-N,279.2
"4,4'-Dichlorobiphenyl",C1=CC(=CC=C1C2=CC=C(C=C2)Cl)Cl,4772,2050-68-2,YTBRNEUEFCNVHC-UHFFFAOYSA-N,223.09
"4,4'-Dichlorodiphenyl sulfone",C1=CC(=CC=C1S(=O)(=O)C2=CC=C(C=C2)Cl)Cl,14088,80-07-9,GPAPPPVRLPGFEQ-UHFFFAOYSA-N,287.2
"4,4'-Difluorobenzophenone",C1=CC(=CC=C1C(=O)C2=CC=C(C=C2)F)F,7628,345-92-6,LSQARZALBDFYQZ-UHFFFAOYSA-N,218.2
"4,4'-Dihydroxybenzophenone",C1=CC(=CC=C1C(=O)C2=CC=C(C=C2)O)O,10586,611-99-4,RXNYJUSEXLAVNQ-UHFFFAOYSA-N,214.22
"4,4'-Dihydroxybiphenyl",C1=CC(=CC=C1C2=CC=C(C=C2)O)O,15460,92-88-6,VCCBEIPGXKNHFW-UHFFFAOYSA-N,186.21
"4,4'-Dihydroxydiphenyl ether",C1=CC(=CC=C1O)OC2=CC=C(C=C2)O,4602,1965-09-9,NZGQHKSLKRFZFL-UHFFFAOYSA-N,202.21
"4,4'-Dihydroxytetraphenylmethane",C1=CC=C(C=C1)C(C2=CC=CC=C2)(C3=CC=C(C=C3)O)C4=CC=C(C=C4)O,4329,1844-01-5,BATCUENAARTUKW-UHFFFAOYSA-N,352.4
"4,4'-Dihydroxytetraphenylmethane",C1=CC=C(C=C1)C(C2=CC=CC=C2)(C3=CC=C(C=C3)O)C4=CC=C(C=C4)O,17519,,BATCUENAARTUKW-UHFFFAOYSA-N,352.4
"4,4'-Diisocyanato-3,3'-dimethylbiphenyl",CC1=C(C=CC(=C1)C2=CC(=C(C=C2)N=C=O)C)N=C=O,15352,91-97-4,ICLCCFKUSALICQ-UHFFFAOYSA-N,264.28
"4,4'-Diisopropylbiphenyl",CC(C)C1=CC=C(C=C1)C2=CC=C(C=C2)C(C)C,4480,18970-30-4,NUEUMFZLNOCRCQ-UHFFFAOYSA-N,238.4
"4,4'-Dimethoxy-1,1'-biphenyl",COC1=CC=C(C=C1)C2=CC=C(C=C2)OC,4928,2132-80-1,UIMPAOAAAYDUKQ-UHFFFAOYSA-N,214.26
"4,4'-Dimethoxydiphenylamine",COC1=CC=C(C=C1)NC2=CC=C(C=C2)OC,165,101-70-2,VCOONNWIINSFBA-UHFFFAOYSA-N,229.27
"4,4'-Dimethylbiphenyl",CC1=CC=C(C=C1)C2=CC=C(C=C2)C,10624,613-33-2,RZTDESRVPFKCBH-UHFFFAOYSA-N,182.26
"4,4'-Dinitrostilbene-2,2'-disulfonic acid",C1=CC(=C(C=C1[N+](=O)[O-])S(=O)(=O)O)/C=C/C2=C(C=C(C=C2)[N+](=O)[O-])S(=O)(=O)O,2143,128-42-7,UETHPMGVZHBAFB-OWOJBTEDSA-N,430.4
"4,4'-Dioctyldiphenylamine",CCCCCCCCC1=CC=C(C=C1)NC2=CC=C(C=C2)CCCCCCCC,163,101-67-7,QAPVYZRWKDXNDK-UHFFFAOYSA-N,393.6
"4,4'-Diphenylmethane diisocyanate",C1=CC(=CC=C1CC2=CC=C(C=C2)N=C=O)N=C=O,164,101-68-8,UPMLOUAZCHDJJD-UHFFFAOYSA-N,250.25
"4,4'-Diphenylmethane diisocyanate",C1=CC(=CC=C1CC2=CC=C(C=C2)N=C=O)N=C=O,6227,26447-40-5,UPMLOUAZCHDJJD-UHFFFAOYSA-N,250.25
"4,4'-Dithiodimorpholine",C1COCCN1SSN2CCOCC2,378,103-34-4,HLBZWYXLQJQBKU-UHFFFAOYSA-N,236.4
"4,4'-Ethylenebis(2,6-di-tert-butylphenol)",CC(C)(C)C1=CC(=CC(=C1O)C(C)(C)C)CCC2=CC(=C(C(=C2)C(C)(C)C)O)C(C)(C)C,3384,1516-94-5,LRRMGPGVHYPBPL-UHFFFAOYSA-N,438.7
"4,4'-Hexamethylenebis(1,1-dimethylsemicarbazide)",CN(C)NC(=O)NCCCCCCNC(=O)NN(C)C,12694,69938-76-7,VETHREXFBVHLJJ-UHFFFAOYSA-N,288.39
"4,4'-Methylenebis(2,6-DI-tert-butylphenol)",CC(C)(C)C1=CC(=CC(=C1O)C(C)(C)C)CC2=CC(=C(C(=C2)C(C)(C)C)O)C(C)(C)C,1468,118-82-1,MDWVSAYEQPLWMX-UHFFFAOYSA-N,424.7
"4,4'-Methylenebis(2,6-diethylaniline)",CCC1=CC(=CC(=C1N)CC)CC2=CC(=C(C(=C2)CC)N)CC,2748,13680-35-8,NWIVYGKSHSJHEF-UHFFFAOYSA-N,310.5
"4,4'-Methylenebis(2,6-diisopropylaniline)",CC(C)C1=CC(=CC(=C1N)C(C)C)CC2=CC(=C(C(=C2)C(C)C)N)C(C)C,4650,19900-69-7,KZTROCYBPMKGAW-UHFFFAOYSA-N,366.6
"4,4'-Methylenebis(2,6-dimethylaniline)",CC1=CC(=CC(=C1N)C)CC2=CC(=C(C(=C2)C)N)C,8296,4073-98-7,OMHOXRVODFQGCA-UHFFFAOYSA-N,254.37
"4,4'-Methylenebis(2,6-dimethylphenol)",CC1=CC(=CC(=C1O)C)CC2=CC(=C(C(=C2)C)O)C,9570,5384-21-4,AZZWZMUXHALBCQ-UHFFFAOYSA-N,256.34
"4,4'-Methylenebis(2-chloroaniline)",C1=CC(=C(C=C1CC2=CC(=C(C=C2)N)Cl)Cl)N,153,101-14-4,IBOFVQJTBBUKMU-UHFFFAOYSA-N,267.15
"4,4'-Methylenebis(2-ethylaniline)",CCC1=C(C=CC(=C1)CC2=CC(=C(C=C2)N)CC)N,4649,19900-65-3,CBEVWPCAHIAUOD-UHFFFAOYSA-N,254.37
"4,4'-Methylenebis(2-methylaniline)",CC1=C(C=CC(=C1)CC2=CC(=C(C=C2)N)C)N,14427,838-88-0,WECDUOXQLAIPQW-UHFFFAOYSA-N,226.32
"4,4'-Methylenebis(N,N-diglycidylaniline)",C1C(O1)CN(CC2CO2)C3=CC=C(C=C3)CC4=CC=C(C=C4)N(CC5CO5)CC6CO6,6750,28768-32-3,FAUAZXVRLVIARB-UHFFFAOYSA-N,422.5
"4,4'-Methylenebis(N,N-dimethylaniline)",CN(C)C1=CC=C(C=C1)CC2=CC=C(C=C2)N(C)C,161,101-61-1,JNRLEMMIVRBKJE-UHFFFAOYSA-N,254.37
"4,4'-Methylenebis(N-sec-butylaniline)",CCC(C)NC1=CC=C(C=C1)CC2=CC=C(C=C2)NC(C)CC,9457,5285-60-9,YZZTZUHVGICSCS-UHFFFAOYSA-N,310.5
"4,4'-Methylenedianiline",C1=CC(=CC=C1CC2=CC=C(C=C2)N)N,168,101-77-9,YBRVSVVVWCFQMG-UHFFFAOYSA-N,198.26
"4,4'-Methylenedicyclohexanamine",C1CC(CCC1CC2CCC(CC2)N)N,4145,1761-71-3,DZIHTWJGPDVSGE-UHFFFAOYSA-N,210.36
"4,4'-Methylenediphenol",C1=CC(=CC=C1CC2=CC=C(C=C2)O)O,10862,620-92-8,PXKLMJQFEQBVLD-UHFFFAOYSA-N,200.23
"4,4'-Oxybis(benzenesulfonyl hydrazide)",C1=CC(=CC=C1OC2=CC=C(C=C2)S(=O)(=O)NN)S(=O)(=O)NN,14102,80-51-3,NBOCQTNZUPTTEI-UHFFFAOYSA-N,358.4
"4,4'-Oxydianiline",C1=CC(=CC=C1N)OC2=CC=C(C=C2)N,169,101-80-4,HLBLWEWZXPIGSM-UHFFFAOYSA-N,200.24
"4,4'-Oxydiphthalic anhydride",C1=CC2=C(C=C1OC3=CC4=C(C=C3)C(=O)OC4=O)C(=O)OC2=O,4277,1823-59-2,QQGYZOYWNCKGEK-UHFFFAOYSA-N,310.21
"4,4'-Sulfonyldiphenol",C1=CC(=CC=C1O)S(=O)(=O)C2=CC=C(C=C2)O,14090,80-09-1,VPWNQTHUCYMVMZ-UHFFFAOYSA-N,250.27
"4,4'-Thiobis(2-tert-butyl-6-methylphenol)",CC1=CC(=CC(=C1O)C(C)(C)C)SC2=CC(=C(C(=C2)C)O)C(C)(C)C,15883,96-66-2,YFHKLSPMRRWLKI-UHFFFAOYSA-N,358.5
"4,4'-Thiobis(6-tert-butyl-m-cresol)",CC1=CC(=C(C=C1SC2=CC(=C(C=C2C)O)C(C)(C)C)C(C)(C)C)O,15884,96-69-5,HXIQYSLFEXIOAV-UHFFFAOYSA-N,358.5
"4,4'-Thiodianiline",C1=CC(=CC=C1N)SC2=CC=C(C=C2)N,2873,139-65-1,ICNFHJVPAJKPHW-UHFFFAOYSA-N,216.3
"4,4'-Thiodiphenol",C1=CC(=CC=C1O)SC2=CC=C(C=C2)O,6295,2664-63-3,VWGKEVWFBOUAND-UHFFFAOYSA-N,218.27
"4,4'-Trimethylenedipyridine",C1=CN=CC=C1CCCC2=CC=NC=C2,4032,17252-51-6,OGNCVVRIKNGJHQ-UHFFFAOYSA-N,198.26
"4,4,13,13-Tetraethoxy-3,14-dioxa-8,9-dithia-4,13-disilahexadecane",CCO[Si](CCCSSCCC[Si](OCC)(OCC)OCC)(OCC)OCC,10007,56706-10-6,FBBATURSCRIBHN-UHFFFAOYSA-N,474.8
"4,4,4-Trifluoro-2,2,3,3-tetrakis(trifluoromethyl)butanoic acid",C(=O)(C(C(C(F)(F)F)(C(F)(F)F)C(F)(F)F)(C(F)(F)F)C(F)(F)F)O,4405,1882109-62-7,YAMSANNBBMRZIT-UHFFFAOYSA-N,414.07
"4,4,5,5,6,6,7,7,8,8,9,9,9-Tridecafluorononyl 2-methylprop-2-enoate",CC(=C)C(=O)OCCCC(C(C(C(C(C(F)(F)F)(F)F)(F)F)(F)F)(F)F)(F)F,1890,1228350-17-1,AIIUJTLQIOPZBE-UHFFFAOYSA-N,446.2
"4,4,5,7-Tetramethylchroman-2-one",CC1=CC(=C2C(=C1)OC(=O)CC2(C)C)C,8286,40662-14-4,SZFAEJMEHIBRMS-UHFFFAOYSA-N,204.26
"4,4,6-Trimethyl-1,3-dioxane",CC1CC(OCO1)(C)C,1285,1123-07-5,NFRFQWLJPHVZRK-UHFFFAOYSA-N,130.18
"4,4,6-Trimethyl-cyclohex-2-en-1-ol",CC1CC(C=CC1O)(C)C,4975,21592-95-0,NRODQAAVEUMKOS-UHFFFAOYSA-N,140.22
"4,4-Dimethyl-1,3-dioxane",CC1(CCOCO1)C,13670,766-15-4,GDKSTFXHMBGCPG-UHFFFAOYSA-N,116.16
"4,4-Dimethyl-1,3-oxazolidin-2-one",CC1(COC(=O)N1)C,6296,26654-39-7,SYARCRAQWWGZKY-UHFFFAOYSA-N,115.13
"4,4-Dimethyl-2-cyclopenten-1-one",CC1(CC(=O)C=C1)C,5179,22748-16-9,YVFVCSCZJJGBAK-UHFFFAOYSA-N,110.15
"4,4-Dimethyl-2-pentanol",CC(CC(C)(C)C)O,10652,6144-93-0,OIBKGNPMOMMSSI-UHFFFAOYSA-N,116.2
"4,4-Dimethylcyclohexadienone",CC1(C=CC(=O)C=C1)C,814,1073-14-9,YKDJBIPPVNMAGR-UHFFFAOYSA-N,122.16
"4,4-Dimethylpent-2-ene",CC=CC(C)(C)C,6148,26232-98-4,BIDIHFPLDRSAMB-UHFFFAOYSA-N,98.19
"4,4a,5,6,7,8-Hexahydronaphthalen-2(3H)-one",C1CCC2=CC(=O)CCC2C1,1556,1196-55-0,FOCKPZOFYCTNIA-UHFFFAOYSA-N,150.22
"4,5-Bisphenol-o-quinone",CC(C)(C1=CC=C(C=C1)O)C2=CC(=O)C(=O)C=C2,3806,163405-36-5,NZZDOSANPOZUPK-UHFFFAOYSA-N,242.27
"4,5-Dichloro-3H-1,2-dithiol-3-one",C1(=C(SSC1=O)Cl)Cl,1529,1192-52-5,QGSRKGWCQSATCL-UHFFFAOYSA-N,187.1
"4,5-Dihydropyrene",C1CC2=CC=CC3=C2C4=C(C=CC=C41)C=C3,11665,6628-98-4,WPCIUCNVWJNRCD-UHFFFAOYSA-N,204.27
"4,5-Dihydroxy-1,3-bis(hydroxymethyl)imidazolidin-2-one",C(N1C(C(N(C1=O)CO)O)O)O,4352,1854-26-8,ZEYUSQVGRCPBPG-UHFFFAOYSA-N,178.14
"4,5-Dihydroxy-1,3-dimethylimidazolidin-2-one",CN1C(C(N(C1=O)C)O)O,8151,3923-79-3,LGJMYGMNWHYGCB-UHFFFAOYSA-N,146.14
"4,5-Dihydroxyimidazolidin-2-one",C1(C(NC(=O)N1)O)O,7924,3720-97-6,NNTWKXKLHMTGBU-UHFFFAOYSA-N,118.09
"4,5-Dimethyl-1,2,3,6,7,8,8a,8b-octahydrobiphenylene",CC1=C2C(CCC1)C3C2=C(CCC3)C,747,106988-87-8,LPONMLCILIVSGA-UHFFFAOYSA-N,188.31
"4,5-Dimethyl-1-hexene",CC(C)C(C)CC=C,3711,16106-59-5,UFWIBUBEFUNVNI-UHFFFAOYSA-N,112.21
"4,5-Dimethyl-2-hepten-3-OL",CCC(C)C(C)/C(=C/C)/O,9901,55956-37-1,HYWAFUMZYFOODP-TWGQIWQCSA-N,142.24
"4,5-Dimethylnonane",CCCCC(C)C(C)CCC,4053,17302-23-7,JDNGDDOTBYZAGS-UHFFFAOYSA-N,156.31
"4,5-Dimethylphenanthrene",CC1=C2C(=CC=C1)C=CC3=CC=CC(=C32)C,7880,3674-69-9,GWWHAAHVHHLOQW-UHFFFAOYSA-N,206.28
"4,5-Dimethyltetradecahydrophenanthrene",CC1CCCC2C1C3C(CCCC3CC2)C,9945,56292-68-3,LRCLMXSQZAMLRS-UHFFFAOYSA-N,220.39
"4,5-Dimethylthiazole",CC1=C(SC=N1)C,7766,3581-91-7,UWSONZCNXUSTKW-UHFFFAOYSA-N,113.18
"4,5-Epoxy-1,1,2,3,3,4,5,5-octafluoropent-1-ene",C(=C(F)F)(C(C1(C(O1)(F)F)F)(F)F)F,3456,15453-08-4,ZHOFEJCLMUIOIW-UHFFFAOYSA-N,228.04
"4,5-Epoxydec-2(trans)-enal",CCCCC[C@H]1[C@@H](O1)/C=C/C=O,2613,134454-31-2,HIOMEXREAUSUBP-MLXLLJIISA-N,168.23
"4,6,6-Trimethyl-bicyclo[3.1.1]heptan-2-ol",CC1CC(C2CC1C2(C)C)O,13145,7316-84-9,VIGNRSKBPLHDGV-UHFFFAOYSA-N,154.25
"4,6,8-Trimethyl-1-nonene",CC(C)CC(C)CC(C)CC=C,9675,54410-98-9,MYYALSDXVMCKSR-UHFFFAOYSA-N,168.32
"4,6,8-Trimethylazulene",CC1=CC(=C2C=CC=C2C(=C1)C)C,15680,941-81-1,RUNBRXWUHPOTOO-UHFFFAOYSA-N,170.25
"4,6-Bis(phenylazo)-o-cresol",CC1=CC(=CC(=C1O)N=NC2=CC=CC=C2)N=NC3=CC=CC=C3,10238,5844-01-9,RPZZLBYXHLWEOJ-UHFFFAOYSA-N,316.4
"4,6-Di-tert-butyl-m-cresol",CC1=CC(=C(C=C1C(C)(C)C)C(C)(C)C)O,8998,497-39-2,WYSSJDOPILWQDC-UHFFFAOYSA-N,220.35
"4,6-Dimethyldibenzothiophene",CC1=C2C(=CC=C1)C3=CC=CC(=C3S2)C,1699,1207-12-1,MYAQZIAVOLKEGW-UHFFFAOYSA-N,212.31
"4,6-Dimethyldodecane",CCCCCCC(C)CC(C)CCC,10593,61141-72-8,FNUQJWPIADDMRS-UHFFFAOYSA-N,198.39
"4,6-Dimethylundecane",CCCCCC(C)CC(C)CCC,4074,17312-82-2,YXHLCYIRSXOVHP-UHFFFAOYSA-N,184.36
"4,6-Dinitro-O-cresol",CC1=CC(=CC(=C1O)[N+](=O)[O-])[N+](=O)[O-],9518,534-52-1,ZXVONLUNISGICL-UHFFFAOYSA-N,198.13
"4,6-Dinonyl-o-cresol",CCCCCCCCCC1=CC(=C(C(=C1)C)O)CCCCCCCCC,6979,3011-61-8,SGHSRBYSXCNJLP-UHFFFAOYSA-N,360.6
"4,7,10,13-Tetraoxapentacosane-1,2-diol",CCCCCCCCCCCCOCCOCCOCCOCC(CO)O,11230,63823-21-2,HDURIBZAFCWJJV-UHFFFAOYSA-N,392.6
"4,7,10-Trioxa-1,13-tridecanediamine",C(CN)COCCOCCOCCCN,8484,4246-51-9,JCEZOHLWDIONSP-UHFFFAOYSA-N,220.31
"4,7,7-Trimethylbicyclo[4.1.0]hept-2-ene",CC1CC2C(C2(C)C)C=C1,6798,29050-33-7,LGNSZMLHOYDATP-UHFFFAOYSA-N,136.23
"4,7-Dichloro-2-(4,7-dichloro-3-oxobenzo[b]thien-2(3H)-ylidene)benzo[b]thiophene-3(2H)-one",C1=CC(=C2C(=C1Cl)C(=O)/C(=C\3/C(=O)C4=C(C=CC(=C4S3)Cl)Cl)/S2)Cl,3070,14295-43-3,KZFMOINJHMONLW-FOCLMDBBSA-N,434.1
"4,7-Dimethylindan",CC1=C2CCCC2=C(C=C1)C,11704,6682-71-9,IWHKMCQFAMHMSX-UHFFFAOYSA-N,146.23
"4,7-Dimethylundecane",CCCCC(C)CCC(C)CCC,4049,17301-32-5,IEVWHTVOIZEXCC-UHFFFAOYSA-N,184.36
"4,7-Diphenyl-1,10-phenanthroline",C1=CC=C(C=C1)C2=C3C=CC4=C(C=CN=C4C3=NC=C2)C5=CC=CC=C5,3886,1662-01-7,DHDHJYNTEFLIHY-UHFFFAOYSA-N,332.4
"4,7-Methano-1H-inden-5-ol, 3a,4,5,6,7,7a-hexahydro-, acetate",CC(=O)OC1CC2CC1C3C2CC=C3,5601,2500-83-6,BJLRAKFWOUAROE-UHFFFAOYSA-N,192.25
"4,7-Methano-1H-indenol, 3a,4,5,6,7,7a-hexahydro-, acetate",CC(=O)OC1=CCC2C1C3CCC2C3,16277,54830-99-8,KARQHHMQOVRDNL-UHFFFAOYSA-N,192.25
"4,8,12,16-Tetramethylheptadecan-4-olide",CC(C)CCCC(C)CCCC(C)CCCC1(CCC(=O)O1)C,15891,96168-15-9,LGWNRNDWDZHUNP-UHFFFAOYSA-N,324.5
"4,8,12-Tetradecatrienal, 5,9,13-trimethyl-",CC(=CCC/C(=C/CC/C(=C/CCC=O)/C)/C)C,11675,66408-55-7,IDHMAJKSCCNULC-QKXOVSGLSA-N,248.4
"4,8-Dimethyltridecane",CCCCCC(C)CCCC(C)CCC,9755,55030-62-1,IRMGDQSAWLAMIV-UHFFFAOYSA-N,212.41
"4,9-Dihydro-1H-fluorene",C1C=CCC2=C1CC3=CC=CC=C23,8389,41593-21-9,RNHYLYLCDJYTBU-UHFFFAOYSA-N,168.23
"4,9-Dimethylnaphtho[2,3-b]thiophene",CC1=C2C=CSC2=C(C3=CC=CC=C13)C,3878,16587-34-1,VFABQOLTPSBUSZ-UHFFFAOYSA-N,212.31
"4,9:5,8-Dimethano-1H-benz[f]indene, 3a,4,4a,5,8,8a,9,9a-octahydro-",C1C=CC2C1C3CC2C4C3C5CC4C=C5,12938,7158-25-0,XCGKRTHKVBCXLN-UHFFFAOYSA-N,198.3
"4-((1,3-Bis(methacryloyloxy)propan-2-yl)oxy)-4-oxobutanoic acid",CC(=C)C(=O)OCC(COC(=O)C(=C)C)OC(=O)CCC(=O)O,831,107665-59-8,WKGDOIQSWLWPSW-UHFFFAOYSA-N,328.31
"4-((2,5-Dichlorophenyl)azo)-N-(2,3-dihydro-2-oxo-1H-benzimidazol-5-yl)-3-hydroxynaphthalene-2-carboxamide",C1=CC=C2C(=C1)C=C(C(=C2N=NC3=C(C=CC(=C3)Cl)Cl)O)C(=O)NC4=CC5=C(C=C4)NC(=O)N5,12692,6992-11-6,NAEXAHVLTQKKCY-UHFFFAOYSA-N,492.3
"4-((2,5-Dichlorophenyl)azo)-N-(2-ethoxyphenyl)-3-hydroxynaphthalene-2-carboxamide",CCOC1=CC=CC=C1NC(=O)C2=CC3=CC=CC=C3C(=C2O)N=NC4=C(C=CC(=C4)Cl)Cl,11164,6358-48-1,UVVPXDIKEOWIMC-UHFFFAOYSA-N,480.3
4-((2-((4-((2-Hydroxyethoxy)carbonyl)benzoyl)oxy)ethoxy)carbonyl)benzoic acid,C1=CC(=CC=C1C(=O)O)C(=O)OCCOC(=O)C2=CC=C(C=C2)C(=O)OCCO,5234,23186-89-2,KIBVCBDFRCQZMD-UHFFFAOYSA-N,402.4
4-((2-(2-Hydroxyethoxy)ethoxy)carbonyl)benzoic acid,C1=CC(=CC=C1C(=O)O)C(=O)OCCOCCO,11519,65087-23-2,CCMPWJDTMCSJHX-UHFFFAOYSA-N,254.24
4-((2-Hydroxyethoxy)carbonyl)benzoic acid,C1=CC(=CC=C1C(=O)O)C(=O)OCCO,1331,1137-99-1,BCBHDSLDGBIFIX-UHFFFAOYSA-N,210.18
4-((6-Hydroxyhexyl)oxy)benzoic acid,C1=CC(=CC=C1C(=O)O)OCCCCCCO,14439,83883-25-4,VVYHWYFUTOHXRH-UHFFFAOYSA-N,238.28
4-((Triethoxysilyl)methyl)morpholine,CCO[Si](CN1CCOCC1)(OCC)OCC,5005,21743-27-1,UOCZMUZYGLTGHO-UHFFFAOYSA-N,263.41
"4-(1,3-Diphenylbutyl)-o-xylene",CC1=C(C=C(C=C1)C(CC(C)C2=CC=CC=C2)C3=CC=CC=C3)C,9980,56525-86-1,LWURZOGQVAFYIE-UHFFFAOYSA-N,314.5
"4-(1-Cyanoethyl)-1,2,3,4-tetrahydronaphthalene-1-carbonitrile",CC(C#N)C1CCC(C2=CC=CC=C12)C#N,10169,57964-39-3,FDTQTOKRWQJRAC-UHFFFAOYSA-N,210.27
"4-(1-Ethyl-1,3-dimethylpentyl)phenol",CCC(C)CC(C)(CC)C1=CC=C(C=C1)O,4380,186825-36-5,RYIHVIPUIXFRNI-UHFFFAOYSA-N,220.35
"4-(1-Ethyl-1,4-dimethylpentyl)phenol",CCC(C)(CCC(C)C)C1=CC=C(C=C1)O,3056,142731-63-3,BGLUSMSXKMBLFS-UHFFFAOYSA-N,220.35
4-(1-Ethyl-1-methylbutyl)phenol,CCCC(C)(CC)C1=CC=C(C=C1)O,7120,30784-32-8,OJWSGKXEVFIBNL-UHFFFAOYSA-N,192.3
4-(1-Ethyl-1-methylhexyl)phenol,CCCCCC(C)(CC)C1=CC=C(C=C1)O,9364,52427-13-1,QQKQQJZGUCFUPP-UHFFFAOYSA-N,220.35
4-(1-Propynyl)phthalic Anhydride,CC#CC1=CC2=C(C=C1)C(=O)OC2=O,1996,1240685-26-0,LBTIDDCTPLEEAG-UHFFFAOYSA-N,186.16
"4-(2,2-diphenylethenyl)-N,N-diphenylaniline",C1=CC=C(C=C1)C(=CC2=CC=C(C=C2)N(C3=CC=CC=C3)C4=CC=CC=C4)C5=CC=CC=C5,14938,89114-90-9,NIZIGUQDQIALBQ-UHFFFAOYSA-N,423.5
"4-(2,4-Dinitroanilino)phenol",C1=CC(=CC=C1NC2=C(C=C(C=C2)[N+](=O)[O-])[N+](=O)[O-])O,1504,119-15-3,BCPQALWAROJVLE-UHFFFAOYSA-N,275.22
"4-(2,6,6-Trimethyl-2-hydroxycyclohexyl)-3-buten-2-one",CC(=O)C=CC1C(CCCC1(C)O)(C)C,9898,55955-46-9,SFRUDMZKQYLSRE-UHFFFAOYSA-N,210.31
4-(2-(Acryloyloxy)ethoxy)-4-oxobutanoic acid,C=CC(=O)OCCOC(=O)CCC(=O)O,9137,50940-49-3,UZDMJPAQQFSMMV-UHFFFAOYSA-N,216.19
4-(2-Ethylhexyloxy)-2-hydroxybenzophenone,CCCCC(CC)COC1=CC(=C(C=C1)C(=O)C2=CC=CC=C2)O,5881,2549-90-8,SLXIKWJMGICOAO-UHFFFAOYSA-N,326.4
4-(2-Hydroxyethyl)-1-piperazine ethanesulfonic acid,C1CN(CCN1CCO)CCS(=O)(=O)O,13195,7365-45-9,JKMHFZQWWAIEOD-UHFFFAOYSA-N,238.31
4-(2-Methylanilino)phenol,CC1=CC=CC=C1NC2=CC=C(C=C2)O,5236,23197-53-7,YFEJFIBZPXJRSI-UHFFFAOYSA-N,199.25
4-(2-Naphthylamino)phenol,C1=CC=C2C=C(C=CC2=C1)NC3=CC=C(C=C3)O,15552,93-45-8,RACMGQBQYYWANW-UHFFFAOYSA-N,235.28
"4-(3,4,5-Trimethylheptyl)phenol",CCC(C)C(C)C(C)CCC1=CC=C(C=C1)O,1735,121158-58-5,AOOKHLGAVNECET-UHFFFAOYSA-N,234.38
4-(3-Hydroxypropoxy)benzoic acid,C1=CC(=CC=C1C(=O)O)OCCCO,8831,46350-87-2,MYGMROGVZNOWMY-UHFFFAOYSA-N,196.2
4-(4-Ethylphenyl)benzoic acid,CCC1=CC=C(C=C1)C2=CC=C(C=C2)C(=O)O,10097,5731-13-5,SCEBDBNGUCNRCE-UHFFFAOYSA-N,226.27
4-(4-Methylphenylthio)benzophenone,CC1=CC=C(C=C1)SC2=CC=C(C=C2)C(=O)C3=CC=CC=C3,14434,83846-85-9,DBHQYYNDKZDVTN-UHFFFAOYSA-N,304.4
4-(4-Nitrophenylazo)-N-(2-cyanoethyl)-N-(2-acetoxyethyl)aniline,CC(=O)OCCN(CCC#N)C1=CC=C(C=C1)N=NC2=CC=C(C=C2)[N+](=O)[O-],12123,68391-42-4,QLRDACXDRLGLOC-UHFFFAOYSA-N,381.4
4-(4-Oxocyclohexylidene)cyclohexanone,C1CC(=O)CCC1=C2CCC(=O)CC2,11391,64554-52-5,VCLYLEITAPQKGD-UHFFFAOYSA-N,192.25
"4-(5-Chloro-2H-benzo[d][1,2,3]triazol-2-yl)-3-hydroxyphenyl benzoate",C1=CC=C(C=C1)C(=O)OC2=CC(=C(C=C2)N3N=C4C=CC(=CC4=N3)Cl)O,3962,169198-72-5,HWSDZRBDEVTBSM-UHFFFAOYSA-N,365.8
4-(7-Methyloctyl)phenol,CC(C)CCCCCCC1=CC=C(C=C1)O,6253,26543-97-5,JSFITYFUKSFPBZ-UHFFFAOYSA-N,220.35
4-(Acetylamino)-3-Amino Benzoic Acid,CC(=O)NC1=C(C=C(C=C1)C(=O)O)N,17701,,MJMLUICFHWSBQZ-UHFFFAOYSA-N,194.19
"4-(Benzothiazol-2-ylthio)-2,6-dimethylmorpholine",CC1CN(CC(O1)C)SC2=NC3=CC=CC=C3S2,297,102-78-3,DNPSGCQXSGVQSK-UHFFFAOYSA-N,280.4
"4-(Benzylimino)-1,4-dihydro-1-(2-methylbenzyl)pyridine",CC1=CC=CC=C1CN2C=CC(=NCC3=CC=CC=C3)C=C2,17052,,FDLLMMBYVKWCAI-UHFFFAOYSA-N,288.4
4-(But-3-en-1-yloxycarbonyl)benzoic acid,C=CCCOC(=O)C1=CC=C(C=C1)C(=O)O,10989,62680-74-4,TYARZXLQTHCHIP-UHFFFAOYSA-N,220.22
4-(Dibutylamino)benzaldehyde,CCCCN(CCCC)C1=CC=C(C=C1)C=O,15158,90134-10-4,VNWPLOWYHIDMEB-UHFFFAOYSA-N,233.35
4-(Diethylamino)azobenzene,CCN(CC)C1=CC=C(C=C1)N=NC2=CC=CC=C2,5526,2481-94-9,SJJISKLXUJVZOA-UHFFFAOYSA-N,253.34
4-(Diethylamino)benzaldehyde diphenylhydrazone,CCN(CC)C1=CC=C(C=C1)/C=N/N(C2=CC=CC=C2)C3=CC=CC=C3,12050,68189-23-1,YGBCLRRWZQSURU-LYBHJNIJSA-N,343.5
4-(Diethylamino)salicylaldehyde,CCN(CC)C1=CC(=C(C=C1)C=O)O,4176,17754-90-4,XFVZSRRZZNLWBW-UHFFFAOYSA-N,193.24
4-(Diglycidylamino)phenyl glycidyl ether,C1C(O1)CN(CC2CO2)C3=CC=C(C=C3)OCC4CO4,9055,5026-74-4,AHIPJALLQVEEQF-UHFFFAOYSA-N,277.31
4-(Dimethylamino)azobenzene,CN(C)C1=CC=C(C=C1)N=NC2=CC=CC=C2,10456,60-11-7,JCYPECIVGRXBMO-UHFFFAOYSA-N,225.29
4-(Dimethylamino)benzaldehyde,CN(C)C1=CC=C(C=C1)C=O,3,100-10-7,BGNGWHSBYQYVRX-UHFFFAOYSA-N,149.19
4-(Ethylthio)toluene,CCSC1=CC=C(C=C1)C,10900,622-63-9,TXMFDSUMJLQLGB-UHFFFAOYSA-N,152.26
"4-(Hydroxymethyl)-2,6,7-trioxa-1-phosphabicyclo[2.2.2]octane 1-oxide",C1C2(COP(=O)(O1)OC2)CO,9473,5301-78-0,YASRHLDAFCMIPB-UHFFFAOYSA-N,180.1
4-(Hydroxymethyl)-4-methyl-1-phenylpyrazolidin-3-one,CC1(CN(NC1=O)C2=CC=CC=C2)CO,2236,13047-13-7,DSVIHYOAKPVFEH-UHFFFAOYSA-N,206.24
4-(Isopropyl)cyclohexyl propionate,CCC(=O)OC1CCC(CC1)C(C)C,11148,63449-95-6,FFEOEKMMMQFWBO-UHFFFAOYSA-N,198.3
4-(Methoxycarbonyl)benzoic acid,COC(=O)C1=CC=C(C=C1)C(=O)O,3923,1679-64-7,REIDAMBAPLIATC-UHFFFAOYSA-N,180.16
4-(Methylamino)benzoic acid,CNC1=CC=C(C=C1)C(=O)O,602,10541-83-0,ZVIDMSBTYRSMAR-UHFFFAOYSA-N,151.16
4-(Methylthio)-2-butanone,CC(=O)CCSC,7583,34047-39-7,DRGHCRKOWMAZAO-UHFFFAOYSA-N,118.2
4-(Methylthio)aniline,CSC1=CC=C(C=C1)N,507,104-96-1,YKFROQCFVXOUPW-UHFFFAOYSA-N,139.22
4-(Methylthio)benzaldehyde,CSC1=CC=C(C=C1)C=O,7626,3446-89-7,QRVYABWJVXXOTN-UHFFFAOYSA-N,152.22
"4-(p-Tolyl)-1H-1,2,3-triazole",CC1=CC=C(C=C1)C2=NNN=C2,16146,29385-43-1,ZPCIKQLLQORQCV-UHFFFAOYSA-N,159.19
4-(Prop-2-enoyloxy)octane,CCCCC(CCC)OC(=O)C=C,8530,42928-87-0,IJRVDOPVQJSPRP-UHFFFAOYSA-N,184.27
4-(tert-Butoxy)phenol,CC(C)(C)OC1=CC=C(C=C1)O,5480,2460-87-9,CIICLJLSRUHUBY-UHFFFAOYSA-N,166.22
4-(tert-Butyldimethylsilyloxy)phenylboronic acid,B(C1=CC=C(C=C1)O[Si](C)(C)C(C)(C)C)(O)O,3635,159191-56-7,NVHHEADQQACSCJ-UHFFFAOYSA-N,252.19
4-(Trifluoroacetyl)benzoic acid,C1=CC(=CC=C1C(=O)C(F)(F)F)C(=O)O,10287,58808-59-6,WLTZCRCZDLLXQP-UHFFFAOYSA-N,218.13
"4-[(1,5-Dihydro-3-methyl-5-oxo-1-phenyl-4H-pyrazol-4-ylidene)methyl]-1,2-dihydro-5-methyl-2-phenyl-3H-pyrazol-3-one",CC1=C(C(=O)N(N1)C2=CC=CC=C2)/C=C/3\C(=NN(C3=O)C4=CC=CC=C4)C,8410,4174-09-8,DFSHSSAUZJFPSK-CPNJWEJPSA-N,358.4
"4-[(1-Amino-9,10-dihydro-4-hydroxy-9,10-dioxo-2-anthryl)oxy]-N-(3-ethoxypropyl)benzenesulphonamide",CCOCCCNS(=O)(=O)C1=CC=C(C=C1)OC2=C(C3=C(C(=C2)O)C(=O)C4=CC=CC=C4C3=O)N,13043,72363-26-9,ALXCWDABTQQKAH-UHFFFAOYSA-N,496.5
"4-[(2,4-Dimethylphenyl)azo]-2,4-dihydro-5-methyl-2-phenyl-3h-pyrazol-3-one",CC1=CC(=C(C=C1)N=NC2C(=NN(C2=O)C3=CC=CC=C3)C)C,11263,6407-78-9,KLQVCADYSBUVAV-UHFFFAOYSA-N,306.4
"4-[(2,5-Dichlorophenyl)azo]-3-hydroxy-N-phenylnaphthalene-2-carboxamide",C1=CC=C(C=C1)NC(=O)C2=CC3=CC=CC=C3C(=C2O)N=NC4=C(C=CC(=C4)Cl)Cl,10514,6041-94-7,HXJSTOXKASOAQW-UHFFFAOYSA-N,436.3
4-[(2-Chloro-4-nitrophenyl)azo]-N-ethyl-n-[2-[1-(2-methylpropoxy)ethoxy]ethyl]aniline,CCN(CCOC(C)OCC(C)C)C1=CC=C(C=C1)N=NC2=C(C=C(C=C2)[N+](=O)[O-])Cl,14709,85750-13-6,VWRRSPVNTFSBNV-UHFFFAOYSA-N,448.9
"4-[(4-Aminophenyl)(4-iminocyclohexa-2,5-dien-1-ylidene)methyl]-2-methylaniline",CC1=CC(=C(C2=CC=C(C=C2)N)C3=CC=C(C=C3)N)C=CC1=N,7365,3248-93-9,YDCMWLQSPFTWCS-UHFFFAOYSA-N,301.4
"4-[(E)-2-(2,5-dichlorophenyl)-1-diazenyl]-5-methyl-2-phenyl-2,4-dihydro-3H-pyrazol-3-one",CC1=NN(C(=O)C1N=NC2=C(C=CC(=C2)Cl)Cl)C3=CC=CC=C3,11261,6407-75-6,SYIDJAUAPDQFRN-UHFFFAOYSA-N,347.2
4-[2-(2-Methylprop-2-enoyloxy)ethoxy]-4-oxobutanoic acid,CC(=C)C(=O)OCCOC(=O)CCC(=O)O,4842,20882-04-6,ZEWLHMQYEZXSBH-UHFFFAOYSA-N,230.21
"4-[2-[5-[4-(Diethylamino)phenyl]-4,5-dihydro-1-phenyl-1H-pyrazol-3-YL]vinyl]-N,N-diethylaniline",CCN(CC)C1=CC=C(C=C1)/C=C/C2=NN(C(C2)C3=CC=C(C=C3)N(CC)CC)C4=CC=CC=C4,10133,57609-72-0,BZKRKPGZABEOSM-XMHGGMMESA-N,466.7
"4-[3-(Diethoxymethylsilyl)propoxy]-2,2,6,6-tetramethylpiperidine",CCO[Si](C)(CCCOC1CC(NC(C1)(C)C)(C)C)OCC,311,102089-33-8,PTUAFEVULPLJPF-UHFFFAOYSA-N,331.6
"4-[4-[(1-Oxo-2-propenyl)oxy]butoxy]benzoic acid [1,1'-biphenyl]-4-yl ester",C=CC(=O)OCCCCOC1=CC=C(C=C1)C(=O)OC2=CC=C(C=C2)C3=CC=CC=C3,5473,245760-39-8,BTEWCIUTIIUMPB-UHFFFAOYSA-N,416.5
4-[[4-(Aminocarbonyl)phenyl]azo]-N-(2-ethoxyphenyl)-3-hydroxynaphthalene-2-carboxamide,CCOC1=CC=CC=C1NC(=O)C2=CC3=CC=CC=C3C(=C2O)N=NC4=CC=C(C=C4)C(=O)N,6588,2786-76-7,BGVYDWVAGZBEMJ-UHFFFAOYSA-N,454.5
"4-[[4-[[1,3-Dioxo-1-[(2-oxo-1,3-dihydrobenzimidazol-5-yl)amino]butan-2-yl]diazenyl]benzoyl]amino]benzamide",CC(=O)C(C(=O)NC1=CC2=C(C=C1)NC(=O)N2)N=NC3=CC=C(C=C3)C(=O)NC4=CC=C(C=C4)C(=O)N,13345,74441-05-7,PXMLTVJEYHGPEH-UHFFFAOYSA-N,499.5
4-[[6-[(1-Oxo-2-propenyl)oxy]hexyl]oxy]benzoic acid 4-ethylphenyl ester,CCC1=CC=C(C=C1)OC(=O)C2=CC=C(C=C2)OCCCCCCOC(=O)C=C,9888,558467-39-3,ZBUSNVSMNNRMRQ-UHFFFAOYSA-N,396.5
4-[Bis[4-(dimethylamino)phenyl]methyl]-N-phenyl-1-naphthalenamine,CN(C)C1=CC=C(C=C1)C(C2=CC=C(C=C2)N(C)C)C3=CC=C(C4=CC=CC=C43)NC5=CC=CC=C5,14371,82941-24-0,QGPYKXSNVDBGMI-UHFFFAOYSA-N,471.6
4-[Ethyl(phenyl)amino]benzaldehyde,CCN(C1=CC=CC=C1)C2=CC=C(C=C2)C=O,14774,86872-96-0,DBKDVEPBROVGLY-UHFFFAOYSA-N,225.28
4-[Ethyl(phenyl)amino]benzaldehyde,CCN(C1=CC=CC=C1)C2=CC=C(C=C2)C=O,17408,,DBKDVEPBROVGLY-UHFFFAOYSA-N,225.28
4-Acetoxystyrene,CC(=O)OC1=CC=C(C=C1)C=C,6169,2628-16-2,JAMNSIXSLVPNLC-UHFFFAOYSA-N,162.18
4-Acetylphenyl acetate,CC(=O)C1=CC=C(C=C1)OC(=O)C,2221,13031-43-1,SMIOEQSLJNNKQF-UHFFFAOYSA-N,178.18
4-Acryloylmorpholine,C=CC(=O)N1CCOCC1,9170,5117-12-4,XLPJNCYCZORXHG-UHFFFAOYSA-N,141.17
4-Allylphenol,C=CCC1=CC=C(C=C1)O,9041,501-92-8,RGIBXDHONMXTLI-UHFFFAOYSA-N,134.17
4-Allyltoluene,CC1=CC=C(C=C1)CC=C,7482,3333-13-9,WAEOXIOXMKNFLQ-UHFFFAOYSA-N,132.2
"4-Amino-2,2,6,6-tetramethylpiperidine",CC1(CC(CC(N1)(C)C)N)C,7884,36768-62-4,FTVFPPFZRRKJIH-UHFFFAOYSA-N,156.27
4-Amino-N-(6-chloro-5-ethoxy-4-pyrimidinyl)benzenesulfonamide,CCOC1=C(N=CN=C1Cl)NS(=O)(=O)C2=CC=C(C=C2)N,10471,6003-28-7,OCWGCAWTLDBYEV-UHFFFAOYSA-N,328.78
4-Aminoazobenzene,C1=CC=C(C=C1)N=NC2=CC=C(C=C2)N,10455,60-09-3,QPQKUYVSJWQSDY-UHFFFAOYSA-N,197.24
4-Aminobenzoic acid,C1=CC(=CC=C1C(=O)O)N,3332,150-13-0,ALYNCZNDIQEVRV-UHFFFAOYSA-N,137.14
4-Aminobiphenyl,C1=CC=C(C=C1)C2=CC=C(C=C2)N,15453,92-67-1,DMVOXQPQNTYEKQ-UHFFFAOYSA-N,169.22
4-Aminobutyltriethoxysilane,CCO[Si](CCCCN)(OCC)OCC,7096,3069-30-5,SWDDLRSGGCWDPH-UHFFFAOYSA-N,235.4
4-Aminoheptanedioic acid,C(CC(=O)O)C(CCC(=O)O)N,13814,7766-85-0,DMAJAXIBHLWSQM-UHFFFAOYSA-N,175.18
4-Benzoyl-3-hydroxyphenyl methacrylate,CC(=C)C(=O)OC1=CC(=C(C=C1)C(=O)C2=CC=CC=C2)O,4730,2035-72-5,IMNBHNRXUAJVQE-UHFFFAOYSA-N,282.29
4-Benzoylbiphenyl,C1=CC=C(C=C1)C2=CC=C(C=C2)C(=O)C3=CC=CC=C3,4915,2128-93-0,LYXOWKPVTCPORE-UHFFFAOYSA-N,258.3
4-Benzoylphenyl methacrylate,CC(=C)C(=O)OC1=CC=C(C=C1)C(=O)C2=CC=CC=C2,9974,56467-43-7,RYWGNBFHIFRNEP-UHFFFAOYSA-N,266.29
4-Benzylbiphenyl,C1=CC=C(C=C1)CC2=CC=C(C=C2)C3=CC=CC=C3,10625,613-42-3,AGPLQTQFIZBOLI-UHFFFAOYSA-N,244.3
4-Benzylideneaminophenol,C1=CC=C(C=C1)C=NC2=CC=C(C=C2)O,10285,588-53-4,BVTLIIQDQAUXOI-UHFFFAOYSA-N,197.23
4-Benzyloxy-2-hydroxybenzophenone,C1=CC=C(C=C1)COC2=CC(=C(C=C2)C(=O)C3=CC=CC=C3)O,10547,6079-76-1,SXJSETSRWNDWPP-UHFFFAOYSA-N,304.3
4-Benzyloxybenzoic acid,C1=CC=C(C=C1)COC2=CC=C(C=C2)C(=O)O,3286,1486-51-7,AQSCHALQLXXKKC-UHFFFAOYSA-N,228.24
4-Benzyloxybenzyl alcohol,C1=CC=C(C=C1)COC2=CC=C(C=C2)CO,14413,836-43-1,OEBIVOHKFYSBPE-UHFFFAOYSA-N,214.26
4-Bromo-p-terphenyl,C1=CC=C(C=C1)C2=CC=C(C=C2)C3=CC=C(C=C3)Br,4150,1762-84-1,XNBGHWRYLJOQAU-UHFFFAOYSA-N,309.2
4-Bromoanisole,COC1=CC=C(C=C1)Br,504,104-92-7,QJPJQTDYNZXKQF-UHFFFAOYSA-N,187.03
4-Bromophenol,C1=CC(=CC=C1O)Br,16138,106-41-2,GZFGOTFRPZRKDS-UHFFFAOYSA-N,173.01
4-Butoxy-3-methyl-2-butanone,CCCCOCC(C)C(=O)C,9660,54340-94-2,KERIVTBNWBOOKS-UHFFFAOYSA-N,158.24
4-Butoxybutan-1-ol,CCCCOCCCCO,8390,4161-24-4,OBXQRJAQMQQZMY-UHFFFAOYSA-N,146.23
4-Butylphenol,CCCCC1=CC=C(C=C1)O,3814,1638-22-8,CYYZDBDROVLTJU-UHFFFAOYSA-N,150.22
"4-Chloro-2,5-dimethoxyaniline",COC1=CC(=C(C=C1N)OC)Cl,11165,6358-64-1,YGUFQYGSBVXPMC-UHFFFAOYSA-N,187.62
4-Chloro-2-(trifluoromethyl)aniline,C1=CC(=C(C=C1Cl)C(F)(F)F)N,8604,445-03-4,CVINWVPRKDIGLL-UHFFFAOYSA-N,195.57
4-Chloro-2-methylaniline,CC1=C(C=CC(=C1)Cl)N,15767,95-69-2,CXNVOWPRHWWCQR-UHFFFAOYSA-N,141.6
4-Chloro-2-methylbutan-2-ol,CC(C)(CCCl)O,4643,1985-88-2,IODFUQIUARVWJV-UHFFFAOYSA-N,122.59
4-Chloro-2-nitroaniline,C1=CC(=C(C=C1Cl)[N+](=O)[O-])N,14925,89-63-4,PBGKNXWGYQPUJK-UHFFFAOYSA-N,172.57
"4-Chloro-3,5-dimethylanisole",CC1=CC(=CC(=C1Cl)C)OC,12681,6981-15-3,XPKNQQCTKKHCHV-UHFFFAOYSA-N,170.63
4-Chloro-3-methylphenol,CC1=C(C=CC(=C1)O)Cl,10309,59-50-7,CFKMVGJGLGKFKI-UHFFFAOYSA-N,142.58
4-Chloro-4'-hydroxybenzophenone,C1=CC(=CC=C1C(=O)C2=CC=C(C=C2)Cl)O,8437,42019-78-3,RUETVLNXAGWCDS-UHFFFAOYSA-N,232.66
4-Chloroaniline,C1=CC(=CC=C1N)Cl,656,106-47-8,QSNSCYSYFYORTR-UHFFFAOYSA-N,127.57
4-Chlorobenzonitrile,C1=CC(=CC=C1C#N)Cl,10926,623-03-0,GJNGXPDXRVXSEH-UHFFFAOYSA-N,137.56
4-Chlorobenzophenone,C1=CC=C(C=C1)C(=O)C2=CC=C(C=C2)Cl,2566,134-85-0,UGVRJVHOJNYEHR-UHFFFAOYSA-N,216.66
4-Chlorobenzotrifluoride,C1=CC(=CC=C1C(F)(F)F)Cl,16001,98-56-6,QULYNCCPRWKEMF-UHFFFAOYSA-N,180.55
4-Chlorobenzyl alcohol,C1=CC(=CC=C1CO)Cl,14821,873-76-7,PTHGDVCPCZKZKR-UHFFFAOYSA-N,142.58
4-Chlorobiphenyl,C1=CC=C(C=C1)C2=CC=C(C=C2)Cl,4778,2051-62-9,FPWNLURCHDRMHC-UHFFFAOYSA-N,188.65
4-Chlorophenyl acrylate,C=CC(=O)OC1=CC=C(C=C1)Cl,2732,13633-87-9,IGHDIBHFCIOXGK-UHFFFAOYSA-N,182.6
4-Chlorophenyl isocyanate,C1=CC(=CC=C1N=C=O)Cl,482,104-12-1,ADAKRBAJFHTIEW-UHFFFAOYSA-N,153.56
4-Chlorophthalic anhydride,C1=CC2=C(C=C1Cl)C(=O)OC2=O,1455,118-45-6,BTTRMCQEPDPCPA-UHFFFAOYSA-N,182.56
4-Chlorotoluene,CC1=CC=C(C=C1)Cl,653,106-43-4,NPDACUSDTOMAMK-UHFFFAOYSA-N,126.58
4-Cumylphenol,CC(C)(C1=CC=CC=C1)C2=CC=C(C=C2)O,10446,599-64-4,QBDSZLJBMIMQRS-UHFFFAOYSA-N,212.29
"4-Cyano-1,2,3,4-tetrahydro-1-naphthaleneacetonitrile",C1CC(C2=CC=CC=C2C1CCC#N)C#N,10170,57964-40-6,JRUGFHHEKLYFPC-UHFFFAOYSA-N,210.27
4-Cyano-4-(dodecylsulfanylthiocarbonyl)sulfanylpentanoic acid,CCCCCCCCCCCCSC(=S)SC(C)(CCC(=O)O)C#N,14805,870196-80-8,RNTXYZIABJIFKQ-UHFFFAOYSA-N,403.7
4-Cyano-4-(thiobenzoylthio)pentanoic acid,CC(CCC(=O)O)(C#N)SC(=S)C1=CC=CC=C1,4685,201611-92-9,YNKQCPNHMVAWHN-UHFFFAOYSA-N,279.4
4-Cyanophenyl 4-((6-(acryloyloxy)hexyl)oxy)benzoate,C=CC(=O)OCCCCCCOC1=CC=C(C=C1)C(=O)OC2=CC=C(C=C2)C#N,14436,83847-14-7,LNEDNZUQKOGNLJ-UHFFFAOYSA-N,393.4
"4-Cyclohexene-1,2-dicarboxylic acid, ester with 2,2-dimethyl-1,3-propanediol",CC(C)(CO)COC(=O)C1CC=CCC1C(=O)O,11930,68071-05-6,KCUGXVQRQBKXBO-UHFFFAOYSA-N,256.29
4-Cyclohexylidenecyclohexanone,C1CCC(=C2CCC(=O)CC2)CC1,11674,66405-57-0,SEAQDDJLYFVTGK-UHFFFAOYSA-N,178.27
4-Cyclohexylphenol,C1CCC(CC1)C2=CC=C(C=C2)O,1315,1131-60-8,OAHMVZYHIJQTQC-UHFFFAOYSA-N,176.25
"4-Decene, 8-methyl-, (E)-",CCC/C=C/CCC(C)CC,10942,62338-50-5,SYUIBEDHXSMNSQ-BQYQJAHWSA-N,154.29
4-Decylbenzenesulfonic acid,CCCCCCCCCCC1=CC=C(C=C1)S(=O)(=O)O,2924,140-60-3,UASQKKHYUPBQJR-UHFFFAOYSA-N,298.4
4-Decylmorpholine,CCCCCCCCCCN1CCOCC1,5976,25727-94-0,KAXVRMIUQJXONY-UHFFFAOYSA-N,227.39
4-Decyloxazolidin-2-one,CCCCCCCCCCC1COC(=O)N1,13707,7693-82-5,IUWVYVOQTFVXKL-UHFFFAOYSA-N,227.34
4-Dodecene,CCCCCCC/C=C/CCC,4719,2030-84-4,PHCKFVVLVZFFLU-VQHVLOKHSA-N,168.32
4-Dodecylbenzenesulfonic acid,CCCCCCCCCCCCC1=CC=C(C=C1)S(=O)(=O)O,1725,121-65-3,KWXICGTUELOLSQ-UHFFFAOYSA-N,326.5
4-Dodecylmorpholine,CCCCCCCCCCCCN1CCOCC1,3451,1541-81-7,ZRIILUSQBDFVNY-UHFFFAOYSA-N,255.44
4-Dodecyloxy-2-hydroxybenzophenone,CCCCCCCCCCCCOC1=CC(=C(C=C1)C(=O)C2=CC=CC=C2)O,6926,2985-59-3,ARVUDIQYNJVQIW-UHFFFAOYSA-N,382.5
"4-Ethenylbenzene-1,3-diamine",C=CC1=C(C=C(C=C1)N)N,6582,27845-37-0,FXKUKPDMOLUQLE-UHFFFAOYSA-N,134.18
4-Ethenylbenzene-1-thiol,C=CC1=CC=C(C=C1)S,8799,45708-67-6,KCCWFTFCEHVSTM-UHFFFAOYSA-N,136.22
4-Ethoxy-3-hydroxybenzaldehyde,CCOC1=C(C=C(C=C1)C=O)O,5869,2539-53-9,BCLVKHGKEGFPJV-UHFFFAOYSA-N,166.17
4-Ethoxybenzoic acid,CCOC1=CC=C(C=C1)C(=O)O,10823,619-86-3,SHSGDXCJYVZFTP-UHFFFAOYSA-N,166.17
"4-Ethyl-1,2-dimethylbenzene",CCC1=CC(=C(C=C1)C)C,15591,934-80-5,SBUYFICWQNHBCM-UHFFFAOYSA-N,134.22
4-Ethyl-1-oxidoquinazolin-1-ium,CCC1=NC=[N+](C2=CC=CC=C21)[O-],8034,37920-75-5,JOAWIRHIBHJBSJ-UHFFFAOYSA-N,174.2
"4-Ethyl-2,2,6,6-tetramethylheptane",CCC(CC(C)(C)C)CC(C)(C)C,10882,62108-31-0,HCYDMRODXAVTKT-UHFFFAOYSA-N,184.36
4-Ethylbenzaldehyde,CCC1=CC=C(C=C1)C=O,8893,4748-78-1,QNGNSVIICDLXHT-UHFFFAOYSA-N,134.17
4-Ethylbenzenesulfonic acid,CCC1=CC=C(C=C1)S(=O)(=O)O,10099,57352-34-8,BRIXOPDYGQCZFO-UHFFFAOYSA-N,186.23
4-Ethylbenzenesulfonic acid,CCC1=CC=C(C=C1)S(=O)(=O)O,16004,98-69-1,BRIXOPDYGQCZFO-UHFFFAOYSA-N,186.23
4-Ethylbiphenyl,CCC1=CC=C(C=C1)C2=CC=CC=C2,10065,5707-44-8,SRQOBNUBCLPPPH-UHFFFAOYSA-N,182.26
4-Ethylheptane,CCCC(CC)CCC,5073,2216-32-2,XMROPFQWHHUFFS-UHFFFAOYSA-N,128.25
4-Ethyloctane,CCCCC(CC)CCC,3611,15869-86-0,NRJUFUBKIFIKFI-UHFFFAOYSA-N,142.28
4-Ethylphenol,CCC1=CC=C(C=C1)O,1902,123-07-9,HXDOZKJGKXYMEW-UHFFFAOYSA-N,122.16
4-Ethyltetradecane,CCCCCCCCCCC(CC)CCC,9760,55045-14-2,VATHPUANTMAJQR-UHFFFAOYSA-N,226.44
4-Ethyltoluene,CCC1=CC=C(C=C1)C,10903,622-96-8,JRLPEMVDPFPYPJ-UHFFFAOYSA-N,120.19
4-Ethynylaniline,C#CC1=CC=C(C=C1)N,3049,14235-81-5,JXYITCJMBRETQX-UHFFFAOYSA-N,117.15
4-Ethynylphthalic Anhydride,C#CC1=CC2=C(C=C1)C(=O)OC2=O,13212,73819-76-8,DXJLXGJIZZNCBO-UHFFFAOYSA-N,172.14
"4-Fluorobenzene-1,3-diamine",C1=CC(=C(C=C1N)N)F,10987,6264-67-1,QNDFYLBDUWCFJO-UHFFFAOYSA-N,126.13
4-Fluorotoluene,CC1=CC=C(C=C1)F,7700,352-32-9,WRWPPGUCZBJXKX-UHFFFAOYSA-N,110.13
4-Heptanone,CCCC(=O)CCC,1904,123-19-3,HCFAJYNVAYBARA-UHFFFAOYSA-N,114.19
4-Hepten-1-ol,CC/C=C/CCCO,4840,20851-55-2,CUKAXHVLXKIPKF-ONEGZZNKSA-N,114.19
4-Heptylphenol,CCCCCCCC1=CC=C(C=C1)O,4647,1987-50-4,KNDDEFBFJLKPFE-UHFFFAOYSA-N,192.3
"4-Hexadecen-6-yne, (Z)-",CCCCCCCCCC#C/C=C\CCC,13418,74744-54-0,XZDCEQPWFZIZPQ-CLFYSBASSA-N,220.39
4-Hexylphenol,CCCCCCC1=CC=C(C=C1)O,5450,2446-69-7,SZWBRVPZWJYIHI-UHFFFAOYSA-N,178.27
4-Hydroperoxy-4-methylpentan-2-one,CC(=O)CC(C)(C)OO,6619,28056-59-9,TVLYPTZVJFAYSU-UHFFFAOYSA-N,132.16
4-Hydroperoxy-4-methylpentan-2-one,CC(=O)CC(C)(C)OO,7928,37206-20-5,TVLYPTZVJFAYSU-UHFFFAOYSA-N,132.16
"4-Hydroxy-1-(2-hydroxyethyl)-2,2,6,6-tetramethylpiperidine",CC1(CC(CC(N1CCO)(C)C)O)C,9434,52722-86-8,STEYNUVPFMIUOY-UHFFFAOYSA-N,201.31
4-Hydroxy-1H-indole-3-carboxylic acid,C1=CC2=C(C(=C1)O)C(=CN2)C(=O)O,5428,24370-76-1,WBCFTHLZBHZMGB-UHFFFAOYSA-N,177.16
"4-Hydroxy-2,6,6-trimethyl-3-oxo-1,4-cyclohexadiene-1-carboxaldehyde",CC1=C(C(C=C(C1=O)O)(C)C)C=O,7754,35692-95-6,COUDKMJLVVETJL-UHFFFAOYSA-N,180.2
4-Hydroxy-2-butanone,CC(=O)CCO,10320,590-90-9,LVSQXDHWDCMMRJ-UHFFFAOYSA-N,88.11
4-Hydroxy-2-methyl-2-pentanyl 2-ethyl-2-methylheptaneperoxoate,CCCCCC(C)(CC)C(=O)OOC(C)(C)CC(C)O,3200,1467668-33-2,QEJOULIGQWLKDG-UHFFFAOYSA-N,288.42
"4-Hydroxy-3,5-diisopropylbenzoic Acid",CC(C)C1=CC(=CC(=C1O)C(C)C)C(=O)O,2579,13423-73-9,WYAZPCLFZZTVSP-UHFFFAOYSA-N,222.28
"4-Hydroxy-3-(2'-hydroxy-[1,1'-biphenyl]-4-yl)-6-oxo-6,7-dihydrothieno[2,3-b]pyridine-5-carbonitrile",C1=CC=C(C(=C1)C2=CC=C(C=C2)C3=CSC4=C3C(=C(C(=O)N4)C#N)O)O,14502,844499-71-4,CTESJDQKVOEUOY-UHFFFAOYSA-N,360.4
4-Hydroxy-3-propyl-2-hexanone,CCCC(C(CC)O)C(=O)C,10939,62338-17-4,NVGTWDAPVVDCRI-UHFFFAOYSA-N,158.24
4-Hydroxy-4'-methoxybiphenyl,COC1=CC=C(C=C1)C2=CC=C(C=C2)O,3943,16881-71-3,CORJIEYQXMZUIW-UHFFFAOYSA-N,200.23
4-Hydroxy-4-methylcyclohexanone,CC1(CCC(=O)CC1)O,4104,17429-02-6,MACNVPBGMHPCML-UHFFFAOYSA-N,128.17
4-Hydroxybenzenesulfonic acid,C1=CC(=CC=C1O)S(=O)(=O)O,16003,98-67-9,FEPBITJSIHRMRT-UHFFFAOYSA-N,174.18
4-Hydroxybenzoic acid,C1=CC(=CC=C1C(=O)O)O,16059,99-96-7,FJKROLUGYXJWQN-UHFFFAOYSA-N,138.12
4-Hydroxybenzophenone,C1=CC=C(C=C1)C(=O)C2=CC=C(C=C2)O,1330,1137-42-4,NPFYZDNDJHZQKY-UHFFFAOYSA-N,198.22
4-Hydroxybutyl acrylate,C=CC(=O)OCCCCO,5520,2478-10-6,NDWUBGAGUCISDV-UHFFFAOYSA-N,144.17
4-Hydroxydiphenylamine,C1=CC=C(C=C1)NC2=CC=C(C=C2)O,1790,122-37-2,JTTMYKSFKOOQLP-UHFFFAOYSA-N,185.22
4-Hydroxyphenyl benzoate,C1=CC=C(C=C1)C(=O)OC2=CC=C(C=C2)O,5444,2444-19-1,JFAXJRJMFOACBO-UHFFFAOYSA-N,214.22
4-Iodophenol,C1=CC(=CC=C1O)I,9596,540-38-5,VSMDINRNYYEDRN-UHFFFAOYSA-N,220.01
4-Isopropenyl-o-xylene,CC1=C(C=C(C=C1)C(=C)C)C,4447,18908-16-2,XSQYYLSXKMCPJQ-UHFFFAOYSA-N,146.23
4-Isopropyl-2-cyclohexenone,CC(C)C1CCC(=O)C=C1,16604,,AANMVENRNJYEMK-UHFFFAOYSA-N,138.21
4-Isopropylbenzenesulfonic acid,CC(C)C1=CC=C(C=C1)S(=O)(=O)O,3679,16066-35-6,CVLHGLWXLDOELD-UHFFFAOYSA-N,200.26
4-Isopropylbenzenesulfonic acid,CC(C)C1=CC=C(C=C1)S(=O)(=O)O,8035,37953-05-2,CVLHGLWXLDOELD-UHFFFAOYSA-N,200.26
4-Isopropylbenzyl alcohol,CC(C)C1=CC=C(C=C1)CO,9548,536-60-7,OIGWAXDAPKFNCQ-UHFFFAOYSA-N,150.22
4-Isopropylcyclohexanamine,CC(C)C1CCC(CC1)N,9365,52430-81-6,MFRKYEJMLQUSJX-UHFFFAOYSA-N,141.25
4-Isopropylthioxanthone,CC(C)C1=CC=CC2=C1SC3=CC=CC=C3C2=O,14435,83846-86-0,IKVYHNPVKUNCJM-UHFFFAOYSA-N,254.3
"4-Methoxy-1,3-oxazolidin-2-one",COC1COC(=O)N1,3128,14441-94-2,DQEHFINNXNPZBV-UHFFFAOYSA-N,117.1
4-Methoxybenzyl alcohol,COC1=CC=C(C=C1)CO,558,105-13-5,MSHFRERJPWKJFX-UHFFFAOYSA-N,138.16
4-Methoxyphenyl 4-((6-(acryloyloxy)hexyl)oxy)benzoate,COC1=CC=C(C=C1)OC(=O)C2=CC=C(C=C2)OCCCCCCOC(=O)C=C,14328,82200-53-1,JWXYMBDCGNXXRO-UHFFFAOYSA-N,398.4
4-Methoxyphenylacetone,CC(=O)CC1=CC=C(C=C1)OC,1801,122-84-9,WFWKNGZODAOLEO-UHFFFAOYSA-N,164.2
4-Methoxystyrene,COC1=CC=C(C=C1)C=C,11203,637-69-4,UAJRSHJHFRVGMG-UHFFFAOYSA-N,134.17
4-Methyl-1-decene,CCCCCCC(C)CC=C,2338,13151-29-6,IMRKOERSTLKEAO-UHFFFAOYSA-N,154.29
4-Methyl-1-octene,CCCCC(C)CC=C,2337,13151-12-7,XWJMQJGSSGDJSY-UHFFFAOYSA-N,126.24
4-Methyl-1-pentanol,CC(C)CCCO,10982,626-89-1,PCWGTDULNUVNBN-UHFFFAOYSA-N,102.17
4-Methyl-1-pentene,CC(C)CC=C,12597,691-37-2,WSSSPWUEQFSQQG-UHFFFAOYSA-N,84.16
4-Methyl-1-phenylpyrazolidin-3-one,CC1CN(NC1=O)C2=CC=CC=C2,6252,2654-57-1,ZZEYCGJAYIHIAZ-UHFFFAOYSA-N,176.21
4-Methyl-1-undecene,CCCCCCCC(C)CC=C,13391,74630-39-0,XOPDEIDKEIFVSU-UHFFFAOYSA-N,168.32
4-Methyl-2-heptanone,CCCC(C)CC(=O)C,10639,6137-06-0,BIFPSSTVLFHHEI-UHFFFAOYSA-N,128.21
4-Methyl-2-hexanol,CCC(C)CC(C)O,5229,2313-61-3,KZUBXUKRWLMPIO-UHFFFAOYSA-N,116.2
4-Methyl-2-pentanol,CC(C)CC(C)O,847,108-11-2,WVYWICLMDOOCFB-UHFFFAOYSA-N,102.17
4-Methyl-2-t-octylphenol,CC1=CC(=C(C=C1)O)C(C)(C)CC(C)(C)C,9004,4979-46-8,MWJFTXUNWYQEIU-UHFFFAOYSA-N,220.35
4-Methyl-3-decen-5-ol,CCCCCC(/C(=C/CC)/C)O,14297,81782-77-6,WSTQLNQRVZNEDV-CSKARUKUSA-N,170.29
"4-Methyl-3-phenyloxazolidine-2,5-dione",CC1C(=O)OC(=O)N1C2=CC=CC=C2,4698,20241-60-5,PVEAMMNNPCPQPW-UHFFFAOYSA-N,191.18
4-Methylbenzaldehyde,CC1=CC=C(C=C1)C=O,502,104-87-0,FXLOVSHXALFLKQ-UHFFFAOYSA-N,120.15
4-Methylbenzenesulfonohydrazide,CC1=CC=C(C=C1)S(=O)(=O)NN,3574,1576-35-8,ICGLPKIVTVWCFT-UHFFFAOYSA-N,186.23
4-Methylbenzoic acid,CC1=CC=C(C=C1)C(=O)O,16058,99-94-5,LPNBBFKOUUSUDB-UHFFFAOYSA-N,136.15
4-Methylbenzophenone,CC1=CC=C(C=C1)C(=O)C2=CC=CC=C2,2565,134-84-9,WXPWZZHELZEVPO-UHFFFAOYSA-N,196.24
4-Methylbenzylidenecamphor,CC1=CC=C(C=C1)/C=C\2/C3CCC(C2=O)(C3(C)C)C,7894,36861-47-9,HEOCBCNFKCOKBX-KAMYIIQDSA-N,254.4
4-Methylbiphenyl,CC1=CC=C(C=C1)C2=CC=CC=C2,11358,644-08-6,ZZLCFHIKESPLTH-UHFFFAOYSA-N,168.23
4-Methylchalcone,CC1=CC=C(C=C1)/C=C/C(=O)C2=CC=CC=C2,8466,4224-87-7,XNLFHCPVTULKIV-VAWYXSNFSA-N,222.28
4-Methyldecane,CCCCCCC(C)CCC,6689,2847-72-5,DVWZNKLWPILULD-UHFFFAOYSA-N,156.31
4-Methyldibenzothiophene,CC1=C2C(=CC=C1)C3=CC=CC=C3S2,13203,7372-88-5,NICUQYHIOMMFGV-UHFFFAOYSA-N,198.29
4-Methyldocosane,CCCCCCCCCCCCCCCCCCC(C)CCC,5729,25117-30-0,ATAWCABZIRDUSP-UHFFFAOYSA-N,324.6
4-Methyldodecane,CCCCCCCCC(C)CCC,10603,6117-97-1,UZTXSMATBUWDDZ-UHFFFAOYSA-N,184.36
4-Methylheptadecane,CCCCCCCCCCCCCC(C)CCC,6222,26429-11-8,YPPNOYRCEQRCHY-UHFFFAOYSA-N,254.5
4-Methylhexadecane,CCCCCCCCCCCCC(C)CCC,5728,25117-26-4,OREPYGSHKSWUCK-UHFFFAOYSA-N,240.5
4-Methylhexanoic acid,CCC(C)CCC(=O)O,3523,1561-11-1,DIVCBWJKVSFZKJ-UHFFFAOYSA-N,130.18
4-Methylimidazolidin-2-one,CC1CNC(=O)N1,11539,6531-31-3,DWEQVNFWAKJCEY-UHFFFAOYSA-N,100.12
4-Methylindan,CC1=C2CCCC2=CC=C1,14340,824-22-6,LNNSODHYZXCEJP-UHFFFAOYSA-N,132.2
4-Methylmorpholine,CN1CCOCC1,915,109-02-4,SJRJJKPEHAURKC-UHFFFAOYSA-N,101.15
"4-Methylnaphtho[1,2-b]thiophene",CC1=CC2=CC=CC=C2C3=C1C=CS3,11754,67388-11-8,UDHJNWLQOZSJSP-UHFFFAOYSA-N,198.29
4-Methylnonane,CCCCCC(C)CCC,4051,17301-94-9,IALRSQMWHFKJJA-UHFFFAOYSA-N,142.28
4-Methylnonanoic acid,CCCCCC(C)CCC(=O)O,8747,45019-28-1,WQTZCQIRCYSUBQ-UHFFFAOYSA-N,172.26
4-Methyloctadecane,CCCCCCCCCCCCCCC(C)CCC,604,10544-95-3,GEGZZJBPFKEDHM-UHFFFAOYSA-N,268.5
4-Methyloctane,CCCCC(C)CCC,5075,2216-34-4,DOGIHOCMZJUJNR-UHFFFAOYSA-N,128.25
4-Methylpentadecane,CCCCCCCCCCCC(C)CCC,6611,2801-87-8,ODDVOCXSLXTIIU-UHFFFAOYSA-N,226.44
4-Methylpentanoic acid,CC(C)CCC(=O)O,11402,646-07-1,FGKJLKRYENPLQH-UHFFFAOYSA-N,116.16
4-Methylphenanthrene,CC1=C2C(=CC=C1)C=CC3=CC=CC=C32,7264,31711-53-2,LOCGAKKLRVLQAM-UHFFFAOYSA-N,192.25
4-Methylphenanthrene,CC1=C2C(=CC=C1)C=CC3=CC=CC=C32,14395,832-64-4,LOCGAKKLRVLQAM-UHFFFAOYSA-N,192.25
4-Methylpyrene,CC1=CC2=CC=CC3=C2C4=C(C=CC=C14)C=C3,7522,3353-12-6,IXAFAYIIDHDJHN-UHFFFAOYSA-N,216.28
4-Methylquinoline,CC1=CC=NC2=CC=CC=C12,8966,491-35-0,MUDSDYNRBDKLGK-UHFFFAOYSA-N,143.18
4-Methylstyrene,CC1=CC=C(C=C1)C=C,2381,1319-73-9,JLBJTVDPSNHSKJ-UHFFFAOYSA-N,118.18
4-Methylstyrene,CC1=CC=C(C=C1)C=C,10904,622-97-9,JLBJTVDPSNHSKJ-UHFFFAOYSA-N,118.18
4-Methyltetradecane,CCCCCCCCCCC(C)CCC,5727,25117-24-2,ITVMHPMCNRGCIY-UHFFFAOYSA-N,212.41
4-Methyltridecane,CCCCCCCCCC(C)CCC,6320,26730-12-1,BPHJCXVZYVVFBT-UHFFFAOYSA-N,198.39
4-Methylundecane,CCCCCCCC(C)CCC,6916,2980-69-0,KNMXZGDUJVOTOC-UHFFFAOYSA-N,170.33
4-Morpholinecarbonyl chloride,C1COCCN1C(=O)Cl,3383,15159-40-7,XMWFMEYDRNJSOO-UHFFFAOYSA-N,149.57
4-Morpholinecarboxaldehyde,C1COCCN1C=O,8580,4394-85-8,LCEDQNDDFOCWGG-UHFFFAOYSA-N,115.13
"4-Morpholinepropanamine, N-1-naphthalenyl-",C1COCCN1CCCNC2=CC=CC3=CC=CC=C32,9353,5235-82-5,AFZZFBZPHUDOLV-UHFFFAOYSA-N,270.37
4-Morpholinobenzaldehyde,C1COCCN1C2=CC=C(C=C2)C=O,1657,1204-86-0,FOAQOAXQMISINY-UHFFFAOYSA-N,191.23
4-Morpholinobenzoic acid,C1COCCN1C2=CC=C(C=C2)C(=O)O,13413,7470-38-4,XVAJKPNTGSKZSQ-UHFFFAOYSA-N,207.23
4-Nitro-o-phenylenediamine,C1=CC(=C(C=C1[N+](=O)[O-])N)N,16043,99-56-9,RAUWPNXIALNKQM-UHFFFAOYSA-N,153.14
4-Nitroaniline,C1=CC(=CC=C1N)[N+](=O)[O-],2,100-01-6,TYMLOMAKGOJONV-UHFFFAOYSA-N,138.12
4-Nitroanisole,COC1=CC=C(C=C1)[N+](=O)[O-],4,100-17-4,BNUHAJGCKIQFGE-UHFFFAOYSA-N,153.14
4-Nitrobiphenyl,C1=CC=C(C=C1)C2=CC=C(C=C2)[N+](=O)[O-],15461,92-93-3,BAJQRLZAPXASRD-UHFFFAOYSA-N,199.2
4-Nitroso-N-phenylaniline,C1=CC=C(C=C1)NC2=CC=C(C=C2)N=O,3502,156-10-5,OIJHFHYPXWSVPF-UHFFFAOYSA-N,198.22
4-Nitrotoluene,CC1=CC=C(C=C1)[N+](=O)[O-],16061,99-99-0,ZPTVNYMJQHSSEA-UHFFFAOYSA-N,137.14
4-Nonanoylmorpholine,CCCCCCCCC(=O)N1CCOCC1,9467,5299-64-9,NBRDJXSTGSUITP-UHFFFAOYSA-N,227.34
"4-Nonene, 5-butyl-",CCCCC(=CCCC)CCCC,13196,7367-38-6,UKAAUKLRJKBIDI-UHFFFAOYSA-N,182.35
4-Nonyl-N-(4-nonylphenyl)aniline,CCCCCCCCCC1=CC=C(C=C1)NC2=CC=C(C=C2)CCCCCCCCC,5545,24925-59-5,FCQAFXHLHBGGSK-UHFFFAOYSA-N,421.7
4-Nonylphenol,CCCCCCCCCC1=CC=C(C=C1)O,487,104-40-5,IGFHQQFPSIBGKE-UHFFFAOYSA-N,220.35
4-Octyl-N-phenylaniline,CCCCCCCCC1=CC=C(C=C1)NC2=CC=CC=C2,8412,4175-37-5,DMLLDZGHGNLZNW-UHFFFAOYSA-N,281.4
4-Octylphenol,CCCCCCCCC1=CC=C(C=C1)O,4238,1806-26-4,NTDQQZYCCIDJRK-UHFFFAOYSA-N,206.32
4-Oleoylmorpholine,CCCCCCCC/C=C\CCCCCCCC(=O)N1CCOCC1,9466,5299-52-5,RZLQCNYCMRDLBA-KTKRTIGZSA-N,351.6
4-Oxododecanedioic acid,C(CCCC(=O)CCC(=O)O)CCCC(=O)O,17420,,HHXMOTDTSDYYEI-UHFFFAOYSA-N,244.28
4-Oxosebacic acid,C(CCC(=O)CCC(=O)O)CCC(=O)O,1342,114212-45-2,XTQIBFVBYWIHIP-UHFFFAOYSA-N,216.23
"4-Penten-2-ol, 3,3-dimethyl-5-(2,2,3-trimethyl-3-cyclopenten-1-yl)-",CC1=CCC(C1(C)C)/C=C/C(C)(C)C(C)O,839,107898-54-4,QZFSNJAQFWEXEA-MDZDMXLPSA-N,222.37
"4-Penten-2-ol, 3,3-dimethyl-5-(2,2,3-trimethyl-3-cyclopenten-1-yl)-",CC1=CCC(C1(C)C)/C=C/C(C)(C)C(C)O,5451,244626-73-1,QZFSNJAQFWEXEA-MDZDMXLPSA-N,222.37
4-Pentylphenol,CCCCCC1=CC=C(C=C1)O,3314,14938-35-3,ZNPSUQQXTRRSBM-UHFFFAOYSA-N,164.24
4-Pentyn-2-ol,CC(CC#C)O,12313,68553-81-1,JTHLRRZARWSHBE-UHFFFAOYSA-N,84.12
"4-Phenanthrenol, 1,2,3,4-tetrahydro-4-methyl-",CC1(CCCC2=C1C3=CC=CC=C3C=C2)O,16307,77536-58-4,MJMYLBVZKHOKNQ-UHFFFAOYSA-N,212.29
"4-Phenyl-1,2-dihydronaphthalene",C1CC2=CC=CC=C2C(=C1)C3=CC=CC=C3,13411,7469-40-1,JKTVTLYXBAHXCW-UHFFFAOYSA-N,206.28
4-Phenyl-1-pentene,CC(CC=C)C1=CC=CC=C1,421,10340-49-5,VUXTURSVFKUIRT-UHFFFAOYSA-N,146.23
4-Phenylbutyronitrile,C1=CC=C(C=C1)CCCC#N,4755,2046-18-6,ICMVGKQFVMTRLB-UHFFFAOYSA-N,145.2
4-Phenylcyclohexene,C1CC(CC=C1)C2=CC=CC=C2,9018,4994-16-5,XWCWNUSFQVJNDI-UHFFFAOYSA-N,158.24
4-Phenyldodecane,CCCCCCCCC(CCC)C1=CC=CC=C1,6449,2719-64-4,RHDHXBLZBVAPTL-UHFFFAOYSA-N,246.4
4-Phenylethynylphthalic Anhydride,C1=CC=C(C=C1)C#CC2=CC3=C(C=C2)C(=O)OC3=O,1540,119389-05-8,UPGRRPUXXWPEMV-UHFFFAOYSA-N,248.23
4-Phenyloxazole,C1=CC=C(C=C1)C2=COC=N2,4801,20662-89-9,NTFMLYSGIKHECT-UHFFFAOYSA-N,145.16
4-Phenylphenol,C1=CC=C(C=C1)C2=CC=C(C=C2)O,15454,92-69-3,YXVFYQXJAXKLAK-UHFFFAOYSA-N,170.21
4-Phenylpyridine,C1=CC=C(C=C1)C2=CC=NC=C2,15632,939-23-1,JVZRCNQLWOELDU-UHFFFAOYSA-N,155.2
"4-Piperidinol, 1-hydroxy-2,2,6,6-tetramethyl-",CC1(CC(CC(N1O)(C)C)O)C,7827,3637-10-3,CSGAUKGQUCHWDP-UHFFFAOYSA-N,173.25
4-Propenylphenol,C/C=C/C1=CC=C(C=C1)C,9579,539-12-8,LSMSSYSRCUNIFX-ONEGZZNKSA-N,132.2
4-Propylbenzaldehyde,CCCC1=CC=C(C=C1)C=O,6754,28785-06-0,MAUCRURSQMOFGV-UHFFFAOYSA-N,148.2
4-Propylphenol,CCCC1=CC=C(C=C1)O,11382,645-56-7,KLSLBUSXWBJMEC-UHFFFAOYSA-N,136.19
4-Pyridineethanol,C1=CN=CC=C1CCO,9525,5344-27-4,DWPYQDGDWBKJQL-UHFFFAOYSA-N,123.15
4-Pyrrolidinopyridine,C1CCN(C1)C2=CC=NC=C2,5467,2456-81-7,RGUKYNXWOWSRET-UHFFFAOYSA-N,148.2
"4-sec-Butyl-2,6-di-tert-butylphenol",CCC(C)C1=CC(=C(C(=C1)C(C)(C)C)O)C(C)(C)C,4131,17540-75-9,BFZOTKYPSZSDEV-UHFFFAOYSA-N,262.4
4-sec-Butylphenol,CCC(C)C1=CC=C(C=C1)O,16047,99-71-8,ZUTYZAFDFLLILI-UHFFFAOYSA-N,150.22
"4-Terpineol, (+/-)-",CC1=CCC(CC1)(C(C)C)O,9937,562-74-3,WRYLYDPHFGVWKC-UHFFFAOYSA-N,154.25
4-tert-Amylphenol,CCC(C)(C)C1=CC=C(C=C1)O,14099,80-46-6,NRZWYNLTFLDQQX-UHFFFAOYSA-N,164.24
"4-Tert-butyl-1,2-dimethoxybenzene",CC(C)(C)C1=CC(=C(C=C1)OC)OC,8344,41280-64-2,FSWSUKGIUZLXKK-UHFFFAOYSA-N,194.27
"4-tert-Butyl-2,6-diisopropylphenol",CC(C)C1=CC(=CC(=C1O)C(C)C)C(C)(C)C,10100,57354-65-1,JERVKJDPAKUDRH-UHFFFAOYSA-N,234.38
4-tert-Butyl-2-methylphenol,CC1=C(C=CC(=C1)C(C)(C)C)O,15993,98-27-1,SNKLPZOJLXDZCW-UHFFFAOYSA-N,164.24
4-tert-Butyl-2-phenylphenol,CC(C)(C)C1=CC(=C(C=C1)O)C2=CC=CC=C2,10147,577-92-4,IYPYKRAEQZVXSC-UHFFFAOYSA-N,226.31
4-tert-Butyl-o-thiocresol,CC1=C(C=CC(=C1)C(C)(C)C)S,3492,15570-10-2,DUZJXKYBSMFDIU-UHFFFAOYSA-N,180.31
4-tert-Butylbenzaldehyde,CC(C)(C)C1=CC=C(C=C1)C=O,15634,939-97-9,OTXINXDGSUFPNU-UHFFFAOYSA-N,162.23
4-Tert-butylbenzamide,CC(C)(C)C1=CC=C(C=C1)C(=O)N,9929,56108-12-4,VIPMBJSGYWWHAO-UHFFFAOYSA-N,177.24
4-tert-Butylbenzhydrazide,CC(C)(C)C1=CC=C(C=C1)C(=O)NN,8546,43100-38-5,XYUFQWDLRLHUPB-UHFFFAOYSA-N,192.26
4-tert-Butylbenzoic acid,CC(C)(C)C1=CC=C(C=C1)C(=O)O,16005,98-73-7,KDVYCTOWXSLNNI-UHFFFAOYSA-N,178.23
4-tert-Butylbenzoic Acid Vinyl Ester,CC(C)(C)C1=CC=C(C=C1)C(=O)OC=C,3465,15484-80-7,ZLHVSEPPILCZHH-UHFFFAOYSA-N,204.26
4-tert-Butylcatechol,CC(C)(C)C1=CC(=C(C=C1)O)O,15994,98-29-3,XESZUVZBAMCAEJ-UHFFFAOYSA-N,166.22
4-tert-Butylcyclohexanol,CC(C)(C)C1CCC(CC1)O,15997,98-52-2,CCOQPGVQAWPUPE-UHFFFAOYSA-N,156.26
4-tert-Butylcyclohexanone,CC(C)(C)C1CCC(=O)CC1,15998,98-53-3,YKFKEYKJGVSEIX-UHFFFAOYSA-N,154.25
4-tert-Butylcyclohexene,CC(C)(C)C1CCC=CC1,5102,2228-98-0,PJTMQLHFQYFBBB-UHFFFAOYSA-N,138.25
4-tert-Butylcyclohexyl acetate,CC(=O)OC1CCC(CC1)C(C)(C)C,7335,32210-23-4,MBZRJSQZCBXRGK-UHFFFAOYSA-N,198.3
4-tert-Butylcyclohexyl acrylate,CC(C)(C)C1CCC(CC1)OC(=O)C=C,14477,84100-23-2,LAIJAUHBAWLPCO-UHFFFAOYSA-N,210.31
4-tert-Butylcyclohexyl methacrylate,CC(=C)C(=O)OC1CCC(CC1)C(C)(C)C,8849,46729-07-1,PILKNUBLAZTESB-UHFFFAOYSA-N,224.34
4-tert-Butylphenol,CC(C)(C)C1=CC=C(C=C1)O,15999,98-54-4,QHPQWRBYOIRBIT-UHFFFAOYSA-N,150.22
4-tert-Butylphenyl salicylate,CC(C)(C)C1=CC=C(C=C1)OC(=O)C2=CC=CC=C2O,14778,87-18-3,DBOSBRHMHBENLP-UHFFFAOYSA-N,270.32
4-tert-Butylstyrene,CC(C)(C)C1=CC=C(C=C1)C=C,4117,1746-23-2,QEDJMOONZLUIMC-UHFFFAOYSA-N,160.25
4-tert-Butyltoluene,CC1=CC=C(C=C1)C(C)(C)C,15996,98-51-1,QCWXDVFBZVHKLV-UHFFFAOYSA-N,148.24
4-tert-Octylphenol,CC(C)(C)CC(C)(C)C1=CC=C(C=C1)O,2925,140-66-9,ISAVYTVYFVQUDY-UHFFFAOYSA-N,206.32
4-Tetradecylaniline,CCCCCCCCCCCCCCC1=CC=C(C=C1)N,17804,,WKYFQPQIOXXPGE-UHFFFAOYSA-N,289.5
4-Tetradecylmorpholine,CCCCCCCCCCCCCCN1CCOCC1,5975,25727-93-9,JMJDXDJTXDRLAL-UHFFFAOYSA-N,283.5
4-Thujanol,CC(C)[C@@]12CC[C@@]([C@@H]1C2)(C)O,4166,17699-16-0,KXSDPILWMGFJMM-AEJSXWLSSA-N,154.25
4-Trifluoromethylphenyl-2-biphenylyl-3-hydroxypropionic acid,C1=CC=C(C=C1)C2=CC=CC=C2C(C(C3=CC=C(C=C3)C(F)(F)F)O)C(=O)O,3009,141901-74-8,WZCPXDVHGSRSLT-UHFFFAOYSA-N,386.4
4-Undecanol,CCCCCCCC(CCC)O,8507,4272-06-4,FNORHVDKJWGANC-UHFFFAOYSA-N,172.31
"4-Undecene, (Z)-",CCCCCC/C=C\CCC,14320,821-98-7,JABYJIQOLGWMQW-CLFYSBASSA-N,154.29
"4-Undecene, 10-methyl-, (E)-",CCC/C=C/CCCCC(C)C,13398,74630-60-7,ITORYBUTDYSXJX-VOTSOKGWSA-N,168.32
"4-Undecene, 3-methyl-, (E)-",CCCCCC/C=C/C(C)CC,13401,74645-87-7,FOCAIPNHDGQZST-ZHACJKMWSA-N,168.32
"4-Undecene, 9-methyl-, (Z)-",CCC/C=C\CCCC(C)CC,13397,74630-56-1,MRDXRMFXCKZKKF-FPLPWBNLSA-N,168.32
4-Undecylbenzenesulfonic acid,CCCCCCCCCCCC1=CC=C(C=C1)S(=O)(=O)O,8147,39156-49-5,UCDCOJNNUVYFKJ-UHFFFAOYSA-N,312.5
4-Vinylaniline,C=CC1=CC=C(C=C1)N,3394,1520-21-4,LBSXSAXOLABXMF-UHFFFAOYSA-N,119.16
4-Vinylbenzoic acid,C=CC1=CC=C(C=C1)C(=O)O,822,1075-49-6,IRQWEODKXLDORP-UHFFFAOYSA-N,148.16
4-Vinylcyclohexene,C=CC1CCC=CC1,9,100-40-3,BBDKZWKEPDTENS-UHFFFAOYSA-N,108.18
4-Vinylcyclohexene dioxide,C1CC2C(O2)CC1C3CO3,675,106-87-6,OECTYKWYRCHAKR-UHFFFAOYSA-N,140.18
4-Vinylpyridine,C=CC1=CC=NC=C1,12,100-43-6,KFDVPJUYSDEJTH-UHFFFAOYSA-N,105.14
4-{[4-({4-[(4-Hydroxybutoxy)carbonyl]benzoyl}oxy)butoxy]carbonyl}benzoic acid,C1=CC(=CC=C1C(=O)O)C(=O)OCCCCOC(=O)C2=CC=C(C=C2)C(=O)OCCCCO,4876,210566-87-3,BKEHTHXBXZNSIH-UHFFFAOYSA-N,458.5
"4a,8a-Dimethyldecahydronaphthalene",CC12CCCCC1(CCCC2)C,2902,13950-38-4,FUUGBGSHEIEQMS-UHFFFAOYSA-N,166.3
"4a,8a-Ethenonaphthalene, 1,2,3,4,5,8-hexahydro-",C1CCC23CC=CCC2(C1)C=C3,5369,24139-32-0,CZKPIMSROUSLTQ-UHFFFAOYSA-N,160.25
"4a-Dichloromethyl-4,4a,5,6,7,8-hexahydro-3H-naphthalen-2-one",C1CCC2(CCC(=O)C=C2C1)C(Cl)Cl,4476,18963-08-1,USVCJXSSLDMRBC-UHFFFAOYSA-N,233.13
"4a-Methyl-1,2,3,4,4a,5,6,7-octahydronaphthalene",CC12CCCCC1=CCCC2,2897,13943-77-6,GCLZXEJWFDSXJZ-UHFFFAOYSA-N,150.26
"4a-Methyl-1-methylene-1,2,3,4,4a,9,10,10a-octahydrophenanthrene",CC12CCCC(=C)C1CCC3=CC=CC=C23,9476,53084-68-7,YRVHOFSHGNTBDW-UHFFFAOYSA-N,212.33
"4H-1,3,5-Oxadiazin-4-one, tetrahydro-3,5-bis(hydroxymethyl)-",C1N(C(=O)N(CO1)CO)CO,13153,7327-69-7,QQAVKLGSLZBVBF-UHFFFAOYSA-N,162.14
"4H-3,1-Benzoxazin-4-one, 2,2'-(1,4-phenylene)bis-",C1=CC=C2C(=C1)C(=O)OC(=N2)C3=CC=C(C=C3)C4=NC5=CC=CC=C5C(=O)O4,4363,18600-59-4,BBITXNWQALLODC-UHFFFAOYSA-N,368.3
"4H-Pyran-4-one, 2,3-dihydro-3,5-dihydroxy-6-methyl-",CC1=C(C(=O)C(CO1)O)O,6707,28564-83-2,VOLMSPGWNYJHQQ-UHFFFAOYSA-N,144.12
"5(4H)-Oxazolone, 2,2'-(1,4-phenylene)bis[4-[(4-methoxyphenyl)methylene]-",COC1=CC=C(C=C1)C=C2C(=O)OC(=N2)C3=CC=C(C=C3)C4=NC(=CC5=CC=C(C=C5)OC)C(=O)O4,9179,51202-86-9,XZRFHDOOIZDXFC-UHFFFAOYSA-N,480.5
"5(4H)-Oxazolone, 4,4'-(1,4-phenylenedimethylidyne)bis(2-phenyl-",C1=CC=C(C=C1)C2=NC(=CC3=CC=C(C=C3)C=C4C(=O)OC(=N4)C5=CC=CC=C5)C(=O)O2,5982,25744-09-6,XYSKEVMXUOWHBI-UHFFFAOYSA-N,420.4
"5,10-Dihydroindeno[2,1-a]indene",C1C2=CC=CC=C2C3=C1C4=CC=CC=C4C3,11555,6543-29-9,NTKABUUDQHBJCL-UHFFFAOYSA-N,204.27
"5,5-Bis(3,3-dimethylbutyl)-2,2,8,8-tetramethylnonane",CC(C)(C)CCC(CCC(C)(C)C)(CCC(C)(C)C)CCC(C)(C)C,2092,126724-71-8,DRLWCOCRWBVOMV-UHFFFAOYSA-N,352.7
"5,5-Dimethyl-2-phenoxy-1,3,2-dioxaphosphinane",CC1(COP(OC1)OC2=CC=CC=C2)C,7062,3057-08-7,JSVDMQKVGLGYCM-UHFFFAOYSA-N,226.21
"5,5-Dimethyl-3,7-dioxabicyclo[7.2.2]trideca-1(11),9,12-triene-2,8-dione",CC1(COC(=O)C2=CC=C(C=C2)C(=O)OC1)C,5532,24854-59-9,AORSEFHXORRKKE-UHFFFAOYSA-N,234.25
"5,6,7,8,9,10,11,12,13,14-Decahydrobenzocyclododecene",C1CCCCCC2=CC=CC=C2CCCC1,12900,7125-10-2,XUUSUEJGOWEHBD-UHFFFAOYSA-N,216.36
"5,6-dihydro-4H-benzo[de]anthracene",C1CC2=C3C(=CC4=CC=CC=C4C3=CC=C2)C1,8577,4389-09-7,VFZDNSWGNPSQLY-UHFFFAOYSA-N,218.29
"5,6-Dimethoxysterigmatocystin",COC1=C(C2=C(C(=C1)O)C(=O)C3=C(C=C4C(=C3O2)C5C=COC5O4)OC)OC,11528,65176-75-2,RSPJLZQIZABVSE-UHFFFAOYSA-N,384.3
"5,6-Dimethyl-1H-benzotriazole",CC1=CC2=NNN=C2C=C1C,8418,4184-79-6,MVPKIPGHRNIOPT-UHFFFAOYSA-N,147.18
"5,6-Dimethyldecane",CCCCC(C)C(C)CCCC,3808,1636-43-7,NCJIZIYQFWXMFZ-UHFFFAOYSA-N,170.33
"5,6-Dimethylheptane-1,6-diamine",CC(CCCCN)C(C)(C)N,5931,25620-58-0,HUXPKQXHDPXCMM-UHFFFAOYSA-N,158.28
"5,6-Dimethyltetralin",CC1=C(C2=C(CCCC2)C=C1)C,4666,20027-77-4,ONUWVTFBEJFWAS-UHFFFAOYSA-N,160.25
"5,7-Di-2-thienylthieno[3,4-b]pyrazine",C1=CSC(=C1)C2=C3C(=C(S2)C4=CC=CS4)N=CC=N3,3543,156645-42-0,FQDGUWXAKHTHRK-UHFFFAOYSA-N,300.4
"5,7-Dimethoxycoumarin",COC1=CC2=C(C=CC(=O)O2)C(=C1)OC,8947,487-06-9,NXJCRELRQHZBQA-UHFFFAOYSA-N,206.19
"5,7-Dimethyltetralin",CC1=CC(=C2CCCCC2=C1)C,4997,21693-54-9,MDAXYSXRAMOWLY-UHFFFAOYSA-N,160.25
"5,7-Octadien-2-ol, 2,6-dimethyl-, (Z)-",C/C(=C/CCC(C)(C)O)/C=C,13645,7643-59-6,IJFKZRMIRAVXRK-CLFYSBASSA-N,154.25
"5,8,11,13,16,19-Hexaoxatricosane",CCCCOCCOCCOCOCCOCCOCCCC,3081,143-29-3,DKWHHTWSTXZKDW-UHFFFAOYSA-N,336.5
"5,8,11,14-Icosatetraenoic Acid",CCCCCC=CCC=CCC=CCC=CCCCC(=O)O,13817,7771-44-0,YZXBAPSDXZZRGB-UHFFFAOYSA-N,304.5
"5,8,11-Eicosatriynoic acid",CCCCCCCCC#CCC#CCC#CCCCC(=O)O,2660,13488-22-7,OWYNLPMPYBYKJP-UHFFFAOYSA-N,300.4
"5,8,8-Trimethyl-3-oxatricyclo(5.1.0.02,4)octane",CC1CC2C(C2(C)C)C3C1O3,6589,27867-36-3,KNHFDBGGSOSGEO-UHFFFAOYSA-N,152.23
"5,8-Diethyldodecane",CCCCC(CC)CCC(CC)CCCC,5395,24251-86-3,DGQRNAPEPDFOEX-UHFFFAOYSA-N,226.44
5-(2-Methylpropyl)nonane,CCCCC(CCCC)CC(C)C,10889,62185-53-9,RCOXMOQVMZTXOO-UHFFFAOYSA-N,184.36
"5-(3,3-Dimethyloxiran-2-yl)-3-methylpent-2-enal",CC(=CC=O)CCC1C(O1)(C)C,6016,25825-47-2,VZUZJYDKCIVBDN-UHFFFAOYSA-N,168.23
"5-(3-Phenylpropioloyl)isobenzofuran-1,3-dione",C1=CC=C(C=C1)C#CC(=O)C2=CC3=C(C=C2)C(=O)OC3=O,2475,1329658-14-1,PIJHMKDKKSQWJW-UHFFFAOYSA-N,276.24
"5-(4,6-Dichlorotriazinyl)aminofluorescein",C1=CC2=C(C=C1NC3=NC(=NC(=N3)Cl)Cl)C(=O)OC24C5=C(C=C(C=C5)O)OC6=C4C=CC(=C6)O,9212,51306-35-5,HWQQCFPHXPNXHC-UHFFFAOYSA-N,495.3
"5-(tert-Butyl)-3-methyl-1,2-phenylene dibenzoate",CC1=CC(=CC(=C1OC(=O)C2=CC=CC=C2)OC(=O)C3=CC=CC=C3)C(C)(C)C,1950,1232839-86-9,GXNXZJMAFGKLQI-UHFFFAOYSA-N,388.5
"5-[(2,3-dihydro-6-methyl-2-oxo-1H-benzimidazol-5-yl)azo]barbituric acid",CC1=CC2=C(C=C1N=NC3C(=O)NC(=O)NC3=O)NC(=O)N2,13018,72102-84-2,RITYHZCLJGBCAJ-UHFFFAOYSA-N,302.25
"5-[(3,4-Dichlorophenyl)azo]-1,2-dihydro-6-hydroxy-1,4-dimethyl-2-oxonicotinonitrile",CC1=C(C(=O)N(C(=C1C#N)O)C)N=NC2=CC(=C(C=C2)Cl)Cl,14399,83249-52-9,JPVPLXKLBHAQLE-UHFFFAOYSA-N,337.2
"5-[(4-nitrobenzyl)sulfanyl]-4H-1,2,4-triazol-3-amine",C1=CC(=CC=C1CSC2=NNC(=N2)N)[N+](=O)[O-],8342,41266-79-9,DEJVQZGMBZKGIR-UHFFFAOYSA-N,251.27
5-[(6-Sulfonaphthalen-1-yl)methyl]naphthalene-2-sulfonic acid,C1=CC2=C(C=CC(=C2)S(=O)(=O)O)C(=C1)CC3=CC=CC4=C3C=CC(=C4)S(=O)(=O)O,15319,9084-06-4,XQFKOAKYKWUBKQ-UHFFFAOYSA-N,428.5
5-Aminotetrazole,C1(=NNN=N1)N,8591,4418-61-5,ULRPISSMEBPJLN-UHFFFAOYSA-N,85.07
"5-Bromo-5-nitro-1,3-dioxane",C1C(COCO1)([N+](=O)[O-])Br,6957,30007-47-7,XVBRCOKDZVQYAY-UHFFFAOYSA-N,212
5-Butyl-tetralin,CCCCC1=CC=CC2=C1CCCC2,11667,66325-42-6,HLZHYZXDXDQGEB-UHFFFAOYSA-N,188.31
5-Butylnonane,CCCCC(CCCC)CCCC,4068,17312-63-9,YXSQPZMAIVSYDV-UHFFFAOYSA-N,184.36
5-Chloro-2-(4-chlorophenoxy)phenol,C1=CC(=CC=C1OC2=C(C=C(C=C2)Cl)O)Cl,7556,3380-30-1,BYNQFCJOHGOKSS-UHFFFAOYSA-N,255.09
5-Chloro-2-hydroxy-4-methylbenzophenone,CC1=CC(=C(C=C1Cl)C(=O)C2=CC=CC=C2)O,12432,68751-90-6,IOGQACQRFGDUPT-UHFFFAOYSA-N,246.69
5-Chloro-2-methyl-4-isothiazolin-3-one,CN1C(=O)C=C(S1)Cl,6131,26172-55-4,DHNRXBZYEKSXIM-UHFFFAOYSA-N,149.6
5-Chloro-3-phenyl-4-isothiazolecarbonitrile,C1=CC=C(C=C1)C2=NSC(=C2C#N)Cl,4549,19363-60-1,XVZHEHJRVLCBAM-UHFFFAOYSA-N,220.68
5-Chlorobenzotriazole,C1=CC2=NNN=C2C=C1Cl,15673,94-97-3,PZBQVZFITSVHAW-UHFFFAOYSA-N,153.57
5-Decanone,CCCCCC(=O)CCCC,14312,820-29-1,JDPQWHLMBJZURR-UHFFFAOYSA-N,156.26
5-Dodecanone,CCCCCCCC(=O)CCCC,4618,19780-10-0,DOXYUCZSYSEALW-UHFFFAOYSA-N,184.32
5-Dodecene,CCCCCC/C=C/CCCC,13007,7206-16-8,ZOKYTRIEIDWYSG-PKNBQFBNSA-N,168.32
5-Dodecene,CCCCCC/C=C/CCCC,13012,7206-28-2,ZOKYTRIEIDWYSG-PKNBQFBNSA-N,168.32
5-Dodecyne,CCCCCCC#CCCCC,4619,19780-12-2,JQPXWRQCSIYOOP-UHFFFAOYSA-N,166.3
5-Ethenylfuran-2-carbaldehyde,C=CC1=CC=C(O1)C=O,7384,32630-50-5,YOYFXGKQGYRVDG-UHFFFAOYSA-N,122.12
"5-Ethyl-1,3-diglycidyl-5-methylhydantoin",CCC1(C(=O)N(C(=O)N1CC2CO2)CC3CO3)C,3435,15336-82-0,JBBURRWEMSTGIX-UHFFFAOYSA-N,254.28
"5-Ethyl-1,3-dioxane-5-methanol",CCC1(COCOC1)CO,9279,5187-23-5,BGFBWRWYROQISE-UHFFFAOYSA-N,146.18
"5-Ethyl-2,2,3-trimethylheptane",CCC(CC)CC(C)C(C)(C)C,10893,62199-06-8,OOIGDPTZPWRGHN-UHFFFAOYSA-N,170.33
5-Ethyl-2-methylpyridine,CCC1=CN=C(C=C1)C,503,104-90-5,NTSLROIKFLNUIJ-UHFFFAOYSA-N,121.18
5-Ethyl-4-octanone,CCCC(CC)C(=O)CCC,16883,,JFIPVBXBRGWWJJ-UHFFFAOYSA-N,156.26
5-Ethylcyclopentene-1-carbaldehyde,CCC1CCC=C1C=O,7837,36431-60-4,BXRHTYIYAZHIHF-UHFFFAOYSA-N,124.18
5-Ethylidene-2-norbornene,C/C=C/1\CC2CC1C=C2,3743,16219-75-3,OJOWICOBYCXEKR-KRXBUXKQSA-N,120.19
5-Ethylundecane,CCCCCCC(CC)CCCC,4111,17453-94-0,MKHPXJRMKJYYON-UHFFFAOYSA-N,184.36
"5-Fluorobenzene-1,3-diamine",C1=C(C=C(C=C1N)F)N,7922,372-41-8,LIYOGZUQGPRENF-UHFFFAOYSA-N,126.13
5-Hexadecanone,CCCCCCCCCCCC(=O)CCCC,8420,41903-81-5,GASJOQPNNSMIFF-UHFFFAOYSA-N,240.42
"5-Hexadecenoic acid, 2-methoxy-, methyl ester",CCCCCCCCCC/C=C\CCC(C(=O)OC)OC,16610,,CTVWZQNQTIGFBN-YPKPFQOOSA-N,298.5
5-Hexadecyne,CCCCCCCCCCC#CCCCC,12985,71899-37-1,QMIJSVFNLQOMAY-UHFFFAOYSA-N,222.41
5-Hexen-1-ol,C=CCCCCO,14316,821-41-0,UIZVMOZAXAMASY-UHFFFAOYSA-N,100.16
5-Hexen-2-one,CC(=O)CCC=C,933,109-49-9,RNDVGJZUHCKENF-UHFFFAOYSA-N,98.14
"5-Hexen-3-YN-2-OL, 2-methyl-",CC(C)(C#CC=C)O,12582,690-94-8,OYWGYGPXPDGOGH-UHFFFAOYSA-N,110.15
5-hydroxybisphenol A,CC(C)(C1=CC=C(C=C1)O)C2=CC(=C(C=C2)O)O,14068,79371-66-7,YGFAMQHMUSBLBC-UHFFFAOYSA-N,244.28
"5-Hydroxymethoxymethyl-1-aza-3,7-dioxabicyclo(3.3.0)octane",C1C2(COCN2CO1)COCO,10419,59720-42-2,LOOVHMYLQJKYRI-UHFFFAOYSA-N,175.18
5-Hydroxymethylfurfural,C1=C(OC(=C1)C=O)CO,11715,67-47-0,NOEGNKMFWQHSLB-UHFFFAOYSA-N,126.11
5-Hydroxyoxindole,C1C2=C(C=CC(=C2)O)NC1=O,7592,3416-18-0,ZGTUSQAQXWSMDW-UHFFFAOYSA-N,149.15
5-Indanol,C1CC2=C(C1)C=C(C=C2)O,3211,1470-94-6,PEHSSTUGJUBZBI-UHFFFAOYSA-N,134.17
"5-Isopropyl-1,2,4-trimethylbenzene",CC1=CC(=C(C=C1C)C(C)C)C,328,10222-95-4,POOXAYBPGIHSME-UHFFFAOYSA-N,162.27
5-Isopropyl-m-xylene,CC1=CC(=CC(=C1)C(C)C)C,8867,4706-90-5,RMKJTYPFCFNTGQ-UHFFFAOYSA-N,148.24
5-Isopropylbicyclo[3.1.0]hex-2-ene-2-carbaldehyde,CC(C)C12CC=C(C1C2)C=O,10074,57129-54-1,YZNIFKFTGCAOST-UHFFFAOYSA-N,150.22
5-Isopropylbicyclo[3.1.0]hexan-2-one,CC(C)C12CCC(=O)C1C2,9204,513-20-2,MDDYCNAAAZKNAJ-UHFFFAOYSA-N,138.21
"5-Methyl-1,2,3-thiadiazole",CC1=CN=NS1,9076,50406-54-7,PJBPUBIFRFCYHE-UHFFFAOYSA-N,100.14
5-Methyl-1-hepten-4-ol,CCC(C)C(CC=C)O,16071,99328-46-8,MQPXBYVFQKTJJZ-UHFFFAOYSA-N,128.21
5-Methyl-1-heptene,CCC(C)CCC=C,2335,13151-04-7,WNEYWVBECXCQRT-UHFFFAOYSA-N,112.21
5-Methyl-1-phenylhex-5-en-1-one,CC(=C)CCCC(=O)C1=CC=CC=C1,16865,,GKGWPSZFIYQRRW-UHFFFAOYSA-N,188.26
5-Methyl-1-phenylhexan-1-one,CC(C)CCCC(=O)C1=CC=CC=C1,5905,25552-17-4,GDLHZUSLTJYZFX-UHFFFAOYSA-N,190.28
5-Methyl-1-undecene,CCCCCCC(C)CCC=C,3205,146919-79-1,HNWYNXVFBLSLQE-UHFFFAOYSA-N,168.32
5-Methyl-1H-benzotriazole,CC1=CC2=NNN=C2C=C1,2728,136-85-6,LRUDIIUSNGCQKF-UHFFFAOYSA-N,133.15
5-Methyl-2-hexanone,CC(C)CCC(=O)C,981,110-12-3,FFWSICBKRCICMR-UHFFFAOYSA-N,114.19
5-Methyl-2-hexene,C/C=C/CC(C)C,7579,3404-62-4,GHBKCPRDHLITSE-SNAWJCMRSA-N,98.19
5-Methyl-2-phenyl-1H-indole,CC1=CC2=C(C=C1)NC(=C2)C3=CC=CC=C3,2420,13228-36-9,JPFTUUXPCFNLIX-UHFFFAOYSA-N,207.27
"5-Methyl-3-phenyl-1,3-oxazolidine",CC1CN(CO1)C2=CC=CC=C2,13215,73861-82-2,VJPMKAHLPYDCHH-UHFFFAOYSA-N,163.22
5-Methyl-3-phenylcyclopent-2-en-1-one,CC1CC(=CC1=O)C2=CC=CC=C2,6116,26131-82-8,HYTOBZXFHCZOEC-UHFFFAOYSA-N,172.22
5-Methyl-5-propylnonane,CCCCC(C)(CCC)CCCC,4069,17312-75-3,MIDLKLFOPVFCQK-UHFFFAOYSA-N,184.36
"5-Methyl-[1,2,4]triazolo[1,5-a]pyrimidin-7-ol",CC1=CC(=O)N2C(=N1)N=CN2,5609,2503-56-2,INVVMIXYILXINW-UHFFFAOYSA-N,150.14
"5-Methylbenzo(b)naphtho(2,1-d)thiophene",CC1=CC2=C(C3=CC=CC=C13)SC4=CC=CC=C42,8797,4567-49-1,LCIWJCAUAOQCDL-UHFFFAOYSA-N,248.3
5-Methylchrysene,CC1=CC2=CC=CC=C2C3=C1C4=CC=CC=C4C=C3,7907,3697-24-3,GOHBXWHNJHENRX-UHFFFAOYSA-N,242.3
5-Methyldec-1-ene,CCCCCC(C)CCC=C,9648,54244-79-0,GHCFSQGBRCMQNQ-UHFFFAOYSA-N,154.29
5-Methyldodecane,CCCCCCCC(C)CCCC,4110,17453-93-9,NVINYZLICSJRSI-UHFFFAOYSA-N,184.36
5-Methylene-2-norbornene,C=C1CC2CC1C=C2,12644,694-91-7,WTQBISBWKRKLIJ-UHFFFAOYSA-N,106.16
5-Methyleneheptadecane,CCCCCCCCCCCCC(=C)CCCC,10124,57557-53-6,BMXMXVGOTFFUNV-UHFFFAOYSA-N,252.5
5-Methylfurfural,CC1=CC=C(O1)C=O,10855,620-02-0,OUDFNZMQXZILJD-UHFFFAOYSA-N,110.11
5-Methylheptadecane,CCCCCCCCCCCCC(C)CCCC,6323,26730-95-0,WHUUMUMJALVXPL-UHFFFAOYSA-N,254.5
5-Methylheptylbenzene,CCC(C)CCCCC1=CC=CC=C1,17164,,UPVOVYXEOKLFQE-UHFFFAOYSA-N,190.32
5-Methylhydantoin,CC1C(=O)NC(=O)N1,10676,616-03-5,VMAQYKGITHDWKL-UHFFFAOYSA-N,114.1
5-Methylindan,CC1=CC2=C(CCC2)C=C1,14830,874-35-1,RFXBCGVZEJEYGG-UHFFFAOYSA-N,132.2
5-Methylnonacosane,CCCCCCCCCCCCCCCCCCCCCCCCC(C)CCCC,12977,71868-29-6,OGTLNRSFHFQTMC-UHFFFAOYSA-N,422.8
5-Methylnonane,CCCCC(C)CCCC,3610,15869-85-9,TYSIILFJZXHVPU-UHFFFAOYSA-N,142.28
5-Methyloctadecane,CCCCCCCCCCCCCC(C)CCCC,5733,25117-35-5,FRVYSTFGTANOHG-UHFFFAOYSA-N,268.5
5-Methylpentadecane,CCCCCCCCCCC(C)CCCC,5732,25117-33-3,YWUXIGHUBKWHRW-UHFFFAOYSA-N,226.44
5-Methyltetradecane,CCCCCCCCCC(C)CCCC,5731,25117-32-2,SQKZZFHVQCSUHZ-UHFFFAOYSA-N,212.41
5-Methyltetrazole,CC1=NNN=N1,8301,4076-36-2,XZGLNCKSNVGDNX-UHFFFAOYSA-N,84.08
5-Methyltridecane,CCCCCCCCC(C)CCCC,5730,25117-31-1,NFWBQMAWXUZCRJ-UHFFFAOYSA-N,198.39
5-Methylundecane,CCCCCCC(C)CCCC,3795,1632-70-8,QULNVKABFWNUCW-UHFFFAOYSA-N,170.33
5-Nitro-o-toluenesulfonic acid,CC1=C(C=C(C=C1)[N+](=O)[O-])S(=O)(=O)O,1717,121-03-9,ZDTXQHVBLWYPHS-UHFFFAOYSA-N,217.2
5-Nitroisophthalaldehyde,C1=C(C=C(C=C1C=O)[N+](=O)[O-])C=O,7814,36308-36-8,RXACCCLYSOFTFW-UHFFFAOYSA-N,179.13
5-Nonanone,CCCCC(=O)CCCC,9050,502-56-7,WSGCRAOTEDLMFQ-UHFFFAOYSA-N,142.24
"5-Norbornene-2,3-dicarboxylic anhydride",C1C2C=CC1C3C2C(=O)OC3=O,14351,826-62-0,KNDQHSIWLOJIGP-UHFFFAOYSA-N,164.16
5-Octadecanone,CCCCCCCCCCCCCC(=O)CCCC,4295,18276-99-8,RLQCXKKPOOBJFD-UHFFFAOYSA-N,268.5
5-Octadecene,CCCCCCCCCCCC/C=C/CCCC,13010,7206-21-5,YIYQJOMDMPTKEL-PKNBQFBNSA-N,252.5
"5-Octen-2-one, 3,6-dimethyl-",CC/C(=C/CC(C)C(=O)C)/C,11289,64165-21-5,VSCXSOIJQDYIOX-SOFGYWHQSA-N,154.25
5-Oxopentyl benzoate,C1=CC=C(C=C1)C(=O)OCCCCC=O,9773,55162-83-9,GVMCAESDBLOXND-UHFFFAOYSA-N,206.24
5-Pentadecanone,CCCCCCCCCCC(=O)CCCC,15528,92862-23-2,NADMBULPSVEFAV-UHFFFAOYSA-N,226.4
5-Phenyl-1H-tetrazole,C1=CC=C(C=C1)C2=NNN=N2,4236,18039-42-4,MARUHZGHZWCEQU-UHFFFAOYSA-N,146.15
5-Phenyl-2-pentene,C/C=C/CCC1=CC=CC=C1,4106,1745-16-0,GLXIHKLBZUKOLW-NSCUHMNNSA-N,146.23
"5-Phenyl-4,5-dihydro-1H-pyrazole",C1C=NNC1C2=CC=CC=C2,15608,936-47-0,HNXVMLLBTMWOAM-UHFFFAOYSA-N,146.19
5-Phenyldodecane,CCCCCCCC(CCCC)C1=CC=CC=C1,6448,2719-63-3,NPAWGLOPXKCTCV-UHFFFAOYSA-N,246.4
5-Phenylundecane,CCCCCCC(CCCC)C1=CC=CC=C1,8783,4537-15-9,RRPCXIBGXYGQNC-UHFFFAOYSA-N,232.4
5-Propyldecane,CCCCCC(CCC)CCCC,4067,17312-62-8,OYGXFRZNLCWGOZ-UHFFFAOYSA-N,184.36
5-Propyltridecane,CCCCCCCCC(CCC)CCCC,9757,55045-11-9,SCMYWAVVKSTDNI-UHFFFAOYSA-N,226.44
5-Sulfoisophthalic acid,C1=C(C=C(C=C1C(=O)O)S(=O)(=O)O)C(=O)O,5111,22326-31-4,CARJPEPCULYFFP-UHFFFAOYSA-N,246.2
5-Tetradecanone,CCCCCCCCCC(=O)CCCC,7293,31857-89-3,HLZRTHFXZSWIBW-UHFFFAOYSA-N,212.37
"5-Tetradecene, (E)-",CCCCCCCC/C=C/CCCC,8362,41446-66-6,SNIFAVVHRQZYGO-PKNBQFBNSA-N,196.37
"5-Tetradecene, (Z)-",CCCCCCCC/C=C\CCCC,8360,41446-62-2,SNIFAVVHRQZYGO-LUAWRHEFSA-N,196.37
5-Tridecanone,CCCCCCCCC(=O)CCCC,7097,30692-16-1,VCTJSLKBPLOIOT-UHFFFAOYSA-N,198.34
5-Undecanone,CCCCCCC(=O)CCCC,7452,33083-83-9,WENNKWXPAWNIOO-UHFFFAOYSA-N,170.29
"5-Undecene, 3-methyl-, (E)-",CCCCC/C=C/CC(C)CC,13400,74630-67-4,RSPROKHXXUOOHN-MDZDMXLPSA-N,168.32
"5-Undecene, 7-methyl-, (E)-",CCCC/C=C/C(C)CCCC,13399,74630-66-3,AYGCSJBMFWHHDD-PKNBQFBNSA-N,168.32
5-Vinyl-2-norbornene,C=CC1CC2CC1C=C2,7042,3048-64-4,INYHZQLKOKTDAI-UHFFFAOYSA-N,120.19
"5alpha-Cholestan-3beta-ol, 2-methylene-",C[C@H](CCCC(C)C)[C@H]1CC[C@@H]2[C@@]1(CC[C@H]3[C@H]2CC[C@@H]4[C@@]3(CC(=C)[C@@H](C4)O)C)C,16226,22599-96-8,ABRWCGWMRMPLID-HMUOIZGVSA-N,400.7
5alpha-Cholestane,C[C@H](CCCC(C)C)[C@H]1CC[C@@H]2[C@@]1(CC[C@H]3[C@H]2CC[C@@H]4[C@@]3(CCCC4)C)C,8919,481-21-0,XIIAYQZJNBULGD-XWLABEFZSA-N,372.7
"5H-Dibenzo[a,c]cyclohepten-5-ol",C1=CC=C2C(=C1)C=CC(C3=CC=CC=C32)O,14247,80636-47-1,XHCXDCWFEKBDJG-UHFFFAOYSA-N,208.25
"6,10,14-Trimethylpentadecan-2-ol",CC(C)CCCC(C)CCCC(C)CCCC(C)O,12668,69729-17-5,HTUZNQGPJMIELO-UHFFFAOYSA-N,270.5
"6,10,14-Trimethylpentadecan-2-one",CC(C)CCCC(C)CCCC(C)CCCC(=O)C,9052,502-69-2,WHWDWIHXSPCOKZ-UHFFFAOYSA-N,268.5
"6,10-Dimethyl-4-undecanol",CCCC(CC(C)CCCC(C)C)O,17328,,KUIVBKLNBPVAJK-UHFFFAOYSA-N,200.36
"6,10-Dimethylundecan-2-one",CC(C)CCCC(C)CCCC(=O)C,3667,1604-34-8,RBGLEUBCAJNCTR-UHFFFAOYSA-N,198.34
"6,13-Dihydrodibenzo(b,i)phenazine",C1=CC=C2C=C3C(=CC2=C1)NC4=CC5=CC=CC=C5C=C4N3,441,10350-06-8,WEZBHKGNUIINBQ-UHFFFAOYSA-N,282.3
"6,6'-(Ethane-1,2-diylbis(azanediyl))bis(dibenzo[c,e][1,2]oxaphosphinine 6-oxide)",C1=CC=C2C(=C1)C3=CC=CC=C3P(=O)(O2)NCCNP4(=O)C5=CC=CC=C5C6=CC=CC=C6O4,3044,1421927-53-8,PNFQZDSXVPAXNN-UHFFFAOYSA-N,488.4
"6,6-Diphenylfulvene",C1=CC=C(C=C1)C(=C2C=CC=C2)C3=CC=CC=C3,5008,2175-90-8,BULLHRADHZGONG-UHFFFAOYSA-N,230.3
"6,7-Diethyl-1,1,4,4-tetramethyltetraline",CCC1=CC2=C(C=C1CC)C(CCC2(C)C)(C)C,9872,55741-10-1,ZCGWNQXAIAWRRA-UHFFFAOYSA-N,244.4
"6,9-Dimethyltetradecane",CCCCCC(C)CCC(C)CCCCC,9759,55045-13-1,GLLSQPBDLZULLK-UHFFFAOYSA-N,226.44
"6-(2,5-Dihydroxyphenyl)-6H-dibenzo[c,e][1,2]oxaphosphinine 6-oxide",C1=CC=C2C(=C1)C3=CC=CC=C3P(=O)(O2)C4=C(C=CC(=C4)O)O,16068,99208-50-1,KMRIWYPVRWEWRG-UHFFFAOYSA-N,324.3
"6-(2-(2-Methyl-1H-imidazol-1-yl)ethyl)-1,3,5-triazine-2,4-diamine",CC1=NC=CN1CCC2=NC(=NC(=N2)N)N,8109,38668-46-1,DRQWQDPSMJHCCM-UHFFFAOYSA-N,219.25
"6-(2-Carboxy-4,5-dihydroxy-6-methoxyoxan-3-yl)oxy-4,5-dihydroxy-3-methoxyoxane-2-carboxylic acid",COC1C(C(C(OC1C(=O)O)OC2C(C(C(OC2C(=O)O)OC)O)O)O)O,15085,9005-34-9,GKFPPCXIBHQRQT-UHFFFAOYSA-N,398.32
6-(2-Propynyloxy)-1-hexanol,C#CCOCCCCCCO,10279,58757-86-1,YTNZKCVKQFVCJY-UHFFFAOYSA-N,156.22
6-(4-Hydroxyphenoxy)hexyl prop-2-enoate,C=CC(=O)OCCCCCCOC1=CC=C(C=C1)O,3731,161841-12-9,VWDSGKYABCFREO-UHFFFAOYSA-N,264.32
6-(6-Aminohexanamido)hexanoic acid,C(CCC(=O)NCCCCCC(=O)O)CCN,4681,2014-58-6,IWENLYKHSZCPRD-UHFFFAOYSA-N,244.33
"6-(Cyclohexylamino)-3-methyl-3H-dibenz(f,ij)isoquinoline-2,7-dione",CN1C2=C3C(=CC1=O)C4=CC=CC=C4C(=O)C3=C(C=C2)NC5CCCCC5,4922,21295-57-8,JZGUXCXDBKBCDN-UHFFFAOYSA-N,358.4
"6-[2,6-Difluoro-4-[4-(4-propylcyclohexyl)cyclohexyl]phenoxy]hexyl prop-2-enoate",CCCC1CCC(CC1)C2CCC(CC2)C3=CC(=C(C(=C3)F)OCCCCCCOC(=O)C=C)F,5898,255386-72-2,YMUKRYIUVCBGFA-UHFFFAOYSA-N,490.7
6-[3-Hydroxy-2-[[3-hydroxy-2-(hydroxymethyl)propoxy]methoxymethyl]propoxy]-6-oxohexanoic acid,C(CCC(=O)OCC(CO)COCOCC(CO)CO)CC(=O)O,16282,56509-15-0,IDJCDWRYOUMJPQ-UHFFFAOYSA-N,352.38
6-[4-[(E)-2-methoxycarbonyl-vinyl]-phenoxy]-hexyl 2-methyl-acrylate,CC(=C)C(=O)OCCCCCCOC1=CC=C(C=C1)/C=C/C(=O)OC,8582,439661-46-8,FZGJMEHLUVPSFU-JLHYYAGUSA-N,346.4
6-Acetamidohexanoic acid,CC(=O)NCCCCCC(=O)O,10040,57-08-9,WDSCBUNMANHPFH-UHFFFAOYSA-N,173.21
"6-Amino-1,3-dimethyluracil",CN1C(=CC(=O)N(C1=O)C)N,11676,6642-31-5,VFGRNTYELNYSKJ-UHFFFAOYSA-N,155.15
"6-Amino-2,3-dihydro-1,3-dioxo-1H-benz(de)isoquinoline-5-sulphonic acid",C1=CC2=C3C(=C1)C(=O)NC(=O)C3=CC(=C2N)S(=O)(=O)O,9318,52173-68-9,CTKMZCFTOKMBBS-UHFFFAOYSA-N,292.27
"6-Benzyl-1,3,5-triazine-2,4-diamine",C1=CC=C(C=C1)CC2=NC(=NC(=N2)N)N,4349,1853-88-9,GNOXQMPUXDWYPS-UHFFFAOYSA-N,201.23
"6-Butyl-1,4-cycloheptadiene",CCCCC1CC=CCC=C1,5177,22735-58-6,IRKYSUMPMNRVDS-UHFFFAOYSA-N,150.26
6-Butyltetralin,CCCCC1=CC2=C(CCCC2)C=C1,7082,30654-45-6,OOPPKRUACFCVFK-UHFFFAOYSA-N,188.31
6-Chloro-1-hexanol,C(CCCCl)CCO,4674,2009-83-8,JNTPTNNCGDAGEJ-UHFFFAOYSA-N,136.62
6-Deoxy-L-galactonolactone,CC(C1C(C(C(=O)O1)O)O)O,4668,20031-16-7,VASLEPDZAKCNJX-UHFFFAOYSA-N,162.14
6-Dodecanol,CCCCCCC(CCCCC)O,12111,6836-38-0,LRBBIFXICMMTOW-UHFFFAOYSA-N,186.33
6-Dodecanone,CCCCCCC(=O)CCCCC,10530,6064-27-3,ZAQZICGOYPRHCK-UHFFFAOYSA-N,184.32
"6-Dodecyl-1,2-dihydro-2,2,4-trimethylquinoline",CCCCCCCCCCCCC1=CC2=C(C=C1)NC(C=C2C)(C)C,14922,89-28-1,DOFLWDGGNKBGSL-UHFFFAOYSA-N,341.6
6-Ethyl-2-methyldecane,CCCCC(CC)CCCC(C)C,10875,62108-21-8,URCFDWVAWCRKTQ-UHFFFAOYSA-N,184.36
6-Ethyl-3-octanol,CCC(CC)CCC(CC)O,4629,19781-27-2,JWZFCOOWAQHCBP-UHFFFAOYSA-N,158.28
6-Ethyltetrahydro-2H-pyran-2-one,CCC1CCCC(=O)O1,7442,3301-90-4,JFVQYQDTHWLYHG-UHFFFAOYSA-N,128.17
6-Ethylundecane,CCCCCC(CC)CCCCC,4066,17312-60-6,UYLXFWBCWBLQEZ-UHFFFAOYSA-N,184.36
6-Hexadecanone,CCCCCCCCCCC(=O)CCCCC,10136,57661-23-1,CIAHHJXQZXLMPN-UHFFFAOYSA-N,240.42
6-Hexyltetrahydro-2H-pyran-2-one,CCCCCCC1CCCC(=O)O1,12869,710-04-3,YZRXRLLRSPQHDK-UHFFFAOYSA-N,184.27
"6-Hydroxy-1-(3-isopropoxypropyl)-4-methyl-2-oxo-5-(4-(phenylazo)phenylazo)-1,2-dihydro-3-pyridinecarbonitrile",CC1=C(C(=O)N(C(=C1C#N)O)CCCOC(C)C)N=NC2=CC=C(C=C2)N=NC3=CC=CC=C3,14610,85136-74-9,DBNTYRRNNIMMNB-UHFFFAOYSA-N,458.5
"6-Hydroxy-2,4,8,10-tetra-tert-butyldibenzo[d,f][1,3,2]dioxaphosphepin",CC(C)(C)C1=CC2=C(C(=C1)C(C)(C)C)OP(OC3=C2C=C(C=C3C(C)(C)C)C(C)(C)C)O,17750,,UESGEYFCYSJZSZ-UHFFFAOYSA-N,456.6
6-Hydroxy-2-naphthoic acid,C1=CC2=C(C=CC(=C2)O)C=C1C(=O)O,3904,16712-64-4,KAUQJMHLAFIZDU-UHFFFAOYSA-N,188.18
6-Hydroxyflavone,C1=CC=C(C=C1)C2=CC(=O)C3=C(O2)C=CC(=C3)O,16810,,GPZYYYGYCRFPBU-UHFFFAOYSA-N,238.24
6-Hydroxyhexanoic acid,C(CCC(=O)O)CCO,1523,1191-25-9,IWHLYPDWHHPVAA-UHFFFAOYSA-N,132.16
6-Isopropyldecahydronaphthalen-2-OL,CC(C)C1CCC2CC(CCC2C1)O,7590,34131-99-2,JBMLIVNFPGPRCB-UHFFFAOYSA-N,196.33
6-Methoxy-2-phenacyloxy-3(2H)-pyridazinone,COC1=NN(C(=O)C=C1)OCC(=O)C2=CC=CC=C2,9036,5004-19-3,RWBHOGWKCNIFQI-UHFFFAOYSA-N,260.24
6-Methoxyquinoline N-oxide,COC1=CC2=C(C=C1)[N+](=CC=C2)[O-],11581,6563-13-9,BWEGRKPOJXNZSK-UHFFFAOYSA-N,175.18
"6-Methyl-1,2,3,4-tetrahydronaphthalene",CC1=CC2=C(CCCC2)C=C1,3928,1680-51-9,IVIDJLLPQYHHLM-UHFFFAOYSA-N,146.23
"6-Methyl-1,2,3,5-tetrahydro-s-indacene",CC1=CC2=C(C1)C=C3CCCC3=C2,4705,202667-45-6,AHMSERHYRMNFKO-UHFFFAOYSA-N,170.25
6-Methyl-1-heptanol,CC(C)CCCCCO,3863,1653-40-3,BWDBEAQIHAEVLV-UHFFFAOYSA-N,130.23
6-Methyl-1-heptanol,CC(C)CCCCCO,6397,26952-21-6,BWDBEAQIHAEVLV-UHFFFAOYSA-N,130.23
"6-Methyl-2,3,4,4a,9,9a-hexahydro-1H-carbazole",CC1=CC2=C(C=C1)NC3C2CCCC3,11749,6731-86-8,GVYJONDNSWCNHQ-UHFFFAOYSA-N,187.28
6-Methyl-5-hepten-2-one,CC(=CCCC(=O)C)C,1025,110-93-0,UHEPJGULSIKKTP-UHFFFAOYSA-N,126.2
"6-methyl-5-nitro-1H-pyrrolo[2,3-b]pyridin-3-amine",CC1=C(C=C2C(=CNC2=N1)N)[N+](=O)[O-],35,1000340-22-6,ZTTVWMZUDPJIRK-UHFFFAOYSA-N,192.17
6-Methyl-6-phenylfulvene,CC(=C1C=CC=C1)C2=CC=CC=C2,5237,2320-32-3,MBNCGVQBXYMZSC-UHFFFAOYSA-N,168.23
6-Methylchrysene,CC1=CC2=C(C=CC3=CC=CC=C32)C4=CC=CC=C14,3998,1705-85-7,ASVDRLYVNFOSCI-UHFFFAOYSA-N,242.3
6-Methyldec-4-ene,CCCCC(C)C=CCCC,7804,36229-57-9,NPZGWUKMILXVMS-UHFFFAOYSA-N,154.29
6-Methylhept-5-en-2-ol,CC(CCC=C(C)C)O,3552,1569-60-4,OHEFFKYYKJVVOX-UHFFFAOYSA-N,128.21
6-Methylheptan-3-ol,CCC(CCC(C)C)O,4386,18720-66-6,MNBIBGDICHMQFN-UHFFFAOYSA-N,130.23
6-Methyloctadecane,CCCCCCCCCCCCC(C)CCCCC,605,10544-96-4,MMQAZWNADBJFCD-UHFFFAOYSA-N,268.5
6-Methylquinoxaline,CC1=CC2=NC=CN=C2C=C1,11143,6344-72-5,OSRARURJYPOUOV-UHFFFAOYSA-N,144.17
6-Methyltridecane,CCCCCCCC(C)CCCCC,2471,13287-21-3,SOMJQWRITYTQJL-UHFFFAOYSA-N,198.39
6-Nonenal,CC/C=C/CCCCC=O,5186,2277-20-5,RTNPCOBSXBGDMO-ONEGZZNKSA-N,140.22
6-O-Methylcerevisterol,C[C@H](/C=C/[C@H](C)C(C)C)[C@H]1CC[C@@H]2[C@@]1(CC[C@H]3C2=C[C@H]([C@@]4([C@@]3(CC[C@@H](C4)O)C)O)OC)C,2067,126060-09-1,GQVCGTRDXSDAHC-KNXFMRPFSA-N,444.7
"6-Octenal, 3,7-dimethyl-2-methylene-",CC(CCC=C(C)C)C(=C)C=O,5131,22418-66-2,FAGYGFPZNTYLAO-UHFFFAOYSA-N,166.26
6-Pentadecanone,CCCCCCCCCC(=O)CCCCC,46,1001-45-2,YSHXMTRDMDYAEC-UHFFFAOYSA-N,226.4
"6-Phenyl-1,3,5-triazine-2,4-diamine",C1=CC=C(C=C1)C2=NC(=NC(=N2)N)N,15349,91-76-9,GZVHEAJQGPRDLQ-UHFFFAOYSA-N,187.2
6-Phenyldodecane,CCCCCCC(CCCCC)C1=CC=CC=C1,6447,2719-62-2,ZYHJQFMTTFCBKH-UHFFFAOYSA-N,246.4
6-Phenylquinoline-4-carboxylic acid,C1=CC=C(C=C1)C2=CC3=C(C=CN=C3C=C2)C(=O)O,4612,1973181-45-1,BAHAQHNXBOUTIA-UHFFFAOYSA-N,249.26
6-Phenylundecane,CCCCCC(CCCCC)C1=CC=CC=C1,8782,4537-14-8,WCABIRIFXVXGQH-UHFFFAOYSA-N,232.4
"6-Propyl-1,2,3,4-tetrahydronaphthalene",CCCC1=CC2=C(CCCC2)C=C1,8517,42775-77-9,DSPJLZIUEXVMGA-UHFFFAOYSA-N,174.28
6-tert-Butyl-m-cresol,CC1=CC(=C(C=C1)C(C)(C)C)O,14868,88-60-8,XOUQAVYLRNOXDO-UHFFFAOYSA-N,164.24
6-Tetradecanone,CCCCCCCCC(=O)CCCCC,12112,6836-42-6,OAFHCOXSIJKFEV-UHFFFAOYSA-N,212.37
6-Tridecanol,CCCCCCCC(CCCCC)O,10148,5770-03-6,HAIXKKLECRWLIX-UHFFFAOYSA-N,200.36
6-Tridecanone,CCCCCCCC(=O)CCCCC,5049,22026-12-6,KPVFRXPKBAAIIE-UHFFFAOYSA-N,198.34
6-Tridecene,CCCCCC/C=C\CCCCC,11518,6508-77-6,QHOMPCGOCNNMFK-QBFSEMIESA-N,182.35
"6H-Dibenz[c,e][1,2]oxaphosphorin-6-propanoic acid, butyl ester, 6-oxide",CCCCOC(=O)CCP1(=O)C2=CC=CC=C2C3=CC=CC=C3O1,14543,848820-98-4,JBEHRBTVEGZLAF-UHFFFAOYSA-N,344.3
"7'-Oxaspiro[cyclopropane-1,4'-tricyclo[3.3.1.0(6,8)]nonan-2'-one]",C1CC12CC(=O)C3CC2C4C3O4,966,109637-57-2,DCHIQXNOWCKXTH-UHFFFAOYSA-N,164.2
"7,10,13-Hexadecatrienoic acid methyl ester",CCC=CCC=CCC=CCCCCCC(=O)OC,9985,56554-30-4,DUOCBVNCDAEWTB-UHFFFAOYSA-N,264.4
"7,12-Dimethylbenz[a]anthracene",CC1=C2C=CC3=CC=CC=C3C2=C(C4=CC=CC=C14)C,10056,57-97-6,ARSRBNBHOADGJU-UHFFFAOYSA-N,256.3
"7,7,8,8-Tetracyanoquinodimethane",C1=CC(=C(C#N)C#N)C=CC1=C(C#N)C#N,3386,1518-16-7,PCCVSPMFGIFTHU-UHFFFAOYSA-N,204.19
"7,7-Dimethyl-4-methylenebicyclo[4.1.0]heptan-3-ol",CC1(C2C1CC(=C)C(C2)O)C,4128,1753-35-1,BKSIPWIAFSUQKX-UHFFFAOYSA-N,152.23
"7,8-Benzfluoranthene",C1=CC=C2C(=C1)C=CC3=C2C4=CC=CC5=C4C3=CC=C5,4764,205-82-3,KHNYNFUTFKJLDD-UHFFFAOYSA-N,252.3
"7,8-Dimethylbenzo(b)naphtho(2,3-d)thiophene",CC1=C(C2=CC3=C(C=C2C=C1)C4=CC=CC=C4S3)C,5578,24964-12-3,VAGBNOVDXHIPRC-UHFFFAOYSA-N,262.4
"7,9-Di-tert-butyl-1-oxaspiro[4.5]deca-6,9-diene-2,8-dione",CC(C)(C)C1=CC2(CCC(=O)O2)C=C(C1=O)C(C)(C)C,14335,82304-66-3,ZTMZUYHXZPUDRF-UHFFFAOYSA-N,276.4
"7,9-Dimethylhexadecane",CCCCCCCC(C)CC(C)CCCCCC,4903,21164-95-4,PKDYKLUCVOPIKK-UHFFFAOYSA-N,254.5
7-(1-Methylethylidene)bicyclo(4.1.0)heptane,CC(=C1C2C1CCCC2)C,9497,53282-47-6,UPWUDJZKOSQIRQ-UHFFFAOYSA-N,136.23
7-(Bromomethyl)pentadec-7-ene,CCCCCCCC=C(CCCCCC)CBr,15686,941228-34-8,LKEXDKKHKNXGSM-UHFFFAOYSA-N,303.32
7-(Diethylamino)-3-(5-methylbenzoxazol-2-yl)-2-benzopyrone,CCN(CC)C1=CC2=C(C=C1)C=C(C(=O)O2)C3=NC4=C(O3)C=CC(=C4)C,7635,34564-13-1,PTAGJQADNFQMGR-UHFFFAOYSA-N,348.4
"7-[2-(2-Hydroxymethylethoxy)methylethoxy]tetramethyl-3,6,8,11-tetraoxa-7-phosphatridecane-1,13-diol",CC(COCCCO)OP(OCCOCCO)OCCOC(C)(C)C(C)(C)O,6157,26259-91-6,UWZDFCRDAZFRFU-UHFFFAOYSA-N,430.5
"7-[2-(2-Hydroxymethylethoxy)methylethoxy]tetramethyl-3,6,8,11-tetraoxa-7-phosphatridecane-1,13-diol",CC(COCCCO)OP(OCCOCCO)OCCOC(C)(C)C(C)(C)O,7886,36788-39-3,UWZDFCRDAZFRFU-UHFFFAOYSA-N,430.5
7-Aminoindolin-2-one,C1C2=C(C(=CC=C2)N)NC1=O,5864,25369-32-8,RKPBTSNUXKVZPG-UHFFFAOYSA-N,148.16
7-Aminoindolin-2-one,C1C2=C(C(=CC=C2)N)NC1=O,17506,,RKPBTSNUXKVZPG-UHFFFAOYSA-N,148.16
7-Cyclohexyltridecane,CCCCCCC(CCCCCC)C1CCCCC1,2343,13151-92-3,UVRPAYBHYYNXMX-UHFFFAOYSA-N,266.5
7-Diethylamino-4-methylcoumarin,CCN(CC)C1=CC2=C(C=C1)C(=CC(=O)O2)C,15341,91-44-1,AFYCEAFSNDLKSX-UHFFFAOYSA-N,231.29
7-epi-cis-Sesquisabinene hydrate,CC(CCC=C(C)C)[C@@]12CC[C@@](C1C2)(C)O,16892,,IRDFGGRWKUKANK-CVSAEHQPSA-N,222.37
"7-Ethyl-1,3,5-cycloheptatriene",CCC1C=CC=CC=C1,4156,17634-51-4,DKCPRYXLHFWDCQ-UHFFFAOYSA-N,120.19
7-Heptadecanone,CCCCCCCCCCC(=O)CCCCCC,10531,6064-42-2,NFRKSAMCQGIGRC-UHFFFAOYSA-N,254.5
7-Hexadecene,CCCCCCCCC=CCCCCCC,4442,18899-19-9,JZPUSPPFVAJNGY-UHFFFAOYSA-N,224.42
"7-Hexadecene, (Z)-",CCCCCCCC/C=C\CCCCCC,7739,35507-09-6,JZPUSPPFVAJNGY-SQFISAMPSA-N,224.42
7-Methoxycoumarin,COC1=CC2=C(C=C1)C=CC(=O)O2,9478,531-59-9,LIIALPBMIOVAHH-UHFFFAOYSA-N,176.17
7-Methyl-1-undecene,CCCCC(C)CCCCC=C,13393,74630-42-5,GYQYQZAGFHPROD-UHFFFAOYSA-N,168.32
7-Methyl-3-octyne,CCC#CCCC(C)C,7911,37050-06-9,ZDXUMWBWHSCWBK-UHFFFAOYSA-N,124.22
7-Methylbenz[a]anthracene,CC1=C2C=CC3=CC=CC=C3C2=CC4=CC=CC=C14,5872,2541-69-7,DIIFUCUPDHMNIV-UHFFFAOYSA-N,242.3
"7-Methylbenzo[b]naphtho[2,3-d]thiophene",CC1=C2C=C3C(=CC2=CC=C1)C4=CC=CC=C4S3,5577,24964-09-8,CKOZCPVQNQOFGX-UHFFFAOYSA-N,248.3
7-Methylheptadecane,CCCCCCCCCCC(C)CCCCCC,4864,20959-33-5,AZGIFKCGYRMPKP-UHFFFAOYSA-N,254.5
7-Methylhexadecane,CCCCCCCCCC(C)CCCCCC,6322,26730-20-1,HZRSSYSIMDTFLT-UHFFFAOYSA-N,240.5
7-Methylideneheptadecane,CCCCCCCCCCC(=C)CCCCCC,9257,51655-67-5,XGXGKWMBNLXJOI-UHFFFAOYSA-N,252.5
7-Methylpentadecane,CCCCCCCCC(C)CCCCCC,10692,6165-40-8,MOKGOCMIDWMCHO-UHFFFAOYSA-N,226.44
7-Methyltetradecane,CCCCCCCC(C)CCCCCC,10691,6165-39-5,QUMVEMCGRQYIQG-UHFFFAOYSA-N,212.41
7-Methyltridecane,CCCCCCC(C)CCCCCC,6321,26730-14-3,BHDKLTKHPZWYCV-UHFFFAOYSA-N,198.39
7-Octadecanone,CCCCCCCCCCCC(=O)CCCCCC,4296,18277-00-4,HHQOJAVJSCPMAC-UHFFFAOYSA-N,268.5
7-Octen-1-ol,C=CCCCCCCO,2368,13175-44-5,WXPWPYISTQCNDP-UHFFFAOYSA-N,128.21
"7-Octen-1-ol, 3,7-dimethyl-, (S)-",C[C@@H](CCCC(=C)C)CCO,11958,6812-78-8,JGQFVRIQXUFPAH-JTQLQIEISA-N,156.26
7-Octylidenebicyclo[4.1.0]heptane,CCCCCCCC=C1C2C1CCCC2,14330,82253-11-0,GVWLBCNKADCHEY-UHFFFAOYSA-N,206.37
"7-Oxa-3,20-diazadispiro[5.1.11.2]heneicosan-21-one, 2,2,4,4-tetramethyl-",CC1(CC2(CC(N1)(C)C)C(=O)NC3(O2)CCCCCCCCCCC3)C,11351,64338-16-5,IVVLFHBYPHTMJU-UHFFFAOYSA-N,364.6
7-Phenyleicosane,CCCCCCCCCCCCCC(CCCCCC)C1=CC=CC=C1,5349,2398-64-3,DGROBZZOOZUCTC-UHFFFAOYSA-N,358.6
7-Phenyltetradecane,CCCCCCCC(CCCCCC)C1=CC=CC=C1,8771,4534-54-7,ALMICIFPGWBKNR-UHFFFAOYSA-N,274.5
7-Phenyltridecane,CCCCCCC(CCCCCC)C1=CC=CC=C1,5356,2400-01-3,IMXZNWPPLCVUDT-UHFFFAOYSA-N,260.5
7-Phenyltridecane,CCCCCCC(CCCCCC)C1=CC=CC=C1,17417,,IMXZNWPPLCVUDT-UHFFFAOYSA-N,260.5
"7-Tetradecen-1-ol, acetate, (7Z)-",CCCCCC/C=C\CCCCCCOC(=O)C,3975,16974-10-0,UEZQOSGCHCNWOE-HJWRWDBZSA-N,254.41
7-Tetradecene,CCCCCC/C=C/CCCCCC,462,10374-74-0,UBDIXSAEHLOROW-BUHFOSPRSA-N,196.37
7-Tetradecyne,CCCCCCC#CCCCCCC,7704,35216-11-6,AFNWSIIBAYUTTL-UHFFFAOYSA-N,194.36
"7a-Ethyldihydro-1H,3H,5H-oxazolo(3,4-c)oxazole",CCC12COCN1COC2,13780,7747-35-5,ZRCMGIXRGFOXNT-UHFFFAOYSA-N,143.18
"7H,11H-Benz[de]imidazo[4',5':5,6]benzimidazo[2,1-a]isoquinoline-7,11-dione, 10,12-dihydro-",C1=CC2=C3C(=C1)C4=NC5=C(N4C(=O)C3=CC=C2)C=C6C(=C5)NC(=O)N6,9942,56279-27-7,FRNXZNBGSBEKHW-UHFFFAOYSA-N,326.3
"7H-[1]Benzopyrano[3',2':3,4]pyrido[1,2-a]benzimidazole-6-carbonitrile, 3-(diethylamino)-7-imino-",CCN(CC)C1=CC2=C(C=C1)C=C3C(=C(C(=N)N4C3=NC5=CC=CC=C54)C#N)O2,9357,52372-39-1,FXFIDVQMNRVEGQ-UHFFFAOYSA-N,381.4
"7H-[1]Benzopyrano[3',2':3,4]pyrido[1,2-a]benzimidazole-6-carbonitrile, 3-(diethylamino)-7-oxo-",CCN(CC)C1=CC2=C(C=C1)C=C3C(=C(C(=O)N4C3=NC5=CC=CC=C54)C#N)O2,9356,52372-36-8,UTTFXJZCRVZYQF-UHFFFAOYSA-N,382.4
"7H-Benzimidazo(2,1-a)benz(de)isoquinolin-7-one",C1=CC=C2C(=C1)N=C3N2C(=O)C4=CC=CC5=C4C3=CC=C5,5303,23749-58-8,NZBSAAMEZYOGBA-UHFFFAOYSA-N,270.3
"7H-Cyclopenta[1,2-c:3,4-c/']dithiophene",C1C2=CSC=C2C3=CSC=C31,4211,17965-48-9,HHSONWXYOAPAQZ-UHFFFAOYSA-N,178.3
"7H-Dibenzo[c,g]carbazole",C1=CC=C2C(=C1)C=CC3=C2C4=C(N3)C=CC5=CC=CC=C54,4560,194-59-2,STJXCDGCXVZHDU-UHFFFAOYSA-N,267.3
"8,14-Seco-3,19-epoxyandrostane-8,14-dione, 17-acetoxy-3beta-methoxy-4,4-dimethyl-",CC(=O)OC1CCC(=O)C1(C)CCC2C(=O)CCC3C24CCC(C3(C)C)(OC4)OC,17579,,NEQMZJDCKGAJQW-UHFFFAOYSA-N,420.5
"8,16-Pyranthrenedione",C1=CC=C2C(=C1)C3=CC4=C5C6=C(C=CC(=C36)C2=O)C=C7C5=C(C=C4)C(=O)C8=CC=CC=C87,2148,128-70-1,LLBIOIRWAYBCKK-UHFFFAOYSA-N,406.4
"8-Aminopyrimido(5,4-g)pteridine-2,4,6(1H,3H,7H)-trione",C12=C(NC(=O)NC1=O)N=C3C(=N2)C(=O)NC(=N3)N,4811,207283-92-9,BFBJBFGVPKEJFI-UHFFFAOYSA-N,247.17
8-Heptadecanol,CCCCCCCCCC(CCCCCCC)O,5873,2541-75-5,KAYMRANHJDGOQZ-UHFFFAOYSA-N,256.5
8-Hexadecyne,CCCCCCCC#CCCCCCCC,4631,19781-86-3,YSDKMBBHKZXPME-UHFFFAOYSA-N,222.41
8-Hydroxyquinaldine,CC1=NC2=C(C=CC=C2O)C=C1,14352,826-81-3,NBYLBWHHTUWMER-UHFFFAOYSA-N,159.18
8-Methyl-1-decene,CCC(C)CCCCCC=C,10600,61142-79-8,RFSMYVSHKACWAB-UHFFFAOYSA-N,154.29
8-Methyl-1-undecene,CCCC(C)CCCCCC=C,13392,74630-40-3,KUIGECHVOHJTNQ-UHFFFAOYSA-N,168.32
8-Methylheptadecane,CCCCCCCCCC(C)CCCCCCC,2472,13287-23-5,AFKUSTCGONJZHE-UHFFFAOYSA-N,254.5
8-Methylidenepentadecane,CCCCCCCC(=C)CCCCCCC,9848,55668-09-2,ICTHKNOBBDSFPZ-UHFFFAOYSA-N,224.42
8-Methylnonyl nonanoate,CCCCCCCCC(=O)OCCCCCCCC(C)C,927,109-32-0,GBLPOPTXAXWWPO-UHFFFAOYSA-N,298.5
8-Methylquinoline,CC1=C2C(=CC=C1)C=CC=N2,10583,611-32-5,JRLTTZUODKEYDH-UHFFFAOYSA-N,143.18
8-Nonenal,C=CCCCCCCC=O,8215,39770-04-2,QPOZUISHEWOWQL-UHFFFAOYSA-N,140.22
"8-Oxatetracyclo[5.2.1.1(2,6).1(4,10)]dodecane, 7-tert-butyl-1,9,9-trimethyl-",CC1(C2(C3CC4CC(C3)C(C2C4)(O1)C(C)(C)C)C)C,2410,132156-55-9,CYMWZZACFUOBTC-UHFFFAOYSA-N,262.4
8-Pentadecanone,CCCCCCCC(=O)CCCCCCC,14299,818-23-5,PQYGSSYFJIJDFK-UHFFFAOYSA-N,226.4
8-Phenylisoquinoline,C1=CC=C(C=C1)C2=CC=CC3=C2C=NC=C3,12717,70125-67-6,RPKRABUEPOPVDF-UHFFFAOYSA-N,205.25
"9(Or 10)-methoxy-7H-benzimidazo(2,1-a)benz(de)isoquinolin-7-one",COC1=CC=CC2=C1N3C(=N2)C4=CC=CC5=C4C(=CC=C5)C3=O,12080,68296-59-3,PIDZDMWZNNWUGB-UHFFFAOYSA-N,300.3
"9,10-Anthracenedione, 1,4-bis[(2-ethyl-6-methylphenyl)amino]-",CCC1=CC=CC(=C1NC2=C3C(=C(C=C2)NC4=C(C=CC=C4CC)C)C(=O)C5=CC=CC=C5C3=O)C,8392,41611-76-1,NPJJGMRERPXCSE-UHFFFAOYSA-N,474.6
"9,10-Anthracenedione, 1,4-diamino-2,3-diphenoxy-",C1=CC=C(C=C1)OC2=C(C3=C(C(=C2OC4=CC=CC=C4)N)C(=O)C5=CC=CC=C5C3=O)N,11267,6408-72-6,NZTGGRGGJFCKGG-UHFFFAOYSA-N,422.4
"9,10-Anthracenedione, 1,5-bis(cyclohexylamino)-",C1CCC(CC1)NC2=CC=CC3=C2C(=O)C4=C(C3=O)C(=CC=C4)NC5CCCCC5,3647,15958-68-6,QSNJWMJODWUDPJ-UHFFFAOYSA-N,402.5
"9,10-Anthracenedione, 1,8-bis[(4-methylphenyl)amino]-",CC1=CC=C(C=C1)NC2=CC=CC3=C2C(=O)C4=C(C3=O)C=CC=C4NC5=CC=C(C=C5)C,14309,82-16-6,YNPQDABMOAMHNC-UHFFFAOYSA-N,418.5
"9,10-Anthracenedione, 1-(cyclohexylamino)-",C1CCC(CC1)NC2=CC=CC3=C2C(=O)C4=CC=CC=C4C3=O,12966,71832-19-4,BWQIGAJDKXZJTG-UHFFFAOYSA-N,305.4
"9,10-Anthracenedione, 1-(methylamino)-4-[(3-methylphenyl)amino]-",CC1=CC(=CC=C1)NC2=C3C(=C(C=C2)NC)C(=O)C4=CC=CC=C4C3=O,11266,6408-50-0,GBAJQXFGDKEDBM-UHFFFAOYSA-N,342.4
"9,10-Anthracenedione, 1-[(2,6-dibromo-4-methylphenyl)amino]-4-hydroxy-",CC1=CC(=C(C(=C1)Br)NC2=C3C(=C(C=C2)O)C(=O)C4=CC=CC=C4C3=O)Br,12069,68239-61-2,GUTWGLKCVAFMPJ-UHFFFAOYSA-N,487.1
"9,10-Anthracenedione, 1-amino-4,5-dihydroxy-8-(methylamino)-",CNC1=C2C(=C(C=C1)O)C(=O)C3=C(C=CC(=C3C2=O)N)O,9979,56524-77-7,UHEWQMYKNNPODZ-UHFFFAOYSA-N,284.27
"9,10-Anthracenedione, 1-amino-4-(phenylamino)-",C1=CC=C(C=C1)NC2=C3C(=C(C=C2)N)C(=O)C4=CC=CC=C4C3=O,8581,4395-65-7,XUDJOVURIXHNRW-UHFFFAOYSA-N,314.3
"9,10-Anthracenedione, 1-hydroxy-4-[[4-[(methylsulfonyl)oxy]phenyl]amino]-",CS(=O)(=O)OC1=CC=C(C=C1)NC2=C3C(=C(C=C2)O)C(=O)C4=CC=CC=C4C3=O,3643,1594-08-7,NTZOUXAZCADJBZ-UHFFFAOYSA-N,409.4
"9,10-Bis(bromomethyl)anthracene",C1=CC=C2C(=C1)C(=C3C=CC=CC3=C2CBr)CBr,7611,34373-96-1,YHEMDXGFCREMGG-UHFFFAOYSA-N,364.07
"9,10-Dihydroanthracene",C1C2=CC=CC=C2CC3=CC=CC=C31,10623,613-31-0,WPDAVTSOEQEGMS-UHFFFAOYSA-N,180.24
"9,10-Dihydrolysergic acid",CN1C[C@@H](C[C@H]2[C@H]1CC3=CNC4=CC=CC2=C34)C(=O)O,10282,5878-43-3,ORBSYPFBZQJNJE-MPKXVKKWSA-N,270.33
"9,10-Dihydrophenanthrene",C1CC2=CC=CC=C2C3=CC=CC=C31,13810,776-35-2,XXPBFNVKTVJZKF-UHFFFAOYSA-N,180.24
"9,10-Dihydroxypalmitic acid",CCCCCCC(C(CCCCCCCC(=O)O)O)O,6828,29242-09-9,MHWBJDVXYSGJET-UHFFFAOYSA-N,288.42
"9,10-Dihydroxystearic acid",CCCCCCCCC(C(CCCCCCCC(=O)O)O)O,1587,120-87-6,VACHUYIREGFMSP-UHFFFAOYSA-N,316.5
"9,10-Dimethyl-1,2,3,4-tetrahydroanthracene",CC1=C2CCCCC2=C(C3=CC=CC=C13)C,15721,94573-50-9,VOQZRIDDJFONSG-UHFFFAOYSA-N,210.31
"9,10-Dimethylanthracene",CC1=C2C=CC=CC2=C(C3=CC=CC=C13)C,13997,781-43-1,JTGMTYWYUZDRBK-UHFFFAOYSA-N,206.28
"9,10-Epoxyoctadecanoic acid, 2-ethylhexyl ester",CCCCCCCCC1C(O1)CCCCCCCC(=O)OCC(CC)CCCC,2978,141-38-8,PUYRISKXBBQECH-UHFFFAOYSA-N,410.7
"9,10-Epoxyoctadecanoic acid, 2-ethylhexyl ester",CCCCCCCCC1C(O1)CCCCCCCC(=O)OCC(CC)CCCC,6906,29759-19-1,PUYRISKXBBQECH-UHFFFAOYSA-N,410.7
"9,10-Phenanthrenequinone",C1=CC=C2C(=C1)C3=CC=CC=C3C(=O)C2=O,14447,84-11-7,YYVYAPXYZVYDHN-UHFFFAOYSA-N,208.21
"9,12-Octadecadienamide, N,N-dimethyl-, (9Z,12Z)-",CCCCC/C=C\C/C=C\CCCCCCCC(=O)N(C)C,5603,2501-33-9,LCUQUVLUBPUQOI-MURFETPASA-N,307.5
"9,12-Tetradecadien-1-ol, (Z,E)-",C/C=C\C/C=C/CCCCCCCCO,9290,51937-00-9,IHRPKOQVBCPMQH-NDEAWQBTSA-N,210.36
"9,17-Octadecadienal, (Z)-",C=CCCCCCC/C=C\CCCCCCCC=O,9986,56554-35-9,RXORHYFDDNAOQS-KTKRTIGZSA-N,264.4
"9,9-Bis(4-amino-3-fluorophenyl)fluorene",C1=CC=C2C(=C1)C3=CC=CC=C3C2(C4=CC(=C(C=C4)N)F)C5=CC(=C(C=C5)N)F,2136,127926-65-2,RXNKCIBVUNMMAD-UHFFFAOYSA-N,384.4
"9,9-Bis(4-hydroxyphenyl)fluorene",C1=CC=C2C(=C1)C3=CC=CC=C3C2(C4=CC=C(C=C4)O)C5=CC=C(C=C5)O,7348,3236-71-3,YWFPGFJLYRKYJZ-UHFFFAOYSA-N,350.4
"9,9-Bis(methoxymethyl)-9H-fluorene",COCC1(C2=CC=CC=C2C3=CC=CC=C31)COC,4272,182121-12-6,ZWINORFLMHROGF-UHFFFAOYSA-N,254.32
"9,9-Bis[4-(2-hydroxyethoxy)phenyl]fluorene",C1=CC=C2C(=C1)C3=CC=CC=C3C2(C4=CC=C(C=C4)OCCO)C5=CC=C(C=C5)OCCO,1430,117344-32-8,NQXNYVAALXGLQT-UHFFFAOYSA-N,438.5
"9,9-Dimethyl-9H-fluorene",CC1(C2=CC=CC=C2C3=CC=CC=C31)C,8798,4569-45-3,ZHQNDEHZACHHTA-UHFFFAOYSA-N,194.27
"9,9-Dimethylxanthene",CC1(C2=CC=CC=C2OC3=CC=CC=C31)C,4638,19814-75-6,MTVNAPYHLASOSX-UHFFFAOYSA-N,210.27
"9-(2-Carboxylatophenyl)-3,6-bis(ethylamino)-2,7-dimethylxanthylium",CCNC1=CC2=C(C=C1C)C(=C3C=C(C(=NCC)C=C3O2)C)C4=CC=CC=C4C(=O)O,5759,25152-49-2,ZTKQHJHANLVEBM-UHFFFAOYSA-N,414.5
9-(Sulphooxy)octadecanoic acid,CCCCCCCCCC(CCCCCCCC(=O)O)OS(=O)(=O)O,12018,68170-59-2,FISKBOUWERTLRE-UHFFFAOYSA-N,380.5
9-Allylanthracene,C=CCC1=C2C=CC=CC2=CC3=CC=CC=C31,5291,23707-65-5,USRRYCXZCVGSQG-UHFFFAOYSA-N,218.29
9-Anthracenemethanol,C1=CC=C2C(=C1)C=C3C=CC=CC3=C2CO,3202,1468-95-7,JCJNNHDZTLRSGN-UHFFFAOYSA-N,208.25
9-Anthracenylmethyl methacrylate,CC(=C)C(=O)OCC1=C2C=CC=CC2=CC3=CC=CC=C31,7254,31645-35-9,MJYSISMEPNOHEG-UHFFFAOYSA-N,276.3
9-Aristolene,C[C@@H]1CCCC2=CC[C@@H]3[C@H]([C@@]12C)C3(C)C,12097,6831-16-9,FOBXOZMHEKILEY-PBOSXPJTSA-N,204.35
"9-Eicosene, (E)-",CCCCCCCCCC/C=C/CCCCCCCC,8481,42448-90-8,UVLKUUBSZXVVDZ-HTXNQAPBSA-N,280.5
9-Eicosenoic acid,CCCCCCCCCC/C=C/CCCCCCCC(=O)O,9094,506-31-0,LQJBNNIYVWPHFW-VAWYXSNFSA-N,310.5
9-Eicosyne,CCCCCCCCCCC#CCCCCCCCC,12986,71899-38-2,ARULVMGJDAAVBD-UHFFFAOYSA-N,278.5
9-Ethyl-10-methylanthracene,CCC1=C2C=CC=CC2=C(C3=CC=CC=C31)C,4610,19713-49-6,KLSBNPSLEGBUSK-UHFFFAOYSA-N,220.31
9-Ethyl-9H-fluorene,CCC1C2=CC=CC=C2C3=CC=CC=C13,5204,2294-82-8,QBBCCEYJCKGWIK-UHFFFAOYSA-N,194.27
9-Heptadecanone,CCCCCCCCC(=O)CCCCCCCC,9593,540-08-9,WTJKUFMLQFLJOT-UHFFFAOYSA-N,254.5
9-Hexadecenoic acid,CCCCCC/C=C/CCCCCCCC(=O)O,4847,2091-29-4,SECPZKHBENQXJG-BQYQJAHWSA-N,254.41
9-Methylanthracene,CC1=C2C=CC=CC2=CC3=CC=CC=C13,13921,779-02-2,CPGPAVAKSZHMBP-UHFFFAOYSA-N,192.25
9-Methylbicyclo[3.3.1]nonane,CC1C2CCCC1CCC2,5725,25107-01-1,BGVTWYSBELJEEE-UHFFFAOYSA-N,138.25
9-Methylheptadecane,CCCCCCCCC(C)CCCCCCCC,6324,26741-18-4,LUUWKCSVACCBSJ-UHFFFAOYSA-N,254.5
9-Methylnonadecane,CCCCCCCCCCC(C)CCCCCCCC,2473,13287-24-6,FFVPRSKCTDQLBP-UHFFFAOYSA-N,282.5
9-Nonadecene,CCCCCCCCC/C=C/CCCCCCCC,17428,,UTPZTNSPDTWUBY-HTXNQAPBSA-N,266.5
9-Octadecenamide,CCCCCCCCC=CCCCCCCCC(=O)N,7470,3322-62-1,FATBGEAMYMYZAF-UHFFFAOYSA-N,281.5
9-Octadecene,CCCCCCCC/C=C/CCCCCCCC,9835,5557-31-3,HSNQNPCNYIJJHT-ISLYRVAYSA-N,252.5
9-Octadecene,CCCCCCCC/C=C/CCCCCCCC,13011,7206-25-9,HSNQNPCNYIJJHT-ISLYRVAYSA-N,252.5
"9-Octadecenoic acid, 12-hydroxy-, (R-(Z))-, ester with 1,2,3-propanetriol",CCCCCCCCC(CCC(CCCCCCC)O)C(=O)OCC(CO)O,10256,58561-47-0,OBTIXPYWUOHRHI-UHFFFAOYSA-N,402.6
"9-Octadecenoic acid, 12-hydroxy-, 3-hydroxy-2,2-bis(hydroxymethyl)propyl ester, (9Z,12R)-",CCCCCC[C@H](C/C=C\CCCCCCCC(=O)OCC(CO)(CO)CO)O,13952,78-22-8,LWVWRVPXEAYXDT-ZDKIGPTLSA-N,416.6
"9-Octadecenoic acid, 12-hydroxy-, calcium salt, (9Z,12R)-",CCCCCC[C@@H](C/C=C/CCCCCCCC(=O)O)O,7308,31983-33-2,WBHHMMIMDMUBKC-KQPPXVQYSA-N,298.5
9-Octylheptadecane,CCCCCCCCC(CCCCCCCC)CCCCCCCC,13033,7225-64-1,ZLIOPNROBPMBFI-UHFFFAOYSA-N,352.7
9-Propylanthracene,CCCC1=C2C=CC=CC2=CC3=CC=CC=C31,3323,1498-77-7,DYERJGPIBJPPKA-UHFFFAOYSA-N,220.31
"9-t-Butyltricyclo[4.2.1.1(2,5)]decane-9,10-diol",CC(C)(C)C1(C2CCC1C3CCC2C3O)O,16586,,QZGFSINJXRAHHQ-UHFFFAOYSA-N,224.34
9-Vinylanthracene,C=CC1=C2C=CC=CC2=CC3=CC=CC=C31,5447,2444-68-0,OGOYZCQQQFAGRI-UHFFFAOYSA-N,204.27
9-Vinylcarbazole,C=CN1C2=CC=CC=C2C3=CC=CC=C31,3279,1484-13-5,KKFHAJHLJHVUDM-UHFFFAOYSA-N,193.24
"[(1,1-Dimethyl-2-propynyl)oxy]trimethylsilane",CC(C)(C#C)O[Si](C)(C)C,4202,17869-77-1,JNRUXZIXAXHXTN-UHFFFAOYSA-N,156.3
"[(4,6-Diamino-1,3,5-triazin-2-yl)amino]methanol",C(NC1=NC(=NC(=N1)N)N)O,15614,937-35-9,MBHRHUJRKGNOKX-UHFFFAOYSA-N,156.15
"[1,1'-Biphenyl]-4,4'-diol, 3,3',5,5'-tetrakis(1,1-dimethylethyl)-",CC(C)(C)C1=CC(=CC(=C1O)C(C)(C)C)C2=CC(=C(C(=C2)C(C)(C)C)O)C(C)(C)C,2141,128-38-1,GSOYMOAPJZYXTB-UHFFFAOYSA-N,410.6
"[1,1'-Biphenyl]-4,4'-diol, 3,3',5,5'-tetramethyl-",CC1=CC(=CC(=C1O)C)C2=CC(=C(C(=C2)C)O)C,5377,2417-04-1,YGYPMFPGZQPETF-UHFFFAOYSA-N,242.31
"[1,1'-Biphenyl]-4-ol, 3,5-bis(1,1-dimethylethyl)-",CC(C)(C)C1=CC(=CC(=C1O)C(C)(C)C)C2=CC=CC=C2,6309,2668-47-5,JIEWQZNTUPWNMX-UHFFFAOYSA-N,282.4
"[1S-(1alpha,4alpha,7alpha)]-1,2,3,4,5,6,7,8-octahydro-1,4,9,9-tetramethyl-4,7-methanoazulene",C[C@H]1CCC2=C1C[C@H]3CC[C@@]2(C3(C)C)C,9225,514-51-2,CSKINCSXMLCMAR-RWSFTLGLSA-N,204.35
[2.2]Paracyclophane,C1CC2=CC=C(CCC3=CC=C1C=C3)C=C2,3802,1633-22-3,OOLUVSIJOMLOCB-UHFFFAOYSA-N,208.3
"[3,3'-Bianthra[1,9-cd]pyrazole]-6,6'(1H,1'H)-dione, 1,1'-diethyl-",CCN1C2=C3C(=CC=C(C3=N1)C4=CC=C5C6=C(C7=CC=CC=C7C5=O)N(N=C46)CC)C(=O)C8=CC=CC=C82,8439,4203-77-4,ARCAURIQGNHJJN-UHFFFAOYSA-N,494.5
[3-(4-Aminobenzoyl)oxyphenyl] 4-aminobenzoate,C1=CC(=CC(=C1)OC(=O)C2=CC=C(C=C2)N)OC(=O)C3=CC=C(C=C3)N,3046,142280-58-8,VRJPMYDKXNTGFV-UHFFFAOYSA-N,348.4
"[4,5'-Biisobenzofuran]-1,1',3,3'-tetrone",C1=CC(=C2C(=C1)C(=O)OC2=O)C3=CC4=C(C=C3)C(=O)OC4=O,7908,36978-41-3,FYYYKXFEKMGYLZ-UHFFFAOYSA-N,294.21
[4-(4-Aminobenzoyl)oxyphenyl] 4-aminobenzoate,C1=CC(=CC=C1C(=O)OC2=CC=C(C=C2)OC(=O)C3=CC=C(C=C3)N)N,5060,22095-98-3,FPXWISWMBLVKOD-UHFFFAOYSA-N,348.4
"[4-(4-Fluorophenyl)piperazin-1-yl][5-(4-methylphenyl)-7-(trifluoromethyl)-4,5,6,7-tetrahydropyrazolo[1,5-a]pyrimidin-3-yl]methanone",CC1=CC=C(C=C1)C2CC(N3C(=C(C=N3)C(=O)N4CCN(CC4)C5=CC=C(C=C5)F)N2)C(F)(F)F,10537,6069-97-2,VXAVQJDQPAVANR-UHFFFAOYSA-N,487.5
[4-[(4-Aminocyclohexyl)methyl]cyclohexyl]carbamic acid,C1CC(CCC1CC2CCC(CC2)NC(=O)O)N,2452,13253-82-2,NAXYKJVXULDOFW-UHFFFAOYSA-N,254.37
[4-[2-(4-Propylphenyl)ethynyl]phenyl] 4-(3-prop-2-enoyloxypropoxy)benzoate,CCCC1=CC=C(C=C1)C#CC2=CC=C(C=C2)OC(=O)C3=CC=C(C=C3)OCCCOC(=O)C=C,7496,333986-04-2,BOIALUOULKMSNX-UHFFFAOYSA-N,468.5
"[5,5'-Biisobenzofuran]-1,1',3,3'-tetrone",C1=CC2=C(C=C1C3=CC4=C(C=C3)C(=O)OC4=O)C(=O)OC2=O,5381,2420-87-3,WKDNYTOXBCRNPV-UHFFFAOYSA-N,294.21
"[5-Ethenyl-3-hydroxy-4-(3-hydroxyprop-1-en-2-yl)-2-(3-methoxy-3-oxoprop-1-en-2-yl)-5-methylcyclohexyl] 3,4-dihydroxy-2-methylidenebutanoate",CC1(CC(C(C(C1C(=C)CO)O)C(=C)C(=O)OC)OC(=O)C(=C)C(CO)O)C=C,4475,189458-61-5,PUUYULQKNFTVDK-UHFFFAOYSA-N,410.5
"[5-Ethyl-2-(2-methyl-1-prop-2-enoyloxypropan-2-yl)-1,3-dioxan-5-yl]methyl prop-2-enoate",CCC1(COC(OC1)C(C)(C)COC(=O)C=C)COC(=O)C=C,14824,87320-05-6,YNTQTLGBCMXNFX-UHFFFAOYSA-N,326.4
[[4-[[2-(4-Cyclohexylphenoxy)ethyl]ethylamino]-2-methylphenyl]methylene]malononitrile,CCN(CCOC1=CC=C(C=C1)C2CCCCC2)C3=CC(=C(C=C3)C=C(C#N)C#N)C,9611,54079-53-7,NQAJBKZEQYYFGK-UHFFFAOYSA-N,413.6
[Diethoxy(methyl)silyl]methyl 2-methylprop-2-enoate,CCO[Si](C)(COC(=O)C(=C)C)OCC,8216,3978-58-3,GXDZOSLIAABYHM-UHFFFAOYSA-N,232.35
[Ethyl({[ethyl(phenyl)carbamothioyl]disulfanyl}carbothioyl)amino]benzene,CCN(C1=CC=CC=C1)C(=S)SSC(=S)N(CC)C2=CC=CC=C2,8351,41365-24-6,DNCLGFHLBSMLPC-UHFFFAOYSA-N,392.6
"Abieta-7,13-diene",CC(C)C1=CC2=CC[C@@H]3[C@@]([C@H]2CC1)(CCCC3(C)C)C,7708,35241-40-8,BBPXZLJCPUPNGH-CMKODMSKSA-N,272.5
Abietal,CC(C)C1=CC2=CC[C@H]3[C@](CCC[C@@]3([C@H]2CC1)C)(C)C=O,11733,6704-50-3,HOFSYSONRIGEAC-LWYYNNOASA-N,286.5
Abietic acid,CC(C)C1=CC2=CC[C@@H]3[C@@]([C@H]2CC1)(CCC[C@@]3(C)C(=O)O)C,9224,514-10-3,RSWGJHLUYNHPMX-ONCXSQPRSA-N,302.5
Abietic acid,CC(C)C1=CC2=CC[C@@H]3[C@@]([C@H]2CC1)(CCC[C@@]3(C)C(=O)O)C,14223,8050-09-7,RSWGJHLUYNHPMX-ONCXSQPRSA-N,302.5
Acenaphthene,C1CC2=CC=CC3=C2C1=CC=C3,14375,83-32-9,CWRYPZZKDGJXCA-UHFFFAOYSA-N,154.21
Acenaphthylene,C1=CC2=C3C(=C1)C=CC3=CC=C2,4824,208-96-8,HXGDTGSAIMULJN-UHFFFAOYSA-N,152.19
Acetaldehyde,CC=O,13456,75-07-0,IKHGUXGNUITLKF-UHFFFAOYSA-N,44.05
Acetamide,CC(=O)N,10462,60-35-5,DLFVBJFMPXGRIB-UHFFFAOYSA-N,59.07
"Acetamide, N-(2,2,6,6-tetramethyl-4-piperidinyl)-2-((2,2,6,6-tetramethyl-4-piperidinyl)amino)-",CC1(CC(CC(N1)(C)C)NCC(=O)NC2CC(NC(C2)(C)C)(C)C)C,15600,93547-60-5,CMBCMPYRBVJZDI-UHFFFAOYSA-N,352.6
"Acetamide, N-[2-[(2-bromo-4,6-dinitrophenyl)azo]-5-(diethylamino)phenyl]-",CCN(CC)C1=CC(=C(C=C1)N=NC2=C(C=C(C=C2Br)[N+](=O)[O-])[N+](=O)[O-])NC(=O)C,9424,52697-38-8,WFFKSTRPZWRBEW-UHFFFAOYSA-N,479.3
Acetaminophen,CC(=O)NC1=CC=C(C=C1)O,394,103-90-2,RZVAJINKPMORJF-UHFFFAOYSA-N,151.16
Acetanilide,CC(=O)NC1=CC=CC=C1,392,103-84-4,FZERHIULMFGESH-UHFFFAOYSA-N,135.16
Acetic Acid,CC(=O)O,11247,64-19-7,QTBSBXVTEAMEQO-UHFFFAOYSA-N,60.05
"Acetic acid, (2-benzothiazolylthio)-",C1=CC=C2C(=C1)N=C(S2)SCC(=O)O,11055,6295-57-4,ZZUQWNYNSKJLPI-UHFFFAOYSA-N,225.3
"Acetic acid, 2,2'-[methylenebis(thio)]bis-, dibutyl ester",CCCCOC(=O)CSCSCC(=O)OCCCC,3093,14338-82-0,QCWRDNFBMVSDEY-UHFFFAOYSA-N,308.5
"Acetic acid, 2-propylpentyl ester",CCCC(CCC)COC(=O)C,16798,,DZZHDBIEAFHWRB-UHFFFAOYSA-N,172.26
"Acetic acid, [(1-methylpropyl)thio]-",CCC(C)SCC(=O)O,5171,22683-43-8,QHFJJZPTJJVNMG-UHFFFAOYSA-N,148.23
"Acetic acid, mercapto-, octyl ester",CCCCCCCCOC(=O)CS,13680,7664-80-4,MADOXCFISYCULS-UHFFFAOYSA-N,204.33
"Acetic acid, oxydi-, dibutyl ester",CCCCOC(=O)COCC(=O)OCCCC,11668,6634-18-0,GYTOWSMQXHCYNU-UHFFFAOYSA-N,246.3
Acetic Anhydride,CC(=O)OC(=O)C,854,108-24-7,WFDIJRYMOXRFFG-UHFFFAOYSA-N,102.09
Acetoacetic acid,CC(=O)CC(=O)O,9617,541-50-4,WDJHALXBUFZDSR-UHFFFAOYSA-N,102.09
Acetochlor,CCC1=CC=CC(=C1N(COCC)C(=O)CCl)C,7599,34256-82-1,VTNQPKFIQCLBDU-UHFFFAOYSA-N,269.77
Acetone,CC(=O)C,11721,67-64-1,CSCPPACGZOOCGX-UHFFFAOYSA-N,58.08
Acetone cyanohydrin,CC(C)(C#N)O,13498,75-86-5,MWFMGBPGAXYFAR-UHFFFAOYSA-N,85.1
Acetone O-carbaniloyloxime,CC(=NOC(=O)NC1=CC=CC=C1)C,6654,2828-42-4,LATYTXGNKNKTDS-UHFFFAOYSA-N,192.21
Acetonitrile,CC#N,13455,75-05-8,WEVYAHXRMPXWCK-UHFFFAOYSA-N,41.05
Acetophenone,CC(=O)C1=CC=CC=C1,16009,98-86-2,KWOLFJPFCHCOCG-UHFFFAOYSA-N,120.15
Acetophenone azine,C/C(=N\N=C(\C1=CC=CC=C1)/C)/C2=CC=CC=C2,13102,729-43-1,MOKMQSIJAHPSQX-HBKJEHTGSA-N,236.31
Acetosyringone,CC(=O)C1=CC(=C(C(=C1)OC)O)OC,5522,2478-38-8,OJOBTAOGJIWAGB-UHFFFAOYSA-N,196.2
Acetoxytetramethylbutylphenyl tetramethylbutylbenzofuranone,CC(=O)OC1=C(C=C(C=C1)C(C)(C)CC(C)(C)C)C2C3=C(C=CC(=C3)C(C)(C)CC(C)(C)C)OC2=O,4992,216698-07-6,UHPDROGOQWZCNC-UHFFFAOYSA-N,492.7
Acetyl cedrene,C[C@@H]1CC[C@@H]2[C@@]13C[C@H](C2(C)C)C(=C(C3)C(=O)C)C,7351,32388-55-9,YBUIAJZFOGJGLJ-SWRJLBSHSA-N,246.4
Acetyl chloride,CC(=O)Cl,13470,75-36-5,WETWJCDKMRHUPV-UHFFFAOYSA-N,78.5
"Acetyl fluoride, difluoro(fluorosulfonyl)-",C(=O)(C(F)(F)S(=O)(=O)F)F,11779,677-67-8,YIHXQSQQJBEAKK-UHFFFAOYSA-N,180.08
Acetyl tributyl citrate,CCCCOC(=O)CC(CC(=O)OCCCC)(C(=O)OCCCC)OC(=O)C,13733,77-90-7,QZCLKYGREBVARF-UHFFFAOYSA-N,402.5
Acetyl triethyl citrate,CCOC(=O)CC(CC(=O)OCC)(C(=O)OCC)OC(=O)C,13732,77-89-4,WEAPVABOECTMGR-UHFFFAOYSA-N,318.32
Acetylacetone,CC(=O)CC(=O)C,1922,123-54-6,YRKCREAYFQTBPV-UHFFFAOYSA-N,100.12
Acetylene,C#C,13231,74-86-2,HSFWRNGVRCDJHI-UHFFFAOYSA-N,26.04
Acridine,C1=CC=C2C(=C1)C=C3C=CC=CC3=N2,6069,260-94-6,DZBUGLKDJFMEHC-UHFFFAOYSA-N,179.22
Acridone,C1=CC=C2C(=C1)C(=O)C3=CC=CC=C3N2,10159,578-95-0,FZEYVTFCMJSGMP-UHFFFAOYSA-N,195.22
Acrolein,C=CC=O,750,107-02-8,HGINCPLSRVDWNT-UHFFFAOYSA-N,56.06
Acrylamide,C=CC(=O)N,14029,79-06-1,HRPVXLWXLXDGHG-UHFFFAOYSA-N,71.08
Acrylamide,C=CC(=O)N,17063,,HRPVXLWXLXDGHG-UHFFFAOYSA-N,71.08
Acrylic acid,C=CC(=O)O,14032,79-10-7,NIXOWILDQLNWCW-UHFFFAOYSA-N,72.06
Acrylic acid isoamyl ester,CC(C)CCOC(=O)C=C,8482,4245-35-6,ZVYGIPWYVVJFRW-UHFFFAOYSA-N,142.2
Acrylic anhydride,C=CC(=O)OC(=O)C=C,4779,2051-76-5,ARJOQCYCJMAIFR-UHFFFAOYSA-N,126.11
Acrylonitrile,C=CC#N,759,107-13-1,NLHHRLWOUZZQLW-UHFFFAOYSA-N,53.06
Acrylonitrile,C=CC#N,5607,25014-41-9,NLHHRLWOUZZQLW-UHFFFAOYSA-N,53.06
Adamantane,C1C2CC3CC1CC(C2)C3,6631,281-23-2,ORILYTVJVMAKLC-UHFFFAOYSA-N,136.23
Adipamide,C(CCC(=O)N)CC(=O)N,11013,628-94-4,GVNWZKBFMFUVNX-UHFFFAOYSA-N,144.17
Adipic Acid,C(CCC(=O)O)CC(=O)O,1970,124-04-9,WNLRTRBMVRJNCN-UHFFFAOYSA-N,146.14
"Adipic acid, 2-ethylhexyl nonyl ester",CCCCCCCCCOC(=O)CCCCC(=O)OCC(CC)CCCC,17816,,MUMBHNAXGJWCGB-UHFFFAOYSA-N,384.6
"Adipic acid, 2-ethylhexyl tetradecyl ester",CCCCCCCCCCCCCCOC(=O)CCCCC(=O)OCC(CC)CCCC,16598,,BQRQBBUBZFJJAD-UHFFFAOYSA-N,454.7
"Adipic acid, 3-heptyl tetradecyl ester",CCCCCCCCCCCCCCOC(=O)CCCCC(=O)OC(CC)CCCC,16842,,PNOMYDOCPWKDGV-UHFFFAOYSA-N,440.7
"Adipic acid, butyl pent-4-en-2-yl ester",CCCCOC(=O)CCCCC(=O)OC(C)CC=C,17852,,FORLKMRJCQLQRG-UHFFFAOYSA-N,270.36
"Adipic acid, decyl 2-ethylhexyl ester",CCCCCCCCCCOC(=O)CCCCC(=O)OCC(CC)CCCC,17926,,NVWVQMGKDQXQMR-UHFFFAOYSA-N,398.6
"Adipic acid, di(2-decyl) ester",CCCCCCCCC(C)OC(=O)CCCCC(=O)OC(C)CCCCCCCC,16616,,IGVHWJNDFUYLAR-UHFFFAOYSA-N,426.7
"Adipic acid, isohexyl 2-methoxyethyl ester",CC(C)CCCOC(=O)CCCCC(=O)OCCOC,17209,,OFMVEINEPSCFOO-UHFFFAOYSA-N,288.38
"Adipic acid, isohexyl methyl ester",CC(C)CCCOC(=O)CCCCC(=O)OC,17746,,GXGRIRSCONHUFK-UHFFFAOYSA-N,244.33
"Adipic acid, methyl vinyl ester",COC(=O)CCCCC(=O)OC=C,6895,2969-87-1,ABUZDQCQXDZFRG-UHFFFAOYSA-N,186.2
"Adipic acid, pentadecyl trans-hex-3-enyl ester",CCCCCCCCCCCCCCCOC(=O)CCCCC(=O)OCC/C=C/CC,17441,,UJPOWTRPAIUPAO-SOFGYWHQSA-N,438.7
Adipic dihydrazide,C(CCC(=O)NN)CC(=O)NN,803,1071-93-8,IBVAQQYNSHJXBV-UHFFFAOYSA-N,174.2
Adipimide,C1CCC(=O)NC(=O)C1,8881,4726-93-6,OSNDUYDDOHEKEE-UHFFFAOYSA-N,127.14
Adiponitrile,C(CCC#N)CC#N,1113,111-69-3,BTGRAWJCKBQKAO-UHFFFAOYSA-N,108.14
Adrenosterone,C[C@]12CCC(=O)C=C1CC[C@@H]3[C@@H]2C(=O)C[C@]4([C@H]3CCC4=O)C,8055,382-45-6,RZRPTBIGEANTGU-IRIMSJTPSA-N,300.4
Agar,CC1[C@H]([C@H]2C(C(O1)CO2)OC3[C@@H]([C@H]([C@H]([C@H](O3)CO)O)OC)O)O,15002,9002-18-0,GYYDPBCUIJTIBM-DYOGSRDZSA-N,336.33
Agn-PC-0jsivu,CCCCCCCCCCCCC=CCC=CC(=O)N1CCCC1,10003,56666-48-9,QNBNFYKISNNUMZ-UHFFFAOYSA-N,333.6
Alachlor,CCC1=C(C(=CC=C1)CC)N(COC)C(=O)CCl,3650,15972-60-8,XCSGPAVHZFQHGE-UHFFFAOYSA-N,269.77
Aldicarb,CC(C)(/C=N/OC(=O)NC)SC,1390,116-06-3,QGLZXHRNAYXIBU-WEVVVXLNSA-N,190.27
Aldrite,C1[C@@H]2C=C[C@H]1[C@H]3[C@@H]2[C@]4(C(=C([C@@]3(C4(Cl)Cl)Cl)Cl)Cl)Cl,7154,309-00-2,QBYJBZPUGVGKQQ-SJJAEHHWSA-N,364.9
Allantoin,C1(C(=O)NC(=O)N1)NC(=O)N,15923,97-59-6,POJWUDADGALRAB-UHFFFAOYSA-N,158.12
Allethrin,CC1=C(C(=O)CC1OC(=O)C2C(C2(C)C)C=C(C)C)CC=C,10232,584-79-2,ZCVAOQKBXKSDMS-UHFFFAOYSA-N,302.4
Allyl (3-methylbutoxy)acetate,CC(C)CCOCC(=O)OCC=C,11770,67634-00-8,XCWPXUNHSPOFGV-UHFFFAOYSA-N,186.25
"Allyl 2,4,6-tribromophenyl ether",C=CCOC1=C(C=C(C=C1Br)Br)Br,7415,3278-89-5,RZLLIOPGUFOWOD-UHFFFAOYSA-N,370.86
Allyl acetoacetate,CC(=O)CC(=O)OCC=C,1189,1118-84-9,AXLMPTNTPOWPLT-UHFFFAOYSA-N,142.15
Allyl acrylate,C=CCOC(=O)C=C,16106,999-55-3,QTECDUFMBMSHKR-UHFFFAOYSA-N,112.13
Allyl alcohol,C=CCO,761,107-18-6,XXROGKLTLUQVRX-UHFFFAOYSA-N,58.08
Allyl benzoate,C=CCOC(=O)C1=CC=CC=C1,10210,583-04-0,LYJHVEDILOKZCG-UHFFFAOYSA-N,162.18
Allyl bromide,C=CCBr,683,106-95-6,BHELZAPQIKSEDF-UHFFFAOYSA-N,120.98
Allyl chloride,C=CCCl,752,107-05-1,OSDWBNJEKMUWAV-UHFFFAOYSA-N,76.52
Allyl cyclohexanepropionate,C=CCOC(=O)CCC1CCCCC1,6414,2705-87-5,TWXUTZNBHUWMKJ-UHFFFAOYSA-N,196.29
Allyl glycidyl ether,C=CCOCC1CO1,680,106-92-3,LSWYGACWGAICNM-UHFFFAOYSA-N,114.14
Allyl heptanoate,CCCCCCC(=O)OCC=C,3016,142-19-8,SJWKGDGUQTWDRV-UHFFFAOYSA-N,170.25
Allyl hexanoate,CCCCCC(=O)OCC=C,1927,123-68-2,RCSBILYQLVXLJG-UHFFFAOYSA-N,156.22
Allyl hydrogen maleate,C=CCOC(=O)/C=C\C(=O)O,5389,2424-58-0,PEKZMKOVRVVTTN-ARJAWSKDSA-N,156.14
Allyl methacrylate,CC(=C)C(=O)OCC=C,15866,96-05-9,FBCQUCJYYPMKRO-UHFFFAOYSA-N,126.15
Allyl methallyl ether,CC(=C)COCC=C,3064,14289-96-4,AOCWWIFKJRJLOP-UHFFFAOYSA-N,112.17
Allyl nonanoate,CCCCCCCCC(=O)OCC=C,13446,7493-72-3,MFLWLDDOGSNSKO-UHFFFAOYSA-N,198.3
Allyl p-methylbenzyl ether,CC1=CC=C(C=C1)COCC=C,8485,42463-79-6,GWYIZVBRIVPDIQ-UHFFFAOYSA-N,162.23
Allyl phenyl ether,C=CCOC1=CC=CC=C1,4116,1746-13-0,POSICDHOUBKJKP-UHFFFAOYSA-N,134.17
Allyl phenylacetate,C=CCOC(=O)CC1=CC=CC=C1,4212,1797-74-6,ZCDYAMJXVAUTIM-UHFFFAOYSA-N,176.21
Allylamine,C=CCN,757,107-11-9,VVJKKWFAADXIJK-UHFFFAOYSA-N,57.09
Allylbenzene,C=CCC1=CC=CC=C1,6954,300-57-2,HJWLCRVIBGQPNF-UHFFFAOYSA-N,118.18
Allyltriethoxysilane,CCO[Si](CC=C)(OCC)OCC,5887,2550-04-1,UMFJXASDGBJDEB-UHFFFAOYSA-N,204.34
Allyltrimethoxysilane,CO[Si](CC=C)(OC)OC,5892,2551-83-9,LFRDHGNFBLIJIY-UHFFFAOYSA-N,162.26
Allyltrimethylsilane,C[Si](C)(C)CC=C,13615,762-72-1,HYWCXWRMUZYRPH-UHFFFAOYSA-N,114.26
"alpha,3-Dimethylstyrene",CC1=CC(=CC=C1)C(=C)C,1289,1124-20-5,XXTQHVKTTBLFRI-UHFFFAOYSA-N,132.2
"alpha,alpha'-Bis(4-hydroxy-3,5-dimethylphenyl)-1,4-diisopropylbenzene",CC1=CC(=CC(=C1O)C)C(C)(C)C2=CC=C(C=C2)C(C)(C)C3=CC(=C(C(=C3)C)O)C,7829,36395-57-0,SIDYFHJPUCRHJY-UHFFFAOYSA-N,402.6
"alpha,alpha'-Bis(4-hydroxyphenyl)-1,4-diisopropylbenzene",CC(C)(C1=CC=C(C=C1)C(C)(C)C2=CC=C(C=C2)O)C3=CC=C(C=C3)O,4994,2167-51-3,GIXXQTYGFOHYPT-UHFFFAOYSA-N,346.5
"alpha,alpha'-Dihydroxy-1,3-diisopropylbenzene",CC(C)(C1=CC(=CC=C1)C(C)(C)O)O,4661,1999-85-5,UGPWRRVOLLMHSC-UHFFFAOYSA-N,194.27
"alpha-(2,4,6-Cycloheptatrienyl)-alpha-phenylacetaldehyde tosyl hydrazone",CC1=CC=C(C=C1)S(=O)(=O)N/N=C\C(C2C=CC=CC=C2)C3=CC=CC=C3,5154,22532-16-7,IAVUQMBXUHLXRR-QJOMJCCJSA-N,378.5
alpha-Acorenol,C[C@H]1CCC([C@@]12CCC(=CC2)C)C(C)(C)O,16589,,XDVDHFJMCJWDPI-YOYPFHDYSA-N,222.37
alpha-Bergamotene,CC1=CCC2CC1C2(C)CCC=C(C)C,4164,17699-05-7,YMBFCQPIMVLNIU-UHFFFAOYSA-N,204.35
"alpha-Bergamotene, (E)-(-)-",CC1=CC[C@H]2C[C@@H]1[C@]2(C)CCC=C(C)C,2646,13474-59-4,YMBFCQPIMVLNIU-SOUVJXGZSA-N,204.35
"alpha-Cadinene, (+)-",CC1=C[C@@H]2[C@@H](CC1)C(=CC[C@H]2C(C)C)C,5436,24406-05-1,QMAYBMKBYCGXDH-KKUMJFAQSA-N,204.35
alpha-Cedrene,C[C@@H]1CC[C@@H]2[C@]13CC=C([C@H](C3)C2(C)C)C,8853,469-61-4,IRAQOCYXUMOFCW-OSFYFWSMSA-N,204.35
alpha-Cedrene,C[C@@H]1CC[C@@H]2[C@]13CC=C([C@H](C3)C2(C)C)C,16182,11028-42-5,IRAQOCYXUMOFCW-OSFYFWSMSA-N,204.35
alpha-CIS-BERGAMOTENE,CC1=CC[C@H]2C[C@@H]1[C@@]2(C)CCC=C(C)C,4286,18252-46-5,YMBFCQPIMVLNIU-KKUMJFAQSA-N,204.35
alpha-Cubebene,C[C@@H]1CC[C@H]([C@H]2[C@]13[C@@H]2C(=CC3)C)C(C)C,4165,17699-14-8,XUEHVOLRMXNRKQ-KHMAMNHCSA-N,204.35
alpha-Cumyl peroxyneodecanoate,CCCCCCC(C)(C)C(=O)OOC(C)(C)C1=CC=CC=C1,16251,26748-47-0,NUIZZJWNNGJSGL-UHFFFAOYSA-N,306.4
alpha-Curcumene,CC1=CC=C(C=C1)C(C)CCC=C(C)C,11359,644-30-4,VMYXUZSZMNBRCN-UHFFFAOYSA-N,202.33
alpha-Cyperone,CC1=C2C[C@@H](CC[C@]2(CCC1=O)C)C(=C)C,8883,473-08-5,KUFXJZXMWHNCEH-DOMZBBRYSA-N,218.33
alpha-Damascone,C/C=C/C(=O)C1C(=CCCC1(C)C)C,8542,43052-87-5,CRIGTVCBMUKRSL-FNORWQNLSA-N,192.3
Alpha-Farnesene,CC(=CCC/C(=C/C/C=C(\C)/C=C)/C)C,9051,502-61-4,CXENHBSYCFFKJS-VDQVFBMKSA-N,204.35
alpha-Hexylcinnamaldehyde,CCCCCC/C(=C\C1=CC=CC=C1)/C=O,173,101-86-0,GUUHFMWKWLOQMM-NTCAYCPXSA-N,216.32
alpha-Hexylcinnamaldehyde,CCCCCC/C(=C\C1=CC=CC=C1)/C=O,3856,165184-98-5,GUUHFMWKWLOQMM-NTCAYCPXSA-N,216.32
alpha-IONONE,CC1=CCCC(C1/C=C/C(=O)C)(C)C,2105,127-41-3,UZFLPKAIBPNNCA-BQYQJAHWSA-N,192.3
alpha-Isosafrole,C/C=C\C1=CC2=C(C=C1)OCO2,4154,17627-76-8,VHVOLFRBFDOUSH-IHWYPQMZSA-N,162.18
Alpha-Longipinene,CC1=CC[C@@H]2[C@@H]3[C@H]1[C@]2(CCCC3(C)C)C,10442,5989-08-2,HICYDYJTCDBHMZ-COMQUAJESA-N,204.35
alpha-Methyl-1H-imidazole-1-ethanol,CC(CN1C=CN=C1)O,8024,37788-55-9,WCDFMPVITAWTGR-UHFFFAOYSA-N,126.16
alpha-Methylcinnamaldehyde,C/C(=C\C1=CC=CC=C1)/C=O,157,101-39-3,VLUMOWNVWOXZAU-VQHVLOKHSA-N,146.19
alpha-Methylstyrene,CC(=C)C1=CC=CC=C1,16008,98-83-9,XYLMUPLGERFSHI-UHFFFAOYSA-N,118.18
alpha-Muurolene,CC1=C[C@@H]2[C@H](CC1)C(=CC[C@H]2C(C)C)C,310,10208-80-7,QMAYBMKBYCGXDH-ZNMIVQPWSA-N,204.35
alpha-PHELLANDRENE,CC1=CCC(C=C1)C(C)C,16052,99-83-2,OGLDWXZKYODSOB-UHFFFAOYSA-N,136.23
alpha-PINENE,CC1=CCC2CC1C2(C)C,14104,80-56-8,GRWFGVWFFZKLTI-UHFFFAOYSA-N,136.23
alpha-Terpinene,CC1=CC=C(CC1)C(C)C,16055,99-86-5,YHQGMYUVUMAZJR-UHFFFAOYSA-N,136.23
Alpha-Terpineol,CC1=CCC(CC1)C(C)(C)O,14110,8000-41-7,WUOACPNHFRMFPN-UHFFFAOYSA-N,154.25
Alpha-Terpineol,CC1=CCC(CC1)C(C)(C)O,16000,98-55-5,WUOACPNHFRMFPN-UHFFFAOYSA-N,154.25
alpha-Terpinyl acetate,CC1=CCC(CC1)C(C)(C)OC(=O)C,14094,80-26-2,IGODOXYLBBXFDW-UHFFFAOYSA-N,196.29
alpha-Terpinyl acetate,CC1=CCC(CC1)C(C)(C)OC(=O)C,14166,8007-35-0,IGODOXYLBBXFDW-UHFFFAOYSA-N,196.29
Alpha-Tocopherol,CC1=C(C2=C(CC[C@@](O2)(C)CCC[C@H](C)CCC[C@H](C)CCCC(C)C)C(=C1O)C)C,10307,59-02-9,GVJHHUAWPYXKBD-IEOSBIPESA-N,430.7
Alpha-Tocopherol Acetate,CC1=C(C(=C(C2=C1O[C@](CC2)(C)CCC[C@H](C)CCC[C@H](C)CCCC(C)C)C)OC(=O)C)C,10181,58-95-7,ZAKOWWREFLAJOT-CEFNRUSXSA-N,472.7
Ametryn,CCNC1=NC(=NC(=N1)SC)NC(C)C,14401,834-12-8,RQVYBGPQFYCBGX-UHFFFAOYSA-N,227.33
Aminocaproic acid,C(CCC(=O)O)CCN,10460,60-32-2,SLXKOJJOQWFEFD-UHFFFAOYSA-N,131.17
Aminopterin,C1=CC(=CC=C1C(=O)N[C@@H](CCC(=O)O)C(=O)O)NCC2=CN=C3C(=N2)C(=NC(=N3)N)N,9592,54-62-6,TVZGACDUOSZQKY-LBPRGKRZSA-N,440.4
Ammelide,C1(=NC(=O)NC(=O)N1)N,11385,645-93-2,YSKUZVBSHIWEFK-UHFFFAOYSA-N,128.09
Ammeline,C1(=NC(=NC(=O)N1)N)N,11384,645-92-1,MASBWURJQFFLOO-UHFFFAOYSA-N,127.11
Amobarbital,CCC1(C(=O)NC(=O)NC1=O)CCC(C)C,10048,57-43-2,VIROVYVQCGLCII-UHFFFAOYSA-N,226.27
Amorphane,CC1CCC2C(CCC(C2C1)C(C)C)C,2844,13833-20-0,FZZNNPQZDRVKLU-UHFFFAOYSA-N,208.38
Amyl methyl disulfide,CCCCCSSC,13051,72437-68-4,VDJXDNLYBDHPHP-UHFFFAOYSA-N,150.3
Amyl methyl sulfide,CCCCCSC,4098,1741-83-9,FOJGPFUFFHWGFQ-UHFFFAOYSA-N,118.24
Amyl salicylate,CCCCCOC(=O)C1=CC=CC=C1O,4766,2050-08-0,RANVDUNFZBMTBK-UHFFFAOYSA-N,208.25
Amylene dichloride,CC(C(C)(C)Cl)Cl,9112,507-45-9,TXTORVZCRUFBBO-UHFFFAOYSA-N,141.04
Androstenedione,C[C@]12CCC(=O)C=C1CC[C@@H]3[C@@H]2CC[C@]4([C@H]3CCC4=O)C,11058,63-05-8,AEMFNILZOJDQLW-QAGGRKNESA-N,286.4
Anethole,C/C=C/C1=CC=C(C=C1)OC,488,104-46-1,RUVINXPYWBROJD-ONEGZZNKSA-N,148.2
Anethole,C/C=C/C1=CC=C(C=C1)OC,8417,4180-23-8,RUVINXPYWBROJD-ONEGZZNKSA-N,148.2
"Anethole, (Z)-",C/C=C\C1=CC=C(C=C1)OC,5953,25679-28-1,RUVINXPYWBROJD-ARJAWSKDSA-N,148.2
Anhydroenneaheptitol,C1C(C(C(CO1)(CO)CO)O)(CO)CO,8889,4744-47-2,LCOOMOSZMKFHOC-UHFFFAOYSA-N,222.24
Aniline,C1=CC=C(C=C1)N,10850,62-53-3,PAYRUJLWNCNPSJ-UHFFFAOYSA-N,93.13
Anisole,COC1=CC=CC=C1,23,100-66-3,RDOXTESZEPMUJZ-UHFFFAOYSA-N,108.14
"Anthra[2,1,9-mna]naphth[2,3-h]acridine-5,10,15(16H)-trione",C1=CC=C2C(=C1)C3=C4C(=C2O)C=CC5=C6C=CC7=C(C6=NC(=C54)C=C3)C(=O)C8=CC=CC=C8C7=O,7396,3271-76-9,JERMRPUPFAXARG-UHFFFAOYSA-N,449.5
Anthracene,C1=CC=C2C=C3C=CC=CC3=CC2=C1,1565,120-12-7,MWPLVEDNUUSJAV-UHFFFAOYSA-N,178.23
"Anthracene, 9,10-dihydro-9,10-dimethyl-",CC1C2=CC=CC=C2C(C3=CC=CC=C13)C,5156,22566-43-4,XUVAABLZZNALPU-UHFFFAOYSA-N,208.3
"Anthracene, 9,10-dihydro-9,9,10-trimethyl-",CC1C2=CC=CC=C2C(C3=CC=CC=C13)(C)C,3309,14923-29-6,ARQZXHSZLQPAON-UHFFFAOYSA-N,222.32
"Anthracene, 9-butyltetradecahydro-",CCCCC1C2CCCCC2CC3C1CCCC3,9770,55133-89-6,PJCBPPKQWYVHKO-UHFFFAOYSA-N,248.4
"Anthracene, 9-dodecyltetradecahydro-",CCCCCCCCCCCCC1C2CCCCC2CC3C1CCCC3,9817,55401-75-7,QQGXTQQJKOBQFA-UHFFFAOYSA-N,360.7
"Anthracene, 9-ethyl-9,10-dihydro-10-methyl-",CCC1C2=CC=CC=C2C(C3=CC=CC=C13)C,7885,36778-20-8,BLUDKRGRBCWCHN-UHFFFAOYSA-N,222.32
"Anthracene, 9-ethyl-9,10-dihydro-9,10-dimethyl-",CCC1(C2=CC=CC=C2C(C3=CC=CC=C31)C)C,9744,54947-86-3,SRHFYVHFJIKJFO-UHFFFAOYSA-N,236.4
"Anthracene, decafluoro-",C12=C(C(=C3C(=C1F)C(=C(C(=C3F)F)F)F)F)C(=C(C(=C2F)F)F)F,3596,1580-19-4,SYVNSELUWFDWOQ-UHFFFAOYSA-N,358.13
"Anthracene-9,10-dithiol",C1=CC=C2C(=C1)C(=C3C=CC=CC3=C2S)S,14770,86756-29-8,QHWTVIYSEHVEKU-UHFFFAOYSA-N,242.4
Anthraquinone,C1=CC=C2C(=C1)C(=O)C3=CC=CC=C3C2=O,14457,84-65-1,RZVHIXYEVGDQDX-UHFFFAOYSA-N,208.21
Arachidic Acid,CCCCCCCCCCCCCCCCCCCC(=O)O,9093,506-30-9,VKOBVWXKNCXXDE-UHFFFAOYSA-N,312.5
Arachidonic Acid,CCCCC/C=C\C/C=C\C/C=C\C/C=C\CCCC(=O)O,9095,506-32-1,YZXBAPSDXZZRGB-DOFZRALJSA-N,304.5
Arachidyl methacrylate,CCCCCCCCCCCCCCCCCCCCOC(=O)C(=C)C,8760,45294-18-6,CFBXDFZIDLWOSO-UHFFFAOYSA-N,366.6
Arbitol E,CC(C)C1CC[C@H]2C(=C1)CC[C@@H]3[C@@]2(CCC[C@@]3(C)CO)C,6167,26266-77-3,FLMIYUXOBAUKJM-IUHBKHCYSA-N,290.5
Arlacel 40,CCCCCCCCCCCCCCCC(=O)OC[C@H]([C@@H]1[C@@H]([C@H](CO1)O)O)O,6166,26266-57-9,IYFATESGLOUGBX-YVNJGZBMSA-N,402.6
Aromadendrene,CC1CCC2C1C3C(C3(C)C)CCC2=C,959,109119-91-7,ITYNGVSTWVVPIC-UHFFFAOYSA-N,204.35
Aromadendrene oxide 2,C[C@@H]1CC[C@@H]2[C@@H]1[C@H]3[C@H](C3(C)C)CC[C@@]24CO4,14692,85710-39-0,XPGWKKLDFXNBPJ-QTPLKFIXSA-N,220.35
Arundoin,CC(C)[C@H]1CC[C@@H]2[C@@]1(CC[C@]3([C@]2(CC=C4[C@@H]3CC[C@@H]5[C@@]4(CC[C@@H](C5(C)C)OC)C)C)C)C,8792,4555-56-0,MRNPHCMRIQYRFU-KXUMSINMSA-N,440.7
Ascaridole,CC(C)C12CCC(C=C1)(OO2)C,9177,512-85-6,MGYMHQJELJYRQS-UHFFFAOYSA-N,168.23
Ascorbyl palmitate,CCCCCCCCCCCCCCCC(=O)OC[C@@H]([C@@H]1C(=C(C(=O)O1)O)O)O,2765,137-66-6,QAQJMLQRFWZOBN-LAUBAEHRSA-N,414.5
Asparagine,C([C@@H](C(=O)O)N)C(=O)N,12701,70-47-3,DCXYFEDJOCDNAF-REOHCLBHSA-N,132.12
Aspirin,CC(=O)OC1=CC=CC=C1C(=O)O,9030,50-78-2,BSYNRYMUTXBXSQ-UHFFFAOYSA-N,180.16
Atrazine,CCNC1=NC(=NC(=N1)Cl)NC(C)C,4504,1912-24-9,MXWJVTOOROXGIU-UHFFFAOYSA-N,215.68
Atropaldehyde,C=C(C=O)C1=CC=CC=C1,8601,4432-63-7,ZFBRJUBOJXNIQM-UHFFFAOYSA-N,132.16
Auramine,CN(C)C1=CC=C(C=C1)C(=N)C2=CC=C(C=C2)N(C)C,8970,492-80-8,JPIYZTWMUGTEHX-UHFFFAOYSA-N,267.37
Aurantiol,CC(CCCC(C)(C)O)CC=NC1=CC=CC=C1C(=O)OC,14924,89-43-0,BFBPISPWJZMWJN-UHFFFAOYSA-N,305.4
Avobenzone,CC(C)(C)C1=CC=C(C=C1)C(=O)CC(=O)C2=CC=C(C=C2)OC,12759,70356-09-1,XNEFYCZVKIDDMS-UHFFFAOYSA-N,310.4
Azacitidine,C1=NC(=NC(=O)N1[C@H]2[C@@H]([C@@H]([C@H](O2)CO)O)O)N,7311,320-67-2,NMUSYJAQQFHJEW-KVTDHHQDSA-N,244.2
Azelaic Acid,C(CCCC(=O)O)CCCC(=O)O,1944,123-99-9,BDJRBEYXGGNYIS-UHFFFAOYSA-N,188.22
Azetidine,C1CNC1,9057,503-29-7,HONIICLYMWZJFZ-UHFFFAOYSA-N,57.09
Azinphos-ethyl,CCOP(=S)(OCC)SCN1C(=O)C2=CC=CC=C2N=N1,6216,2642-71-9,RQVGAIADHNPSME-UHFFFAOYSA-N,345.4
Aziridine,C1CN1,3372,151-56-4,NOWKCMXCCJGMRR-UHFFFAOYSA-N,43.07
Aziridine,C1CN1,15011,9002-98-6,NOWKCMXCCJGMRR-UHFFFAOYSA-N,43.07
Azo-isobutyronitrile,CC(CN=NCC(C)C#N)C#N,13638,764-28-3,FLZDRQXGVYVYSL-UHFFFAOYSA-N,164.21
Azobenzene,C1=CC=C(C=C1)N=NC2=CC=CC=C2,377,103-33-3,DMLAVOWQYNRWNQ-UHFFFAOYSA-N,182.22
Azodicarbonamide,C(=O)(N)/N=N/C(=O)N,1933,123-77-3,XOZUGNYVDXMRKW-AATRIKPKSA-N,116.08
Azodicarbonamide,C(=O)(N)/N=N/C(=O)N,16325,97707-96-5,XOZUGNYVDXMRKW-AATRIKPKSA-N,116.08
Azulene,C1=CC=C2C=CC=C2C=C1,6519,275-51-4,CUFNKYGDVFVPHO-UHFFFAOYSA-N,128.17
Barbituric acid,C1C(=O)NC(=O)NC1=O,11718,67-52-7,HNYOPLTXPVRDBG-UHFFFAOYSA-N,128.09
Behenic Acid,CCCCCCCCCCCCCCCCCCCCCC(=O)O,1256,112-85-6,UKMSUNONTOPOIO-UHFFFAOYSA-N,340.6
Benz(a)anthracene,C1=CC=C2C(=C1)C=CC3=CC4=CC=CC=C4C=C32,9915,56-55-3,DXBHBZVCASKNBY-UHFFFAOYSA-N,228.3
"Benz(a)anthracene, 1,2-dimethyl-",CC1=C(C2=C(C=C1)C=CC3=CC4=CC=CC=C4C=C32)C,13578,75975-71-2,YQRNVIBATHFHCC-UHFFFAOYSA-N,256.3
Benz[a]anthracene-d12,[2H]C1=C(C(=C2C(=C1[2H])C(=C(C3=C(C4=C(C(=C(C(=C4C(=C32)[2H])[2H])[2H])[2H])[2H])[2H])[2H])[2H])[2H])[2H],4025,1718-53-2,DXBHBZVCASKNBY-AQZSQYOVSA-N,240.4
Benz[cd]indol-2(1H)-one,C1=CC2=C3C(=C1)C(=O)NC3=CC=C2,2188,130-00-7,GPYLCFQEKPUWLD-UHFFFAOYSA-N,169.18
Benzal chloride,C1=CC=C(C=C1)C(Cl)Cl,16010,98-87-3,CAHQGWAXKLQREW-UHFFFAOYSA-N,161.03
Benzaldehyde,C1=CC=C(C=C1)C=O,19,100-52-7,HUMNYLRZRPPJDN-UHFFFAOYSA-N,106.12
Benzaldehyde dimethyl acetal,COC(C1=CC=CC=C1)OC,1295,1125-88-8,HEVMDQBCAHEHDY-UHFFFAOYSA-N,152.19
"Benzaldehyde, 2,5-bis[(trimethylsilyl)oxy]-",C[Si](C)(C)OC1=CC(=C(C=C1)O[Si](C)(C)C)C=O,9930,56114-69-3,OGDNDISFPNBJNB-UHFFFAOYSA-N,282.48
Benzamide,C1=CC=C(C=C1)C(=O)N,9750,55-21-0,KXDAEFPNCMNJSK-UHFFFAOYSA-N,121.14
"Benzamide, 2,2'-dithiobis[n-methyl-",CNC(=O)C1=CC=CC=C1SSC2=CC=CC=C2C(=O)NC,5834,2527-58-4,JEVCLNJEBFWVPD-UHFFFAOYSA-N,332.4
"Benzamide, N-(1,3-dihydro-2-oxo-4-isobenzofuryl)-",C1C2=C(C=C(C=C2)NC(=O)C3=CC=CC=C3)C(=O)O1,33,1000270-36-9,VFZQBZVIVQOFMH-UHFFFAOYSA-N,253.25
"Benzenamine, 2-(phenylazo)-",C1=CC=C(C=C1)N=NC2=CC=CC=C2N,6672,2835-58-7,KQZBSZUGKSCFBL-UHFFFAOYSA-N,197.24
"Benzenamine, 4,4'-methylenebis[3-chloro-2,6-diethyl-",CCC1=CC(=C(C(=C1N)CC)Cl)CC2=C(C(=C(C(=C2)CC)N)CC)Cl,705,106246-33-7,VIOMIGLBMQVNLY-UHFFFAOYSA-N,379.4
"Benzenamine, N,N-bis(2-methylpropyl)-4-((5-((2-methylpropyl)sulfonyl)-1,3,4-thiadiazol-2-yl)azo)-",CC(C)CN(CC(C)C)C1=CC=C(C=C1)N=NC2=NN=C(S2)S(=O)(=O)CC(C)C,3823,163961-34-0,BZRWOVKCTOFFIW-UHFFFAOYSA-N,437.6
"Benzenamine, N,N-diethyl-3-methyl-4-((5-nitro-2-thiazolyl)azo)-",CCN(CC)C1=CC(=C(C=C1)N=NC2=NC=C(S2)[N+](=O)[O-])C,12801,70693-64-0,NJVKVRKBXAKSKG-UHFFFAOYSA-N,319.38
"Benzenamine, N-[4-[(1,3-dimethylbutyl)imino]-2,5-cyclohexadien-1-ylidene]-",CC(C)CC(C)N=C1C=CC(=NC2=CC=CC=C2)C=C1,9459,52870-46-9,LTVAIOLMQDKZTP-UHFFFAOYSA-N,266.4
"Benzenamine, N-phenyl-ar-(1,1,3,3-tetramethylbutyl)-",CC(C)(C)CC(C)(C)C1=CC=C(C=C1)NC2=CC=CC=C2,8743,4496-45-1,OSFOTMWFXQGWKZ-UHFFFAOYSA-N,281.4
"Benzenamine, N-phenyl-ar-(1,1,3,3-tetramethylbutyl)-",CC(C)(C)CC(C)(C)C1=CC=C(C=C1)NC2=CC=CC=C2,17332,,OSFOTMWFXQGWKZ-UHFFFAOYSA-N,281.4
Benzene,C1=CC=CC=C1,12865,71-43-2,UHOVQNZJYSORNB-UHFFFAOYSA-N,78.11
"Benzene, (1-butylhexyl)-",CCCCCC(CCCC)C1=CC=CC=C1,8779,4537-11-5,CDOBABYRHNVZQG-UHFFFAOYSA-N,218.38
"Benzene, (1-butylnonyl)-",CCCCCCCCC(CCCC)C1=CC=CC=C1,8767,4534-50-3,MZTIRLOLMGVVEK-UHFFFAOYSA-N,260.5
"Benzene, (1-ethyldecyl)-",CCCCCCCCCC(CC)C1=CC=CC=C1,5355,2400-00-2,PGVOXXHNGYYHHB-UHFFFAOYSA-N,246.4
"Benzene, (1-methyldecyl)-",CCCCCCCCCC(C)C1=CC=CC=C1,8778,4536-88-3,YHJBCRBYDBNEIK-UHFFFAOYSA-N,232.4
"Benzene, (1-methylenepropyl)-",CCC(=C)C1=CC=CC=C1,4737,2039-93-2,SQHOHKQMTHROSF-UHFFFAOYSA-N,132.2
"Benzene, (1-methylheptadecyl)-",CCCCCCCCCCCCCCCCC(C)C1=CC=CC=C1,11595,6583-67-1,TWACGLJYZUHSPS-UHFFFAOYSA-N,330.6
"Benzene, (1-methylpentadecyl)-",CCCCCCCCCCCCCCC(C)C1=CC=CC=C1,2574,13419-16-4,ZUXDORPHXZKYTN-UHFFFAOYSA-N,302.5
"Benzene, (1-pentyloctyl)-",CCCCCCCC(CCCCC)C1=CC=CC=C1,8766,4534-49-0,OTSYFFDVDLHIKX-UHFFFAOYSA-N,260.5
"Benzene, (1-propyldecyl)-",CCCCCCCCCC(CCC)C1=CC=CC=C1,8768,4534-51-4,RZGVZPAWCGDMCK-UHFFFAOYSA-N,260.5
"Benzene, (1-propylheptyl)-",CCCCCCC(CCC)C1=CC=CC=C1,8780,4537-12-6,QTDBKYLPIZUTFN-UHFFFAOYSA-N,218.38
"Benzene, (1-propyloctyl)-",CCCCCCCC(CCC)C1=CC=CC=C1,8776,4536-86-1,NSQAXMRLBNXEHK-UHFFFAOYSA-N,232.4
"Benzene, (2,2-dimethyl-1-methylenepropyl)-",CC(C)(C)C(=C)C1=CC=CC=C1,10013,5676-29-9,OJHQXSRIBZMCSR-UHFFFAOYSA-N,160.25
"Benzene, (5-iodopentyl)-",C1=CC=C(C=C1)CCCCCI,16102,99858-37-4,QVQYOJLZAUEILK-UHFFFAOYSA-N,274.14
"Benzene, (cyclopropylidenemethyl)-",C1CC1=CC2=CC=CC=C2,13545,7555-67-1,VXAOEHNEGSMNAU-UHFFFAOYSA-N,130.19
"Benzene, 1,1',1''-methylidynetris[4-isocyanato-",C1=CC(=CC=C1C(C2=CC=C(C=C2)N=C=O)C3=CC=C(C=C3)N=C=O)N=C=O,5388,2422-91-5,LTIKIBFTASQKMM-UHFFFAOYSA-N,367.4
"Benzene, 1,1'-(1,1,2,2-tetramethyl-1,2-ethanediyl)bis[4-methyl-",CC1=CC=C(C=C1)C(C)(C)C(C)(C)C2=CC=C(C=C2)C,13171,734-17-8,DTVHTGANUBTKPO-UHFFFAOYSA-N,266.4
"Benzene, 1,1'-(1,3,3-trimethyl-1-propene-1,3-diyl)bis-",C/C(=C\C(C)(C)C1=CC=CC=C1)/C2=CC=CC=C2,5183,22768-22-5,VOOVDZMAQQVAEW-CCEZHUSRSA-N,236.4
"Benzene, 1,1'-(1-butene-1,4-diyl)bis-, (Z)-",C1=CC=C(C=C1)CC/C=C\C2=CC=CC=C2,12766,70388-65-7,NJJOGKAVAWZLAU-QPEQYQDCSA-N,208.3
"Benzene, 1,1'-(1-ethyl-1,3-propanediyl)bis-",CCC(CCC1=CC=CC=C1)C2=CC=CC=C2,14425,838-45-9,NXKYVNWYVWJWEN-UHFFFAOYSA-N,224.34
"Benzene, 1,1'-[(methylthio)ethenylidene]bis-",CSC=C(C1=CC=CC=C1)C2=CC=CC=C2,3363,15096-10-3,GKRXIURAUNDFJH-UHFFFAOYSA-N,226.3
"Benzene, 1,1'-[2-methyl-2-(phenylthio)cyclopropylidene]bis-",CC1(CC1(C2=CC=CC=C2)C3=CC=CC=C3)SC4=CC=CC=C4,10009,56728-02-0,DKKGXIJGZVZJRU-UHFFFAOYSA-N,316.5
"Benzene, 1,1'-oxybis[(1,1,3,3-tetramethylbutyl)-",CC(C)(C)CC(C)(C)C1=CC=CC=C1OC2=CC=CC=C2C(C)(C)CC(C)(C)C,10703,61702-88-3,FSFVPNRYRFVFEI-UHFFFAOYSA-N,394.6
"Benzene, 1,2-dimethyl-4-(phenylmethyl)-",CC1=C(C=C(C=C1)CC2=CC=CC=C2)C,2689,13540-56-2,IWSSFULMLQTJFO-UHFFFAOYSA-N,196.29
"Benzene, 1,3-dichloro-5-(1,1-dimethylethyl)-2-methoxy-",CC(C)(C)C1=CC(=C(C(=C1)Cl)OC)Cl,9777,55191-16-7,MTOROSUNXZKMLR-UHFFFAOYSA-N,233.13
"Benzene, 1,4-bis(phenylthio)-",C1=CC=C(C=C1)SC2=CC=C(C=C2)SC3=CC=CC=C3,7639,3459-94-7,WGBYOWIYAKVOLO-UHFFFAOYSA-N,294.4
"Benzene, 1,4-dibromo-2-phenoxy-",C1=CC=C(C=C1)OC2=C(C=CC(=C2)Br)Br,7547,337513-66-3,URDWJMUOJJSXAE-UHFFFAOYSA-N,328
"Benzene, 1-(1,5-dimethylhexyl)-4-methyl-",CC1=CC=C(C=C1)C(C)CCCC(C)C,3177,1461-02-5,GVCHCLNHTASCCP-UHFFFAOYSA-N,204.35
"Benzene, 1-(ethylthio)-3-methyl-",CCSC1=CC=CC(=C1)C,7659,34786-24-8,HYWRFKLTGRADFO-UHFFFAOYSA-N,152.26
"Benzene, 1-butyl-4-[(4-ethylphenyl)ethynyl]-",CCCCC1=CC=C(C=C1)C#CC2=CC=C(C=C2)CC,1431,117392-63-9,FEWCQIVPFKPBDH-UHFFFAOYSA-N,262.4
"Benzene, 1-butyl-4-methyl-",CCCCC1=CC=C(C=C1)C,3644,1595-05-7,SBBKUBSYOVDBBC-UHFFFAOYSA-N,148.24
"Benzene, 1-ethyl-2,3,5-trimethyl-",CCC1=CC(=CC(=C1C)C)C,9622,54120-62-6,GGYNNCOYZVGAPR-UHFFFAOYSA-N,148.24
"Benzene, 1-isocyanato-2-[(4-isocyanatophenyl)methyl]-",C1=CC=C(C(=C1)CC2=CC=C(C=C2)N=C=O)N=C=O,10276,5873-54-1,LFSYUSUFCBOHGU-UHFFFAOYSA-N,250.25
"Benzene, 2,4-dimethyl-1-(1-methylpropyl)-",CCC(C)C1=C(C=C(C=C1)C)C,3277,1483-60-9,KAXODKSCABORIG-UHFFFAOYSA-N,162.27
"Benzene, 4-(2-butenyl)-1,2-dimethyl-, (E)-",C/C=C/CC1=CC(=C(C=C1)C)C,9658,54340-86-2,PKDQZBULDXKDSQ-SNAWJCMRSA-N,160.25
"Benzene, 4-ethenyl-1,2-dimethyl-",CC1=C(C=C(C=C1)C=C)C,6580,27831-13-6,PMZXJPLGCUVUDN-UHFFFAOYSA-N,132.2
"Benzene, [(3-methyl-2-butenyl)oxy]-",CC(=CCOC1=CC=CC=C1)C,3086,14309-15-0,UVMBQNGBJXHCNP-UHFFFAOYSA-N,162.23
"Benzene, [1-[[1-(1-methylethyl)-3-butenyl]oxy]ethyl]-, [S-(R*,R*)]-",CC(C)C(CC=C)OC(C)C1=CC=CC=C1,16020,98088-51-8,HQFZCJFCRWQONH-UHFFFAOYSA-N,218.33
Benzene-d6,[2H]C1=C(C(=C(C(=C1[2H])[2H])[2H])[2H])[2H],829,1076-43-3,UHOVQNZJYSORNB-MZWXYZOWSA-N,84.15
"Benzenecarboperoxoic acid, 1,1-dimethylpropyl ester",CCC(C)(C)OOC(=O)C1=CC=CC=C1,8751,4511-39-1,RFSCGDQQLKVJEJ-UHFFFAOYSA-N,208.25
"Benzenecarbothioic acid, S-(4,5-dihydro-5-thioxo-1,3,4-thiadiazol-2-yl) ester",C1=CC=C(C=C1)C(=O)SC2=NNC(=S)S2,9295,51988-14-8,KIFSWJVHFMQPOS-UHFFFAOYSA-N,254.4
"Benzenepropanoic acid, 3-(2H-benzotriazol-2-yl)-5-(1,1-dimethylethyl)-4-hydroxy-",CC(C)(C)C1=C(C(=CC(=C1)CCC(=O)O)N2N=C3C=CC=CC3=N2)O,14487,84268-36-0,OYGYNUPKLMDVHM-UHFFFAOYSA-N,339.4
"Benzenepropanoic acid, 3-(2H-benzotriazol-2-yl)-5-(1,1-dimethylethyl)-4-hydroxy-, 1,6-hexanediyl ester",CCCCCCOC(=O)CCC1=CC(=C(C(=C1)N2N=C3C=CC=CC3=N2)O)C(C)(C)C,14486,84268-08-6,LUZAAKNZQSYDKP-UHFFFAOYSA-N,423.5
"Benzenepropanoic acid, 3-(5-chloro-2H-benzotriazol-2-yl)-5-(1,1-dimethylethyl)-4-hydroxy-, 2-ethylhexyl ester",CCCCC(CC)COC(=O)CCC1=CC(=C(C(=C1)N2N=C3C=CC(=CC3=N2)Cl)O)C(C)(C)C,14386,83044-90-0,AWEVLIFGIMIQHY-UHFFFAOYSA-N,486
Benzenesulfonamide,C1=CC=C(C=C1)S(=O)(=O)N,15989,98-10-2,KHBQMWCZKVMBLN-UHFFFAOYSA-N,157.19
"Benzenesulfonamide, 4-((4-ethoxyphenyl)amino)-N,N-dimethyl-3-nitro-",CCOC1=CC=C(C=C1)NC2=C(C=C(C=C2)S(=O)(=O)N(C)C)[N+](=O)[O-],11750,67338-59-4,SIFKXZAVMBSRMB-UHFFFAOYSA-N,365.4
"Benzenesulfonamide, 4-methyl-N-[4-(phenylamino)phenyl]-",CC1=CC=C(C=C1)S(=O)(=O)NC2=CC=C(C=C2)NC3=CC=CC=C3,29,100-93-6,KEZPMZSDLBJCHH-UHFFFAOYSA-N,338.4
"Benzenesulfonamide, N,N,4-trimethyl-",CC1=CC=C(C=C1)S(=O)(=O)N(C)C,10448,599-69-9,WZKOKGOAHBIPCI-UHFFFAOYSA-N,199.27
Benzenesulfonic Acid,C1=CC=C(C=C1)S(=O)(=O)O,15990,98-11-3,SRSXLGNVWSONIS-UHFFFAOYSA-N,158.18
"Benzenesulfonic acid, 4-methyl-, 2-(aminocarbonyl)hydrazide",CC1=CC=C(C=C1)S(=O)(=O)NNC(=O)N,479,10396-10-8,VRFNYSYURHAPFL-UHFFFAOYSA-N,229.26
"Benzenesulfonic acid, oxybis-, 1,1'-dihydrazide",C1=CC(=C(C(=C1)OC2=CC=CC(=C2S(=O)(=O)N)N)S(=O)(=O)N)N,6825,29221-52-1,HRYBCFHSDUUIAS-UHFFFAOYSA-N,358.4
Benzenesulfonohydrazide,C1=CC=C(C=C1)S(=O)(=O)NN,14093,80-17-1,VJRITMATACIYAF-UHFFFAOYSA-N,172.21
"Benzenesulfonothioic acid, S-phenyl ester",C1=CC=C(C=C1)SS(=O)(=O)C2=CC=CC=C2,1738,1212-08-4,ATKJLMWDXASAJA-UHFFFAOYSA-N,250.3
Benzenesulfonyl chloride,C1=CC=C(C=C1)S(=O)(=O)Cl,15988,98-09-9,CSKNSYBAZOQPLR-UHFFFAOYSA-N,176.62
"Benzenethiol, 2-ethenyl-",C=CC1=CC=CC=C1S,14946,89664-22-2,NADUDFSNHZPLIN-UHFFFAOYSA-N,136.22
Benzhydryl isothiocyanate,C1=CC=C(C=C1)C(C2=CC=CC=C2)N=C=S,7738,3550-21-8,WDOSFTZMBFYTED-UHFFFAOYSA-N,225.31
Benzidine,C1=CC(=CC=C1C2=CC=C(C=C2)N)N,15459,92-87-5,HFACYLZERDEVSX-UHFFFAOYSA-N,184.24
"Benzidine-3,3'-dicarboxylic acid",C1=CC(=C(C=C1C2=CC(=C(C=C2)N)C(=O)O)C(=O)O)N,4923,2130-56-5,IIQLVLWFQUUZII-UHFFFAOYSA-N,272.26
Benzil,C1=CC=C(C=C1)C(=O)C(=O)C2=CC=CC=C2,2564,134-81-6,WURBFLDFSFBTLW-UHFFFAOYSA-N,210.23
Benzimidazole,C1=CC=C2C(=C1)NC=N2,9146,51-17-2,HYZJCKYKOHLVJF-UHFFFAOYSA-N,118.14
"Benzo(b)naphtho(2,3-d)thiophene, 6-methyl-",CC1=C2C(=CC3=CC=CC=C13)C4=CC=CC=C4S2,5423,24360-63-2,SMVYLXVOJHVADR-UHFFFAOYSA-N,248.3
"Benzo(c)(2,7)naphthyridin-4(3H)-one",C1=CC=C2C(=C1)C3=C(C=N2)C(=O)NC=C3,13175,7344-61-8,ULIAUQBOGQCMQM-UHFFFAOYSA-N,196.2
Benzo(j)fluoranthen-4-ol,C1=CC=C2C(=C1)C=CC3=C2C4=C5C3=CC=CC5=C(C=C4)O,16111,106521-01-1,OEAKGNRTXCFURY-UHFFFAOYSA-N,268.3
Benzo[a]pyrene,C1=CC=C2C3=C4C(=CC2=C1)C=CC5=C4C(=CC=C5)C=C3,9028,50-32-8,FMMWHPNWAFZXNH-UHFFFAOYSA-N,252.3
Benzo[b]fluoranthene,C1=CC=C2C3=C4C(=CC=C3)C5=CC=CC=C5C4=CC2=C1,4765,205-99-2,FTOVXSOBNPWTSH-UHFFFAOYSA-N,252.3
"Benzo[b]naphtho[1,2-d]thiophene",C1=CC=C2C(=C1)C=CC3=C2C4=CC=CC=C4S3,4763,205-43-6,XZUMOEVHCZXMTR-UHFFFAOYSA-N,234.3
"Benzo[b]naphtho[2,1-d]thiophene",C1=CC=C2C(=C1)C=CC3=C2SC4=CC=CC=C34,5335,239-35-0,YEUHHUCOSQOCIX-UHFFFAOYSA-N,234.3
"Benzo[b]naphtho[2,3-d]thiophene, 6,8-dimethyl-",CC1=CC2=C(C3=C(C=C2C=C1)C4=CC=CC=C4S3)C,5579,24964-16-7,RHDRETOWNKZLPR-UHFFFAOYSA-N,262.4
Benzo[c]phenanthrene,C1=CC=C2C(=C1)C=CC3=C2C4=CC=CC=C4C=C3,4576,195-19-7,TUAHORSUHVUKBD-UHFFFAOYSA-N,228.3
Benzo[c]thiophene,C1=CC2=CSC=C2C=C1,6403,270-82-6,LYTMVABTDYMBQK-UHFFFAOYSA-N,134.2
Benzo[e]pyrene,C1=CC=C2C(=C1)C3=CC=CC4=C3C5=C(C=CC=C25)C=C4,4517,192-97-2,TXVHTIQJNYSSKO-UHFFFAOYSA-N,252.3
Benzo[e]pyrene,C1=CC=C2C(=C1)C3=CC=CC4=C3C5=C(C=CC=C25)C=C4,13179,73467-76-2,TXVHTIQJNYSSKO-UHFFFAOYSA-N,252.3
Benzo[ghi]fluoranthene,C1=CC2=C3C(=C1)C4=CC=CC5=C4C3=C(C=C2)C=C5,4716,203-12-3,YEIHPPOCKIHUQJ-UHFFFAOYSA-N,226.3
Benzo[ghi]perylene,C1=CC2=C3C(=C1)C4=CC=CC5=C4C6=C(C=C5)C=CC(=C36)C=C2,4502,191-24-2,GYFAGKUZYNFMBN-UHFFFAOYSA-N,276.3
Benzo[k]fluoranthene,C1=CC=C2C=C3C4=CC=CC5=C4C(=CC=C5)C3=CC2=C1,4806,207-08-9,HAXBIWFMXWRORI-UHFFFAOYSA-N,252.3
Benzofuran,C1=CC=C2C(=C1)C=CO2,6423,271-89-6,IANQTJSKSUMEQM-UHFFFAOYSA-N,118.13
Benzohydrazide,C1=CC=C(C=C1)C(=O)NN,10631,613-94-5,WARCRYXKINZHGQ-UHFFFAOYSA-N,136.15
Benzoic Acid,C1=CC=C(C=C1)C(=O)O,11504,65-85-0,WPYMKLBDIGXBTP-UHFFFAOYSA-N,122.12
"Benzoic acid, 10-chlorodecyl ester",C1=CC=C(C=C1)C(=O)OCCCCCCCCCCCl,17641,,RUTRECRHHBPSSS-UHFFFAOYSA-N,296.8
"Benzoic acid, 2-(hydroxyphenylmethyl)-, methyl ester",COC(=O)C1=CC=CC=C1C(C2=CC=CC=C2)O,13181,73472-90-9,CKZLXBIDMFDBJL-UHFFFAOYSA-N,242.27
"Benzoic acid, 2-[[3-[[(2,3-dihydro-2-oxo-1H-benzimidazol-5-yl)amino]carbonyl]-2-hydroxy-1-naphthalenyl]azo]-, methyl ester",COC(=O)C1=CC=CC=C1N=NC2=C(C(=CC3=CC=CC=C32)C(=O)NC4=CC5=C(C=C4)NC(=O)N5)O,12683,6985-92-8,IESSXLDTYTXHDL-UHFFFAOYSA-N,481.5
"Benzoic acid, 2-methyl-, butyl ester",CCCCOC(=O)C1=CC=CC=C1C,11548,65382-88-9,GALQLODNTKQGFE-UHFFFAOYSA-N,192.25
"Benzoic acid, 3,5-diamino-4-chloro-, 2-methylpropyl ester",CC(C)COC(=O)C1=CC(=C(C(=C1)N)Cl)N,7437,32961-44-7,KHUIRIRTZCOEMK-UHFFFAOYSA-N,242.7
"Benzoic acid, 4-(allyloxy)-3,5-dichloro-, allyl ester",C=CCOC1=C(C=C(C=C1Cl)C(=O)OCC=C)Cl,15443,91954-47-1,HUNRSLGZDCMRMJ-UHFFFAOYSA-N,287.13
"Benzoic acid, 4-[2-[4-(5-methyl-2-benzoxazolyl)phenyl]ethenyl]-, methyl ester",CC1=CC2=C(C=C1)OC(=N2)C3=CC=C(C=C3)C=CC4=CC=C(C=C4)C(=O)OC,4235,18039-18-4,QQKFUTGTZXPBGA-UHFFFAOYSA-N,369.4
"Benzoic acid, 4-[[(ethylphenylamino)methylene]amino]-, ethyl ester",CCN(C=NC1=CC=C(C=C1)C(=O)OCC)C2=CC=CC=C2,11593,65816-20-8,LTGPEBRDBMFYBR-UHFFFAOYSA-N,296.4
"Benzoic acid, dec-2-yl ester",CCCCCCCCC(C)OC(=O)C1=CC=CC=C1,7250,31637-00-0,WPQGCBLKSNYZOU-UHFFFAOYSA-N,262.4
"Benzoic acid, dec-2-yl ester",CCCCCCCCC(C)OC(=O)C1=CC=CC=C1,17530,,WPQGCBLKSNYZOU-UHFFFAOYSA-N,262.4
Benzoic anhydride,C1=CC=C(C=C1)C(=O)OC(=O)C2=CC=CC=C2,15564,93-97-0,CHIHQLCVLOXUJW-UHFFFAOYSA-N,226.23
Benzoin,C1=CC=C(C=C1)C(C(=O)C2=CC=CC=C2)O,1507,119-53-9,ISAOCJYIOMOJEB-UHFFFAOYSA-N,212.24
Benzoin ethyl ether,CCOC(C1=CC=CC=C1)C(=O)C2=CC=CC=C2,10105,574-09-4,KMNCBSZOIQAUFX-UHFFFAOYSA-N,240.3
Benzonitrile,C1=CC=C(C=C1)C#N,16,100-47-0,JFDZBHWFFUWGJE-UHFFFAOYSA-N,103.12
"Benzonitrile, 2-[2-[4-[2-(3-cyanophenyl)ethenyl]phenyl]ethenyl]-",C1=CC=C(C(=C1)/C=C/C2=CC=C(C=C2)/C=C/C3=CC(=CC=C3)C#N)C#N,14057,79026-03-2,JRVKAPLKKVWGKU-SQIWNDBBSA-N,332.4
"Benzonitrile,3,3'-(2,3,5,6-tetrahydro-3,6-dioxopyrrolo[3,4-c]pyrrole-1,4-diyl)bis-",C1=CC(=CC(=C1)C2=C3C(=C(N2)O)C(=NC3=O)C4=CC=CC(=C4)C#N)C#N,14510,84632-50-8,WAEJKWBHPKBKKZ-UHFFFAOYSA-N,338.3
Benzophenone,C1=CC=C(C=C1)C(=O)C2=CC=CC=C2,1508,119-61-9,RWCCWEUUXYIKHB-UHFFFAOYSA-N,182.22
Benzophenone acrylate,C=CC(=O)OC1=CC=CC=C1C(=O)C2=CC=CC=C2,10402,59626-79-8,DSTUKHPLWATFCG-UHFFFAOYSA-N,252.26
Benzothiazole,C1=CC=C2C(=C1)N=CS2,15744,95-16-9,IOJUPLGTWVMSFF-UHFFFAOYSA-N,135.19
Benzothiophene,C1=CC=C2C(=C1)C=CS2,15743,95-15-8,FCEHBMOGCRZNNI-UHFFFAOYSA-N,134.2
Benzotrifluoride,C1=CC=C(C=C1)C(F)(F)F,15987,98-08-8,GETTZEONDQJALK-UHFFFAOYSA-N,146.11
"Benzoxazole, 2,2'-(1,4-naphthalenediyl)bis-",C1=CC=C2C(=C1)C(=CC=C2C3=NC4=CC=CC=C4O3)C5=NC6=CC=CC=C6O5,9128,5089-22-5,WFYSPVCBIJCZPX-UHFFFAOYSA-N,362.4
"Benzoxazole, 2-(4-(2-((1,1'-biphenyl)-4-yl)ethenyl)phenyl)-5,7-dimethyl-",CC1=CC(=C2C(=C1)N=C(O2)C3=CC=C(C=C3)/C=C/C4=CC=C(C=C4)C5=CC=CC=C5)C,8292,40704-04-9,PQKKXHAZEZTNFG-CMDGGOBGSA-N,401.5
"Benzoxazole, 2-(4-(2-(4-(3-methyl-1,2,4-oxadiazol-5-yl)phenyl)ethenyl)phenyl)-",CC1=NOC(=N1)C2=CC=C(C=C2)/C=C/C3=CC=C(C=C3)C4=NC5=CC=CC=C5O4,11499,64893-28-3,YDADFDRLKYUBEW-VOTSOKGWSA-N,379.4
"Benzoxazole, 2-[4-[2-[4-(2-benzoxazolyl)phenyl]ethenyl]phenyl]-5-methyl-",CC1=CC2=C(C=C1)OC(=N2)C3=CC=C(C=C3)/C=C/C4=CC=C(C=C4)C5=NC6=CC=CC=C6O5,9363,5242-49-9,SOTPOQQKAUOHRO-BQYQJAHWSA-N,428.5
"Benzoxazole, 5-methyl-2-[4-[2-(5-methyl-2-benzoxazolyl)ethenyl]phenyl]-",CC1=CC2=C(C=C1)OC(=N2)/C=C/C3=CC=C(C=C3)C4=NC5=C(O4)C=CC(=C5)C,3473,1552-46-1,UYEBVQUTQHTYOU-KPKJPENVSA-N,366.4
Benzoyl bromide,C1=CC=C(C=C1)C(=O)Br,10801,618-32-6,AQIHMSVIAGNIDM-UHFFFAOYSA-N,185.02
Benzoyl chloride,C1=CC=C(C=C1)C(=O)Cl,16011,98-88-4,PASDCCFISLVPSO-UHFFFAOYSA-N,140.56
Benzoyl isothiocyanate,C1=CC=C(C=C1)C(=O)N=C=S,9491,532-55-8,CPEKAXYCDKETEN-UHFFFAOYSA-N,163.2
Benzoyl Peroxide,C1=CC=C(C=C1)C(=O)OOC(=O)C2=CC=CC=C2,15660,94-36-0,OMPJBNCRMGITSC-UHFFFAOYSA-N,242.23
Benzoylformic acid,C1=CC=C(C=C1)C(=O)C(=O)O,10585,611-73-4,FAQJJMHZNSSFSM-UHFFFAOYSA-N,150.13
"Benzyl (1-(isobutyryloxy)-2,2,4-trimethylpentan-3-yl) phthalate",CC(C)C(C(C)(C)COC(=O)C(C)C)OC(=O)C1=CC=CC=C1C(=O)OCC2=CC=CC=C2,3944,16883-83-3,HPZSSCRWFLKGOG-UHFFFAOYSA-N,454.6
Benzyl (7-methyloctyl) phthalate,CC(C)CCCCCCOC(=O)C1=CC=CC=C1C(=O)OCC2=CC=CC=C2,2070,126198-74-1,IZTZLYGDXPHVQF-UHFFFAOYSA-N,382.5
Benzyl 2-ethylhexyl adipate,CCCCC(CC)COC(=O)CCCCC(=O)OCC1=CC=CC=C1,10227,58394-64-2,OOUQSWGHJPCRLI-UHFFFAOYSA-N,348.5
Benzyl 2-Ethylhexyl Phthalate,CCCCC(CC)COC(=O)C1=CC=CC=C1C(=O)OCC2=CC=CC=C2,4390,18750-05-5,RVBLXUAPXWEIPM-UHFFFAOYSA-N,368.5
Benzyl 2-naphthyl ether,C1=CC=C(C=C1)COC2=CC3=CC=CC=C3C=C2,10628,613-62-7,WLTCCDHHWYAMCG-UHFFFAOYSA-N,234.29
Benzyl 4-hydroxybenzoate,C1=CC=C(C=C1)COC(=O)C2=CC=C(C=C2)O,15656,94-18-8,MOZDKDIOPSPTBH-UHFFFAOYSA-N,228.24
Benzyl acetate,CC(=O)OCC1=CC=CC=C1,2921,140-11-4,QUKGYYKBILRGFE-UHFFFAOYSA-N,150.17
Benzyl acrylate,C=CC(=O)OCC1=CC=CC=C1,5573,2495-35-4,GCTPMLUUWLLESL-UHFFFAOYSA-N,162.18
Benzyl Alcohol,C1=CC=C(C=C1)CO,18,100-51-6,WVDDGKGOMKODPV-UHFFFAOYSA-N,108.14
Benzyl Benzoate,C1=CC=C(C=C1)COC(=O)C2=CC=CC=C2,1573,120-51-4,SESFRYSPDFLNCH-UHFFFAOYSA-N,212.24
Benzyl bromide,C1=CC=C(C=C1)CBr,8,100-39-0,AGEZXYOZHKGVCM-UHFFFAOYSA-N,171.03
Benzyl bromoacetate,C1=CC=C(C=C1)COC(=O)CBr,9663,5437-45-6,JHVLLYQQQYIWKX-UHFFFAOYSA-N,229.07
Benzyl butyl adipate,CCCCOC(=O)CCCCC(=O)OCC1=CC=CC=C1,8337,4121-13-5,VRFMFQHSDWKYDM-UHFFFAOYSA-N,292.4
Benzyl butyl phthalate,CCCCOC(=O)C1=CC=CC=C1C(=O)OCC2=CC=CC=C2,14574,85-68-7,IRIAEXORFWYRCZ-UHFFFAOYSA-N,312.4
Benzyl butyrate,CCCC(=O)OCC1=CC=CC=C1,380,103-37-7,VONGZNXBKCOUHB-UHFFFAOYSA-N,178.23
Benzyl Chloride,C1=CC=C(C=C1)CCl,13,100-44-7,KCXMKQUNVWSEMD-UHFFFAOYSA-N,126.58
Benzyl cinnamate,C1=CC=C(C=C1)COC(=O)/C=C/C2=CC=CC=C2,381,103-41-3,NGHOLYJTSCBCGC-VAWYXSNFSA-N,238.28
Benzyl diethyldithiocarbamate,CCN(CC)C(=S)SCC1=CC=CC=C1,7053,3052-61-7,SNBMGLUIIGFNFE-UHFFFAOYSA-N,239.4
Benzyl dimethyldithiocarbamate,CN(C)C(=S)SCC1=CC=CC=C1,13060,7250-18-2,HLZBIKHKXIJIHX-UHFFFAOYSA-N,211.4
Benzyl isooctyl phthalate,CC1=CC=C(C=C1)OC(=O)C2=CC=CC=C2C(=O)OCCCCCC(C)C,6461,27215-22-1,OJTKBTGQAKWTED-UHFFFAOYSA-N,368.5
Benzyl Isothiocyanate,C1=CC=C(C=C1)CN=C=S,10901,622-78-6,MDKCFLQDBWCQCV-UHFFFAOYSA-N,149.21
Benzyl laurate,CCCCCCCCCCCC(=O)OCC1=CC=CC=C1,2922,140-25-0,QNRYOQRUGRVBRL-UHFFFAOYSA-N,290.4
Benzyl methacrylate,CC(=C)C(=O)OCC1=CC=CC=C1,5574,2495-37-6,AOJOEFVRHOZDFN-UHFFFAOYSA-N,176.21
Benzyl methyl disulfide,CSSCC1=CC=CC=C1,12688,699-10-5,NWYGPVZOBBHKLI-UHFFFAOYSA-N,170.3
Benzyl methyl sulfide,CSCC1=CC=CC=C1,13674,766-92-7,OFQPKKGMNWASPN-UHFFFAOYSA-N,138.23
Benzyl octyl adipate,CCCCCCCCOC(=O)CCCCC(=O)OCC1=CC=CC=C1,7152,3089-55-2,DECACTMEFWAFRE-UHFFFAOYSA-N,348.5
Benzyl oleate,CCCCCCCC/C=C\CCCCCCCC(=O)OCC1=CC=CC=C1,9769,55130-16-0,CGFITOCWTCRCSL-KTKRTIGZSA-N,372.6
Benzyl propionate,CCC(=O)OCC1=CC=CC=C1,1798,122-63-4,VHOMAPWVLKRQAZ-UHFFFAOYSA-N,164.2
Benzyl salicylate,C1=CC=C(C=C1)COC(=O)C2=CC=CC=C2O,1460,118-58-1,ZCTQGTTXIYCGGC-UHFFFAOYSA-N,228.24
Benzylacetone,CC(=O)CCC1=CC=CC=C1,5889,2550-26-7,AKGGYBADQZYZPD-UHFFFAOYSA-N,148.2
Benzylamine,C1=CC=C(C=C1)CN,15,100-46-9,WGQKYBSKWIADBV-UHFFFAOYSA-N,107.15
Benzylideneacetone,CC(=O)/C=C/C1=CC=CC=C1,1795,122-57-6,BWHOZHOGCMHOBV-BQYQJAHWSA-N,146.19
beta-Bisabolene,CC1=CC[C@H](CC1)C(=C)CCC=C(C)C,8979,495-61-4,XZRVRYFILCSYSP-OAHLLOKOSA-N,204.35
beta-Butyrolactone,CC1CC(=O)O1,7092,3068-88-0,GSCLMSFRWBPUSK-UHFFFAOYSA-N,86.09
beta-Cadinene,CC1=CC[C@@H]2[C@@H](C1)[C@@H](CC=C2C)C(C)C,9346,523-47-7,USDOQCCMRDNVAH-KKUMJFAQSA-N,204.35
beta-CARYOPHYLLENE OXIDE,C[C@@]12CC[C@@H]3[C@H](CC3(C)C)C(=C)CC[C@H]1O2,1335,1139-30-6,NVEQFIOZRFFVFW-RGCMKSIDSA-N,220.35
beta-Cedrene,C[C@@H]1CC[C@@H]2[C@]13CCC(=C)[C@H](C3)C2(C)C,9705,546-28-1,DYLPEFGBWGEFBB-OSFYFWSMSA-N,204.35
beta-Chlorostyrene,C1=CC=C(C=C1)/C=C/Cl,10897,622-25-3,SBYMUDUGTIKLCR-VOTSOKGWSA-N,138.59
"beta-CITRONELLOL, (+/-)-",CC(CCC=C(C)C)CCO,642,106-22-9,QMVPMAAFGQKVCJ-UHFFFAOYSA-N,156.26
beta-Cyclocitral,CC1=C(C(CCC1)(C)C)C=O,8555,432-25-7,MOQGCGNUWBPGTQ-UHFFFAOYSA-N,152.23
Beta-Elemene,CC(=C)[C@@H]1CC[C@@]([C@@H](C1)C(=C)C)(C)C=C,9234,515-13-9,OPFTUNCRGUEPRZ-QLFBSQMISA-N,204.35
beta-Endosulfan,C1[C@@H]2[C@H](COS(=O)O1)[C@@]3(C(=C([C@]2(C3(Cl)Cl)Cl)Cl)Cl)Cl,7468,33213-65-9,RDYMFSUJUZBWLH-AZVNHNRSSA-N,406.9
beta-Endosulfan,C1[C@@H]2[C@H](COS(=O)O1)[C@@]3(C(=C([C@]2(C3(Cl)Cl)Cl)Cl)Cl)Cl,15818,959-98-8,RDYMFSUJUZBWLH-AZVNHNRSSA-N,406.9
beta-Farnesene,CC(=CCC/C(=C/CCC(=C)C=C)/C)C,4398,18794-84-8,JSNRRGGBADWTMC-NTCAYCPXSA-N,204.35
"beta-Farnesene, (6Z)-",CC(=CCC/C(=C\CCC(=C)C=C)/C)C,6784,28973-97-9,JSNRRGGBADWTMC-QINSGFPZSA-N,204.35
beta-Guaiene,C[C@H]1CCC(=C(C)C)CC2=C1CC[C@@H]2C,14872,88-84-6,GIBQERSGRNPMEH-RYUDHWBXSA-N,204.35
beta-Ionone,CC1=C(C(CCC1)(C)C)/C=C/C(=O)C,3303,14901-07-6,PSQYTAPXSHCGMF-BQYQJAHWSA-N,192.3
beta-Ionone,CC1=C(C(CCC1)(C)C)/C=C/C(=O)C,14048,79-77-6,PSQYTAPXSHCGMF-BQYQJAHWSA-N,192.3
Beta-Mercaptoethanol,C(CS)O,10458,60-24-2,DGVVWUTYPXICAM-UHFFFAOYSA-N,78.14
beta-Methylionone,CCC(=O)/C=C/C1=C(CCCC1(C)C)C,2106,127-43-5,LMWNGLDCJDIIBR-CMDGGOBGSA-N,206.32
beta-Methylionone,CCC(=O)/C=C/C1=C(CCCC1(C)C)C,11140,63429-28-7,LMWNGLDCJDIIBR-CMDGGOBGSA-N,206.32
"beta-OCIMENE, (3E)-",CC(=CC/C=C(\C)/C=C)C,2859,13877-91-3,IHPKGUQCSIINRJ-CSKARUKUSA-N,136.23
"beta-OCIMENE, (3E)-",CC(=CC/C=C(\C)/C=C)C,8025,3779-61-1,IHPKGUQCSIINRJ-CSKARUKUSA-N,136.23
"beta-Ocimene, (3Z)-",CC(=CC/C=C(/C)\C=C)C,7489,3338-55-4,IHPKGUQCSIINRJ-NTMALXAHSA-N,136.23
beta-Pinene,CC1(C2CCC(=C)C1C2)C,2112,127-91-3,WTARULDDTDQWMU-UHFFFAOYSA-N,136.23
Beta-Sitosterol,CC[C@H](CC[C@@H](C)[C@H]1CC[C@@H]2[C@@]1(CC[C@H]3[C@H]2CC=C4[C@@]3(CC[C@@H](C4)O)C)C)C(C)C,14378,83-46-5,KZJWDPNRJALLNS-VJSFXXLFSA-N,414.7
beta-Terpinene,CC(C)C1=CCC(=C)CC1,16053,99-84-3,SCWPFSIZUZUCCE-UHFFFAOYSA-N,136.23
beta-Terpineol,CC(=C)C1CCC(CC1)(C)O,2820,138-87-4,RUJPNZNXGCHGID-UHFFFAOYSA-N,154.25
beta-Thujene,CC1C=CC2(C1C2)C(C)C,6717,28634-89-1,GJYKUZUTZNTBEC-UHFFFAOYSA-N,136.23
beta-Vatirenene,CC1CC=CC2=CCC(=C(C)C)CC12C,6581,27840-40-0,QSUQBXKPPUWLTH-UHFFFAOYSA-N,202.33
Bethoxazin,C1CS(=O)C(=NO1)C2=CC3=CC=CC=C3S2,3799,163269-30-5,NRAYWXLNSHEHQO-UHFFFAOYSA-N,251.3
Bibenzyl,C1=CC=C(C=C1)CCC2=CC=CC=C2,375,103-29-7,QWUWMCYKGHVNAV-UHFFFAOYSA-N,182.26
Bicyclo[13.2.2]nonadecane,C1CCCCCCC2CCC(CCCCCC1)CC2,6677,284-95-7,KPUJPHBCQBHKAS-UHFFFAOYSA-N,264.5
Bicyclo[2.2.1]hept-2-ene,C1CC2CC1C=C2,9005,498-66-8,JFNLZVQOOSMTJK-UHFFFAOYSA-N,94.15
"Bicyclo[2.2.1]heptane-2,5-diol, 1,7,7-trimethyl-, (2-endo,5-exo)-",CC1(C2CC(C1(CC2O)C)O)C,2674,135094-38-1,HLVIHBJQDKVEAL-UHFFFAOYSA-N,170.25
"Bicyclo[3.1.0]hex-2-ene, 2-methyl-5-(1-methylethyl)-",CC1=CCC2(C1C2)C(C)C,6725,2867-05-2,KQAZVFVOEIRWHN-UHFFFAOYSA-N,136.23
"Bicyclo[3.1.0]hex-2-ene, 2-methyl-5-(1-methylethyl)-",CC1=CCC2(C1C2)C(C)C,16615,,KQAZVFVOEIRWHN-UHFFFAOYSA-N,136.23
"Bicyclo[3.1.0]hexane, 1-methyl-6-(1-methylethylidene)-",CC(=C1C2C1(CCC2)C)C,5461,24524-57-0,CSIZHOMQBOGEAV-UHFFFAOYSA-N,136.23
"Bicyclo[3.1.1]hept-2-ene, 3,6,6-trimethyl-",CC1=CC2CC(C1)C2(C)C,8954,4889-83-2,ZJUDTXCEVUJEOX-UHFFFAOYSA-N,136.23
"Bicyclo[3.1.1]hept-3-en-2-ol, 2,6,6-trimethyl-",CC1(C2CC1C(C=C2)(C)O)C,8547,43119-66-0,QBKKSIMANOEXOI-UHFFFAOYSA-N,152.23
"Bicyclo[3.1.1]heptane, 6,6-dimethyl-3-methylene-",CC1(C2CC1CC(=C)C2)C,3659,16022-04-1,AKTVSHXUPUGPRY-UHFFFAOYSA-N,136.23
"Bicyclo[3.2.1]octa-2,6-diene, 2-phenyl-",C1C=C(C2CC1C=C2)C3=CC=CC=C3,207,101166-08-9,WYBGTHPPJKQGCC-UHFFFAOYSA-N,182.26
"Bicyclo[3.3.1]nonane-2,4-dione, 9,9-dimethoxy-",COC1(C2CCCC1C(=O)CC2=O)OC,1428,117132-08-8,CFBRRDQMCNWXLH-UHFFFAOYSA-N,212.24
"Bicyclo[4.1.0]heptan-2-ol, 4,7,7-trimethyl-",CC1CC2C(C2(C)C)C(C1)O,17214,,NZERPKAXZIGFLL-UHFFFAOYSA-N,154.25
"Bicyclo[4.2.0]oct-1-ene, exo-7-(1-cyclohexen-1-yl)-",C1CCC(=CC1)C2CC3=CCCCC23,17380,,NPVYKYZPXWDAAW-UHFFFAOYSA-N,188.31
"Bicyclo[4.2.0]octa-1,3,5-triene",C1CC2=CC=CC=C21,12643,694-87-1,UMIVXZPTRXBADB-UHFFFAOYSA-N,104.15
"Bicyclo[4.4.0]dec-1-ene, 2-isopropyl-5-methyl-9-methylene-",CC1CCC(=C2C1CCC(=C)C2)C(C)C,3349,150320-52-8,FTSINDMZMFBWFS-UHFFFAOYSA-N,204.35
"Bicyclo[4.4.1]undeca-1,3,5,7,9-pentaene",C1C2=CC=CC=C1C=CC=C2,5443,2443-46-1,OORRQYZWSVJKSO-UHFFFAOYSA-N,142.2
"Bicyclo[5.2.0]nonane, 2-methylene-4,8,8-trimethyl-4-vinyl-",CC1(CC2C1CCC(CC2=C)(C)C=C)C,16227,242794-76-9,FITHEODIIYWPLM-UHFFFAOYSA-N,204.35
Bicyclo[6.1.0]non-1-ene,C1CC/C=C\2/CC2CC1,16601,,VBOOPDOMANCLLY-YVMONPNESA-N,122.21
Bicyclohexyl,C1CCC(CC1)C2CCCCC2,15451,92-51-3,WVIIMZNLDWSIRH-UHFFFAOYSA-N,166.3
Bicyclopentyl,C1CCC(C1)C2CCCC2,3807,1636-39-1,MAWOHFOSAIXURX-UHFFFAOYSA-N,138.25
Bifenthrin,CC1=C(C=CC=C1C2=CC=CC=C2)COC(=O)[C@@H]3[C@@H](C3(C)C)/C=C(/C(F)(F)F)\Cl,14358,82657-04-3,OMFRMAHOUUJSGP-IRHGGOMRSA-N,422.9
Binaphthyl sulfone,C1=CC=C2C=C(C=CC2=C1)S(=O)(=O)C3=CC4=CC=CC=C4C=C3,7352,32390-26-4,RIUSNQJIDQVTEH-UHFFFAOYSA-N,318.4
Biotin,C1[C@H]2[C@@H]([C@@H](S1)CCCCC(=O)O)NC(=O)N2,10177,58-85-5,YBJHBAHKTGYVGT-ZKWXMUAHSA-N,244.31
Biphenyl,C1=CC=C(C=C1)C2=CC=CC=C2,15452,92-52-4,ZUOUZKKEUPVFJK-UHFFFAOYSA-N,154.21
Biphenylen-2-amine,C1=CC=C2C(=C1)C3=C2C=C(C=C3)N,9868,55716-75-1,NCIHXLNXNJCGIR-UHFFFAOYSA-N,167.21
Biphenylene,C1=CC2=C3C=CC=CC3=C2C=C1,6037,259-79-0,IFVTZJHWGZSXFD-UHFFFAOYSA-N,152.19
"Biphenylene-2,6-diamine",C1=CC2=C(C=C1N)C3=C2C=C(C=C3)N,12771,70468-22-3,NHKFQWGBZIMLPP-UHFFFAOYSA-N,182.22
"Biphenylene-2,6-dicarboxylic acid",C1=CC2=C3C=C(C=CC3=C2C=C1C(=O)O)C(=O)O,11541,65330-85-0,CYISDYQPECMUKK-UHFFFAOYSA-N,240.21
Bis(1-butylpentyl) adipate,CCCCC(CCCC)OC(=O)CCCCC(=O)OC(CCCC)CCCC,13938,77916-77-9,VXQKWLPFTKRXCQ-UHFFFAOYSA-N,398.6
Bis(1-chloro-2-propyl)-3-(3-chloropropoxy)propyl phosphate,CC(CCl)OP(=O)(OCCCOCCCCl)OC(C)CCl,2809,137888-37-0,VCGVMOQWIMIGCQ-UHFFFAOYSA-N,385.6
Bis(1-oxoisononyl) peroxide,CC(C)CCCCCC(=O)OOC(=O)CCCCCC(C)C,10245,58499-37-9,XKXGWYAQJRXDPI-UHFFFAOYSA-N,314.5
"Bis(2,2,2-trifluoroethyl) itaconate",C=C(CC(=O)OCC(F)(F)F)C(=O)OCC(F)(F)F,528,104534-96-5,IRXUFAGEXMCXHZ-UHFFFAOYSA-N,294.15
"Bis(2,2,6,6-tetramethyl-4-piperidyl) sebacate",CC1(CC(CC(N1)(C)C)OC(=O)CCCCCCCCC(=O)OC2CC(NC(C2)(C)C)(C)C)C,9453,52829-07-9,XITRBUPOXXBIJN-UHFFFAOYSA-N,480.7
"Bis(2,2,6,6-tetramethyl-4-piperidyl) sebacate",CC1(CC(CC(N1)(C)C)OC(=O)CCCCCCCCC(=O)OC2CC(NC(C2)(C)C)(C)C)C,17211,,XITRBUPOXXBIJN-UHFFFAOYSA-N,480.7
"Bis(2,3-dichloropropyl) Ether",C(C(CCl)Cl)OCC(CCl)Cl,13824,7774-68-7,DWUVEXODBSOVSX-UHFFFAOYSA-N,239.9
"Bis(2,3-epoxycyclopentyl) ether",C1CC(C2C1O2)OC3CCC4C3O4,5332,2386-90-5,ADAHGVUHKDNLEB-UHFFFAOYSA-N,182.22
"Bis(2,3-epoxypropyl) terephthalate",C1C(O1)COC(=O)C2=CC=C(C=C2)C(=O)OCC3CO3,12991,7195-44-0,NEPKLUNSRVEBIX-UHFFFAOYSA-N,278.26
"Bis(2,4-di-tert-butylphenyl) hydrogen phosphate",CC(C)(C)C1=CC(=C(C=C1)OP(=O)(O)OC2=C(C=C(C=C2)C(C)(C)C)C(C)(C)C)C(C)(C)C,12620,69284-93-1,GUDSEWUOWPVZPC-UHFFFAOYSA-N,474.6
"Bis(2,4-di-tert-butylphenyl) hydrogen phosphate",CC(C)(C)C1=CC(=C(C=C1)OP(=O)(O)OC2=C(C=C(C=C2)C(C)(C)C)C(C)(C)C)C(C)(C)C,17707,,GUDSEWUOWPVZPC-UHFFFAOYSA-N,474.6
"Bis(2,4-dichlorobenzoyl) peroxide",C1=CC(=C(C=C1Cl)Cl)C(=O)OOC(=O)C2=C(C=C(C=C2)Cl)Cl,2478,133-14-2,WRXCBRHBHGNNQA-UHFFFAOYSA-N,380
"Bis(2,6-diisopropylphenyl)carbodiimide",CC(C)C1=C(C(=CC=C1)C(C)C)N=C=NC2=C(C=CC=C2C(C)C)C(C)C,4979,2162-74-5,XLDBGFGREOMWSL-UHFFFAOYSA-N,362.5
Bis(2-(2-butoxyethoxy)ethyl) butanedioate,CCCCOCCOCCOC(=O)CCC(=O)OCCOCCOCCCC,12728,701920-77-6,QICCAJUIJTYFGF-UHFFFAOYSA-N,406.5
Bis(2-(2-butoxyethoxy)ethyl) phthalate,CCCCOCCOCCOC(=O)C1=CC=CC=C1C(=O)OCCOCCOCCCC,3896,16672-39-2,GOBKHNHHHSPHEX-UHFFFAOYSA-N,454.6
Bis(2-butoxyethyl) adipate,CCCCOCCOC(=O)CCCCC(=O)OCCOCCCC,2969,141-18-4,IHTSDBYPAZEUOP-UHFFFAOYSA-N,346.5
Bis(2-butoxyethyl) phthalate,CCCCOCCOC(=O)C1=CC=CC=C1C(=O)OCCOCCCC,1421,117-83-9,CMCJNODIWQEOAI-UHFFFAOYSA-N,366.4
Bis(2-butoxyethyl) sebacate,CCCCOCCOC(=O)CCCCCCCCC(=O)OCCOCCCC,2970,141-19-5,KZBSIGKPGIZQJQ-UHFFFAOYSA-N,402.6
Bis(2-chloro-1-methylethyl) 2-chloropropyl phosphate,CC(COP(=O)(OC(C)CCl)OC(C)CCl)Cl,13601,76025-08-6,NISNGFDWZYZNPT-UHFFFAOYSA-N,327.6
Bis(2-chlorobenzoyl) peroxide,C1=CC=C(C(=C1)C(=O)OOC(=O)C2=CC=CC=C2Cl)Cl,7013,3033-73-6,JMYZLRSSLFFUQN-UHFFFAOYSA-N,311.1
Bis(2-chloroethoxy)methane,C(CCl)OCOCCCl,1128,111-91-1,NLXGURFLBLRZRO-UHFFFAOYSA-N,173.03
Bis(2-chloroethyl) ether,C(CCl)OCCCl,1098,111-44-4,ZNSMNVMLTJELDZ-UHFFFAOYSA-N,143.01
Bis(2-chloroisopropyl)ether,CC(C)(OC(C)(C)Cl)Cl,8206,39638-32-9,BULHJTXRZFEUDQ-UHFFFAOYSA-N,171.06
Bis(2-dimethylaminoethyl) ether,CN(C)CCOCCN(C)C,7012,3033-62-3,GTEXIOINCJRBIO-UHFFFAOYSA-N,160.26
Bis(2-ethoxyethyl) adipate,CCOCCOC(=O)CCCCC(=O)OCCOCC,931,109-44-4,NJEMMCIKSMMBDM-UHFFFAOYSA-N,290.35
Bis(2-ethylbutyl) phthalate,CCC(CC)COC(=O)C1=CC=CC=C1C(=O)OCC(CC)CC,13118,7299-89-0,RXUXJHZMTDAMFZ-UHFFFAOYSA-N,334.4
"Bis(2-ethylhexyl) 2,2'-thiobisacetate",CCCCC(CC)COC(=O)CSCC(=O)OCC(CC)CCCC,5412,24293-43-4,KYWZILPIDASSGE-UHFFFAOYSA-N,374.6
"Bis(2-ethylhexyl) 4-cyclohexene-1,2-dicarboxylate",CCCCC(CC)COC(=O)C1CC=CCC1C(=O)OCC(CC)CCCC,6809,2915-49-3,SVVBLKNHJWTATO-UHFFFAOYSA-N,394.6
Bis(2-ethylhexyl) adipate,CCCCC(CC)COC(=O)CCCCC(=O)OCC(CC)CCCC,371,103-23-1,SAOKZLXYCUGLFA-UHFFFAOYSA-N,370.6
Bis(2-ethylhexyl) azelate,CCCCC(CC)COC(=O)CCCCCCCC(=O)OCC(CC)CCCC,372,103-24-2,ZDWGXBPVPXVXMQ-UHFFFAOYSA-N,412.6
"Bis(2-ethylhexyl) cyclohexane-1,2-dicarboxylate",CCCCC(CC)COC(=O)C1CCCCC1C(=O)OCC(CC)CCCC,14461,84-71-9,DIMOQAGSNHTROK-UHFFFAOYSA-N,396.6
"Bis(2-ethylhexyl) cyclohexane-1,4-dicarboxylate",CCCCC(CC)COC(=O)C1CCC(CC1)C(=O)OCC(CC)CCCC,14526,84731-70-4,HOQGHOMLEVKTBY-UHFFFAOYSA-N,396.6
Bis(2-ethylhexyl) dithiodiacetate,CCCCC(CC)COC(=O)CSSCC(=O)OCC(CC)CCCC,10922,62268-47-7,YREDCFUZMPDCSM-UHFFFAOYSA-N,406.6
Bis(2-ethylhexyl) dodecanedioate,CCCCC(CC)COC(=O)CCCCCCCCCCC(=O)OCC(CC)CCCC,4494,19074-24-9,MTPSFISGWJGUGN-UHFFFAOYSA-N,454.7
Bis(2-ethylhexyl) ether,CCCCC(CC)COCC(CC)CCCC,247,10143-60-9,YHCCCMIWRBJYHG-UHFFFAOYSA-N,242.44
Bis(2-ethylhexyl) fumarate,CCCCC(CC)COC(=O)/C=C/C(=O)OCC(CC)CCCC,2962,141-02-6,ROPXFXOUUANXRR-BUHFOSPRSA-N,340.5
Bis(2-ethylhexyl) hydrogen phosphate,CCCCC(CC)COP(=O)(O)OCC(CC)CCCC,6913,298-07-7,SEGLCEQVOFDUPX-UHFFFAOYSA-N,322.42
Bis(2-ethylhexyl) isophthalate,CCCCC(CC)COC(=O)C1=CC(=CC=C1)C(=O)OCC(CC)CCCC,2766,137-89-3,WXZOXVVKILCOPG-UHFFFAOYSA-N,390.6
Bis(2-ethylhexyl) maleate,CCCCC(CC)COC(=O)/C=C\C(=O)OCC(CC)CCCC,3013,142-16-5,ROPXFXOUUANXRR-YPKPFQOOSA-N,340.5
Bis(2-ethylhexyl) phenyl phosphate,CCCCC(CC)COP(=O)(OCC(CC)CCCC)OC1=CC=CC=C1,3809,16368-97-1,ZXZYMQCBRZBVIC-UHFFFAOYSA-N,398.5
Bis(2-ethylhexyl) phenyl phosphite,CCCCC(CC)COP(OCC(CC)CCCC)OC1=CC=CC=C1,7252,3164-60-1,AAQUCXJJDQZZOJ-UHFFFAOYSA-N,382.5
Bis(2-ethylhexyl) phthalate,CCCCC(CC)COC(=O)C1=CC=CC=C1C(=O)OCC(CC)CCCC,1419,117-81-7,BJQHLKABXJIVAM-UHFFFAOYSA-N,390.6
Bis(2-ethylhexyl) Phthalate-d4,[2H]C1=C(C(=C(C(=C1[2H])C(=O)OCC(CC)CCCC)C(=O)OCC(CC)CCCC)[2H])[2H],15648,93951-87-2,BJQHLKABXJIVAM-SAQXESPHSA-N,394.6
Bis(2-ethylhexyl) sebacate,CCCCC(CC)COC(=O)CCCCCCCCC(=O)OCC(CC)CCCC,1797,122-62-3,VJHINFRRDQUWOJ-UHFFFAOYSA-N,426.7
Bis(2-ethylhexyl) succinate,CCCCC(CC)COC(=O)CCC(=O)OCC(CC)CCCC,6811,2915-57-3,WMNULTDOANGXRT-UHFFFAOYSA-N,342.5
Bis(2-ethylhexyl) terephthalate,CCCCC(CC)COC(=O)C1=CC=C(C=C1)C(=O)OCC(CC)CCCC,11311,6422-86-2,RWPICVVBGZBXNA-UHFFFAOYSA-N,390.6
"Bis(2-ethylhexyl)-4,5-epoxycyclohexane-1,2-dicarboxylate",CCCCC(CC)COC(=O)C1CC2C(O2)CC1C(=O)OCC(CC)CCCC,242,10138-36-0,RRDGKBOYQLLJSW-UHFFFAOYSA-N,410.6
Bis(2-ethylhexyl)amine,CCCCC(CC)CNCC(CC)CCCC,640,106-20-7,SAIKULLUBZKPDA-UHFFFAOYSA-N,241.46
Bis(2-hydroxyethyl) terephthalate,C1=CC(=CC=C1C(=O)OCCO)C(=O)OCCO,15817,959-26-2,QPKOBORKPHRBPS-UHFFFAOYSA-N,254.24
Bis(2-mercaptoethyl) sulfide,C(CSCCS)S,7759,3570-55-6,KSJBMDCFYZKAFH-UHFFFAOYSA-N,154.3
Bis(2-methoxyethyl) adipate,COCCOC(=O)CCCCC(=O)OCCOC,630,106-00-3,GVRNUDCCYWKHMV-UHFFFAOYSA-N,262.3
Bis(2-methoxyethyl) phthalate,COCCOC(=O)C1=CC=CC=C1C(=O)OCCOC,1420,117-82-8,HSUIVCLOAAJSRE-UHFFFAOYSA-N,282.29
Bis(2-propylheptyl) phthalate,CCCCCC(CCC)COC(=O)C1=CC=CC=C1C(=O)OCC(CCC)CCCCC,9503,53306-54-0,MTYUOIVEVPTXFX-UHFFFAOYSA-N,446.7
"Bis(3,3-dichloropropoxy)methane",C(COCOCCC(Cl)Cl)C(Cl)Cl,14952,89774-77-6,QODLOKFYXBIIRA-UHFFFAOYSA-N,270
"Bis(3,4-epoxycyclohexylmethyl) adipate",C1CC2C(O2)CC1COC(=O)CCCCC(=O)OCC3CCC4C(C3)O4,7202,3130-19-6,DJUWPHRCMMMSCV-UHFFFAOYSA-N,366.4
Bis(3-(triethoxysilyl)propyl)amine,CCO[Si](CCCNCCC[Si](OCC)(OCC)OCC)(OCC)OCC,2665,13497-18-2,RWLDCNACDPTRMY-UHFFFAOYSA-N,425.7
Bis(3-aminopropyl)amine,C(CN)CNCCCN,9906,56-18-8,OTBHHUPVCYLGQO-UHFFFAOYSA-N,131.22
Bis(3-glycidoxypropyl)tetramethyldisiloxane,C[Si](C)(CCCOCC1CO1)O[Si](C)(C)CCCOCC2CO2,2059,126-80-7,MFIBZDZRPYQXOM-UHFFFAOYSA-N,362.61
Bis(3-methoxybutyl) peroxydicarbonate,CC(CCOOC(=O)C(=O)OOCCC(C)OC)OC,9329,52238-68-3,FBQZJBMRDNLFQO-UHFFFAOYSA-N,294.3
Bis(3-methoxypropyl) adipate,COCCCOC(=O)CCCCC(=O)OCCCOC,14685,85661-31-0,SJQDRHYTRQQLHY-UHFFFAOYSA-N,290.35
Bis(3-methylbenzoyl) peroxide,CC1=CC(=CC=C1)C(=O)OOC(=O)C2=CC=CC(=C2)C,4017,1712-87-4,NLBJAOHLJABDAU-UHFFFAOYSA-N,270.28
"Bis(4-(2,4,4-trimethylpentan-2-yl)phenyl)amine",CC(C)(C)CC(C)(C)C1=CC=C(C=C1)NC2=CC=C(C=C2)C(C)(C)CC(C)(C)C,3561,15721-78-5,GQBHYWDCHSZDQU-UHFFFAOYSA-N,393.6
Bis(4-amino-3-methylcyclohexyl)methane,CC1CC(CCC1N)CC2CCC(C(C2)C)N,12402,6864-37-5,IGSBHTZEJMPDSZ-UHFFFAOYSA-N,238.41
Bis(4-aminocyclohexyl)methyl carbamate,C1CC(CCC1C(C2CCC(CC2)N)OC(=O)N)N,3464,15484-34-1,WTRTWNXSQAXYMT-UHFFFAOYSA-N,269.38
Bis(4-bromophenyl) ether,C1=CC(=CC=C1OC2=CC=C(C=C2)Br)Br,4769,2050-47-7,YAWIAFUBXXPJMQ-UHFFFAOYSA-N,328
Bis(4-chlorobenzoyl) peroxide,C1=CC(=CC=C1C(=O)OOC(=O)C2=CC=C(C=C2)Cl)Cl,15655,94-17-7,OXYKVVLTXXXVRT-UHFFFAOYSA-N,311.1
Bis(4-glycidyloxyphenyl)methane,C1C(O1)COC2=CC=C(C=C2)CC3=CC=C(C=C3)OCC4CO4,4860,2095-03-6,XUCHXOAWJMEFLF-UHFFFAOYSA-N,312.4
Bis(4-hydroxybutyl) terephthalate,C1=CC(=CC=C1C(=O)OCCCCO)C(=O)OCCCCO,5249,23358-95-4,MRLFFZIIRRKXBJ-UHFFFAOYSA-N,310.34
Bis(4-isopropylphenyl) phenyl phosphate,CC(C)C1=CC=C(C=C1)OP(=O)(OC2=CC=CC=C2)OC3=CC=C(C=C3)C(C)C,9892,55864-07-8,GQJZORIDXGBCCT-UHFFFAOYSA-N,410.4
Bis(4-methyl-2-pentyl) phthalate,CC(C)CC(C)OC(=O)C1=CC=CC=C1C(=O)OC(C)CC(C)C,14455,84-63-9,UAFXUVUVOTXFND-UHFFFAOYSA-N,334.4
Bis(4-methylbenzoyl)peroxide,CC1=CC=C(C=C1)C(=O)OOC(=O)C2=CC=C(C=C2)C,14944,895-85-2,AGKBXKFWMQLFGZ-UHFFFAOYSA-N,270.28
Bis(4-methylcyclohexyl) phthalate,CC1CCC(CC1)OC(=O)C2=CC=CC=C2C(=O)OC3CCC(CC3)C,4283,18249-11-1,JKJWMYHRXOJYJS-UHFFFAOYSA-N,358.5
Bis(4-tert-butylcyclohexyl) peroxydicarbonate,CC(C)(C)C1CCC(CC1)OC(=O)OOC(=O)OC2CCC(CC2)C(C)(C)C,3476,15520-11-3,NOBYOEQUFMGXBP-UHFFFAOYSA-N,398.5
Bis(4-tert-butylphenyl)amine,CC(C)(C)C1=CC=C(C=C1)NC2=CC=C(C=C2)C(C)(C)C,8824,4627-22-9,OPEKHRGERHDLRK-UHFFFAOYSA-N,281.4
Bis(4-tert-butylphenyl)amine,CC(C)(C)C1=CC=C(C=C1)NC2=CC=C(C=C2)C(C)(C)C,16879,,OPEKHRGERHDLRK-UHFFFAOYSA-N,281.4
"Bis(7-methyloctyl) Cyclohexane-1,2-dicarboxylate",CC(C)CCCCCCOC(=O)C1CCCCC1C(=O)OCCCCCCC(C)C,3890,166412-78-8,HORIEOQXBKUKGQ-UHFFFAOYSA-N,424.7
Bis(aminomethyl)norbornane,C1CC2CC1C(C2CN)CN,9994,56602-77-8,RPYFJVIASOJLJS-UHFFFAOYSA-N,154.25
Bis(chloromethyl) ether,C(OCCl)Cl,9641,542-88-1,HRQGCQVOJVTVLU-UHFFFAOYSA-N,114.96
Bis(dinitropropyl) formal,CC(COCOCC(C)([N+](=O)[O-])[N+](=O)[O-])([N+](=O)[O-])[N+](=O)[O-],10351,5917-61-3,ZQXWPHXDXHONFS-UHFFFAOYSA-N,312.19
Bis(hexafluoroisopropyl)itaconate,C=C(CC(=O)OC(C(F)(F)F)C(F)(F)F)C(=O)OC(C(F)(F)F)C(F)(F)F,16026,98452-82-5,OICRDFIVTSEVJJ-UHFFFAOYSA-N,430.14
Bis(hexamethylene)triamine,C(CCCNCCCCCCN)CCN,3079,143-23-7,MRNZSTMRDWRNNR-UHFFFAOYSA-N,215.38
Bis(isocyanatomethyl)benzene,C1=CC=C(C(=C1)CN=C=O)CN=C=O,6026,25854-16-4,FKTHNVSLHLHISI-UHFFFAOYSA-N,188.18
Bis(methacryloyloxyethyl) hydrogen phosphate,CC(=C)C(=O)OCCOP(=O)(O)OCCOC(=O)C(=C)C,7356,32435-46-4,NXBXJOWBDCQIHF-UHFFFAOYSA-N,322.25
Bis(methylbenzylidene)sorbitol,C/C(=C(/O)\[C@H](O)[C@@H](O)[C@H](O)[C@H](O)/C(=C(/C1=CC=CC=C1)\C)/O)/C2=CC=CC=C2,12602,69158-41-4,WOOQSKAMMPIQIW-HCXPZJNHSA-N,386.4
Bis(methylbenzylidene)sorbitol,C/C(=C(/O)\[C@H](O)[C@@H](O)[C@H](O)[C@H](O)/C(=C(/C1=CC=CC=C1)\C)/O)/C2=CC=CC=C2,14842,87826-41-3,WOOQSKAMMPIQIW-HCXPZJNHSA-N,386.4
Bis(methylcyclohexyl) phthalate,CC1(CCCCC1)OC(=O)C2=CC=CC=C2C(=O)OC3(CCCCC3)C,6607,27987-25-3,LBKFHGHXATXEBY-UHFFFAOYSA-N,358.5
Bis(methylphenyl) phenyl phosphate,CC1=CC=C(C=C1)OP(=O)(OC2=CC=CC=C2)OC3=CC=CC=C3C,16235,26446-73-1,DAZHWGHCARQALS-UHFFFAOYSA-N,354.3
Bis(methylphenyl) sulphone,CC1=CC=CC=C1S(=O)(=O)C2=CC=CC=C2C,9138,5097-12-1,KZCDMIJHGSSDFO-UHFFFAOYSA-N,246.33
Bis(N-methylbenzamido)methylethoxysilane,CCO[Si](C)(N(C)C(=O)C1=CC=CC=C1)N(C)C(=O)C2=CC=CC=C2,3750,16230-35-6,BLEJWUIEUACHKH-UHFFFAOYSA-N,356.5
Bis(p-tert-butylphenyl) phenyl phosphate,CC(C)(C)C1=CC=C(C=C1)OP(=O)(OC2=CC=CC=C2)OC3=CC=C(C=C3)C(C)(C)C,1369,115-87-7,PDLPMCXGPIVYQQ-UHFFFAOYSA-N,438.5
Bis(trichloromethyl)sulfone,C(S(=O)(=O)C(Cl)(Cl)Cl)(Cl)(Cl)Cl,7079,3064-70-8,YBNLWIZAWPBUKQ-UHFFFAOYSA-N,300.8
Bis(trimethoxysilylpropyl)amine,CO[Si](CCCNCCC[Si](OC)(OC)OC)(OC)OC,14372,82985-35-1,TZZGHGKTHXIOMN-UHFFFAOYSA-N,341.55
Bis(vinylsulfonyl)methane,C=CS(=O)(=O)CS(=O)(=O)C=C,7414,3278-22-6,IJHIIHORMWQZRQ-UHFFFAOYSA-N,196.2
Bis-(dimethylaminopropyl)amine,CN(C)CCCNCCCN(C)C,11736,6711-48-4,BXYVQNNEFZOBOZ-UHFFFAOYSA-N,187.33
Bis[(dimethylamino)methyl]phenol,CN(C)CC1=C(C(=CC=C1)O)CN(C)C,12885,71074-89-0,HCKPQGBXPQNMKU-UHFFFAOYSA-N,208.3
Bis[2-(2-butoxyethoxy)ethyl] adipate,CCCCOCCOCCOC(=O)CCCCC(=O)OCCOCCOCCCC,2968,141-17-3,SCABKEBYDRTODC-UHFFFAOYSA-N,434.6
Bis[2-(trimethylsilyloxy)ethyl] Ether,C[Si](C)(C)OCCOCCO[Si](C)(C)C,3892,16654-74-3,VZCNNAQIFXLAEZ-UHFFFAOYSA-N,250.48
"Bis[3-(2,8,9-trioxa-5-aza-1-silabicyclo[3.3.3]undec-1-YL)propyl] disulfide",C1CO[Si]2(OCCN1CCO2)CCCSSCCC[Si]34OCCN(CCO3)CCO4,14892,883794-93-2,JPSITVNBUQSBEV-UHFFFAOYSA-N,496.8
"Bis[4-(2,3-dihydroxypropoxy)phenyl]methane",C1=CC(=CC=C1CC2=CC=C(C=C2)OCC(CO)O)OCC(CO)O,13048,72406-26-9,VGJRHUPDMVWBFM-UHFFFAOYSA-N,348.4
Bis[4-(2-phenyl-2-propyl)phenyl]amine,CC(C)(C1=CC=CC=C1)C2=CC=C(C=C2)NC3=CC=C(C=C3)C(C)(C)C4=CC=CC=C4,135,10081-67-1,UJAWGGOCYUPCPS-UHFFFAOYSA-N,405.6
"bis[4-(N,N-diethylamino)-2-methylphenyl](4-methylphenyl)methane",CCN(CC)C1=CC(=C(C=C1)C(C2=CC=C(C=C2)C)C3=C(C=C(C=C3)N(CC)CC)C)C,12834,70895-80-6,KBXXZTIBAVBLPP-UHFFFAOYSA-N,428.7
Bisabolol,CC1=CC[C@@H](CC1)[C@@](C)(CCC=C(C)C)O,9237,515-69-5,RGZSQWQPBWRIAQ-LSDHHAIUSA-N,222.37
Bisaniline P,CC(C)(C1=CC=C(C=C1)C(C)(C)C2=CC=C(C=C2)N)C3=CC=C(C=C3)N,6436,2716-10-1,HESXPOICBNWMPI-UHFFFAOYSA-N,344.5
"Bisbenzimidazo[2,1-b:1',2'-j]benzo[lmn][3,8]phenanthroline-6,9-dione",C1=CC=C2C(=C1)N=C3N2C(=O)C4=CC=C5C6=C(C=CC3=C46)C7=NC8=CC=CC=C8N7C5=O,8449,4216-02-8,YMEPVPIIHONYLV-UHFFFAOYSA-N,412.4
"Bisbenzimidazo[2,1-b:2',1'-i]benzo[lmn][3,8]phenanthroline-8,17-dione",C1=CC=C2C(=C1)N=C3N2C(=O)C4=CC=C5C6=C(C=CC3=C46)C(=O)N7C5=NC8=CC=CC=C87,8595,4424-06-0,DGBWPZSGHAXYGK-UHFFFAOYSA-N,412.4
Bismaleimide,C1=CC(=CC=C1CC2=CC=C(C=C2)N3C(=O)C=CC3=O)N4C(=O)C=CC4=O,2746,13676-54-5,XQUPVDVFXZDTLT-UHFFFAOYSA-N,358.3
Bisphenol A,CC(C)(C1=CC=C(C=C1)O)C2=CC=C(C=C2)O,5993,25766-59-0,IISBACLAFKSPIT-UHFFFAOYSA-N,228.29
Bisphenol A,CC(C)(C1=CC=C(C=C1)O)C2=CC=C(C=C2)O,14087,80-05-7,IISBACLAFKSPIT-UHFFFAOYSA-N,228.29
"Bisphenol A (3-chloro-2-hydroxypropyl) (2,3-dihydroxypropyl) ether",CC(C)(C1=CC=C(C=C1)OCC(CO)O)C2=CC=C(C=C2)OCC(CCl)O,5190,227947-06-0,HDTYUHNZRYZEEB-UHFFFAOYSA-N,394.9
Bisphenol A (3-chloro-2-hydroxypropyl)glycidyl ether,CC(C)(C1=CC=C(C=C1)OCC2CO2)C3=CC=C(C=C3)OCC(CCl)O,2846,13836-48-1,HLLOKZYCSSQYEB-UHFFFAOYSA-N,376.9
"Bisphenol A bis(2,3-dihydroxypropyl) ether",CC(C)(C1=CC=C(C=C1)OCC(CO)O)C2=CC=C(C=C2)OCC(CO)O,9885,5581-32-8,NISVZEWKUNUGQQ-UHFFFAOYSA-N,376.4
Bisphenol A bis(2-hydroxyethyl ether) dimethacrylate,CC(=C)C(=O)OCCOC1=CC=C(C=C1)C(C)(C)C2=CC=C(C=C2)OCCOC(=O)C(=C)C,5449,24448-20-2,VIYWVRIBDZTTMH-UHFFFAOYSA-N,452.5
Bisphenol A bis(2-hydroxyethyl)ether,CC(C)(C1=CC=C(C=C1)OCCO)C2=CC=C(C=C2)OCCO,15122,901-44-0,UUAGPGQUHZVJBQ-UHFFFAOYSA-N,316.4
Bisphenol A bis(2-hydroxypropyl) ether,CC(COC1=CC=C(C=C1)C(C)(C)C2=CC=C(C=C2)OCC(C)O)O,1395,116-37-0,MIUUNYUUEFHIHM-UHFFFAOYSA-N,344.4
Bisphenol A bis(3-chloro-2-hydroxypropyl) ether,CC(C)(C1=CC=C(C=C1)OCC(CCl)O)C2=CC=C(C=C2)OCC(CCl)O,8918,4809-35-2,PTCFDJRJOGPUFE-UHFFFAOYSA-N,413.3
Bisphenol A diglycidyl ether,CC(C)(C1=CC=C(C=C1)OCC2CO2)C3=CC=C(C=C3)OCC4CO4,3913,1675-54-3,LCFVJGUPQDGYKZ-UHFFFAOYSA-N,340.4
Bisphenol a diglycidyl ether diacrylate,CC(C)(C1=CC=C(C=C1)OCC(COC(=O)C=C)O)C2=CC=C(C=C2)OCC(COC(=O)C=C)O,8852,4687-94-9,VZTQQYMRXDUHDO-UHFFFAOYSA-N,484.5
Bisphenol a diglycidyl ether diacrylate,CC(C)(C1=CC=C(C=C1)OCC(COC(=O)C=C)O)C2=CC=C(C=C2)OCC(COC(=O)C=C)O,10109,57417-94-4,VZTQQYMRXDUHDO-UHFFFAOYSA-N,484.5
Bisphenol A dimethacrylate,CC(=C)C(=O)OC1=CC=C(C=C1)C(C)(C)C2=CC=C(C=C2)OC(=O)C(=C)C,7372,3253-39-2,QUZSUMLPWDHKCJ-UHFFFAOYSA-N,364.4
Bisphenol AF,C1=CC(=CC=C1C(C2=CC=C(C=C2)O)(C(F)(F)F)C(F)(F)F)O,3251,1478-61-1,ZFVMWEVVKGLCIJ-UHFFFAOYSA-N,336.23
Bisphenol B,CCC(C)(C1=CC=C(C=C1)O)C2=CC=C(C=C2)O,13719,77-40-7,HTVITOHKHWFJKO-UHFFFAOYSA-N,242.31
Bisphenol C,C1=CC(=CC=C1C(=C(Cl)Cl)C2=CC=C(C=C2)O)O,3292,14868-03-2,OWEYKIWAZBBXJK-UHFFFAOYSA-N,281.1
Bisphenol F Bis(2-chloro-1-propanol) Ether,C1=CC(=CC=C1CC2=CC=C(C=C2)OCC(CO)Cl)OCC(CO)Cl,7984,374772-79-9,VAFXFEBPCUMOIF-UHFFFAOYSA-N,385.3
Bis{2-[2-(2-methoxyethoxy)ethoxy]ethyl} butanedioate,COCCOCCOCCOC(=O)CCC(=O)OCCOCCOCCOC,14777,869483-81-8,NRQGQYQDHVOAGU-UHFFFAOYSA-N,410.5
"Borinic acid, diethyl-, 1-methylethyl ester",B(CC)(CC)OC(C)C,13448,74953-03-0,KINHWSVLCIEQTO-UHFFFAOYSA-N,128.02
Bornyl acetate,CC(=O)OC1CC2CCC1(C2(C)C)C,15514,92618-89-8,KGEKLUUHTZCSIP-UHFFFAOYSA-N,196.29
"Bornyl acetate, (-)-",CC(=O)O[C@@H]1C[C@@H]2CC[C@]1(C2(C)C)C,9984,5655-61-8,KGEKLUUHTZCSIP-HOSYDEDBSA-N,196.29
"Bornyl acetate, (-)-",CC(=O)O[C@@H]1C[C@@H]2CC[C@]1(C2(C)C)C,13589,76-49-3,KGEKLUUHTZCSIP-HOSYDEDBSA-N,196.29
"Boron, (benzenamine)trifluoro-, (T-4)-",[B-]([NH2+]C1=CC=CC=C1)(F)(F)F,11632,660-53-7,VVPMIAKJDMDELQ-UHFFFAOYSA-N,160.93
"Boron, trifluoro(2-propanamine)-, (T-4)-",[B-]([NH2+]C(C)C)(F)(F)F,8020,3776-04-3,DNJHXGJLGUPXEO-UHFFFAOYSA-N,126.92
Bromobenzene,C1=CC=C(C=C1)Br,886,108-86-1,QARVLSVVCXYDNA-UHFFFAOYSA-N,157.01
"Bromochloro-5,5-dimethylimidazolidine-2,4-dione",C(C1(C(=O)NC(=O)N1)CBr)Cl,7399,32718-18-6,BUUDGFAFKIZPSR-UHFFFAOYSA-N,241.47
Bromochloromethane,C(Cl)Br,13237,74-97-5,JPOXNPPZZKNXOV-UHFFFAOYSA-N,129.38
Bromodichloromethane,C(Cl)(Cl)Br,13465,75-27-4,FMWLUWPQPKEARP-UHFFFAOYSA-N,163.83
Bromoform,C(Br)(Br)Br,13464,75-25-2,DIKBFYAXUHHXCS-UHFFFAOYSA-N,252.73
Bromotrifluoroethylene,C(=C(F)Br)(F)F,10434,598-73-2,AYCANDRGVPTASA-UHFFFAOYSA-N,160.92
Bronopol,C(C(CO)([N+](=O)[O-])Br)O,9300,52-51-7,LVDKZNITIUWNER-UHFFFAOYSA-N,199.99
Bucrilate,CC(C)COC(=O)C(=C)C#N,743,1069-55-2,QRWOVIRDHQJFDB-UHFFFAOYSA-N,153.18
Bumetrizole,CC1=CC(=C(C(=C1)N2N=C3C=CC(=CC3=N2)Cl)O)C(C)(C)C,8134,3896-11-5,OCWYEMOEOGEQAN-UHFFFAOYSA-N,315.8
Butan-1-(2H)ol,[2H]OCCCC,8871,4712-38-3,LRHPLDYGYMQRHN-UICOGKGYSA-N,75.13
"Butanamide, 2-((2-methoxy-4-nitrophenyl)azo)-N-(2-methoxyphenyl)-3-oxo-",CC(=O)C(C(=O)NC1=CC=CC=C1OC)N=NC2=C(C=C(C=C2)[N+](=O)[O-])OC,11160,6358-31-2,ZTISORAUJJGACZ-UHFFFAOYSA-N,386.4
"Butanamide, 2-((4-chloro-2-nitrophenyl)azo)-N-(2-methoxyphenyl)-3-oxo-",CC(=O)C(C(=O)NC1=CC=CC=C1OC)N=NC2=C(C=C(C=C2)Cl)[N+](=O)[O-],2678,13515-40-7,QPHCXDDGQQLPIM-UHFFFAOYSA-N,390.8
"Butanamide, 2-((4-chloro-2-nitrophenyl)azo)-N-(4-methoxyphenyl)-3-oxo-",CC(=O)C(C(=O)NC1=CC=C(C=C1)OC)N=NC2=C(C=C(C=C2)Cl)[N+](=O)[O-],5300,23739-66-4,OFVGYSFBEXROII-UHFFFAOYSA-N,390.8
"Butanamide, 2-[(4-chloro-2-nitrophenyl)azo]-3-oxo-N-phenyl-",CC(=O)C(C(=O)NC1=CC=CC=C1)N=NC2=C(C=C(C=C2)Cl)[N+](=O)[O-],8323,4106-76-7,KBNQUAQMTGZQGJ-UHFFFAOYSA-N,360.75
"Butanamide, 2-[(4-chloro-2-nitrophenyl)azo]-N-(2-chlorophenyl)-3-oxo-",CC(=O)C(C(=O)NC1=CC=CC=C1Cl)N=NC2=C(C=C(C=C2)Cl)[N+](=O)[O-],11486,6486-23-3,QTSNFLIDNYOATQ-UHFFFAOYSA-N,395.2
"Butanamide, 2-[(4-methoxy-2-nitrophenyl)azo]-N-(2-methylphenyl)-3-oxo-",CC1=CC=CC=C1NC(=O)C(C(=O)C)N=NC2=C(C=C(C=C2)OC)[N+](=O)[O-],11205,6371-96-6,FNFZZQUKYRHMTI-UHFFFAOYSA-N,370.4
"Butanamide, 2-[2-(2-methoxy-5-nitrophenyl)diazenyl]-N-(2-methoxyphenyl)-3-oxo-",CC(=O)C(C(=O)NC1=CC=CC=C1OC)N=NC2=C(C=CC(=C2)[N+](=O)[O-])OC,14249,80675-49-6,OQWQAIRBZGBTBN-UHFFFAOYSA-N,386.4
"Butanamide, N-(2,3-dihydro-2-oxo-1H-benzimidazol-5-yl)-2-(2-(2-methoxyphenyl)diazenyl)-3-oxo-",CC(=O)C(C(=O)NC1=CC2=C(C=C1)NC(=O)N2)N=NC3=CC=CC=C3OC,14321,82199-12-0,BWCSCOGVOJAQRL-UHFFFAOYSA-N,367.4
"Butanamide, N-(2,3-dihydro-2-oxo-1H-benzimidazol-5-yl)-2-[2-(4-nitrophenyl)diazenyl]-3-oxo-",CC(=O)C(C(=O)NC1=CC2=C(C=C1)NC(=O)N2)N=NC3=CC=C(C=C3)[N+](=O)[O-],9456,52846-56-7,HXXOOSWHCMYQQV-UHFFFAOYSA-N,382.3
"Butanamide, N-(4-chloro-2,5-dimethoxyphenyl)-2-[(4-chloro-2-methylphenyl)azo]-3-oxo-",CC1=C(C=CC(=C1)Cl)N=NC(C(=O)C)C(=O)NC2=CC(=C(C=C2OC)Cl)OC,6796,2904-04-3,NEPSDTXFAQMVCI-UHFFFAOYSA-N,424.3
"Butanamide, N-(5-chloro-2-methoxyphenyl)-2-[(2-methoxy-4-nitrophenyl)azo]-3-oxo-",CC(=O)C(C(=O)NC1=C(C=CC(=C1)Cl)OC)N=NC2=C(C=C(C=C2)[N+](=O)[O-])OC,3653,15993-42-7,AYOFXUHULUCJBF-UHFFFAOYSA-N,420.8
Butane,CCCC,684,106-97-8,IJDNQMDRQITEOD-UHFFFAOYSA-N,58.12
"Butane, 1,4-bis(ethenyloxy)-",C=COCCCCOC=C,8127,3891-33-6,MWZJGRDWJVHRDV-UHFFFAOYSA-N,142.2
"Butane, 2-cyclopropyl-",CCC(C)C1CC1,10122,5750-02-7,INSSHDIMRIMVLZ-UHFFFAOYSA-N,98.19
"Butanedioic acid, octenyl-",C=CCCCCCCOC(=O)CCC(=O)O,16257,28805-58-5,GUOCOOQWZHQBJI-UHFFFAOYSA-N,228.28
Butanediol,CCCC(O)O,5829,25265-75-2,CDQSJQSWAWPGKG-UHFFFAOYSA-N,90.12
Butanimidamide,CCCC(=N)N,784,107-90-4,RXKUYBRRTKRGME-UHFFFAOYSA-N,86.14
"Butanoic acid, 1,1-dimethyl-2-phenylethyl ester",CCCC(=O)OC(C)(C)CC1=CC=CC=C1,142,10094-34-5,SHSGYHAHMQLYRB-UHFFFAOYSA-N,220.31
"Butanoic acid, 3,3-bis((1,1-dimethylethyl)dioxy)-, ethyl ester",CCOC(=O)CC(C)(OOC(C)(C)C)OOC(C)(C)C,9878,55794-20-2,HARQWLDROVMFJE-UHFFFAOYSA-N,292.37
"Butanoic acid, 4-(1,1-dimethylethoxy)-3-hydroxy-, methyl ester, (R)-",CC(C)(C)OC[C@@H](CC(=O)OC)O,690,106058-97-3,FLIQUSNSTMUVNH-SSDOTTSWSA-N,190.24
Butoxycarbonylmethyl butyl phthalate,CCCCOC(=O)COC(=O)C1=CC=CC=C1C(=O)OCCCC,14576,85-70-1,GOJCZVPJCKEBQV-UHFFFAOYSA-N,336.4
Butyl 2-ethylhexanoate,CCCCC(CC)C(=O)OCCCC,12217,68443-63-0,USPADFUBVAGYOJ-UHFFFAOYSA-N,200.32
Butyl 2-ethylhexyl phthalate,CCCCC(CC)COC(=O)C1=CC=CC=C1C(=O)OCCCC,14575,85-69-8,AVOLBYOSCILFLL-UHFFFAOYSA-N,334.4
Butyl 2-furoate,CCCCOC(=O)C1=CC=CO1,10211,583-33-5,PAMQYEWNNPDBLM-UHFFFAOYSA-N,168.19
"Butyl 3,3-bis((tert-butyl)dioxy)butyrate",CCCCOC(=O)CC(C)(OOC(C)(C)C)OOC(C)(C)C,6241,26511-61-5,FGTGLSICSXCNJM-UHFFFAOYSA-N,320.42
Butyl 3-hydroxypropanoate,CCCCOC(=O)CCO,8961,4890-38-4,MENWVOUYOZQBDM-UHFFFAOYSA-N,146.18
Butyl 3-mercaptopropionate,CCCCOC(=O)CCS,3740,16215-21-7,MGFFVSDRCRVHLC-UHFFFAOYSA-N,162.25
"Butyl 4,4-bis(tert-butyldioxy)valerate",CCCCOC(=O)CCC(C)(OOC(C)(C)C)OOC(C)(C)C,16084,995-33-5,BXIQXYOPGBXIEM-UHFFFAOYSA-N,334.4
Butyl 4-methylbenzenesulfonate,CCCCOS(=O)(=O)C1=CC=C(C=C1)C,13857,778-28-9,QYJXDIUNDMRLAO-UHFFFAOYSA-N,228.31
Butyl acetate,CCCCOC(=O)C,1937,123-86-4,DKPFZGUDAPQIHT-UHFFFAOYSA-N,116.16
Butyl acetyl ricinoleate,CCCCCC[C@H](C/C=C\CCCCCCCC(=O)OCCCC)OC(=O)C,2918,140-04-5,BEWFIPLBFJGWSR-AONZOJHOSA-N,396.6
Butyl Acrylate,CCCCOC(=O)C=C,2977,141-32-2,CQEYYJKEWSMYFG-UHFFFAOYSA-N,128.17
Butyl benzoate,CCCCOC(=O)C1=CC=CC=C1,2726,136-60-7,XSIFPSYPOVKYCO-UHFFFAOYSA-N,178.23
Butyl butyrate,CCCCOC(=O)CCC,923,109-21-7,XUPYJHCZDLZNFP-UHFFFAOYSA-N,144.21
Butyl crotonate,CCCCOC(=O)/C=C/C,13119,7299-91-4,GWCTUKHUBWMAMI-GQCTYLIASA-N,142.2
Butyl cyanoacetate,CCCCOC(=O)CC#N,9702,5459-58-5,DJACTCNGCHPGOI-UHFFFAOYSA-N,141.17
Butyl cyclohexanecarboxylate,CCCCOC(=O)C1CCCCC1,11570,6553-81-7,IPGMIYAOWRJGBE-UHFFFAOYSA-N,184.27
Butyl cyclohexyl phthalate,CCCCOC(=O)C1=CC=CC=C1C(=O)OC2CCCCC2,14456,84-64-0,BHKLONWXRPJNAE-UHFFFAOYSA-N,304.4
Butyl decanoate,CCCCCCCCCC(=O)OCCCC,7085,30673-36-0,ZRNCNTSXSYXHOW-UHFFFAOYSA-N,228.37
Butyl decyl phthalate,CCCCCCCCCCOC(=O)C1=CC=CC=C1C(=O)OCCCC,14921,89-19-0,NJMAFLHPUNGKOD-UHFFFAOYSA-N,362.5
Butyl dihydrogen phosphate,CCCCOP(=O)(O)O,3749,1623-15-0,BNMJSBUIDQYHIN-UHFFFAOYSA-N,154.1
Butyl diphenyl phosphate,CCCCOP(=O)(OC1=CC=CC=C1)OC2=CC=CC=C2,16122,2752-95-6,DIBUFQMCUZYQKN-UHFFFAOYSA-N,306.29
Butyl formate,CCCCOC=O,10361,592-84-7,NMJJFJNHVMGPGM-UHFFFAOYSA-N,102.13
Butyl gallate,CCCCOC(=O)C1=CC(=C(C(=C1)O)O)O,903,1083-41-6,XOPOEBVTQYAOSV-UHFFFAOYSA-N,226.23
Butyl glycidyl ether,CCCCOCC1CO1,5397,2426-08-6,YSUQLAYJZDEMOT-UHFFFAOYSA-N,130.18
Butyl glycidyl ether,CCCCOCC1CO1,17424,,YSUQLAYJZDEMOT-UHFFFAOYSA-N,130.18
Butyl glycolate,CCCCOC(=O)CO,13222,7397-62-8,VFGRALUHHHDIQI-UHFFFAOYSA-N,132.16
Butyl heptanoate,CCCCCCC(=O)OCCCC,9694,5454-28-4,YPQSPODHFDGVAC-UHFFFAOYSA-N,186.29
Butyl isobutyl phthalate,CCCCOC(=O)C1=CC=CC=C1C(=O)OCC(C)C,4195,17851-53-5,UVIVWIFUPKGWGF-UHFFFAOYSA-N,278.34
Butyl isobutyrate,CCCCOC(=O)C(C)C,15935,97-87-0,JSLCOZYBKYHZNL-UHFFFAOYSA-N,144.21
Butyl isodecyl phthalate,CCCCOC(=O)C1=CC=CC=C1C(=O)OCCCCCCCC(C)C,8473,42343-36-2,IOVNHINTOHPELQ-UHFFFAOYSA-N,362.5
Butyl isononanoate,CCCCOC(=O)CCCCCC(C)C,15947,97259-92-2,KDRCJAKUDFVQLB-UHFFFAOYSA-N,214.34
Butyl isothiocyanate,CCCCN=C=S,10360,592-82-5,LIMQQADUEULBSO-UHFFFAOYSA-N,115.2
Butyl isovalerate,CCCCOC(=O)CC(C)C,921,109-19-3,AYWJSCLAAPJZEF-UHFFFAOYSA-N,158.24
Butyl lactate,CCCCOC(=O)C(C)O,2815,138-22-7,MRABAEUHTLLEML-UHFFFAOYSA-N,146.18
Butyl levulinate,CCCCOC(=O)CCC(=O)C,4782,2052-15-5,ISBWNEKJSSLXOD-UHFFFAOYSA-N,172.22
Butyl methacrylate,CCCCOC(=O)C(=C)C,15936,97-88-1,SOGAXMICEFXMKE-UHFFFAOYSA-N,142.2
Butyl methyl ether,CCCCOC,11004,628-28-4,CXBDYQVECUFKRK-UHFFFAOYSA-N,88.15
Butyl methyl phthalate,CCCCOC(=O)C1=CC=CC=C1C(=O)OC,7574,34006-76-3,XXFSYINDUHLBIL-UHFFFAOYSA-N,236.26
Butyl myristate,CCCCCCCCCCCCCC(=O)OCCCC,997,110-36-1,DHAZIUXMHRHVMP-UHFFFAOYSA-N,284.5
Butyl octyl phthalate,CCCCCCCCOC(=O)C1=CC=CC=C1C(=O)OCCCC,14467,84-78-6,MURWRBWZIMXKGC-UHFFFAOYSA-N,334.4
Butyl oleate,CCCCCCCC/C=C\CCCCCCCC(=O)OCCCC,3029,142-77-8,WIBFFTLQMKKBLZ-SEYXRHQNSA-N,338.6
Butyl palmitate,CCCCCCCCCCCCCCCC(=O)OCCCC,1078,111-06-8,GLYJVQDYLFAUFC-UHFFFAOYSA-N,312.5
Butyl phenyl carbonate,CCCCOC(=O)OC1=CC=CC=C1,8933,4824-76-4,CMIUEWSUNAYXCG-UHFFFAOYSA-N,194.23
Butyl propionate,CCCCOC(=O)CC,10315,590-01-2,BTMVHUNTONAYDX-UHFFFAOYSA-N,130.18
Butyl propionate,CCCCOC(=O)CC,17563,,BTMVHUNTONAYDX-UHFFFAOYSA-N,130.18
Butyl ricinoleate,CCCCCC[C@H](C/C=C\CCCCCCCC(=O)OCCCC)O,3368,151-13-3,HGWAKQDTQVDVRP-OKULMJQMSA-N,354.6
Butyl stearate,CCCCCCCCCCCCCCCCCC(=O)OCCCC,1942,123-95-5,ULBTUVJTXULMLP-UHFFFAOYSA-N,340.6
Butyl vinyl ether,CCCCOC=C,1092,111-34-2,UZKWTJUDCOPSNM-UHFFFAOYSA-N,100.16
"Butylaldehyde, 4-benzyloxy-4-[2,2,-dimethyl-4-dioxolanyl]-",CC1(OCC(O1)C(CCC=O)OCC2=CC=CC=C2)C,16205,149180-87-0,YQTRTFZBIHJZQB-UHFFFAOYSA-N,278.34
Butylamine,CCCCN,945,109-73-9,HQABUPZFAYXKJW-UHFFFAOYSA-N,73.14
Butylated Hydroxytoluene,CC1=CC(=C(C(=C1)C(C)(C)C)O)C(C)(C)C,2140,128-37-0,NLZUEZXRPGMBCV-UHFFFAOYSA-N,220.35
Butylbenzene,CCCCC1=CC=CC=C1,491,104-51-8,OCKPCBLVNKHBMX-UHFFFAOYSA-N,134.22
Butylcyclohexane,CCCCC1CCCCC1,3920,1678-93-9,GGBJHURWWWLEQH-UHFFFAOYSA-N,140.27
Butylcyclopentane,CCCCC1CCCC1,4742,2040-95-1,ZAGHKONXGGSVDV-UHFFFAOYSA-N,126.24
Butylene Glycol,CC(CCO)O,783,107-88-0,PUPZLCDOIYMWBV-UHFFFAOYSA-N,90.12
Butylparaben,CCCCOC(=O)C1=CC=C(C=C1)O,15657,94-26-8,QFOHBWFCKVYLES-UHFFFAOYSA-N,194.23
Butyraldehyde,CCCC=O,1929,123-72-8,ZTQSAGDEMFDKMZ-UHFFFAOYSA-N,72.11
Butyramide,CCCC(=O)N,9616,541-35-5,DNSISZSEWVHGLH-UHFFFAOYSA-N,87.12
"Butyramide, 2-cyano-2-ethyl-",CCC(CC)(C#N)C(=O)N,4384,18705-38-9,BYVLOVMMSJVLMC-UHFFFAOYSA-N,140.18
Butyric Acid,CCCC(=O)O,785,107-92-6,FERIUCNNQQJTOY-UHFFFAOYSA-N,88.11
Butyric anhydride,CCCC(=O)OC(=O)CCC,647,106-31-0,YHASWHZGWUONAO-UHFFFAOYSA-N,158.19
Butyronitrile,CCCC#N,946,109-74-0,KVNRLNFWIYMESJ-UHFFFAOYSA-N,69.11
C.I. Basic Brown 1,C1=CC(=CC(=C1)N=NC2=C(C=C(C=C2)N)N)N=NC3=C(C=C(C=C3)N)N,594,1052-38-6,BDFZFGDTHFGWRQ-UHFFFAOYSA-N,346.4
"C.I. Basic Violet 1, molybdatetungstatephosphate",CN=C1C=CC(=C(C2=CC=C(C=C2)N)C3=CC=C(C=C3)N)C=C1,2448,1325-82-2,DWDURZSYQTXVIN-UHFFFAOYSA-N,301.4
C.I. Direct Black 11,CC1=C(C(=C(C(=C1C)C)CSC2=NC3=CC=CC=C3C(=O)N2CC(C)C)C)C,11494,6486-52-8,BZCZGXOSHMMHLA-UHFFFAOYSA-N,394.6
C.I. Direct Black 15,C1CCCC(=NNS(=O)(=O)C2=CC=CC=C2)CC1,11336,6426-75-1,PRPVSAZLTZROPD-UHFFFAOYSA-N,266.36
"C.I. Direct Black 41, trisodium salt",CC1=CC(=CC=C1)N(CC(=O)NC2=C(C=CC(=C2)C)OC)S(=O)(=O)C3=CC=CC=C3,11495,6486-53-9,MIXJDBGJNZNUPN-UHFFFAOYSA-N,424.5
C.I. Direct Brown 58,C1=CC2=C(C=C1F)C(=O)C(=C(N2)[O-])[N+]#N,11323,6426-59-1,VNQQLHXLCIQNRP-UHFFFAOYSA-N,205.15
C.I. Direct Brown 60,CC1(CC2=C(C(=O)C1)C(=CC(=O)N2C3=CC(=CC=C3)Cl)O)C,11322,6426-57-9,VEKYARKTHZYQAW-UHFFFAOYSA-N,317.8
C.I. Direct Violet 3,CCC1=CC=CC=C1NC2=NC(=CS2)C3=CC=CC=N3,11512,6507-83-1,RPRRBCWJGDNBAO-UHFFFAOYSA-N,281.4
C.I. Direct Yellow 24,COC1=CC=C(C=C1)/C=C/C(=O)NC2=CC=C(C=C2)C(=O)N,11488,6486-29-9,ADUAASDQTXSPNT-NYYWCZLTSA-N,296.32
C.I. Disperse blue 60,COCCCN1C(=O)C2=C(C3=C(C(=C2C1=O)N)C(=O)C4=CC=CC=C4C3=O)N,1809,12217-80-0,WBCXRDHKXHADQF-UHFFFAOYSA-N,379.4
C.I. Disperse Yellow 56,C1=CC=C(C=C1)N=NC2=CC=C(C=C2)N=NC3=C(C4=CC=CC=C4NC3=O)O,9610,54077-16-6,GZCKCZAMIMLHDK-UHFFFAOYSA-N,369.4
C.I. Disperse yellow 64,C1=CC=C2C(=C1)C(=O)C(C2=O)C3=NC4=CC=CC=C4C(=C3O)Br,404,10319-14-9,DVBLPJWQXDCAKU-UHFFFAOYSA-N,368.2
C.I. Solvent Orange 2,CC1=CC=CC=C1N=NC2=C(C=CC3=CC=CC=C32)O,6229,2646-17-5,BQFCCCIRTOLPEF-UHFFFAOYSA-N,262.3
C.I. Solvent Red 26,CC1=CC=CC=C1N=NC2=C(C=C(C(=C2)C)N=NC3=C(C=CC4=CC=CC=C43)O)C,8735,4477-79-6,NRBKWAQSLYBVSG-UHFFFAOYSA-N,394.5
C.I. Solvent Violet 8,CN=C1C=CC(=C(C2=CC=C(C=C2)N(C)C)C3=CC=C(C=C3)N(C)C)C=C1,9313,52080-58-7,AMPCGOAFZFKBGH-UHFFFAOYSA-N,357.5
Cadalene,CC1=CC2=C(C=CC(=C2C=C1)C)C(C)C,8939,483-78-3,VMOJIHDTVZTGDO-UHFFFAOYSA-N,198.3
Cadaverine,C(CCN)CCN,8817,462-94-2,VHRGRCVQAFMJIZ-UHFFFAOYSA-N,102.18
Caffeic Acid,C1=CC(=C(C=C1/C=C/C(=O)O)O)O,7457,331-39-5,QAIPRVGONGVQAS-DUXPYHPUSA-N,180.16
Caffeine,CN1C=NC2=C1C(=O)N(C(=O)N2C)C,10173,58-08-2,RYYVLZVUVIJVGH-UHFFFAOYSA-N,194.19
Calamenene,C[C@H]1CC[C@H](C2=C1C=CC(=C2)C)C(C)C,8938,483-77-2,PGTJIOWQJWHTJJ-STQMWFEESA-N,202.33
Camphanediol,C[C@@]12CC[C@@H](C1(C)C)[C@H]([C@H]2O)O,9995,56614-57-4,AYEOSGBMQHXVER-DQUBFYRCSA-N,170.25
Camphene,CC1(C2CCC(C2)C1=C)C,14050,79-92-5,CRPUJAZIXJMDBK-UHFFFAOYSA-N,136.23
Camphor,CC1(C2CCC1(C(=O)C2)C)C,13585,76-22-2,DSSYKIVIOFKYAU-UHFFFAOYSA-N,152.23
Camphor (synthetic),C[C@@]12CC[C@@H](C1(C)C)CC2=O,8834,464-49-3,DSSYKIVIOFKYAU-XCBNKYQSSA-N,152.23
Camphorquinone,CC1(C2CCC1(C(=O)C2=O)C)C,460,10373-78-1,VNQXSTWCDUXYEZ-UHFFFAOYSA-N,166.22
Camphorquinone,CC1(C2CCC1(C(=O)C2=O)C)C,8840,465-29-2,VNQXSTWCDUXYEZ-UHFFFAOYSA-N,166.22
Capric Acid,CCCCCCCCCC(=O)O,7497,334-48-5,GHVNFZFCNZKVNT-UHFFFAOYSA-N,172.26
Caproic Acid,CCCCCC(=O)O,3025,142-62-1,FUZZWVXGSFPDMH-UHFFFAOYSA-N,116.16
Caprolactam,C1CCC(=O)NCC1,573,105-60-2,JBKVHLHDHHXQEQ-UHFFFAOYSA-N,113.16
Caprolactone,C1CCC(=O)OCC1,5591,24980-41-4,PAPBSGBWRJIAAV-UHFFFAOYSA-N,114.14
Caprolactone,C1CCC(=O)OCC1,5820,25248-42-4,PAPBSGBWRJIAAV-UHFFFAOYSA-N,114.14
Caprolactone,C1CCC(=O)OCC1,9047,502-44-3,PAPBSGBWRJIAAV-UHFFFAOYSA-N,114.14
Capsaicin,CC(C)/C=C/CCCCC(=O)NCC1=CC(=C(C=C1)O)OC,8262,404-86-4,YKPUWZUDDOIDPM-SOFGYWHQSA-N,305.4
Captan,C1C=CCC2C1C(=O)N(C2=O)SC(Cl)(Cl)Cl,2476,133-06-2,LDVVMCZRFWMZSG-UHFFFAOYSA-N,300.6
Carane,CC1CCC2C(C1)C2(C)C,9813,554-59-6,BWRHOYDPVJPXMF-UHFFFAOYSA-N,138.25
"Carbamodithioic acid, diethyl-, ethyl ester",CCN(CC)C(=S)SCC,8887,4740-11-8,RKDROQWWHWDICV-UHFFFAOYSA-N,177.3
"Carbamodithioic acid, phenyl-, ethyl ester",CCSC(=S)NC1=CC=CC=C1,2227,13037-20-2,GWCGONFKYSQUBK-UHFFFAOYSA-N,197.3
Carbaryl,CNC(=O)OC1=CC=CC2=CC=CC=C21,11059,63-25-2,CVXBEEMKQHEXEN-UHFFFAOYSA-N,201.22
Carbazole,C1=CC=C2C(=C1)C3=CC=CC=C3N2,9245,51555-21-6,UJOBWOGCFQCDNV-UHFFFAOYSA-N,167.21
Carbazole,C1=CC=C2C(=C1)C3=CC=CC=C3N2,14730,86-74-8,UJOBWOGCFQCDNV-UHFFFAOYSA-N,167.21
"Carbazole, 2,3,5-trimethyl-",CC1=C2C(=CC=C1)NC3=C2C=C(C(=C3)C)C,14019,78787-85-6,XRASCGVLJXKEHA-UHFFFAOYSA-N,209.29
Carbendazim,COC(=O)NC1=NC2=CC=CC=C2N1,689,10605-21-7,TWFZGCMQGLPBSX-UHFFFAOYSA-N,191.19
Carbic anhydride,C1[C@@H]2C=C[C@H]1[C@@H]3[C@H]2C(=O)OC3=O,2167,129-64-6,KNDQHSIWLOJIGP-UMRXKNAASA-N,164.16
Carbofuran,CC1(CC2=C(O1)C(=CC=C2)OC(=O)NC)C,3531,1563-66-2,DUEPRVBVGDRKAG-UHFFFAOYSA-N,221.25
Carbohydrazide,C(=O)(NN)NN,8994,497-18-7,XEVRDFDBXJMZFG-UHFFFAOYSA-N,90.09
Carbon Dioxide,C(=O)=O,1985,124-38-9,CURLTUGMZLYLDI-UHFFFAOYSA-N,44.009
Carbon Disulfide,C(=S)=S,13460,75-15-0,QGJOPFRUJISHPQ-UHFFFAOYSA-N,76.15
Carbon Monoxide,[C-]#[O+],11068,630-08-0,UGFAIRIUMAVXCW-UHFFFAOYSA-N,28.01
Carbon Tetrachloride,C(Cl)(Cl)(Cl)Cl,9907,56-23-5,VZGDMQKNWNREIO-UHFFFAOYSA-N,153.8
Carbon tetrafluoride,C(F)(F)(F)F,13489,75-73-0,TXEYQDLBPFQVAA-UHFFFAOYSA-N,88.004
"Carbonic acid, 4-cycloocten-1-yl methyl ester",COC(=O)OC1CCC/C=C\CC1,14837,87731-18-8,LDHHCYCOENSXIM-IHWYPQMZSA-N,184.23
"Carbonic acid, dithio-, O,S-diisopropyl ester",CC(C)OC(=S)SC(C)C,4596,19615-06-6,HSNHLHNSJCYPNU-UHFFFAOYSA-N,178.3
"Carbonic acid, dodecyl phenyl ester",CCCCCCCCCCCCOC(=O)OC1=CC=CC=C1,17325,,LLXVUTZVBFYTHG-UHFFFAOYSA-N,306.4
"Carbonic acid, dodecyl vinyl ester",CCCCCCCCCCCCOC(=O)OC=C,16603,,GRZYRAMKUMZKSZ-UHFFFAOYSA-N,256.38
"Carbonic acid, eicosyl vinyl ester",CCCCCCCCCCCCCCCCCCCCOC(=O)OC=C,5137,2243791-78-6,ATKGMLUBBPOBFK-UHFFFAOYSA-N,368.6
"Carbonic acid, eicosyl vinyl ester",CCCCCCCCCCCCCCCCCCCCOC(=O)OC=C,17198,,ATKGMLUBBPOBFK-UHFFFAOYSA-N,368.6
"Carbonic acid, prop-1-en-2-yl undecyl ester",CCCCCCCCCCCOC(=O)OC(=C)C,17722,,AJTXHMVZAVWDOU-UHFFFAOYSA-N,256.38
"Carbonic acid, propyl tridecyl ester",CCCCCCCCCCCCCOC(=O)OCCC,17190,,KKEARFDBGNCEQS-UHFFFAOYSA-N,286.4
"Carbonodithioic acid, O-pentyl S-2-propenyl ester",CCCCCOC(=S)SCC=C,6878,2956-12-9,WTPBLTFCXYTHNZ-UHFFFAOYSA-N,204.4
"Carbonoperoxoic acid, OO-(1,1-dimethylethyl) O-(1-methylethyl) ester",CC(C)OC(=O)OOC(C)(C)C,5295,2372-21-6,KDGNCLDCOVTOCS-UHFFFAOYSA-N,176.21
Carbonyl sulfide,C(=O)=S,8827,463-58-1,JJWKPURADFRFRB-UHFFFAOYSA-N,60.08
Carbophenothion,CCOP(=S)(OCC)SCSC1=CC=C(C=C1)Cl,14017,786-19-6,VEDTXTNSFWUXGQ-UHFFFAOYSA-N,342.9
Cardanol,C=CC/C=C\C/C=C\CCCCCCCC1=CC(=CC=C1)O,7963,37330-39-5,JOLVYUIAMRUBRK-UTOQUPLUSA-N,298.5
Carvacrol,CC1=C(C=C(C=C1)C(C)C)O,9013,499-75-2,RECUKUPTGUEGMW-UHFFFAOYSA-N,150.22
Carvenone oxide,CC1CCC2(C(C1=O)O2)C(C)C,10093,5729-99-7,ROVXCLHKSQINCN-UHFFFAOYSA-N,168.23
Carveol,CC1=CCC(CC1O)C(=C)C,16038,99-48-9,BAVONGHXFVOKBV-UHFFFAOYSA-N,152.23
Carvomenthol,CC1CCC(CC1O)C(C)C,4332,1845-59-6,ULJXKUJMXIVDOY-UHFFFAOYSA-N,156.26
"Carvone, (+)-",CC1=CC[C@@H](CC1=O)C(=C)C,5139,2244-16-8,ULDHMXUKGWMISQ-VIFPVBQESA-N,150.22
"Carvone, (+/-)-",CC1=CCC(CC1=O)C(=C)C,16039,99-49-0,ULDHMXUKGWMISQ-UHFFFAOYSA-N,150.22
"Carvone, (-)-",CC1=CC[C@H](CC1=O)C(=C)C,11484,6485-40-1,ULDHMXUKGWMISQ-SECBINFHSA-N,150.22
Caryophyllene,C/C/1=C\CCC(=C)[C@H]2CC([C@@H]2CC1)(C)C,14782,87-44-5,NPNUFJAVOOONJE-GFUGXAQUSA-N,204.35
Cashmeran,CC1C(C2=C(C1(C)C)C(=O)CCC2)(C)C,7539,33704-61-9,MIZGSAALSYARKU-UHFFFAOYSA-N,206.32
Catechol,C1=CC=C(C(=C1)O)O,1583,120-80-9,YCIMNLLNPGFGHC-UHFFFAOYSA-N,110.11
Cedramber,C[C@@H]1CC[C@@H]2[C@]13CC[C@@]([C@H](C3)C2(C)C)(C)OC,11854,67874-81-1,HRGPYCVTDOECMG-RHBQXOTJSA-N,236.39
Cedranyl acetate,C[C@@H]1CC[C@@H]2[C@]13CC[C@@]([C@H](C3)C2(C)C)(C)OC(=O)C,13722,77-54-3,HQKQRXZEXPXXIG-DTWJZALFSA-N,264.4
Cedrelanol,CC1=C[C@H]2[C@@H](CC[C@]([C@@H]2CC1)(C)O)C(C)C,10384,5937-11-1,LHYHMMRYTDARSZ-XQLPTFJDSA-N,222.37
Cedrenol,CC1CCC2C13CC(C2(C)C)C(=C)C(C3)O,6648,28231-03-0,DJYWGTBEZVORGE-UHFFFAOYSA-N,220.35
Cedrol,C[C@@H]1CC[C@@H]2[C@]13CC[C@@]([C@H](C3)C2(C)C)(C)O,13721,77-53-2,SVURIXNDRWRAFU-OGMFBOKVSA-N,222.37
Cembrane,CC1CCCC(CCC(CCC(CCC1)C)C(C)C)C,4199,1786-12-5,LHORCXXUZJAMPU-UHFFFAOYSA-N,280.5
Cerevisterol,C[C@H](/C=C/[C@H](C)C(C)C)[C@H]1CC[C@@H]2[C@@]1(CC[C@H]3C2=C[C@H]([C@@]4([C@@]3(CC[C@@H](C4)O)C)O)O)C,9251,516-37-0,ARXHRTZAVQOQEU-BRVLHLJYSA-N,430.7
Ceteth-3,CCCCCCCCCCCCCCCCOCCOCCOCCO,8737,4484-59-7,FSVRFCBLVIJHQY-UHFFFAOYSA-N,374.6
Cetyl Alcohol,CCCCCCCCCCCCCCCCO,6851,29354-98-1,BXWNKGSJHAJOGX-UHFFFAOYSA-N,242.44
Cetyl Alcohol,CCCCCCCCCCCCCCCCO,7870,36653-82-4,BXWNKGSJHAJOGX-UHFFFAOYSA-N,242.44
Cetyl octyl ether,CCCCCCCCCCCCCCCCOCCCCCCCC,6938,299173-68-5,OFEMBBUDYGTDON-UHFFFAOYSA-N,354.7
Cetyl palmitate,CCCCCCCCCCCCCCCCOC(=O)CCCCCCCCCCCCCCC,9594,540-10-3,PXDJXZJSCPSGGI-UHFFFAOYSA-N,480.8
Chalcone,C1=CC=C(C=C1)/C=C/C(=O)C2=CC=CC=C2,10644,614-47-1,DQFBYFPFKXHELB-VAWYXSNFSA-N,208.25
Chinomethionate,CC1=CC2=C(C=C1)N=C3C(=N2)SC(=O)S3,5430,2439-01-2,FBQQHUGEACOBDN-UHFFFAOYSA-N,234.3
Chloral,C(=O)C(Cl)(Cl)Cl,13499,75-87-6,HFFLGKNGCAIQMO-UHFFFAOYSA-N,147.38
Chloral Hydrate,C(C(Cl)(Cl)Cl)(O)O,6994,302-17-0,RNFNDJAIBTYOQL-UHFFFAOYSA-N,165.4
Chloranil,C1(=C(C(=O)C(=C(C1=O)Cl)Cl)Cl)Cl,1466,118-75-2,UGNWTBMOAKPKBL-UHFFFAOYSA-N,245.9
Chlordane,C1C2C(C(C1Cl)Cl)C3(C(=C(C2(C3(Cl)Cl)Cl)Cl)Cl)Cl,10053,57-74-9,BIWJNBZANLAXMG-UHFFFAOYSA-N,409.8
Chlorendic acid,C1(C(C2(C(=C(C1(C2(Cl)Cl)Cl)Cl)Cl)Cl)C(=O)O)C(=O)O,1361,115-28-6,DJKGDNKYTKCJKD-UHFFFAOYSA-N,388.8
"Chlorendic acid, diallyl ester",C=CCOC(=O)C1C(C2(C(=C(C1(C2(Cl)Cl)Cl)Cl)Cl)Cl)C(=O)OCC=C,7339,3232-62-0,CJKWEXMFQPNNTL-UHFFFAOYSA-N,469
Chlorendic anhydride,C12C(C(=O)OC1=O)C3(C(=C(C2(C3(Cl)Cl)Cl)Cl)Cl)Cl,1360,115-27-5,FLBJFXNAEMSXGL-UHFFFAOYSA-N,370.8
Chlorfenapyr,CCOCN1C(=C(C(=C1C(F)(F)F)Br)C#N)C2=CC=C(C=C2)Cl,1855,122453-73-0,CWFOCCVIPCEQCK-UHFFFAOYSA-N,407.61
Chlorfenethol,CC(C1=CC=C(C=C1)Cl)(C2=CC=C(C=C2)Cl)O,17203,,URYAFVKLYSEINW-UHFFFAOYSA-N,267.1
"Chloro(3,3-dimethylbutyl)dimethylsilane",CC(C)(C)CC[Si](C)(C)Cl,15893,96220-76-7,LGEJHPHGNSBWOF-UHFFFAOYSA-N,178.77
Chloro(chloromethyl)dimethylsilane,C[Si](C)(CCl)Cl,4026,1719-57-9,ITKVLPYNJQOCPW-UHFFFAOYSA-N,143.08
Chloroacetic acid,C(C(=O)O)Cl,14033,79-11-8,FOCAUTSVDIKZOP-UHFFFAOYSA-N,94.5
Chloroacetone,CC(=O)CCl,13983,78-95-5,BULLHNJGPPOUOX-UHFFFAOYSA-N,92.52
Chlorobenzene,C1=CC=C(C=C1)Cl,889,108-90-7,MVPPADPHJFYWMZ-UHFFFAOYSA-N,112.55
Chlorodibromomethane,C(Cl)(Br)Br,1989,124-48-1,GATVIKZLVQHOMN-UHFFFAOYSA-N,208.28
Chlorodifluoromethane,C(F)(F)Cl,13474,75-45-6,VOPWNXZWBYDODV-UHFFFAOYSA-N,86.47
Chlorodimethyl(2-methylbutyl)silane,CCC(C)C[Si](C)(C)Cl,12974,71864-46-5,AJNBBVTVDUXJNX-UHFFFAOYSA-N,164.75
Chlorodimethyloctadecylsilane,CCCCCCCCCCCCCCCCCC[Si](C)(C)Cl,4373,18643-08-8,GZGREZWGCWVAEE-UHFFFAOYSA-N,347.1
Chlorodimethylphenylsilane,C[Si](C)(C1=CC=CC=C1)Cl,13687,768-33-2,KWYZNESIGBQHJK-UHFFFAOYSA-N,170.71
Chlorodimethylvinylsilane,C[Si](C)(C=C)Cl,4027,1719-58-0,XSDCTSITJJJDPY-UHFFFAOYSA-N,120.65
Chloroethane,CCCl,13450,75-00-3,HRYZWHHZPQKTII-UHFFFAOYSA-N,64.51
Chloroform,C(Cl)(Cl)Cl,11722,67-66-3,HEDRZPFGACZZDS-UHFFFAOYSA-N,119.37
Chlorohydroquinone,C1=CC(=C(C=C1O)Cl)O,10664,615-67-8,AJPXTSMULZANCB-UHFFFAOYSA-N,144.55
Chloromethane,CCl,13232,74-87-3,NEHMKBQYUWJMIP-UHFFFAOYSA-N,50.49
Chloromethyl ethyl ether,CCOCCl,7296,3188-13-4,FCYRSDMGOLYDHL-UHFFFAOYSA-N,94.54
Chloromethyl methyl ether,COCCl,765,107-30-2,XJUZRXYOEPSWMB-UHFFFAOYSA-N,80.51
Chloromethyltrimethylsilane,C[Si](C)(C)CCl,5257,2344-80-1,OOCUOKHIVGWCTJ-UHFFFAOYSA-N,122.67
Chloroprene,C=CC(=C)Cl,2063,126-99-8,YACLQRRMGMJLJV-UHFFFAOYSA-N,88.53
Chloroprene,C=CC(=C)Cl,15139,9010-98-4,YACLQRRMGMJLJV-UHFFFAOYSA-N,88.53
Chlorothalonil,C(#N)C1=C(C(=C(C(=C1Cl)Cl)Cl)C#N)Cl,4479,1897-45-6,CRQQGFGUEAVUIL-UHFFFAOYSA-N,265.9
Chlorotoluron,CC1=C(C=C(C=C1)NC(=O)N(C)C)Cl,3483,15545-48-9,JXCGFZXSOMJFOA-UHFFFAOYSA-N,212.67
Chlorotriethylsilane,CC[Si](CC)(CC)Cl,16075,994-30-9,DCFKHNIGBAHNSS-UHFFFAOYSA-N,150.72
Chlorotrifluoroethylene,C(=C(F)Cl)(F)F,14040,79-38-9,UUAGAQFQZIEFAH-UHFFFAOYSA-N,116.47
Chloroxylenol,CC1=CC(=CC(=C1Cl)C)O,14851,88-04-0,OSDLLIBGSJNGJE-UHFFFAOYSA-N,156.61
Chlorpyrifos,CCOP(=S)(OCC)OC1=NC(=C(C=C1Cl)Cl)Cl,6821,2921-88-2,SBPBAQFWLVIOKP-UHFFFAOYSA-N,350.6
Chlorpyrifos-methyl,COP(=S)(OC)OC1=NC(=C(C=C1Cl)Cl)Cl,9904,5598-13-0,HRBKVYFZANMGRE-UHFFFAOYSA-N,322.5
Cholecalciferol,C[C@H](CCCC(C)C)[C@H]1CC[C@@H]\2[C@@]1(CCC/C2=C\C=C/3\C[C@H](CCC3=C)O)C,11727,67-97-0,QYSXJUFSXHHAJI-YRZJJWOYSA-N,384.6
Cholest-5-ene,C[C@H](CCCC(C)C)[C@H]1CC[C@@H]2[C@@]1(CC[C@H]3[C@H]2CC=C4[C@@]3(CCCC4)C)C,10057,570-74-1,DTGDZMYNKLTSKC-HKQCOZBKSA-N,370.7
"Cholesta-2,4-diene",C[C@H](CCCC(C)C)[C@H]1CC[C@@H]2[C@@]1(CC[C@H]3[C@H]2CCC4=CC=CC[C@]34C)C,8330,4117-50-4,BDJOURVDARTIRJ-HKQCOZBKSA-N,368.6
"Cholesta-3,5-diene",C[C@H](CCCC(C)C)[C@H]1CC[C@@H]2[C@@]1(CC[C@H]3[C@H]2CC=C4[C@@]3(CCC=C4)C)C,13412,747-90-0,RLHIRZFWJBOHHD-HKQCOZBKSA-N,368.6
"Cholesta-4,6-dien-3-ol, (3beta)-",C[C@H](CCCC(C)C)[C@H]1CC[C@@H]2[C@@]1(CC[C@H]3[C@H]2C=CC4=C[C@H](CC[C@]34C)O)C,3042,14214-69-8,KIULDMFHZZHYKZ-DPAQBDIFSA-N,384.6
Cholesterol,C[C@H](CCCC(C)C)[C@H]1CC[C@@H]2[C@@]1(CC[C@H]3[C@H]2CC=C4[C@@]3(CC[C@@H](C4)O)C)C,10055,57-88-5,HVYWMOMLDIMFJA-DPAQBDIFSA-N,386.7
Chrysene,C1=CC=C2C(=C1)C=CC3=C2C=CC4=CC=CC=C43,5015,218-01-9,WDECIBYCCFPHNR-UHFFFAOYSA-N,228.3
Chrysophanic acid,CC1=CC2=C(C(=C1)O)C(=O)C3=C(C2=O)C=CC=C3O,8921,481-74-3,LQGUBLBATBMXHT-UHFFFAOYSA-N,254.24
CID 10102,C[C@@]12CCC[C@]3(C1)C=CC([C@@H]3CC2)(C)C,8854,469-92-1,MKZIRHIVARSBHI-AEGPPILISA-N,204.35
CID 102303030,CC1=C2CC[C@]([C@H]2[C@H]3[C@H](C3(C)C)CC1)(C)O,14893,88395-46-4,FPRYGNYXOFHMLF-BHPKHCPMSA-N,220.35
CID 169441330,C1CCC(=O)OCCOCCOC(=O)C2=CC=CC(=C2)C(=O)OCCOCCOC(=O)C1,2892,1394013-66-1,KLLLSKGSYAFMPV-UHFFFAOYSA-N,452.5
CID 18981086,C(CCC(=O)OCC(CO)(CO)CO)CC(=O)O,9394,52627-55-1,OWGMUUMIVUJVAV-UHFFFAOYSA-N,264.27
CID 42930695,CCCN1C(=O)C2=C(N=C3N2CC(=NN3CC(=O)N)C(C)(C)C)N(C1=O)C,15494,922452-76-4,WYRVBIQMRRBNEY-UHFFFAOYSA-N,375.4
CID 55250338,C[C@H]1C[C@@H](CC(C1)(C)C)C,9126,50876-31-8,WOJSMJIXPQLESQ-IUCAKERBSA-N,140.27
CID 71365151,CC1=CCC2[C@@H](C1=O)C2(C)C,9546,53585-45-8,SAFIHMIEMQFPDA-MQWKRIRWSA-N,150.22
Cinchophen,C1=CC=C(C=C1)C2=NC3=CC=CC=C3C(=C2)C(=O)O,2389,132-60-5,YTRMTPPVNRALON-UHFFFAOYSA-N,249.26
Cinnamaldehyde,C1=CC=C(C=C1)/C=C/C=O,493,104-55-2,KJPRLNWUNMBNBZ-QPJJXVBHSA-N,132.16
Cinnamaldehyde,C1=CC=C(C=C1)/C=C/C=O,3106,14371-10-9,KJPRLNWUNMBNBZ-QPJJXVBHSA-N,132.16
Cinnamic Acid,C1=CC=C(C=C1)/C=C/C(=O)O,2920,140-10-3,WBYWAXJHAXSJNI-VOTSOKGWSA-N,148.16
Cinnamic Acid,C1=CC=C(C=C1)/C=C/C(=O)O,10874,621-82-9,WBYWAXJHAXSJNI-VOTSOKGWSA-N,148.16
Cinnamyl alcohol,C1=CC=C(C=C1)/C=C/CO,492,104-54-1,OOCCDEMITAIZTP-QPJJXVBHSA-N,134.17
"cis-(-)-2,4a,5,6,9a-Hexahydro-3,5,5,9-tetramethyl(1H)benzocycloheptene",CC1C=CCC(C2C1CCC(=C2)C)(C)C,17116,,ARHRNUWNRNFXBZ-UHFFFAOYSA-N,204.35
"cis-1,2,3,6-Tetrahydrophthalic anhydride",C1C=CC[C@H]2[C@@H]1C(=O)OC2=O,15597,935-79-5,KMOUUZVZFBCRAM-OLQVQODUSA-N,152.15
"cis-1,2-Dichloroethylene",C(=C\Cl)\Cl,3503,156-59-2,KFUSEUYYWQURPO-UPHRSURJSA-N,96.94
"cis-1,2-Diphenylcyclobutane",C1C[C@@H]([C@@H]1C2=CC=CC=C2)C3=CC=CC=C3,13710,7694-30-6,AERGGMDNGDDGPI-IYBDPMFKSA-N,208.3
cis-1-Ethyl-2-Methylcyclopentane,CC[C@H]1CCC[C@H]1C,15569,930-89-2,BSKOLJVTLRLTHE-SFYZADRCSA-N,112.21
cis-11-Eicosenamide,CCCCCCCC/C=C\CCCCCCCCCC(=O)N,521,10436-08-5,LBHQTVBKPMHICN-KTKRTIGZSA-N,309.5
cis-11-Octadecenoic acid methyl ester,CCCCCC/C=C\CCCCCCCCCC(=O)OC,4554,1937-63-9,PVVODBCDJBGMJL-HJWRWDBZSA-N,296.5
cis-2-Hexadecene,CCCCCCCCCCCCC/C=C\C,13382,74533-97-4,YITMLDIGEJSENC-HYXAFXHYSA-N,224.42
cis-2-Methyl-7-octadecene,CCCCCCCCCC/C=C\CCCCC(C)C,7720,35354-39-3,XDBKLFODBADBED-YPKPFQOOSA-N,266.5
cis-2-Penten-1-ol,CC/C=C\CO,3576,1576-95-0,BTSIZIIPFNVMHF-ARJAWSKDSA-N,86.13
cis-2-tert-Butylcyclohexyl acetate,CC(=O)O[C@@H]1CCCC[C@@H]1C(C)(C)C,4715,20298-69-5,FINOAUDUYKVGDS-WDEREUQCSA-N,198.3
cis-2-Tridecene,CCCCCCCCCC/C=C\C,8359,41446-59-7,XWVHBWQEYOROBE-HYXAFXHYSA-N,182.35
cis-3-Hexenal,CC/C=C\CC=O,11858,6789-80-6,GXANMBISFKBPEX-ARJAWSKDSA-N,98.14
cis-3-Hexenyl 2-methylbutanoate,CC/C=C\CCOC(=O)C(C)CC,9516,53398-85-9,JKKGTSUICJWEKB-SREVYHEPSA-N,184.27
cis-3-Hexenyl acetate,CC/C=C\CCOC(=O)C,7887,3681-71-8,NPFVOOAXDOBMCE-PLNGDYQASA-N,142.2
cis-3-Hexenyl benzoate,CC/C=C\CCOC(=O)C1=CC=CC=C1,5762,25152-85-6,BCOXBEHFBZOJJZ-ARJAWSKDSA-N,204.26
cis-3-Hexenyl hexanoate,CCCCCC(=O)OCC/C=C\CC,7232,31501-11-8,RGACQXBDYBCJCY-ALCCZGGFSA-N,198.3
cis-3-Hexenyl salicylate,CC/C=C\CCOC(=O)C1=CC=CC=C1O,11551,65405-77-8,IEPWIPZLLIOZLU-ARJAWSKDSA-N,220.26
cis-3-Methyl-3-hexene,CC/C=C(/C)\CC,8968,4914-89-0,FHHSSXNRVNXTBG-SREVYHEPSA-N,98.19
cis-3-Nonen-1-ol,CCCCC/C=C\CCO,419,10340-23-5,IFTBJDZSLBRRMC-SREVYHEPSA-N,142.24
cis-3-Tridecene,CCCCCCCCC/C=C\CC,8355,41446-53-1,OMBXNSHDJUALCV-ALCCZGGFSA-N,182.35
cis-3-Undecene,CCCCCCC/C=C\CC,14319,821-97-6,SDTYFWAQLSIEBH-ALCCZGGFSA-N,154.29
cis-4-(Isopropyl)-1-methylcyclohex-2-en-1-ol,CC(C)[C@H]1CC[C@@](C=C1)(C)O,6918,29803-82-5,IZXYHAXVIZHGJV-ZJUUUORDSA-N,154.25
cis-4-Heptenal,CC/C=C\CCC=O,11743,6728-31-0,VVGOCOMZRGWHPI-ARJAWSKDSA-N,112.17
cis-4-Tetradecene,CCCCCCCCC/C=C\CCC,8361,41446-65-5,XEIYDTUADLFFTM-CLFYSBASSA-N,196.37
cis-4-Tridecene,CCCCCCCC/C=C\CCC,8356,41446-54-2,UJZLNVCZGZKIHR-CLFYSBASSA-N,182.35
"cis-5,8,11,14,17-Eicosapentaenoic acid methyl ester",CC/C=C\C/C=C\C/C=C\C/C=C\C/C=C\CCCC(=O)OC,6491,2734-47-6,QWDCYFDDFPWISL-JEBPEJKESA-N,316.5
cis-5-Tridecene,CCCCCCC/C=C\CCCC,5895,25524-42-9,VDFGUEPMNNLWOZ-LUAWRHEFSA-N,182.35
cis-7-Tetradecenol,CCCCCC/C=C\CCCCCCO,8283,40642-43-1,QXYAJPQXTGQWRU-FPLPWBNLSA-N,212.37
"cis-9,10-Epoxyoctadecan-1-ol",CCCCCCCC[C@@H]1[C@@H](O1)CCCCCCCCO,2911,13980-12-6,FAEAERQPRQJZOC-MSOLQXFVSA-N,284.5
cis-Aconitic acid,C(/C(=C/C(=O)O)/C(=O)O)C(=O)O,9012,499-12-7,GTZCVFVGUGFEME-IWQZZHSRSA-N,174.11
cis-beta-Methylstyrene,C/C=C\C1=CC=CC=C1,13673,766-90-5,QROGIFZRVHSFLM-KXFIGUGUSA-N,118.18
cis-Chlordane,C1[C@H]2[C@@H]([C@H]([C@H]1Cl)Cl)[C@]3(C(=C([C@@]2(C3(Cl)Cl)Cl)Cl)Cl)Cl,9158,5103-71-9,BIWJNBZANLAXMG-KMMBHOGFSA-N,409.8
cis-Cinnamaldehyde,C1=CC=C(C=C1)/C=C\C=O,10083,57194-69-1,KJPRLNWUNMBNBZ-DAXSKMNVSA-N,132.16
cis-Crotonaldehyde,C/C=C\C=O,3595,15798-64-8,MLUCVPSAIODCQM-IHWYPQMZSA-N,70.09
cis-Hexahydrophthalic anhydride,C1CC[C@H]2[C@@H](C1)C(=O)OC2=O,2333,13149-00-3,MUTGBJKUEZFXGO-OLQVQODUSA-N,154.16
"cis-p-Mentha-1(7),8-dien-2-ol",CC(=C)[C@H]1CCC(=C)[C@@H](C1)O,2690,13544-59-7,PNVTXOFNJFHXOK-VHSXEESVSA-N,152.23
cis-Stilbene,C1=CC=C(C=C1)/C=C\C2=CC=CC=C2,11381,645-49-8,PJANXHGTPQOBST-QXMHVHEDSA-N,180.24
Citral,CC(=CCC/C(=C/C=O)/C)C,2975,141-27-5,WTEVQBCEXWBHNA-JXMROGBWSA-N,152.23
Citral,CC(=CCC/C(=C/C=O)/C)C,9581,5392-40-5,WTEVQBCEXWBHNA-JXMROGBWSA-N,152.23
Citric Acid,C(C(=O)O)C(CC(=O)O)(C(=O)O)O,13734,77-92-9,KRKNYBCHXYNGOX-UHFFFAOYSA-N,192.12
"Citric acid, tripentyl ester",CCCCCOC(=O)CC(CC(=O)OCCCCC)(C(=O)OCCCCC)O,12752,70289-34-8,DXRFOGXSSDRZFP-UHFFFAOYSA-N,402.5
Citronellal,CC(CCC=C(C)C)CC=O,643,106-23-0,NEHNMFOYXAPHSD-UHFFFAOYSA-N,154.25
Citronellol epoxide,CC(CCC1C(O1)(C)C)CCO,3534,1564-98-3,KCNJNSNPPWXJGM-UHFFFAOYSA-N,172.26
Climbazole,CC(C)(C)C(=O)C(N1C=CN=C1)OC2=CC=C(C=C2)Cl,8045,38083-17-9,OWEGWHBOCFMBLP-UHFFFAOYSA-N,292.76
Climbazole,CC(C)(C)C(=O)C(N1C=CN=C1)OC2=CC=C(C=C2)Cl,16830,,OWEGWHBOCFMBLP-UHFFFAOYSA-N,292.76
Clionasterol,CC[C@@H](CC[C@@H](C)[C@H]1CC[C@@H]2[C@@]1(CC[C@H]3[C@H]2CC=C4[C@@]3(CC[C@@H](C4)O)C)C)C(C)C,14379,83-47-6,KZJWDPNRJALLNS-FBZNIEFRSA-N,414.7
Clofenotane,C1=CC(=CC=C1C(C2=CC=C(C=C2)Cl)C(Cl)(Cl)Cl)Cl,9027,50-29-3,YVGGHNCTFXOJCH-UHFFFAOYSA-N,354.5
Cloth Red B,CC1=CC=CC=C1N=NC2=CC(=C(C=C2)N=NC3=C(C4=CC=CC=C4C(=C3)S(=O)(=O)O)O)C,11073,6300-53-4,MKDRTMKLHORKSV-UHFFFAOYSA-N,460.5
Clothianidin,CN/C(=N\[N+](=O)[O-])/NCC1=CN=C(S1)Cl,4882,210880-92-5,PGOOBECODWQEAB-UHFFFAOYSA-N,249.68
Codeine,CN1CC[C@]23[C@@H]4[C@H]1CC5=C2C(=C(C=C5)OC)O[C@H]3[C@H](C=C4)O,13590,76-57-3,OROGSEYTTFOCAN-DNJOTXNNSA-N,299.4
Congressane,C1C2CC3C4C1C5CC(C4)CC3C5C2,5200,2292-79-7,ZICQBHNGXDOVJF-UHFFFAOYSA-N,188.31
Coniferyl Alcohol,COC1=C(C=CC(=C1)/C=C/CO)O,7417,32811-40-8,JMFRWRFFLBVWSI-NSCUHMNNSA-N,180.2
Coronene,C1=CC2=C3C4=C1C=CC5=C4C6=C(C=C5)C=CC7=C6C3=C(C=C2)C=C7,4501,191-07-1,VPUGDVKSAQVFFS-UHFFFAOYSA-N,300.4
Corticosterone,C[C@]12CCC(=O)C=C1CC[C@@H]3[C@@H]2[C@H](C[C@]4([C@H]3CC[C@@H]4C(=O)CO)C)O,9024,50-22-6,OMFXVFTZEKFJBZ-HJTSIMOOSA-N,346.5
Cortisone,C[C@]12CCC(=O)C=C1CC[C@@H]3[C@@H]2C(=O)C[C@]4([C@H]3CC[C@@]4(C(=O)CO)O)C,9468,53-06-5,MFYSYFVPBJMHGN-ZPOLXVRWSA-N,360.4
Costunolide,C/C/1=C\CC/C(=C/[C@@H]2[C@@H](CC1)C(=C)C(=O)O2)/C,9794,553-21-9,HRYLQFBHBWLLLL-AHNJNIBGSA-N,232.32
Coumarin,C1=CC=C2C(=C1)C=CC(=O)O2,15346,91-64-5,ZYGHJZDHTFUPRJ-UHFFFAOYSA-N,146.14
Coumarin 6,CCN(CC)C1=CC2=C(C=C1)C=C(C(=O)O2)C3=NC4=CC=CC=C4S3,8057,38215-36-0,VBVAVBCYMYWNOU-UHFFFAOYSA-N,350.4
Coumarin 7,CCN(CC)C1=CC2=C(C=C1)C=C(C(=O)O2)C3=NC4=CC=CC=C4N3,6503,27425-55-4,GOLORTLGFDVFDW-UHFFFAOYSA-N,333.4
Cresol red,CC1=C(C=CC(=C1)C2(C3=CC=CC=C3S(=O)(=O)O2)C4=CC(=C(C=C4)O)C)O,4080,1733-12-6,OBRMNDMBJQTZHV-UHFFFAOYSA-N,382.4
Cresyl glycidyl ether,CC1=CC=C(C=C1)OCC2CO2,6226,26447-14-3,CUFXMPWHOWYNSO-UHFFFAOYSA-N,164.2
Crotonaldehyde,C/C=C/C=O,1930,123-73-9,MLUCVPSAIODCQM-NSCUHMNNSA-N,70.09
Crotonaldehyde,C/C=C/C=O,8402,4170-30-3,MLUCVPSAIODCQM-NSCUHMNNSA-N,70.09
Crotonic acid,C/C=C/C(=O)O,786,107-93-7,LDHQCZJRKDOVOX-NSCUHMNNSA-N,86.09
Crotonic acid,C/C=C/C(=O)O,7936,3724-65-0,LDHQCZJRKDOVOX-NSCUHMNNSA-N,86.09
Crotononitrile,C/C=C/C#N,8911,4786-20-3,NKKMVIVFRUYPLQ-NSCUHMNNSA-N,67.09
Cubenene,C12C3C4C1=C5C2C3=C45,6925,29837-12-5,KWFAQPWLROZBAY-UHFFFAOYSA-N,100.12
Cubenol,C[C@@H]1CC[C@H]([C@H]2[C@]1(CCC(=C2)C)O)C(C)C,4917,21284-22-0,COGPRPSWSKLKTF-CBBWQLFWSA-N,222.37
Cumene,CC(C)C1=CC=CC=C1,16007,98-82-8,RWGFKTVRMDUZSP-UHFFFAOYSA-N,120.19
Cumene hydroperoxide,CC(C)(C1=CC=CC=C1)OO,14092,80-15-9,YQHLDYVWEZKEOX-UHFFFAOYSA-N,152.19
Cuminaldehyde,CC(C)C1=CC=C(C=C1)C=O,1783,122-03-2,WTWBUQJHJGUZCY-UHFFFAOYSA-N,148.2
Cyanazine,CCNC1=NC(=NC(=N1)Cl)NC(C)(C)C#N,5004,21725-46-2,MZZBPDKVEFVLFF-UHFFFAOYSA-N,240.69
Cyanoguanidine,C(#N)N=C(N)N,8811,461-58-5,QGBSISYHAICWAH-UHFFFAOYSA-N,84.08
Cyanomethyl dodecyl carbonotrithioate,CCCCCCCCCCCCSC(=S)SCC#N,14075,796045-97-1,URUIKGRSOJEVQG-UHFFFAOYSA-N,317.6
Cyanomethyl methyl(phenyl)carbamodithioate,CN(C1=CC=CC=C1)C(=S)SCC#N,13706,76926-16-4,FYACMHCOSCVNHO-UHFFFAOYSA-N,222.3
Cyanuric acid,C1(=O)NC(=O)NC(=O)N1,883,108-80-5,ZFSLODLOARCGLH-UHFFFAOYSA-N,129.07
Cyanuric chloride,C1(=NC(=NC(=N1)Cl)Cl)Cl,881,108-77-0,MGNCLNQXLYJVJD-UHFFFAOYSA-N,184.41
Cybutryne,CC(C)(C)NC1=NC(=NC(=N1)NC2CC2)SC,6636,28159-98-0,HDHLIWCXDDZUFH-UHFFFAOYSA-N,253.37
"Cyclic 3',5'-thymidine monophosphate",CC1=CN(C(=O)NC1=O)[C@H]2C[C@H]3[C@H](O2)COP(=O)(O3)O,11388,6453-60-7,QSJFDOVQWZVUQG-XLPZGREQSA-N,304.19
"Cyclobutene, 2-propenylidene-",C=C/C=C/1\CC=C1,9314,52097-85-5,USDJJNZZCBONHN-DAXSKMNVSA-N,92.14
Cyclodecane,C1CCCCCCCCC1,6838,293-96-9,LMGZGXSXHCMSAA-UHFFFAOYSA-N,140.27
"Cyclodecane, octyl-",CCCCCCCCC1CCCCCCCCC1,17747,,YHAZOELMXLKCDN-UHFFFAOYSA-N,252.5
Cyclodecanol,C1CCCCC(CCCC1)O,3345,1502-05-2,WFRBMXFCEAHLGH-UHFFFAOYSA-N,156.26
Cyclodecanol,C1CCCCC(CCCC1)O,17449,,WFRBMXFCEAHLGH-UHFFFAOYSA-N,156.26
"Cyclodecene, 1,2-dimethyl-, (E)-",CC1=C(CCCCCCCC1)C,10637,61349-20-0,JZRXFXNEYQUOLU-UHFFFAOYSA-N,166.3
"Cyclodocosane, ethyl-",CCC1CCCCCCCCCCCCCCCCCCCCC1,15593,934589-42-1,KWQCJDUIPGVKAU-UHFFFAOYSA-N,336.6
"Cyclododeca-1,5,9-triene",C1CC=CCCC=CCCC=C1,8964,4904-61-4,ZOLLIQAKMYWTBR-UHFFFAOYSA-N,162.27
Cyclododecane,C1CCCCCCCCCCC1,6858,294-62-2,DDTBPAQBQHZRDW-UHFFFAOYSA-N,168.32
Cyclododecanone,C1CCCCCC(=O)CCCCC1,14383,830-13-7,SXVPOSFURRDKBO-UHFFFAOYSA-N,182.3
Cyclododecene,C1CCCCC/C=C\CCCC1,3343,1501-82-2,HYPABJGVBDSCIT-UPHRSURJSA-N,166.3
Cycloeicosane,C1CCCCCCCCCCCCCCCCCCC1,6887,296-56-0,ZBLGFUHEYYJSSE-UHFFFAOYSA-N,280.5
Cyclofenchene,CC1(C2CC3C1C3(C2)C)C,8951,488-97-1,NZXWDTCLMXDSHY-UHFFFAOYSA-N,136.23
Cycloheptane,C1CCCCCC1,6804,291-64-5,DMEGYFMYUHOHGS-UHFFFAOYSA-N,98.19
"Cycloheptane, 1-ethenyl-1-methyl-4-methylene-2-(2-methyl-1-propenyl)-",CC(=CC1CC(=C)CCCC1(C)C=C)C,14354,826337-63-7,UWEJZLPARNBCBM-UHFFFAOYSA-N,204.35
Cycloheptanone,C1CCCC(=O)CC1,9046,502-42-1,CGZZMOTZOONQIA-UHFFFAOYSA-N,112.17
Cycloheptatriene,C1C=CC=CC=C1,9666,544-25-2,CHVJITGCYZJHLR-UHFFFAOYSA-N,92.14
"Cyclohex-2-ene-1,4-diol",C1CC(C=CC1O)O,8794,45620-68-6,FDODVZVWGKVMBO-UHFFFAOYSA-N,114.14
"Cyclohex-4-ene-1,2-dicarboxylic acid",C1C=CCC(C1C(=O)O)C(=O)O,14874,88-98-2,ILUAAIDVFMVTAU-UHFFFAOYSA-N,170.16
Cyclohexadecane,C1CCCCCCCCCCCCCCC1,6874,295-65-8,JJWIOXUMXIOXQN-UHFFFAOYSA-N,224.42
"Cyclohexanamine, 4,4'-methylenebis[N-(1-methylpropyl)-",CCC(C)NC1CCC(CC1)CC2CCC(CC2)NC(C)CC,3453,154279-60-4,PICLBAFTFYTURY-UHFFFAOYSA-N,322.6
"Cyclohexanamine, N-[(triethoxysilyl)methyl]-",CCO[Si](CNC1CCCCC1)(OCC)OCC,6236,26495-91-0,WUFHQGLVNNOXMP-UHFFFAOYSA-N,275.46
"Cyclohexanamine, N-[3-(trimethoxysilyl)propyl]-",CO[Si](CCCNC1CCCCC1)(OC)OC,7091,3068-78-8,KGNDVXPHQJMHLX-UHFFFAOYSA-N,261.43
Cyclohexane,C1CCCCC1,1018,110-82-7,XDTMQSROBMDMFD-UHFFFAOYSA-N,84.16
"Cyclohexane, (2-ethyl-1-methylbutylidene)-",CCC(CC)C(=C1CCCCC1)C,13425,74810-41-6,GQKRSVUSXBAUND-UHFFFAOYSA-N,180.33
"Cyclohexane, 1,1'-(1,2-dimethyl-1,2-ethanediyl)bis-",CC(C1CCCCC1)C(C)C2CCCCC2,13403,74663-71-1,CKYRHDXTXMYCMX-UHFFFAOYSA-N,222.41
"Cyclohexane, 1,1'-(1,5-pentanediyl)bis-",C1CCC(CC1)CCCCCC2CCCCC2,9733,54833-31-7,ALPSDJDPJHLYKS-UHFFFAOYSA-N,236.4
"Cyclohexane, 1-ethenyl-1-methyl-2,4-bis(1-methylethenyl)-, (1R,2R,4S)-rel-",CC(=C)C1CCC(C(C1)C(=C)C)(C)C=C,7565,33880-83-0,OPFTUNCRGUEPRZ-UHFFFAOYSA-N,204.35
"Cyclohexane, 1-ethyl-1,3-dimethyl-, trans-",CC[C@@]1(CCC[C@H](C1)C)C,10914,62238-29-3,YLZKVXHQMPWDBJ-NXEZZACHSA-N,140.27
"Cyclohexane, 1-ethyl-1,4-dimethyl-, cis-",CCC1(CCC(CC1)C)C,10915,62238-32-8,JUJZODUQWZZPDO-UHFFFAOYSA-N,140.27
"Cyclohexane, 2-butyl-1,1,3-trimethyl-",CCCCC1C(CCCC1(C)C)C,9715,54676-39-0,PUUCZCJOATUHNE-UHFFFAOYSA-N,182.35
"Cyclohexane, 2-ethyl-1,3-dimethyl-",CCC1C(CCCC1C)C,12769,7045-67-2,QZUJWESVOYGMQY-UHFFFAOYSA-N,140.27
"Cyclohexane, 2-propyl-1,1,3-trimethyl-",CCCC1C(CCCC1(C)C)C,14307,81983-70-2,AOJINVFBSSUEIK-UHFFFAOYSA-N,168.32
"Cyclohexane, bis(isocyanatomethyl)-",C1CCC(CC1)(CN=C=O)CN=C=O,8450,42170-25-2,QXRRAZIZHCWBQY-UHFFFAOYSA-N,194.23
Cyclohexanecarboxylic acid,C1CCC(CC1)C(=O)O,16012,98-89-5,NZNMSOFKMUBTKW-UHFFFAOYSA-N,128.17
Cyclohexanemethanol,C1CCC(CC1)CO,17,100-49-2,VSSAZBXXNIABDN-UHFFFAOYSA-N,114.19
"Cyclohexanemethanol, 4-((ethenyloxy)methyl)-",C=COCC1CCC(CC1)CO,1348,114651-37-5,INRGAWUQFOBNKL-UHFFFAOYSA-N,170.25
"Cyclohexanemethanol, alpha,3,3-trimethyl-, formate",CC(C1CCCC(C1)(C)C)OC=O,5811,25225-08-5,NFASPEPDTMCBEN-UHFFFAOYSA-N,184.27
Cyclohexanol,C1CCC(CC1)O,891,108-93-0,HPXRVTGHNJAIIH-UHFFFAOYSA-N,100.16
"Cyclohexanol, 1-methyl-4-(1-methylethyl)-",CC(C)C1CCC(CC1)(C)O,4889,21129-27-1,CMLYGGFIXXLYQT-UHFFFAOYSA-N,156.26
"Cyclohexanol, 3-(aminomethyl)-3,5,5-trimethyl-",CC1(CC(CC(C1)(C)CN)O)C,3537,15647-11-7,YFEAYNIMJBHJCM-UHFFFAOYSA-N,171.28
Cyclohexanone,C1CCC(=O)CC1,892,108-94-1,JHIVVAPYMSGYDF-UHFFFAOYSA-N,98.14
Cyclohexanone oxime,C1CCC(=NO)CC1,22,100-64-1,VEZUQRBDRNJBJY-UHFFFAOYSA-N,113.16
Cyclohexene,C1CCC=CC1,1019,110-83-8,HGCIXCUEYOPUTN-UHFFFAOYSA-N,82.14
"Cyclohexene, 1-butyl-",CCCCC1=CCCCC1,7421,3282-53-9,INNYVOGDZSDNIP-UHFFFAOYSA-N,138.25
"Cyclohexene, 1-chloro-4-(1-chloroethenyl)-",C=C(C1CCC(=CC1)Cl)Cl,2694,13547-06-3,RRBHRPHCJASXKZ-UHFFFAOYSA-N,177.07
"Cyclohexene, 1-hexyl-",CCCCCCC1=CCCCC1,8207,3964-66-7,NEFDOOJYBCQHHV-UHFFFAOYSA-N,166.3
"Cyclohexene, 1-methyl-4-(1-methylethyl)-",CC1=CCC(CC1)C(C)C,15045,9003-73-0,FAMJUFMHYAFYNU-UHFFFAOYSA-N,138.25
"Cyclohexene, 1-octyl-",CCCCCCCCC1=CCCCC1,3410,15232-87-8,AHNZGLABLPCXKB-UHFFFAOYSA-N,194.36
"Cyclohexene, 4-(4-ethylcyclohexyl)-1-pentyl-",CCCCCC1=CCC(CC1)C2CCC(CC2)CC,6986,301643-32-3,AWAVRLOLQQEYTI-UHFFFAOYSA-N,262.5
"Cyclohexene, 4-methyl-3-(1-methylethylidene)-",CC1CCC=CC1=C(C)C,16100,99805-90-0,OLYLHMZPKOUYEM-UHFFFAOYSA-N,136.23
Cyclohexyl 2-chloroacetate,C1CCC(CC1)OC(=O)CCl,12669,6975-91-3,IBFHBLOKQVCABG-UHFFFAOYSA-N,176.64
Cyclohexyl acetate,CC(=O)OC1CCCCC1,10898,622-45-7,YYLLIJHXUHJATK-UHFFFAOYSA-N,142.2
Cyclohexyl acrylate,C=CC(=O)OC1CCCCC1,7083,3066-71-5,KBLWLMPSVYBVDK-UHFFFAOYSA-N,154.21
Cyclohexyl formate,C1CCC(CC1)OC=O,8563,4351-54-6,VUXKVKAHWOVIDN-UHFFFAOYSA-N,128.17
Cyclohexyl isocyanate,C1CCC(CC1)N=C=O,7267,3173-53-3,KQWGXHWJMSMDJJ-UHFFFAOYSA-N,125.17
Cyclohexyl isooctyl phthalate,CC(C)CCCCCOC(=O)C1=CC=CC=C1C(=O)OC2CCCCC2,12919,71486-48-1,PQDNDGYLGVVELW-UHFFFAOYSA-N,360.5
Cyclohexyl isothiocyanate,C1CCC(CC1)N=C=S,1284,1122-82-3,MZSJGCPBOVTKHR-UHFFFAOYSA-N,141.24
Cyclohexyl methacrylate,CC(=C)C(=O)OC1CCCCC1,159,101-43-9,OIWOHHBRDFKZNC-UHFFFAOYSA-N,168.23
Cyclohexyl methyl ketone,CC(=O)C1CCCCC1,14333,823-76-7,RIFKADJTWUGDOV-UHFFFAOYSA-N,126.2
Cyclohexyl palmitate,CCCCCCCCCCCCCCCC(=O)OC1CCCCC1,3908,1673-08-1,BMZOQYYROAVSAP-UHFFFAOYSA-N,338.6
Cyclohexyl phenyl ketone,C1CCC(CC1)C(=O)C2=CC=CC=C2,12896,712-50-5,BMFYCFSWWDXEPB-UHFFFAOYSA-N,188.26
Cyclohexylamine,C1CCC(CC1)N,890,108-91-8,PAFZNILMFXTMIY-UHFFFAOYSA-N,99.17
Cyclohexylbenzene,C1CCC(CC1)C2=CC=CC=C2,14360,827-52-1,IGARGHRYKHJQSM-UHFFFAOYSA-N,160.25
Cyclohexyldimethoxymethylsilane,CO[Si](C)(C1CCCCC1)OC,4200,17865-32-6,SJJCABYOVIHNPZ-UHFFFAOYSA-N,188.34
Cyclohexylurea,C1CCC(CC1)NC(=O)N,12679,698-90-8,WUESWDIHTKHGQA-UHFFFAOYSA-N,142.2
"Cycloisolongifolene, 9,10-dehydro-",CC1(C=CCC23C14C2CC(C4)C3(C)C)C,13428,74842-33-4,PKQMQRFLOSHPTI-UHFFFAOYSA-N,202.33
Cyclomethicone 5,C[Si]1(O[Si](O[Si](O[Si](O[Si](O1)(C)C)(C)C)(C)C)(C)C)C,9614,541-02-6,XMSXQFUHVRWGNA-UHFFFAOYSA-N,370.77
Cyclooctanamine,C1CCCC(CCC1)N,9692,5452-37-9,HSOHBWMXECKEKV-UHFFFAOYSA-N,127.23
Cyclooctane,C1CCCCCCC1,6818,292-64-8,WJTCGQSWYFHTAC-UHFFFAOYSA-N,112.21
"Cyclooctane, 1,4-dimethyl-, cis-",C[C@@H]1CCCC[C@@H](CC1)C,2345,13151-99-0,GUOSBMCHCJXBMH-AOOOYVTPSA-N,140.27
"Cyclooctane, 1,4-dimethyl-, trans-",C[C@@H]1CCCC[C@H](CC1)C,2344,13151-98-9,GUOSBMCHCJXBMH-NXEZZACHSA-N,140.27
Cyclooctanol,C1CCCC(CCC1)O,12661,696-71-9,FHADSMKORVFYOS-UHFFFAOYSA-N,128.21
Cyclooctatetraene,C\1=C\C=C/C=C\C=C1,11025,629-20-9,KDUIUFJBNGTBMD-DLMDZQPMSA-N,104.15
Cyclooctene,C1CCC/C=C\CC1,15577,931-88-4,URYYVOIYTNXXBN-UPHRSURJSA-N,110.2
"Cyclopenta[2,1-b:3,4-b']dithiophen-4-one",C1=CSC2=C1C(=O)C3=C2SC=C3,6008,25796-77-4,HFIUHKXJUKKOIZ-UHFFFAOYSA-N,192.3
Cyclopenta[c]thiopyran,C1=CC2=CSC=CC2=C1,6402,270-63-3,WITCGPMUKHXQGW-UHFFFAOYSA-N,134.2
Cyclopentadecane,C1CCCCCCCCCCCCCC1,6873,295-48-7,SRONXYPFSAKOGH-UHFFFAOYSA-N,210.4
Cyclopentadiene,C1C=CC=C1,9642,542-92-7,ZSWFCLXCOIISFI-UHFFFAOYSA-N,66.1
Cyclopentane,C1CCCC1,6733,287-92-3,RGSFGYAAUTVSQA-UHFFFAOYSA-N,70.13
"Cyclopentane, (3-methylbutyl)-",CC(C)CCC1CCCC1,121,1005-68-1,SAVJAOISDXUPNK-UHFFFAOYSA-N,140.27
"Cyclopentane, 1,1,3-trimethyl-3-(2-methyl-2-propenyl)-",CC(=C)CC1(CCC(C1)(C)C)C,13342,74421-09-3,DXIUTXDTDSKHFH-UHFFFAOYSA-N,166.3
"Cyclopentane, 3-hexyl-1,1-dimethyl-",CCCCCCC1CCC(C1)(C)C,10596,61142-65-2,SACQRZQXAFXBGK-UHFFFAOYSA-N,182.35
Cyclopentanecarbaldehyde,C1CCC(C1)C=O,14819,872-53-7,VELDYOPRLMJFIK-UHFFFAOYSA-N,98.14
"Cyclopentanecarboxaldehyde, 2-methyl-3-methylene-",CC1C(CCC1=C)C=O,14355,826337-64-8,PVKIIZQXWDDNDN-UHFFFAOYSA-N,124.18
Cyclopentanone,C1CCC(=O)C1,1588,120-92-3,BGTOWKSIORTVQH-UHFFFAOYSA-N,84.12
"Cyclopentanone, 2-(1-methylpropyl)-",CCC(C)C1CCCC1=O,11214,6376-92-7,WVPBKXPDHMXIKD-UHFFFAOYSA-N,140.22
Cyclopentene,C1CC=CC1,3020,142-29-0,LPIQUOYDBNQMRZ-UHFFFAOYSA-N,68.12
"Cyclopentene, 5-hexyl-3,3-dimethyl-",CCCCCCC1CC(C=C1)(C)C,10597,61142-66-3,SWOOZOAQRTZTAL-UHFFFAOYSA-N,180.33
Cyclopentyl-1-thiaethane,CSC1CCCC1,12912,7133-36-0,OTQVGYMGQKHLMY-UHFFFAOYSA-N,116.23
"Cyclopropa[1,2:1,3]dicyclopenten-3(3aH)-one, 1,2,3b,6-tetrahydro-3a,6,6-trimethyl-",CC1(C=CC2C13C2(C(=O)CC3)C)C,15405,91531-53-2,OVJCTRIYNKNFPK-UHFFFAOYSA-N,176.25
"Cyclopropane, 1-heptyl-2-methyl-",CCCCCCCC1CC1C,13405,74663-91-5,DLKHSHJVEPOXDT-UHFFFAOYSA-N,154.29
"Cyclopropane, 1-methyl-2-octyl-",CCCCCCCCC1CC1C,8006,37617-26-8,BMCICASJEGCJIS-UHFFFAOYSA-N,168.32
"Cyclopropane, 2-chloro-1-ethyl-1-methyl-",CCC1(CC1Cl)C,7612,343926-09-0,KQUOTZVUIAGCSG-UHFFFAOYSA-N,118.6
"Cyclopropane, octyl-",CCCCCCCCC1CC1,3220,1472-09-9,VFWTZFZJUAJMJB-UHFFFAOYSA-N,154.29
"Cyclopropane, trimethyl(2-methyl-1-propenylidene)-",CC1C(=C=C(C)C)C1(C)C,3268,14803-30-6,CRZLECOBVHRLLB-UHFFFAOYSA-N,136.23
"Cyclopropanebutanoic acid, 2-[[2-[[2-[(2-pentylcyclopropyl)methyl]cyclopropyl]methyl]cyclopropyl]methyl]-, methyl ester",CCCCCC1CC1CC2CC2CC3CC3CC4CC4CCCC(=O)OC,16281,56051-53-7,FAQZFJDTUMBJQS-UHFFFAOYSA-N,374.6
"Cyclopropanecarboxaldehyde, 2-methyl-2-(4-methyl-3-penten-1-yl)-, (1R,2R)-rel-",CC(=CCC[C@@]1(C[C@H]1C=O)C)C,15946,97231-35-1,HVRSGXFUZOKZNT-WDEREUQCSA-N,166.26
"Cyclopropanecarboxylic acid, 2-ethylhexyl ester",CCCCC(CC)COC(=O)C1CC1,448,103604-31-5,SLRKITAXTDNPSB-UHFFFAOYSA-N,198.3
"Cyclopropanepentanoic acid, 2-undecyl-, methyl ester, trans-",CCCCCCCCCCC[C@H]1C[C@@H]1CCCCC(=O)OC,8453,42199-20-2,RBKVUWMZDIQOTG-OALUTQOASA-N,310.5
Cyclopropylbenzene,C1CC1C2=CC=CC=C2,14820,873-49-4,VFSFCYAQBIPUSL-UHFFFAOYSA-N,118.18
Cyclotene,CC1=C(C(=O)CC1)O,14107,80-71-7,CFAKWWQIUFSQFU-UHFFFAOYSA-N,112.13
Cyclotetracosane,C1CCCCCCCCCCCCCCCCCCCCCCC1,6898,297-03-0,OOTMSKDHDITFHF-UHFFFAOYSA-N,336.6
Cyclotetradecane,C1CCCCCCCCCCCCC1,6872,295-17-0,KATXJJSCAPBIOB-UHFFFAOYSA-N,196.37
Cyclotridecane,C1CCCCCCCCCCCC1,6871,295-02-3,UEVXKGPJXXDGCX-UHFFFAOYSA-N,182.35
"Cyclotrisiloxane, 2,4,6-trimethyl-2,4,6-tris(3,3,3-trifluoropropyl)-",C[Si]1(O[Si](O[Si](O1)(C)CCC(F)(F)F)(C)CCC(F)(F)F)CCC(F)(F)F,5301,2374-14-3,URZHQOCYXDNFGN-UHFFFAOYSA-N,468.53
Cycluron,CN(C)C(=O)NC1CCCCCCC1,4983,2163-69-1,DQZCVNGCTZLGAQ-UHFFFAOYSA-N,198.31
Cyfluthrin,CC1(C(C1C(=O)OC(C#N)C2=CC(=C(C=C2)F)OC3=CC=CC=C3)C=C(Cl)Cl)C,12110,68359-37-5,QQODLKZGRKWIFG-UHFFFAOYSA-N,434.3
Cypermethrin,CC1(C(C1C(=O)OC(C#N)C2=CC(=CC=C2)OC3=CC=CC=C3)C=C(Cl)Cl)C,9348,52315-07-8,KAATUXNTWXVJKI-UHFFFAOYSA-N,416.3
Cypermethrin,CC1(C(C1C(=O)OC(C#N)C2=CC(=CC=C2)OC3=CC=CC=C3)C=C(Cl)Cl)C,11753,67375-30-8,KAATUXNTWXVJKI-UHFFFAOYSA-N,416.3
Cyperotundone,C[C@@H]1CC[C@@H]2CC3=C(C(=O)C[C@]13C2(C)C)C,7644,3466-15-7,GIGKXOAUYMWORB-OSQNNJELSA-N,218.33
Cyproconazole,CC(C1CC1)C(CN2C=NC=N2)(C3=CC=C(C=C3)Cl)O,15713,94361-06-5,UFNOUKDBUJZYDE-UHFFFAOYSA-N,291.77
D&C Red No. 30,CC1=CC(=CC2=C1C(=O)/C(=C\3/C(=O)C4=C(S3)C=C(C=C4C)Cl)/S2)Cl,5317,2379-74-0,NDDLLTAIKYHPOD-ISLYRVAYSA-N,393.3
d-Camphorsulfonic acid,CC1([C@@H]2CC[C@]1(C(=O)C2)CS(=O)(=O)O)C,7222,3144-16-9,MIOPJNTWMNEORI-GMSGAONNSA-N,232.3
D-Glucitol monostearate,CCCCCCCCCCCCCCCCCC(=O)OC[C@@H]([C@H]([C@@H]([C@@H](CO)O)O)O)O,6362,26836-47-5,KEFRSFBGIAUBNZ-CBJLPSGESA-N,448.6
D-Mannose,C([C@@H]1[C@H]([C@@H]([C@@H](C(O1)O)O)O)O)O,7637,3458-28-4,WQZGKKKJIJFFOK-QTVWNMPRSA-N,180.16
Damascenone,C/C=C/C(=O)C1=C(C=CCC1(C)C)C,5286,23696-85-7,POIARNZEYGURDG-FNORWQNLSA-N,190.28
Daminozide,CN(C)NC(=O)CCC(=O)O,3648,1596-84-5,NOQGZXFMHARMLW-UHFFFAOYSA-N,160.17
Dansyl chloride,CN(C)C1=CC=CC2=C1C=CC=C2S(=O)(=O)Cl,10523,605-65-2,XPDXVDYUQZHFPV-UHFFFAOYSA-N,269.75
Dapsone,C1=CC(=CC=C1N)S(=O)(=O)C2=CC=C(C=C2)N,14089,80-08-0,MQJKPEGWNLWLTK-UHFFFAOYSA-N,248.3
Dazomet,CN1CN(C(=S)SC1)C,9501,533-74-4,QAYICIQNSGETAS-UHFFFAOYSA-N,162.3
Deanol,CN(C)CCO,843,108-01-0,UEEJHVSXFDXPFK-UHFFFAOYSA-N,89.14
"Decafluoro-1,2-epoxycyclohexane",C12(C(O1)(C(C(C(C2(F)F)(F)F)(F)F)(F)F)F)F,10368,5927-67-3,ZWSICHXNVFXDHH-UHFFFAOYSA-N,278.05
Decahydronaphthalene,C1CCC2CCCCC2C1,8973,493-02-7,NNBZCPXTIHJBJL-UHFFFAOYSA-N,138.25
Decahydronaphthalene,C1CCC2CCCCC2C1,15338,91-17-8,NNBZCPXTIHJBJL-UHFFFAOYSA-N,138.25
Decamethyltetrasiloxane,C[Si](C)(C)O[Si](C)(C)O[Si](C)(C)O[Si](C)(C)C,2983,141-62-8,YFCGDEUVHLPRCZ-UHFFFAOYSA-N,310.68
Decanal,CCCCCCCCCC=O,1221,112-31-2,KSMVZQYAVGTKIV-UHFFFAOYSA-N,156.26
"Decanamide, N,N'-1,2-ethanediylbis-",CCCCCCCCCC(=O)NCCNC(=O)CCCCCCCCC,9167,51139-08-3,KYMPOPAPQCIHEG-UHFFFAOYSA-N,368.6
Decane,CCCCCCCCCC,1978,124-18-5,DIOQZVSQGTUSAI-UHFFFAOYSA-N,142.28
"Decane, 1-(ethenyloxy)-",CCCCCCCCCCOC=C,13657,765-05-9,NSOAQRMLVFRWIT-UHFFFAOYSA-N,184.32
"Decane, 3,4-dimethyl-",CCCCCCC(C)C(C)CC,4061,17312-45-7,NRBMEEDORZDRIT-UHFFFAOYSA-N,170.33
"Decane-2,9-dione",CC(=O)CCCCCCC(=O)C,3866,16538-91-3,YUMJAVUEKNJIQY-UHFFFAOYSA-N,170.25
"Decanoic acid, 1-(hydroxymethyl)-2-((1-oxooctyl)oxy)ethyl ester",CCCCCCCCCC(=O)OC(CO)COC(=O)CCCCCCC,4179,177717-46-3,YOYOQXRPUDEPAK-UHFFFAOYSA-N,372.5
"Decanoic acid, 2-[2-[2-[(1-oxooctyl)oxy]ethoxy]ethoxy]ethyl ester",CCCCCCCCCC(=O)OCCOCCOCCOC(=O)CCCCCCC,13177,7346-78-3,RCGZRZBMXNWTFH-UHFFFAOYSA-N,430.6
"Decanoic acid, 3,3,4,4,5,5,6,6,7,7,8,8,9,9,10,10,10-heptadecafluoro-",C(C(=O)O)C(C(C(C(C(C(C(C(F)(F)F)(F)F)(F)F)(F)F)(F)F)(F)F)(F)F)(F)F,6583,27854-31-5,XTBXSCIWOVSSGB-UHFFFAOYSA-N,478.1
Decanoyl peroxide,CCCCCCCCCC(=O)OOC(=O)CCCCCCCCC,13612,762-12-9,XJOBOFWTZOKMOH-UHFFFAOYSA-N,342.5
Decyl 2-chloropropanoate,CCCCCCCCCCOC(=O)C(C)Cl,14764,86711-78-6,ZULQXFOAUSXCIJ-UHFFFAOYSA-N,248.79
Decyl acetate,CCCCCCCCCCOC(=O)C,1213,112-17-4,NUPSHWCALHZGOV-UHFFFAOYSA-N,200.32
Decyl acrylate,CCCCCCCCCCOC(=O)C=C,4961,2156-96-9,FWLDHHJLVGRRHD-UHFFFAOYSA-N,212.33
Decyl decanoate,CCCCCCCCCCOC(=O)CCCCCCCCC,3868,1654-86-0,XAKXZZPEUKNHMA-UHFFFAOYSA-N,312.5
Decyl diphenyl phosphite,CCCCCCCCCCOP(OC1=CC=CC=C1)OC2=CC=CC=C2,7423,3287-06-7,GLOQRSIADGSLRX-UHFFFAOYSA-N,374.5
Decyl ether,CCCCCCCCCCOCCCCCCCCCC,5466,2456-28-2,LTSWUFKUZPPYEG-UHFFFAOYSA-N,298.5
Decyl hexyl phthalate,CCCCCCCCCCOC(=O)C1=CC=CC=C1C(=O)OCCCCCC,5974,25724-58-7,OMQBXAQAHHFSST-UHFFFAOYSA-N,390.6
Decyl methacrylate,CCCCCCCCCCOC(=O)C(=C)C,7281,3179-47-3,GTBGXKPAKVYEKJ-UHFFFAOYSA-N,226.35
Decyl nonyl phthalate,CCCCCCCCCCOC(=O)C1=CC=CC=C1C(=O)OCCCCCCCCC,15900,96507-76-5,NSZKIDSVINDASL-UHFFFAOYSA-N,432.6
Decyl nonyl phthalate,CCCCCCCCCCOC(=O)C1=CC=CC=C1C(=O)OCCCCCCCCC,17745,,NSZKIDSVINDASL-UHFFFAOYSA-N,432.6
Decyl octyl adipate,CCCCCCCCCCOC(=O)CCCCC(=O)OCCCCCCCC,992,110-29-2,NWSGBTCJMJADLE-UHFFFAOYSA-N,398.6
Decyl oleate,CCCCCCCCCCOC(=O)CCCCCCC/C=C\CCCCCCCC,7898,3687-46-5,SASYSVUEVMOWPL-NXVVXOECSA-N,422.7
Decyltrimethoxysilane,CCCCCCCCCC[Si](OC)(OC)OC,9874,5575-48-4,KQAHMVLQCSALSX-UHFFFAOYSA-N,262.46
Deethylatrazine,CC(C)NC1=NC(=NC(=N1)N)Cl,10825,6190-65-4,DFWFIQKMSFGDCQ-UHFFFAOYSA-N,187.63
Dehydroabietal,CC(C)C1=CC2=C(C=C1)[C@]3(CCC[C@@]([C@@H]3CC2)(C)C=O)C,2729,13601-88-2,YCLCHPWRGSDZKL-SLFFLAALSA-N,284.4
Dehydroabietene,CC(=C)C1=CC2=CCC3C(CCCC3(C2CC1)C)(C)C,17191,,CPKKFWRTJRSFHM-UHFFFAOYSA-N,270.5
Dehydroabietic acid,CC(C)C1=CC2=C(C=C1)[C@]3(CCC[C@@]([C@@H]3CC2)(C)C(=O)O)C,4094,1740-19-8,NFWKVWVWBFBAOV-MISYRCLQSA-N,300.4
Dehydroacetic acid,CC1=CC(=O)C(C(=O)O1)C(=O)C,9302,520-45-6,PGRHXDWITVMQBC-UHFFFAOYSA-N,168.15
Dehydrojuvabione,C[C@H](CC(=O)C=C(C)C)[C@@H]1CCC(=CC1)C(=O)OC,3676,16060-78-9,DEMNMQDWPCIOLA-OLZOCXBDSA-N,264.36
Deisopropylatrazine,CCNC1=NC(=NC(=N1)N)Cl,131,1007-28-9,IVENSCMCQBJAKW-UHFFFAOYSA-N,173.6
delta-Damascone,C/C=C/C(=O)C1C(C=CCC1(C)C)C,10102,57378-68-4,XEJGJTYRUWUFFD-FNORWQNLSA-N,192.3
delta-Decalactone,CCCCCC1CCCC(=O)O1,12776,705-86-2,GHBSPIPJMLAMEP-UHFFFAOYSA-N,170.25
delta-Dodecalactone,CCCCCCCC1CCCC(=O)O1,12905,713-95-1,QRPLZGZHJABGRS-UHFFFAOYSA-N,198.3
delta-Elemene,CC(C)C1=CC(C(CC1)(C)C=C)C(=C)C,4720,20307-84-0,MXDMETWAEGIFOE-UHFFFAOYSA-N,204.35
delta-Nonalactone,CCCCC1CCCC(=O)O1,7443,3301-94-8,PXRBWNLUQYZAAX-UHFFFAOYSA-N,156.22
delta-Tetradecalactone,CCCCCCCCCC1CCCC(=O)O1,6455,2721-22-4,SKQYTJLYRIFFCO-UHFFFAOYSA-N,226.35
delta-Tocopherol,CC1=CC(=CC2=C1O[C@](CC2)(C)CCC[C@H](C)CCC[C@H](C)CCCC(C)C)O,1503,119-13-1,GZIFEOYASATJEH-VHFRWLAGSA-N,402.7
delta-Tocotrienol,CC1=CC(=CC2=C1O[C@](CC2)(C)CC/C=C(\C)/CC/C=C(\C)/CCC=C(C)C)O,5928,25612-59-3,ODADKLYLWWCHNB-LDYBVBFYSA-N,396.6
delta-Valerolactone,C1CCOC(=O)C1,9634,542-28-9,OZJPLYNZGCXSJM-UHFFFAOYSA-N,100.12
Deoxycholic Acid,C[C@H](CCC(=O)O)[C@H]1CC[C@@H]2[C@@]1([C@H](C[C@H]3[C@H]2CC[C@H]4[C@@]3(CC[C@H](C4)O)C)O)C,14377,83-44-3,KXGVEGMKQFWNSR-LLQZFEROSA-N,392.6
Desethylterbuthylazine,CC(C)(C)NC1=NC(=NC(=N1)N)Cl,6983,30125-63-4,LMKQNTMFZLAJDV-UHFFFAOYSA-N,201.66
Dexpanthenol,CC(C)(CO)[C@H](C(=O)NCCCO)O,14262,81-13-0,SNPLKNRPJHDVJA-ZETCQYMHSA-N,205.25
di(2-Ethylhexyl) (2Z)-2-methyl-2-butenedioate,CCCCC(CC)COC(=O)/C=C(/C)\C(=O)OCC(CC)CCCC,2693,1354569-12-2,PPAJKSBNLWWSIM-VKAVYKQESA-N,354.5
Di(2-hydroxy-5-tert-butylphenyl) sulfide,CC(C)(C)C1=CC(=C(C=C1)O)SC2=C(C=CC(=C2)C(C)(C)C)O,7404,3273-24-3,KERJVHXRZDUVKQ-UHFFFAOYSA-N,330.5
Di(3-methyl phenyl)sulfone,CC1=CC(=CC=C1)S(=O)(=O)C2=CC=CC(=C2)C,9139,5097-13-2,NZOSGGNRVDMIHW-UHFFFAOYSA-N,246.33
Di(ethylene glycol) 2-ethylhexyl ether acrylate,CCCCC(CC)COCCOCCOC(=O)C=C,1449,117646-83-0,XNMJQRPYVCIXGZ-UHFFFAOYSA-N,272.38
"Di-2-methacryloxyethyl 2,2,4-trimethylhexamethylenedicarbamate",CC(CCNC(=O)OCCOC(=O)C(=C)C)CC(C)(C)CNC(=O)OCCOC(=O)C(=C)C,13100,72869-86-4,UEKHZPDUBLCUHN-UHFFFAOYSA-N,470.6
Di-n-2-propylpentylphthalate,CCCC(CCC)COC(=O)C1=CC=CC=C1C(=O)OCC(CCC)CCC,12839,70910-37-1,KIYUVQCUDDMZRE-UHFFFAOYSA-N,390.6
Di-n-butyl phthalate-d4,[2H]C1=C(C(=C(C(=C1[2H])C(=O)OCCCC)C(=O)OCCCC)[2H])[2H],15649,93952-11-5,DOIRQSBPFJWKBE-ULDPCNCHSA-N,282.37
Di-n-octyl sebacate,CCCCCCCCOC(=O)CCCCCCCCC(=O)OCCCCCCCC,5418,2432-87-3,MIMDHDXOBDPUQW-UHFFFAOYSA-N,426.7
Di-o-tolyl ether,CC1=CC=CC=C1OC2=CC=CC=C2C,6658,28299-41-4,CYXMOAZSOPXQOD-UHFFFAOYSA-N,198.26
Di-p-methylbenzylidenesorbitol,CC1=CC=C(C=C1)C2OC[C@H]3[C@@H](O2)[C@H](OC(O3)C4=CC=C(C=C4)C)[C@@H](CO)O,4628,197809-37-3,LQAFKEDMOAMGAK-RLCYQCIGSA-N,386.4
Di-p-methylbenzylidenesorbitol,CC1=CC=C(C=C1)C2OC[C@H]3[C@@H](O2)[C@H](OC(O3)C4=CC=C(C=C4)C)[C@@H](CO)O,9718,54686-97-4,LQAFKEDMOAMGAK-RLCYQCIGSA-N,386.4
Di-p-methylbenzylidenesorbitol,CC1=CC=C(C=C1)C2OC[C@H]3[C@@H](O2)[C@H](OC(O3)C4=CC=C(C=C4)C)[C@@H](CO)O,14292,81541-12-0,LQAFKEDMOAMGAK-RLCYQCIGSA-N,386.4
Di-p-tolyl sulfone,CC1=CC=C(C=C1)S(=O)(=O)C2=CC=C(C=C2)C,10447,599-66-6,WEAYCYAIVOIUMG-UHFFFAOYSA-N,246.33
Di-p-tolylmethane,CC1=CC=C(C=C1)CC2=CC=C(C=C2)C,8983,4957-14-6,HZAWPPRBCALFRN-UHFFFAOYSA-N,196.29
Di-sec-butyl oxalate,CCC(C)OC(=O)C(=O)OC(C)CC,2807,13784-89-9,MTLJANFMXKYOAV-UHFFFAOYSA-N,202.25
Di-sec-butyl peroxydicarbonate,CCC(C)OC(=O)OOC(=O)OC(C)CC,4652,19910-65-7,NSGQRLUGQNBHLD-UHFFFAOYSA-N,234.25
Di-sec-butyl phthalate,CCC(C)OC(=O)C1=CC=CC=C1C(=O)OC(C)CC,8740,4489-61-6,HAPGVMADJBQOGC-UHFFFAOYSA-N,278.34
Di-tert-amyl dicarbonate,CCC(C)(C)OC(=O)OC(=O)OC(C)(C)CC,12455,68835-89-2,PGWKKYVDHYLHNF-UHFFFAOYSA-N,246.3
Di-tert-amyl peroxide,CCC(C)(C)OOC(C)(C)CC,590,10508-09-5,JJRDRFZYKKFYMO-UHFFFAOYSA-N,174.28
Di-tert-butoxydiacetoxysilane,CC(=O)O[Si](OC(=O)C)(OC(C)(C)C)OC(C)(C)C,2367,13170-23-5,OPARTXXEFXPWJL-UHFFFAOYSA-N,292.4
Di-tert-butyl ether,CC(C)(C)OC(C)(C)C,17442,,AQEFLFZSWDEAIP-UHFFFAOYSA-N,130.23
Di-tert-butyl peroxide,CC(C)(C)OOC(C)(C)C,980,110-05-4,LSXWFXONGKSEMY-UHFFFAOYSA-N,146.23
Di-tert-dodecyl disulfide,CCCCCCCCCC(C)(C)SSC(C)(C)CCCCCCCCC,6509,27458-90-8,LEDIWWJKWAMGLD-UHFFFAOYSA-N,402.8
Diacetone acrylamide,CC(=O)CC(C)(C)NC(=O)C=C,6742,2873-97-4,OMNKZBIFPJNNIO-UHFFFAOYSA-N,169.22
Diacetone Alcohol,CC(=O)CC(C)(C)O,1919,123-42-2,SWXVUIWOUIDPGS-UHFFFAOYSA-N,116.16
Diacetyl peroxide,CC(=O)OOC(=O)C,988,110-22-5,ZQMIGQNCOMNODD-UHFFFAOYSA-N,118.09
"Diallyl 2,2'-oxydiethyl dicarbonate",C=CCOC(=O)OCCOCCOC(=O)OCC=C,3017,142-22-3,JHQVCQDWGSXTFE-UHFFFAOYSA-N,274.27
Diallyl adipate,C=CCOC(=O)CCCCC(=O)OCC=C,6949,2998-04-1,FPODCVUTIPDRTE-UHFFFAOYSA-N,226.27
Diallyl carbonate,C=CCOC(=O)OCC=C,3347,15022-08-9,JKJWYKGYGWOAHT-UHFFFAOYSA-N,142.15
Diallyl fumarate,C=CCOC(=O)/C=C/C(=O)OCC=C,6626,2807-54-7,ZPOLOEWJWXZUSP-AATRIKPKSA-N,196.2
Diallyl hexahydrophthalate,C=CCOC(=O)C1CCCCC1C(=O)OCC=C,2850,13846-31-6,HEBKPAWCVUSXMB-UHFFFAOYSA-N,252.31
Diallyl isophthalate,C=CCOC(=O)C1=CC(=CC=C1)C(=O)OCC=C,913,1087-21-4,OOORLLSLMPBSPT-UHFFFAOYSA-N,246.26
Diallyl maleate,C=CCOC(=O)/C=C\C(=O)OCC=C,16105,999-21-3,ZPOLOEWJWXZUSP-WAYWQWQTSA-N,196.2
Diallyl phthalate,C=CCOC(=O)C1=CC=CC=C1C(=O)OCC=C,2277,131-17-9,QUDWYFHPNIMBFC-UHFFFAOYSA-N,246.26
Diallylamine,C=CCNCC=C,1968,124-02-7,DYUWTXWIYMHBQS-UHFFFAOYSA-N,97.16
Diazepam,CN1C(=O)CN=C(C2=C1C=CC(=C2)Cl)C3=CC=CC=C3,8578,439-14-5,AAOVKJBEBIDNHE-UHFFFAOYSA-N,284.74
Diazinon,CCOP(=S)(OCC)OC1=NC(=NC(=C1)C)C(C)C,7479,333-41-5,FHIVAFMUCKRCQO-UHFFFAOYSA-N,304.35
Diazoaminobenzene,C1=CC=C(C=C1)NN=NC2=CC=CC=C2,2721,136-35-6,ALIFPGGMJDWMJH-UHFFFAOYSA-N,197.24
Diazolidinyl urea,C(NC(=O)N(CO)C1C(=O)N(C(=O)N1CO)CO)O,14013,78491-02-8,SOROIESOUPGGFO-UHFFFAOYSA-N,278.22
"DIBENZ(a,h)ANTHRACENE, 2-METHYL-",CC1=CC2=C(C=C1)C=CC3=CC4=C(C=CC5=CC=CC=C54)C=C32,11076,63041-83-8,OKVUWFFXNPQIPB-UHFFFAOYSA-N,292.4
"DIBENZ(a,h)ANTHRACENE, 2-METHYL-",CC1=CC2=C(C=C1)C=CC3=CC4=C(C=CC5=CC=CC=C54)C=C32,17200,,OKVUWFFXNPQIPB-UHFFFAOYSA-N,292.4
"Dibenz[a,c]anthracene",C1=CC=C2C=C3C4=CC=CC=C4C5=CC=CC=C5C3=CC2=C1,4951,215-58-7,RAASUWZPTOJQAY-UHFFFAOYSA-N,278.3
"Dibenz[a,h]acridine",C1=CC=C2C(=C1)C=CC3=C2C=C4C=CC5=CC=CC=C5C4=N3,5161,226-36-8,JNCSIWAONQTVCF-UHFFFAOYSA-N,279.3
"Dibenz[a,h]anthracene",C1=CC=C2C(=C1)C=CC3=CC4=C(C=CC5=CC=CC=C54)C=C32,9471,53-70-3,LHRCREOYAASXPZ-UHFFFAOYSA-N,278.3
"Dibenz[a,j]acridine",C1=CC=C2C(=C1)C=CC3=NC4=C(C=C32)C5=CC=CC=C5C=C4,5127,224-42-0,ANUCHZVCBDOPOX-UHFFFAOYSA-N,279.3
"Dibenzo(A,H)pyrene",C1=CC=C2C3=C4C(=CC2=C1)C=CC5=C4C(=CC6=CC=CC=C56)C=C3,4444,189-64-0,RXUSYFJGDZFVND-UHFFFAOYSA-N,302.4
"Dibenzo(A,I)pyrene",C1=CC=C2C3=C4C(=CC2=C1)C=CC5=CC6=CC=CC=C6C(=C54)C=C3,4443,189-55-9,TUGYIJVAYAHHHM-UHFFFAOYSA-N,302.4
"Dibenzo[a,c]cyclooctene, 5,6,7,8-tetrahydro-",C1CCC2=CC=CC=C2C3=CC=CC=C3C1,900,1082-12-8,CZYWAPBZHJZHJD-UHFFFAOYSA-N,208.3
"Dibenzo[a,e]fluoranthene",C1=CC=C2C(=C1)C=C3C4=CC=CC=C4C5=C3C2=CC6=CC=CC=C65,9571,5385-75-1,JHOWUOKQHJHGMU-UHFFFAOYSA-N,302.4
"Dibenzo[a,e]pyrene",C1=CC=C2C3=C4C(=CC2=C1)C5=CC=CC=C5C6=CC=CC(=C64)C=C3,4516,192-65-4,KGHMWBNEMFNJFZ-UHFFFAOYSA-N,302.4
"Dibenzo[a,l]pyrene",C1=CC=C2C(=C1)C=C3C=CC4=C5C3=C2C6=CC=CC=C6C5=CC=C4,4503,191-30-0,JNTHRSHGARDABO-UHFFFAOYSA-N,302.4
Dibenzofuran,C1=CC=C2C(=C1)C3=CC=CC=C3O2,2390,132-64-9,TXCDCPKCNAJMEE-UHFFFAOYSA-N,168.19
Dibenzothiophene,C1=CC=C2C(=C1)C3=CC=CC=C3S2,2391,132-65-0,IYYZUPMFVPLQIF-UHFFFAOYSA-N,184.26
Dibenzoylmethane,C1=CC=C(C=C1)C(=O)CC(=O)C2=CC=CC=C2,1570,120-46-7,NZZIMKJIVMHWJC-UHFFFAOYSA-N,224.25
Dibenzyl adipate,C1=CC=C(C=C1)COC(=O)CCCCC(=O)OCC2=CC=CC=C2,5456,2451-84-5,AEUORZZHALJMBM-UHFFFAOYSA-N,326.4
Dibenzyl azelate,C1=CC=C(C=C1)COC(=O)CCCCCCCC(=O)OCC2=CC=CC=C2,4542,1932-84-9,AEPUKSBIJZXFCI-UHFFFAOYSA-N,368.5
Dibenzyl disulfide,C1=CC=C(C=C1)CSSCC2=CC=CC=C2,3335,150-60-7,GVPWHKZIJBODOX-UHFFFAOYSA-N,246.4
Dibenzyl ether,C1=CC=C(C=C1)COCC2=CC=CC=C2,385,103-50-4,MHDVGSVTJDSBDK-UHFFFAOYSA-N,198.26
Dibenzyl phthalate,C1=CC=C(C=C1)COC(=O)C2=CC=CC=C2C(=O)OCC3=CC=CC=C3,9344,523-31-9,UCVPKAZCQPRWAY-UHFFFAOYSA-N,346.4
Dibenzyl sulfone,C1=CC=C(C=C1)CS(=O)(=O)CC2=CC=CC=C2,10858,620-32-6,AWHNUHMUCGRKRA-UHFFFAOYSA-N,246.33
Dibenzylamine,C1=CC=C(C=C1)CNCC2=CC=CC=C2,384,103-49-1,BWLUMTFWVZZZND-UHFFFAOYSA-N,197.27
Dibromodifluoromethane,C(F)(F)(Br)Br,13484,75-61-6,AZSZCFSOHXEJQE-UHFFFAOYSA-N,209.82
Dibromomethane,C(Br)Br,13236,74-95-3,FJBFPHVGVWTDIP-UHFFFAOYSA-N,173.83
Dibutoxy(dimethyl)silane,CCCCO[Si](C)(C)OCCCC,3632,1591-02-2,GQNWJCQWBFHQAO-UHFFFAOYSA-N,204.38
Dibutoxymethane,CCCCOCOCCCC,5955,2568-90-3,QLCJOAMJPCOIDI-UHFFFAOYSA-N,160.25
"Dibutyl 2,2'-thiobisacetate",CCCCOC(=O)CSCC(=O)OCCCC,8336,4121-12-4,RIQXZINBEMXOOE-UHFFFAOYSA-N,262.37
Dibutyl adipate,CCCCOC(=O)CCCCC(=O)OCCCC,586,105-99-7,XTJFFFGAUHQWII-UHFFFAOYSA-N,258.35
Dibutyl azelate,CCCCOC(=O)CCCCCCCC(=O)OCCCC,6815,2917-73-9,RISLXYINQFKFRL-UHFFFAOYSA-N,300.4
Dibutyl D-tartrate,CCCCOC(=O)[C@H]([C@@H](C(=O)OCCCC)O)O,10972,62563-15-9,PCYQQSKDZQTOQG-UWVGGRQHSA-N,262.3
Dibutyl ether,CCCCOCCCC,3037,142-96-1,DURPTKYDGMDSBL-UHFFFAOYSA-N,130.23
Dibutyl fumarate,CCCCOC(=O)/C=C/C(=O)OCCCC,579,105-75-9,JBSLOWBPDRZSMB-BQYQJAHWSA-N,228.28
Dibutyl itaconate,CCCCOC(=O)CC(=C)C(=O)OCCCC,4955,2155-60-4,OGVXYCDTRMDYOG-UHFFFAOYSA-N,242.31
Dibutyl maleate,CCCCOC(=O)/C=C\C(=O)OCCCC,580,105-76-0,JBSLOWBPDRZSMB-FPLPWBNLSA-N,228.28
Dibutyl oxalate,CCCCOC(=O)C(=O)OCCCC,4770,2050-60-4,JKRZOJADNVOXPM-UHFFFAOYSA-N,202.25
Dibutyl phenyl phosphate,CCCCOP(=O)(OCCCC)OC1=CC=CC=C1,5836,2528-36-1,YICSVBJRVMLQNS-UHFFFAOYSA-N,286.3
Dibutyl phosphate,CCCCOP(=O)(O)OCCCC,776,107-66-4,JYFHYPJRHGVZDY-UHFFFAOYSA-N,210.21
Dibutyl Phthalate,CCCCOC(=O)C1=CC=CC=C1C(=O)OCCCC,14463,84-74-2,DOIRQSBPFJWKBE-UHFFFAOYSA-N,278.34
Dibutyl propylphosphonate,CCCCOP(=O)(CCC)OCCCC,8825,4628-12-0,XCUMIEFHVASVMQ-UHFFFAOYSA-N,236.29
Dibutyl sebacate,CCCCOC(=O)CCCCCCCCC(=O)OCCCC,930,109-43-3,PYGXAGIECVVIOZ-UHFFFAOYSA-N,314.5
Dibutyl succinate,CCCCOC(=O)CCC(=O)OCCCC,2963,141-03-7,YUXIBTJKHLUKBD-UHFFFAOYSA-N,230.3
Dibutyl sulfate,CCCCOS(=O)(=O)OCCCC,10963,625-22-9,LMEDOLJKVASKTP-UHFFFAOYSA-N,210.29
Dibutyl terephthalate,CCCCOC(=O)C1=CC=C(C=C1)C(=O)OCCCC,4597,1962-75-0,LQLQDKBJAIILIQ-UHFFFAOYSA-N,278.34
Dibutyl xanthogen disulfide,CCCCOC(=S)SSC(=S)OCCCC,581,105-77-1,QCAZHHXMIVSLMW-UHFFFAOYSA-N,298.5
Dibutylamidodiphosphoric acid,CCCCN(CCCC)P(=O)(O)OP(=O)(O)O,67,10024-88-1,FWLZLRFPZLTBRF-UHFFFAOYSA-N,289.2
Dibutylamine,CCCCNCCCC,1129,111-92-2,JQVDAXLFBXTEQA-UHFFFAOYSA-N,129.24
Dicarbonic acid,C(=O)(O)OC(=O)O,9060,503-81-1,ZFTFAPZRGNKQPU-UHFFFAOYSA-N,106.03
Dichlofluanid,CN(C)S(=O)(=O)N(C1=CC=CC=C1)SC(F)(Cl)Cl,912,1085-98-9,WURGXGVFSMYFCG-UHFFFAOYSA-N,333.2
Dichloro(chloromethyl)methylsilane,C[Si](CCl)(Cl)Cl,3498,1558-33-4,JAYBZWYBCUJLNQ-UHFFFAOYSA-N,163.5
"Dichloro-5,12-dihydroquino(2,3-b)acridine-7,14-dione",C1=CC=C2C(=C1)C(=O)C3=C(N2)C(=C4C(=C3Cl)NC5=CC=CC=C5C4=O)Cl,8115,38720-66-0,UFLLEPHODSEMJD-UHFFFAOYSA-N,381.2
Dichlorodifluoromethane,C(F)(F)(Cl)Cl,13488,75-71-8,PXBRQCKWGAHEHS-UHFFFAOYSA-N,120.91
Dichlorodimethylsilane,C[Si](C)(Cl)Cl,13494,75-78-5,LIKFHECYJZWXFJ-UHFFFAOYSA-N,129.06
Dichlorodiphenylsilane,C1=CC=C(C=C1)[Si](C2=CC=CC=C2)(Cl)Cl,14091,80-10-4,OSXYHAQZDCICNX-UHFFFAOYSA-N,253.19
Dichloroisocyanuric acid,C1(=O)NC(=O)N(C(=O)N1Cl)Cl,6577,2782-57-2,CEJLBZWIKQJOAT-UHFFFAOYSA-N,197.96
Dichloromethylphenylsilane,C[Si](C1=CC=CC=C1)(Cl)Cl,3300,149-74-6,GNEPOXWQWFSSOU-UHFFFAOYSA-N,191.13
Dichloromethyltetradecylsilane,CCCCCCCCCCCCCC[Si](C)(Cl)Cl,10328,59086-80-5,LRYJACVYKNBVNI-UHFFFAOYSA-N,311.4
Dichloromethylvinylsilane,C[Si](C=C)(Cl)Cl,1993,124-70-9,YLJJAVFOBDSYAN-UHFFFAOYSA-N,141.07
Dichloronitromethane,C([N+](=O)[O-])(Cl)Cl,12893,7119-89-3,XUNYLLBGLKGFHO-UHFFFAOYSA-N,129.93
Dichlorophene,C1=CC(=C(C=C1Cl)CC2=C(C=CC(=C2)Cl)O)O,15916,97-23-4,MDNWOSOZYLHTCG-UHFFFAOYSA-N,269.12
Dichlorophenylphosphine,C1=CC=C(C=C1)P(Cl)Cl,11361,644-97-3,IMDXZWRLUZPMDH-UHFFFAOYSA-N,178.98
Dicumyl peroxide,CC(C)(C1=CC=CC=C1)OOC(C)(C)C2=CC=CC=C2,14098,80-43-3,XMNIXWIUMCBBBL-UHFFFAOYSA-N,270.4
Dicyclohexyl 21-crown-7,C1CCC(CC1)C2(COCCOCCOCCOCCOCCOCCO2)C3CCCCC3,4113,17455-21-9,IOWILYDIQORSRC-UHFFFAOYSA-N,472.7
Dicyclohexyl adipate,C1CCC(CC1)OC(=O)CCCCC(=O)OC2CCCCC2,14546,849-99-0,UTGUHFOMNVLJSL-UHFFFAOYSA-N,310.4
Dicyclohexyl ether,C1CCC(CC1)OC2CCCCC2,8837,4645-15-2,OCDXZFSOHJRGIL-UHFFFAOYSA-N,182.3
Dicyclohexyl peroxydicarbonate,C1CCC(CC1)OC(=O)OOC(=O)OC2CCCCC2,3524,1561-49-5,BLCKNMAZFRMCJJ-UHFFFAOYSA-N,286.32
Dicyclohexyl phthalate,C1CCC(CC1)OC(=O)C2=CC=CC=C2C(=O)OC3CCCCC3,14453,84-61-7,VOWAEIGWURALJQ-UHFFFAOYSA-N,330.4
"Dicyclohexyl phthalate-3,4,5,6-d4",[2H]C1=C(C(=C(C(=C1[2H])C(=O)OC2CCCCC2)C(=O)OC3CCCCC3)[2H])[2H],7774,358731-25-6,VOWAEIGWURALJQ-ZZRPVTOQSA-N,334.4
Dicyclohexylamine,C1CCC(CC1)NC2CCCCC2,171,101-83-7,XBPCUCUWBYBCDP-UHFFFAOYSA-N,181.32
Dicyclohexylcarbodiimide,C1CCC(CC1)N=C=NC2CCCCC2,9560,538-75-0,QOSSAOTZNIDXMA-UHFFFAOYSA-N,206.33
Dicyclohexylmethane,C1CCC(CC1)CC2CCCCC2,7276,3178-23-2,XXKOQQBKBHUATC-UHFFFAOYSA-N,180.33
Dicyclopentadiene,C1C=CC2C1C3CC2C=C3,13726,77-73-6,HECLRDQVFMWTQS-UHFFFAOYSA-N,132.2
Dicyclopentadiene diepoxide,C1C2C3CC4C(C3C1C5C2O5)O4,14263,81-21-0,BQQUFAMSJAKLNB-UHFFFAOYSA-N,164.2
Dicyclopentenyl acrylate,C=CC(=O)OC1C[C@H]2C[C@@H]1[C@@H]3[C@H]2C=CC3,15210,903574-98-1,FUAUEJPEWIQMAI-SCWFEDMQSA-N,204.26
Dicyclopentyl methacrylate,C=CC(=O)OCC1CC2CC1C3C2CCC3,2133,127823-21-6,OSJIQLQSJBXTOH-UHFFFAOYSA-N,220.31
Dicyclopentyl sulfide,C1CCC(C1)SC2CCCC2,1297,1126-65-4,MSXKFSFICXVOAJ-UHFFFAOYSA-N,170.32
Dicyclopentyldimethoxysilane,CO[Si](C1CCCC1)(C2CCCC2)OC,2096,126990-35-0,JWCYDYZLEAQGJJ-UHFFFAOYSA-N,228.4
Dicyclopentyloxyethyl acrylate,C=CC(=O)OCCOC1CC2CC1C3C2C=CC3,11606,65983-31-5,RSVDRWTUCMTKBV-UHFFFAOYSA-N,248.32
Didecyl adipate,CCCCCCCCCCOC(=O)CCCCC(=O)OCCCCCCCCCC,585,105-97-5,HCQHIEGYGGJLJU-UHFFFAOYSA-N,426.7
Didecyl hydrogen phosphate,CCCCCCCCCCOP(=O)(O)OCCCCCCCCCC,13940,7795-87-1,QHAUASBJFFBWMY-UHFFFAOYSA-N,378.5
Didecyl phenyl phosphite,CCCCCCCCCCOP(OCCCCCCCCCC)OC1=CC=CC=C1,2033,1254-78-0,NMAKPIATXQEXBT-UHFFFAOYSA-N,438.6
Didecyl phthalate,CCCCCCCCCCOC(=O)C1=CC=CC=C1C(=O)OCCCCCCCCCC,14466,84-77-5,PGIBJVOPLXHHGS-UHFFFAOYSA-N,446.7
Didodecyl fumarate,CCCCCCCCCCCCOC(=O)/C=C/C(=O)OCCCCCCCCCCCC,5359,2402-58-6,HEJZJSIRBLOWPD-WCWDXBQESA-N,452.7
Didodecyl hydrogen phosphate,CCCCCCCCCCCCOP(=O)(O)OCCCCCCCCCCCC,12785,7057-92-3,JTXUVYOABGUBMX-UHFFFAOYSA-N,434.6
Didodecyl hydrogen phosphite,CCCCCCCCCCCCOP(O)OCCCCCCCCCCCC,4924,21302-90-9,SPBMDAHKYSRJFO-UHFFFAOYSA-N,418.6
Dieldrin,C1[C@@H]2[C@H]3[C@@H]([C@H]1[C@H]4[C@@H]2O4)[C@]5(C(=C([C@@]3(C5(Cl)Cl)Cl)Cl)Cl)Cl,10463,60-57-1,DFBKLUNHFCTMDC-PICURKEMSA-N,380.9
Diethanolamine,C(CO)NCCO,1096,111-42-2,ZBCBWPMODOFKDW-UHFFFAOYSA-N,105.14
Diethoxy(methyl)(3-(oxiran-2-ylmethoxy)propyl)silane,CCO[Si](C)(CCCOCC1CO1)OCC,6783,2897-60-1,OTARVPUIYXHRRB-UHFFFAOYSA-N,248.39
Diethoxydimethylsilane,CCO[Si](C)(C)OCC,13966,78-62-6,YYLGKUPAFFKGRQ-UHFFFAOYSA-N,148.28
Diethoxydiphenylsilane,CCO[Si](C1=CC=CC=C1)(C2=CC=CC=C2)OCC,5896,2553-19-7,ZZNQQQWFKKTOSD-UHFFFAOYSA-N,272.41
Diethoxyethyl phthalate,CCOCCOC(=O)C1=CC=CC=C1C(=O)OCCOCC,10522,605-54-9,RMKYMNRQXYPJHL-UHFFFAOYSA-N,310.34
Diethoxymethane,CCOCOCC,8818,462-95-3,KLKFAASOGCDTDT-UHFFFAOYSA-N,104.15
Diethoxymethyl acetate,CCOC(OCC)OC(=O)C,2951,14036-06-7,IRUNKQSGDBYUDC-UHFFFAOYSA-N,162.18
Diethoxymethylvinylsilane,CCO[Si](C)(C=C)OCC,9762,5507-44-8,MBGQQKKTDDNCSG-UHFFFAOYSA-N,160.29
Diethoxy{2-ethoxy-2-[(oxiran-2-yl)methoxy]ethyl}methylsilane,CCOC(C[Si](C)(OCC)OCC)OCC1CO1,2899,139485-54-4,LZFQRUUGQJDNFL-UHFFFAOYSA-N,278.42
"Diethyl 1,4-dihydro-2,6-dimethyl-3,5-pyridinedicarboxylate",CCOC(=O)C1=C(NC(=C(C1)C(=O)OCC)C)C,1352,1149-23-1,LJXTYJXBORAIHX-UHFFFAOYSA-N,253.29
"Diethyl 3,3'-(vinylenedi-4,1-phenylene)bisacrylate",CCOC(=O)C=CC1=CC=C(C=C1)C=CC2=CC=C(C=C2)C=CC(=O)OCC,10536,60683-03-6,KOWIGDVPOVFBLV-UHFFFAOYSA-N,376.4
"Diethyl 3,5-di-tert-butyl-4-hydroxybenzylphosphonate",CCOP(=O)(CC1=CC(=C(C(=C1)C(C)(C)C)O)C(C)(C)C)OCC,15971,976-56-7,GJDRKHHGPHLVNI-UHFFFAOYSA-N,356.4
Diethyl adipate,CCOC(=O)CCCCC(=O)OCC,2976,141-28-6,VIZORQUEIQEFRT-UHFFFAOYSA-N,202.25
Diethyl allylmalonate,CCOC(=O)C(CC=C)C(=O)OCC,4760,2049-80-1,GDWAYKGILJJNBB-UHFFFAOYSA-N,200.23
Diethyl allylphosphonate,CCOP(=O)(CC=C)OCC,732,1067-87-4,YPJHXRAHMUKXAE-UHFFFAOYSA-N,178.17
Diethyl azelate,CCOC(=O)CCCCCCCC(=O)OCC,10947,624-17-9,CQMYCPZZIPXILQ-UHFFFAOYSA-N,244.33
Diethyl bis(2-hydroxyethyl)aminomethylphosphonate,CCOP(=O)(CN(CCO)CCO)OCC,6574,2781-11-5,CCJKFLLIJCGHMO-UHFFFAOYSA-N,255.25
Diethyl but-2-enedioate,CCOC(=O)C=CC(=O)OCC,3397,1520-50-9,IEPRKVQEAMIZSS-UHFFFAOYSA-N,172.18
Diethyl carbonate,CCOC(=O)OCC,571,105-58-8,OIFBSDVPJOWBCH-UHFFFAOYSA-N,118.13
Diethyl disulfide,CCSSCC,1017,110-81-6,CETBSQOFQKLHHZ-UHFFFAOYSA-N,122.3
Diethyl Ether,CCOCC,10459,60-29-7,RTZKZFJDLAIYFH-UHFFFAOYSA-N,74.12
Diethyl ethylphosphonate,CCOP(=O)(CC)OCC,13960,78-38-6,AATNZNJRDOVKDD-UHFFFAOYSA-N,166.16
Diethyl fumarate,CCOC(=O)/C=C/C(=O)OCC,10933,623-91-6,IEPRKVQEAMIZSS-AATRIKPKSA-N,172.18
Diethyl hydrogen phosphate,CCOP(=O)(O)OCC,10428,598-02-7,UCQFCFPECQILOL-UHFFFAOYSA-N,154.1
Diethyl isophthalate,CCOC(=O)C1=CC(=CC=C1)C(=O)OCC,11181,636-53-3,JLVWYWVLMFVCDI-UHFFFAOYSA-N,222.24
Diethyl malate,CCOC(=O)CC(C(=O)OCC)O,13544,7554-12-3,VKNUORWMCINMRB-UHFFFAOYSA-N,190.19
Diethyl maleate,CCOC(=O)/C=C\C(=O)OCC,2965,141-05-9,IEPRKVQEAMIZSS-WAYWQWQTSA-N,172.18
Diethyl malonate,CCOC(=O)CC(=O)OCC,567,105-53-3,IYXGSMUGOJNHAZ-UHFFFAOYSA-N,160.17
Diethyl oxalate,CCOC(=O)C(=O)OCC,15775,95-92-1,WYACBZDAHNBPPB-UHFFFAOYSA-N,146.14
Diethyl perfluoroadipate,CCOC(=O)C(C(C(C(C(=O)OCC)(F)F)(F)F)(F)F)(F)F,7999,376-50-1,UBMQHNSEGKYMTP-UHFFFAOYSA-N,346.17
Diethyl peroxide,CCOOCC,11005,628-37-5,RHMZKSWPMYAOAZ-UHFFFAOYSA-N,90.12
Diethyl peroxydicarbonate,CCOC(=O)OOC(=O)OCC,3196,14666-78-5,CWINGZLCRSDKCL-UHFFFAOYSA-N,178.14
Diethyl Phthalate,CCOC(=O)C1=CC=CC=C1C(=O)OCC,14458,84-66-2,FLKPEMZONWLCSK-UHFFFAOYSA-N,222.24
Diethyl sebacate,CCOC(=O)CCCCCCCCC(=O)OCC,1000,110-40-7,ONKUXPIBXRRIDU-UHFFFAOYSA-N,258.35
Diethyl suberate,CCOC(=O)CCCCCCC(=O)OCC,4767,2050-23-9,PEUGOJXLBSIJQS-UHFFFAOYSA-N,230.3
Diethyl succinate,CCOC(=O)CCC(=O)OCC,1908,123-25-1,DKMROQRQHGEIOW-UHFFFAOYSA-N,174.19
Diethyl sulfate,CCOS(=O)(=O)OCC,11248,64-67-5,DENRZWYUOJLTMF-UHFFFAOYSA-N,154.19
Diethyl terephthalate,CCOC(=O)C1=CC=C(C=C1)C(=O)OCC,11178,636-09-9,ONIHPYYWNBVMID-UHFFFAOYSA-N,222.24
Diethylamine,CCNCC,953,109-89-7,HPNMFZURTQLUMO-UHFFFAOYSA-N,73.14
Diethylene glycol,C(COCCO)O,1100,111-46-6,MTHSVFCYNBDYFN-UHFFFAOYSA-N,106.12
Diethylene glycol diacetate,CC(=O)OCCOCCOC(=O)C,11009,628-68-2,UBPGILLNMDGSDS-UHFFFAOYSA-N,190.19
Diethylene glycol diacrylate,C=CC(=O)OCCOCCOC(=O)C=C,8297,4074-88-8,LEJBBGNFPAFPKQ-UHFFFAOYSA-N,214.21
Diethylene glycol dibenzoate,C1=CC=C(C=C1)C(=O)OCCOCCOC(=O)C2=CC=CC=C2,1575,120-55-8,NXQMCAOPTPLPRL-UHFFFAOYSA-N,314.3
Diethylene glycol dibutyl ether,CCCCOCCOCCOCCCC,1250,112-73-2,KZVBBTZJMSWGTK-UHFFFAOYSA-N,218.33
Diethylene glycol diglycidyl ether,C1C(O1)COCCOCCOCC2CO2,8444,4206-61-5,SEFYJVFBMNOLBK-UHFFFAOYSA-N,218.25
Diethylene glycol diisononanoate,CC(C)CCCCCC(=O)OCCOCCOC(=O)CCCCCC(C)C,4489,190282-37-2,FWIUBOWVXREPPL-UHFFFAOYSA-N,386.6
Diethylene glycol dimethacrylate,CC(=C)C(=O)OCCOCCOC(=O)C(=C)C,5275,2358-84-1,XFCMNSHQOZQILR-UHFFFAOYSA-N,242.27
Diethylene glycol dipelargonate,CCCCCCCCC(=O)OCCOCCOC(=O)CCCCCCCC,17814,,RTGQGAXEHFZMBG-UHFFFAOYSA-N,386.6
Diethylene glycol dipropionate,CCC(=O)OCCOCCOC(=O)CC,12649,6942-59-2,YMMVCTFOVNOGFQ-UHFFFAOYSA-N,218.25
Diethylene glycol divinyl ether,C=COCCOCCOC=C,13643,764-99-8,SAMJGBVVQUEMGC-UHFFFAOYSA-N,158.19
Diethylene glycol monododecyl ether,CCCCCCCCCCCCOCCOCCO,7057,3055-93-4,AZLWQVJVINEILY-UHFFFAOYSA-N,274.44
Diethylene Glycol Monoethyl Ether,CCOCCOCCO,1127,111-90-0,XXJWXESWEXIICW-UHFFFAOYSA-N,134.17
Diethylene glycol monolaurate,CCCCCCCCCCCC(=O)OCCOCCO,2971,141-20-8,WGIMXKDCVCTHGW-UHFFFAOYSA-N,288.42
Diethylene glycol monooleate,CCCCCCCC/C=C\CCCCCCCC(=O)OCCOCCO,635,106-12-7,PHDVPEOLXYBNJY-KTKRTIGZSA-N,370.6
Diethylene glycol monostearate,CCCCCCCCCCCCCCCCCC(=O)OCCOCCO,634,106-11-6,PWVUXRBUUYZMKM-UHFFFAOYSA-N,372.6
Diethylene glycol monovinyl ether,C=COCCOCCO,15532,929-37-3,WULAHPYSGCVQHM-UHFFFAOYSA-N,132.16
Diethyleneglycol diformate,C(COC=O)OCCOC=O,1687,120570-77-6,JGJDTAFZUXGTQS-UHFFFAOYSA-N,162.14
Diethylenetriamine,C(CNCCN)N,1094,111-40-0,RPNUMPOLZDHAAY-UHFFFAOYSA-N,103.17
Diethylmethoxyborane,B(CC)(CC)OC,13221,7397-46-8,FESAXEDIWWXCNG-UHFFFAOYSA-N,99.97
Diethylmethylbenzenediamine,CCC1=C(C(=C(C=C1C)N)CC)N,16143,68479-98-1,OHJDDRJXKMWSFJ-UHFFFAOYSA-N,178.27
Diethyltoluamide,CCN(CC)C(=O)C1=CC=CC(=C1)C,2563,134-62-3,MMOXZBCLCQITDF-UHFFFAOYSA-N,191.27
Difurfurylideneacetone,C1=COC(=C1)/C=C/C(=O)/C=C/C2=CC=CO2,14905,886-77-1,XOOFLVNFEPIPIW-KQQUZDAGSA-N,214.22
Diglycerol,C(C(COCC(CO)O)O)O,10341,59113-36-9,GPLRAVKSCUXZTP-UHFFFAOYSA-N,166.17
Diglycerol,C(C(COCC(CO)O)O)O,10995,627-82-7,GPLRAVKSCUXZTP-UHFFFAOYSA-N,166.17
"Diglycidyl 1,2-cyclohexanedicarboxylate",C1CCC(C(C1)C(=O)OCC2CO2)C(=O)OCC3CO3,9740,5493-45-8,XFUOBHWPTSIEOV-UHFFFAOYSA-N,284.3
Diglycidyl resorcinol ether,C1C(O1)COC2=CC(=CC=C2)OCC3CO3,175,101-90-6,WPYCRFCQABTEKC-UHFFFAOYSA-N,222.24
Diglycidylaniline,C1C(O1)CN(CC2CO2)C3=CC=CC=C3,4861,2095-06-9,JAYXSROKFZAHRQ-UHFFFAOYSA-N,205.25
Diglycolic acid,C(C(=O)O)OCC(=O)O,1030,110-99-6,QEVGZEDELICMKH-UHFFFAOYSA-N,134.09
Diglyme,COCCOCCOC,1130,111-96-6,SBZXBUIDTXKZTM-UHFFFAOYSA-N,134.17
Diheptyl adipate,CCCCCCCOC(=O)CCCCC(=O)OCCCCCCC,3206,14697-48-4,SITULKFUBJXOJH-UHFFFAOYSA-N,342.5
Diheptyl maleate,CCCCCCCOC(=O)/C=C\C(=O)OCCCCCCC,7309,31983-42-3,KUUZQLFCCOGXKQ-YPKPFQOOSA-N,312.4
Diheptyl phthalate,CCCCCCCOC(=O)C1=CC=CC=C1C(=O)OCCCCCCC,7849,3648-21-3,JQCXWCOOWVGKMT-UHFFFAOYSA-N,362.5
Diheptyl phthalate,CCCCCCCOC(=O)C1=CC=CC=C1C(=O)OCCCCCCC,12265,68515-44-6,JQCXWCOOWVGKMT-UHFFFAOYSA-N,362.5
Dihexyl adipate,CCCCCCOC(=O)CCCCC(=O)OCCCCCC,995,110-33-8,HHECSPXBQJHZAF-UHFFFAOYSA-N,314.5
Dihexyl azelate,CCCCCCOC(=O)CCCCCCCC(=O)OCCCCCC,926,109-31-9,MJOKHGMXPJXFTG-UHFFFAOYSA-N,356.5
Dihexyl ether,CCCCCCOCCCCCC,1241,112-58-3,BPIUIOXAFBGMNB-UHFFFAOYSA-N,186.33
Dihexyl fumarate,CCCCCCOC(=O)/C=C/C(=O)OCCCCCC,4508,19139-31-2,QMCVOSQFZZCSLN-VAWYXSNFSA-N,284.39
Dihexyl maleate,CCCCCCOC(=O)/C=C\C(=O)OCCCCCC,3678,16064-83-8,QMCVOSQFZZCSLN-QXMHVHEDSA-N,284.39
Dihexyl phthalate,CCCCCCOC(=O)C1=CC=CC=C1C(=O)OCCCCCC,12269,68515-50-4,KCXZNSGUUQJJTR-UHFFFAOYSA-N,334.4
Dihexyl phthalate,CCCCCCOC(=O)C1=CC=CC=C1C(=O)OCCCCCC,14464,84-75-3,KCXZNSGUUQJJTR-UHFFFAOYSA-N,334.4
Dihydro-alpha-ionone,CC1=CCCC(C1CCC(=O)C)(C)C,7231,31499-72-6,JHJCHCSUEGPIGE-UHFFFAOYSA-N,194.31
Dihydro-beta-ionone,CC1=C(C(CCC1)(C)C)CCC(=O)C,4039,17283-81-7,QJJDNZGPQDGNDX-UHFFFAOYSA-N,194.31
Dihydroactinidiolide,C[C@@]12CCCC(C1=CC(=O)O2)(C)C,4012,17092-92-1,IMKHDCBNRDRUEB-LLVKDONJSA-N,180.24
Dihydromyrcenol,CC(CCCC(C)(C)O)C=C,4339,18479-58-8,XSNQECSCDATQEL-UHFFFAOYSA-N,156.26
Dihydrotachysterol,C[C@H]\1CC[C@@H](C/C1=C\C=C\2/CCC[C@]3([C@H]2CC[C@@H]3[C@H](C)/C=C/[C@H](C)C(C)C)C)O,11726,67-96-9,ILYCWAKSDCYMBB-OPCMSESCSA-N,398.7
"Diindolo[3,2,1-de:3',2',1'-ij][1,5]naphthyridine-6,13-dione, 7,14-diphenyl-",C1=CC=C(C=C1)C2=C3C4=CC=CC=C4N5C3=C6C(=C(C5=O)C7=CC=CC=C7)C8=CC=CC=C8N6C2=O,11290,6417-51-2,GUBZLBFYUBKAGY-UHFFFAOYSA-N,462.5
Diisobutyl adipate,CC(C)COC(=O)CCCCC(=O)OCC(C)C,2964,141-04-8,RDOFJDLLWVCMRU-UHFFFAOYSA-N,258.35
Diisobutyl adipate,CC(C)COC(=O)CCCCC(=O)OCC(C)C,17414,,RDOFJDLLWVCMRU-UHFFFAOYSA-N,258.35
Diisobutyl fumarate,CC(C)COC(=O)/C=C/C(=O)OCC(C)C,13094,7283-69-4,RSRICHZMFPHXLE-AATRIKPKSA-N,228.28
Diisobutyl glutarate,CC(C)COC(=O)CCCC(=O)OCC(C)C,12894,71195-64-7,UFWRCRCDRAUAAO-UHFFFAOYSA-N,244.33
Diisobutyl hexahydrophthalate,CC(C)COC(=O)C1CCCCC1C(=O)OCC(C)C,12850,70969-58-3,QUKHPBOCBWDYMW-UHFFFAOYSA-N,284.39
Diisobutyl maleate,CC(C)COC(=O)/C=C\C(=O)OCC(C)C,3048,14234-82-3,RSRICHZMFPHXLE-WAYWQWQTSA-N,228.28
Diisobutyl Perylenedicarboxylate,CC(C)COC(=O)C1=C(C2=C3C(=C1)C=CC=C3C4=CC=CC5=C4C2=CC=C5)C(=O)OCC(C)C,14082,79869-59-3,SDKNPMBAQGMLAD-UHFFFAOYSA-N,452.5
Diisobutyl phthalate,CC(C)COC(=O)C1=CC=CC=C1C(=O)OCC(C)C,14460,84-69-5,MGWAVDBGNNKXQV-UHFFFAOYSA-N,278.34
Diisobutyl succinate,CC(C)COC(=O)CCC(=O)OCC(C)C,15506,925-06-4,QCOAPBRVQHMEPF-UHFFFAOYSA-N,230.3
Diisobutyl sulfone,CC(C)CS(=O)(=O)CC(C)C,552,10495-45-1,ULSLZZKKTPQNNJ-UHFFFAOYSA-N,178.29
Diisobutyl terephthalate,CC(C)COC(=O)C1=CC=C(C=C1)C(=O)OCC(C)C,4382,18699-48-4,LQKWPGAPADIOSS-UHFFFAOYSA-N,278.34
Diisobutylamine,CC(C)CNCC(C)C,1027,110-96-3,NJBCRXCAPCODGX-UHFFFAOYSA-N,129.24
Diisobutyldimethoxysilane,CC(C)C[Si](CC(C)C)(OC)OC,4216,17980-32-4,NHYFIJRXGOQNFS-UHFFFAOYSA-N,204.38
Diisodecyl adipate,CC(C)CCCCCCCOC(=O)CCCCC(=O)OCCCCCCCC(C)C,6444,27178-16-1,YKGYQYOQRGPFTO-UHFFFAOYSA-N,426.7
Diisodecyl glutarate,CC(C)CCCCCCCOC(=O)CCCC(=O)OCCCCCCCC(C)C,6901,29733-18-4,NKTBVFBHWIMHRL-UHFFFAOYSA-N,412.6
Diisodecyl phenyl phosphite,CC(C)CCCCCCCOP(OCCCCCCCC(C)C)OC1=CC=CC=C1,5903,25550-98-5,SXXILWLQSQDLDL-UHFFFAOYSA-N,438.6
Diisodecyl phthalate,CC(C)CCCCCCCOC(=O)C1=CC=CC=C1C(=O)OCCCCCCCC(C)C,6335,26761-40-0,ZVFDTKUVRCTHQE-UHFFFAOYSA-N,446.7
Diisodecyl sebacate,CC(C)CCCCCCCOC(=O)CCCCCCCCC(=O)OCCCCCCCC(C)C,6691,28473-19-0,OAXZVLMNNOOMGN-UHFFFAOYSA-N,482.8
Diisoheptyl phthalate,CC(C)CCCCOC(=O)C1=CC=CC=C1C(=O)OCCCCC(C)C,8367,41451-28-9,RKELNIPLHQEBJO-UHFFFAOYSA-N,362.5
Diisohexyl phthalate,CC(C)CCCOC(=O)C1=CC=CC=C1C(=O)OCCCC(C)C,12972,71850-09-4,ALEROMXYYSQFLX-UHFFFAOYSA-N,334.4
Diisononyl adipate,CC(C)CCCCCCOC(=O)CCCCC(=O)OCCCCCCC(C)C,7538,33703-08-1,AYWLCKHHUFBVGJ-UHFFFAOYSA-N,398.6
Diisononyl adipate,CC(C)CCCCCCOC(=O)CCCCC(=O)OCCCCCCC(C)C,15529,928716-02-3,AYWLCKHHUFBVGJ-UHFFFAOYSA-N,398.6
Diisononyl maleate,CC(C)CCCCCCOC(=O)/C=C\C(=O)OCCCCCCC(C)C,9567,53817-54-2,CBWMVXMQKDYZDQ-NXVVXOECSA-N,368.5
Diisononyl phthalate,CC(C)CCCCCCOC(=O)C1=CC=CC=C1C(=O)OCCCCCCC(C)C,4784,20548-62-3,HBGGXOJOCNVPFY-UHFFFAOYSA-N,418.6
Diisononyl phthalate,CC(C)CCCCCCOC(=O)C1=CC=CC=C1C(=O)OCCCCCCC(C)C,6704,28553-12-0,HBGGXOJOCNVPFY-UHFFFAOYSA-N,418.6
Diisooctyl adipate,CC(C)CCCCCOC(=O)CCCCC(=O)OCCCCCC(C)C,2486,1330-86-5,CJFLBOQMPJCWLR-UHFFFAOYSA-N,370.6
Diisooctyl p-octylphenyl phosphite,CCCCCCCCC1=CC=C(C=C1)P(=O)(OCCCCCC(C)C)OCCCCCC(C)C,11976,68133-13-1,HPLQLQQLRLADHV-UHFFFAOYSA-N,494.7
Diisooctyl phenyl phosphite,CC(C)CCCCCOP(OCCCCCC(C)C)OC1=CC=CC=C1,6255,26544-22-9,GPKQLHLOONCFDY-UHFFFAOYSA-N,382.5
Diisooctyl phthalate,CC(C)CCCCCOC(=O)C1=CC=CC=C1C(=O)OCCCCCC(C)C,2279,131-20-4,IJFPVINAQGWBRJ-UHFFFAOYSA-N,390.6
Diisooctyl phthalate,CC(C)CCCCCOC(=O)C1=CC=CC=C1C(=O)OCCCCCC(C)C,6531,27554-26-3,IJFPVINAQGWBRJ-UHFFFAOYSA-N,390.6
Diisooctyl sebacate,CC(C)CCCCCOC(=O)CCCCCCCCC(=O)OCCCCCC(C)C,6460,27214-90-0,ZWYAVGUHWPLBGT-UHFFFAOYSA-N,426.7
Diisopentyl phthalate,CC(C)CCOC(=O)C1=CC=CC=C1C(=O)OCCC(C)C,10521,605-50-5,JANBFCARANRIKJ-UHFFFAOYSA-N,306.4
Diisopromine,CC(C)N(CCC(C1=CC=CC=C1)C2=CC=CC=C2)C(C)C,10408,5966-41-6,YBJKOPHEJOMRMN-UHFFFAOYSA-N,295.5
Diisopropanolamine,CC(CNCC(C)O)O,1028,110-97-4,LVTYICIALWPMFW-UHFFFAOYSA-N,133.19
Diisopropyl adipate,CC(C)OC(=O)CCCCC(=O)OC(C)C,12638,6938-94-9,ZDQWESQEGGJUCH-UHFFFAOYSA-N,230.3
Diisopropyl azelate,CC(C)OC(=O)CCCCCCCC(=O)OC(C)C,12654,6946-84-5,MCQNUBHLBYBDRS-UHFFFAOYSA-N,272.38
Diisopropyl disulfide,CC(C)SSC(C)C,8494,4253-89-8,LZAZXBXPKRULLB-UHFFFAOYSA-N,150.3
Diisopropyl ether,CC(C)OC(C)C,850,108-20-3,ZAFNJMIOTHYJRJ-UHFFFAOYSA-N,102.17
Diisopropyl oxalate,CC(C)OC(=O)C(=O)OC(C)C,10665,615-81-6,ITHNIFCFNUZYLQ-UHFFFAOYSA-N,174.19
Diisopropyl peroxydicarbonate,CC(C)OC(=O)OOC(=O)OC(C)C,575,105-64-6,BWJUFXUULUEGMA-UHFFFAOYSA-N,206.19
Diisopropyl phthalate,CC(C)OC(=O)C1=CC=CC=C1C(=O)OC(C)C,10520,605-45-8,QWDBCIAVABMJPP-UHFFFAOYSA-N,250.29
Diisopropyl sebacate,CC(C)OC(=O)CCCCCCCCC(=O)OC(C)C,13436,7491-02-3,XFKBBSZEQRFVSL-UHFFFAOYSA-N,286.41
Diisopropyl xanthogen disulfide,CC(C)OC(=S)SSC(=S)OC(C)C,576,105-65-7,ZWWQICJTBOCQLA-UHFFFAOYSA-N,270.5
Diisopropylamine,CC(C)NC(C)C,849,108-18-9,UAOMVDZJSHZZME-UHFFFAOYSA-N,101.19
Diisopropyldimethoxysilane,CC(C)[Si](C(C)C)(OC)OC,4278,18230-61-0,VHPUZTHRFWIGAW-UHFFFAOYSA-N,176.33
Diisopropylethylamine,CCN(C(C)C)C(C)C,12823,7087-68-5,JGFZNNIVVJXRND-UHFFFAOYSA-N,129.24
Diisopropylphenyl isocyanate,CC(C)C1=C(C(=CC=C1)N=C=O)C(C)C,16365,,VRJRCVKEUQCCCN-UHFFFAOYSA-N,203.28
Diisopropylphenylphosphate,CC(C)C1=C(C(=CC=C1)OP(=O)(O)O)C(C)C,9233,51496-03-8,SFFTXLYPBWITRH-UHFFFAOYSA-N,258.25
Diisoundecyl phthalate,CC(C)CCCCCCCCOC(=O)C1=CC=CC=C1C(=O)OCCCCCCCCC(C)C,15901,96507-86-7,LGBAGUMSAPUZPU-UHFFFAOYSA-N,474.7
Dilaurin,CCCCCCCCCCCC(=O)OCC(CO)OC(=O)CCCCCCCCCCC,4142,17598-94-6,OQQOAWVKVDAJOI-UHFFFAOYSA-N,456.7
Dilauryl peroxide,CCCCCCCCCCCCOOCCCCCCCCCCCC,6781,2895-03-6,LGJCFVYMIJLQJO-UHFFFAOYSA-N,370.7
Dimepranol,CC(CN(C)C)O,848,108-16-7,NCXUNZWLEYGQAH-UHFFFAOYSA-N,103.16
Dimethallyl ether,CC(=C)COCC(=C)C,11007,628-56-8,XMHDLKFMJMNOAX-UHFFFAOYSA-N,126.2
Dimethipin,CC1=C(S(=O)(=O)CCS1(=O)=O)C,9792,55290-64-7,PHVNLLCAQHGNKU-UHFFFAOYSA-N,210.3
Dimethoxane,CC1CC(OC(O1)C)OC(=O)C,14365,828-00-2,PHMNXPYGVPEQSJ-UHFFFAOYSA-N,174.19
Dimethoxy(methyl)(octadecyl)silane,CCCCCCCCCCCCCCCCCC[Si](C)(OC)OC,12817,70851-50-2,UBCPEZPOCJYHPM-UHFFFAOYSA-N,358.7
Dimethoxydimethylsilane,CO[Si](C)(C)OC,1146,1112-39-6,JJQZDUKDJDQPMQ-UHFFFAOYSA-N,120.22
Dimethoxydiphenylsilane,CO[Si](C1=CC=CC=C1)(C2=CC=CC=C2)OC,12175,6843-66-9,AHUXYBVKTIBBJW-UHFFFAOYSA-N,244.36
Dimethoxymethane,COCOC,951,109-87-5,NKDDWNXOKDWJAK-UHFFFAOYSA-N,76.09
Dimethoxymethylphenylsilane,CO[Si](C)(C1=CC=CC=C1)OC,7004,3027-21-2,CVQVSVBUMVSJES-UHFFFAOYSA-N,182.29
Dimethoxymethylvinylsilane,CO[Si](C)(C=C)OC,3914,16753-62-1,ZLNAFSPCNATQPQ-UHFFFAOYSA-N,132.23
Dimethyl (p-methoxybenzylidene)malonate,COC1=CC=C(C=C1)C=C(C(=O)OC)C(=O)OC,13344,7443-25-6,JMFYZMAVUHNCPW-UHFFFAOYSA-N,250.25
"Dimethyl 1,2,3,4-tetrahydronaphthalene-2,6-dicarboxylate",COC(=O)C1CCC2=C(C1)C=CC(=C2)C(=O)OC,5352,23985-75-3,IGFALCDVZUTCGJ-UHFFFAOYSA-N,248.27
"Dimethyl 1,4-cyclohexanedicarboxylate",COC(=O)C1CCC(CC1)C(=O)OC,15667,94-60-0,LNGAGQAGYITKCW-UHFFFAOYSA-N,200.23
Dimethyl 1-hydroxybutylphosphonate,CCCC(O)P(=O)(OC)OC,5217,23054-81-1,PHJZUYURNWKKMA-UHFFFAOYSA-N,182.15
"Dimethyl 2,2'-azobis(2-methylpropionate)",CC(C)(C(=O)OC)N=NC(C)(C)C(=O)OC,6033,2589-57-3,ZQMHJBXHRFJKOT-UHFFFAOYSA-N,230.26
"Dimethyl 2,6-naphthalenedicarboxylate",COC(=O)C1=CC2=C(C=C1)C=C(C=C2)C(=O)OC,14468,840-65-3,GYUVMLBYMPKZAZ-UHFFFAOYSA-N,244.24
"Dimethyl 2-[[1-[[(2,3-dihydro-2-oxo-1H-benzimidazol-5-yl)amino]carbonyl]-2-oxopropyl]azo]terephthalate",CC(=O)C(C(=O)NC1=CC2=C(C=C1)NC(=O)N2)N=NC3=C(C=CC(=C3)C(=O)OC)C(=O)OC,7747,35636-63-6,KEZJTZQNDCLRDB-UHFFFAOYSA-N,453.4
"Dimethyl 2-[[2-[(2-methoxyphenyl)amino]-2-oxo-1-(1,4,5,6-tetrahydro-4,6-dioxo-1,3,5-triazin-2-YL)ethyl]azo]terephthalate",COC1=CC=CC=C1NC(=O)C(C2=NC(=O)NC(=O)N2)N=NC3=C(C=CC(=C3)C(=O)OC)C(=O)OC,11869,67906-31-4,YJBASQBXNDYREF-UHFFFAOYSA-N,496.4
"Dimethyl 3,3'-thiodipropionate",COC(=O)CCSCCC(=O)OC,8348,4131-74-2,MYWWWNVEZBAKHR-UHFFFAOYSA-N,206.26
Dimethyl 4-hydroxyisophthalate,COC(=O)C1=CC(=C(C=C1)O)C(=O)OC,10439,5985-24-0,ALBUJVBOIXVVLS-UHFFFAOYSA-N,210.18
Dimethyl adipate,COC(=O)CCCCC(=O)OC,10999,627-93-0,UDSFAEKRVUSQDD-UHFFFAOYSA-N,174.19
Dimethyl anthranilate,CNC1=CC=CC=C1C(=O)OC,14580,85-91-6,GVOWHGSUZUUUDR-UHFFFAOYSA-N,165.19
Dimethyl azelate,COC(=O)CCCCCCCC(=O)OC,4076,1732-10-1,DRUKNYVQGHETPO-UHFFFAOYSA-N,216.27
Dimethyl carbonate,COC(=O)OC,10678,616-38-6,IEJIGPNLZYLLBP-UHFFFAOYSA-N,90.08
Dimethyl Ether,COC,1355,115-10-6,LCGLNKUTAGEVQW-UHFFFAOYSA-N,46.07
Dimethyl ethylphosphonate,CCP(=O)(OC)OC,10688,6163-75-3,YHQMSHVVGOSZEW-UHFFFAOYSA-N,138.1
Dimethyl Fumarate,COC(=O)/C=C/C(=O)OC,10951,624-49-7,LDCRTTXIJACKKU-ONEGZZNKSA-N,144.12
Dimethyl glutarate,COC(=O)CCCC(=O)OC,1193,1119-40-0,XTDYIOOONNVFMA-UHFFFAOYSA-N,160.17
Dimethyl isobutylmalonate,CC(C)CC(C(=O)OC)C(=O)OC,8198,39520-24-6,GAZFDPSEEIVCEX-UHFFFAOYSA-N,188.22
Dimethyl isophthalate,COC(=O)C1=CC(=CC=C1)C(=O)OC,3172,1459-93-4,VNGOYPQMJFJDLV-UHFFFAOYSA-N,194.18
Dimethyl itaconate,COC(=O)CC(=C)C(=O)OC,10698,617-52-7,ZWWQRMFIZFPUAA-UHFFFAOYSA-N,158.15
Dimethyl maleate,COC(=O)/C=C\C(=O)OC,10950,624-48-6,LDCRTTXIJACKKU-ARJAWSKDSA-N,144.12
Dimethyl methylphosphonate,COP(=O)(C)OC,13553,756-79-6,VONWDASPFIQPDY-UHFFFAOYSA-N,124.08
Dimethyl oxalate,COC(=O)C(=O)OC,9799,553-90-2,LOMVENUNSWAXEN-UHFFFAOYSA-N,118.09
Dimethyl Phenylphosphonate,COP(=O)(C1=CC=CC=C1)OC,5128,2240-41-7,OXDOANYFRLHSML-UHFFFAOYSA-N,186.14
Dimethyl Phthalate,COC(=O)C1=CC=CC=C1C(=O)OC,2275,131-11-3,NIQCNGHVCWTJSM-UHFFFAOYSA-N,194.18
Dimethyl pimelate,COC(=O)CCCCCC(=O)OC,4075,1732-08-7,SHWINQXIGSEZAP-UHFFFAOYSA-N,188.22
Dimethyl propylphosphonate,CCCP(=O)(OC)OC,4391,18755-43-6,YWDFOLFVOVCBIU-UHFFFAOYSA-N,152.13
Dimethyl sebacate,COC(=O)CCCCCCCCC(=O)OC,672,106-79-6,ALOUNLDAKADEEB-UHFFFAOYSA-N,230.3
Dimethyl succinate,COC(=O)CCC(=O)OC,664,106-65-0,MUXOBHXGJLMRAB-UHFFFAOYSA-N,146.14
Dimethyl Sulfate,COS(=O)(=O)OC,13729,77-78-1,VAYGXNSJCAHWJZ-UHFFFAOYSA-N,126.13
Dimethyl sulfone,CS(=O)(=O)C,11724,67-71-0,HHVIBTZHLRERCL-UHFFFAOYSA-N,94.14
Dimethyl Sulfoxide,CS(=O)C,11723,67-68-5,IAZDPXIOMUYVGZ-UHFFFAOYSA-N,78.14
Dimethyl terephthalate,COC(=O)C1=CC=C(C=C1)C(=O)OC,1579,120-61-6,WOZVHXUHUFLZGK-UHFFFAOYSA-N,194.18
Dimethyl tetrasulfide,CSSSSC,10125,5756-24-1,NPNIZCVKXVRCHF-UHFFFAOYSA-N,158.3
Dimethyl trisulfide,CSSSC,7863,3658-80-8,YWHLKYXPLRWGSE-UHFFFAOYSA-N,126.3
Dimethyl vinylphosphonate,COP(=O)(C=C)OC,8838,4645-32-3,CQCXMYUCNSJSKG-UHFFFAOYSA-N,136.09
Dimethyl(2-((2-methyl-1-oxoallyl)oxy)ethyl)(3-sulphopropyl)ammonium hydroxide,CC(=C)C(=O)OCC[N+](C)(C)CCCS(=O)(=O)[O-],7828,3637-26-1,BCAIDFOKQCVACE-UHFFFAOYSA-N,279.36
Dimethylamine,CNC,1986,124-40-3,ROSDSFDQCJNGOL-UHFFFAOYSA-N,45.08
Dimethylbenzylcarbinyl acetate,CC(=O)OC(C)(C)CC1=CC=CC=C1,3366,151-05-3,FLUWAIIVLCVEKF-UHFFFAOYSA-N,192.25
Dimethylcarbamoyl chloride,CN(C)C(=O)Cl,14043,79-44-7,YIIMEMSDCNDGTB-UHFFFAOYSA-N,107.54
Dimethylcyclohex-3-ene-1-carbaldehyde,CC1C=CCCC1(C)C=O,6600,27939-60-2,CYGGTUUCLIFNIU-UHFFFAOYSA-N,138.21
Dimethyldibenzylidene sorbitol,CC1=C(C=C(C=C1)C2OC[C@H]3[C@@H](O2)[C@H](OC(O3)C4=CC(=C(C=C4)C)C)[C@@H](CO)O)C,2712,135861-56-2,YWEWWNPYDDHZDI-JJKKTNRVSA-N,414.5
Dimethyldibenzylidene sorbitol,CC1=C(C=C(C=C1)C2OC[C@H]3[C@@H](O2)[C@H](OC(O3)C4=CC(=C(C=C4)C)C)[C@@H](CO)O)C,17602,,YWEWWNPYDDHZDI-JJKKTNRVSA-N,414.5
Dimethyldiphenylthioperoxydicarbamic acid,CC1=CC=C(C=C1)NC(=S)SSC(=S)NC2=CC=C(C=C2)C,16262,53880-86-7,DKIOSBCZGFSSFK-UHFFFAOYSA-N,364.6
Dimethyldipropylenetriamine,CN(C)CCCNCCCN,612,10563-29-8,OMKZWUPRGQMQJC-UHFFFAOYSA-N,159.27
Dimethylolurea,C(NC(=O)NCO)O,2933,140-95-4,QUBQYFYWUJJAAK-UHFFFAOYSA-N,120.11
Dimethylphosphinic acid,CP(=O)(C)O,7422,3283-12-3,GOJNABIZVJCYFL-UHFFFAOYSA-N,94.05
Dimethylsilanediol,C[Si](C)(O)O,724,1066-42-8,XCLIHDJZGPCUBT-UHFFFAOYSA-N,92.17
Dimorpholinomethane,C1COCCN1CN2CCOCC2,9940,5625-90-1,MIFZZKZNMWTHJK-UHFFFAOYSA-N,186.25
Dinitrosopentamethylenetetramine,C1N2CN(CN1CN(C2)N=O)N=O,154,101-25-7,MWRWFPQBGSZWNV-UHFFFAOYSA-N,186.17
Dinonyl adipate,CCCCCCCCCOC(=O)CCCCC(=O)OCCCCCCCCC,3370,151-32-6,WIYAGHSNPUBKDT-UHFFFAOYSA-N,398.6
"Dinonyl cyclohexane-1,2-dicarboxylate",CCCCCCCCCOC(=O)C1CCCCC1C(=O)OCCCCCCCCC,7465,331673-15-5,GGLHXZYMYYBBHT-UHFFFAOYSA-N,424.7
"Dinonyl cyclohexane-1,2-dicarboxylate",CCCCCCCCCOC(=O)C1CCCCC1C(=O)OCCCCCCCCC,17177,,GGLHXZYMYYBBHT-UHFFFAOYSA-N,424.7
Dinonyl phthalate,CCCCCCCCCOC(=O)C1=CC=CC=C1C(=O)OCCCCCCCCC,12266,68515-45-7,DROMNWUQASBTFM-UHFFFAOYSA-N,418.6
Dinonyl phthalate,CCCCCCCCCOC(=O)C1=CC=CC=C1C(=O)OCCCCCCCCC,14465,84-76-4,DROMNWUQASBTFM-UHFFFAOYSA-N,418.6
Dinonyl sebacate,CCCCCCCCCOC(=O)CCCCCCCCC(=O)OCCCCCCCCC,8338,4121-16-8,VNTXONBESJNLBI-UHFFFAOYSA-N,454.7
Dinoseb,CCC(C)C1=C(C(=CC(=C1)[N+](=O)[O-])[N+](=O)[O-])O,14873,88-85-7,OWZPCEFYPSAJFR-UHFFFAOYSA-N,240.21
Dioctan-2-yl but-2-enedioate,CCCCCCC(C)OC(=O)C=CC(=O)OC(C)CCCCCC,15950,97298-48-1,GUURYVGBDPXTOK-UHFFFAOYSA-N,340.5
Dioctan-2-yl decanedioate,CCCCCCC(C)OC(=O)CCCCCCCCC(=O)OC(C)CCCCCC,420,10340-41-7,GCODXQZNEMRCBU-UHFFFAOYSA-N,426.7
Dioctanoyl peroxide,CCCCCCCC(=O)OOC(=O)CCCCCCC,13613,762-16-3,SRSFOMHQIATOFV-UHFFFAOYSA-N,286.41
Dioctyl adipate,CCCCCCCCOC(=O)CCCCC(=O)OCCCCCCCC,1934,123-79-5,NEHDRDVHPTWWFG-UHFFFAOYSA-N,370.6
Dioctyl azelate,CCCCCCCCOC(=O)CCCCCCCC(=O)OCCCCCCCC,4795,2064-80-4,XWVQUJDBOICHGH-UHFFFAOYSA-N,412.6
Dioctyl ether,CCCCCCCCOCCCCCCCC,11042,629-82-3,NKJOXAZJBOMXID-UHFFFAOYSA-N,242.44
Dioctyl maleate,CCCCCCCCOC(=O)/C=C\C(=O)OCCCCCCCC,6810,2915-53-9,TVWTZAGVNBPXHU-NXVVXOECSA-N,340.5
Dioctyl phenyl phosphate,CCCCCCCCOP(=O)(OCCCCCCCC)OC1=CC=CC=C1,10683,6161-81-5,QHGRPTNUHWYCEN-UHFFFAOYSA-N,398.5
Dioctyl phthalate,CCCCCCCCOC(=O)C1=CC=CC=C1C(=O)OCCCCCCCC,1422,117-84-0,MQIUGAXCHLFZKX-UHFFFAOYSA-N,390.6
Dioctyl phthalate,CCCCCCCCOC(=O)C1=CC=CC=C1C(=O)OCCCCCCCC,14213,8031-29-6,MQIUGAXCHLFZKX-UHFFFAOYSA-N,390.6
Dioctyl succinate,CCCCCCCCOC(=O)CCC(=O)OCCCCCCCC,3150,14491-66-8,KWABLUYIOFEZOY-UHFFFAOYSA-N,342.5
Dioctyl terephthalate,CCCCCCCCOC(=O)C1=CC=C(C=C1)C(=O)OCCCCCCCC,8844,4654-26-6,OEIWPNWSDYFMIL-UHFFFAOYSA-N,390.6
Dioxane,C1COCCO1,1939,123-91-1,RYHBNJHYFVUHQT-UHFFFAOYSA-N,88.11
Dioxybenzone,COC1=CC(=C(C=C1)C(=O)C2=CC=CC=C2O)O,2281,131-53-3,MEZZCSHVIGVWFI-UHFFFAOYSA-N,244.24
Dipentaerythritol,C(C(CO)(CO)COCC(CO)(CO)CO)O,2055,126-58-9,TXBCBTDQIULDIA-UHFFFAOYSA-N,254.28
Dipentamethylenethiuram disulfide,C1CCN(CC1)C(=S)SSC(=S)N2CCCCC2,15661,94-37-1,KNBRWWCHBRQLNY-UHFFFAOYSA-N,320.6
Dipentamethylenethiuram hexasulfide,C1CCN(CC1)C(=S)SSSSSSC(=S)N2CCCCC2,15943,971-15-3,HPFHYRNETZEPIV-UHFFFAOYSA-N,448.8
Dipentamethylenethiuram tetrasulfide,C1CCN(CC1)C(=S)SSSSC(=S)N2CCCCC2,1574,120-54-7,VNDRMZTXEFFQDR-UHFFFAOYSA-N,384.7
Dipentyl ether,CCCCCOCCCCC,12630,693-65-2,AOPDRZXCEAKHHW-UHFFFAOYSA-N,158.28
Dipentyl fumarate,CCCCCOC(=O)/C=C/C(=O)OCCCCC,4723,20314-74-3,NFCMRHDORQSGIS-MDZDMXLPSA-N,256.34
Dipentyl maleate,CCCCCOC(=O)/C=C\C(=O)OCCCCC,148,10099-71-5,NFCMRHDORQSGIS-KTKRTIGZSA-N,256.34
Dipentyl phthalate,CCCCCOC(=O)C1=CC=CC=C1C(=O)OCCCCC,2278,131-18-0,IPKKHRVROFYTEK-UHFFFAOYSA-N,306.4
Diphenolic acid,CC(CCC(=O)O)(C1=CC=C(C=C1)O)C2=CC=C(C=C2)O,2050,126-00-1,VKOUCJUTMGHNOR-UHFFFAOYSA-N,286.32
"Diphenyl (methylenedi-4,1-phenylene)-dicarbamate",C1=CC=C(C=C1)OC(=O)NC2=CC=C(C=C2)CC3=CC=C(C=C3)NC(=O)OC4=CC=CC=C4,162,101-65-5,LKYATCXVAUHHMS-UHFFFAOYSA-N,438.5
Diphenyl carbonate,C1=CC=C(C=C1)OC(=O)OC2=CC=CC=C2,281,102-09-0,ROORDVPLFPIABK-UHFFFAOYSA-N,214.22
Diphenyl disulfide,C1=CC=C(C=C1)SSC2=CC=CC=C2,14883,882-33-7,GUUVPOWQJOLRAS-UHFFFAOYSA-N,218.3
Diphenyl ether,C1=CC=C(C=C1)OC2=CC=CC=C2,172,101-84-8,USIUVYZYUHIAEV-UHFFFAOYSA-N,170.21
Diphenyl isophthalate,C1=CC=C(C=C1)OC(=O)C2=CC(=CC=C2)C(=O)OC3=CC=CC=C3,13284,744-45-6,FHESUNXRPBHDQM-UHFFFAOYSA-N,318.3
Diphenyl methyl phosphate,COP(=O)(OC1=CC=CC=C1)OC2=CC=CC=C2,1371,115-89-9,VOWPVJACXJNHBC-UHFFFAOYSA-N,264.21
Diphenyl methylphosphonate,CP(=O)(OC1=CC=CC=C1)OC2=CC=CC=C2,13520,7526-26-3,HPUPGAFDTWIMBR-UHFFFAOYSA-N,248.21
Diphenyl p-isopropylphenyl phosphate,CC(C)C1=CC=C(C=C1)OP(=O)(OC2=CC=CC=C2)OC3=CC=CC=C3,9891,55864-04-5,JUHFQCKQQLMGAB-UHFFFAOYSA-N,368.4
Diphenyl p-tolyl phosphate,CC1=CC=C(C=C1)OP(=O)(OC2=CC=CC=C2)OC3=CC=CC=C3,13956,78-31-9,OJUZRFGUKHQNJX-UHFFFAOYSA-N,340.3
Diphenyl phenylphosphonate,C1=CC=C(C=C1)OP(=O)(C2=CC=CC=C2)OC3=CC=CC=C3,7043,3049-24-9,CDOMXXVCZQOOMT-UHFFFAOYSA-N,310.3
Diphenyl phosphate,C1=CC=C(C=C1)OP(=O)(O)OC2=CC=CC=C2,14426,838-85-7,ASMQGLCHMVWBQR-UHFFFAOYSA-N,250.19
Diphenyl phthalate,C1=CC=C(C=C1)OC(=O)C2=CC=CC=C2C(=O)OC3=CC=CC=C3,14454,84-62-8,DWNAQMUDCDVSLT-UHFFFAOYSA-N,318.3
Diphenyl sulfide,C1=CC=C(C=C1)SC2=CC=CC=C2,2874,139-66-2,LTYMSROWYAPPGB-UHFFFAOYSA-N,186.27
Diphenyl sulfone,C1=CC=C(C=C1)S(=O)(=O)C2=CC=CC=C2,2110,127-63-9,KZTYYGOKRVBIMI-UHFFFAOYSA-N,218.27
Diphenyl sulfoxide,C1=CC=C(C=C1)S(=O)C2=CC=CC=C2,15717,945-51-7,JJHHIJFTHRNPIK-UHFFFAOYSA-N,202.27
"Diphenyl(2,4,6-trimethylbenzoyl)phosphine oxide",CC1=CC(=C(C(=C1)C)C(=O)P(=O)(C2=CC=CC=C2)C3=CC=CC=C3)C,13579,75980-60-8,VFHVQBAGLAREND-UHFFFAOYSA-N,348.4
Diphenylacetylene,C1=CC=C(C=C1)C#CC2=CC=CC=C2,9040,501-65-5,JRXXLCKWQFKACW-UHFFFAOYSA-N,178.23
Diphenylamine,C1=CC=C(C=C1)NC2=CC=CC=C2,1791,122-39-4,DMBHHRLKUKUOEG-UHFFFAOYSA-N,169.22
Diphenyldithioperoxyanhydride,C1=CC=C(C=C1)C(=S)SSC(=S)C2=CC=CC=C2,10277,5873-93-8,LWGLGSPYKZTZBM-UHFFFAOYSA-N,306.5
Diphenylmethane,C1=CC=C(C=C1)CC2=CC=CC=C2,170,101-81-5,CZZYITDELCSZES-UHFFFAOYSA-N,168.23
"Diphenylmethane-2,2'-diisocyanate",C1=CC=C(C(=C1)CC2=CC=CC=C2N=C=O)N=C=O,5861,2536-05-2,JIABEENURMZTTI-UHFFFAOYSA-N,250.25
Diphenylsilanediol,C1=CC=C(C=C1)[Si](C2=CC=CC=C2)(O)O,15729,947-42-2,OLLFKUHHDPMQFR-UHFFFAOYSA-N,216.31
Dipiperidinomethane,C1CCN(CC1)CN2CCCCC2,14876,880-09-1,LRKYLKBLUJXTFL-UHFFFAOYSA-N,182.31
Dipropionyl peroxide,CCC(=O)OOC(=O)CC,7361,3248-28-0,KOPQZJAYZFAPBC-UHFFFAOYSA-N,146.14
Dipropyl adipate,CCCOC(=O)CCCCC(=O)OCCC,639,106-19-4,NKOUWLLFHNBUDW-UHFFFAOYSA-N,230.3
Dipropyl ether,CCCOCCC,1097,111-43-3,POLCUAVZOMRGSN-UHFFFAOYSA-N,102.17
Dipropyl maleate,CCCOC(=O)/C=C\C(=O)OCCC,5417,2432-63-5,DSTWFRCNXMNXTR-WAYWQWQTSA-N,200.23
Dipropyl oxalate,CCCOC(=O)C(=O)OCCC,10666,615-98-5,HZHMMLIMOUNKCK-UHFFFAOYSA-N,174.19
Dipropyl peroxydicarbonate,CCCOC(=O)OOC(=O)OCCC,3680,16066-38-9,YPVDWEHVCUBACK-UHFFFAOYSA-N,206.19
Dipropyl phthalate,CCCOC(=O)C1=CC=CC=C1C(=O)OCCC,2276,131-16-8,MQHNKCZKNAJROC-UHFFFAOYSA-N,250.29
Dipropyl sulfide,CCCSCCC,1101,111-47-7,ZERULLAPCVRMCO-UHFFFAOYSA-N,118.24
Dipropyl tetrachlorophthalate,CCCOC(=O)C1=C(C(=C(C(=C1Cl)Cl)Cl)Cl)C(=O)OCCC,12619,6928-67-2,QJRSPJSHRYYBJL-UHFFFAOYSA-N,388.1
Dipropylamine,CCCNCCC,3032,142-84-7,WEHWNAOGRSTTBQ-UHFFFAOYSA-N,101.19
Dipropylene glycol diglycidyl ether,CC(COCC(C)OCC1CO1)OCC2CO2,8397,41638-13-5,UCLPDTOWSOHLJX-UHFFFAOYSA-N,246.3
Dipropyleneglycol methyl ether acetate,CC(COC)OCC(C)OC(=O)C,14916,88917-22-0,LAVARTIQQDZFNT-UHFFFAOYSA-N,190.24
Dipyrithione,C1=CC=[N+](C(=C1)SSC2=CC=CC=[N+]2[O-])[O-],7905,3696-28-4,ZHDBTKPXEJDTTQ-UHFFFAOYSA-N,252.3
Disodium dodecyl(sulphonatophenoxy)benzenesulphonate,CCCCCCCCCCCCC1=C(C=CC=C1S(=O)(=O)O)OC2=CC=CC=C2S(=O)(=O)O,6697,28519-02-0,LYLUJWGZVASHOS-UHFFFAOYSA-N,498.7
Disperse Blue 1,C1=CC(=C2C(=C1N)C(=O)C3=C(C=CC(=C3C2=O)N)N)N,5518,2475-45-8,JSFUMBWFPQSADC-UHFFFAOYSA-N,268.27
Disperse Blue 106,CCN(CCO)C1=CC(=C(C=C1)N=NC2=NC=C(S2)[N+](=O)[O-])C,1820,12223-01-7,UIHYHADQHHUIOF-UHFFFAOYSA-N,335.38
Disperse Blue 106,CCN(CCO)C1=CC(=C(C=C1)N=NC2=NC=C(S2)[N+](=O)[O-])C,12280,68516-81-4,UIHYHADQHHUIOF-UHFFFAOYSA-N,335.38
Disperse blue 124,CCN(CCOC(=O)C)C1=CC(=C(C=C1)N=NC2=NC=C(S2)[N+](=O)[O-])C,3379,15141-18-1,HMAJVAFLGGPIPN-UHFFFAOYSA-N,377.4
Disperse blue 3,CNC1=C2C(=C(C=C1)NCCO)C(=O)C3=CC=CC=C3C2=O,5519,2475-46-9,NLXFWUZKOOWWFD-UHFFFAOYSA-N,296.32
Disperse blue 7,C1=CC(=C2C(=C1NCCO)C(=O)C3=C(C=CC(=C3C2=O)O)O)NCCO,7286,3179-90-6,WHPNHQRWWMLKPJ-UHFFFAOYSA-N,358.3
Disperse Orange 1,C1=CC=C(C=C1)NC2=CC=C(C=C2)N=NC3=CC=C(C=C3)[N+](=O)[O-],6012,2581-69-3,YFVXLROHJBSEDW-UHFFFAOYSA-N,318.3
Disperse orange 25,CCN(CCC#N)C1=CC=C(C=C1)N=NC2=CC=C(C=C2)[N+](=O)[O-],7230,31482-56-1,ZSPPPAFDNHYXNW-UHFFFAOYSA-N,323.35
Disperse orange 3,C1=CC(=CC=C1N)N=NC2=CC=C(C=C2)[N+](=O)[O-],13123,730-40-5,UNBOSJFEZZJZLR-UHFFFAOYSA-N,242.23
Disperse Orange 37,CCN(CCC#N)C1=CC=C(C=C1)N=NC2=C(C=C(C=C2Cl)[N+](=O)[O-])Cl,2488,13301-61-6,KHZRTXVUEZJYNE-UHFFFAOYSA-N,392.2
Disperse red 1,CCN(CCO)C1=CC=C(C=C1)N=NC2=CC=C(C=C2)[N+](=O)[O-],6739,2872-52-8,FOQABOMYTOFLPZ-UHFFFAOYSA-N,314.34
Disperse red 11,COC1=C(C2=C(C(=C1)N)C(=O)C3=CC=CC=C3C2=O)N,6738,2872-48-2,TUXJTJITXCHUEL-UHFFFAOYSA-N,268.27
Disperse Red 17,CC1=C(C=CC(=C1)N(CCO)CCO)N=NC2=CC=C(C=C2)[N+](=O)[O-],7285,3179-89-3,ADCWDMYESTYBBN-UHFFFAOYSA-N,344.4
Disperse Red 60,C1=CC=C(C=C1)OC2=C(C3=C(C(=C2)O)C(=O)C4=CC=CC=C4C3=O)N,4100,17418-58-5,MHXFWEJMQVIWDH-UHFFFAOYSA-N,331.3
Disperse Red 73,CCN(CCC#N)C1=CC=C(C=C1)N=NC2=C(C=C(C=C2)[N+](=O)[O-])C#N,3946,16889-10-4,QEORVDCGZONWCJ-UHFFFAOYSA-N,348.4
Disperse yellow 3,CC1=CC(=C(C=C1)O)N=NC2=CC=C(C=C2)NC(=O)C,6666,2832-40-8,PXOZAFXVEWKXED-UHFFFAOYSA-N,269.3
Disperse Yellow 42,C1=CC=C(C=C1)NC2=C(C=C(C=C2)S(=O)(=O)NC3=CC=CC=C3)[N+](=O)[O-],9186,5124-25-4,BBFRYSKTTHYWQZ-UHFFFAOYSA-N,369.4
Disperse Yellow 49,CCN(CCOC(=O)NC1=CC=CC=C1)C2=CC(=C(C=C2)C(C#N)C#N)C,9731,54824-37-2,YSOHRODHDJYIPG-UHFFFAOYSA-N,362.4
Disperse Yellow 7,CC1=C(C=CC(=C1)N=NC2=CC=C(C=C2)N=NC3=CC=CC=C3)O,11071,6300-37-4,VGKYEIFFSOPYEW-UHFFFAOYSA-N,316.4
Disperseyellow39,CN(C)C1=CC=C(C=C1)C=C2C(=O)C3=CC=CC=C3N2,1841,12236-29-2,QHKZIUJTLUGSEX-UHFFFAOYSA-N,264.32
Dispiro[4.2.4.2]tetradecane,C1CCC2(C1)CCC3(CCCC3)CC2,14065,79273-13-5,LGBNIYXMVIBRAO-UHFFFAOYSA-N,192.34
Disulfiram,CCN(CC)C(=S)SSC(=S)N(CC)CC,15931,97-77-8,AUZONCFQVSMFAP-UHFFFAOYSA-N,296.5
Dithienylbenzo[c]thiophene,C1=CC2=C(SC(=C2C=C1)C3=CC=CS3)C4=CC=CS4,3146,144810-53-7,XJOQFQVUDPLZSK-UHFFFAOYSA-N,298.5
Ditridecyl maleate,CCCCCCCCCCCCCOC(=O)/C=C\C(=O)OCCCCCCCCCCCCC,10798,61791-92-2,DFKBFBPHOGVNGQ-QPLCGJKRSA-N,480.8
Ditrimethylolpropane,CCC(CO)(CO)COCC(CC)(CO)CO,5238,23235-61-2,WMYINDVYGQKYMI-UHFFFAOYSA-N,250.33
Ditrimethylolpropane tetraacrylate,CCC(COCC(CC)(COC(=O)C=C)COC(=O)C=C)(COC(=O)C=C)COC(=O)C=C,15682,94108-97-1,XRMBQHTWUBGQDN-UHFFFAOYSA-N,466.5
Diundecyl phthalate,CCCCCCCCCCCOC(=O)C1=CC=CC=C1C(=O)OCCCCCCCCCCC,7848,3648-20-2,QQVHEQUEHCEAKS-UHFFFAOYSA-N,474.7
Diuron,CN(C)C(=O)NC1=CC(=C(C=C1)Cl)Cl,7439,330-54-1,XMTQQYYKAHVGBJ-UHFFFAOYSA-N,233.09
Divinyl adipate,C=COC(=O)CCCCC(=O)OC=C,8298,4074-90-2,JZQAAQZDDMEFGZ-UHFFFAOYSA-N,198.22
Dixanthogen,CCOC(=S)SSC(=S)OCC,9049,502-55-6,FVIGODVHAVLZOO-UHFFFAOYSA-N,242.4
DL-alpha-Tocopherol,CC1=C(C2=C(CCC(O2)(C)CCCC(C)CCCC(C)CCCC(C)C)C(=C1O)C)C,2954,1406-18-4,GVJHHUAWPYXKBD-UHFFFAOYSA-N,430.7
DL-alpha-Tocopherol acetate,CC1=C(C(=C(C2=C1OC(CC2)(C)CCCC(C)CCCC(C)CCCC(C)C)C)OC(=O)C)C,13711,7695-91-2,ZAKOWWREFLAJOT-UHFFFAOYSA-N,472.7
DL-Arabinose,C(C(C(C(C=O)O)O)O)O,14994,9000-69-5,PYMYPHUHKUWMLA-UHFFFAOYSA-N,150.13
DL-Arabinose,C(C(C(C(C=O)O)O)O)O,16284,56645-02-4,PYMYPHUHKUWMLA-UHFFFAOYSA-N,150.13
DL-Tartaric acid,C(C(C(=O)O)O)(C(=O)O)O,2479,133-37-9,FEWJPZIEWOKRBE-UHFFFAOYSA-N,150.09
DL-Xylose,C([C@H]([C@@H]([C@H](C=O)O)O)O)O,10178,58-86-6,PYMYPHUHKUWMLA-VPENINKCSA-N,150.13
DMDM Hydantoin,CC1(C(=O)N(C(=O)N1CO)CO)C,11362,6440-58-0,WSDISUOETYTPRL-UHFFFAOYSA-N,188.18
Doconexent,CC/C=C\C/C=C\C/C=C\C/C=C\C/C=C\C/C=C\CCC(=O)O,10886,6217-54-5,MBMBGCFOFBJSGT-KUBAVDMBSA-N,328.5
Docosan-3-one,CCCCCCCCCCCCCCCCCCCC(=O)CC,17163,,MKBZYNGIDYALQY-UHFFFAOYSA-N,324.6
Docosan-5-one,CCCCCCCCCCCCCCCCCC(=O)CCCC,17376,,KYKJTZUFGVIFTJ-UHFFFAOYSA-N,324.6
Docosan-7-one,CCCCCCCCCCCCCCCC(=O)CCCCCC,17798,,STUJYVFBIOWDHA-UHFFFAOYSA-N,324.6
Docosanal,CCCCCCCCCCCCCCCCCCCCCC=O,10108,57402-36-5,ULCXRAFXRZTNRO-UHFFFAOYSA-N,324.6
Docosanamide,CCCCCCCCCCCCCCCCCCCCCC(=O)N,7076,3061-75-4,ORAWFNKFUWGRJG-UHFFFAOYSA-N,339.6
Docosane,CCCCCCCCCCCCCCCCCCCCCC,11048,629-97-0,HOWGUJZVBDQJKV-UHFFFAOYSA-N,310.6
Docosanol,CCCCCCCCCCCCCCCCCCCCCCO,11650,661-19-8,NOPFSRXAKWQILS-UHFFFAOYSA-N,326.6
Docosyl acrylate,CCCCCCCCCCCCCCCCCCCCCCOC(=O)C=C,4304,18299-85-9,KHAYCTOSKLIHEP-UHFFFAOYSA-N,380.6
Docosyl methacrylate,CCCCCCCCCCCCCCCCCCCCCCOC(=O)C(=C)C,3893,16669-27-5,OCDWICPYKQMQSQ-UHFFFAOYSA-N,394.7
Docusate,CCCCC(CC)COC(=O)CC(C(=O)OCC(CC)CCCC)S(=O)(=O)O,106,10041-19-7,HNSDLXPSAYFUHK-UHFFFAOYSA-N,422.6
"Dodeca-3,5-dien-2-one",CCCCCCC=CC=CC(=O)C,9524,53434-78-9,PGCDECOMYMHRMC-UHFFFAOYSA-N,180.29
Dodecafluorotriphenylene,C12=C(C3=C(C4=C1C(=C(C(=C4F)F)F)F)C(=C(C(=C3F)F)F)F)C(=C(C(=C2F)F)F)F,3999,17051-14-8,IMVCZNRQMXBQAI-UHFFFAOYSA-N,444.2
Dodecahedrane,C12C3C4C5C1C6C7C2C8C3C9C4C1C5C6C2C7C8C9C12,8742,4493-23-6,OOHPORRAEMMMCX-UHFFFAOYSA-N,260.4
Dodecamethylcyclohexasiloxane,C[Si]1(O[Si](O[Si](O[Si](O[Si](O[Si](O1)(C)C)(C)C)(C)C)(C)C)(C)C)C,9602,540-97-6,IUMSDRXLFWAGNT-UHFFFAOYSA-N,444.92
Dodecamethylpentasiloxane,C[Si](C)(C)O[Si](C)(C)O[Si](C)(C)O[Si](C)(C)O[Si](C)(C)C,2984,141-63-9,FBZANXDWQAVSTQ-UHFFFAOYSA-N,384.84
Dodecanal,CCCCCCCCCCCC=O,1238,112-54-9,HFJRKMMYBMWEAD-UHFFFAOYSA-N,184.32
Dodecanamide,CCCCCCCCCCCC(=O)N,1269,1120-16-7,ILRSCQWREDREME-UHFFFAOYSA-N,199.33
Dodecanamide,CCCCCCCCCCCC(=O)N,16317,8014-77-5,ILRSCQWREDREME-UHFFFAOYSA-N,199.33
Dodecane,CCCCCCCCCCCC,1228,112-40-3,SNRUBQQJIBEYMU-UHFFFAOYSA-N,170.33
"Dodecane, 1-(ethenyloxy)-",CCCCCCCCCCCCOC=C,13661,765-14-0,LAYAKLSFVAPMEL-UHFFFAOYSA-N,212.37
"Dodecane, 2,2,11,11-tetramethyl-",CC(C)(C)CCCCCCCCC(C)(C)C,2120,127204-12-0,CAIXULOWWKTPAP-UHFFFAOYSA-N,226.44
"Dodecane, 4,9-dipropyl-",CCCC(CCC)CCCCC(CCC)CCC,7056,3054-63-5,SUVYZSWABJDNFR-UHFFFAOYSA-N,254.5
Dodecanedioic acid,C(CCCCCC(=O)O)CCCCC(=O)O,12624,693-23-2,TVIDDXQYHWJXFK-UHFFFAOYSA-N,230.3
"Dodecanedioic acid, bis[2-(2-hydroxybenzoyl)hydrazide]",C1=CC=C(C(=C1)C(=O)NNC(=O)CCCCCCCCCCC(=O)NNC(=O)C2=CC=CC=C2O)O,11114,63245-38-5,KKZSDWROKQKKPM-UHFFFAOYSA-N,498.6
"Dodecanedioic acid, diisooctyl ester",CC(C)CCCCCOC(=O)CCCCCCCCCCC(=O)OCCCCCC(C)C,14645,85392-86-5,SKVONPNVOSXTBD-UHFFFAOYSA-N,454.7
Dodecanenitrile,CCCCCCCCCCCC#N,5425,2437-25-4,VXCUURYYWGCLIH-UHFFFAOYSA-N,181.32
"Dodecanoic acid, 2-[bis(2-hydroxyethyl)amino]ethyl ester",CCCCCCCCCCCC(=O)OCCN(CCO)CCO,4207,1793-68-6,WGDZQINGRJYRHS-UHFFFAOYSA-N,331.5
"Dodecanoic acid, ester with 1,2,3-propanetriol diacetate",CCCCCCCCCCCC(=O)OCC(COC(=O)C)OC(=O)C,7153,30899-62-8,NBMAHNZMRSQCPG-UHFFFAOYSA-N,358.5
"Dodecanoic acid, hexadecyl ester",CCCCCCCCCCCCCCCCOC(=O)CCCCCCCCCCC,4835,20834-06-4,VWOKINHIVGKNRX-UHFFFAOYSA-N,424.7
"Dodecanoic acid, undecyl ester",CCCCCCCCCCCC(=O)OCCCCCCCCCCC,7861,3658-44-4,JHDNXONYKMEEBK-UHFFFAOYSA-N,354.6
Dodecen-3-ol,CCCCCCCCCC(C=C)O,8269,4048-42-4,NJRDPOCRDOOHLF-UHFFFAOYSA-N,184.32
Dodecenylsuccinic acid,CCCCCCCCCC/C=C/C(CC(=O)O)C(=O)O,6892,29658-97-7,QDCPNGVVOWVKJG-VAWYXSNFSA-N,284.39
Dodecyl acrylate,CCCCCCCCCCCCOC(=O)C=C,4962,2156-97-0,PBOSTUDLECTMNL-UHFFFAOYSA-N,240.38
Dodecyl ether,CCCCCCCCCCCCOCCCCCCCCCCCC,8784,4542-57-8,CMCBDXRRFKYBDG-UHFFFAOYSA-N,354.7
Dodecyl gallate,CCCCCCCCCCCCOC(=O)C1=CC(=C(C(=C1)O)O)O,1408,1166-52-5,RPWFJAMTCNSJKK-UHFFFAOYSA-N,338.4
Dodecyl isocyanate,CCCCCCCCCCCCN=C=O,8438,4202-38-4,YIDSTEJLDQMWBR-UHFFFAOYSA-N,211.34
Dodecyl methyl sulfide,CCCCCCCCCCCCSC,7909,3698-89-3,KJWHJDGMOQJLGF-UHFFFAOYSA-N,216.43
Dodecyl nonan-1-oate,CCCCCCCCCCCCOC(=O)CCCCCCCC,4159,17671-26-0,PAKQQTBKJHSYEY-UHFFFAOYSA-N,326.6
Dodecyl sulfide,CCCCCCCCCCCCSCCCCCCCCCCCC,5504,2469-45-6,UPYPTOCXMIWHSG-UHFFFAOYSA-N,370.7
Dodecyl(sulfophenoxy)benzenesulfonic acid,CCCCCCCCCCCCC1=C(C=C(C=C1)OC2=CC=C(C=C2)S(=O)(=O)O)S(=O)(=O)O,7002,30260-72-1,ZPIMPPJEDUQYEW-UHFFFAOYSA-N,498.7
Dodecylamine,CCCCCCCCCCCCN,1980,124-22-1,JRBPAEWTRLWTQC-UHFFFAOYSA-N,185.35
Dodecylsuccinic acid,CCCCCCCCCCCCC(CC(=O)O)C(=O)O,8788,455-95-8,YLAXZGYLWOGCBF-UHFFFAOYSA-N,286.41
Dodecyltrichlorosilane,CCCCCCCCCCCC[Si](Cl)(Cl)Cl,8738,4484-72-4,BNCXNUWGWUZTCN-UHFFFAOYSA-N,303.8
Dodecyltriethoxysilane,CCCCCCCCCCCC[Si](OCC)(OCC)OCC,4351,18536-91-9,YGUFXEJWPRRAEK-UHFFFAOYSA-N,332.6
Dodemorph,CC1CN(CC(O1)C)C2CCCCCCCCCCC2,3639,1593-77-7,JMXKCYUTURMERF-UHFFFAOYSA-N,281.5
Dotriacontane,CCCCCCCCCCCCCCCCCCCCCCCCCCCCCCCC,9673,544-85-4,QHMGJGNTMQDRQA-UHFFFAOYSA-N,450.9
Dotriacontanol,CCCCCCCCCCCCCCCCCCCCCCCCCCCCCCCCO,11659,6624-79-9,QOEHNLSDMADWEF-UHFFFAOYSA-N,466.9
Drimenol,CC1=CC[C@@H]2[C@@]([C@H]1CO)(CCCC2(C)C)C,8851,468-68-8,HMWSKUKBAWWOJL-KCQAQPDRSA-N,222.37
Drometrizole,CC1=CC(=C(C=C1)O)N2N=C3C=CC=CC3=N2,5435,2440-22-4,MCPKSFINULVDNX-UHFFFAOYSA-N,225.25
Dymanthine,CCCCCCCCCCCCCCCCCCN(C)C,1983,124-28-7,NAPSCFZYZVSQHF-UHFFFAOYSA-N,297.6
"E,Z-3-Ethylidenecyclohexene",C/C=C/1\CCCC=C1,3889,16631-62-2,HCKKIWXIMBMLCD-WAPJZHGLSA-N,108.18
E-11-Methyl-12-tetradecen-1-ol acetate,C/C=C/C(C)CCCCCCCCCCOC(=O)C,16582,,XXLYWWIKAYGTIH-YIXHJXPBSA-N,268.4
Edetic Acid,C(CN(CC(=O)O)CC(=O)O)N(CC(=O)O)CC(=O)O,10453,60-00-4,KCXVZYZYPLLWCC-UHFFFAOYSA-N,292.24
Eicosane,CCCCCCCCCCCCCCCCCCCC,1262,112-95-8,CBFCDTFDPHXCNY-UHFFFAOYSA-N,282.5
Eicosenylsuccinic anhydride,C=CCCCCCCCCCCCCCCCCCCC1CC(=O)OC1=O,9536,53520-67-5,GQNPFQQRWMSYAC-UHFFFAOYSA-N,378.6
Eicosyl trifluoroacetate,CCCCCCCCCCCCCCCCCCCCOC(=O)C(F)(F)F,17165,,JELHWUPDJFSSDO-UHFFFAOYSA-N,394.6
Einecs 226-004-4,CC1=C(C=C(C=C1)NC(=O)NC2=CC(=C(C=C2)C)N=C=O)N=C=O,9310,5206-52-0,VZWWZEJXAIOUFX-UHFFFAOYSA-N,322.32
Einecs 306-416-1,CC(=CCC/C(=C/CC/C(=C/CC/C=C(\C)/CC/C=C(\C)/CCC(C(=C)C)O)/C)/C)C,9630,54159-46-5,JLUBMMAQMKVTGL-RLROCYJYSA-N,426.7
Elaidic Acid,CCCCCCCC/C=C/CCCCCCCC(=O)O,1252,112-79-8,ZQPPMHVWECSIRJ-MDZDMXLPSA-N,282.5
Elemol,CC(=C)[C@@H]1C[C@@H](CC[C@@]1(C)C=C)C(C)(C)O,11237,639-99-6,GFJIQNADMLPFOW-VNHYZAJKSA-N,222.37
Enbucrilate,CCCCOC(=O)C(=C)C#N,11639,6606-65-1,JJJFUHOGVZWXNQ-UHFFFAOYSA-N,153.18
Endosulfan,C1C2C(COS(=O)O1)C3(C(=C(C2(C3(Cl)Cl)Cl)Cl)Cl)Cl,1362,115-29-7,RDYMFSUJUZBWLH-UHFFFAOYSA-N,406.9
Endosulfan sulfate,C1C2C(COS(=O)(=O)O1)C3(C(=C(C2(C3(Cl)Cl)Cl)Cl)Cl)Cl,400,1031-07-8,AAPVQEMYVNZIOO-UHFFFAOYSA-N,422.9
Endrin aldehyde,C1C(C2C3C1C4C5(C2(C(C3(C45Cl)Cl)(Cl)Cl)Cl)Cl)C=O,13254,7421-93-4,HCTWZIFNBBCVGM-UHFFFAOYSA-N,380.9
Endrin ketone,C1C2C3C4C1C(=O)C2C5(C3(C(C4(C5Cl)Cl)(Cl)Cl)Cl)Cl,9533,53494-70-5,IZHZFAQWVKBTSL-UHFFFAOYSA-N,380.9
Enilconazole,C=CCOC(CN1C=CN=C1)C2=C(C=C(C=C2)Cl)Cl,7742,35554-44-0,PZBPKYOVPCNPJY-UHFFFAOYSA-N,297.2
Ensulizole,C1=CC=C(C=C1)C2=NC3=C(N2)C=C(C=C3)S(=O)(=O)O,6520,27503-81-7,UVCJGUGAGLDPAA-UHFFFAOYSA-N,274.3
Epi juvabione,C[C@@H](CC(=O)CC(C)C)[C@H]1CCC(=CC1)C(=O)OC,6230,26462-72-6,IIWNDLDEVPJIBT-QWHCGFSZSA-N,266.38
epi-gamma-Eudesmol,CC1=C2C[C@H](CC[C@]2(CCC1)C)C(C)(C)O,1425,117066-77-0,WMOPMQRJLLIEJV-SWLSCSKDSA-N,222.37
Epichlorohydrin,C1C(O1)CCl,677,106-89-8,BRLQWZUYTZBJKN-UHFFFAOYSA-N,92.52
Epoxyheptachlor,[C@@H]12[C@@H]([C@H]([C@@H]3[C@H]1O3)Cl)[C@]4(C(=C([C@@]2(C4(Cl)Cl)Cl)Cl)Cl)Cl,336,1024-57-3,ZXFXBSWRVIQKOD-UOFFAGTMSA-N,389.3
Epoxyoleic acid,CCCCCCCC[C@@H]1[C@@H](O1)CCCCCCCC(=O)O,5468,24560-98-3,IMYZYCNQZDBZBQ-SJORKVTESA-N,298.5
Eremophilene,C[C@H]1CCC=C2[C@@]1(C[C@@H](CC2)C(=C)C)C,322,10219-75-7,QEBNYNLSCGVZOH-GZBFAFLISA-N,204.35
Ergocalciferol,C[C@H](/C=C/[C@H](C)C(C)C)[C@H]1CC[C@@H]\2[C@@]1(CCC/C2=C\C=C/3\C[C@H](CCC3=C)O)C,9022,50-14-6,MECHNRXZTMCUDQ-RKHKHRCZSA-N,396.6
Erucamide,CCCCCCCC/C=C\CCCCCCCCCCCC(=O)N,1255,112-84-5,UAUDZVJPLUQNMU-KTKRTIGZSA-N,337.6
Erucic Acid,CCCCCCCC/C=C\CCCCCCCCCCCC(=O)O,1257,112-86-7,DPUOLQHDNGRHBS-KTKRTIGZSA-N,338.6
Erucyl alcohol,CCCCCCCC/C=C\CCCCCCCCCCCCO,11049,629-98-1,CFOQKXQWGLAKSK-KTKRTIGZSA-N,324.6
Erythorbic acid,C([C@H]([C@@H]1C(=C(C(=O)O1)O)O)O)O,14926,89-65-6,CIWBSHSKHKDKBQ-DUZGATOHSA-N,176.12
Erythritol anhydride,C1[C@@H](O1)[C@@H]2CO2,9964,564-00-1,ZFIVKAOQEXOYFY-ZXZARUISSA-N,86.09
Erythrodiol,C[C@]12CC[C@@H](C([C@@H]1CC[C@@]3([C@@H]2CC=C4[C@]3(CC[C@@]5([C@H]4CC(CC5)(C)C)CO)C)C)(C)C)O,9687,545-48-2,PSZDOEIIIJFCFE-OSQDELBUSA-N,442.7
Esculin,C1=CC(=O)OC2=CC(=C(C=C21)O[C@H]3[C@@H]([C@H]([C@@H]([C@H](O3)CO)O)O)O)O,9479,531-75-9,XHCADAYNFIFUHF-TVKJYDDYSA-N,340.28
Esfenvalerate,CC(C)[C@@H](C1=CC=C(C=C1)Cl)C(=O)O[C@H](C#N)C2=CC(=CC=C2)OC3=CC=CC=C3,11657,66230-04-4,NYPJDWWKZLNGGM-RPWUZVMVSA-N,419.9
Estradiol,C[C@]12CC[C@H]3[C@H]([C@@H]1CC[C@@H]2O)CCC4=C3C=CC(=C4)O,9026,50-28-2,VOXZDWNPVJITMN-ZBRFXRBCSA-N,272.4
Estragole,COC1=CC=C(C=C1)CC=C,2926,140-67-0,ZFMSMUAANRJZFM-UHFFFAOYSA-N,148.2
Estrone,C[C@]12CC[C@H]3[C@H]([C@@H]1CCC2=O)CCC4=C3C=CC(=C4)O,9469,53-16-7,DNXHEGUUPJUMQT-CBZIJGRNSA-N,270.4
"Ethanamine, N-methyl-",CCNC,10954,624-78-2,LIWAQLJGPBVORC-UHFFFAOYSA-N,59.11
Ethane,CC,13229,74-84-0,OTMSDBZUPAUEDD-UHFFFAOYSA-N,30.07
"Ethane-1,2-diyl bis(1,3-dioxo-1,3-dihydroisobenzofuran-5-carboxylate)",C1=CC2=C(C=C1C(=O)OCCOC(=O)C3=CC4=C(C=C3)C(=O)OC4=O)C(=O)OC2=O,4078,1732-96-3,XQBLBHYWXZNCJZ-UHFFFAOYSA-N,410.3
"Ethanediamide, N-(2-ethoxyphenyl)-N'-(2-ethylphenyl)-",CCC1=CC=CC=C1NC(=O)C(=O)NC2=CC=CC=C2OCC,5342,23949-66-8,YIMHRDBSVCPJOV-UHFFFAOYSA-N,312.4
"Ethanediamide, N-[5-(1,1-dimethylethyl)-2-ethoxyphenyl]-N'-(2-ethylphenyl)-",CCC1=CC=CC=C1NC(=O)C(=O)NC2=C(C=CC(=C2)C(C)(C)C)OCC,7678,35001-52-6,ZBNMOUGFCKAGGQ-UHFFFAOYSA-N,368.5
"Ethanediamide, N-[5-(1,1-dimethylethyl)-2-ethoxyphenyl]-N'-[4-(1,1-dimethylethyl)-2-ethylphenyl]-",CCC1=C(C=CC(=C1)C(C)(C)C)NC(=O)C(=O)NC2=C(C=CC(=C2)C(C)(C)C)OCC,7677,35001-51-5,HMYBQGXAGRYFPW-UHFFFAOYSA-N,424.6
"Ethaneperoxoic acid, 1,1-dimethylpropyl ester",CCC(C)(C)OOC(=O)C,12581,690-83-5,FSGAMPVWQZPGJF-UHFFFAOYSA-N,146.18
"Ethaneperoxoic acid, 1-cyano-1-[2-(2-phenyl-1,3-dioxolan-2-yl)ethyl]pentyl ester",CCCCC(CCC1(OCCO1)C2=CC=CC=C2)(C#N)OOC(=O)C,10236,58422-92-7,XBNHWTBTLQIXHU-UHFFFAOYSA-N,347.4
"Ethanesulfonyl fluoride, 1,1,2,2-tetrafluoro-2-((1,2,2-trifluoroethenyl)oxy)-",C(=C(F)F)(OC(C(F)(F)S(=O)(=O)F)(F)F)F,6875,29514-94-1,VQUGQIYAVYQSAB-UHFFFAOYSA-N,280.1
Ethanethiol,CCS,13457,75-08-1,DNJIEGIFACGWOD-UHFFFAOYSA-N,62.14
"Ethanimidic acid, N-(trimethylsilyl)-, trimethylsilyl ester",CC(=N[Si](C)(C)C)O[Si](C)(C)C,513,10416-59-8,SIOVKLKJSOKLIF-UHFFFAOYSA-N,203.43
Ethanol,CCO,11245,64-17-5,LFQSCWFLJHTTHZ-UHFFFAOYSA-N,46.07
"Ethanol, 2,2'-(decylimino)bis-",CCCCCCCCCCN(CCO)CCO,4466,18924-65-7,YSDGSQDHXJAHIA-UHFFFAOYSA-N,245.4
"Ethanol, 2,2'-(octylimino)bis-",CCCCCCCCN(CCO)CCO,3474,15520-05-5,QZQNMMLYACBCMJ-UHFFFAOYSA-N,217.35
"Ethanol, 2,2'-(pentadecylimino)bis-",CCCCCCCCCCCCCCCN(CCO)CCO,5543,24910-32-5,MOVFFQCDGPWQOJ-UHFFFAOYSA-N,315.5
"Ethanol, 2,2'-[[3-(triethoxysilyl)propyl]imino]bis-",CCO[Si](CCCN(CCO)CCO)(OCC)OCC,13529,7538-44-5,IYAYDWLKTPIEDC-UHFFFAOYSA-N,309.47
"Ethanol, 2-(1-methylethoxy)-, acetate",CC(C)OCCOC(=O)C,4526,19234-20-9,HCDJVEYJSSTYSW-UHFFFAOYSA-N,146.18
"Ethanol, 2-(didodecylamino)-",CCCCCCCCCCCCN(CCCCCCCCCCCC)CCO,3400,15214-78-5,YQFRJTDYLIBDED-UHFFFAOYSA-N,397.7
"Ethanol, 2-(ethenylthio)-",C=CSCCO,7155,3090-56-0,CJDXLHTYSXHWDC-UHFFFAOYSA-N,104.17
"Ethanol, 2-[2-[2-[2-(4-nonylphenoxy)ethoxy]ethoxy]ethoxy]-",CCCCCCCCCC1=CC=C(C=C1)OCCOCCOCCOCCO,13137,7311-27-5,UTXPMECBRCEYCI-UHFFFAOYSA-N,396.6
"Ethanol, 2-[[2-[(2-aminoethyl)amino]ethyl]amino]-",C(CNCCNCCO)N,4603,1965-29-3,HVOBSBRYQIYZNY-UHFFFAOYSA-N,147.22
"Ethanol, 2-[methyl(4-methylphenyl)amino]-",CC1=CC=C(C=C1)N(C)CCO,6682,2842-44-6,HXCWOOAEAHVMBJ-UHFFFAOYSA-N,165.23
"Ethanone, 1,2-diphenyl-2-[(tetrahydro-2H-pyran-2-yl)oxy]-",C1CCOC(C1)OC(C2=CC=CC=C2)C(=O)C3=CC=CC=C3,9261,51706-34-4,DNNDHIKCLIZHBH-UHFFFAOYSA-N,296.4
"Ethanone, 1-(1,2,3,4,6,7,8,8a-octahydro-2,3,8,8-tetramethyl-2-naphthalenyl)-",CC1CC2=CCCC(C2CC1(C)C(=O)C)(C)C,12015,68155-67-9,YLWIXGWLTDBBHL-UHFFFAOYSA-N,234.38
"Ethanone, 1-(2,2-dimethylcyclopentyl)-",CC(=O)C1CCCC1(C)C,7869,3664-75-3,COQNBWSAGJABEB-UHFFFAOYSA-N,140.22
"Ethanone, 1-(5,6,7,8-tetrahydro-2,8,8-trimethyl-4H-cyclohepta[b]furan-5-yl)-",CC1=CC2=C(O1)C(CCC(C2)C(=O)C)(C)C,12939,71596-88-8,KFMKURGCUHDJLK-UHFFFAOYSA-N,220.31
Ethenyl-carbamic acid,C=CNC(=O)O,7606,34325-66-1,PEOHLVWFSVQRLK-UHFFFAOYSA-N,87.08
"Ether, 1-methylallyl phenyl",CC(C=C)OC1=CC=CC=C1,5151,22509-78-0,DTMRXFIDQOGVJS-UHFFFAOYSA-N,148.2
"Ether, ethyl heptafluoroisobutenyl",CCOC(=C(C(F)(F)F)C(F)(F)F)F,7788,360-58-7,BSZWZZSFVRISOG-UHFFFAOYSA-N,226.09
Ethion,CCOP(=S)(OCC)SCSP(=S)(OCC)OCC,9947,563-12-2,RIZMRRKBZQXFOY-UHFFFAOYSA-N,384.5
Ethoxycarbonylmethyl ethyl phthalate,CCOC(=O)COC(=O)C1=CC=CC=C1C(=O)OCC,14462,84-72-0,PZBLUWVMZMXIKZ-UHFFFAOYSA-N,280.27
Ethoxycarbonylmethyl methyl phthalate,CCOC(=O)COC(=O)C1=CC=CC=C1C(=O)OC,14577,85-71-2,OYMDOVKIWFMTAW-UHFFFAOYSA-N,266.25
Ethoxydimethylvinylsilane,CCO[Si](C)(C)C=C,9540,5356-83-2,JEWCZPTVOYXPGG-UHFFFAOYSA-N,130.26
Ethoxypropanol,CCC(O)OCC,9317,52125-53-8,JLBXCKSMESLGTJ-UHFFFAOYSA-N,104.15
Ethoxypropanol butyl ether,CCCCOCCCOCC,2403,1321-63-7,BJVNUVBIMGZEPV-UHFFFAOYSA-N,160.25
Ethoxypropyl acetate,CCOC(C)COC(=O)C,16028,98516-30-4,KBGLIBWPBYLNNK-UHFFFAOYSA-N,146.18
Ethoxyquin,CCOC1=CC2=C(C=C1)NC(C=C2C)(C)C,15342,91-53-2,DECIPOUIJURFOJ-UHFFFAOYSA-N,217.31
Ethoxytrimethylsilane,CCO[Si](C)(C)C,4285,1825-62-3,RSIHJDGMBDPTIM-UHFFFAOYSA-N,118.25
ethyl (2E)-2-cyano-3-(4-hydroxy-3-methoxyphenyl)prop-2-enoate,CCOC(=O)/C(=C/C1=CC(=C(C=C1)O)OC)/C#N,2542,13373-29-0,WQWLESVDQFOXPT-UXBLZVDNSA-N,247.25
"Ethyl 2,4,6-trimethylbenzoate",CCOC(=O)C1=C(C=C(C=C1C)C)C,4130,1754-55-8,ZXTXIZPSMQCYBN-UHFFFAOYSA-N,192.25
"Ethyl 2,4-dichlorophenoxyacetate",CCOC(=O)COC1=C(C=C(C=C1)Cl)Cl,9500,533-23-3,JSLBZIVMVVHMDJ-UHFFFAOYSA-N,249.09
"Ethyl 2-(5-amino-1,3,4-thiadiazol-2-yl)acetate",CCOC(=O)CC1=NN=C(S1)N,14881,88124-55-4,AHRAVYTUHNLCHS-UHFFFAOYSA-N,187.22
Ethyl 2-[(1-chloro-9-oxo-9H-thioxanthen-4-yl)oxy]acetate,CCOC(=O)COC1=C2C(=C(C=C1)Cl)C(=O)C3=CC=CC=C3S2,90,1003315-69-2,VQGRHMLEZISFRB-UHFFFAOYSA-N,348.8
Ethyl 2-benzoylbenzoate,CCOC(=O)C1=CC=CC=C1C(=O)C2=CC=CC=C2,10512,604-61-5,CGWFVEFHQWJOKI-UHFFFAOYSA-N,254.28
"Ethyl 2-cyano-3,3-diphenylacrylate",CCOC(=O)C(=C(C1=CC=CC=C1)C2=CC=CC=C2)C#N,9349,5232-99-5,IAJNXBNRYMEYAZ-UHFFFAOYSA-N,277.3
Ethyl 2-cyanoacrylate,CCOC(=O)C(=C)C#N,12815,7085-85-0,FGBJXOREULPLGL-UHFFFAOYSA-N,125.13
Ethyl 2-methylbutyrate,CCC(C)C(=O)OCC,13380,7452-79-1,HCRBXQFHJMCTLF-UHFFFAOYSA-N,130.18
Ethyl 2-methylpentanoate,CCCC(C)C(=O)OCC,8155,39255-32-8,HZPKNSYIDSNZKW-UHFFFAOYSA-N,144.21
"Ethyl 3,3-bis(tert-amylperoxy)butyrate",CCC(C)(C)OOC(C)(CC(=O)OCC)OOC(C)(C)CC,11767,67567-23-1,NICWAKGKDIAMOD-UHFFFAOYSA-N,320.42
"Ethyl 3,3-diethoxyacrylate",CCOC(=CC(=O)OCC)OCC,7312,32002-24-7,POJGRKZMYVJCST-UHFFFAOYSA-N,188.22
"Ethyl 3,3-diethoxypropionate",CCOC(CC(=O)OCC)OCC,687,10601-80-6,SIALOQYKFQEKOG-UHFFFAOYSA-N,190.24
"Ethyl 3,4-dihydroxybenzoate",CCOC(=O)C1=CC(=C(C=C1)O)O,8183,3943-89-3,KBPUBCVJHFXPOC-UHFFFAOYSA-N,182.17
"Ethyl 3-(3,5-di-tert-butyl-4-hydroxyphenyl)propanoate",CCOC(=O)CCC1=CC(=C(C(=C1)C(C)(C)C)O)C(C)(C)C,7813,36294-24-3,ZCWSUZJGZZFSHM-UHFFFAOYSA-N,306.4
Ethyl 3-ethoxypropionate,CCOCCC(=O)OCC,13621,763-69-9,BHXIWUJLHYHGSJ-UHFFFAOYSA-N,146.18
Ethyl 3-hydroxyhexanoate,CCCC(CC(=O)OCC)O,5215,2305-25-1,LYRIITRHDCNUHV-UHFFFAOYSA-N,160.21
Ethyl 4-(((benzyl(4-(ethoxycarbonyl)phenyl)amino)methylene)amino)benzoate,CCOC(=O)C1=CC=C(C=C1)N=CN(CC2=CC=CC=C2)C3=CC=C(C=C3)C(=O)OCC,10273,586400-06-8,WHRPFDOAMQIPQF-UHFFFAOYSA-N,430.5
Ethyl 4-(dimethylamino)butanoate,CCOC(=O)CCCN(C)C,5053,22041-23-2,FNOBLETXVSZOGS-UHFFFAOYSA-N,159.23
Ethyl 4-({5-ethyl-2-[(phenylcarbonyl)amino]thiophen-3-yl}methyl)piperazine-1-carboxylate,CCC1=CC(=C(S1)NC(=O)C2=CC=CC=C2)CN3CCN(CC3)C(=O)OCC,16300,6911-45-1,NXNBQTKAIDIYCE-UHFFFAOYSA-N,401.5
Ethyl 4-[[(methylphenylamino)methylene]amino]benzoate,CCOC(=O)C1=CC=C(C=C1)N=CN(C)C2=CC=CC=C2,10161,57834-33-0,GNGYPJUKIKDJQT-UHFFFAOYSA-N,282.34
Ethyl 4-dimethylaminobenzoate,CCOC(=O)C1=CC=C(C=C1)N(C)C,354,10287-53-3,FZUGPQWGEGAKET-UHFFFAOYSA-N,193.24
Ethyl 4-ethoxybenzoate,CCOC1=CC=C(C=C1)C(=O)OCC,5285,23676-09-7,HRAQMGWTPNOILP-UHFFFAOYSA-N,194.23
Ethyl 5-oxohexanoate,CCOC(=O)CCCC(=O)C,2913,13984-57-1,MGPSIDGTLFKDEY-UHFFFAOYSA-N,158.19
Ethyl 8-[3-[(3-pentyloxiran-2-yl)methyl]oxiran-2-yl]octanoate,CCCCCC1C(O1)CC2C(O2)CCCCCCCC(=O)OCC,36,1000368-53-5,HPGHRGIPHODCEW-UHFFFAOYSA-N,340.5
Ethyl 9-hexadecenoate,CCCCCC/C=C/CCCCCCCC(=O)OCC,9695,54546-22-4,JELGPLUONQGOHF-MDZDMXLPSA-N,282.5
Ethyl 9-oxo-9H-thioxanthene-2-carboxylate,CCOC(=O)C1=CC2=C(C=C1)SC3=CC=CC=C3C2=O,14429,83817-60-1,PKUZBJXWIOTQFQ-UHFFFAOYSA-N,284.3
Ethyl abietate,CCOC(=O)[C@@]1(CCC[C@]2([C@H]1CC=C3[C@@H]2CCC(=C3)C(C)C)C)C,11082,631-71-0,AGUBCDYYAKENKG-YVNJGZBMSA-N,330.5
Ethyl Acetate,CCOC(=O)C,2985,141-78-6,XEKOWRVHYACXOJ-UHFFFAOYSA-N,88.11
Ethyl acetoacetate,CCOC(=O)CC(=O)C,2989,141-97-9,XYIBRDXRRQCHLP-UHFFFAOYSA-N,130.14
Ethyl acrylate,CCOC(=O)C=C,2929,140-88-5,JIGUQPWFLRLWPJ-UHFFFAOYSA-N,100.12
Ethyl arachidate,CCCCCCCCCCCCCCCCCCCC(=O)OCC,4297,18281-05-5,YBKSMWBLSBAFBQ-UHFFFAOYSA-N,340.6
Ethyl arachidonate,CCCCC/C=C\C/C=C\C/C=C\C/C=C\CCCC(=O)OCC,4240,1808-26-0,SNXPWYFWAZVIAU-GKFVBPDJSA-N,332.5
Ethyl benzoate,CCOC(=O)C1=CC=CC=C1,15562,93-89-0,MTZQAGJQAFMTAQ-UHFFFAOYSA-N,150.17
Ethyl butyrate,CCCC(=O)OCC,568,105-54-4,OBNCKNCVKJNDBV-UHFFFAOYSA-N,116.16
Ethyl cholate,CCOC(=O)CC[C@@H](C)[C@H]1CC[C@@H]2[C@@]1([C@H](C[C@H]3[C@H]2[C@@H](C[C@H]4[C@@]3(CC[C@H](C4)O)C)O)O)C,8905,47676-48-2,FPDXMWHJGOCDQJ-HZAMXZRMSA-N,436.6
Ethyl cholate,CCOC(=O)CC[C@@H](C)[C@H]1CC[C@@H]2[C@@]1([C@H](C[C@H]3[C@H]2[C@@H](C[C@H]4[C@@]3(CC[C@H](C4)O)C)O)O)C,16584,,FPDXMWHJGOCDQJ-HZAMXZRMSA-N,436.6
Ethyl cinnamate,CCOC(=O)/C=C/C1=CC=CC=C1,379,103-36-6,KBEBGUQPQBELIU-CMDGGOBGSA-N,176.21
Ethyl cyanoacetate,CCOC(=O)CC#N,570,105-56-6,ZIUSEGSNTOUIPT-UHFFFAOYSA-N,113.11
Ethyl decanoate,CCCCCCCCCC(=O)OCC,998,110-38-3,RGXWDWUGBIJHDO-UHFFFAOYSA-N,200.32
Ethyl diethoxyacetate,CCOC(C(=O)OCC)OCC,10533,6065-82-3,XCLBIKIQSCTANZ-UHFFFAOYSA-N,176.21
Ethyl dihydrogen phosphate,CCOP(=O)(O)O,3748,1623-14-9,ZJXZSIYSNXKHEA-UHFFFAOYSA-N,126.05
Ethyl dodecanoate,CCCCCCCCCCCC(=O)OCC,649,106-33-2,MMXKVMNBHPAILY-UHFFFAOYSA-N,228.37
Ethyl ferulate,CCOC(=O)/C=C/C1=CC(=C(C=C1)O)OC,8265,4046-02-0,ATJVZXXHKSYELS-FNORWQNLSA-N,222.24
Ethyl fluoroacetate,CCOC(=O)CF,8803,459-72-3,VCYZVXRKYPKDQB-UHFFFAOYSA-N,106.1
Ethyl formate,CCOC=O,955,109-94-4,WBJINCZRORDGAQ-UHFFFAOYSA-N,74.08
Ethyl heptadecanoate,CCCCCCCCCCCCCCCCC(=O)OCC,2936,14010-23-2,KNXMUFRWYNVISA-UHFFFAOYSA-N,298.5
Ethyl heptanoate,CCCCCCC(=O)OCC,646,106-30-9,TVQGDYNRXLTQAP-UHFFFAOYSA-N,158.24
Ethyl hexanoate,CCCCCC(=O)OCC,1926,123-66-0,SHZIWNPUGXLXDT-UHFFFAOYSA-N,144.21
Ethyl hydrogen sebacate,CCOC(=O)CCCCCCCCC(=O)O,12628,693-55-0,DLZCDMPHHUODDO-UHFFFAOYSA-N,230.3
Ethyl isopropyl ether,CCOC(C)C,10968,625-54-7,XSJVWZAETSBXKU-UHFFFAOYSA-N,88.15
Ethyl isothiocyanate,CCN=C=S,9640,542-85-8,HBNYJWAFDZLWRS-UHFFFAOYSA-N,87.15
Ethyl isovalerate,CCOC(=O)CC(C)C,874,108-64-5,PPXUHEORWJQRHJ-UHFFFAOYSA-N,130.18
Ethyl lactate,CCOC(=O)C(C)O,15926,97-64-3,LZCLXQDLBQLTDK-UHFFFAOYSA-N,118.13
Ethyl linalool,CC/C(=C/CCC(C)(C=C)O)/C,416,10339-55-6,KRLBLPBPZSSIGH-CSKARUKUSA-N,168.28
Ethyl Linoleate,CCCCC/C=C\C/C=C\CCCCCCCC(=O)OCC,9668,544-35-4,FMMOOAYVCKXGMF-MURFETPASA-N,308.5
Ethyl linolenate,CC/C=C\C/C=C\C/C=C\CCCCCCCC(=O)OCC,1525,1191-41-9,JYYFMIOPGOFNPK-AGRJPVHOSA-N,306.5
Ethyl maltol,CCC1=C(C(=O)C=CO1)O,8976,4940-11-8,YIKYNHJUKRTCJL-UHFFFAOYSA-N,140.14
Ethyl methacrylate,CCOC(=O)C(=C)C,15925,97-63-2,SUPCQIBBMFXVTL-UHFFFAOYSA-N,114.14
Ethyl methyl adipate,CCOC(=O)CCCCC(=O)OC,4440,18891-13-9,CWOVOJUKEQPFBA-UHFFFAOYSA-N,188.22
Ethyl methyl terephthalate,CCOC(=O)C1=CC=C(C=C1)C(=O)OC,5079,22163-52-6,SGPZSOQUJLFTMQ-UHFFFAOYSA-N,208.21
"Ethyl methylphenylglycidate, (E)-",CCOC(=O)[C@H]1[C@](O1)(C)C2=CC=CC=C2,4569,19464-92-7,LQKRYVGRPXFFAV-JQWIXIFHSA-N,206.24
"Ethyl N,N-bis(hydroxymethyl)carbamate",CCOC(=O)N(CO)CO,8120,3883-23-6,UPOVSWVIQVHMOK-UHFFFAOYSA-N,149.15
"ethyl N-(5-chloro-3-(4-(diethylamino)-2-methylphenylimino)-4-methyl-6-oxo-1,4-cyclohexadienyl)carbamate",CCN(CC)C1=CC(=C(C=C1)N=C[C@H]2C=C(C(=O)C(=C2C)Cl)NC(=O)OCC)C,2040,125630-94-6,PXALOSRQFNJYSK-MRXNPFEDSA-N,417.9
Ethyl nitroacetate,CCOC(=O)C[N+](=O)[O-],10979,626-35-7,FTKASJMIPSSXBP-UHFFFAOYSA-N,133.1
Ethyl nonanoate,CCCCCCCCC(=O)OCC,1911,123-29-5,BYEVBITUADOIGY-UHFFFAOYSA-N,186.29
Ethyl octanoate,CCCCCCCC(=O)OCC,648,106-32-1,YYZUSRORWSJGET-UHFFFAOYSA-N,172.26
Ethyl oleate,CCCCCCCC/C=C\CCCCCCCC(=O)OCC,1108,111-62-6,LVGKNOAMLMIIKO-QXMHVHEDSA-N,310.5
Ethyl p-toluenesulfonate,CCOS(=O)(=O)C1=CC=C(C=C1)C,14097,80-40-0,VRZVPALEJCLXPR-UHFFFAOYSA-N,200.26
Ethyl palmitate,CCCCCCCCCCCCCCCC(=O)OCC,11014,628-97-7,XIRNKXNNONJFQO-UHFFFAOYSA-N,284.5
Ethyl pentadecanoate,CCCCCCCCCCCCCCC(=O)OCC,8326,41114-00-5,PTEYJUIKYIKULL-UHFFFAOYSA-N,270.5
Ethyl perfluorooctanoate,CCOC(=O)C(C(C(C(C(C(C(F)(F)F)(F)F)(F)F)(F)F)(F)F)(F)F)(F)F,7174,3108-24-5,JTOFFHFAQBLPTM-UHFFFAOYSA-N,442.12
Ethyl phenoxyacetate,CCOC(=O)COC1=CC=CC=C1,5900,2555-49-9,MGZFVSUXQXCEHM-UHFFFAOYSA-N,180.2
"Ethyl phenyl(2,4,6-trimethylbenzoyl)phosphinate",CCOP(=O)(C1=CC=CC=C1)C(=O)C2=C(C=C(C=C2C)C)C,14499,84434-11-7,ZMDDERVSCYEKPQ-UHFFFAOYSA-N,316.3
Ethyl phenylacetate,CCOC(=O)CC1=CC=CC=C1,177,101-97-3,DULCUDSUACXJJC-UHFFFAOYSA-N,164.2
Ethyl propionate,CCC(=O)OCC,563,105-37-3,FKRCODPIKNYEAC-UHFFFAOYSA-N,102.13
Ethyl salicylate,CCOC(=O)C1=CC=CC=C1O,1462,118-61-6,GYCKQBWUSACYIF-UHFFFAOYSA-N,166.17
Ethyl stearate,CCCCCCCCCCCCCCCCCC(=O)OCC,1107,111-61-5,MVLVMROFTAUDAG-UHFFFAOYSA-N,312.5
Ethyl tetracosanoate,CCCCCCCCCCCCCCCCCCCCCCCC(=O)OCC,5491,24634-95-5,AKXFYSSXNQQBNT-UHFFFAOYSA-N,396.7
Ethyl tetradecanoate,CCCCCCCCCCCCCC(=O)OCC,1971,124-06-1,MMKRHZKQPFCLLS-UHFFFAOYSA-N,256.42
Ethyl tetrahydrofurfuryl ether,CCOCC1CCCO1,10956,62435-71-6,VUFKMYLDDDNUJS-UHFFFAOYSA-N,130.18
Ethyl thioglycolate,CCOC(=O)CS,10932,623-51-8,PVBRSNZAOAJRKO-UHFFFAOYSA-N,120.17
Ethyl trans-2-decenoate,CCCCCCC/C=C/C(=O)OCC,13198,7367-88-6,GNJARWZWODMTDR-ZHACJKMWSA-N,198.3
Ethyl trihydrogen orthosilicate,CCO[Si](O)(O)O,1060,1109-96-2,JKGITWJSGDFJKO-UHFFFAOYSA-N,124.17
Ethyl vanillin,CCOC1=C(C=CC(=C1)C=O)O,1719,121-32-4,CBOQJANXLMLOSS-UHFFFAOYSA-N,166.17
Ethyl vinyl ether,CCOC=C,954,109-92-2,FJKIXWOMBXYWOQ-UHFFFAOYSA-N,72.11
Ethyl(1-phenylethyl)benzene,CCC1=CC=CC=C1C(C)C2=CC=CC=C2,4448,18908-70-8,SCKLXKXVABYWRC-UHFFFAOYSA-N,210.31
Ethylamine,CCN,13454,75-04-7,QUSNBJAOOMFDIB-UHFFFAOYSA-N,45.08
Ethylbenzene,CCC1=CC=CC=C1,10,100-41-4,YNQLUTRBYVCPMQ-UHFFFAOYSA-N,106.16
Ethylcyclohexane,CCC1CCCCC1,3919,1678-91-7,IIEWJVIFRVWJOD-UHFFFAOYSA-N,112.21
Ethylcyclooctane,CCC1CCCCCCC1,2347,13152-02-8,FBGUQAGGWLRXTP-UHFFFAOYSA-N,140.27
Ethylene,C=C,13230,74-85-1,VGGSQFUCUMXWEO-UHFFFAOYSA-N,28.05
Ethylene bis(3-mercaptopropionate),C(CS)C(=O)OCCOC(=O)CCS,5150,22504-50-3,HAQZWTGSNCDKTK-UHFFFAOYSA-N,238.3
Ethylene bisacrylamide,C=CC(=O)NCCNC(=O)C=C,6879,2956-58-3,AYGYHGXUJBFUJU-UHFFFAOYSA-N,168.19
Ethylene bromoacetate,C(COC(=O)CBr)OC(=O)CBr,8029,3785-34-0,WGHAPLWNJPAJDE-UHFFFAOYSA-N,303.93
Ethylene carbonate,C1COC(=O)O1,15881,96-49-1,KMTRUDSVKNLOMY-UHFFFAOYSA-N,88.06
Ethylene dibenzoate,C1=CC=C(C=C1)C(=O)OCCOC(=O)C2=CC=CC=C2,15663,94-49-5,XFDQLDNQZFOAFK-UHFFFAOYSA-N,270.28
Ethylene formate,C(COC=O)OC=O,11024,629-15-2,IKCQWKJZLSDDSS-UHFFFAOYSA-N,118.09
Ethylene Glycol,C(CO)O,762,107-21-1,LYCAIKOWRPUZTN-UHFFFAOYSA-N,62.07
Ethylene glycol acrylate phthalate,C=CC(=O)OCCOC(=O)C1=CC=CC=C1C(=O)O,7098,30697-40-6,RKYJPYDJNQXILT-UHFFFAOYSA-N,264.23
Ethylene glycol diacetate,CC(=O)OCCOC(=O)C,1103,111-55-7,JTXMVXSTHSMVQF-UHFFFAOYSA-N,146.14
Ethylene glycol diacrylate,C=CC(=O)OCCOC(=O)C=C,5178,2274-11-5,KUDUQBURMYMBIJ-UHFFFAOYSA-N,170.16
Ethylene glycol diglycidyl ether,C1C(O1)COCCOCC2CO2,5091,2224-15-9,AOBIOSPNXBMOAT-UHFFFAOYSA-N,174.19
Ethylene glycol methacrylate phosphate,CC(=C)C(=O)OCCOP(=O)(O)O,5478,24599-21-1,SEILKFZTLVMHRR-UHFFFAOYSA-N,210.12
Ethylene glycol monoethyl ether ricinoleate,CCCCCC[C@H](C/C=C\CCCCCCCC(=O)OCCOCC)O,86,10031-89-7,DGMXBTUFCYOVFU-YXAHYSCSSA-N,370.6
Ethylene glycol monohexadecyl ether,CCCCCCCCCCCCCCCCOCCO,12636,69364-63-2,FSAMVJAGJWGWTQ-UHFFFAOYSA-N,286.5
Ethylene glycol monostearate,CCCCCCCCCCCCCCCCCC(=O)OCCO,1106,111-60-4,RFVNOJDQRGSOEL-UHFFFAOYSA-N,328.5
Ethylene Oxide,C1CO1,13461,75-21-8,IAYPIBMASNFSPL-UHFFFAOYSA-N,44.05
Ethylene terephthalate,C1=CC(=CC=C1C(=O)O)C(=O)OCCOC(=O)C2=CC=C(C=C2)C(=O)O,5094,2225-05-0,WFBOYZZQPYDMKX-UHFFFAOYSA-N,358.3
Ethylene thiourea,C1CNC(=S)N1,15879,96-45-7,PDQAZBWRQCGBEV-UHFFFAOYSA-N,102.16
Ethylenediamine,C(CN)N,760,107-15-3,PIICEJLVQHRZGT-UHFFFAOYSA-N,60.1
Ethylidenecyclooctane,CC=C1CCCCCCC1,4625,19780-51-9,WSOKCFIRHYCWJE-UHFFFAOYSA-N,138.25
Ethylmalonic acid dibutyl ester,CCCCOC(=O)C(CC)C(=O)OCCCC,1156,1113-92-4,IYHANSLELCOANS-UHFFFAOYSA-N,244.33
Ethylparaben,CCOC(=O)C1=CC=C(C=C1)O,1571,120-47-8,NUVBSKCKDOMJSU-UHFFFAOYSA-N,166.17
Ethylparaben,CCOC(=O)C1=CC=C(C=C1)O,14998,9001-05-2,NUVBSKCKDOMJSU-UHFFFAOYSA-N,166.17
Ethyltriacetoxysilane,CC[Si](OC(=O)C)(OC(=O)C)OC(=O)C,4162,17689-77-9,KXJLGCBCRCSXQF-UHFFFAOYSA-N,234.28
Ethyltrichlorosilane,CC[Si](Cl)(Cl)Cl,1358,115-21-9,ZOYFEXPFPVDYIS-UHFFFAOYSA-N,163.5
Ethyltrimethoxysilane,CC[Si](OC)(OC)OC,9486,5314-55-6,SBRXLTRZCJVAPH-UHFFFAOYSA-N,150.25
Ethylurea,CCNC(=O)N,15121,9009-54-5,RYECOJGRJDOGPP-UHFFFAOYSA-N,88.11
Etidronic Acid,CC(O)(P(=O)(O)O)P(=O)(O)O,6629,2809-21-4,DBVJJBKOTRCVKF-UHFFFAOYSA-N,206.03
Etienic acid,C[C@]12CC[C@H]3[C@H]([C@@H]1CC[C@@H]2C(=O)O)CCC4=CC(=O)CC[C@]34C,6995,302-97-6,YQACAXHKQZCEOI-UDCWSGSHSA-N,316.4
Etofenprox,CCOC1=CC=C(C=C1)C(C)(C)COCC2=CC(=CC=C2)OC3=CC=CC=C3,14253,80844-07-1,YREQHYQNNWYQCJ-UHFFFAOYSA-N,376.5
Etonogestrel,CC[C@]12CC(=C)[C@H]3[C@H]([C@@H]1CC[C@]2(C#C)O)CCC4=CC(=O)CC[C@H]34,9604,54048-10-1,GCKFUYQCUCGESZ-BPIQYHPVSA-N,324.5
Etoxazole,CCOC1=C(C=CC(=C1)C(C)(C)C)C2COC(=N2)C3=C(C=CC=C3F)F,3430,153233-91-1,IXSZQYVWNJNRAL-UHFFFAOYSA-N,359.4
Eucalyptol,CC1(C2CCC(O1)(CC2)C)C,8862,470-82-6,WEEGYLXZBRQIMU-UHFFFAOYSA-N,154.25
Eucarvone,CC1=CC=CC(CC1=O)(C)C,9061,503-93-5,QNGQIURXCUHNAT-UHFFFAOYSA-N,150.22
Eugenol,COC1=C(C=CC(=C1)CC=C)O,15920,97-53-0,RRAFCDWBNXTKKO-UHFFFAOYSA-N,164.2
Eugenol acetate,CC(=O)OC1=C(C=C(C=C1)CC=C)OC,15547,93-28-7,SCCDQYPEOIRVGX-UHFFFAOYSA-N,206.24
Felbinac,C1=CC=C(C=C1)C2=CC=C(C=C2)CC(=O)O,10091,5728-52-9,QRZAKQDHEVVFRX-UHFFFAOYSA-N,212.24
Fenchol,CC1(C2CCC(C2)(C1O)C)C,3796,1632-73-1,IAIHUHQCLTYTSF-UHFFFAOYSA-N,154.25
Fenchone,CC1(C2CCC(C2)(C1=O)C)C,1551,1195-79-5,LHXDLQBQYFFVNW-UHFFFAOYSA-N,152.23
Fenitrothion,CC1=C(C=CC(=C1)OP(=S)(OC)OC)[N+](=O)[O-],1784,122-14-5,ZNOLGFHPUIJIMJ-UHFFFAOYSA-N,277.24
Fenoxycarb,CCOC(=O)NCCOC1=CC=C(C=C1)OC2=CC=CC=C2,13057,72490-01-8,HJUFTIJOISQSKQ-UHFFFAOYSA-N,301.34
Fenpropimorph,C[C@@H]1CN(C[C@@H](O1)C)CC(C)CC2=CC=C(C=C2)C(C)(C)C,11766,67564-91-4,RYAUSSKQMZRMAI-ALOPSCKCSA-N,303.5
Fenthion,CC1=C(C=CC(=C1)OP(=S)(OC)OC)SC,9751,55-38-9,PNVJTZOFSHSLTO-UHFFFAOYSA-N,278.3
Fenuron,CN(C)C(=O)NC1=CC=CC=C1,158,101-42-8,XXOYNJXVWVNOOJ-UHFFFAOYSA-N,164.2
Fipronil,C1=C(C=C(C(=C1Cl)N2C(=C(C(=N2)C#N)S(=O)C(F)(F)F)N)Cl)C(F)(F)F,1621,120068-37-3,ZOCSXAVNDGMNBV-UHFFFAOYSA-N,437.1
Flavanthrone,C1=CC=C2C(=C1)C3=NC4=C5C6=C(C=C4)C(=O)C7=CC=CC=C7C6=NC8=C5C3=C(C2=O)C=C8,8898,475-71-8,KJPJZBYFYBYKPK-UHFFFAOYSA-N,408.4
Fludioxonil,C1=CC(=C2C(=C1)OC(O2)(F)F)C3=CNC=C3C#N,2321,131341-86-1,MUJOIMFVNIBMKC-UHFFFAOYSA-N,248.18
Flufenoxuron,C1=CC(=C(C(=C1)F)C(=O)NC(=O)NC2=C(C=C(C=C2)OC3=C(C=C(C=C3)C(F)(F)F)Cl)F)F,248,101463-69-8,RYLHNOVXKPXDIP-UHFFFAOYSA-N,488.8
Fluometuron,CN(C)C(=O)NC1=CC=CC(=C1)C(F)(F)F,4984,2164-17-2,RZILCCPWPBTYDO-UHFFFAOYSA-N,232.2
Fluoranthene,C1=CC=C2C(=C1)C3=CC=CC4=C3C2=CC=C4,4791,206-44-0,GVEPBJHOBDJJJI-UHFFFAOYSA-N,202.25
"Fluoranthene-1,2,3,4,5,6,7,8,9,10-d10",[2H]C1=C(C(=C2C(=C1[2H])C3=C(C(=C(C4=C3C2=C(C(=C4[2H])[2H])[2H])[2H])[2H])[2H])[2H])[2H],15647,93951-69-0,GVEPBJHOBDJJJI-LHNTUAQVSA-N,212.31
Fluorene,C1C2=CC=CC=C2C3=CC=CC=C31,14729,86-73-7,NIHNNTQXNPWCJQ-UHFFFAOYSA-N,166.22
Fluorene-d10,[2H]C1=C(C(=C2C(=C1[2H])C3=C(C(=C(C(=C3C2([2H])[2H])[2H])[2H])[2H])[2H])[2H])[2H],14276,81103-79-9,NIHNNTQXNPWCJQ-QNNBDYQESA-N,176.28
Fluorescent brightener 121,C1CN(N=C1C2=CC=C(C=C2)Cl)C3=CC=C(C=C3)S(=O)(=O)N,6504,2744-49-2,VZTHUHAJEZPWNC-UHFFFAOYSA-N,335.8
Fluorobenzene,C1=CC=C(C=C1)F,8816,462-06-6,PYLWMHQQBFSUBP-UHFFFAOYSA-N,96.1
Folpet,C1=CC=C2C(=C1)C(=O)N(C2=O)SC(Cl)(Cl)Cl,2477,133-07-3,HKIOYBQGHSTUDB-UHFFFAOYSA-N,296.6
Fonofos,CCOP(=S)(CC)SC1=CC=CC=C1,15714,944-22-9,KVGLBTYUCJYMND-UHFFFAOYSA-N,246.3
Formaldehyde,C=O,7054,30525-89-4,WSFSSNUMVMOOMR-UHFFFAOYSA-N,30.026
Formaldehyde,C=O,9020,50-00-0,WSFSSNUMVMOOMR-UHFFFAOYSA-N,30.026
Formamide,C(=O)N,13459,75-12-7,ZHNUHDYFZUAESO-UHFFFAOYSA-N,45.041
"Formamide, N,N'-1,6-hexanediylbis[N-(2,2,6,6-tetramethyl-4-piperidinyl)-",CC1(CC(CC(N1)(C)C)N(CCCCCCN(C=O)C2CC(NC(C2)(C)C)(C)C)C=O)C,2001,124172-53-8,UONLDZHKYCFZRW-UHFFFAOYSA-N,450.7
Formic Acid,C(=O)O,11246,64-18-6,BDAGIHXWWSANSR-UHFFFAOYSA-N,46.025
"Formic acid, 8-formyloxymethyl-2-isopropyl-5-methyl-bicyclo[3.2.1]oct-6-en-6-ylmethyl ester",CC(C)C1CCC2(C(C1C=C2COC=O)COC=O)C,17168,,GGHSHMDDLQQHQC-UHFFFAOYSA-N,280.36
Formylurea,C(=O)NC(=O)N,1514,1190-24-5,JOWMUPQBELRFRZ-UHFFFAOYSA-N,88.07
Fumaric Acid,C(=C/C(=O)O)\C(=O)O,985,110-17-8,VZCYOOQTPOCHFL-OWOJBTEDSA-N,116.07
"Fumaric acid, 2-ethylhexyl 2,2,3,3-tetrafluoropropyl ester",CCCCC(CC)COC(=O)/C=C/C(=O)OCC(C(F)F)(F)F,16585,,IKRJXJOZTVGTLH-BQYQJAHWSA-N,342.33
"Fumaric acid, 2-ethylhexyl undecyl ester",CCCCCCCCCCCOC(=O)/C=C/C(=O)OCC(CC)CCCC,17888,,IJMSWLBTOXYCCD-ISLYRVAYSA-N,382.6
"Fumaric acid, 2-octyl tridec-2-yn-1-yl ester",CCCCCCCCCCC#CCOC(=O)/C=C/C(=O)OC(C)CCCCCC,17169,,QKQPEZIKBVGYQM-QZQOTICOSA-N,406.6
Furan,C1=COC=C1,977,110-00-9,YLQBMQCUIZJEEH-UHFFFAOYSA-N,68.07
"Furan, 2-[2-[4-(1-methylethyl)phenyl]cyclopropyl]-",CC(C)C1=CC=C(C=C1)C2CC2C3=CC=CO3,14547,84922-05-4,DFAGZULMEQUZCH-UHFFFAOYSA-N,226.31
"Furan-2,5-dicarbaldehyde",C1=C(OC(=C1)C=O)C=O,14334,823-82-5,PXJJKVNIMAZHCB-UHFFFAOYSA-N,124.09
Furfural,C1=COC(=C1)C=O,15985,98-01-1,HYBBIBNJHNGZAN-UHFFFAOYSA-N,96.08
Furfuryl alcohol,C1=COC(=C1)CO,15984,98-00-0,XPFVYQJUAUNWIW-UHFFFAOYSA-N,98.1
Furopelargone A,C[C@H]1CC[C@H]([C@H]1C2=C(C=CO2)C(C)C)C(=O)C,1343,1143-45-9,DVIZGXBTTFXQQC-BPNCWPANSA-N,234.33
Gadoleic Acid,CCCCCCCCCC/C=C\CCCCCCCC(=O)O,6819,29204-02-2,LQJBNNIYVWPHFW-QXMHVHEDSA-N,310.5
Galaxolide,CC1COCC2=CC3=C(C=C12)C(C(C3(C)C)C)(C)C,1813,1222-05-5,ONKNPOPIGWHAQC-UHFFFAOYSA-N,258.4
Galaxolidone,CC1COC(=O)C2=CC3=C(C=C12)C(C(C3(C)C)C)(C)C,9118,507442-49-1,PGMHPYRIXBRRQD-UHFFFAOYSA-N,272.4
"gamma-BISABOLENE, (E)-",CC1=CC/C(=C(\C)/CCC=C(C)C)/CC1,9545,53585-13-0,XBGUIVFBMBVUEG-PFONDFGASA-N,204.35
"gamma-Bisabolene, (Z)-",CC1=CC/C(=C(/C)\CCC=C(C)C)/CC1,2254,13062-00-5,XBGUIVFBMBVUEG-CCEZHUSRSA-N,204.35
gamma-Butyrolactone,C1CC(=O)OC1,15880,96-48-0,YEJRWHAVMIAJKC-UHFFFAOYSA-N,86.09
gamma-Camphorene,CC(=CCCC1=CCCC(C1)C(=C)CCC=C(C)C)C,4664,20016-73-3,OIRFZVJHADZVMD-UHFFFAOYSA-N,272.5
gamma-Caprolactone,CCC1CCC(=O)O1,12655,695-06-7,JBFHTYHTHYHCDJ-UHFFFAOYSA-N,114.14
gamma-Caprolactone,CCC1CCC(=O)O1,17432,,JBFHTYHTHYHCDJ-UHFFFAOYSA-N,114.14
gamma-Decalactone,CCCCCCC1CCC(=O)O1,12788,706-14-9,IFYYFLINQYPWGJ-UHFFFAOYSA-N,170.25
gamma-Dodecalactone,CCCCCCCCC1CCC(=O)O1,5214,2305-05-7,WGPCZPLRVAWXPW-UHFFFAOYSA-N,198.3
gamma-EUDESMOL,CC1=C2C[C@@H](CC[C@]2(CCC1)C)C(C)(C)O,1710,1209-71-8,WMOPMQRJLLIEJV-IUODEOHRSA-N,222.37
gamma-Gurjunene,CC1CCC(C=C2C1CCC2C)C(=C)C,5157,22567-17-5,DUYRYUZIBGFLDD-UHFFFAOYSA-N,204.35
gamma-Heptalactone,CCCC1CCC(=O)O1,560,105-21-5,VLSVVMPLPMNWBH-UHFFFAOYSA-N,128.17
gamma-Irone,C[C@@H]1CCC(=C)[C@@H](C1(C)C)/C=C/C(=O)C,14046,79-68-5,MVPDTCQYNRKWJA-UZPJXDOOSA-N,206.32
gamma-Linolenic acid,CCCCC/C=C\C/C=C\C/C=C\CCCCC(=O)O,9092,506-26-3,VZCCETWTMQHEPK-QNEBEIHSSA-N,278.4
Gamma-nonalactone,CCCCCC1CCC(=O)O1,494,104-61-0,OALYTRUKMRCXNH-UHFFFAOYSA-N,156.22
gamma-Octalactone,CCCCC1CCC(=O)O1,490,104-50-7,IPBFYZQJXZJBFQ-UHFFFAOYSA-N,142.2
gamma-Stearolactone,CCCCCCCCCCCCCCC1CCC(=O)O1,9045,502-26-1,GYDWWIHJZSCRGV-UHFFFAOYSA-N,282.5
gamma-Terpinene,CC1=CCC(=CC1)C(C)C,16054,99-85-4,YKFLAYDHMOASIY-UHFFFAOYSA-N,136.23
gamma-Tetradecalactone,CCCCCCCCCCC1CCC(=O)O1,6456,2721-23-5,AGNLJNRENXLLQO-UHFFFAOYSA-N,226.35
gamma-Tocopherol,CC1=C(C=C2CC[C@@](OC2=C1C)(C)CCC[C@H](C)CCC[C@H](C)CCCC(C)C)O,9591,54-28-4,QUEDXNHFTDJVIY-DQCZWYHMSA-N,416.7
Gamma-undecalactone,CCCCCCCC1CCC(=O)O1,496,104-67-6,PHXATPHONSXBIL-UHFFFAOYSA-N,184.27
gamma-Valerolactone,CC1CCC(=O)O1,855,108-29-2,GAEKPEKOJKCEMS-UHFFFAOYSA-N,100.12
Geosmin,C[C@H]1CCC[C@@]2([C@@]1(CCCC2)O)C,4607,19700-21-1,JLPUXFOGCDVKGO-TUAOUCFPSA-N,182.3
Geraniol,CC(=CCC/C(=C/CO)/C)C,644,106-24-1,GLZPCOQZEFWAFX-JXMROGBWSA-N,154.25
Geranyl 2-methylbutyrate,CCC(C)C(=O)OC/C=C(\C)/CCC=C(C)C,12429,68705-63-5,PEQMAZJTEUEQJP-JLHYYAGUSA-N,238.37
Geranyl acetate,CC(=CCC/C(=C/COC(=O)C)/C)C,583,105-87-3,HIGQPQRQIQDZMP-DHZHZOJOSA-N,196.29
Geranyl hexanoate,CCCCCC(=O)OC/C=C(\C)/CCC=C(C)C,87,10032-02-7,ARVSCQUZFFSNKF-NTCAYCPXSA-N,252.39
Geranyl isovalerate,CC(C)CC(=O)OC/C=C(\C)/CCC=C(C)C,922,109-20-6,SOUKTGNMIRUIQN-NTEUORMPSA-N,238.37
Geranyl oleate,CCCCCCCC/C=C\CCCCCCCC(=O)OC/C=C(\C)/CCC=C(C)C,16318,81601-03-8,QCKYQBHVRCICQS-VBHPUSIBSA-N,418.7
Geranylacetone,CC(=CCC/C(=C/CCC(=O)C)/C)C,8037,3796-70-1,HNZUNIKWNYHEJJ-FMIVXFBMSA-N,194.31
Geranylgeraniol,CC(=CCC/C(=C/CC/C(=C/CC/C(=C/CO)/C)/C)/C)C,13605,7614-21-3,OJISWRZIEWCUBN-QIRCYJPOSA-N,290.5
Germacrene B,C/C/1=C\CC/C(=C/CC(=C(C)C)CC1)/C,3452,15423-57-1,GXEGJTGWYVZSNR-SJRHNVSNSA-N,204.35
Germacrene D,C/C/1=C\CCC(=C)/C=C/[C@@H](CC1)C(C)C,5353,23986-74-5,GAIBLDCXCZKKJE-RXJOXMPGSA-N,204.35
Germacrene D-4-ol,C/C/1=C\CCC(/C=C/C(CC1)C(C)C)(C)O,4648,198991-79-6,RHCTXHCNRLCYBN-BMCYRRRCSA-N,222.37
Gitoxigenin,C[C@]12CC[C@@H](C[C@H]1CC[C@@H]3[C@@H]2CC[C@]4([C@@]3(C[C@@H]([C@@H]4C5=CC(=O)OC5)O)O)C)O,9686,545-26-6,PVAMXWLZJKTXFW-VQMOFDJESA-N,390.5
Glafenine,C1=CC=C(C(=C1)C(=O)OCC(CO)O)NC2=C3C=CC(=CC3=NC=C2)Cl,8056,3820-67-5,GWOFUCIGLDBNKM-UHFFFAOYSA-N,372.8
Gluconic Acid,C([C@H]([C@H]([C@@H]([C@H](C(=O)O)O)O)O)O)O,9389,526-95-4,RGHNJXZEOKUKBD-SQOUGZDYSA-N,196.16
Glucose isomerase from streptomyces rubiginosus,C1CN(CCN1C(=O)C2=CC=CC=C2Cl)S(=O)(=O)C3=CC=CC=C3,15268,9055-00-9,WNQJZQMIEZWFIN-UHFFFAOYSA-N,364.8
Glufosinate,CP(=O)(CCC(C(=O)O)N)O,9194,51276-47-2,IAJOBQBIJHVGMQ-UHFFFAOYSA-N,181.13
Glutaral,C(CC=O)CC=O,1091,111-30-8,SXRSQZLOMIGNAQ-UHFFFAOYSA-N,100.12
Glutaric acid,C(CC(=O)O)CC(=O)O,1026,110-94-1,JFCQEDHGNNZCLN-UHFFFAOYSA-N,132.11
Glutaric anhydride,C1CC(=O)OC(=O)C1,870,108-55-4,VANNPISTIUFMLH-UHFFFAOYSA-N,114.1
Glutarimide,C1CC(=O)NC(=O)C1,1280,1121-89-7,KNCYXPMJDCCGSJ-UHFFFAOYSA-N,113.11
Glycerin,C(C(CO)O)O,9916,56-81-5,PEDCQBHIVMGVHV-UHFFFAOYSA-N,92.09
"Glycerol 1,3-Dimethacrylate",CC(=C)C(=O)OCC(COC(=O)C(=C)C)O,4305,1830-78-0,OQHMGFSAURFQAF-UHFFFAOYSA-N,228.24
"Glyceryl 1-oleate, diacetate",CCCCCCCC/C=C\CCCCCCCC(=O)OCC(COC(=O)C)OC(=O)C,9816,55401-64-4,KXLSJQTXSAYFDL-QXMHVHEDSA-N,440.6
Glyceryl 2-caprate dicaprylate,CCCCCCCCCC(=O)OC(COC(=O)CCCCCCC)COC(=O)CCCCCCC,16260,33368-87-5,GVUCZFUFLQMFID-UHFFFAOYSA-N,498.7
Glyceryl behenate,CCCCCCCCCCCCCCCCCCCCCC(=O)OCC(CO)O,6998,30233-64-8,OKMWKBLSFKFYGZ-UHFFFAOYSA-N,414.7
Glyceryl behenate,CCCCCCCCCCCCCCCCCCCCCC(=O)OCC(CO)O,12603,6916-74-1,OKMWKBLSFKFYGZ-UHFFFAOYSA-N,414.7
Glyceryl behenate,CCCCCCCCCCCCCCCCCCCCCC(=O)OCC(CO)O,13784,77538-19-3,OKMWKBLSFKFYGZ-UHFFFAOYSA-N,414.7
Glyceryl methacrylate,CC(=C)C(=O)OCC(CO)O,10354,5919-74-4,QRIMLDXJAPZHJE-UHFFFAOYSA-N,160.17
Glyceryl monolinoleate,CCCCC/C=C\C/C=C\CCCCCCCC(=O)OCC(CO)O,5187,2277-28-3,WECGLUPZRHILCT-HZJYTTRNSA-N,354.5
Glyceryl monooleate,CCCCCCCC/C=C\CCCCCCCC(=O)OCC(CO)O,1077,111-03-5,RZRNAYUHWVFMIP-KTKRTIGZSA-N,356.5
Glyceryl monooleate,CCCCCCCC/C=C\CCCCCCCC(=O)OCC(CO)O,5883,25496-72-4,RZRNAYUHWVFMIP-KTKRTIGZSA-N,356.5
Glyceryl monooleate,CCCCCCCC/C=C\CCCCCCCC(=O)OCC(CO)O,16617,,RZRNAYUHWVFMIP-KTKRTIGZSA-N,356.5
Glyceryl monoricinoleate,CCCCCC[C@H](C/C=C\CCCCCCCC(=O)OCC(CO)O)O,2422,1323-38-2,HDIFHQMREAYYJW-XGXNLDPDSA-N,372.5
Glyceryl Monostearate,CCCCCCCCCCCCCCCCCC(=O)OCC(CO)O,1070,11099-07-3,VBICKXHEKHSIBG-UHFFFAOYSA-N,358.6
Glyceryl Monostearate,CCCCCCCCCCCCCCCCCC(=O)OCC(CO)O,1941,123-94-4,VBICKXHEKHSIBG-UHFFFAOYSA-N,358.6
Glyceryl Monostearate,CCCCCCCCCCCCCCCCCC(=O)OCC(CO)O,7242,31566-31-1,VBICKXHEKHSIBG-UHFFFAOYSA-N,358.6
Glyceryl tribenzoate,C1=CC=C(C=C1)C(=O)OCC(COC(=O)C2=CC=CC=C2)OC(=O)C3=CC=CC=C3,10641,614-33-5,HIZCTWCPHWUPFU-UHFFFAOYSA-N,404.4
Glycidaldehyde,C1C(O1)C=O,13662,765-34-4,IWYRWIUNAVNFPE-UHFFFAOYSA-N,72.06
Glycidol,C1C(O1)CO,9839,556-52-5,CTKINSOISVBQLD-UHFFFAOYSA-N,74.08
Glycidyl acrylate,C=CC(=O)OCC1CO1,678,106-90-1,RPQRDASANLAFCM-UHFFFAOYSA-N,128.13
Glycidyl methacrylate,CC(=C)C(=O)OCC1CO1,679,106-91-2,VOZRXNHHFUQHIL-UHFFFAOYSA-N,142.15
Glycidyl neodecanoate,CCCCCCC(C)(C)C(=O)OCC1CO1,6337,26761-45-5,QQWAKSKPSOFJFF-UHFFFAOYSA-N,228.33
Glycidyl oleate,CCCCCCCC/C=C\CCCCCCCC(=O)OCC1CO1,9657,5431-33-4,VWYIWOYBERNXLX-KTKRTIGZSA-N,338.5
Glycidyl oleate,CCCCCCCC/C=C\CCCCCCCC(=O)OCC1CO1,17730,,VWYIWOYBERNXLX-KTKRTIGZSA-N,338.5
Glycidyl Palmitate,CCCCCCCCCCCCCCCC(=O)OCC1CO1,13504,7501-44-2,KYVUJPJYTYQNGJ-UHFFFAOYSA-N,312.5
Glycine,C(C(=O)O)N,9912,56-40-6,DHMQDGOQFOQNFH-UHFFFAOYSA-N,75.07
"Glycine, N-[3-(dodecylamino)propyl]-",CCCCCCCCCCCCNCCCNCC(=O)O,7613,34395-72-7,FDKNTODVCFVEDJ-UHFFFAOYSA-N,300.5
Glycol dimercaptoacetate,C(COC(=O)CS)OC(=O)CS,1935,123-81-9,PSYGHMBJXWRQFD-UHFFFAOYSA-N,210.3
Glycol Dimethacrylate,CC(=C)C(=O)OCCOC(=O)C(=C)C,15937,97-90-5,STVZJERGLQHEKB-UHFFFAOYSA-N,198.22
Glycolic Acid,C(C(=O)O)O,14034,79-14-1,AEMRFAOFKBGASW-UHFFFAOYSA-N,76.05
Glycolide,C1C(=O)OCC(=O)O1,9053,502-97-6,RKDVKSZUMVYZHH-UHFFFAOYSA-N,116.07
Glycylsarcosine,CN(CC(=O)O)C(=O)CN,16600,,VYAMLSCELQQRAE-UHFFFAOYSA-N,146.14
Glyoxal,C(=O)C=O,763,107-22-2,LEQAOMBKQFMDFZ-UHFFFAOYSA-N,58.04
Glyoxylic acid,C(=O)C(=O)O,6914,298-12-4,HHLFWLYXYJOTON-UHFFFAOYSA-N,74.04
Glyphosate,C(C(=O)O)NCP(=O)(O)O,802,1071-83-6,XDDAORKBJWWYJS-UHFFFAOYSA-N,169.07
Grotan,C1N(CN(CN1CCO)CCO)CCO,8875,4719-04-4,HUHGPYXAVBJSJV-UHFFFAOYSA-N,219.28
Guaiacol,COC1=CC=CC=C1O,14964,90-05-1,LHGVFZTZFXWLCP-UHFFFAOYSA-N,124.14
Guaiazulene,CC1=C2C=CC(=C2C=C(C=C1)C(C)C)C,8960,489-84-9,FWKQNCXZGNBPFD-UHFFFAOYSA-N,198.3
Guanidine,C(=N)(N)N,1309,113-00-8,ZRALSGWEFCBTJO-UHFFFAOYSA-N,59.07
Guanine,C1=NC2=C(N1)C(=O)NC(=N2)N,13122,73-40-5,UYTPUPDQBNUYGX-UHFFFAOYSA-N,151.13
Guazatine,C(CCCCN=C(N)N)CCCNCCCCCCCCN=C(N)N,1376,115044-19-4,RONFGUROBZGJKP-UHFFFAOYSA-N,355.6
Helional,CC(CC1=CC2=C(C=C1)OCO2)C=O,1680,1205-17-0,BOPPSUHPZARXTH-UHFFFAOYSA-N,192.21
Helminthogermacrene,C/C/1=C\CC/C(=C\C[C@@H](CC1)C(=C)C)/C,13505,75023-40-4,XMRKUJJDDKYUHV-SOMPWSNVSA-N,204.35
Heneicosanal,CCCCCCCCCCCCCCCCCCCCC=O,9183,51227-32-8,FJZCFGKQFDPNHS-UHFFFAOYSA-N,310.6
Heneicosane,CCCCCCCCCCCCCCCCCCCCC,11046,629-94-7,FNAZRRHPUDJQCJ-UHFFFAOYSA-N,296.6
Heneicosanoic acid,CCCCCCCCCCCCCCCCCCCCC(=O)O,5281,2363-71-5,CKDDRHZIAZRDBW-UHFFFAOYSA-N,326.6
Henicosan-7-one,CCCCCCCCCCCCCCC(=O)CCCCCC,17201,,JSFFXAUDEHNKGK-UHFFFAOYSA-N,310.6
Hentriacontan-16-ol,CCCCCCCCCCCCCCCC(CCCCCCCCCCCCCCC)O,792,1070-54-8,CLDFUWPQRCVRHQ-UHFFFAOYSA-N,452.8
Hentriacontane,CCCCCCCCCCCCCCCCCCCCCCCCCCCCCCC,11065,630-04-6,IUJAMGNYPWYUPM-UHFFFAOYSA-N,436.8
Heptachlor,C1=CC(C2C1C3(C(=C(C2(C3(Cl)Cl)Cl)Cl)Cl)Cl)Cl,13588,76-44-8,FRCCEHPWNOQAEU-UHFFFAOYSA-N,373.3
Heptacosane,CCCCCCCCCCCCCCCCCCCCCCCCCCC,10374,593-49-7,BJQWYEJQWHSSCJ-UHFFFAOYSA-N,380.7
"Heptadeca-5,8,11-trien-1-ol",CCCCCC=CCC=CCC=CCCCCO,5065,22117-09-5,LFDJMNOXMZERKZ-UHFFFAOYSA-N,250.4
Heptadecan-5-one,CCCCCCCCCCCCC(=O)CCCC,14392,831170-64-0,KCEKPVXOAZQPJZ-UHFFFAOYSA-N,254.5
Heptadecanal,CCCCCCCCCCCCCCCCC=O,11044,629-90-3,PIYDVAYKYBWPPY-UHFFFAOYSA-N,254.5
Heptadecane,CCCCCCCCCCCCCCCCC,11039,629-78-7,NDJKXXJCMXVBJW-UHFFFAOYSA-N,240.5
"Heptadecane, 9-hexyl-",CCCCCCCCC(CCCCCC)CCCCCCCC,9765,55124-79-3,ZUSMXUXZJCOSPV-UHFFFAOYSA-N,324.6
Heptadecanenitrile,CCCCCCCCCCCCCCCCC#N,9588,5399-02-0,ZXPWFWWSCFIFII-UHFFFAOYSA-N,251.5
Heptadecanoic acid,CCCCCCCCCCCCCCCCC(=O)O,9089,506-12-7,KEMQGTRYUADPNZ-UHFFFAOYSA-N,270.5
Heptadecenoic acid,CCCCCCCCCCCCCC/C=C/C(=O)O,17454,,GEHPRJRWZDWFBJ-FOCLMDBBSA-N,268.4
Heptafluorobutyric acid,C(=O)(C(C(C(F)(F)F)(F)F)(F)F)O,7987,375-22-4,YPJUNDFVDDCYIH-UHFFFAOYSA-N,214.04
"Heptafluorobutyric acid, n-tetradecyl ester",CCCCCCCCCCCCCCOC(=O)C(C(C(F)(F)F)(F)F)(F)F,13194,7365-36-8,QIUJCCVBRUUHMI-UHFFFAOYSA-N,410.4
Heptafluoropropyl trifluorovinyl ether,C(=C(F)F)(OC(C(C(F)(F)F)(F)F)(F)F)F,3747,1623-05-8,KHXKESCWFMPTFT-UHFFFAOYSA-N,266.04
Heptanal,CCCCCCC=O,1115,111-71-7,FXHGMKSSBGDXIY-UHFFFAOYSA-N,114.19
Heptane,CCCCCCC,3031,142-82-5,IMNFDUFMRHMDMM-UHFFFAOYSA-N,100.2
"Heptane, pentamethyl-",CCCCCC(C)(C)C(C)(C)C,7070,30586-18-6,UXQAEOWCSOPBLF-UHFFFAOYSA-N,170.33
Heptanoic Acid,CCCCCCC(=O)O,1083,111-14-8,MNWFXJYAOYHMED-UHFFFAOYSA-N,130.18
Heptapropylene glycol,CC(CO)OCC(C)OCC(C)OCC(C)OCC(C)OCC(C)OCC(C)O,3102,14362-16-4,OWRNLGZKEZSHGO-UHFFFAOYSA-N,424.6
Heptyl acetate,CCCCCCCOC(=O)C,1206,112-06-1,ZCZSIDMEHXZRLG-UHFFFAOYSA-N,158.24
Heptyl benzoate,CCCCCCCOC(=O)C1=CC=CC=C1,12931,7155-12-6,UMFTYCUYCNMERS-UHFFFAOYSA-N,220.31
Heptyl benzoate,CCCCCCCOC(=O)C1=CC=CC=C1,17657,,UMFTYCUYCNMERS-UHFFFAOYSA-N,220.31
Heptyl formate,CCCCCCCOC=O,1215,112-23-2,XEAMDSXSXYAICO-UHFFFAOYSA-N,144.21
Heptylbenzene,CCCCCCCC1=CC=CC=C1,836,1078-71-3,LBNXAWYDQUGHGX-UHFFFAOYSA-N,176.3
Heptylcyclohexane,CCCCCCCC1CCCCC1,9934,5617-41-4,MSTLSCNJAHAQNU-UHFFFAOYSA-N,182.35
Hexa(methoxymethyl)melamine,COCN(COC)C1=NC(=NC(=N1)N(COC)COC)N(COC)COC,7147,3089-11-0,BNCADMBVWNPPIZ-UHFFFAOYSA-N,390.44
"Hexachloro-1,3-butadiene",C(=C(Cl)Cl)(C(=C(Cl)Cl)Cl)Cl,14789,87-68-3,RWNKSTSCBHKHTB-UHFFFAOYSA-N,260.8
Hexachlorobenzene,C1(=C(C(=C(C(=C1Cl)Cl)Cl)Cl)Cl)Cl,1465,118-74-1,CKAPSXZOOQJIBF-UHFFFAOYSA-N,284.8
Hexachlorocyclohexane,C1(C(C(C(C(C1Cl)Cl)Cl)Cl)Cl)Cl,7298,319-84-6,JLYXXMFPNIAWKQ-UHFFFAOYSA-N,290.8
Hexachlorocyclohexane,C1(C(C(C(C(C1Cl)Cl)Cl)Cl)Cl)Cl,7299,319-85-7,JLYXXMFPNIAWKQ-UHFFFAOYSA-N,290.8
Hexachlorocyclohexane,C1(C(C(C(C(C1Cl)Cl)Cl)Cl)Cl)Cl,7300,319-86-8,JLYXXMFPNIAWKQ-UHFFFAOYSA-N,290.8
Hexachlorocyclohexane,C1(C(C(C(C(C1Cl)Cl)Cl)Cl)Cl)Cl,10179,58-89-9,JLYXXMFPNIAWKQ-UHFFFAOYSA-N,290.8
Hexachlorocyclopentadiene,C1(=C(C(C(=C1Cl)Cl)(Cl)Cl)Cl)Cl,13720,77-47-4,VUNCWTMEJYMOOR-UHFFFAOYSA-N,272.8
Hexachloroethane,C(C(Cl)(Cl)Cl)(Cl)(Cl)Cl,11725,67-72-1,VHHHONWQHHHLTI-UHFFFAOYSA-N,236.7
Hexacos-9-ene,CCCCCCCCCCCCCCCCC=CCCCCCCCC,12926,71502-22-2,HGTCGIXAQAYYBS-UHFFFAOYSA-N,364.7
Hexacosane,CCCCCCCCCCCCCCCCCCCCCCCCCC,11062,630-01-3,HMSWAIKSFDFLKN-UHFFFAOYSA-N,366.7
Hexacosanoic acid,CCCCCCCCCCCCCCCCCCCCCCCCCC(=O)O,9098,506-46-7,XMHIUKTWLZUKEX-UHFFFAOYSA-N,396.7
Hexadecan-2-one,CCCCCCCCCCCCCCC(=O)C,4394,18787-63-8,XCXKZBWAKKPFCJ-UHFFFAOYSA-N,240.42
Hexadecan-3-ol,CCCCCCCCCCCCCC(CC)O,10369,593-03-3,ACDUHTSVVVHMGU-UHFFFAOYSA-N,242.44
Hexadecanal,CCCCCCCCCCCCCCCC=O,11041,629-80-1,NIOYUNMRJMEDGI-UHFFFAOYSA-N,240.42
Hexadecanamide,CCCCCCCCCCCCCCCC(=O)N,11030,629-54-9,HSEMFIZWXHQJAE-UHFFFAOYSA-N,255.44
Hexadecane,CCCCCCCCCCCCCCCC,9672,544-76-3,DCAYPVUWAIABOU-UHFFFAOYSA-N,226.44
"Hexadecane, 5-butyl-",CCCCCCCCCCCC(CCCC)CCCC,12599,6912-07-8,WCYRXBXHFUHSAH-UHFFFAOYSA-N,282.5
Hexadecanedioic acid,C(CCCCCCCC(=O)O)CCCCCCC(=O)O,9081,505-54-4,QQHJDPROMQRDLA-UHFFFAOYSA-N,286.41
Hexadecanenitrile,CCCCCCCCCCCCCCCC#N,11040,629-79-8,WGXGAUQEMYSVJM-UHFFFAOYSA-N,237.42
"Hexadecanoic acid, (2,2-dimethyl-1,3-dioxolan-4-yl)methyl ester",CCCCCCCCCCCCCCCC(=O)OCC1COC(O1)(C)C,4322,18418-21-8,FUNFISHGHMLDHE-UHFFFAOYSA-N,370.6
"Hexadecanoic acid, 2,3-bis(acetyloxy)propyl ester",CCCCCCCCCCCCCCCC(=O)OCC(COC(=O)C)OC(=O)C,9787,55268-70-7,CIUYPOUJRYWLDF-UHFFFAOYSA-N,414.6
Hexadecenamide,CCCCCCCCCCCCC/C=C/C(=O)N,3006,141752-51-4,HDPOYLJPONQLQO-CCEZHUSRSA-N,253.42
Hexadecenylsuccinic anhydride,CCCCCCCCCCCCCC/C=C/C1CC(=O)OC1=O,7319,32072-96-1,RSPWVGZWUBNLQU-FOCLMDBBSA-N,322.5
Hexadecyl 2-ethylhexanoate,CCCCCCCCCCCCCCCCOC(=O)C(CC)CCCC,10347,59130-69-7,XJNUECKWDBNFJV-UHFFFAOYSA-N,368.6
"Hexadecyl 3,5-di-tert-butyl-4-hydroxybenzoate",CCCCCCCCCCCCCCCCOC(=O)C1=CC(=C(C(=C1)C(C)(C)C)O)C(C)(C)C,11845,67845-93-6,NZYMWGXNIUZYRC-UHFFFAOYSA-N,474.8
Hexadecyl acetate,CCCCCCCCCCCCCCCCOC(=O)C,11034,629-70-9,LSTDYDRCKUBPDI-UHFFFAOYSA-N,284.5
Hexadecyl acrylate,CCCCCCCCCCCCCCCCOC(=O)C=C,2568,13402-02-3,PZDUWXKXFAIFOR-UHFFFAOYSA-N,296.5
Hexadecyl isopropyl ether,CCCCCCCCCCCCCCCCOC(C)C,16412,,CEXOLTXCCQUWDT-UHFFFAOYSA-N,284.5
Hexadecyl methacrylate,CCCCCCCCCCCCCCCCOC(=O)C(=C)C,5572,2495-27-4,ZNAOFAIBVOMLPV-UHFFFAOYSA-N,310.5
Hexadecyl-D-xylopyranoside,CCCCCCCCCCCCCCCCOC1[C@@H]([C@H]([C@@H](CO1)O)O)O,1380,115211-19-3,KQFKLUYHYJJLMP-JQKXYWIWSA-N,374.6
Hexadecyldimethylamine,CCCCCCCCCCCCCCCCN(C)C,1247,112-69-6,NHLUVTZJQOJKCC-UHFFFAOYSA-N,269.5
Hexadecyldimethylamine N-oxide,CCCCCCCCCCCCCCCC[N+](C)(C)[O-],12903,7128-91-8,IBOBFGGLRNWLIL-UHFFFAOYSA-N,285.5
Hexadecyltriethoxysilane,CCCCCCCCCCCCCCCC[Si](OCC)(OCC)OCC,3829,16415-13-7,OYGYKEULCAINCL-UHFFFAOYSA-N,388.7
Hexadecyltrimethoxysilane,CCCCCCCCCCCCCCCC[Si](OC)(OC)OC,3828,16415-12-6,RSKGMYDENCAJEN-UHFFFAOYSA-N,346.6
Hexadrin,C1[C@@H]2[C@@H]3[C@H]([C@H]1[C@H]4[C@@H]2O4)[C@@]5(C(=C([C@]3(C5(Cl)Cl)Cl)Cl)Cl)Cl,12994,72-20-8,DFBKLUNHFCTMDC-GKRDHZSOSA-N,380.9
Hexaethylene glycol,C(COCCOCCOCCOCCOCCO)O,6124,2615-15-8,IIRDTKBZINWQAW-UHFFFAOYSA-N,282.33
Hexaethylene glycol monododecyl ether,CCCCCCCCCCCCOCCOCCOCCOCCOCCOCCO,7060,3055-96-7,OJCFEGKCRWEVSN-UHFFFAOYSA-N,450.6
Hexafluoroacetone,C(=O)(C(F)(F)F)C(F)(F)F,12125,684-16-2,VBZWSGALLODQNC-UHFFFAOYSA-N,166.02
Hexafluoroethane,C(C(F)(F)F)(F)(F)F,13583,76-16-4,WMIYKQLTONQJES-UHFFFAOYSA-N,138.01
Hexafluoroisopropyl acrylate,C=CC(=O)OC(C(F)(F)F)C(F)(F)F,4976,2160-89-6,MNSWITGNWZSAMC-UHFFFAOYSA-N,222.08
Hexafluoroisopropyl methacrylate,CC(=C)C(=O)OC(C(F)(F)F)C(F)(F)F,7078,3063-94-3,FMQPBWHSNCRVQJ-UHFFFAOYSA-N,236.11
Hexafluoropropene,C(=C(F)F)(C(F)(F)F)F,1393,116-15-4,HCDGVLDPFQMKDK-UHFFFAOYSA-N,150.02
Hexafluoropropylene oxide,C1(C(O1)(F)F)(C(F)(F)F)F,8520,428-59-1,PGFXOWRDDHCDTE-UHFFFAOYSA-N,166.02
"Hexahydro-1,3,5-tris(2-hydroxypropyl)-s-triazine",CC(CN1CN(CN(C1)CC(C)O)CC(C)O)O,5826,25254-50-6,QUGSRMKLRLHUHU-UHFFFAOYSA-N,261.36
"Hexahydro-1,3,5-tris(3-methoxypropyl)-s-triazine",COCCCN1CN(CN(C1)CCCOC)CCCOC,8201,3960-05-2,BYWNSSMFBBZKMO-UHFFFAOYSA-N,303.44
"Hexahydro-4,7-methano-1H-indenyl acrylate",C=CC(=O)OC1C=CC2C1C3CCC2C3,16302,12542-30-2,ISRJTGUYHVPAOR-UHFFFAOYSA-N,204.26
"Hexahydro-4,7-methanoisobenzofuran-1,3-dione",C1CC2CC1C3C2C(=O)OC3=O,10472,6004-79-1,LQOPXMZSGSTGMF-UHFFFAOYSA-N,166.17
Hexahydro-4-methylphthalic anhydride,CC1CCC2C(C1)C(=O)OC2=O,4566,19438-60-9,FKBMTBAXDISZGN-UHFFFAOYSA-N,168.19
Hexahydrocoumarin,C1CCC2=C(C1)CCC(=O)O2,12705,700-82-3,ODFRBYOJLDRSKF-UHFFFAOYSA-N,152.19
Hexahydrophthalic anhydride,C1CCC2C(C1)C(=O)OC2=O,14570,85-42-7,MUTGBJKUEZFXGO-UHFFFAOYSA-N,154.16
Hexamethylbenzene,CC1=C(C(=C(C(=C1C)C)C)C)C,14795,87-85-4,YUWFEBAXEOLKSG-UHFFFAOYSA-N,162.27
Hexamethylcyclotrisiloxane,C[Si]1(O[Si](O[Si](O1)(C)C)(C)C)C,9615,541-05-9,HTDJPCNNEPUOOQ-UHFFFAOYSA-N,222.46
Hexamethyldisilane,C[Si](C)(C)[Si](C)(C)C,3152,1450-14-2,NEXSMEBSBIABKL-UHFFFAOYSA-N,146.38
Hexamethyldisilazane,C[Si](C)(C)N[Si](C)(C)C,16108,999-97-3,FFUAGWLWBBFQJT-UHFFFAOYSA-N,161.39
Hexamethyldisiloxane,C[Si](C)(C)O[Si](C)(C)C,770,107-46-0,UQEAIHBTYFGYIE-UHFFFAOYSA-N,162.38
Hexamethylene bisacetamide,CC(=O)NCCCCCCNC(=O)C,7111,3073-59-4,BNQSTAOJRULKNX-UHFFFAOYSA-N,200.28
Hexamethylene diisocyanate,C(CCCN=C=O)CCN=C=O,14323,822-06-0,RRAMGCGOFNQTLD-UHFFFAOYSA-N,168.19
Hexamethylenediamine,C(CCCN)CCN,1973,124-09-4,NAQMVNRVTILPCV-UHFFFAOYSA-N,116.2
Hexamethyleneimine,C1CCCNCC1,1102,111-49-9,ZSIQJIWKELUFRJ-UHFFFAOYSA-N,99.17
Hexamethylolmelamine,C(N(CO)C1=NC(=NC(=N1)N(CO)CO)N(CO)CO)O,9477,531-18-0,YGCOKJWKWLYHTG-UHFFFAOYSA-N,306.28
Hexamethylphosphoramide,CN(C)P(=O)(N(C)C)N(C)C,11897,680-31-9,GNOIPBMMFNIUFM-UHFFFAOYSA-N,179.2
Hexanal,CCCCCC=O,11630,66-25-1,JARKCYVAAOWBJS-UHFFFAOYSA-N,100.16
"Hexanal, 2-chloro-",CCCCC(C=O)Cl,13614,762-39-0,WSMIPVGUPYXHDT-UHFFFAOYSA-N,134.6
Hexanamide,CCCCCC(=O)N,11002,628-02-4,ALBYIUDWACNRRB-UHFFFAOYSA-N,115.17
"Hexane, 1,6-diisocyanatotrimethyl-",CC(CCCCN=C=O)C(C)(C)N=C=O,6728,28679-16-5,VZXPHDGHQXLXJC-UHFFFAOYSA-N,210.27
"Hexane, 1-(methylthio)-",CCCCCCSC,4711,20291-60-5,LZRXQHHKXDXOIC-UHFFFAOYSA-N,132.27
"Hexane, 3,4-diphenyl-",CCC(C1=CC=CC=C1)C(CC)C2=CC=CC=C2,10165,5789-31-1,JTJWVUQPSOFEPZ-UHFFFAOYSA-N,238.4
"Hexane-1,6-diol",C(CCCO)CCO,11022,629-11-8,XXMIOPMDWAUFGU-UHFFFAOYSA-N,118.17
"Hexanedioic acid, 3-methyl-, dibutyl ester",CCCCOC(=O)CCC(C)CC(=O)OCCCC,9923,56051-58-2,JIZBKLUGLZMRMK-UHFFFAOYSA-N,272.38
"Hexanedioic acid, bis(1-methylheptyl) ester",CCCCCCC(C)OC(=O)CCCCC(=O)OC(C)CCCCCC,873,108-63-4,RTUMJAGKSDIHOW-UHFFFAOYSA-N,370.6
"Hexaneperoxoic acid, 2-ethyl-, 1,1-dimethylethyl ester",CCCCC(CC)C(=O)OOC(C)(C)C,6965,3006-82-4,WYKYCHHWIJXDAO-UHFFFAOYSA-N,216.32
"Hexaneperoxoic acid, 2-ethyl-, 3-hydroxy-1,1-dimethylbutyl ester",CCCCC(CC)C(=O)OOC(C)(C)CC(C)O,15806,95732-35-7,BLWCFLZFCPRTNV-UHFFFAOYSA-N,260.37
Hexanetriol,CCCCCC(O)(O)O,5850,25323-24-4,TZMQHOJDDMFGQX-UHFFFAOYSA-N,134.17
"Hexanoic acid, 2-ethyl-, diester with tetraethylene glycol",CCCCC(CC)C(=O)OCCOCCOCCOCCOC(=O)C(CC)CCCC,4294,18268-70-7,GYHPTPQZVBYHLC-UHFFFAOYSA-N,446.6
"Hexanoic acid, 3,5,5-trimethyl-, 2,2,6,6-tetramethyl-1-(2-((3,5,5-trimethyl-1-oxohexyl)oxy)ethyl)-4-piperidinyl ester",CC(CC(=O)OCCN1C(CC(CC1(C)C)OC(=O)CC(C)CC(C)(C)C)(C)C)CC(C)(C)C,3137,1445870-18-7,HAFKWVXPFIPBEJ-UHFFFAOYSA-N,481.8
"Hexanoic acid, 4-hexen-1-yl ester",CCCCCC(=O)OCCC/C=C/C,14899,88552-98-1,DYOGMCCRMUFRSF-HWKANZROSA-N,198.3
"Hexanoic acid, 6-[[6-[(6-amino-1-oxohexyl)amino]-1-oxohexyl]amino]-",C(CCC(=O)NCCCCCC(=O)NCCCCCC(=O)O)CCN,10150,5776-78-3,JOIUZBTWMAYEQW-UHFFFAOYSA-N,357.5
Hexanoyl fluoride,CCCCCC(=O)F,7923,372-80-5,AURYBMCZYGIOJH-UHFFFAOYSA-N,118.15
Hexenyl acetate,CCCCC=COC(=O)C,17174,,YDZCHDQXPLJVBG-UHFFFAOYSA-N,142.2
Hexyl 2-ethylhexyl phthalate,CCCCCCOC(=O)C1=CC=CC=C1C(=O)OCC(CC)CCCC,13558,75673-16-4,BZGXQJVPKYXMDX-UHFFFAOYSA-N,362.5
Hexyl 2-methylbutanoate,CCCCCCOC(=O)C(C)CC,88,10032-15-2,YUECNVSODFDKOQ-UHFFFAOYSA-N,186.29
Hexyl 4-methylbenzenesulfonate,CCCCCCOS(=O)(=O)C1=CC=C(C=C1)C,8074,3839-35-8,IVQOVYWBHRSGJI-UHFFFAOYSA-N,256.36
Hexyl acetate,CCCCCCOC(=O)C,3036,142-92-7,AOGQPLXWSUTHQB-UHFFFAOYSA-N,144.21
Hexyl acetate,CCCCCCOC(=O)C,14886,88230-35-7,AOGQPLXWSUTHQB-UHFFFAOYSA-N,144.21
Hexyl acrylate,CCCCCCOC(=O)C=C,5596,2499-95-8,LNMQRPPRQDGUDR-UHFFFAOYSA-N,156.22
Hexyl benzoate,CCCCCCOC(=O)C1=CC=CC=C1,11859,6789-88-4,UUGLJVMIFJNVFH-UHFFFAOYSA-N,206.28
Hexyl glycidyl ether,CCCCCCOCC1CO1,10367,5926-90-9,JPEGUDKOYOIOOP-UHFFFAOYSA-N,158.24
Hexyl hexanoate,CCCCCCOC(=O)CCCCC,11215,6378-65-0,NCDCLPBOMHPFCV-UHFFFAOYSA-N,200.32
Hexyl isobutyrate,CCCCCCOC(=O)C(C)C,5265,2349-07-7,CYHBDKTZDLSRMY-UHFFFAOYSA-N,172.26
Hexyl isodecyl phthalate,CCCCCCOC(=O)C1=CC=CC=C1C(=O)OCCCCCCCC(C)C,10702,61702-81-6,LPYUOHUCVXCMSY-UHFFFAOYSA-N,390.6
Hexyl laurate,CCCCCCCCCCCC(=O)OCCCCCC,7604,34316-64-8,CMBYOWLFQAFZCP-UHFFFAOYSA-N,284.5
Hexyl methacrylate,CCCCCCOC(=O)C(=C)C,3012,142-09-6,LNCPIMCVTKXXOY-UHFFFAOYSA-N,170.25
Hexyl octanoate,CCCCCCCC(=O)OCCCCCC,1184,1117-55-1,PBGWNXWNCSSXCO-UHFFFAOYSA-N,228.37
Hexyl octyl ether,CCCCCCCCOCCCCCC,4003,17071-54-4,KUTWKGLRMXBROO-UHFFFAOYSA-N,214.39
Hexyl salicylate,CCCCCCOC(=O)C1=CC=CC=C1O,10977,6259-76-3,DUKPKQFHJQGTGU-UHFFFAOYSA-N,222.28
Hexylbenzene,CCCCCCC1=CC=CC=C1,832,1077-16-3,LTEQMZWBSYACLV-UHFFFAOYSA-N,162.27
Hexylcyclohexane,CCCCCCC1CCCCC1,8527,4292-75-5,QHWAQXOSHHKCFK-UHFFFAOYSA-N,168.32
Hexylene Glycol,CC(CC(C)(C)O)O,768,107-41-5,SVTBMSDMJJWYQN-UHFFFAOYSA-N,118.17
Hexyltrichlorosilane,CCCCCC[Si](Cl)(Cl)Cl,15526,928-65-4,LFXJGGDONSCPOF-UHFFFAOYSA-N,219.6
Hexyltrimethoxysilane,CCCCCC[Si](OC)(OC)OC,7093,3069-19-0,CZWLNMOIEMTDJY-UHFFFAOYSA-N,206.35
Homosalate,CC1CC(CC(C1)(C)C)OC(=O)C2=CC=CC=C2O,1459,118-56-9,WSSJONWNBBTCMG-UHFFFAOYSA-N,262.34
Humulene,C/C/1=C\CC(/C=C/C/C(=C/CC1)/C)(C)C,11762,6753-98-6,FAMPSKZZVDUYOS-HRGUGZIWSA-N,204.35
"Hydrazinecarboxamide, N,N'-(methylenedi-4,1-phenylene)bis[2,2-dimethyl-",CN(C)NC(=O)NC1=CC=C(C=C1)CC2=CC=C(C=C2)NC(=O)NN(C)C,14596,85095-61-0,AQABZFKTYXFIJF-UHFFFAOYSA-N,370.4
Hydrocortisone,C[C@]12CCC(=O)C=C1CC[C@@H]3[C@@H]2[C@H](C[C@]4([C@H]3CC[C@@]4(C(=O)CO)O)C)O,9025,50-23-7,JYGXADMDTFJGBT-VWUMJDOOSA-N,362.5
Hydrofuramide,C1=COC(=C1)/C=N/C(/N=C/C2=CC=CO2)C3=CC=CO3,8974,494-47-3,CYGDSXFTXXFMNI-OTYYAQKOSA-N,268.27
Hydrogen Cyanide,C#N,13234,74-90-8,LELOWRISYMNNSU-UHFFFAOYSA-N,27.025
"Hydroperoxide, 1,1'-(1,2-dimethylpropylidene)bis-",CC(C)C(C)(OO)OO,2883,13921-99-8,UZQNWYQPJVOSJI-UHFFFAOYSA-N,136.15
"Hydroperoxide, 1,1'-[dioxybis(1,2-dimethylpropylidene)]bis-",CC(C)C(C)(OO)OOC(C)(C(C)C)OO,7488,33372-83-7,MVNFSNOKNVAGBE-UHFFFAOYSA-N,238.28
"Hydroperoxide, bis(1-methylethyl)phenyl",CC(C)C1=CC(=CC(=C1)OO)C(C)C,16310,26762-93-6,LQRLKPVYXRVAPK-UHFFFAOYSA-N,194.27
"Hydroperoxide, hexyl",CCCCCCOO,8548,4312-76-9,RZICEOJUAFHYFO-UHFFFAOYSA-N,118.17
Hydroquinone,C1=CC(=CC=C1O)O,1913,123-31-9,QIGBRXMKCJKVMJ-UHFFFAOYSA-N,110.11
Hydroxyacetone,CC(=O)CO,1391,116-09-6,XLSMFKSTNGKWQX-UHFFFAOYSA-N,74.08
Hydroxycitronellal,CC(CCCC(C)(C)O)CC=O,779,107-75-5,WPFVBOQKRVRMJB-UHFFFAOYSA-N,172.26
Hydroxyprogesterone,CC(=O)[C@]1(CC[C@@H]2[C@@]1(CC[C@H]3[C@H]2CCC4=CC(=O)CC[C@]34C)C)O,11896,68-96-2,DBPWSSGDRRHUNT-CEGNMAFCSA-N,330.5
Hymecromone,CC1=CC(=O)OC2=C1C=CC(=C2)O,14972,90-33-5,HSHNITRMYYLLCV-UHFFFAOYSA-N,176.17
Hypoxanthine,C1=NC2=C(N1)C(=O)NC=N2,11895,68-94-0,FDGQSTZJBFJUBT-UHFFFAOYSA-N,136.11
i-Propyl 12-methyl-tridecanoate,CC(C)CCCCCCCCCCC(=O)OC(C)C,17179,,OGLLIZLJSTXFCW-UHFFFAOYSA-N,270.5
i-Propyl 14-methyl-pentadecanoate,CC(C)CCCCCCCCCCCCC(=O)OC(C)C,17653,,CXHAYMQVPFWTFL-UHFFFAOYSA-N,298.5
Icosan-7-one,CCCCCCCCCCCCCC(=O)CCCCCC,17182,,FWAGNUOHGDLIIY-UHFFFAOYSA-N,296.5
Icosanal,CCCCCCCCCCCCCCCCCCCC=O,5357,2400-66-0,FWBUWJHWAKTPHI-UHFFFAOYSA-N,296.5
Icosanamide,CCCCCCCCCCCCCCCCCCCC(=O)N,9220,51360-63-5,OOCSVLHOTKHEFZ-UHFFFAOYSA-N,311.5
Icosapent,CC/C=C\C/C=C\C/C=C\C/C=C\C/C=C\CCCC(=O)O,514,10417-94-4,JAZBEHYOTPTENJ-JLNKQSITSA-N,302.5
Imidazole,C1=CN=CN1,6757,288-32-4,RAXXELZNTBOGNW-UHFFFAOYSA-N,68.08
Iminodiacetonitrile,C(C#N)NCC#N,11012,628-87-5,BSRDNMMLQYNQQD-UHFFFAOYSA-N,95.1
Indan,C1CC2=CC=CC=C2C1,8984,496-11-7,PQNFLJBBNBOBRQ-UHFFFAOYSA-N,118.18
Indan,C1CC2=CC=CC=C2C1,9990,56573-11-6,PQNFLJBBNBOBRQ-UHFFFAOYSA-N,118.18
Indanthrene,C1=CC=C2C(=C1)C(=O)C3=C(C2=O)C4=C(C=C3)NC5=C(N4)C=CC6=C5C(=O)C7=CC=CC=C7C6=O,14271,81-77-6,UHOKSCJSTAHBSO-UHFFFAOYSA-N,442.4
Indene,C1C=CC2=CC=CC=C21,15741,95-13-6,YBYIRNPNPLQARY-UHFFFAOYSA-N,116.16
"Indeno[1,2,3-cd]pyrene",C1=CC=C2C(=C1)C3=C4C2=CC5=CC=CC6=C5C4=C(C=C6)C=C3,4537,193-39-5,SXQBHARYMNFBPS-UHFFFAOYSA-N,276.3
Indigo,C1=CC=C2C(=C1)C(=C(N2)C3=NC4=CC=CC=C4C3=O)O,8930,482-89-3,QQILFGKZUJYXGS-UHFFFAOYSA-N,262.26
Indole,C1=CC=C2C(=C1)C=CN2,1581,120-72-9,SIKJAQJRHWYJAI-UHFFFAOYSA-N,117.15
Indole,C1=CC=C2C(=C1)C=CN2,14343,82451-55-6,SIKJAQJRHWYJAI-UHFFFAOYSA-N,117.15
Inositol,C1(C(C(C(C(C1O)O)O)O)O)O,14797,87-89-8,CDAISMWEOUEBRE-UHFFFAOYSA-N,180.16
Iodoacetamide,C(C(=O)N)I,3116,144-48-9,PGLTVOMIXTUURA-UHFFFAOYSA-N,184.96
Iodobenzene,C1=CC=C(C=C1)I,10333,591-50-4,SNHMUERNLJLMHN-UHFFFAOYSA-N,204.01
Iodoethane,CCI,13453,75-03-6,HVTICUPFWKNHNG-UHFFFAOYSA-N,155.97
Iodoform,C(I)(I)I,13476,75-47-8,OKJPEAGHQZHRQV-UHFFFAOYSA-N,393.732
Iodotrimethylsilane,C[Si](C)(C)I,3661,16029-98-4,CSRZQMIRAZTJOY-UHFFFAOYSA-N,200.09
Isatoic anhydride,C1=CC=C2C(=C1)C(=O)OC(=O)N2,1456,118-48-9,TXJUTRJFNRYTHH-UHFFFAOYSA-N,163.13
Isoamyl acetate,CC(C)CCOC(=O)C,1940,123-92-2,MLFHJEHSLIIPHL-UHFFFAOYSA-N,130.18
Isoamyl alcohol,CC(C)CCO,1921,123-51-3,PHTQWCKDNZKARW-UHFFFAOYSA-N,88.15
Isoamyl isovalerate,CC(C)CCOC(=O)CC(C)C,11601,659-70-1,XINCECQTMHSORG-UHFFFAOYSA-N,172.26
Isoamyl laurate,CCCCCCCCCCCC(=O)OCCC(C)C,11079,6309-51-9,FVKRIDSRWFEQME-UHFFFAOYSA-N,270.5
Isoamyl oleate,CCCCCCCC/C=C\CCCCCCCC(=O)OCCC(C)C,10997,627-89-4,PHUSOTFVZQDLMC-QXMHVHEDSA-N,352.6
Isoborneol,C[C@@]12CC[C@@H](C1(C)C)C[C@H]2O,1994,124-76-5,DTGKSKDOIYIVQL-MRTMQBJTSA-N,154.25
Isobornyl acetate,CC(=O)O[C@H]1C[C@@H]2CC[C@]1(C2(C)C)C,2020,125-12-2,KGEKLUUHTZCSIP-JBLDHEPKSA-N,196.29
Isobutane,CC(C)C,13466,75-28-5,NNPPMTNAJDCUHE-UHFFFAOYSA-N,58.12
Isobutanol,CC(C)CO,13974,78-83-1,ZXEKIIBDNHEJCQ-UHFFFAOYSA-N,74.12
Isobutyl 2-butenoate,C/C=C/C(=O)OCC(C)C,10295,589-66-2,XDOWKOALJBOBBL-SNAWJCMRSA-N,142.2
Isobutyl acetate,CC(C)COC(=O)C,987,110-19-0,GJRQTCIYDGXPES-UHFFFAOYSA-N,116.16
Isobutyl acrylate,CC(C)COC(=O)C=C,663,106-63-8,CFVWNXQPGQOHRJ-UHFFFAOYSA-N,128.17
Isobutyl benzoate,CC(C)COC(=O)C1=CC=CC=C1,1572,120-50-3,KYZHGEFMXZOSJN-UHFFFAOYSA-N,178.23
Isobutyl dihydrogen phosphate,CC(C)COP(=O)(O)O,5499,2466-73-1,SVBLDLLXNRGMBG-UHFFFAOYSA-N,154.1
Isobutyl isobutyrate,CC(C)COC(=O)C(C)C,15933,97-85-8,RXGUIWHIADMCFC-UHFFFAOYSA-N,144.21
Isobutyl laurate,CCCCCCCCCCCC(=O)OCC(C)C,8027,37811-72-6,SZFOMJOELAAHAF-UHFFFAOYSA-N,256.42
Isobutyl methacrylate,CC(C)COC(=O)C(=C)C,15934,97-86-9,RUMACXVDVNRZJZ-UHFFFAOYSA-N,142.2
Isobutyl palmitate,CCCCCCCCCCCCCCCC(=O)OCC(C)C,996,110-34-9,OJIBJRXMHVZPLV-UHFFFAOYSA-N,312.5
Isobutyl phenyl carbonate,CC(C)COC(=O)OC1=CC=CC=C1,2375,13183-18-1,MTFSSQVLWRFNAZ-UHFFFAOYSA-N,194.23
Isobutyl propionate,CCC(=O)OCC(C)C,9597,540-42-1,FZXRXKLUIMKDEL-UHFFFAOYSA-N,130.18
Isobutyl stearate,CCCCCCCCCCCCCCCCCC(=O)OCC(C)C,11403,646-13-9,ORFWYUFLWUWSFM-UHFFFAOYSA-N,340.6
Isobutyl vinyl ether,CC(C)COC=C,935,109-53-5,OZCMOJQQLBXBKI-UHFFFAOYSA-N,100.16
Isobutylbenzene,CC(C)CC1=CC=CC=C1,9562,538-93-2,KXUHSQYYJYAXGZ-UHFFFAOYSA-N,134.22
Isobutylbis(hydroxymethyl)phosphine oxide,CC(C)CP(=O)(CO)CO,3057,142747-77-1,OZEIKKSJNYAJPR-UHFFFAOYSA-N,166.16
Isobutylene,CC(=C)C,1356,115-11-7,VQTUBCCKSQIDNK-UHFFFAOYSA-N,56.11
Isobutylhydrazine,CC(C)CNN,8490,42504-87-0,NGSOWKPBNFOQCR-UHFFFAOYSA-N,88.15
Isobutylisopropyldimethoxysilane,CC(C)C[Si](C(C)C)(OC)OC,1172,111439-76-0,XFAOZKNGVLIXLC-UHFFFAOYSA-N,190.35
Isobutyltrimethoxysilane,CC(C)C[Si](OC)(OC)OC,4317,18395-30-7,XYJRNCYWTVGEEG-UHFFFAOYSA-N,178.3
Isobutyraldehyde,CC(C)C=O,13975,78-84-2,AMIMRNSIRUDHCM-UHFFFAOYSA-N,72.11
Isobutyric acid,CC(C)C(=O)O,14037,79-31-2,KQNPFQTWMSNSAP-UHFFFAOYSA-N,88.11
Isobutyric anhydride,CC(C)C(=O)OC(=O)C(C)C,15929,97-72-3,LSACYLWPPQLVSM-UHFFFAOYSA-N,158.19
Isocaryophyllene,C/C/1=C/CCC(=C)[C@H]2CC([C@@H]2CC1)(C)C,1463,118-65-0,NPNUFJAVOOONJE-FLFDDASRSA-N,204.35
Isodaucene,CC1=CCC2(CCC(C2CC1)C(=C)C)C,3062,142878-08-8,RLNLRKHTQIXWHM-UHFFFAOYSA-N,204.35
Isodecanol,CC(C)CCCCCCCO,5855,25339-17-7,PLLBRTOLHQQAQQ-UHFFFAOYSA-N,158.28
Isodecyl acrylate,CC(C)CCCCCCCOC(=O)C=C,2485,1330-61-6,LVGFPWDANALGOY-UHFFFAOYSA-N,212.33
Isodecyl diphenyl phosphate,CC(C)CCCCCCCOP(=O)(OC1=CC=CC=C1)OC2=CC=CC=C2,6909,29761-21-5,RYUJRXVZSJCHDZ-UHFFFAOYSA-N,390.5
Isodecyl diphenyl phosphite,CC(C)CCCCCCCOP(OC1=CC=CC=C1)OC2=CC=CC=C2,6256,26544-23-0,ADRNSOYXKABLGT-UHFFFAOYSA-N,374.5
Isodecyl methacrylate,CC(C)CCCCCCCOC(=O)C(=C)C,6946,29964-84-9,COCLLEMEIJQBAG-UHFFFAOYSA-N,226.35
Isodecyl octyl phthalate,CCCCCCCCOC(=O)C1=CC=CC=C1C(=O)OCCCCCCCC(C)C,2487,1330-96-7,UXLBXTIBYMXRNX-UHFFFAOYSA-N,418.6
Isodecyl oleate,CCCCCCCC/C=C\CCCCCCCC(=O)OCCCCCCCC(C)C,10365,59231-34-4,ODMZDMMTKHXXKA-QXMHVHEDSA-N,422.7
Isodecyl tridecyl phthalate,CCCCCCCCCCCCCOC(=O)C1=CC=CC=C1C(=O)OCCCCCCCC(C)C,10819,61886-60-0,TYLLMRSWXAGLFH-UHFFFAOYSA-N,488.7
Isoelemicin,C/C=C/C1=CC(=C(C(=C1)OC)OC)OC,9435,5273-85-8,RRXOQHQFJOQLQR-AATRIKPKSA-N,208.25
Isoeugenol,C/C=C/C1=CC(=C(C=C1)O)OC,15921,97-54-1,BJIOGJUNALELMI-ONEGZZNKSA-N,164.2
Isoindoline,C1C2=CC=CC=C2CN1,8985,496-12-8,GWVMLCQWXVFZCN-UHFFFAOYSA-N,119.16
Isononyl acrylate,CC(C)CCCCCCOC(=O)C=C,9291,51952-49-9,CUXGDKOCSSIRKK-UHFFFAOYSA-N,198.3
Isononyl alcohol,CC(C)CCCCCCO,5414,2430-22-0,QDTDKYHPHANITQ-UHFFFAOYSA-N,144.25
Isononyl alcohol,CC(C)CCCCCCO,6512,27458-94-2,QDTDKYHPHANITQ-UHFFFAOYSA-N,144.25
Isononyl Benzoate,CC(C)CCCCCCOC(=O)C1=CC=CC=C1,11732,670241-72-2,BBVARVTURNYWGV-UHFFFAOYSA-N,248.36
Isooctadecyl acrylate,CC(C)CCCCCCCCCCCCCCCOC(=O)C=C,15629,93841-48-6,STFXXRRQKFUYEU-UHFFFAOYSA-N,324.5
Isooctyl acrylate,CC(C)CCCCCOC(=O)C=C,6885,29590-42-9,DXPPIEDUBFUSEZ-UHFFFAOYSA-N,184.27
Isooctyl diphenyl phosphite,CC(C)CCCCCOP(OC1=CC=CC=C1)OC2=CC=CC=C2,6202,26401-27-4,YEQHNTCMAVPEKP-UHFFFAOYSA-N,346.4
Isooctyl epoxyoctadecanoate,CCCCCCCCC1C(O1)CCCCCCCC(=O)OCCCCCC(C)C,1057,11087-88-0,ABXXXZLVKKIAGK-UHFFFAOYSA-N,410.7
Isooctyl laurate,CCCCCCCCCCCC(=O)OCCCCCC(C)C,14525,84713-06-4,UNOGLHIYPXTOGD-UHFFFAOYSA-N,312.5
Isooctyl thioglycolate,CC(C)CCCCCOC(=O)CS,5719,25103-09-7,RZBBHEJLECUBJT-UHFFFAOYSA-N,204.33
Isooctyl vinyl ether,CC(C)CC(C)(C)COC=C,8021,37769-62-3,RSZNIQXJTHPTBO-UHFFFAOYSA-N,156.26
Isooctylphenol,CC(C)CCCCCC1=CC=CC=C1O,1054,11081-15-5,NFAOATPOYUWEHM-UHFFFAOYSA-N,206.32
Isopentane,CCC(C)C,13972,78-78-4,QWTDNUCVQCZILF-UHFFFAOYSA-N,72.15
Isopentyl benzoate,CC(C)CCOC(=O)C1=CC=CC=C1,15662,94-46-2,MLLAPOCBLWUFAP-UHFFFAOYSA-N,192.25
Isopentyl pentyl phthalate,CCCCCOC(=O)C1=CC=CC=C1C(=O)OCCC(C)C,13813,776297-69-9,MCXWUHMDAJQKBI-UHFFFAOYSA-N,306.4
Isophorone,CC1=CC(=O)CC(C1)(C)C,13965,78-59-1,HJOVHMDZYOCNQW-UHFFFAOYSA-N,138.21
Isophorone diamine,CC1(CC(CC(C1)(C)CN)N)C,6700,2855-13-2,RNLHGQLZWXBQNY-UHFFFAOYSA-N,170.3
Isophorone diisocyanate,CC1(CC(CC(C1)(C)CN=C=O)N=C=O)C,8319,4098-71-9,NIMLQBUJDJZYEJ-UHFFFAOYSA-N,222.28
Isophthalaldehyde,C1=CC(=CC(=C1)C=O)C=O,10978,626-19-7,IZALUMVGBVKPJD-UHFFFAOYSA-N,134.13
Isophthalic acid,C1=CC(=CC(=C1)C(=O)O)C(=O)O,1731,121-91-5,QQVIHTHCMHWDBS-UHFFFAOYSA-N,166.13
"Isophthalic acid, allyl dodecyl ester",CCCCCCCCCCCCOC(=O)C1=CC(=CC=C1)C(=O)OCC=C,17243,,CAMJTCUBPHNXHN-UHFFFAOYSA-N,374.5
"Isophthalic acid, butyl 10-chlorodecyl ester",CCCCOC(=O)C1=CC(=CC=C1)C(=O)OCCCCCCCCCCCl,17065,,CTHULQCRNLWOBT-UHFFFAOYSA-N,396.9
Isophthalic dihydrazide,C1=CC(=CC(=C1)C(=O)NN)C(=O)NN,6537,2760-98-7,UTTHLMXOSUFZCQ-UHFFFAOYSA-N,194.19
Isophthaloyl dichloride,C1=CC(=CC(=C1)C(=O)Cl)C(=O)Cl,16045,99-63-8,FDQSRULYDNDXQB-UHFFFAOYSA-N,203.02
Isopimpinellin,COC1=C2C=COC2=C(C3=C1C=CC(=O)O3)OC,8929,482-27-9,DFMAXQKDIGCMTL-UHFFFAOYSA-N,246.21
Isoprene,CC(=C)C=C,13973,78-79-5,RRHGJUQNOFWUDK-UHFFFAOYSA-N,68.12
Isoprene,CC(=C)C=C,17396,,RRHGJUQNOFWUDK-UHFFFAOYSA-N,68.12
Isopropenyl acetate,CC(=C)OC(=O)C,852,108-22-5,HETCEOQFVDFGSY-UHFFFAOYSA-N,100.12
Isopropyl 4-hydroxybenzoate,CC(C)OC(=O)C1=CC=C(C=C1)O,8422,4191-73-5,CMHMMKSPYOOVGI-UHFFFAOYSA-N,180.2
Isopropyl acetate,CC(C)OC(=O)C,851,108-21-4,JMMWKPVZQRWMSS-UHFFFAOYSA-N,102.13
Isopropyl acrylate,CC(C)OC(=O)C=C,12476,689-12-3,LYBIZMNPXTXVMV-UHFFFAOYSA-N,114.14
Isopropyl Alcohol,CC(C)O,11720,67-63-0,KFZMGEQAYNKOFK-UHFFFAOYSA-N,60.1
Isopropyl chloroformate,CC(C)OC(=O)Cl,853,108-23-6,IVRIRQXJSNCSPQ-UHFFFAOYSA-N,122.55
Isopropyl cinnamate,CC(C)OC(=O)/C=C/C1=CC=CC=C1,17639,,RGACABDFLVLVCT-CMDGGOBGSA-N,190.24
Isopropyl cyanoacrylate,CC(C)OC(=O)C(=C)C#N,620,10586-17-1,SQGOMFWCSGKGEP-UHFFFAOYSA-N,139.15
Isopropyl dodecanoate,CCCCCCCCCCCC(=O)OC(C)C,332,10233-13-3,UJPPXNXOEVDSRW-UHFFFAOYSA-N,242.4
Isopropyl glycidyl ether,CC(C)OCC1CO1,8245,4016-14-2,NWLUZGJDEZBBRH-UHFFFAOYSA-N,116.16
Isopropyl hexanoate,CCCCCC(=O)OC(C)C,5225,2311-46-8,JSHDAORXSNJOBA-UHFFFAOYSA-N,158.24
Isopropyl isostearate,CC(C)CCCCCCCCCCCCCCC(=O)OC(C)C,7229,31478-84-9,NEOZOXKVMDBOSG-UHFFFAOYSA-N,326.6
Isopropyl isostearate,CC(C)CCCCCCCCCCCCCCC(=O)OC(C)C,12020,68171-33-5,NEOZOXKVMDBOSG-UHFFFAOYSA-N,326.6
Isopropyl isothiocyanate,CC(C)N=C=S,5153,2253-73-8,VHBFEIBMZHEWSX-UHFFFAOYSA-N,101.17
Isopropyl linoleate,CCCCC/C=C\C/C=C\CCCCCCCC(=O)OC(C)C,5196,22882-95-7,XEIOPEQGDSYOIH-MURFETPASA-N,322.5
Isopropyl methacrylate,CC(C)OC(=O)C(=C)C,8845,4655-34-9,BOQSSGDQNWEFSX-UHFFFAOYSA-N,128.17
Isopropyl Myristate,CCCCCCCCCCCCCC(=O)OC(C)C,991,110-27-0,AXISYYRBXTVTFY-UHFFFAOYSA-N,270.5
Isopropyl oleate,CCCCCCCC/C=C\CCCCCCCC(=O)OC(C)C,1209,112-11-8,PZQSQRCNMZGWFT-QXMHVHEDSA-N,324.5
Isopropyl Palmitate,CCCCCCCCCCCCCCCC(=O)OC(C)C,3035,142-91-6,XUGNVMKQXJXZCD-UHFFFAOYSA-N,298.5
Isopropyl stearate,CCCCCCCCCCCCCCCCCC(=O)OC(C)C,1208,112-10-7,ZPWFUIUNWDIYCJ-UHFFFAOYSA-N,326.6
Isopropyl-sec-butylperoxydicarbonate,CCC(C)OC(=O)OOC(=O)OC(C)C,14012,78350-78-4,AKUHVUBQELUSIY-UHFFFAOYSA-N,220.22
Isopropylbiphenyl,CC(C)C1=CC=CC=C1C2=CC=CC=C2,5942,25640-78-2,HKTCLPBBJDIBGF-UHFFFAOYSA-N,196.29
Isopropylcyclohexane,CC(C)C1CCCCC1,12660,696-29-7,GWESVXSMPKAFAS-UHFFFAOYSA-N,126.24
Isopropylphenyl diphenyl phosphate,CC(C)C1=CC=CC=C1OP(=O)(OC2=CC=CC=C2)OC3=CC=CC=C3,6632,28108-99-8,JJXNVYMIYBNZQX-UHFFFAOYSA-N,368.4
Isopropylphenyl diphenyl phosphate,CC(C)C1=CC=CC=C1OP(=O)(OC2=CC=CC=C2)OC3=CC=CC=C3,16136,64532-94-1,JJXNVYMIYBNZQX-UHFFFAOYSA-N,368.4
Isopropylphenylbutanal,CC(C)C1=CC(=CC=C1)C(C)CC=O,2025,125109-85-5,OHRBQTOZYGEWCJ-UHFFFAOYSA-N,190.28
Isopropylthioxanthone,CC(C)C1=C2C(=CC=C1)SC3=CC=CC=C3C2=O,13508,75081-21-9,YIKSHDNOAYSSPX-UHFFFAOYSA-N,254.3
Isoproturon,CC(C)C1=CC=C(C=C1)NC(=O)N(C)C,7589,34123-59-6,PUIYMUZLKQOUOZ-UHFFFAOYSA-N,206.28
Isopulegol,CC1CCC(C(C1)O)C(=C)C,13901,7786-67-6,ZYTMANIQRDEHIO-UHFFFAOYSA-N,154.25
Isoquinoline,C1=CC=C2C=NC=CC2=C1,1510,119-65-3,AWJUIBRHMBBTKR-UHFFFAOYSA-N,129.16
Isosafrole,C/C=C/C1=CC2=C(C=C1)OCO2,1578,120-58-1,VHVOLFRBFDOUSH-NSCUHMNNSA-N,162.18
Isosorbide,C1[C@H]([C@@H]2[C@H](O1)[C@H](CO2)O)O,11530,652-67-5,KLDXJTOLSGUMSJ-JGWLITMVSA-N,146.14
Isosorbide Dinitrate,C1[C@H]([C@@H]2[C@H](O1)[C@H](CO2)O[N+](=O)[O-])O[N+](=O)[O-],14779,87-33-2,MOYKHGMNXAOIAT-JGWLITMVSA-N,236.14
Isostearyl neopentanoate,CC(C)CCCCCCCCCCCCCCCOC(=O)C(C)(C)C,10302,58958-60-4,JSOVGYMVTPPEND-UHFFFAOYSA-N,354.6
Isoterpinolene,CC1CCC(=C(C)C)C=C1,10265,586-63-0,CIPXOBMYVWRNLL-UHFFFAOYSA-N,136.23
Isotetradecyl acrylate,CC(C)CCCCCCCCCCCOC(=O)C=C,15625,93804-11-6,WLRIOEJDMDJFIK-UHFFFAOYSA-N,268.4
Isotridecanol,CC(C)CCCCCCCCCCO,6510,27458-92-0,XUJLWPFSUCHPQL-UHFFFAOYSA-N,200.36
Isotridecanol,CC(C)CCCCCCCCCCO,14710,85763-57-1,XUJLWPFSUCHPQL-UHFFFAOYSA-N,200.36
Isotridecyl stearate,CCCCCCCCCCCCCCCCCC(=O)OCCCCCCCCCCC(C)C,7241,31565-37-4,SRBSSROHORQGBO-UHFFFAOYSA-N,466.8
Isovaleraldehyde,CC(C)CC=O,10319,590-86-3,YGHRJJRRZDOVPD-UHFFFAOYSA-N,86.13
Isovaleric acid,CC(C)CC(=O)O,7780,35915-22-1,GWYFCOCPABKNJV-UHFFFAOYSA-N,102.13
Isovaleric acid,CC(C)CC(=O)O,9059,503-74-2,GWYFCOCPABKNJV-UHFFFAOYSA-N,102.13
Isovaleronitrile,CC(C)CC#N,10965,625-28-5,QHDRKFYEGYYIIK-UHFFFAOYSA-N,83.13
Isoviolanthrone,C1=CC=C2C(=C1)C3=C4C(=CC=C5C4=C(C=C3)C6=CC=C7C8=C(C=CC5=C68)C9=CC=CC=C9C7=O)C2=O,2146,128-64-3,BSIHWSXXPBAGTC-UHFFFAOYSA-N,456.5
Itaconic acid,C=C(CC(=O)O)C(=O)O,15927,97-65-4,LVHBHZANLOWSRM-UHFFFAOYSA-N,130.1
Juglone,C1=CC2=C(C(=O)C=CC2=O)C(=C1)O,8920,481-39-0,KQPYUDDGWXQXHS-UHFFFAOYSA-N,174.15
Juniperol,CC1(CCCC2(C3C1[C@@H](C2(CC3)C)O)C)C,8839,465-24-7,MNNFKQAYXGEKFA-MJBFILCRSA-N,222.37
Juvabione,C[C@H](CC(=O)CC(C)C)[C@@H]1CCC(=CC1)C(=O)OC,4203,17904-27-7,IIWNDLDEVPJIBT-OLZOCXBDSA-N,266.38
Kathon 930,CCCCCCCCN1C(=O)C(=C(S1)Cl)Cl,11353,64359-81-5,PORQOHRXAJJKGK-UHFFFAOYSA-N,282.2
L-Ascorbic acid monostearate,CCCCCCCCCCCCCCCCCC(=O)OC[C@@H]([C@@H]1C(=C(C(=O)O1)O)O)O,688,10605-09-1,LITUBCVUXPBCGA-WMZHIEFXSA-N,442.6
"L-HISTIDINE, N-beta-ALANYL-",C1=C(NC=N1)CC(C(=O)O)NC(=O)CCN,15000,9001-73-4,CQOVPNPJLQNMDC-UHFFFAOYSA-N,226.23
l-Menthol,C[C@@H]1CC[C@H]([C@@H](C1)O)C(C)C,5076,2216-51-5,NOOLISFMXDJSKH-KXUCPTDWSA-N,156.26
L-Menthyl acetate,C[C@@H]1CC[C@H]([C@@H](C1)OC(=O)C)C(C)C,6147,2623-23-6,XHXUANMFYXWVNG-ADEWGFFLSA-N,198.3
L-Tartaric acid,[C@@H]([C@H](C(=O)O)O)(C(=O)O)O,14790,87-69-4,FEWJPZIEWOKRBE-JCYAYHJZSA-N,150.09
"L-Valine, N-(1-L-lysyl-L-prolyl)-",CC(C)[C@@H](C(=O)O)NC(=O)[C@@H]1CCCN1C(=O)[C@H](CCCCN)N,11800,67727-97-3,YSPZCHGIWAQVKQ-AVGNSLFASA-N,342.43
"Labd-14-ene, 8,13-epoxy-, (13R)-",C[C@@]1(CC[C@H]2[C@@]3(CCCC([C@H]3CC[C@@]2(O1)C)(C)C)C)C=C,10400,596-84-9,IGGWKHQYMAJOHK-QVHQYWGISA-N,290.5
Lachnanthofluorene,C1=CC=C2C(=C1)C3=C4C5=C(C=C3)C(=O)C(=CC5=CC(=C4O2)O)O,9553,53766-48-6,WEQGUVNFNHXVGR-UHFFFAOYSA-N,302.3
Lactic Acid,CC(C(=O)O)O,9023,50-21-5,JVTAAEKCZFNVCJ-UHFFFAOYSA-N,90.08
Lactic Acid,CC(C(=O)O)O,10436,598-82-3,JVTAAEKCZFNVCJ-UHFFFAOYSA-N,90.08
"Lactide, DL-",CC1C(=O)OC(C(=O)O1)C,15779,95-96-5,JJTUDXZGHPGLLC-UHFFFAOYSA-N,144.12
Lauramidopropyl betaine,CCCCCCCCCCCC(=O)NCCC[N+](C)(C)CC(=O)[O-],8526,4292-10-8,MRUAUOIMASANKQ-UHFFFAOYSA-N,342.5
Lauramine oxide,CCCCCCCCCCCC[N+](C)(C)[O-],3836,1643-20-5,SYELZBGXAIXKHU-UHFFFAOYSA-N,229.4
Laureth-5,CCCCCCCCCCCCOCCOCCOCCOCCOCCO,7059,3055-95-6,LAPRIVJANDLWOK-UHFFFAOYSA-N,406.6
Lauric Acid,CCCCCCCCCCCC(=O)O,3072,143-07-7,POULHZVOKOAJMA-UHFFFAOYSA-N,200.32
Lauric anhydride,CCCCCCCCCCCC(=O)OC(=O)CCCCCCCCCCC,11383,645-66-9,NWADXBLMWHFGGU-UHFFFAOYSA-N,382.6
Laurolactam,C1CCCCCC(=O)NCCCCC1,15726,947-04-6,JHWNWJKBPDFINM-UHFFFAOYSA-N,197.32
Lauroyl peroxide,CCCCCCCCCCCC(=O)OOC(=O)CCCCCCCCCCC,578,105-74-8,YIVJZNGAASQVEM-UHFFFAOYSA-N,398.6
Lauryl 2-ethylhexanoate,CCCCCCCCCCCCOC(=O)C(CC)CCCC,9925,56078-38-7,YLKDIPABJFXZRY-UHFFFAOYSA-N,312.5
Lauryl 3-mercaptopropionate,CCCCCCCCCCCCOC(=O)CCS,11225,6380-71-8,ARNIBHATWCFIIK-UHFFFAOYSA-N,274.5
Lauryl Alcohol,CCCCCCCCCCCCO,1237,112-53-8,LQZZUXJYWNFBMV-UHFFFAOYSA-N,186.33
Lauryl Alcohol,CCCCCCCCCCCCO,6493,27342-88-7,LQZZUXJYWNFBMV-UHFFFAOYSA-N,186.33
Lauryl glycidyl ether,CCCCCCCCCCCCOCC1CO1,5482,2461-18-9,VMSIYTPWZLSMOH-UHFFFAOYSA-N,242.4
Lauryl laurate,CCCCCCCCCCCCOC(=O)CCCCCCCCCCC,2898,13945-76-1,CYUUZGXOQDCCGH-UHFFFAOYSA-N,368.6
Lauryl methacrylate,CCCCCCCCCCCCOC(=O)C(=C)C,3034,142-90-5,GMSCBRSQMRDRCD-UHFFFAOYSA-N,254.41
Lauryl oleate,CCCCCCCCCCCCOC(=O)CCCCCCC/C=C\CCCCCCCC,7791,36078-10-1,OXPCWUWUWIWSGI-MSUUIHNZSA-N,450.8
Lauryl palmitate,CCCCCCCCCCCCCCCC(=O)OCCCCCCCCCCCC,8464,42232-29-1,GULIJHQUYGTWSO-UHFFFAOYSA-N,424.7
Lauryl stearate,CCCCCCCCCCCCCCCCCC(=O)OCCCCCCCCCCCC,9474,5303-25-3,JRTVEUGOGWTHTR-UHFFFAOYSA-N,452.8
Lauryl sulfate,CCCCCCCCCCCCOS(=O)(=O)O,3371,151-41-7,MOTZDAYCYVMXPC-UHFFFAOYSA-N,266.4
Leucyl-leucyl-leucine,CC(C)C[C@@H](C(=O)N[C@@H](CC(C)C)C(=O)N[C@@H](CC(C)C)C(=O)O)N,413,10329-75-6,DNDWZFHLZVYOGF-KKUMJFAQSA-N,357.5
Levomethadone,CCC(=O)C(C[C@@H](C)N(C)C)(C1=CC=CC=C1)C2=CC=CC=C2,2021,125-58-6,USSIQXCVUWKGNF-QGZVFWFLSA-N,309.4
Levulinic acid,CC(=O)CCC(=O)O,1932,123-76-2,JOOXCMJARBKPKM-UHFFFAOYSA-N,116.11
Lignosulfonic acid,COC1=CC=CC(=C1O)CC(CS(=O)(=O)O)OC2=C(C=C(C=C2)CCCS(=O)(=O)O)OC,14244,8062-15-5,FOGYNLXERPKEGN-UHFFFAOYSA-N,490.5
Lilial,CC(CC1=CC=C(C=C1)C(C)(C)C)C=O,14103,80-54-6,SDQFDHOLCGWZPU-UHFFFAOYSA-N,204.31
"Limonene, (+)-",CC1=CC[C@@H](CC1)C(=C)C,10443,5989-27-5,XMGQYMWWDOXHJM-JTQLQIEISA-N,136.23
"Limonene, (+/-)-",CC1=CCC(CC1)C(=C)C,2819,138-86-3,XMGQYMWWDOXHJM-UHFFFAOYSA-N,136.23
"Limonene, (+/-)-",CC1=CCC(CC1)C(=C)C,13745,7705-14-8,XMGQYMWWDOXHJM-UHFFFAOYSA-N,136.23
"Limonene, (-)-",CC1=CC[C@H](CC1)C(=C)C,10444,5989-54-8,XMGQYMWWDOXHJM-SNVBAGLBSA-N,136.23
"Linalool, (+/-)-",CC(=CCCC(C)(C=C)O)C,13970,78-70-6,CDOSHBSSFJOMGT-UHFFFAOYSA-N,154.25
Linalyl acetate,CC(=CCCC(C)(C=C)OC(=O)C)C,1372,115-95-7,UWKAYLJWKGQEPM-UHFFFAOYSA-N,196.29
Linalyl butyrate,CCCC(=O)OC(C)(CCC=C(C)C)C=C,13959,78-36-4,FHLGUOHLUFIAAA-UHFFFAOYSA-N,224.34
Linalyl formate,CC(=CCCC(C)(C=C)OC=O)C,1374,115-99-1,JZOCDHMHLGUPFI-UHFFFAOYSA-N,182.26
Linalyl propionate,CCC(=O)OC(C)(CCC=C(C)C)C=C,3115,144-39-8,WAQIIHCCEMGYKP-UHFFFAOYSA-N,210.31
Linoleamide,CCCCC/C=C\C/C=C\CCCCCCCC(=O)N,8233,3999-01-7,SFIHQZFZMWZOJV-HZJYTTRNSA-N,279.5
Linoleamide,CCCCC/C=C\C/C=C\CCCCCCCC(=O)N,17749,,SFIHQZFZMWZOJV-HZJYTTRNSA-N,279.5
Linoleic Acid,CCCCC/C=C\C/C=C\CCCCCCCC(=O)O,10461,60-33-3,OYHQOLUKZRVURQ-HZJYTTRNSA-N,280.4
Linolenic Acid,CC/C=C\C/C=C\C/C=C\CCCCCCCC(=O)O,8826,463-40-1,DTOSIQBPPRVQHS-PDBXOOCHSA-N,278.4
Linolenyl alcohol,CC/C=C\C/C=C\C/C=C\CCCCCCCCO,9097,506-44-5,IKYKEVDKGZYRMQ-PDBXOOCHSA-N,264.4
Linoleoyl chloride,CCCCC/C=C\C/C=C\CCCCCCCC(=O)Cl,13385,7459-33-8,FBWMYSQUTZRHAT-HZJYTTRNSA-N,298.9
Linuron,CN(C(=O)NC1=CC(=C(C=C1)Cl)Cl)OC,7440,330-55-2,XKJMBINCVNINCA-UHFFFAOYSA-N,249.09
Lyral,CC(C)(CCCC1=CCC(CC1)C=O)O,7301,31906-04-4,ORMHZBNNECIKOH-UHFFFAOYSA-N,210.31
m-Cresol,CC1=CC(=CC=C1)O,861,108-39-4,RLSSMJSEOOYNOY-UHFFFAOYSA-N,108.14
m-Cymene,CC1=CC(=CC=C1)C(C)C,9534,535-77-3,XCYJPXQACVEIOS-UHFFFAOYSA-N,134.22
m-Diisopropylbenzene dihydroperoxide,CC(C)(C1=CC(=CC=C1)C(C)(C)OO)OO,13017,721-26-6,IROSBXFYXRIPRU-UHFFFAOYSA-N,226.27
m-Phenylenediamine,C1=CC(=CC(=C1)N)N,865,108-45-2,WZCQRUWWHSTZEM-UHFFFAOYSA-N,108.14
m-Phenylenedioxydi(acetic acid),C1=CC(=CC(=C1)OCC(=O)O)OCC(=O)O,286,102-39-6,ZVMAGJJPTALGQB-UHFFFAOYSA-N,226.18
M-Terphenyl,C1=CC=C(C=C1)C2=CC(=CC=C2)C3=CC=CC=C3,15447,92-06-8,YJTKZCDBKVTVBY-UHFFFAOYSA-N,230.3
M-Toluic acid,CC1=CC(=CC=C1)C(=O)O,16034,99-04-7,GPSDUZXPYCFOSQ-UHFFFAOYSA-N,136.15
"m-Toluic acid, 2-ethylhexyl ester",CCCCC(CC)COC(=O)C1=CC=CC(=C1)C,3825,16397-66-3,FFYKMINFEGZHCA-UHFFFAOYSA-N,248.36
m-Toluidine,CC1=CC(=CC=C1)N,864,108-44-1,JJYPMNFTHPTTDI-UHFFFAOYSA-N,107.15
M-Tolyldiethanolamine,CC1=CC(=CC=C1)N(CCO)CCO,15353,91-99-6,VMNDRLYLEVCGAG-UHFFFAOYSA-N,195.26
m-Xylene,CC1=CC(=CC=C1)C,860,108-38-3,IVSZLXZYQVIEFR-UHFFFAOYSA-N,106.16
m-Xylene,CC1=CC(=CC=C1)C,16207,1330-20-7,IVSZLXZYQVIEFR-UHFFFAOYSA-N,106.16
m-Xylylenediamine,C1=CC(=CC(=C1)CN)CN,3246,1477-55-0,FDLQZKYLHJJBHD-UHFFFAOYSA-N,136.19
Majantol,CC1=CC(=CC=C1)CC(C)(C)CO,459,103694-68-4,FYMOBFDUZIDKMI-UHFFFAOYSA-N,178.27
Maleic Acid,C(=C\C(=O)O)\C(=O)O,984,110-16-7,VZCYOOQTPOCHFL-UPHRSURJSA-N,116.07
Maleic Anhydride,C1=CC(=O)OC1=O,857,108-31-6,FPYJFEHAWHCUMM-UHFFFAOYSA-N,98.06
Malic Acid,C(C(C(=O)O)O)C(=O)O,12601,6915-15-7,BJEPYKJPYRNKOW-UHFFFAOYSA-N,134.09
Malonic acid,C(C(=O)O)C(=O)O,2987,141-82-2,OFOBLEOULBTSOW-UHFFFAOYSA-N,104.06
Maltitol,C([C@@H]1[C@H]([C@@H]([C@H]([C@H](O1)O[C@H]([C@@H](CO)O)[C@@H]([C@H](CO)O)O)O)O)O)O,10250,585-88-6,VQHSOMBJVWLPSR-WUJBLJFYSA-N,344.31
Mannitol,C([C@H]([C@H]([C@@H]([C@@H](CO)O)O)O)O)O,2480,133-43-7,FBPFZTCFMRRESA-KVTDHHQDSA-N,182.17
Mannitol,C([C@H]([C@H]([C@@H]([C@@H](CO)O)O)O)O)O,12579,69-65-8,FBPFZTCFMRRESA-KVTDHHQDSA-N,182.17
Mannitol,C([C@H]([C@H]([C@@H]([C@@H](CO)O)O)O)O)O,14791,87-78-5,FBPFZTCFMRRESA-KVTDHHQDSA-N,182.17
Masoprocol,C[C@H](CC1=CC(=C(C=C1)O)O)[C@@H](C)CC2=CC(=C(C=C2)O)O,6554,27686-84-6,HCZKYJDFEPMADG-TXEJJXNPSA-N,302.4
MCPA-isooctyl,CC1=C(C=CC(=C1)Cl)OCC(=O)OCCCCCC(C)C,6254,26544-20-7,PDIYKJRLQHHRAG-UHFFFAOYSA-N,312.8
Meglutol,CC(CC(=O)O)(CC(=O)O)O,9058,503-49-1,NPOAOTPXWNWTSH-UHFFFAOYSA-N,162.14
Melamine,C1(=NC(=NC(=N1)N)N)N,882,108-78-1,JDSHMPZPIAZGSV-UHFFFAOYSA-N,126.12
Menthofuran,CC1CCC2=C(C1)OC=C2C,8975,494-90-6,YGWKXXYGDYYFJU-UHFFFAOYSA-N,150.22
Menthol,CC1CCC(C(C1)O)C(C)C,3302,1490-04-6,NOOLISFMXDJSKH-UHFFFAOYSA-N,156.26
Menthol,CC1CCC(C(C1)O)C(C)C,8965,491-01-0,NOOLISFMXDJSKH-UHFFFAOYSA-N,156.26
Menthol,CC1CCC(C(C1)O)C(C)C,14928,89-78-1,NOOLISFMXDJSKH-UHFFFAOYSA-N,156.26
Menthone,C[C@@H]1CC[C@H](C(=O)C1)C(C)C,2957,14073-97-3,NFLGAXVYCFJBMK-BDAKNGLRSA-N,154.25
Menthone,C[C@@H]1CC[C@H](C(=O)C1)C(C)C,14930,89-80-5,NFLGAXVYCFJBMK-BDAKNGLRSA-N,154.25
Menthyl hydroperoxide,CC1CCC(C(C1)OO)C(C)C,6340,26762-92-5,OZTWDFWAMMUDHQ-UHFFFAOYSA-N,172.26
Meperidine,CCOC(=O)C1(CCN(CC1)C)C2=CC=CC=C2,10047,57-42-1,XADCESSVHJOZHK-UHFFFAOYSA-N,247.33
Mequinol,COC1=CC=C(C=C1)O,3338,150-76-5,NWVVVBRKAWDGAB-UHFFFAOYSA-N,124.14
Mesityl oxide,CC(=CC(=O)C)C,2986,141-79-7,SHOJXDKTYKFBRD-UHFFFAOYSA-N,98.14
Mesitylene,CC1=CC(=CC(=C1)C)C,876,108-67-8,AUHZEENZYGFFBQ-UHFFFAOYSA-N,120.19
meso-Hexestrol,CC[C@H](C1=CC=C(C=C1)O)[C@@H](CC)C2=CC=C(C=C2)O,14449,84-16-2,PBBGSZCBWVPOOL-HDICACEKSA-N,270.4
Metepa,CC1CN1P(=O)(N2CC2C)N3CC3C,10045,57-39-6,AVUYXHYHTTVPRX-UHFFFAOYSA-N,215.23
Methacrylamide,CC(=C)C(=O)N,5605,25014-12-4,FQPSGWSUVKBHSU-UHFFFAOYSA-N,85.1
Methacrylamide,CC(=C)C(=O)N,14041,79-39-0,FQPSGWSUVKBHSU-UHFFFAOYSA-N,85.1
Methacrylic Acid,CC(=C)C(=O)O,14042,79-41-4,CERQOIWHTDAKMF-UHFFFAOYSA-N,86.09
Methacrylic anhydride,CC(=C)C(=O)OC(=O)C(=C)C,13595,760-93-0,DCUFMVPCXCSVNP-UHFFFAOYSA-N,154.16
Methacrylonitrile,CC(=C)C#N,2062,126-98-7,GYCMBHHDWRMZGG-UHFFFAOYSA-N,67.09
Methacryloxyacetic acid,CC(=C)COCC(=O)O,107,10041-27-7,KWBYXBYRUHMDAR-UHFFFAOYSA-N,130.14
Methacryloxymethyltriethoxysilane,CCO[Si](COC(=O)C(=C)C)(OCC)OCC,9875,5577-72-0,UZIAQVMNAXPCJQ-UHFFFAOYSA-N,262.37
Methacryloyl chloride,CC(=C)C(=O)Cl,15463,920-46-7,VHRYZQNGTZXDNX-UHFFFAOYSA-N,104.53
Methacryloyl fluoride,CC(=C)C(=O)F,8046,381-67-9,QPWDDANCLNNEQF-UHFFFAOYSA-N,88.08
Methadyl acetate,CCC(C(CC(C)N(C)C)(C1=CC=CC=C1)C2=CC=CC=C2)OC(=O)C,9132,509-74-0,XBMIVRRWGCYBTQ-UHFFFAOYSA-N,353.5
Methane,C,7125,308063-56-1,VNWKTOKETHGBQD-UHFFFAOYSA-N,16.043
Methane,C,13228,74-82-8,VNWKTOKETHGBQD-UHFFFAOYSA-N,16.043
"Methane, di-o-tolyl-",CC1=CC=CC=C1CC2=CC=CC=C2C,3805,1634-74-8,ZZFUVPDOJGQTKI-UHFFFAOYSA-N,196.29
Methanesulfonic Acid,CS(=O)(=O)O,13491,75-75-2,AFVFQIVMOAPDHO-UHFFFAOYSA-N,96.11
Methanesulfonyl chloride,CS(=O)(=O)Cl,1990,124-63-0,QARBMVPHQWIHKH-UHFFFAOYSA-N,114.55
Methanethiol,CS,13235,74-93-1,LSDPWZHWYPCBBB-UHFFFAOYSA-N,48.11
Methanol,CO,11719,67-56-1,OKKJLVBELUTLKV-UHFFFAOYSA-N,32.042
"Methanol, oxo-, benzoate",C1=CC=C(C=C1)C(=O)OC=O,16855,,GNNILMDCYQGMRH-UHFFFAOYSA-N,150.13
"Methanone, (1,4-butanediylbis(oxy(2-hydroxy-4,1-phenylene)))bis(phenyl-",C1=CC=C(C=C1)C(=O)C2=C(C=C(C=C2)OCCCCOC3=CC(=C(C=C3)C(=O)C4=CC=CC=C4)O)O,5341,23911-80-0,XTXAZHSPVHPNSL-UHFFFAOYSA-N,482.5
Methcathinone,CC(C(=O)C1=CC=CC=C1)NC,9978,5650-44-2,LPLLVINFLBSFRP-UHFFFAOYSA-N,163.22
Methenamine,C1N2CN3CN1CN(C2)C3,30,100-97-0,VKYKSIONXSXAKP-UHFFFAOYSA-N,140.19
Methionine,CSCC[C@@H](C(=O)O)N,11060,63-68-3,FFEARJCKVFRZRR-BYPYZUCNSA-N,149.21
Methoxyacetaldehyde diethyl acetal,CCOC(COC)OCC,8928,4819-75-4,PCYADPMXIILFTP-UHFFFAOYSA-N,148.2
Methoxyacetic acid,COCC(=O)O,10967,625-45-6,RMIODHQZRUFFFF-UHFFFAOYSA-N,90.08
"Methoxyacetic acid, 2-tetradecyl ester",CCCCCCCCCCCCC(C)OC(=O)COC,17184,,XNUNYMFXCQTEMD-UHFFFAOYSA-N,286.4
"Methoxyacetic acid, 3-tridecyl ester",CCCCCCCCCCC(CC)OC(=O)COC,17159,,GPIMHEONBTXYNA-UHFFFAOYSA-N,272.42
"Methoxyacetic acid, decyl ester",CCCCCCCCCCOC(=O)COC,6040,259141-02-1,XSVBOSYUOUDVBC-UHFFFAOYSA-N,230.34
"Methoxyacetic acid, dodecyl ester",CCCCCCCCCCCCOC(=O)COC,15846,959247-28-0,IMMQHUWRFBSNHJ-UHFFFAOYSA-N,258.4
Methoxychlor,COC1=CC=C(C=C1)C(C2=CC=C(C=C2)OC)C(Cl)(Cl)Cl,12995,72-43-5,IAKOZHOLGAGEJT-UHFFFAOYSA-N,345.6
"methyl (12E,15E)-octadeca-12,15-dienoate",CC/C=C/C/C=C/CCCCCCCCCCC(=O)OC,4300,18287-25-7,SQXLGHNKHZNVRT-AOSYACOCSA-N,294.5
"methyl (12E,15E)-octadeca-12,15-dienoate",CC/C=C/C/C=C/CCCCCCCCCCC(=O)OC,16285,57156-97-5,SQXLGHNKHZNVRT-AOSYACOCSA-N,294.5
"Methyl (4Z,7Z,10Z,13Z)-hexadeca-4,7,10,13-tetraenoate",CC/C=C\C/C=C\C/C=C\C/C=C\CCC(=O)OC,14823,873108-81-7,GRTBKGOZZPTTEE-GJDCDIHCSA-N,262.4
"Methyl (4Z,7Z,10Z,13Z)-hexadeca-4,7,10,13-tetraenoate",CC/C=C\C/C=C\C/C=C\C/C=C\CCC(=O)OC,17373,,GRTBKGOZZPTTEE-GJDCDIHCSA-N,262.4
methyl (E)-octadec-2-enoate,CCCCCCCCCCCCCCC/C=C/C(=O)OC,17422,,CYUVJOWXJUNPHY-ISLYRVAYSA-N,296.5
methyl (E)-octadec-2-enoate,CCCCCCCCCCCCCCC/C=C/C(=O)OC,17850,,CYUVJOWXJUNPHY-ISLYRVAYSA-N,296.5
Methyl (ethylsulfonyl)(methoxy)acetate,CCS(=O)(=O)C(C(=O)OC)OC,17358,,HCSOONNWNNUBRI-UHFFFAOYSA-N,196.22
Methyl (R)-(+)-lactate,C[C@H](C(=O)OC)O,4093,17392-83-5,LPEKGGXMPWTOCB-GSVOUGTGSA-N,104.1
Methyl (S)-(-)-lactate,C[C@@H](C(=O)OC)O,6591,27871-49-4,LPEKGGXMPWTOCB-VKHMYHEASA-N,104.1
Methyl (z)-11-hexadecenoate,CCCC/C=C\CCCCCCCCCC(=O)OC,14322,822-05-9,XBLFUMKMXKPZCT-SREVYHEPSA-N,268.4
"Methyl 1,2,2,6,6-pentamethyl-4-piperidyl sebacate",CC1(CC(CC(N1C)(C)C)OC(=O)CCCCCCCCC(=O)OC)C,14369,82919-37-7,OTCWVYFQGYOYJO-UHFFFAOYSA-N,369.5
Methyl 10-methylheptadecanoate,CCCCCCCC(C)CCCCCCCCC(=O)OC,5539,2490-25-7,DRJCIKFLPGIEQC-UHFFFAOYSA-N,298.5
Methyl 10-methylundecanoate,CC(C)CCCCCCCCC(=O)OC,9198,5129-56-6,XPVCTJYIICVJOE-UHFFFAOYSA-N,214.34
Methyl 10-undecynoate,COC(=O)CCCCCCCCC#C,6564,2777-66-4,TXFNJLOAXFOJGK-UHFFFAOYSA-N,196.29
Methyl 12-hydroxyoctadecanoate,CCCCCCC(CCCCCCCCCCC(=O)OC)O,2973,141-23-1,RVWOWEQKPMPWMQ-UHFFFAOYSA-N,314.5
Methyl 12-methyltridecanoate,CC(C)CCCCCCCCCCC(=O)OC,9199,5129-58-8,FLESKWMKPOBWDE-UHFFFAOYSA-N,242.4
Methyl 14-methylheptadecanoate,CCCC(C)CCCCCCCCCCCCC(=O)OC,5538,2490-23-5,IAHAMDDIZJPOGW-UHFFFAOYSA-N,298.5
Methyl 14-methylpentadecanoate,CC(C)CCCCCCCCCCCCC(=O)OC,9200,5129-60-2,WAKCWJNDXBPEBP-UHFFFAOYSA-N,270.5
Methyl 15-methylhexadecanoate,CC(C)CCCCCCCCCCCCCC(=O)OC,12621,6929-04-0,BNHKXOIJKIMOJH-UHFFFAOYSA-N,284.5
"Methyl 2,2,3,3-tetrafluoro-3-methoxypropionate",COC(=O)C(C(OC)(F)F)(F)F,13540,755-73-7,NDNOUXQCMAHOSA-UHFFFAOYSA-N,190.09
"Methyl 2,4,6-trimethylbenzoate",CC1=CC(=C(C(=C1)C)C(=O)OC)C,5193,2282-84-0,PXLABDTXHJPRRH-UHFFFAOYSA-N,178.23
"Methyl 2,4-dihydroxy-3,6-dimethylbenzoate",CC1=CC(=C(C(=C1C(=O)OC)O)C)O,8868,4707-47-5,UUQHKWMIDYRWHH-UHFFFAOYSA-N,196.2
"Methyl 2,5-octadecadiynoate",CCCCCCCCCCCCC#CCC#CC(=O)OC,10078,57156-91-9,XQDLQQYTXOVDQQ-UHFFFAOYSA-N,290.4
Methyl 2-({2-[(2-ethylcyclopropyl)methyl]cyclopropyl}methyl)cyclopropane-1-carboxylate,CCC1CC1CC2CC2CC3CC3C(=O)OC,251,10152-71-3,BRZXGZDBYPCFGB-UHFFFAOYSA-N,236.35
Methyl 2-benzoylbenzoate,COC(=O)C1=CC=CC=C1C(=O)C2=CC=CC=C2,10528,606-28-0,NQSMEZJWJJVYOI-UHFFFAOYSA-N,240.25
Methyl 2-cyanoacrylate,COC(=O)C(=C)C#N,2753,137-05-3,MWCLLHOVUTZFKS-UHFFFAOYSA-N,111.1
Methyl 2-cyclohexyl-2-methylpentanoate,CCCC(C)(C1CCCCC1)C(=O)OC,9754,55030-27-8,VCCZXUFUICXVRJ-UHFFFAOYSA-N,212.33
Methyl 2-ethylacetoacetate,CCC(C(=O)C)C(=O)OC,9266,51756-08-2,YXLVLOWNJCOOAU-UHFFFAOYSA-N,144.17
Methyl 2-ethylhexanoate,CCCCC(CC)C(=O)OC,14294,816-19-3,KICUISADAVMYCJ-UHFFFAOYSA-N,158.24
Methyl 2-ethylhexyl phthalate,CCCCC(CC)COC(=O)C1=CC=CC=C1C(=O)OC,9932,56166-83-7,MQYNKBGLFNKJPL-UHFFFAOYSA-N,292.4
Methyl 2-hydroxy-3-methylbenzoate,CC1=C(C(=CC=C1)C(=O)OC)O,5242,23287-26-5,SUHLUMKZPUMAFP-UHFFFAOYSA-N,166.17
Methyl 2-methyl-4-phenylbutanoate,CC(CCC1=CC=CC=C1)C(=O)OC,8119,38795-58-3,KEIGTQPTFNQBMC-UHFFFAOYSA-N,192.25
Methyl 2-methylbutyrate,CCC(C)C(=O)OC,14772,868-57-5,OCWLYWIFNDCWRZ-UHFFFAOYSA-N,116.16
Methyl 2-methylhexanoate,CCCCC(C)C(=O)OC,5012,2177-81-3,NCFJODHIQVLMQF-UHFFFAOYSA-N,144.21
Methyl 2-methyltridecanoate,CCCCCCCCCCCC(C)C(=O)OC,9899,55955-78-7,HWADSXPGNJZHGI-UHFFFAOYSA-N,242.4
Methyl 2-octynoate,CCCCCC#CC(=O)OC,1081,111-12-6,FRLZQXRXIKQFNS-UHFFFAOYSA-N,154.21
Methyl 2-oxocyclopentanecarboxylate,COC(=O)C1CCCC1=O,533,10472-24-9,PZBBESSUKAHBHD-UHFFFAOYSA-N,142.15
"Methyl 3,5-di-tert-butyl-4-hydroxybenzoate",CC(C)(C)C1=CC(=CC(=C1O)C(C)(C)C)C(=O)OC,5726,2511-22-0,UPVYFJALDJUSOV-UHFFFAOYSA-N,264.36
"Methyl 3,5-dicyclohexyl-4-hydroxybenzoate",COC(=O)C1=CC(=C(C(=C1)C2CCCCC2)O)C3CCCCC3,9767,55125-23-0,MZMTWFVMIMBDGQ-UHFFFAOYSA-N,316.4
"Methyl 3-(3,5-di-tert-butyl-4-hydroxyphenyl)propionate",CC(C)(C)C1=CC(=CC(=C1O)C(C)(C)C)CCC(=O)OC,11233,6386-38-5,PXMJCECEFTYEKE-UHFFFAOYSA-N,292.4
"Methyl 3-cis,9-cis,12-cis-octadecatrienoate",CCCCC/C=C\C/C=C\CCCC/C=C\CC(=O)OC,13525,75315-95-6,YIBMJQICEPWMPO-DXBQHLCFSA-N,292.5
"Methyl 3-cis,9-cis,12-cis-octadecatrienoate",CCCCC/C=C\C/C=C\CCCC/C=C\CC(=O)OC,16813,,YIBMJQICEPWMPO-DXBQHLCFSA-N,292.5
Methyl 3-mercaptopropionate,COC(=O)CCS,6850,2935-90-2,LDTLDBDUBGAEDT-UHFFFAOYSA-N,120.17
Methyl 3-methoxypropionate,COCCC(=O)OC,8095,3852-09-3,BDJSOPWXYLFTNW-UHFFFAOYSA-N,118.13
Methyl 4-formylbenzoate,COC(=O)C1=CC=C(C=C1)C=O,3554,1571-08-0,FEIOASZZURHTHB-UHFFFAOYSA-N,164.16
Methyl 4-methyl-3-oxopentanoate,CC(C)C(=O)CC(=O)OC,8495,42558-54-3,HNNFDXWDCFCVDM-UHFFFAOYSA-N,144.17
Methyl 4-methylbenzoate,CC1=CC=C(C=C1)C(=O)OC,16048,99-75-2,QSSJZLPUHJDYKF-UHFFFAOYSA-N,150.17
"Methyl 5,13-Docosadienoate",CCCCCCCC/C=C/CCCCCC/C=C/CCCC(=O)OC,15801,95490-52-1,QQOFQOHOBUWCQT-ZSTJXTSSSA-N,350.6
Methyl 5-(dimethylamino)-2-methyl-5-oxopentanoate,CC(CCC(=O)N(C)C)C(=O)OC,1441,1174627-68-9,WEFZXWJJPHGTTN-UHFFFAOYSA-N,187.24
Methyl 5-ethenylpyridine-3-carboxylate,COC(=O)C1=CN=CC(=C1)C=C,8132,38940-67-9,UAVVZJIMFHIEJV-UHFFFAOYSA-N,163.17
"Methyl 6,7,8,9,10,11-hexahydro-8-(methoxycarbonyl)-5-methyl-9-oxo-12-(phenylmethyl)-6,10-imino-5H-cyclooct[b]indole-8-acetate",CN1C2=CC=CC=C2C3=C1C4CC(C(=O)C(C3)N4CC5=CC=CC=C5)(CC(=O)OC)C(=O)OC,6498,2738-27-4,YBHXFQIWSDQBQO-UHFFFAOYSA-N,460.5
"methyl 8-[(2R,3R)-3-octyloxiran-2-yl]octanoate",CCCCCCCC[C@@H]1[C@H](O1)CCCCCCCC(=O)OC,10557,6084-76-0,CAMHHLOGFDZBBG-QZTJIDSGSA-N,312.5
"methyl 8-[(2R,3S)-3-octyloxiran-2-yl]octanoate",CCCCCCCC[C@H]1[C@H](O1)CCCCCCCC(=O)OC,5948,2566-91-8,CAMHHLOGFDZBBG-ZWKOTPCHSA-N,312.5
Methyl 8-[2-[(2-pentylcyclopropyl)methyl]cyclopropyl]octanoate,CCCCCC1CC1CC2CC2CCCCCCCC(=O)OC,10006,56687-67-3,WSVAMWHCPDAWFM-UHFFFAOYSA-N,322.5
Methyl 8-methylnonanoate,CC(C)CCCCCCC(=O)OC,9197,5129-54-4,UXZNAWMXEJTQCC-UHFFFAOYSA-N,186.29
Methyl 8-methylnonanoate,CC(C)CCCCCCC(=O)OC,17162,,UXZNAWMXEJTQCC-UHFFFAOYSA-N,186.29
"Methyl 9,10-dihydroxyoctadecanoate",CCCCCCCCC(C(CCCCCCCC(=O)OC)O)O,1174,1115-01-1,RITHLQKJQSKUAO-UHFFFAOYSA-N,330.5
"Methyl 9,10-epoxystearate",CCCCCCCCC1C(O1)CCCCCCCC(=O)OC,5600,2500-59-6,CAMHHLOGFDZBBG-UHFFFAOYSA-N,312.5
Methyl 9-[2-[(2-butylcyclopropyl)methyl]cyclopropyl]nonanoate,CCCCC1CC1CC2CC2CCCCCCCCC(=O)OC,250,10152-69-9,NCGWEDSIWFSAMB-UHFFFAOYSA-N,322.5
Methyl 9-eicosenoate,CCCCCCCCCC/C=C/CCCCCCCC(=O)OC,17500,,XEJYCWVISZMIDA-OUKQBFOZSA-N,324.5
Methyl 9-oxononanoate,COC(=O)CCCCCCCC=O,4541,1931-63-1,JMLYDLZRFNYHHO-UHFFFAOYSA-N,186.25
"Methyl abieta-8,11,13-trien-18-oate",CC(C)C1=CC2=C(C=C1)C3(CCCC(C3CC2)(C)C(=O)OC)C,12927,7151-00-0,PGZCJOPTDHWYES-UHFFFAOYSA-N,314.5
Methyl abietate,CC(C)C1=CC2=CC[C@@H]3[C@@]([C@H]2CC1)(CCC[C@@]3(C)C(=O)OC)C,2102,127-25-3,OVXRPXGVKBHGQO-UYWIDEMCSA-N,316.5
Methyl acetate,CC(=O)OC,14035,79-20-9,KXKVLQRXCPHEJC-UHFFFAOYSA-N,74.08
Methyl acetoacetate,CC(=O)CC(=O)OC,565,105-45-3,WRQNANDWMGAFTP-UHFFFAOYSA-N,116.11
Methyl acetyl ricinoleate,CCCCCC[C@H](C/C=C\CCCCCCCC(=O)OC)OC(=O)C,2917,140-03-4,CMOYPQWMTBSLJK-ACQXMXPUSA-N,354.5
Methyl acrylate,COC(=O)C=C,15877,96-33-3,BAPJBEWLBFYGME-UHFFFAOYSA-N,86.09
Methyl anthranilate,COC(=O)C1=CC=CC=C1N,2560,134-20-3,VAMXMNNIEUEQDV-UHFFFAOYSA-N,151.16
Methyl arachidate,CCCCCCCCCCCCCCCCCCCC(=O)OC,1273,1120-28-1,QGBRLVONZXHAKJ-UHFFFAOYSA-N,326.6
Methyl arachidonate,CCCCC/C=C\C/C=C\C/C=C\C/C=C\CCCC(=O)OC,5947,2566-89-4,OFIDNKMQBYGNIW-ZKWNWVNESA-N,318.5
Methyl benzoate,COC(=O)C1=CC=CC=C1,15557,93-58-3,QPJVMBTYPHYUOC-UHFFFAOYSA-N,136.15
Methyl benzoylformate,COC(=O)C(=O)C1=CC=CC=C1,3399,15206-55-0,YLHXLHGIAMFFBU-UHFFFAOYSA-N,164.16
Methyl butyrate,CCCC(=O)OC,10931,623-42-7,UUIQMZJEGPQKFD-UHFFFAOYSA-N,102.13
Methyl carbamate,COC(=O)N,10431,598-55-0,GTCAXTIRRLKXRU-UHFFFAOYSA-N,75.07
Methyl cinnamate,COC(=O)/C=C/C1=CC=CC=C1,373,103-26-4,CCRCUPLGCSFEDV-BQYQJAHWSA-N,162.18
Methyl cinnamate,COC(=O)/C=C/C1=CC=CC=C1,16853,,CCRCUPLGCSFEDV-BQYQJAHWSA-N,162.18
Methyl cis-9-tetradecenoate,CCCC/C=C\CCCCCCCC(=O)OC,9939,56219-06-8,RWIPSJUSVXDVPB-SREVYHEPSA-N,240.38
Methyl cumyl ether,CC(C)(C1=CC=CC=C1)OC,15596,935-67-1,MRFQFQYRTNGOCZ-UHFFFAOYSA-N,150.22
Methyl cyanoacetate,COC(=O)CC#N,562,105-34-0,ANGDWNBGPBMQHW-UHFFFAOYSA-N,99.09
Methyl decanoate,CCCCCCCCCC(=O)OC,1001,110-42-9,YRHYCMZPEVDGFQ-UHFFFAOYSA-N,186.29
Methyl dehydroabietate,CC(C)C1=CC2=C(C=C1)[C@]3(CCC[C@@]([C@@H]3CC2)(C)C(=O)OC)C,1958,1235-74-1,PGZCJOPTDHWYES-HMXCVIKNSA-N,314.5
Methyl diethyldithiocarbamate,CCN(CC)C(=S)SC,12345,686-07-7,JYRXPFCUABYLPD-UHFFFAOYSA-N,163.3
Methyl dihydrogen phosphate,COP(=O)(O)O,14278,812-00-0,CAAULPUQFIIOTL-UHFFFAOYSA-N,112.02
Methyl dihydrojasmonate,CCCCCC1C(CCC1=O)CC(=O)OC,5531,24851-98-7,KVWWIYGFBYDJQC-UHFFFAOYSA-N,226.31
Methyl dimethylolcarbamate,COC(=O)N(CO)CO,8967,4913-31-9,SXVDZIOMWSPFCO-UHFFFAOYSA-N,135.12
Methyl diphenylphosphite,COP(OC1=CC=CC=C1)OC2=CC=CC=C2,7763,3577-87-5,NYCZNDFWFCCTPA-UHFFFAOYSA-N,248.21
Methyl docos-13-enoate,CCCCCCCCC=CCCCCCCCCCCCC(=O)OC,9997,56630-69-4,ZYNDJIBBPLNPOW-UHFFFAOYSA-N,352.6
Methyl dodecanoate,CCCCCCCCCCCC(=O)OC,1121,111-82-0,UQDUPQYQJKYHQI-UHFFFAOYSA-N,214.34
Methyl elaidate,CCCCCCCC/C=C/CCCCCCCC(=O)OC,4553,1937-62-8,QYDYPVFESGNLHU-ZHACJKMWSA-N,296.5
Methyl erucate,CCCCCCCC/C=C\CCCCCCCCCCCC(=O)OC,1274,1120-34-9,ZYNDJIBBPLNPOW-KHPPLWFESA-N,352.6
Methyl Ethyl Ketone,CCC(=O)C,13981,78-93-3,ZWEHNKRNPOVVGH-UHFFFAOYSA-N,72.11
Methyl formate,COC=O,766,107-31-3,TZIHFWKZFHZASV-UHFFFAOYSA-N,60.05
Methyl gadoleate,CCCCCCCCCC/C=C\CCCCCCCC(=O)OC,11837,67810-35-9,XEJYCWVISZMIDA-SEYXRHQNSA-N,324.5
Methyl heptadecanoate,CCCCCCCCCCCCCCCCC(=O)OC,4059,1731-92-6,HUEBIMLTDXKIPR-UHFFFAOYSA-N,284.5
Methyl hexanoate,CCCCCC(=O)OC,668,106-70-7,NUKZAGXMHTUAFE-UHFFFAOYSA-N,130.18
Methyl hydrogen azelate,COC(=O)CCCCCCCC(=O)O,4871,2104-19-0,VVWPSAPZUZXYCM-UHFFFAOYSA-N,202.25
Methyl isobutyl ketone,CC(C)CC(=O)C,846,108-10-1,NTIZESTWPVYFNL-UHFFFAOYSA-N,100.16
Methyl Isocyanate,CN=C=O,10955,624-83-9,HAMGRBXTJNITHG-UHFFFAOYSA-N,57.05
Methyl isopentyl disulfide,CC(C)CCSSC,13050,72437-56-0,XTTOMWDBKHINLK-UHFFFAOYSA-N,150.3
Methyl isopimarate,C[C@@]1(CC[C@H]2C(=CC[C@@H]3[C@@]2(CCC[C@@]3(C)C(=O)OC)C)C1)C=C,3936,1686-62-0,QMZKBAQNFAMESG-GBMAXXPESA-N,316.5
Methyl isostearate,CC(C)CCCCCCCCCCCCCCC(=O)OC,9201,5129-61-3,KDQIFKKWPMBNOH-UHFFFAOYSA-N,298.5
Methyl lactate,CC(C(=O)OC)O,4954,2155-30-8,LPEKGGXMPWTOCB-UHFFFAOYSA-N,104.1
Methyl lactate,CC(C(=O)OC)O,9721,547-64-8,LPEKGGXMPWTOCB-UHFFFAOYSA-N,104.1
Methyl linoleate,CCCCC/C=C\C/C=C\CCCCCCCC(=O)OC,1245,112-63-0,WTTJVINHCBCLGX-NQLNTKRDSA-N,294.5
Methyl linolelaidate,CCCCC/C=C/C/C=C/CCCCCCCC(=O)OC,5949,2566-97-4,WTTJVINHCBCLGX-ZDVGBALWSA-N,294.5
Methyl linolenate,CC/C=C\C/C=C\C/C=C\CCCCCCCC(=O)OC,6971,301-00-8,DVWSXZIHSUZZKJ-YSTUJMKBSA-N,292.5
Methyl mandelate,COC(=O)C(C1=CC=CC=C1)O,8566,4358-87-6,ITATYELQCJRCCK-UHFFFAOYSA-N,166.17
Methyl methacrylate,CC(=C)C(=O)OC,14105,80-62-6,VVQNEPGJFQJSBK-UHFFFAOYSA-N,100.12
methyl N-(3-acetylamino)-4-(2-cyano-4-nitrophenylazo)phenyl)-N-((1-methoxy)acetyl)glycinate,CC(=O)NC1=C(C=CC(=C1)N(CC(=O)OC)CC(=O)OC)N=NC2=C(C=C(C=C2)[N+](=O)[O-])C#N,3325,149850-30-6,DSYAJHRMVXOBRK-UHFFFAOYSA-N,468.4
Methyl n-hexyl disulfide,CCCCCCSSC,11394,64580-52-5,WZUAZKYWEVGSEC-UHFFFAOYSA-N,164.3
Methyl nonafluorobutanesulfonate,COS(=O)(=O)C(C(C(C(F)(F)F)(F)F)(F)F)(F)F,11250,6401-03-2,DJQMSULGPPSGHC-UHFFFAOYSA-N,314.13
Methyl octadec-17-ynoate,COC(=O)CCCCCCCCCCCCCCCC#C,12516,68950-90-3,RLSBXSWPYYCJIV-UHFFFAOYSA-N,294.5
Methyl octadec-17-ynoate,COC(=O)CCCCCCCCCCCCCCCC#C,17679,,RLSBXSWPYYCJIV-UHFFFAOYSA-N,294.5
Methyl octadec-7-enoate,CCCCCCCCCCC=CCCCCCC(=O)OC,6612,28010-28-8,XMONTNNUOWTMGE-UHFFFAOYSA-N,296.5
"Methyl octadeca-6,9,12-trienoate",CCCCCC=CCC=CCC=CCCCCC(=O)OC,6330,2676-41-7,JFRWATCOFCPIBM-UHFFFAOYSA-N,292.5
Methyl octanoate,CCCCCCCC(=O)OC,1080,111-11-5,JGHZJRVDZXSNKQ-UHFFFAOYSA-N,158.24
Methyl oleate,CCCCCCCC/C=C\CCCCCCCC(=O)OC,1244,112-62-9,QYDYPVFESGNLHU-KHPPLWFESA-N,296.5
Methyl p-toluenesulfonate,CC1=CC=C(C=C1)S(=O)(=O)OC,14101,80-48-8,VUQUOGPMUUJORT-UHFFFAOYSA-N,186.23
Methyl palmitate,CCCCCCCCCCCCCCCC(=O)OC,1227,112-39-0,FLIACVVOZYBSBS-UHFFFAOYSA-N,270.5
Methyl palmitoleate,CCCCCC/C=C\CCCCCCCC(=O)OC,1272,1120-25-8,IZFGRAGOVZCUFB-HJWRWDBZSA-N,268.4
Methyl parathion,COP(=S)(OC)OC1=CC=C(C=C1)[N+](=O)[O-],6912,298-00-0,RLBIQVVOMOPOHC-UHFFFAOYSA-N,263.21
Methyl pentadecanoate,CCCCCCCCCCCCCCC(=O)OC,12911,7132-64-1,XIUXKAZJZFLLDQ-UHFFFAOYSA-N,256.42
Methyl perfluorooctanoate,COC(=O)C(C(C(C(C(C(C(F)(F)F)(F)F)(F)F)(F)F)(F)F)(F)F)(F)F,7998,376-27-2,XOCNYZFAMHDXJK-UHFFFAOYSA-N,428.09
Methyl phenyl sulfoxide,CS(=O)C1=CC=CC=C1,1534,1193-82-4,JXTGICXCHWMCPM-UHFFFAOYSA-N,140.2
Methyl pristanate,CC(C)CCCC(C)CCCC(C)CCCC(C)C(=O)OC,47,1001-80-5,LCWYDFQCGCPILG-UHFFFAOYSA-N,312.5
Methyl propionate,CCC(=O)OC,9811,554-12-1,RJUFJBKOKNCXHH-UHFFFAOYSA-N,88.11
Methyl propyl disulfide,CCCSSC,5013,2179-60-4,PUCHCUYBORIUSM-UHFFFAOYSA-N,122.3
Methyl pyruvate,CC(=O)C(=O)OC,10465,600-22-6,CWKLZLBVOJRSOM-UHFFFAOYSA-N,102.09
Methyl ricinoleate,CCCCCC[C@H](C/C=C\CCCCCCCC(=O)OC)O,2974,141-24-2,XKGDWZQXVZSXAO-ADYSOMBNSA-N,312.5
Methyl Salicylate,COC(=O)C1=CC=CC=C1O,1505,119-36-8,OSWPMRLSEDHDFF-UHFFFAOYSA-N,152.15
Methyl Stearate,CCCCCCCCCCCCCCCCCC(=O)OC,1243,112-61-8,HPEUJPJOZXNMSJ-UHFFFAOYSA-N,298.5
Methyl tert-butyl ether,CC(C)(C)OC,3804,1634-04-4,BZLVMXJERCGZMT-UHFFFAOYSA-N,88.15
Methyl tetradecanoate,CCCCCCCCCCCCCC(=O)OC,1974,124-10-7,ZAZKJZBWRNNLDS-UHFFFAOYSA-N,242.4
Methyl thiocyanate,CSC#N,9840,556-64-9,VYHVQEYOFIYNJP-UHFFFAOYSA-N,73.12
"Methyl trans,trans-9,15-octadecadienoate",CC/C=C/CCCC/C=C/CCCCCCCC(=O)OC,9998,56630-73-0,OTROKOXHZSGHEN-PMXBNEBOSA-N,294.5
Methyl tridecanoate,CCCCCCCCCCCCC(=O)OC,4058,1731-88-0,JNDDPBOKWCBQSM-UHFFFAOYSA-N,228.37
Methyl trifluoromethanesulfonate,COS(=O)(=O)C(F)(F)F,7478,333-27-7,OIRDBPQYVWXNSJ-UHFFFAOYSA-N,164.11
Methyl trithion,COP(=S)(OC)SCSC1=CC=C(C=C1)Cl,15793,953-17-3,OUCCVXVYGFBXSV-UHFFFAOYSA-N,314.8
Methyl undec-10-enoate,COC(=O)CCCCCCCCC=C,1120,111-81-9,KISVAASFGZJBCY-UHFFFAOYSA-N,198.3
Methyl undecanoate,CCCCCCCCCCC(=O)OC,4057,1731-86-8,XPQPWPZFBULGKT-UHFFFAOYSA-N,200.32
Methyl vaccenate,CCCCCC/C=C/CCCCCCCCCC(=O)OC,9358,52380-33-3,PVVODBCDJBGMJL-CMDGGOBGSA-N,296.5
Methyl vaccenate,CCCCCC/C=C/CCCCCCCCCC(=O)OC,10846,6198-58-9,PVVODBCDJBGMJL-CMDGGOBGSA-N,296.5
Methyl valerate,CCCCC(=O)OC,10948,624-24-8,HNBDRPTVWVGKBR-UHFFFAOYSA-N,116.16
Methyl vinyl ether,COC=C,764,107-25-5,XJRBAMWJDBPFIM-UHFFFAOYSA-N,58.08
Methyl vinyl ketone,CC(=O)C=C,13982,78-94-4,FUSUHKVFWTUUBE-UHFFFAOYSA-N,70.09
Methylamine,CN,13233,74-89-5,BAVYZALUXZFZLV-UHFFFAOYSA-N,31.057
Methylcyclohexane,CC1CCCCC1,887,108-87-2,UAEPNZWRGJTJPN-UHFFFAOYSA-N,98.19
Methylcyclopentadiene,CC1=CC=CC1,6244,26519-91-5,NFWSQSCIDYBUOU-UHFFFAOYSA-N,80.13
Methylcyclopentane,CC1CCCC1,15878,96-37-7,GDOPTJXRTPNYNR-UHFFFAOYSA-N,84.16
Methyldiphenylphosphine oxide,CP(=O)(C1=CC=CC=C1)C2=CC=CC=C2,4919,2129-89-7,PEGCITODQASXKH-UHFFFAOYSA-N,216.21
Methylene Chloride,C(Cl)Cl,13458,75-09-2,YMWUJEATGCHHMB-UHFFFAOYSA-N,84.93
Methylene diacetate,CC(=O)OCOC(=O)C,11006,628-51-3,BPGDAMSIGCZZLK-UHFFFAOYSA-N,132.11
Methylene dibutyldithiocarbamate,CCCCN(CCCC)C(=S)SCSC(=S)N(CCCC)CCCC,340,10254-57-6,LMODBLQHQHXPEI-UHFFFAOYSA-N,422.8
Methylene dithiocyanate,C(SC#N)SC#N,11095,6317-18-6,JWZXKXIUSSIAMR-UHFFFAOYSA-N,130.2
Methylene melamine,C=NC1=NC(=NC(=N1)N)N,14721,85946-83-4,DZBIMLCMMYGJFY-UHFFFAOYSA-N,138.13
Methylene(bis(hydroxymethoxyphenylene))bis(phenyl) ketone,C1=CC=C(C=C1)C(=O)C2=C(C(=CC=C2)OCO)CC3=C(C=CC=C3OCO)C(=O)C4=CC=CC=C4,10117,57472-50-1,SEOHBRVZEKNHMV-UHFFFAOYSA-N,468.5
Methyleugenol,COC1=C(C=C(C=C1)CC=C)OC,15544,93-15-2,ZYEMGPIYFIJGTP-UHFFFAOYSA-N,178.23
Methylglyoxal,CC(=O)C=O,13985,78-98-8,AIJULSRZWUXGPQ-UHFFFAOYSA-N,72.06
Methylhexahydrophthalic anhydride,CC12CCCCC1C(=O)OC2=O,5902,25550-51-0,VYKXQOYUCMREIS-UHFFFAOYSA-N,168.19
Methylhexahydrophthalic anhydride,CC12CCCCC1C(=O)OC2=O,8924,48122-14-1,VYKXQOYUCMREIS-UHFFFAOYSA-N,168.19
Methylhydroquinone,CC1=C(C=CC(=C1)O)O,15768,95-71-6,CNHDIAIOKMXOLK-UHFFFAOYSA-N,124.14
Methylone,CC(C(=O)C1=CC2=C(C=C1)OCO2)NC,4365,186028-79-5,VKEQBMCRQDSRET-UHFFFAOYSA-N,207.23
Methylparaben,COC(=O)C1=CC=C(C=C1)O,16049,99-76-3,LXCFILQKKLGQFO-UHFFFAOYSA-N,152.15
Methylphenyldiethoxysilane,CCO[Si](C)(C1=CC=CC=C1)OCC,13782,775-56-4,MNFGEHQPOWJJBH-UHFFFAOYSA-N,210.34
Methylpyrrolidone,CN1CCCC1=O,14818,872-50-4,SECXISVLQFMRJM-UHFFFAOYSA-N,99.13
Methylrosaniline,CN(C)C1=CC=C(C=C1)C(C2=CC=C(C=C2)N(C)C)(C3=CC=C(C=C3)N(C)C)O,8847,467-63-0,QFVDKARCPMTZCS-UHFFFAOYSA-N,389.5
Methylsuccinic anhydride,CC1CC(=O)OC1=O,8320,4100-80-5,DFATXMYLKPCSCX-UHFFFAOYSA-N,114.1
Methyltriacetoxysilane,CC(=O)O[Si](C)(OC(=O)C)OC(=O)C,8492,4253-34-3,TVJPBVNWVPUZBM-UHFFFAOYSA-N,220.25
Methyltrichlorosilane,C[Si](Cl)(Cl)Cl,13495,75-79-6,JLUFWMXJHAVVNN-UHFFFAOYSA-N,149.47
Methyltrimethoxysilane,CO[Si](C)(OC)OC,1479,1185-55-3,BFXIKLCIZHOAAZ-UHFFFAOYSA-N,136.22
Methyltris(methylethylketoximo)silane,CC/C(=N/O[Si](O/N=C(/CC)\C)(O/N=C(/CC)\C)C)/C,5207,22984-54-9,OGZPYBBKQGPQNU-DABLZPOSSA-N,301.46
Methyltris(trimethylsiloxy)silane,C[Si](C)(C)O[Si](C)(O[Si](C)(C)C)O[Si](C)(C)C,4206,17928-28-8,RGMZNZABJYWAEC-UHFFFAOYSA-N,310.68
Metolachlor,CCC1=CC=CC(=C1N(C(C)COC)C(=O)CCl)C,9181,51218-45-2,WVQBLGZPHOPPFO-UHFFFAOYSA-N,283.79
Metolcarb,CC1=CC(=CC=C1)OC(=O)NC,1304,1129-41-5,VOEYXMAFNDNNED-UHFFFAOYSA-N,165.19
Michler's ketone,CN(C)C1=CC=C(C=C1)C(=O)C2=CC=C(C=C2)N(C)C,14979,90-94-8,VVBLNCFGVYUYGU-UHFFFAOYSA-N,268.35
Mitotane,C1=CC=C(C(=C1)C(C2=CC=C(C=C2)Cl)C(Cl)Cl)Cl,9470,53-19-0,JWBOIMRXGHLCPP-UHFFFAOYSA-N,320
Mono(2-ethylhexyl) adipate,CCCCC(CC)COC(=O)CCCCC(=O)O,8561,4337-65-9,MBGYSHXGENGTBP-UHFFFAOYSA-N,258.35
Mono(2-ethylhexyl) terephthalate,CCCCC(CC)COC(=O)C1=CC=C(C=C1)C(=O)O,3488,155603-50-2,HRUJAEJKCNCOGW-UHFFFAOYSA-N,278.34
Mono(2-methacryloyloxyethyl) phthalate,CC(=C)C(=O)OCCOC(=O)C1=CC=CC=C1C(=O)O,6557,27697-00-3,FIQBJLHOPOSODG-UHFFFAOYSA-N,278.26
mono-2-(Methacryloyloxy)ethyl maleate,CC(=C)C(=O)OCCOC(=O)/C=C\C(=O)O,9293,51978-15-5,HSFXEOPJXMFQHG-ARJAWSKDSA-N,228.2
Monobenzone,C1=CC=C(C=C1)COC2=CC=C(C=C2)O,369,103-16-2,VYQNWZOUAUKGHI-UHFFFAOYSA-N,200.23
Monobenzyl phthalate,C1=CC=C(C=C1)COC(=O)C2=CC=CC=C2C(=O)O,5835,2528-16-7,XIKIUQUXDNHBFR-UHFFFAOYSA-N,256.25
Monobutyl maleate,CCCCOC(=O)/C=C\C(=O)O,15507,925-21-3,UTOVMEACOLCUCK-PLNGDYQASA-N,172.18
Monobutyl phthalate,CCCCOC(=O)C1=CC=CC=C1C(=O)O,2287,131-70-4,YZBOVSFWWNVKRJ-UHFFFAOYSA-N,222.24
Monoethanolamine,C(CO)N,2979,141-43-5,HZAXFHJVJLSVMW-UHFFFAOYSA-N,61.08
Monoethyl maleate,CCOC(=O)/C=C\C(=O)O,8225,3990-03-2,XLYMOEINVGRTEX-ARJAWSKDSA-N,144.12
Monoethyl phthalate,CCOC(=O)C1=CC=CC=C1C(=O)O,5221,2306-33-4,YWWHKOHZGJFMIE-UHFFFAOYSA-N,194.18
Monoisononyl phthalate,CC(C)CCCCCCOC(=O)C1=CC=CC=C1C(=O)O,726,106610-61-1,RNCMBSSLYOAVRT-UHFFFAOYSA-N,292.4
Monoisotridecyl phosphate,CC(C)CCCCCCCCCCOP(=O)(O)O,9464,52933-07-0,ASBWGYODEQCTNZ-UHFFFAOYSA-N,280.34
Monomethyl adipate,COC(=O)CCCCC(=O)O,10998,627-91-8,UOBSVARXACCLLH-UHFFFAOYSA-N,160.17
Monomethyl Fumarate,COC(=O)/C=C/C(=O)O,6532,2756-87-8,NKHAVTQWNUWKEO-NSCUHMNNSA-N,130.1
Monomethyl maleate,COC(=O)/C=C\C(=O)O,7052,3052-50-4,NKHAVTQWNUWKEO-IHWYPQMZSA-N,130.1
Monotridecyl phosphate,CCCCCCCCCCCCCOP(=O)(O)O,10024,56831-62-0,GAJQCIFYLSXSEZ-UHFFFAOYSA-N,280.34
Monuron,CN(C)C(=O)NC1=CC=C(C=C1)Cl,3337,150-68-5,BMLIZLVNXIYGCK-UHFFFAOYSA-N,198.65
Morpholin-4-yl morpholine-4-carbodithioate,C1COCCN1C(=S)SN2CCOCC2,2789,13752-51-7,HOEFWOBLOGZQIQ-UHFFFAOYSA-N,248.4
Morpholine,C1COCCN1,1024,110-91-8,YNAVUWVOSKDBBP-UHFFFAOYSA-N,87.12
"Morpholine, 4,4'-(oxydi-2,1-ethanediyl)bis-",C1COCCN1CCOCCN2CCOCC2,11318,6425-39-4,ZMSQJSMSLXVTKN-UHFFFAOYSA-N,244.33
Morpholylmethylmethyldiethoxysilane,CCO[Si](C)(CN1CCOCC1)OCC,4255,18162-75-9,FAPWMSZUPGYLMD-UHFFFAOYSA-N,233.38
Mustakone,CC1=CC(=O)C2C3C1C2(CCC3C(C)C)C,1711,1209-91-2,CTFSUCDHRVDRKG-UHFFFAOYSA-N,218.33
Myrcene,CC(=CCCC(=C)C=C)C,1916,123-35-3,UAHWPYUMFXYFJY-UHFFFAOYSA-N,136.23
Myristamine oxide,CCCCCCCCCCCCCC[N+](C)(C)[O-],7480,3332-27-2,ONHFWHCMZAJCFB-UHFFFAOYSA-N,257.45
Myristanilide,CCCCCCCCCCCCCC(=O)NC1=CC=CC=C1,10899,622-56-0,LYSJUAWWUBVYCB-UHFFFAOYSA-N,303.5
Myristelaidic acid,CCCC/C=C/CCCCCCCC(=O)O,9056,50286-30-1,YWWVWXASSLXJHU-AATRIKPKSA-N,226.35
Myristic Acid,CCCCCCCCCCCCCC(=O)O,9670,544-63-8,TUNFSRHWOTWDNC-UHFFFAOYSA-N,228.37
Myristicin,COC1=CC(=CC2=C1OCO2)CC=C,10540,607-91-0,BNWJOHGLIBDBOB-UHFFFAOYSA-N,192.21
Myristoleic acid,CCCC/C=C\CCCCCCCC(=O)O,9671,544-64-9,YWWVWXASSLXJHU-WAYWQWQTSA-N,226.35
Myristyl myristate,CCCCCCCCCCCCCCOC(=O)CCCCCCCCCCCCC,7343,3234-85-3,DZKXJUASMGQEMA-UHFFFAOYSA-N,424.7
Myristyl oleate,CCCCCCCCCCCCCCOC(=O)CCCCCCC/C=C\CCCCCCCC,5124,22393-85-7,DHZWALZKPWZSMA-ZCXUNETKSA-N,478.8
Myristyl stearate,CCCCCCCCCCCCCCCCCC(=O)OCCCCCCCCCCCCCC,4158,17661-50-6,MHXBHWLGRWOABW-UHFFFAOYSA-N,480.8
"N'-[3-[[[(Dimethylamino)carbonyl]amino]methyl]-3,5,5-trimethylcyclohexyl]-N,N-dimethyl-urea",CC1(CC(CC(C1)(C)CNC(=O)N(C)C)NC(=O)N(C)C)C,8234,39992-90-0,UZEZQRZYPITAFY-UHFFFAOYSA-N,312.45
N'-cyclopropyl-N-(2-hydroxy-2-phenylethyl)oxamide,C1CC1NC(=O)C(=O)NCC(C2=CC=CC=C2)O,10908,6222-06-6,ZEUJXQUVYKJZFV-UHFFFAOYSA-N,248.28
N'-di-s-butyl-p-phenylenediamine,CCC(C)N(C1=CC=C(C=C1)N)C(C)CC,12678,69796-47-0,BFVOBXSKECUHSW-UHFFFAOYSA-N,220.35
N(6)-Phenyl-N(6)-allyladenosine,C=CCN(C1=CC=CC=C1)C2=NC=NC3=C2N=CN3[C@H]4[C@@H]([C@@H]([C@H](O4)CO)O)O,10712,61732-92-1,JKOCKLFBFNXCOT-NVQRDWNXSA-N,383.4
"N, N-Bis(phenylmethyl)hexanediamide",C1=CC=C(C=C1)CNC(=O)CCCCC(=O)NCC2=CC=CC=C2,5856,25344-24-5,MFBKELHPKHLNTH-UHFFFAOYSA-N,324.4
"N,2-Diphenylimidodicarbonic diamide",C1=CC=C(C=C1)NC(=O)N(C2=CC=CC=C2)C(=O)N,5671,25060-46-2,DAPGCGXGHKENJV-UHFFFAOYSA-N,255.27
"N,beta-Dimethyl-1-Naphthaleneethanamine",CC(CNC)C1=CC=CC2=CC=CC=C21,15495,92249-81-5,HMFRDZYZAGFFDQ-UHFFFAOYSA-N,199.29
"N,N',N''-Tricyclohexyl-1-methylsilanetriamine",C[Si](NC1CCCCC1)(NC2CCCCC2)NC3CCCCC3,3628,15901-40-3,HDNXAGOHLKHJOA-UHFFFAOYSA-N,337.6
"N,N'-1,3-Phenylenedimaleimide",C1=CC(=CC(=C1)N2C(=O)C=CC2=O)N3C(=O)C=CC3=O,6967,3006-93-7,IPJGAEWUPXWFPL-UHFFFAOYSA-N,268.22
"N,N'-Bis(1,4-dimethylpentyl)-P-phenylenediamine",CC(C)CCC(C)NC1=CC=C(C=C1)NC(C)CCC(C)C,7134,3081-14-9,ZJNLYGOUHDJHMG-UHFFFAOYSA-N,304.5
"N,N'-Bis(1-ethyl-3-methylpentyl)-p-phenylenediamine",CCC(C)CC(CC)NC1=CC=C(C=C1)NC(CC)CC(C)CC,2872,139-60-6,JUHXTONDLXIGGK-UHFFFAOYSA-N,332.6
"N,N'-Bis(1-methylheptyl)-p-phenylenediamine",CCCCCCC(C)NC1=CC=C(C=C1)NC(C)CCCCCC,396,103-96-8,APTGHASZJUAUCP-UHFFFAOYSA-N,332.6
"N,N'-Bis(2,2,6,6-tetramethylpiperidin-4-yl)hexane-1,6-diamine",CC1(CC(CC(N1)(C)C)NCCCCCCNC2CC(NC(C2)(C)C)(C)C)C,10617,61260-55-7,UKJARPDLRWBRAX-UHFFFAOYSA-N,394.7
"N,N'-Bis(3-(trimethoxysilyl)propyl)ethylenediamine",CO[Si](CCCNCCNCCC[Si](OC)(OC)OC)(OC)OC,12456,68845-16-9,HZGIOLNCNORPKR-UHFFFAOYSA-N,384.62
"N,N'-Bis(3-aminopropyl)ethylenediamine",C(CN)CNCCNCCCN,611,10563-26-5,RXFCIXRFAJRBSG-UHFFFAOYSA-N,174.29
"N,N'-Bisacrylylcystamine",C=CC(=O)NCCSSCCNC(=O)C=C,10566,60984-57-8,DJVKJGIZQFBFGS-UHFFFAOYSA-N,260.4
"N,N'-Di-2-naphthyl-p-phenylenediamine",C1=CC=C2C=C(C=CC2=C1)NC3=CC=C(C=C3)NC4=CC5=CC=CC=C5C=C4,15553,93-46-9,VETPHHXZEJAYOB-UHFFFAOYSA-N,360.4
"N,N'-Di-o-tolylethylenediamine",CC1=CC=CC=C1NCCNC2=CC=CC=C2C,15671,94-92-8,ZQMPWXFHAUDENN-UHFFFAOYSA-N,240.34
"N,N'-Di-sec-butyl-p-phenylenediamine",CCC(C)NC1=CC=C(C=C1)NC(C)CC,176,101-96-2,FSWDLYNGJBGFJH-UHFFFAOYSA-N,220.35
"N,N'-Di-tert-butylethylenediamine",CC(C)(C)NCCNC(C)(C)C,8282,4062-60-6,KGHYGBGIWLNFAV-UHFFFAOYSA-N,172.31
"N,N'-Dibutyl-N,N'-dinitroso-p-phenylenediamine",CCCCN(C1=CC=C(C=C1)N(CCCC)N=O)N=O,4565,19433-82-0,RJJJIBJBIYMDEC-UHFFFAOYSA-N,278.35
"N,N'-Dicinnamylidene-1,6-hexanediamine",C1=CC=C(C=C1)/C=C/C=NCCCCCCN=C/C=C/C2=CC=CC=C2,2927,140-73-8,ATPFMBHTMKBVLS-NCDJPSHJSA-N,344.5
"N,N'-Diethylthiourea",CCNC(=S)NCC,569,105-55-5,FLVIGYVXZHLUHP-UHFFFAOYSA-N,132.23
"N,N'-Diisopropylcarbodiimide",CC(C)N=C=NC(C)C,12623,693-13-0,BDNKZNFMNDZQMI-UHFFFAOYSA-N,126.2
"N,N'-Dimethyldiphenylthiuram disulphide",CN(C1=CC=CC=C1)C(=S)SSC(=S)N(C)C2=CC=CC=C2,622,10591-84-1,RDQQCSOIXMZZQR-UHFFFAOYSA-N,364.6
"N,N'-Diphenyl-p-phenylenediamine",C1=CC=C(C=C1)NC2=CC=C(C=C2)NC3=CC=CC=C3,13226,74-31-7,UTGQNNCQYDRXCH-UHFFFAOYSA-N,260.3
"N,N'-Diphenylethylenediamine",C1=CC=C(C=C1)NCCNC2=CC=CC=C2,3336,150-61-8,NOUUUQMKVOUUNR-UHFFFAOYSA-N,212.29
"N,N'-Diphenylmethylenediamine",C1=CC=C(C=C1)NCNC2=CC=CC=C2,10896,622-14-0,OHQOKJPHNPUMLN-UHFFFAOYSA-N,198.26
"N,N'-Diphenyloxamide",C1=CC=C(C=C1)NC(=O)C(=O)NC2=CC=CC=C2,10861,620-81-5,FTWUXYZHDFCGSV-UHFFFAOYSA-N,240.26
"N,N'-Diphenylpropane-1,2-diamine",CC(CNC1=CC=CC=C1)NC2=CC=CC=C2,3559,15717-40-5,BBRHQNMMUUMVDE-UHFFFAOYSA-N,226.32
"N,N'-Disalicylidene-1,2-diaminopropane",CC(CN=CC1=CC=CC=C1O)N=CC2=CC=CC=C2O,15670,94-91-7,RURPJGZXBHYNEM-UHFFFAOYSA-N,282.34
"N,N'-Ethylenebismyristamide",CCCCCCCCCCCCCC(=O)NCCNC(=O)CCCCCCCCCCCCC,9218,5136-46-9,SZQRSDJOAHBRSI-UHFFFAOYSA-N,480.8
"N,N'-Hexane-1,6-diylbis(hexahydro-2-oxo-1H-azepine-1-carboxamide)",C1CCC(=O)N(CC1)C(=O)NCCCCCCNC(=O)N2CCCCCC2=O,10290,5888-87-9,YOVRNJUIHVNXCB-UHFFFAOYSA-N,394.5
"N,N'-Methylenebisacrylamide",C=CC(=O)NCNC(=O)C=C,990,110-26-9,ZIUHHBKFKCYYJD-UHFFFAOYSA-N,154.17
"N,N,2,8-Tetramethyl-5,11-dioxa-2,8-diazatridecan-13-amine",CN(C)CCOCCN(C)CCOCCN(C)C,11537,65286-55-7,HDVDXVSXWCMDAI-UHFFFAOYSA-N,261.4
"N,N,N',N'-Tetrakis(2,3-epoxypropyl)-m-xylene-alpha,alpha'-diamine",C1C(O1)CN(CC2CO2)CC3=CC(=CC=C3)CN(CC4CO4)CC5CO5,11208,63738-22-7,SJPFBRJHYRBAGV-UHFFFAOYSA-N,360.4
"n,n,n',n'-Tetrakis(2-hydroxyethyl)adipamide",C(CCC(=O)N(CCO)CCO)CC(=O)N(CCO)CCO,11127,6334-25-4,OKRNLSUTBJUVKA-UHFFFAOYSA-N,320.38
"N,N,N',N'-Tetrakis(2-hydroxypentyl)ethylenediamine",CCCC(CN(CCN(CC(CCC)O)CC(CCC)O)CC(CCC)O)O,14749,86443-82-5,WSANZYFPFILJKZ-UHFFFAOYSA-N,404.6
"N,N,N',N'-Tetrakis(2-hydroxypropyl)adipamide",CC(CN(CC(C)O)C(=O)CCCCC(=O)N(CC(C)O)CC(C)O)O,10162,57843-53-5,UUCAVBDCVCFNIN-UHFFFAOYSA-N,376.5
"N,N,N',N'-Tetrakis(2-hydroxypropyl)ethylenediamine",CC(CN(CCN(CC(C)O)CC(C)O)CC(C)O)O,290,102-60-3,NSOXQYCFHDMMGV-UHFFFAOYSA-N,292.41
"N,N,N',N'-tetramethyl-N''-[3-(trimethoxysilyl)propyl]guanidine",CN(C)C(=NCCC[Si](OC)(OC)OC)N(C)C,12666,69709-01-9,ZUEIRGBMFHHKAC-UHFFFAOYSA-N,277.44
"N,N,N',N'-Tetramethylethylenediamine",CN(C)CCN(C)C,986,110-18-9,KWYHDKDOAIKMQN-UHFFFAOYSA-N,116.2
"N,N-Bis(2-hydroxyethyl)-p-toluidine",CC1=CC=C(C=C1)N(CCO)CCO,7117,3077-12-1,JUVSRZCUMWZBFK-UHFFFAOYSA-N,195.26
"N,N-Bis(2-hydroxyethyl)dodecanamide",CCCCCCCCCCCC(=O)N(CCO)CCO,1569,120-40-1,AOMUHOFOVNGZAN-UHFFFAOYSA-N,287.44
"N,N-Bis(2-hydroxyethyl)stearamide",CCCCCCCCCCCCCCCCCC(=O)N(CCO)CCO,15560,93-82-3,XGZOMURMPLSSKQ-UHFFFAOYSA-N,371.6
"N,N-Bis(2-hydroxyethyl)tetradecanamide",CCCCCCCCCCCCCC(=O)N(CCO)CCO,13534,7545-23-5,SKDZEPBJPGSFHS-UHFFFAOYSA-N,315.5
"N,N-Bis(2-hydroxypropyl)-p-toluidine",CC1=CC=C(C=C1)N(CC(C)O)CC(C)O,8110,38668-48-3,JFZVSHAMRZPOPA-UHFFFAOYSA-N,223.31
"N,N-Bis(2-hydroxypropyl)aniline",CC(CN(CC(C)O)C1=CC=CC=C1)O,7118,3077-13-2,FKOMNQCOHKHUCP-UHFFFAOYSA-N,209.28
"N,N-Bis(carboxymethyl)-L-glutamic acid",C(CC(=O)O)[C@@H](C(=O)O)N(CC(=O)O)CC(=O)O,10305,58976-65-1,VCVKIIDXVWEWSZ-YFKPBYRVSA-N,263.2
"N,N-Diallylacrylamide",C=CCN(CC=C)C(=O)C=C,7140,3085-68-5,BLYOHBPLFYXHQA-UHFFFAOYSA-N,151.21
"N,N-Dibenzylhydroxylamine",C1=CC=C(C=C1)CN(CC2=CC=CC=C2)O,10869,621-07-8,GXELTROTKVKZBQ-UHFFFAOYSA-N,213.27
"N,N-Dibutylaniline",CCCCN(CCCC)C1=CC=CC=C1,10622,613-29-6,FZPXKEPZZOEPGX-UHFFFAOYSA-N,205.34
"N,N-Dibutylformamide",CCCCN(CCCC)C=O,13604,761-65-9,NZMAJUHVSZBJHL-UHFFFAOYSA-N,157.25
"N,N-Dicyclohexyl-2-benzothiazolesulfenamide",C1CCC(CC1)N(C2CCCCC2)SC3=NC4=CC=CC=C4S3,9003,4979-32-2,CMAUJSNXENPPOF-UHFFFAOYSA-N,346.6
"N,N-Diethyl-1,1,1-trimethylsilylamine",CCN(CC)[Si](C)(C)C,16089,996-50-9,JOOMLFKONHCLCJ-UHFFFAOYSA-N,145.32
"N,N-Diethyl-m-toluidine",CCN(CC)C1=CC=CC(=C1)C,15348,91-67-8,CIPVVROJHKLHJI-UHFFFAOYSA-N,163.26
"N,N-Diethyl-p-toluamide",CCN(CC)C(=O)C1=CC=C(C=C1)C,6481,2728-05-4,PUZORFQMRDHKBT-UHFFFAOYSA-N,191.27
"N,N-Diethylacetoacetamide",CCN(CC)C(=O)CC(=O)C,5118,2235-46-3,NTMXFHGYWJIAAE-UHFFFAOYSA-N,157.21
"N,N-Diethylacrylamide",CCN(CC)C(=O)C=C,6329,2675-94-7,OVHHHVAVHBHXAK-UHFFFAOYSA-N,127.18
"N,N-Diethylaniline",CCN(CC)C1=CC=CC=C1,15347,91-66-7,GGSUCNLOZRCGPQ-UHFFFAOYSA-N,149.23
"N,N-Diethyldodecanamide",CCCCCCCCCCCC(=O)N(CC)CC,7519,3352-87-2,CWNSVVHTTQBGQB-UHFFFAOYSA-N,255.44
"N,N-Diethylhydroxylamine",CCN(CC)O,7916,3710-84-7,FVCOIAYSJZGECG-UHFFFAOYSA-N,89.14
"N,N-diethyloctadeca-9,12-dienamide",CCCCCC=CCC=CCCCCCCCC(=O)N(CC)CC,7219,3140-46-3,WKWQZNCYXVEZMK-UHFFFAOYSA-N,335.6
"N,N-diethyltetradecanamide",CCCCCCCCCCCCCC(=O)N(CC)CC,10096,57303-20-5,DNRJXSFQAZGKPT-UHFFFAOYSA-N,283.5
"N,N-dimethyl-5-oxo-4,4-diphenylheptan-2-amine oxide",CCC(=O)C(CC(C)[N+](C)(C)[O-])(C1=CC=CC=C1)C2=CC=CC=C2,7458,33100-61-7,JAGZVXZVPUWAKA-UHFFFAOYSA-N,325.4
"N,N-Dimethyl-p-toluidine",CC1=CC=C(C=C1)N(C)C,16060,99-97-8,GYVGXEWAOAAJEU-UHFFFAOYSA-N,135.21
"N,N-Dimethylacetamide",CC(=O)N(C)C,2101,127-19-5,FXHOOIRPVKKKFG-UHFFFAOYSA-N,87.12
"N,N-Dimethylacetoacetamide",CC(=O)CC(=O)N(C)C,4753,2044-64-6,YPEWWOUWRRQBAX-UHFFFAOYSA-N,129.16
"N,N-Dimethylacrylamide",CN(C)C(=O)C=C,6355,2680-03-7,YLGYACDQVQQZSW-UHFFFAOYSA-N,99.13
"N,N-Dimethylaniline",CN(C)C1=CC=CC=C1,1726,121-69-7,JLTDJTHDQAWBAV-UHFFFAOYSA-N,121.18
"N,N-Dimethylbenzylamine",CN(C)CC1=CC=CC=C1,391,103-83-3,XXBDWLFCJWSEKW-UHFFFAOYSA-N,135.21
"N,N-Dimethylbutylamine",CCCCN(C)C,15519,927-62-8,DJEQZVQFEPKLOY-UHFFFAOYSA-N,101.19
"N,N-Dimethylcyclohexylamine",CN(C)C1CCCCC1,16014,98-94-2,SVYKKECYCPFKGB-UHFFFAOYSA-N,127.23
"N,N-Dimethyldecanamide",CCCCCCCCCC(=O)N(C)C,3127,14433-76-2,HNXNKTMIVROLTK-UHFFFAOYSA-N,199.33
"N,N-Dimethyldecylamine",CCCCCCCCCCN(C)C,1271,1120-24-7,YWWNNLPSZSEZNZ-UHFFFAOYSA-N,185.35
"N,N-Dimethyldodecanamide",CCCCCCCCCCCC(=O)N(C)C,6968,3007-53-2,BDYUSDIJIDGWCY-UHFFFAOYSA-N,227.39
"N,N-Dimethyldodecylamine",CCCCCCCCCCCCN(C)C,1214,112-18-5,YWFWDNVOPHGWMX-UHFFFAOYSA-N,213.4
"N,N-Dimethylethylamine",CCN(C)C,10432,598-56-1,DAZXVJBJRMWXJP-UHFFFAOYSA-N,73.14
"N,N-Dimethylformamide",CN(C)C=O,11891,68-12-2,ZMXDDKWLCZADIW-UHFFFAOYSA-N,73.09
"N,N-Dimethylisopropylamine",CC(C)N(C)C,16088,996-35-0,VMOWKUTXPNPTEN-UHFFFAOYSA-N,87.16
"N,N-Dimethylmethacrylamide",CC(=C)C(=O)N(C)C,12672,6976-91-6,QRWZCJXEAOZAAW-UHFFFAOYSA-N,113.16
"N,N-Dimethyloctanamide",CCCCCCCC(=O)N(C)C,1190,1118-92-9,VHRUBWHAOUIMDW-UHFFFAOYSA-N,171.28
"N,N-Dimethyloctylamine",CCCCCCCCN(C)C,13207,7378-99-6,UQKAOOAFEFCDGT-UHFFFAOYSA-N,157.3
"N,N-Dimethyloleamide",CCCCCCCC/C=C\CCCCCCCC(=O)N(C)C,6294,2664-42-8,GAXDEROCNMZYCS-QXMHVHEDSA-N,309.5
"N,N-Dimethylpentadecylamine",CCCCCCCCCCCCCCCN(C)C,4161,17678-60-3,SNHHYQWNNZIBLN-UHFFFAOYSA-N,255.5
"N,N-Dimethylstearamide",CCCCCCCCCCCCCCCCCC(=O)N(C)C,8125,3886-90-6,BTSRIWFABHLYDQ-UHFFFAOYSA-N,311.5
"N,N-Dimethyltetradecylamine",CCCCCCCCCCCCCCN(C)C,1251,112-75-4,SFBHPFQSSDCYSL-UHFFFAOYSA-N,241.46
"N,N-Dimethylthioacetamide",CC(=S)N(C)C,11081,631-67-4,LKNQXZAHNDFIQY-UHFFFAOYSA-N,103.19
"N,N-Dimethyltrimethylsilylamine",CN(C)[Si](C)(C)C,4834,2083-91-2,KAHVZNKZQFSBFW-UHFFFAOYSA-N,117.26
N-((2-Aminoethoxy)methyl)benzenamine,C1=CC=C(C=C1)NCOCCN,5170,22683-30-3,KQNZSZNDAMAKFF-UHFFFAOYSA-N,166.22
N-((2-Methylpropoxy)methyl)methacrylamide,CC(C)COCNC(=O)C(=C)C,8787,4548-27-0,TWYISXLZCIVDDW-UHFFFAOYSA-N,171.24
"N-(1,3-Dimethylbutyl)-N'-phenyl-p-phenylenediamine",CC(C)CC(C)NC1=CC=C(C=C1)NC2=CC=CC=C2,14067,793-24-8,ZZMVLMVFYMGSMY-UHFFFAOYSA-N,268.4
"N-(1-Methylheptyl)-N'-phenyl-1,4-benzenediamine",CCCCCCC(C)NC1=CC=C(C=C1)NC2=CC=CC=C2,3411,15233-47-3,JQTYAZKTBXWQOM-UHFFFAOYSA-N,296.4
N-(1-Naphthyl)ethylenediamine,C1=CC=C2C(=C1)C=CC=C2NCCN,9763,551-09-7,NULAJYZBOLVQPQ-UHFFFAOYSA-N,186.25
"N-(2,3-Dihydro-2-oxo-1H-benzimidazol-5-yl)-3-oxo-2-[[2-(trifluoromethyl)phenyl]azo]butyramide",CC(=O)C(C(=O)NC1=CC2=C(C=C1)NC(=O)N2)N=NC3=CC=CC=C3C(F)(F)F,11980,68134-22-5,VBNVBMNKUIJLPP-UHFFFAOYSA-N,405.3
"N-(2-((2-Chloro-4,6-dinitrophenyl)azo)-5-(diethylamino)-4-methoxyphenyl)acetamide",CCN(CC)C1=C(C=C(C(=C1)NC(=O)C)N=NC2=C(C=C(C=C2Cl)[N+](=O)[O-])[N+](=O)[O-])OC,14066,79295-99-1,LJIKWZXCXJFCCB-UHFFFAOYSA-N,464.9
N-(2-Aminoethyl)-3-aminopropylmethyldimethoxysilane,CO[Si](C)(CCCNCCN)OC,7095,3069-29-2,MQWFLKHKWJMCEN-UHFFFAOYSA-N,206.36
"N-(2-Butyl-2,3-dihydro-1,3-dioxo-1H-benz[de]isoquinolin-6-yl)acetamide",CCCCN1C(=O)C2=C3C(=C(C=C2)NC(=O)C)C=CC=C3C1=O,7524,3353-99-9,TXYZROWNGUGODG-UHFFFAOYSA-N,310.3
"N-(2-Chloroethyl)-4-((2,6-dichloro-4-nitrophenyl)azo)-N-ethyl-m-toluidine",CCN(CCCl)C1=CC(=C(C=C1)N=NC2=C(C=C(C=C2Cl)[N+](=O)[O-])Cl)C,11209,63741-10-6,UGDJBKWHSWJSMB-UHFFFAOYSA-N,415.7
N-(2-Cyanoethyl)-N-ethyl-m-toluidine,CCN(CCC#N)C1=CC=CC(=C1)C,3264,148-69-6,NPCCPMHHNIOSHL-UHFFFAOYSA-N,188.27
N-(2-Cyanoethyl)-N-ethylaniline,CCN(CCC#N)C1=CC=CC=C1,3266,148-87-8,WYRNRZQRKCXPLA-UHFFFAOYSA-N,174.24
N-(2-Ethoxyphenyl)-N'-(4-isododecylphenyl)oxamide,CCOC1=CC=CC=C1NC(=O)C(=O)NC2=CC=C(C=C2)CCCCCCCCCC(C)C,14347,82493-14-9,PIPJHDJQUXGVNR-UHFFFAOYSA-N,452.6
"N-(2-Ethylhexyl)-3,5,5-trimethylhexanamide",CCCCC(CC)CNC(=O)CC(C)CC(C)(C)C,3985,1700656-13-8,OKVLJDBLLKNOQZ-UHFFFAOYSA-N,269.5
N-(2-Hydroxydodecyl)-N-(2-hydroxyethyl)-beta-alanine,CCCCCCCCCCC(CN(CCC(=O)O)CCO)O,12778,70521-70-9,OKVWJOUKDKKXQG-UHFFFAOYSA-N,317.5
N-(2-Hydroxyethyl)acetamide,CC(=O)NCCO,3018,142-26-7,PVCJKHHOXFKFRP-UHFFFAOYSA-N,103.12
N-(2-Hydroxyethyl)acrylamide,C=CC(=O)NCCO,13647,7646-67-5,UUORTJUPDJJXST-UHFFFAOYSA-N,115.13
N-(2-Hydroxyethyl)decanamide,CCCCCCCCCC(=O)NCCO,13764,7726-08-1,LMVSBYPDMNAXPF-UHFFFAOYSA-N,215.33
N-(2-Hydroxyethyl)dodecanamide,CCCCCCCCCCCC(=O)NCCO,3030,142-78-9,QZXSMBBFBXPQHI-UHFFFAOYSA-N,243.39
N-(2-Hydroxyethyl)ethylenediamine,C(CNCCO)N,1095,111-41-1,LHIJANUOQQMGNT-UHFFFAOYSA-N,104.15
N-(2-Hydroxyethyl)ethylenediaminetriacetic acid,C(CN(CC(=O)O)CC(=O)O)N(CCO)CC(=O)O,3334,150-39-0,URDCARMUOSMFFI-UHFFFAOYSA-N,278.26
N-(2-hydroxyethyl)icosanamide,CCCCCCCCCCCCCCCCCCCC(=O)NCCO,15715,94421-69-9,AUJVQJHODMISJP-UHFFFAOYSA-N,355.6
N-(2-Hydroxyethyl)octadecanamide,CCCCCCCCCCCCCCCCCC(=O)NCCO,1104,111-57-9,OTGQIQQTPXJQRG-UHFFFAOYSA-N,327.5
N-(2-Hydroxyethyl)octanamide,CCCCCCCC(=O)NCCO,12889,7112-02-9,GSILMNFJLONLCJ-UHFFFAOYSA-N,187.28
N-(2-hydroxypropyl)benzenesulfonamide,CC(CNS(=O)(=O)C1=CC=CC=C1)O,7718,35325-02-1,DHRXPBUFQGUINE-UHFFFAOYSA-N,215.27
N-(2-Hydroxypropyl)methacrylamide,CC(CNC(=O)C(=C)C)O,4944,21442-01-3,OKPYIWASQZGASP-UHFFFAOYSA-N,143.18
N-(2-Methoxyphenyl)acetamide,CC(=O)NC1=CC=CC=C1OC,15546,93-26-5,FGOFNVXHDGQVBG-UHFFFAOYSA-N,165.19
"N-(2-Methylphenyl)-N-phenyl-1,4-benzenediamine",CC1=CC=CC=C1N(C2=CC=CC=C2)C3=CC=C(C=C3)N,13825,7774-80-3,GJOLCXHAZHIIOV-UHFFFAOYSA-N,274.4
"n-(3,4-Dimethylphenyl)formamide",CC1=C(C=C(C=C1)NC=O)C,11672,6639-60-7,HTZTYVPIUUJGKI-UHFFFAOYSA-N,149.19
N-(3-(Dimethylamino)propyl)acrylamide,CN(C)CCCNC(=O)C=C,8090,3845-76-9,ADTJPOBHAXXXFS-UHFFFAOYSA-N,156.23
N-(3-(Dimethylamino)propyl)methacrylamide,CC(=C)C(=O)NCCCN(C)C,9309,5205-93-6,GDFCSMCGLZFNFY-UHFFFAOYSA-N,170.25
N-(3-(Dimethylamino)propyl)tridecafluorohexanesulphonamide,CN(C)CCCNS(=O)(=O)C(C(C(C(C(C(F)(F)F)(F)F)(F)F)(F)F)(F)F)(F)F,9088,50598-28-2,INDOGKYZYLAGEM-UHFFFAOYSA-N,484.28
N-(3-(Triethoxysilyl)propyl)formamide,CCO[Si](CCCNC=O)(OCC)OCC,13667,76524-94-2,ZGJZKIWPDBYTJA-UHFFFAOYSA-N,249.38
N-(3-(Trimethoxysilyl)propyl)butylamine,CCCCNCCC[Si](OC)(OC)OC,7168,31024-56-3,XCOASYLMDUQBHW-UHFFFAOYSA-N,235.4
"N-(3-Aminopropyl)-2,2,3,3,4,4,5,5,6,6,7,7,8,8,8-pentadecafluorooctanamide",C(CN)CNC(=O)C(C(C(C(C(C(C(F)(F)F)(F)F)(F)F)(F)F)(F)F)(F)F)(F)F,14718,85938-56-3,YIQVOMZDSOSAQY-UHFFFAOYSA-N,470.18
"N-(3-Aminopropyl)-N-dodecylpropane-1,3-diamine",CCCCCCCCCCCCN(CCCN)CCCN,5297,2372-82-9,NYNKJVPRTLBJNQ-UHFFFAOYSA-N,299.5
N-(3-Aminopropyl)morpholine,C1COCCN1CCCN,1898,123-00-2,UIKUBYKUYUSRSM-UHFFFAOYSA-N,144.21
N-(3-Triethoxysilylpropyl)ethylenediamine,CCO[Si](CCCNCCN)(OCC)OCC,9130,5089-72-5,INJVFBCDVXYHGQ-UHFFFAOYSA-N,264.44
"N-(4,6-diamino-1,3,5-triazin-2-yl)acetamide",CC(=O)NC1=NC(=NC(=N1)N)N,3786,16274-60-5,REVYMWLDXAUASZ-UHFFFAOYSA-N,168.16
"N-(4,6-Diamino-1,3,5-triazin-2-yl)formamide",C(=O)NC1=NC(=NC(=N1)N)N,2435,13236-84-5,BPISYIZLDVUTAP-UHFFFAOYSA-N,154.13
"N-(4-Amino-2,5-diethoxyphenyl)benzamide",CCOC1=CC(=C(C=C1N)OCC)NC(=O)C2=CC=CC=C2,1563,120-00-3,CNXZLZNEIYFZGU-UHFFFAOYSA-N,300.35
N-(4-Anilinophenyl)prop-2-enamide,C=CC(=O)NC1=CC=C(C=C1)NC2=CC=CC=C2,5110,22325-96-8,HKLPOBRVSAUJSG-UHFFFAOYSA-N,238.28
N-(4-Hydroxyphenyl)stearamide,CCCCCCCCCCCCCCCCCC(=O)NC1=CC=C(C=C1)O,397,103-99-1,YASWBJXTHOXPGK-UHFFFAOYSA-N,375.6
"N-(4-Methylpentan-2-yl)-N-phenylbenzene-1,4-diamine",CC(C)CC(C)N(C1=CC=CC=C1)C2=CC=C(C=C2)N,10836,61931-82-6,KZTCAXCBXSIQSS-UHFFFAOYSA-N,268.4
N-(6-formamidohexyl)formamide,C(CCCNC=O)CCNC=O,7696,35161-65-0,LVDFMQLCDCNNKK-UHFFFAOYSA-N,172.22
"N-(7-Oxo-4,5,6,7-tetrahydro-1,3-benzothiazol-2-yl)acetamide",CC(=O)NC1=NC2=C(S1)C(=O)CCC2,3454,154404-97-4,VXXUKWLHWFFUNS-UHFFFAOYSA-N,210.26
N-(Benzoyloxy)succinimide,C1CC(=O)N(C1=O)OC(=O)C2=CC=CC=C2,5255,23405-15-4,BVUOEDOMUOJKOY-UHFFFAOYSA-N,219.19
N-(beta-(2-Methacryloxyacetamido)ethyl)ethylene urea,CC(=C)C(=O)OCC(=O)NCCN1CCNC1=O,7151,3089-23-4,BMMZGRLRFPSWKY-UHFFFAOYSA-N,255.27
N-(Butoxymethyl)acrylamide,CCCCOCNC(=O)C=C,4347,1852-16-0,UTSYWKJYFPPRAP-UHFFFAOYSA-N,157.21
N-(Butoxymethyl)methacrylamide,CCCCOCNC(=O)C(=C)C,9241,5153-77-5,ADGJZVKOKVENDN-UHFFFAOYSA-N,171.24
N-(Cyclohexylthio)phthalimide,C1CCC(CC1)SN2C(=O)C3=CC=CC=C3C2=O,4185,17796-82-6,UEZWYKZHXASYJN-UHFFFAOYSA-N,261.34
N-(Ethoxymethyl)acrylamide,CCOCNC(=O)C=C,2226,13036-41-4,LSWADWIFYOAQRZ-UHFFFAOYSA-N,129.16
N-(Hydroxymethyl)acrylamide,C=CC(=O)NCO,15504,924-42-5,CNCOEDDPFOAUMB-UHFFFAOYSA-N,101.1
N-(Hydroxymethyl)phthalimide,C1=CC=C2C(=C1)C(=O)N(C2=O)CO,1454,118-29-6,MNSGOOCAMMSKGI-UHFFFAOYSA-N,177.16
N-(Hydroxymethyl)stearamide,CCCCCCCCCCCCCCCCCC(=O)NCO,7537,3370-35-2,JHOKTNSTUVKGJC-UHFFFAOYSA-N,313.5
N-(Isobutoxymethyl)acrylamide,CC(C)COCNC(=O)C=C,3894,16669-59-3,KCTMTGOHHMRJHZ-UHFFFAOYSA-N,157.21
N-(Methoxymethyl)acrylamide,COCNC(=O)C=C,7840,3644-11-9,ULYOZOPEFCQZHH-UHFFFAOYSA-N,115.13
N-(Methoxymethyl)methacrylamide,CC(=C)C(=O)NCOC,7841,3644-12-0,YOZHLACIXDCHPV-UHFFFAOYSA-N,129.16
N-(Phthalimidomethyl)acrylamide,C=CC(=O)NCN1C(=O)C2=CC=CC=C2C1=O,14232,80500-44-3,PMKGJTOCRFPWSS-UHFFFAOYSA-N,230.22
N-(Triethoxysilylpropyl)urea,CCO[Si](CCCNC(=O)N)(OCC)OCC,5316,23779-32-0,LVNLBBGBASVLLI-UHFFFAOYSA-N,264.39
N-(Trimethylsilyl)acetamide,CC(=O)N[Si](C)(C)C,2594,13435-12-6,LWFWUJCJKPUZLV-UHFFFAOYSA-N,131.25
N-(Trimethylsilyl)imidazole,C[Si](C)(C)N1C=CN=C1,4253,18156-74-6,YKFRUJSEPGHZFJ-UHFFFAOYSA-N,140.26
N-[2-[(2-Bromo-6-cyano-4-nitrophenyl)azo]-5-(diethylamino)phenyl]acetamide,CCN(CC)C1=CC(=C(C=C1)N=NC2=C(C=C(C=C2Br)[N+](=O)[O-])C#N)NC(=O)C,5865,2537-62-4,KTXMBTRTVMMWQS-UHFFFAOYSA-N,459.3
"N-[2-[(2-Chloro-4,6-dinitrophenyl)azo]-5-(diallylamino)-4-methoxyphenyl]acetamide",CC(=O)NC1=CC(=C(C=C1N=NC2=C(C=C(C=C2Cl)[N+](=O)[O-])[N+](=O)[O-])OC)N(CC=C)CC=C,14662,85508-41-4,DKEXINVRFGWAKP-UHFFFAOYSA-N,488.9
N-[3-(Decyloxy)-2-hydroxypropyl]-N-(2-hydroxyethyl)decanamide,CCCCCCCCCCOCC(CN(CCO)C(=O)CCCCCCCCC)O,1040,110483-09-5,FCYDPCFJNPIPDW-UHFFFAOYSA-N,429.7
N-[3-(dimethylamino)propyl]dodecanamide,CCCCCCCCCCCC(=O)NCCCN(C)C,7284,3179-80-4,TWMFGCHRALXDAR-UHFFFAOYSA-N,284.5
N-[3-(Trimethoxysilyl)propyl]aniline,CO[Si](CCCNC1=CC=CC=C1)(OC)OC,7090,3068-76-6,KBJFYLLAMSZSOG-UHFFFAOYSA-N,255.38
N-[3-(Trimethoxysilyl)propyl]ethylenediamine,CO[Si](CCCNCCN)(OC)OC,4144,1760-24-3,PHQOGHDTIVQXHL-UHFFFAOYSA-N,222.36
N-[4-(2-Benzimidazolyl)phenyl]maleimide,C1=CC=C2C(=C1)NC(=N2)C3=CC=C(C=C3)N4C(=O)C=CC4=O,6413,27030-97-3,NZDOXVCRXDAVII-UHFFFAOYSA-N,289.29
N-[4-chloro-3-(trifluoromethyl)phenyl]pyridine-4-carboxamide,C1=CC(=C(C=C1NC(=O)C2=CC=NC=C2)C(F)(F)F)Cl,11343,6428-98-4,OCWMCLZVPLFFEU-UHFFFAOYSA-N,300.66
N-[6-(prop-2-enoylamino)hexyl]prop-2-enamide,C=CC(=O)NCCCCCCNC(=O)C=C,12925,7150-41-6,YQCFXPARMSSRRK-UHFFFAOYSA-N,224.3
N-Acryloylsarcosine methyl ester,CN(CC(=O)OC)C(=O)C=C,13015,72065-23-7,ZCQGVFNHUATAJY-UHFFFAOYSA-N,157.17
N-Benzylaniline,C1=CC=C(C=C1)CNC2=CC=CC=C2,376,103-32-2,GTWJETSWSUWSEJ-UHFFFAOYSA-N,183.25
N-Benzylethylenediamine,C1=CC=C(C=C1)CNCCN,8384,4152-09-4,ACYBVNYNIZTUIL-UHFFFAOYSA-N,150.22
N-Benzylidenebenzylamine,C1=CC=C(C=C1)CN=CC2=CC=CC=C2,13986,780-25-6,MIYKHJXFICMPOJ-UHFFFAOYSA-N,195.26
N-Benzylmethacrylamide,CC(=C)C(=O)NCC1=CC=CC=C1,7334,3219-55-4,CEBFLGHPYLIZSC-UHFFFAOYSA-N,175.23
N-Benzyloxycarbonylglycine,C1=CC=C(C=C1)COC(=O)NCC(=O)O,1333,1138-80-3,CJUMAFVKTCBCJK-UHFFFAOYSA-N,209.2
N-butyl Chloride,CCCCCl,942,109-69-3,VFWCMGCRMGJXDK-UHFFFAOYSA-N,92.57
N-Butylbenzenesulfonamide,CCCCNS(=O)(=O)C1=CC=CC=C1,7803,3622-84-2,IPRJXAGUEGOFGG-UHFFFAOYSA-N,213.3
N-Butyldiethanolamine,CCCCN(CCO)CCO,298,102-79-4,GVNHOISKXMSMPX-UHFFFAOYSA-N,161.24
N-Butylphthalimide,CCCCN1C(=O)C2=CC=CC=C2C1=O,3381,1515-72-6,DLKDEVCJRCPTLN-UHFFFAOYSA-N,203.24
N-Cyclohexyl-2-benzothiazolesulfenamide,C1CCC(CC1)NSC2=NC3=CC=CC=C3S2,15749,95-33-0,DEQZTKGFXNUBJL-UHFFFAOYSA-N,264.4
N-Cyclohexyl-4-methylbenzenesulfonamide,CC1=CC=C(C=C1)S(=O)(=O)NC2CCCCC2,14095,80-30-8,DKYVVNLWACXMDW-UHFFFAOYSA-N,253.36
N-Cyclohexyl-N'-phenyl-p-phenylenediamine,C1CCC(CC1)NC2=CC=C(C=C2)NC3=CC=CC=C3,174,101-87-1,ZRMMVODKVLXCBB-UHFFFAOYSA-N,266.4
N-Cyclohexyl-N-methylcyclohexanamine,CN(C1CCCCC1)C2CCCCC2,13554,7560-83-0,GSCCALZHGUWNJW-UHFFFAOYSA-N,195.34
N-Cyclohexylacetamide,CC(=O)NC1CCCCC1,1290,1124-53-4,WRAGCBBWIYQMRF-UHFFFAOYSA-N,141.21
N-Cyclohexylethanolamine,C1CCC(CC1)NCCO,6681,2842-38-8,MGUMZJAQENFQKN-UHFFFAOYSA-N,143.23
N-Cyclohexylmaleimide,C1CCC(CC1)N2C(=O)C=CC2=O,3792,1631-25-0,BQTPKSBXMONSJI-UHFFFAOYSA-N,179.22
N-Diphenylmethylacrylamide,C=CC(=O)NC(C1=CC=CC=C1)C2=CC=CC=C2,339,10254-08-7,SHXRPEYRCYQSFS-UHFFFAOYSA-N,237.3
N-Dodecylmethacrylamide,CCCCCCCCCCCCNC(=O)C(=C)C,1524,1191-39-5,HOZLHJIPBBRFGM-UHFFFAOYSA-N,253.42
"N-Ethyl-1,3-benzothiazol-2-amine",CCNC1=NC2=CC=CC=C2S1,6656,28291-69-2,SPJIVJKZYGYWQH-UHFFFAOYSA-N,178.26
N-Ethyl-3-methylbenzenesulfonamide,CCNS(=O)(=O)C1=CC=CC(=C1)C,11710,66898-18-8,BRZYPWBFHXULOO-UHFFFAOYSA-N,199.27
N-Ethyl-m-toluidine,CCNC1=CC=CC(=C1)C,283,102-27-2,GUYMMHOQXYZMJQ-UHFFFAOYSA-N,135.21
N-Ethyl-O-toluenesulfonamide,CCNS(=O)(=O)C1=CC=CC=C1C,833,1077-56-1,NATWUQFQFMZVMT-UHFFFAOYSA-N,199.27
N-Ethyl-P-toluenesulfonamide,CCNS(=O)(=O)C1=CC=C(C=C1)C,2400,1321-54-6,OHPZPBNDOVQJMH-UHFFFAOYSA-N,199.27
N-Ethyl-P-toluenesulfonamide,CCNS(=O)(=O)C1=CC=C(C=C1)C,14096,80-39-7,OHPZPBNDOVQJMH-UHFFFAOYSA-N,199.27
N-Ethylaniline,CCNC1=CC=CC=C1,388,103-69-5,OJGMBLNIHDZDGS-UHFFFAOYSA-N,121.18
N-Ethylcyclohexylamine,CCNC1CCCCC1,9703,5459-93-8,AGVKXDPPPSLISR-UHFFFAOYSA-N,127.23
N-Ethyldibenzylamine,CCN(CC1=CC=CC=C1)CC2=CC=CC=C2,542,10479-25-1,WBGPDYJIPNTOIB-UHFFFAOYSA-N,225.33
N-Ethylmethacrylamide,CCNC(=O)C(=C)C,13202,7370-88-9,ZIWDVJPPVMGJGR-UHFFFAOYSA-N,113.16
N-Ethylmorpholine,CCN1CCOCC1,25,100-74-3,HVCNXQOWACZAFN-UHFFFAOYSA-N,115.17
N-Formylpiperidine,C1CCN(CC1)C=O,6039,2591-86-8,FEWLNYSYJNLUOO-UHFFFAOYSA-N,113.16
n-Heptyl isocyanate,CCCCCCCN=C=O,8892,4747-81-3,RFXBSYPBSRSQDU-UHFFFAOYSA-N,141.21
N-Heptylideneaniline,CCCCCCC=NC1=CC=CC=C1,8510,4275-05-2,KMSXNTKLHGLTFH-UHFFFAOYSA-N,189.3
N-Hexadecyl diethanolamine,CCCCCCCCCCCCCCCCN(CCO)CCO,4468,18924-67-9,MJWIPTSHMLSLFE-UHFFFAOYSA-N,329.6
n-HEXANE,CCCCCC,1006,110-54-3,VLKZOEOYAKHREP-UHFFFAOYSA-N,86.18
n-HEXANE,CCCCCC,15478,92112-69-1,VLKZOEOYAKHREP-UHFFFAOYSA-N,86.18
N-hydroxy-N'-[2-(trifluoromethyl)phenyl]pyridine-3-carboximidamide,C1=CC=C(C(=C1)C(F)(F)F)N=C(C2=CN=CC=C2)NO,6764,288246-53-7,QBQQPVCKEDSAHQ-UHFFFAOYSA-N,281.23
N-Icosylacrylamide,CCCCCCCCCCCCCCCCCCCCNC(=O)C=C,11546,65379-34-2,CJKAINXGZTZFDV-UHFFFAOYSA-N,351.6
N-Isopropyl-N'-phenyl-p-phenylenediamine,CC(C)NC1=CC=C(C=C1)NC2=CC=CC=C2,166,101-72-4,OUBMGJOQLXMSNT-UHFFFAOYSA-N,226.32
N-Isopropylacrylamide,CC(C)NC(=O)C=C,5061,2210-25-5,QNILTEGFHQSKFF-UHFFFAOYSA-N,113.16
N-isopropylhydroxylamine,CC(C)NO,9119,5080-22-8,ODHYIQOBTIWVRZ-UHFFFAOYSA-N,75.11
N-Isopropylmethacrylamide,CC(C)NC(=O)C(=C)C,2787,13749-61-6,YQIGLEFUZMIVHU-UHFFFAOYSA-N,127.18
N-Lauroylsarcosine,CCCCCCCCCCCC(=O)N(C)CC(=O)O,15932,97-78-9,BACYUWVYYTXETD-UHFFFAOYSA-N,271.4
N-Lauryldiethanolamine,CCCCCCCCCCCCN(CCO)CCO,3450,1541-67-9,NKFNBVMJTSYZDV-UHFFFAOYSA-N,273.45
N-Methacryloyl-L-lysine,CC(=C)C(=O)N[C@@H](CCCCN)C(=O)O,8753,45158-94-9,FQYPKQOQUNFBDP-QMMMGPOBSA-N,214.26
N-Methacryloylglycine,CC(=C)C(=O)NCC(=O)O,5274,23578-45-2,BOURDYMMTZXVRY-UHFFFAOYSA-N,143.14
N-Methoxy-N-methylbenzamide,CN(C(=O)C1=CC=CC=C1)OC,12605,6919-61-5,UKERDACREYXSIV-UHFFFAOYSA-N,165.19
N-Methyl-4-nitrophthalimide,CN1C(=O)C2=C(C1=O)C=C(C=C2)[N+](=O)[O-],8400,41663-84-7,JBCHWGTZAAZJKG-UHFFFAOYSA-N,206.15
"N-Methyl-N,4-dinitrosoaniline",CN(C1=CC=C(C=C1)N=O)N=O,16050,99-80-9,FMGUJLASXUBMOP-UHFFFAOYSA-N,165.15
"N-Methyl-N-((2S,3R,4R,5R)-2,3,4,5,6-pentahydroxyhexyl)nonanamide",CCCCCCCCC(=O)N(C)C[C@@H]([C@H]([C@@H]([C@@H](CO)O)O)O)O,14641,85261-19-4,GCRLIVCNZWDCDE-SJXGUFTOSA-N,335.44
N-Methyl-N-(trimethylsilyl)trifluoroacetamide,CN(C(=O)C(F)(F)F)[Si](C)(C)C,5475,24589-78-4,MSPCIZMDDUQPGJ-UHFFFAOYSA-N,199.25
N-Methyl-N-nitrosoaniline,CN(C1=CC=CC=C1)N=O,10640,614-00-6,MAXCWSIJKVASQC-UHFFFAOYSA-N,136.15
N-Methyl-N-vinylacetamide,CC(=O)N(C)C=C,7304,3195-78-6,PNLUGRYDUHRLOF-UHFFFAOYSA-N,99.13
N-Methylacrylamide,CNC(=O)C=C,1489,1187-59-3,YPHQUSNPXDGUHL-UHFFFAOYSA-N,85.1
N-Methylaminopropyltrimethoxysilane,CNCCC[Si](OC)(OC)OC,7094,3069-25-8,DVYVMJLSUSGYMH-UHFFFAOYSA-N,193.32
N-Methylaniline,CNC1=CC=CC=C1,21,100-61-8,AFBPFSWMIHJQDM-UHFFFAOYSA-N,107.15
N-Methylbenzamide,CNC(=O)C1=CC=CC=C1,10630,613-93-4,NCCHARWOCKOHIH-UHFFFAOYSA-N,135.16
N-Methyldiethanolamine,CN(CCO)CCO,572,105-59-9,CRVGTESFCCXCTH-UHFFFAOYSA-N,119.16
N-Methyldiphenylamine,CN(C1=CC=CC=C1)C2=CC=CC=C2,9780,552-82-9,DYFFAVRFJWYYQO-UHFFFAOYSA-N,183.25
N-Methylformamide,CNC=O,1918,123-39-7,ATHHXGZTWNVVOU-UHFFFAOYSA-N,59.07
N-Methylformanilide,CN(C=O)C1=CC=CC=C1,15558,93-61-8,JIKUXBYRTXDNIY-UHFFFAOYSA-N,135.16
N-Methylhomoveratrylamine,CNCCC1=CC(=C(C=C1)OC)OC,7670,3490-06-0,HNJWKRMESUMDQE-UHFFFAOYSA-N,195.26
N-methylolmethacrylamide,CC(=C)C(=O)NCO,15498,923-02-4,DNTMQTKDNSEIFO-UHFFFAOYSA-N,115.13
N-Methylphthalimide,CN1C(=O)C2=CC=CC=C2C1=O,9753,550-44-7,ZXLYYQUMYFHCLQ-UHFFFAOYSA-N,161.16
N-Nitroso-N-ethylaniline,CCN(C1=CC=CC=C1)N=O,10606,612-64-6,WXRXVZXYLBWKRG-UHFFFAOYSA-N,150.18
N-Nitroso-N-methylurea,CN(C(=O)N)N=O,12126,684-93-5,ZRKWMRDKSOPRRS-UHFFFAOYSA-N,103.08
N-Nitrosobis(2-oxopropyl)amine,CC(=O)CN(CC(=O)C)N=O,12791,70644-94-9,AKRYBBWYDSDZHG-UHFFFAOYSA-N,158.16
N-Nitrosodibenzylamine,C1=CC=C(C=C1)CN(CC2=CC=CC=C2)N=O,9510,5336-53-8,RZJLAUZAMYYGMS-UHFFFAOYSA-N,226.27
N-Nitrosodibutylamine,CCCCN(CCCC)N=O,15503,924-16-3,YGJHZCLPZAZIHH-UHFFFAOYSA-N,158.24
N-Nitrosodiethanolamine,C(CO)N(CCO)N=O,1181,1116-54-7,YFCDLVPYFMHRQZ-UHFFFAOYSA-N,134.13
N-Nitrosodiethylamine,CCN(CC)N=O,9749,55-18-5,WBNQDOYYEUMPFS-UHFFFAOYSA-N,102.14
N-Nitrosodiisobutylamine,CC(C)CN(CC(C)C)N=O,16092,997-95-5,XLZCLFRMPCBSDI-UHFFFAOYSA-N,158.24
N-Nitrosodiisopropylamine,CC(C)N(C(C)C)N=O,10483,601-77-4,AUIKJTGFPFLMFP-UHFFFAOYSA-N,130.19
N-Nitrosodimethylamine,CN(C)N=O,10854,62-75-9,UMFJAHHVKNCGLG-UHFFFAOYSA-N,74.08
N-Nitrosodiphenylamine,C1=CC=C(C=C1)N(C2=CC=CC=C2)N=O,14726,86-30-6,UBUCNCOMADRQHX-UHFFFAOYSA-N,198.22
N-Nitrosodipropylamine,CCCN(CCC)N=O,10873,621-64-7,YLKFDHTUAUWZPQ-UHFFFAOYSA-N,130.19
N-Nitrosoheptamethyleneimine,C1CCCN(CCC1)N=O,4850,20917-49-1,RCFKQVLHWYOSFF-UHFFFAOYSA-N,142.2
N-Nitrosomethylethylamine,CCN(C)N=O,629,10595-95-6,RTDCJKARQCRONF-UHFFFAOYSA-N,88.11
N-Nitrosomorpholine,C1COCCN1N=O,10312,59-89-2,ZKXDGKXYMTYWTB-UHFFFAOYSA-N,116.12
N-Nitrosopiperidine,C1CCN(CC1)N=O,26,100-75-4,UWSDONTXWQOZFN-UHFFFAOYSA-N,114.15
N-Nitrosopyrrolidine,C1CCN(C1)N=O,15567,930-55-2,WNYADZVDBIBLJJ-UHFFFAOYSA-N,100.12
"N-Octadecylpropane-1,3-diamine",CCCCCCCCCCCCCCCCCCNCCCN,8493,4253-76-3,DXYUWQFEDOQSQY-UHFFFAOYSA-N,326.6
N-Octyl-N-phenylaniline,CCCCCCCCN(C1=CC=CC=C1)C2=CC=CC=C2,14725,86-25-9,RQVGZVZFVNMBGS-UHFFFAOYSA-N,281.4
N-Octylacrylamide,CCCCCCCCNC(=O)C=C,222,10124-68-2,AWGZKFQMWZYCHF-UHFFFAOYSA-N,183.29
N-Octylformamide,CCCCCCCCNC=O,11016,6282-06-0,ZBWPKQRQZDZVSF-UHFFFAOYSA-N,157.25
n-Oleoylethanolamine,CCCCCCCC/C=C\CCCCCCCC(=O)NCCO,1105,111-58-0,BOWVQLFMWHZBEF-KTKRTIGZSA-N,325.5
N-oleoylglycine,CCCCCCCC/C=C\CCCCCCCC(=O)NCC(=O)O,6077,2601-90-3,HPFXACZRFJDURI-KTKRTIGZSA-N,339.5
"N-Oleyl-1,3-propanediamine",CCCCCCCC/C=C\CCCCCCCCNCCCN,12949,7173-62-8,TUFJPPAQOXUHRI-KTKRTIGZSA-N,324.6
n-Oleyldiethanolamine,CCCCCCCC/C=C\CCCCCCCCN(CCO)CCO,2308,13127-82-7,BITAPBDLHJQAID-KTKRTIGZSA-N,355.6
n-Pentylmalonic acid,CCCCCC(C(=O)O)C(=O)O,10682,616-88-6,LAWHHRXCBUNWFI-UHFFFAOYSA-N,174.19
N-Pentylsuccinimide,CCCCCN1C(=O)CCC1=O,9505,5332-35-4,NEQDNPLLVJBQNJ-UHFFFAOYSA-N,169.22
N-Phenyl-1-naphthylamine,C1=CC=C(C=C1)NC2=CC=CC3=CC=CC=C32,14971,90-30-2,XQVWYOYUZDUNRW-UHFFFAOYSA-N,219.28
N-Phenyl-2-naphthylamine,C1=CC=C(C=C1)NC2=CC3=CC=CC=C3C=C2,2668,135-88-6,KEQFTVQCIQJIQW-UHFFFAOYSA-N,219.28
"N-Phenyl-N'-1-phenylethyl-1,4-phenylenediamine",CC(C1=CC=CC=C1)NC2=CC=C(C=C2)NC3=CC=CC=C3,6660,2830-40-2,RRUHMDSGRHUALW-UHFFFAOYSA-N,288.4
N-Phenyl-N-((trichloromethyl)thio)benzenesulfonamide,C1=CC=C(C=C1)N(SC(Cl)(Cl)Cl)S(=O)(=O)C2=CC=CC=C2,5192,2280-49-1,CAXJFBOSFXRPOJ-UHFFFAOYSA-N,382.7
N-Phenyldiethanolamine,C1=CC=C(C=C1)N(CCO)CCO,1564,120-07-0,OJPDDQSCZGTACX-UHFFFAOYSA-N,181.23
N-Phenylmaleimide,C1=CC=C(C=C1)N2C(=O)C=CC2=O,15679,941-69-5,HIDBROSJWZYGSZ-UHFFFAOYSA-N,173.17
N-Phenylmethacrylamide,CC(=C)C(=O)NC1=CC=CC=C1,3712,1611-83-2,IJSVVICYGLOZHA-UHFFFAOYSA-N,161.2
n-Propyl acrylate,CCCOC(=O)C=C,15508,925-60-0,PNXMTCDJUBJHQJ-UHFFFAOYSA-N,114.14
N-Propyl methacrylate,CCCOC(=O)C(=C)C,5062,2210-28-8,NHARPDSAXCBDDR-UHFFFAOYSA-N,128.17
N-Propylbenzamide,CCCNC(=O)C1=CC=CC=C1,607,10546-70-0,DYZWXBMTHNHXML-UHFFFAOYSA-N,163.22
N-Propylsuccinimide,CCCN1C(=O)CCC1=O,7650,3470-97-1,BTNMOVUCMBMKNZ-UHFFFAOYSA-N,141.17
N-tert-Butyl-2-benzothiazolesulfenamide,CC(C)(C)NSC1=NC2=CC=CC=C2S1,15747,95-31-8,IUJLOAKJZQBENM-UHFFFAOYSA-N,238.4
N-Tert-butylacrylamide,CC(C)(C)NC(=O)C=C,774,107-58-4,XFHJDMUEHUHAJW-UHFFFAOYSA-N,127.18
N-tert-Octylacrylamide,CC(C)(C)CC(C)(C)NC(=O)C=C,8463,4223-03-4,YRDNVESFWXDNSI-UHFFFAOYSA-N,183.29
N-Vinyl-2-pyrrolidone,C=CN1CCCC1=O,14854,88-12-0,WHNWPMSKXPGLAX-UHFFFAOYSA-N,111.14
N-Vinylcaprolactam,C=CN1CCCCCC1=O,5116,2235-00-9,JWYVGKFDLWWQJX-UHFFFAOYSA-N,139.19
N-vinylimidazole,C=CN1C=CN=C1,808,1072-63-5,OSSNTDFYBPYIEC-UHFFFAOYSA-N,94.11
"N-{[3-(2H-Benzotriazol-2-yl)-2-hydroxy-5-(2,4,4-trimethylpentan-2-yl)phenyl]methyl}-2-methylprop-2-enamide",CC(=C)C(=O)NCC1=C(C(=CC(=C1)C(C)(C)CC(C)(C)C)N2N=C3C=CC=CC3=N2)O,820,107479-06-1,PUKBPIIUNNWYDU-UHFFFAOYSA-N,420.5
"N1,N1-Bis(3-(Dimethylamino)propyl)-N3,N3-dimethylpropane-1,3-diamine",CN(C)CCCN(CCCN(C)C)CCCN(C)C,7481,33329-35-0,DTKANQSCBACEPK-UHFFFAOYSA-N,272.47
"N1,N1-Dibenzylethane-1,2-diamine",C1=CC=C(C=C1)CN(CCN)CC2=CC=CC=C2,3003,14165-27-6,ACTNHJDHMQSOGL-UHFFFAOYSA-N,240.34
"N1-(2-Aminoethyl)-N2-(3-(trimethoxysilyl)propyl)ethane-1,2-diamine",CO[Si](CCCNCCNCCN)(OC)OC,7694,35141-30-1,NHBRUUFBSBSTHM-UHFFFAOYSA-N,265.43
Nadic methyl anhydride,CC12CC(C=C1)C3C2C(=O)OC3=O,16148,25134-21-8,KNRCVAANTQNTPT-UHFFFAOYSA-N,178.18
Naloxone,C=CCN1CC[C@]23[C@@H]4C(=O)CC[C@]2([C@H]1CC5=C3C(=C(C=C5)O)O4)O,8842,465-65-6,UZHSEJADLWPNLE-GRGSLBFTSA-N,327.4
Naphthalene,C1=CC=C2C=CC=CC2=C1,15339,91-20-3,UFWIBTONFRDIAS-UHFFFAOYSA-N,128.17
"Naphthalene, 1,2,3,4-tetrahydro-2,5,8-trimethyl-",CC1CCC2=C(C=CC(=C2C1)C)C,7009,30316-17-7,CMWCSSCXHBQEPX-UHFFFAOYSA-N,174.28
"Naphthalene, 1,2,3,4-tetrahydro-5-methyl-",CC1=C2CCCCC2=CC=C1,6630,2809-64-5,YXOVIGZJPGLNGM-UHFFFAOYSA-N,146.23
"Naphthalene, 1,2,3,5,8,8a-hexahydro-",C1CC=C2CC=CCC2C1,10990,62690-65-7,IMFJEYVXPUKRFA-UHFFFAOYSA-N,134.22
"Naphthalene, 5-ethyl-1,2,3,4-tetrahydro-",CCC1=CC=CC2=C1CCCC2,8516,42775-75-7,WHCKFZOMBDMRLO-UHFFFAOYSA-N,160.25
"Naphthalene, decahydro-1,1-dimethyl-",CC1(CCCC2C1CCCC2)C,16819,,XQBJYAGJXKHDCL-UHFFFAOYSA-N,166.3
"Naphthalene, decahydro-1,6-dimethyl-",CC1CCC2C(CCCC2C1)C,4121,1750-51-2,SXLVBBLVYUOSKX-UHFFFAOYSA-N,166.3
"Naphthalene, decahydro-1,6-dimethyl-4-(1-methylethyl)-",CC1CC[C@@H]2[C@H](C1)[C@H](CCC2C)C(C)C,6910,29788-41-8,FZZNNPQZDRVKLU-IPOFZDNWSA-N,208.38
"Naphthalene, decahydro-2,3-dimethyl-",CC1CC2CCCCC2CC1C,133,1008-80-6,UBGLIVPMNDOOTE-UHFFFAOYSA-N,166.3
"Naphthalenesulfonic acid, dinonyl-",CCCCCCCCCC1=CC=CC2=CC(=CC(=C21)CCCCCCCCC)S(=O)(=O)O,16308,25322-17-2,ANYJSVKEVRJWRW-UHFFFAOYSA-N,460.7
"Naphtho[1',2',3':4,5]quino[2,1-b]quinazoline-5,10-dione",C1=CC=C2C(=C1)C3=CC4=NC5=CC=CC=C5C(=O)N4C6=CC=CC(=C63)C2=O,5103,22281-18-1,ZQCQJALTXDGORV-UHFFFAOYSA-N,348.4
"Naphtho[1,2-b]furan-2-one, 2,3,3a,4,5,5a,6,7,9a,9b-decahydro-3,5a,9-trimethyl-7,9a-peroxy-",CC1C2CCC3(CC4C=C(C3(C2OC1=O)OO4)C)C,17600,,DNHVANFANYUOGW-UHFFFAOYSA-N,264.32
"Naphtho[2,1-b]furan, 1,2-dimethyl-",CC1=C(OC2=C1C3=CC=CC=C3C=C2)C,2182,129812-23-3,YHYOQUQINUTULF-UHFFFAOYSA-N,196.24
"Naphtho[2,3-b]thiophene",C1=CC=C2C=C3C(=CC2=C1)C=CS3,6354,268-77-9,CYKIHIBNSFRKQP-UHFFFAOYSA-N,184.26
Neoabietic acid,CC(=C1CC[C@H]2C(=C1)CC[C@@H]3[C@@]2(CCC[C@@]3(C)C(=O)O)C)C,8870,471-77-2,KGMSWPSAVZAMKR-ONCXSQPRSA-N,302.5
"Neodecaneperoxoic acid, 1,1-dimethylpropyl ester",CCC(C)(C)OOC(=O)CCCCCC(C)(C)C,12083,68299-16-1,ZIDNXYVJSYJXPE-UHFFFAOYSA-N,258.4
Neodecanoic acid,CC(C)(C)CCCCCC(=O)O,6375,26896-20-8,YPIFGDQKSSMYHQ-UHFFFAOYSA-N,172.26
Neodecanoyl chloride,CC(C)(C)CCCCCC(=O)Cl,8254,40292-82-8,WOFMVUZGDHWHLJ-UHFFFAOYSA-N,190.71
"Neoheptaneperoxoic acid, 1,1-dimethylethyl ester",CC(C)(C)CCC(=O)OOC(C)(C)C,6328,26748-38-9,VNJISVYSDHJQFR-UHFFFAOYSA-N,202.29
"Neoheptaneperoxoic acid, 1-methyl-1-phenylethyl ester",CC(C)(C)CCC(=O)OOC(C)(C)C1=CC=CC=C1,2202,130097-36-8,WFAUFYAGXAXBEG-UHFFFAOYSA-N,264.36
Neopentane,CC(C)(C)C,8828,463-82-1,CRSOQBOWXPBRES-UHFFFAOYSA-N,72.15
Neopentyl alcohol,CC(C)(C)CO,13497,75-84-3,KPSSIOMAKSHJJG-UHFFFAOYSA-N,88.15
Neopentyl glycol,CC(C)(CO)CO,2052,126-30-7,SLCVBVWXLSEKPL-UHFFFAOYSA-N,104.15
Neopentyl glycol diacrylate,CC(C)(COC(=O)C=C)COC(=O)C=C,5089,2223-82-7,MXFQRSUWYYSPOC-UHFFFAOYSA-N,212.24
Neopentyl glycol dibenzoate,CC(C)(COC(=O)C1=CC=CC=C1)COC(=O)C2=CC=CC=C2,8426,4196-89-8,DYJIIMFHSZKBDY-UHFFFAOYSA-N,312.4
Neopentyl glycol dicaprylate,CCCCCCCC(=O)OCC(C)(C)COC(=O)CCCCCCC,7210,31335-74-7,WFXHUBZUIFLWCV-UHFFFAOYSA-N,356.5
Neopentyl glycol diglycidyl ether,CC(C)(COCC1CO1)COCC2CO2,4133,17557-23-2,KUAUJXBLDYVELT-UHFFFAOYSA-N,216.27
Neopentyl glycol dimethacrylate,CC(=C)C(=O)OCC(C)(C)COC(=O)C(=C)C,4640,1985-51-9,ULQMPOIOSDXIGC-UHFFFAOYSA-N,240.29
Neopentyl methacrylate,CC(=C)C(=O)OCC(C)(C)C,5347,2397-76-4,OOHZIRUJZFRULE-UHFFFAOYSA-N,156.22
Neophyl chloride,CC(C)(CCl)C1=CC=CC=C1,9236,515-40-2,DNXXUUPUQXSUFH-UHFFFAOYSA-N,168.66
Neral,CC(=CCC/C(=C\C=O)/C)C,645,106-26-3,WTEVQBCEXWBHNA-YFHOEESVSA-N,152.23
Nerol oxide,CC1=CCOC(C1)C=C(C)C,4198,1786-08-9,FRISMOQHTLZZRP-UHFFFAOYSA-N,152.23
Nerolidyl acetate,CC(=CCC/C(=C/CCC(C)(C=C)OC(=O)C)/C)C,5222,2306-78-7,PRNJXUQTUSFYLV-NTCAYCPXSA-N,264.4
Neryl acetate,CC(=CCC/C(=C\COC(=O)C)/C)C,2967,141-12-8,HIGQPQRQIQDZMP-FLIBITNWSA-N,196.29
Nerylacetone,CC(=CCC/C(=C\CCC(=O)C)/C)C,8118,3879-26-3,HNZUNIKWNYHEJJ-XFXZXTDPSA-N,194.31
Niacinamide,C1=CC(=CN=C1)C(=O)N,16013,98-92-0,DFPAKSUCGFBDDF-UHFFFAOYSA-N,122.12
Niacinamide,C1=CC(=CN=C1)C(=O)N,17556,,DFPAKSUCGFBDDF-UHFFFAOYSA-N,122.12
Nicotinic acid,C1=CC(=CN=C1)C(=O)O,10311,59-67-6,PVNIIMVLHYAWGP-UHFFFAOYSA-N,123.11
Nitrapyrin,C1=CC(=NC(=C1)Cl)C(Cl)(Cl)Cl,4536,1929-82-4,DCUJJWWUNKIJPH-UHFFFAOYSA-N,230.9
Nitrilotriacetic acid,C(C(=O)O)N(CC(=O)O)CC(=O)O,2867,139-13-9,MGFYIUFZLHCRTH-UHFFFAOYSA-N,191.14
Nitrobenzene,C1=CC=C(C=C1)[N+](=O)[O-],16015,98-95-3,LQNUZADURLCDLV-UHFFFAOYSA-N,123.11
Nitrocyclohexane,C1CCC(CC1)[N+](=O)[O-],1282,1122-60-7,NJNQUTDUIPVROZ-UHFFFAOYSA-N,129.16
Nitroguanidine,C(=N)(N)N[N+](=O)[O-],9846,556-88-7,IDCPFAYURAQKDZ-UHFFFAOYSA-N,104.07
Nitromethane,C[N+](=O)[O-],13478,75-52-5,LYGJENNIWJXYER-UHFFFAOYSA-N,61.04
Nitrosoazetidine,C1CN(C1)N=O,3402,15216-10-1,SNKTZBNDUVWOAZ-UHFFFAOYSA-N,86.09
Nitrosobenzene,C1=CC=C(C=C1)N=O,10267,586-96-9,NLRKCXQQSUWLCH-UHFFFAOYSA-N,107.11
Non-2-yn-1-ol,CCCCCCC#CCO,10362,5921-73-3,XERDOEKKHDALKJ-UHFFFAOYSA-N,140.22
Nonacosanal,CCCCCCCCCCCCCCCCCCCCCCCCCCCCC=O,13111,72934-04-4,AUSHGUYKHVWAKG-UHFFFAOYSA-N,422.8
Nonacosane,CCCCCCCCCCCCCCCCCCCCCCCCCCCCC,11064,630-03-5,IGGUPRCHHJZPBS-UHFFFAOYSA-N,408.8
"Nonadeca-1,3,12-triene",CCCCCCC=CCCCCCCCC=CC=C,17647,,IIVXTTARMAJIDL-UHFFFAOYSA-N,262.5
Nonadecan-5-one,CCCCCCCCCCCCCCC(=O)CCCC,17654,,HMWDPHNVFWRRPS-UHFFFAOYSA-N,282.5
Nonadecan-7-one,CCCCCCCCCCCCC(=O)CCCCCC,17158,,HSWDMYOKZXEFAZ-UHFFFAOYSA-N,282.5
Nonadecanal,CCCCCCCCCCCCCCCCCCC=O,4084,17352-32-8,SXIYYZWCMUFWBW-UHFFFAOYSA-N,282.5
Nonadecane,CCCCCCCCCCCCCCCCCCC,11045,629-92-5,LQERIDTXQFOHKA-UHFFFAOYSA-N,268.5
Nonadecanoic acid,CCCCCCCCCCCCCCCCCCC(=O)O,11406,646-30-0,ISYWECDDZWTKFF-UHFFFAOYSA-N,298.5
Nonaethylene glycol,C(COCCOCCOCCOCCOCCOCCOCCOCCO)O,7561,3386-18-3,YZUUTMGDONTGTN-UHFFFAOYSA-N,414.5
Nonaethylene glycol,C(COCCOCCOCCOCCOCCOCCOCCOCCO)O,17206,,YZUUTMGDONTGTN-UHFFFAOYSA-N,414.5
Nonan-1-ol,CCCCCCCCCO,3073,143-08-8,ZWRUINPWMLAQRD-UHFFFAOYSA-N,144.25
Nonan-1-ol,CCCCCCCCCO,6692,28473-21-4,ZWRUINPWMLAQRD-UHFFFAOYSA-N,144.25
Nonanal,CCCCCCCCC=O,1979,124-19-6,GYHFUZHODSMOHU-UHFFFAOYSA-N,142.24
"Nonanal, 3-(methylthio)-",CCCCCCC(CC=O)SC,10811,61837-76-1,JSYSQMMAZDDRLW-UHFFFAOYSA-N,188.33
Nonanamide,CCCCCCCCC(=O)N,1268,1120-07-6,GHLZUHZBBNDWHW-UHFFFAOYSA-N,157.25
Nonane,CCCCCCCCC,1122,111-84-2,BKIMMITUMNQMOS-UHFFFAOYSA-N,128.25
"Nonane, 2-methyl-3-methylene-",CCCCCCC(=C)C(C)C,9824,55499-08-6,RSECDGYTKPKQHR-UHFFFAOYSA-N,154.29
"Nonanedioic acid, bis(2-methylpropyl) ester",CC(C)COC(=O)CCCCCCCC(=O)OCC(C)C,582,105-80-6,KEVDDQOYWPSMFD-UHFFFAOYSA-N,300.4
"Nonanedioic acid, diisodecyl ester",CC(C)CCCCCCCOC(=O)CCCCCCCC(=O)OCCCCCCCC(C)C,6690,28472-97-1,WLLCYXDFVBWGBU-UHFFFAOYSA-N,468.8
"Nonanediperoxoic acid, bis(1,1-dimethylethyl) ester",CC(C)(C)OOC(=O)CCCCCCCC(=O)OOC(C)(C)C,3877,16580-06-6,VMRTVQZUEDMYNS-UHFFFAOYSA-N,332.4
Nonanoic acid,CCCCCCCCC(=O)O,1205,112-05-0,FBUKVWPVBMHYJY-UHFFFAOYSA-N,158.24
Nonivamide,CCCCCCCCC(=O)NCC1=CC(=C(C=C1)O)OC,5446,2444-46-4,RGOVYLWUIBMPGK-UHFFFAOYSA-N,293.4
Nonoxinol,CCCCCCCCCC1=CC=C(C=C1)OCCO,485,104-35-8,KUXGUCNZFCVULO-UHFFFAOYSA-N,264.4
Nonyl acetate,CCCCCCCCCOC(=O)C,3074,143-13-5,GJQIMXVRFNLMTB-UHFFFAOYSA-N,186.29
Nonylbenzene,CCCCCCCCCC1=CC=CC=C1,897,1081-77-2,LIXVMPBOGDCSRM-UHFFFAOYSA-N,204.35
Nonylcyclohexane,CCCCCCCCCC1CCCCC1,6766,2883-02-5,CLMFECCMAVQYQA-UHFFFAOYSA-N,210.4
Nonylcyclohexane,CCCCCCCCCC1CCCCC1,16611,,CLMFECCMAVQYQA-UHFFFAOYSA-N,210.4
Nonylcyclopentane,CCCCCCCCCC1CCCC1,6763,2882-98-6,GDCYEUOAZVKNHT-UHFFFAOYSA-N,196.37
Nonylcyclopropane,CCCCCCCCCC1CC1,13404,74663-85-7,DTLFSMAJSOYMCO-UHFFFAOYSA-N,168.32
Nordazepam,C1C(=O)NC2=C(C=C(C=C2)Cl)C(=N1)C3=CC=CC=C3,914,1088-11-5,AKPLHCDWDRPJGD-UHFFFAOYSA-N,270.71
Nordihydroguaiaretic acid,CC(CC1=CC(=C(C=C1)O)O)C(C)CC2=CC(=C(C=C2)O)O,9033,500-38-9,HCZKYJDFEPMADG-UHFFFAOYSA-N,302.4
Norethindrone,C[C@]12CC[C@H]3[C@H]([C@@H]1CC[C@]2(C#C)O)CCC4=CC(=O)CC[C@H]34,11893,68-22-4,VIKNJXKGJWUCNN-XGXHKTLJSA-N,298.4
"O,O,O-Trimethyl phosphorothioate",COP(=S)(OC)OC,3392,152-18-1,XWSLYQXUTWUIKM-UHFFFAOYSA-N,156.14
"O,O,O-Triphenyl phosphorothioate",C1=CC=C(C=C1)OP(=S)(OC2=CC=CC=C2)OC3=CC=CC=C3,10415,597-82-0,IKXFIBBKEARMLL-UHFFFAOYSA-N,342.3
"O,O-Dimethyl phosphoramidothioate",COP(=S)(N)OC,4079,17321-47-0,NKYPKIVMIGIWOB-UHFFFAOYSA-N,141.13
"O,P'-Dde",C1=CC=C(C(=C1)C(=C(Cl)Cl)C2=CC=C(C=C2)Cl)Cl,7596,3424-82-6,ZDYJWDIWLRZXDB-UHFFFAOYSA-N,318
"O,P'-Ddt",C1=CC=C(C(=C1)C(C2=CC=C(C=C2)Cl)C(Cl)(Cl)Cl)Cl,14023,789-02-6,CVUGPAFCQJIYDT-UHFFFAOYSA-N,354.5
"O,p'-ditolyl sulfone",CC1=CC=C(C=C1)S(=O)(=O)C2=CC=CC=C2C,8421,41908-97-8,ITAJGXLAYACITF-UHFFFAOYSA-N,246.33
o-Aminoazotoluene,CC1=CC=CC=C1N=NC2=CC(=C(C=C2)N)C,15922,97-56-3,PFRYFZZSECNQOL-UHFFFAOYSA-N,225.29
O-Anisidine,COC1=CC=CC=C1N,14963,90-04-0,VMPITZXILSNTON-UHFFFAOYSA-N,123.15
o-Cresol,CC1=CC=CC=C1O,15754,95-48-7,QWVGKYWNOKOFNN-UHFFFAOYSA-N,108.14
O-Cresyl glycidyl ether,CC1=CC=CC=C1OCC2CO2,5063,2210-79-9,KFUSXMDYOPXKKT-UHFFFAOYSA-N,164.2
o-Cymene,CC1=CC=CC=C1C(C)C,9430,527-84-4,WWRCMNKATXZARA-UHFFFAOYSA-N,134.22
o-Cymene,CC1=CC=CC=C1C(C)C,16370,,WWRCMNKATXZARA-UHFFFAOYSA-N,134.22
O-Decylhydroxylamine,CCCCCCCCCCON,6921,29812-79-1,MQNAOOIFODUDES-UHFFFAOYSA-N,173.3
O-Isobutyl ethylthiocarbamate,CCNC(=S)OCC(C)C,9890,55860-53-2,HMZPXZFXOANPHS-UHFFFAOYSA-N,161.27
o-Pentylphenol,CCCCCC1=CC=CC=C1O,17199,,MEEKGULDSDXFCN-UHFFFAOYSA-N,164.24
o-Phenetidine,CCOC1=CC=CC=C1N,15668,94-70-2,ULHFFAFDSSHFDA-UHFFFAOYSA-N,137.18
O-Phenolsulfonic acid,C1=CC=C(C(=C1)O)S(=O)(=O)O,2509,1333-39-7,IULJSGIJJZZUMF-UHFFFAOYSA-N,174.18
o-Phenylenediacetonitrile,C1=CC=C(C(=C1)CC#N)CC#N,10629,613-73-0,FWPFXBANOKKNBR-UHFFFAOYSA-N,156.18
o-PHENYLENEDIAMINE,C1=CC=C(C(=C1)N)N,15759,95-54-5,GEYOCULIXLDCMW-UHFFFAOYSA-N,108.14
o-Phthalaldehyde,C1=CC=C(C(=C1)C=O)C=O,11348,643-79-8,ZWLUXSQADUDCSB-UHFFFAOYSA-N,134.13
O-Terphenyl,C1=CC=C(C=C1)C2=CC=CC=C2C3=CC=CC=C3,14448,84-15-1,OIAQMFOKAXHPNH-UHFFFAOYSA-N,230.3
O-Toluenesulfonamide,CC1=CC=CC=C1S(=O)(=O)N,2505,1333-07-9,YCMLQMDWSXFTIF-UHFFFAOYSA-N,171.22
O-Toluenesulfonamide,CC1=CC=CC=C1S(=O)(=O)N,14856,88-19-7,YCMLQMDWSXFTIF-UHFFFAOYSA-N,171.22
o-Toluenesulfonyl chloride,CC1=CC=CC=C1S(=O)(=O)Cl,2482,133-59-5,HDECRAPHCDXMIJ-UHFFFAOYSA-N,190.65
o-Toluidine,CC1=CC=CC=C1N,15758,95-53-4,RNVCVTLRINQCPJ-UHFFFAOYSA-N,107.15
o-Tolyl benzoate,CC1=CC=CC=C1OC(=O)C2=CC=CC=C2,10696,617-02-7,YPMKPCAILYDVBN-UHFFFAOYSA-N,212.24
o-Tolyl isocyanate,CC1=CC=CC=C1N=C=O,10645,614-68-6,VAYMIYBJLRRIFR-UHFFFAOYSA-N,133.15
O-Xylene,CC1=CC=CC=C1C,15753,95-47-6,CTQNGGLPUBDAKN-UHFFFAOYSA-N,106.16
Ocrilate,CCCCCCCCOC(=O)C(=C)C#N,11731,6701-17-3,RPQUGMLCZLGZTG-UHFFFAOYSA-N,209.28
Oct-4-en-3-one,CCCC=CC(=O)CC,2997,14129-48-7,JPTOCTSNXXKSSN-UHFFFAOYSA-N,126.2
Oct-7-enal,C=CCCCCCC=O,4972,21573-31-9,LIINGNMKNRSOGW-UHFFFAOYSA-N,126.2
"Octa-1,5-dien-3-ol",CC/C=C/CC(C=C)O,14437,83861-74-9,APFBWMGEGSELQP-AATRIKPKSA-N,126.2
Octabenzone,CCCCCCCCOC1=CC(=C(C=C1)C(=O)C2=CC=CC=C2)O,4325,1843-05-6,QUAMTGJKVDWJEQ-UHFFFAOYSA-N,326.4
OCTACHLORODIBENZO-p-DIOXIN,C12=C(C(=C(C(=C1Cl)Cl)Cl)Cl)OC3=C(O2)C(=C(C(=C3Cl)Cl)Cl)Cl,7389,3268-87-9,FOIBFBMSLDGNHL-UHFFFAOYSA-N,459.7
Octachloronaphthalene,C12=C(C(=C(C(=C1Cl)Cl)Cl)Cl)C(=C(C(=C2Cl)Cl)Cl)Cl,5114,2234-13-1,RTNLUFLDZOAXIC-UHFFFAOYSA-N,403.7
Octacosan-2-one,CCCCCCCCCCCCCCCCCCCCCCCCCCC(=O)C,13774,77327-13-0,BBJSMNGJPBTQER-UHFFFAOYSA-N,408.7
Octacosanal,CCCCCCCCCCCCCCCCCCCCCCCCCCCC=O,5175,22725-64-0,LVXORIXZNUNHGQ-UHFFFAOYSA-N,408.7
Octacosane,CCCCCCCCCCCCCCCCCCCCCCCCCCCC,11063,630-02-4,ZYURHZPYMFLWSH-UHFFFAOYSA-N,394.8
Octacosanedioic acid,C(CCCCCCCCCCCCCC(=O)O)CCCCCCCCCCCCC(=O)O,9957,5632-97-3,WHTKRYWWSTYDNH-UHFFFAOYSA-N,454.7
Octacosanoic acid,CCCCCCCCCCCCCCCCCCCCCCCCCCCC(=O)O,9099,506-48-9,UTOPWMOLSKOLTQ-UHFFFAOYSA-N,424.7
Octadec-3-ene,CCCCCCCCCCCCCCC=CCC,13009,7206-19-1,OCKCCFAPMYQFLZ-UHFFFAOYSA-N,252.5
"Octadeca-9,12,15-trienoic acid",CC/C=C/C/C=C/C/C=C/CCCCCCCC(=O)O,4584,1955-33-5,DTOSIQBPPRVQHS-IUQGRGSQSA-N,278.4
"Octadeca-9,12,15-trienoic acid",CC/C=C/C/C=C/C/C=C/CCCCCCCC(=O)O,6655,28290-79-1,DTOSIQBPPRVQHS-IUQGRGSQSA-N,278.4
Octadecadienoic acid,CCCCCCCCCCCCC/C=C/C=C/C(=O)O,1746,121250-47-3,ADHNUPOJJCKWRT-JLXBFWJWSA-N,280.4
Octadecanal,CCCCCCCCCCCCCCCCCC=O,11222,638-66-4,FWWQKRXKHIRPJY-UHFFFAOYSA-N,268.5
Octadecanamide,CCCCCCCCCCCCCCCCCC(=O)N,1982,124-26-5,LYRFLYHAGKPMFH-UHFFFAOYSA-N,283.5
"Octadecanamide, 12-hydroxy-N-(2-hydroxyethyl)-",CCCCCCC(CCCCCCCCCCC(=O)NCCO)O,637,106-15-0,OZSKVMIBRHDIET-UHFFFAOYSA-N,343.5
"Octadecanamide, N-[3-(dimethyloxidoamino)propyl]-",CCCCCCCCCCCCCCCCCC(=O)NCCC[N+](C)(C)[O-],5675,25066-20-0,ZHXQBNMVWBJMFB-UHFFFAOYSA-N,384.6
Octadecane,CCCCCCCCCCCCCCCCCC,10373,593-45-3,RZJRJXONCZWCBN-UHFFFAOYSA-N,254.5
"Octadecane, 2,6-dimethyl-",CCCCCCCCCCCCC(C)CCCC(C)C,13512,75163-97-2,CPEMDSLATHZURL-UHFFFAOYSA-N,282.5
"Octadecane, 3-ethyl-5-(2-ethylbutyl)-",CCCCCCCCCCCCCC(CC(CC)CC)CC(CC)CC,9790,55282-12-7,MFLJAIATZVGFPM-UHFFFAOYSA-N,366.7
Octadecanedioic acid,C(CCCCCCCCC(=O)O)CCCCCCCC(=O)O,14812,871-70-5,BNJOQKFENDDGSC-UHFFFAOYSA-N,314.5
"Octadecanoic acid, 2,3-bis(acetyloxy)propyl ester",CCCCCCCCCCCCCCCCCC(=O)OCC(COC(=O)C)OC(=O)C,7531,33599-07-4,WSYNAKWAAXYNMW-UHFFFAOYSA-N,442.6
"Octadecanoic acid, 3-hydroxypropyl ester",CCCCCCCCCCCCCCCCCC(=O)OCCCO,16110,10108-23-3,TVFNPSNDNZSCBM-UHFFFAOYSA-N,342.6
"Octadecanoic acid, hydroxy-, monoester with 1,2,3-propanetriol",CCCCCCCCCCCCCCCCC(C(=O)OC(CO)CO)O,2424,1323-42-8,YIDBZTKQBSDQDX-UHFFFAOYSA-N,374.6
Octadecenoic acid,CCCCCCCCCCCCCCC/C=C/C(=O)O,6341,26764-26-1,LKOVPWSSZFDYPG-WUKNDPDISA-N,282.5
"Octadecyl 2,2,2-trifluoroacetate",CCCCCCCCCCCCCCCCCCOC(=O)C(F)(F)F,14069,79392-43-1,YZVKTRPQHJKFOD-UHFFFAOYSA-N,366.5
Octadecyl 2-ethylhexanoate,CCCCCCCCCCCCCCCCCCOC(=O)C(CC)CCCC,10348,59130-70-0,PIUVNPNBPWVVKZ-UHFFFAOYSA-N,396.7
Octadecyl chloroacetate,CCCCCCCCCCCCCCCCCCOC(=O)CCl,9531,5348-82-3,HDNSRULOUMXYKG-UHFFFAOYSA-N,347
Octadecyl isocyanate,CCCCCCCCCCCCCCCCCCN=C=O,1263,112-96-9,QWDQYHPOSSHSAW-UHFFFAOYSA-N,295.5
Octadecyl vinyl ether,CCCCCCCCCCCCCCCCCCOC=C,15566,930-02-9,QJJDJWUCRAPCOL-UHFFFAOYSA-N,296.5
Octadecylamine,CCCCCCCCCCCCCCCCCCN,1984,124-30-1,REYJJPSVUYRZGE-UHFFFAOYSA-N,269.5
Octadecyltrichlorosilane,CCCCCCCCCCCCCCCCCC[Si](Cl)(Cl)Cl,1204,112-04-9,PYJJCSYBSYXGQQ-UHFFFAOYSA-N,387.9
Octaethylcyclotetrasiloxane,CC[Si]1(O[Si](O[Si](O[Si](O1)(CC)CC)(CC)CC)(CC)CC)CC,3155,1451-99-6,XOCOMEGNVMCRMP-UHFFFAOYSA-N,408.8
Octafluoroadiponitrile,C(#N)C(C(C(C(C#N)(F)F)(F)F)(F)F)(F)F,8000,376-53-4,PZIVXXORSILYOQ-UHFFFAOYSA-N,252.06
Octafluorocyclobutane,C1(C(C(C1(F)F)(F)F)(F)F)(F)F,1359,115-25-3,BCCOBQSFUDVTJQ-UHFFFAOYSA-N,200.03
"Octahydro-1H-4,7-methanoinden-5-yl methacrylate",CC(=C)C(=O)OC1CC2CC1C3C2CCC3,7656,34759-34-7,NWAHZAIDMVNENC-UHFFFAOYSA-N,220.31
"Octahydro-1H-4,7-methanoindene-1,5-diyldimethanediyl bisprop-2-enoate",C=CC(=O)OCC1CCC2C1C3CC(C2C3)COC(=O)C=C,8497,42594-17-2,VEBCLRKUSAGCDF-UHFFFAOYSA-N,304.4
Octahydro-2H-1-benzopyran-2-one,C1CCC2C(C1)CCC(=O)O2,8598,4430-31-3,MSFLYJIWLHSQLG-UHFFFAOYSA-N,154.21
"Octahydro-4,7-methano-1H-indenedimethanol",C1CC2CC1C3C2C(C(C3)CO)CO,6125,26160-83-8,CGGMCNLKDXNMLH-UHFFFAOYSA-N,196.29
Octamethylcyclotetrasilazane,C[Si]1(N[Si](N[Si](N[Si](N1)(C)C)(C)C)(C)C)C,304,1020-84-4,FIADVASZMLCQIF-UHFFFAOYSA-N,292.68
Octamethylcyclotetrasiloxane,C[Si]1(O[Si](O[Si](O[Si](O1)(C)C)(C)C)(C)C)C,9841,556-67-2,HMMGMWAXVFQUOA-UHFFFAOYSA-N,296.61
Octamethyltrisiloxane,C[Si](C)(C)O[Si](C)(C)O[Si](C)(C)C,772,107-51-7,CXQXSVUQTKDNFP-UHFFFAOYSA-N,236.53
Octanal,CCCCCCCC=O,1976,124-13-0,NUJGJRNETVAIRJ-UHFFFAOYSA-N,128.21
Octanal,CCCCCCCC=O,6507,27457-18-7,NUJGJRNETVAIRJ-UHFFFAOYSA-N,128.21
Octane,CCCCCCCC,1110,111-65-9,TVMXDCGIABBOFY-UHFFFAOYSA-N,114.23
"Octane, 3-methyl-6-methylene-",CCC(C)CCC(=C)CC,13387,74630-07-2,HXTBXHKSQNOPQS-UHFFFAOYSA-N,140.27
"Octanediamide, N,N'-di-benzoyloxy-",C1=CC=C(C=C1)C(=O)ONC(=O)CCCCCCC(=O)NOC(=O)C2=CC=CC=C2,17552,,PGGKLQYJCJJCSH-UHFFFAOYSA-N,412.4
"Octanethioic acid, S-[3-(triethoxysilyl)propyl] ester",CCCCCCCC(=O)SCCC[Si](OCC)(OCC)OCC,5056,220727-26-4,JPPLPDOXWBVPCW-UHFFFAOYSA-N,364.6
Octanoic Acid,CCCCCCCC(=O)O,1972,124-07-2,WWZKQHOCKIZLMA-UHFFFAOYSA-N,144.21
Octhilinone,CCCCCCCCN1C(=O)C=CS1,6250,26530-20-1,JPMIIZHYYWMHDT-UHFFFAOYSA-N,213.34
Octinoxate,CCCCC(CC)COC(=O)/C=C/C1=CC=C(C=C1)OC,9713,5466-77-3,YBGZDTIWKVFICR-JLHYYAGUSA-N,290.4
Octinoxate,CCCCC(CC)COC(=O)/C=C/C1=CC=C(C=C1)OC,14432,83834-59-7,YBGZDTIWKVFICR-JLHYYAGUSA-N,290.4
Octinoxate,CCCCC(CC)COC(=O)/C=C/C1=CC=C(C=C1)OC,16581,,YBGZDTIWKVFICR-JLHYYAGUSA-N,290.4
Octocrylene,CCCCC(CC)COC(=O)C(=C(C1=CC=CC=C1)C2=CC=CC=C2)C#N,10845,6197-30-4,FMJSMJQBSVNSBF-UHFFFAOYSA-N,361.5
Octrizole,CC(C)(C)CC(C)(C)C1=CC(=C(C=C1)O)N2N=C3C=CC=CC3=N2,1951,123307-21-1,IYAZLDLPUNDVAG-UHFFFAOYSA-N,323.4
Octrizole,CC(C)(C)CC(C)(C)C1=CC(=C(C=C1)O)N2N=C3C=CC=CC3=N2,7226,3147-75-9,IYAZLDLPUNDVAG-UHFFFAOYSA-N,323.4
Octyl 3-mercaptopropionate,CCCCCCCCOC(=O)CCS,12971,71849-93-9,LWNSNYBMYBWJDN-UHFFFAOYSA-N,218.36
Octyl 4-hydroxybenzoate,CCCCCCCCOC(=O)C1=CC=C(C=C1)O,1777,1219-38-1,RIKCMEDSBFQFAL-UHFFFAOYSA-N,250.33
Octyl 5-tert-butyl-3-(5-chloro-2H-benzotriazole-2-yl)-4-hydroxybenzenepropionate,CCCCCCCCOC(=O)CCC1=CC(=C(C(=C1)N2N=C3C=CC(=CC3=N2)Cl)O)C(C)(C)C,14385,83044-89-7,DMFXLIFZVRXRRR-UHFFFAOYSA-N,486
"Octyl 9,10-epoxystearate",CCCCCCCCC1C(O1)CCCCCCCC(=O)OCCCCCCCC,673,106-84-3,FIBARIGPBPUBHC-UHFFFAOYSA-N,410.7
Octyl acetate,CCCCCCCCOC(=O)C,1211,112-14-1,YLYBTZIQSIBWLI-UHFFFAOYSA-N,172.26
Octyl acrylate,CCCCCCCCOC(=O)C=C,5595,2499-59-4,ANISOHQJBAQUQP-UHFFFAOYSA-N,184.27
Octyl benzoate,CCCCCCCCOC(=O)C1=CC=CC=C1,15664,94-50-8,VECVSKFWRQYTAL-UHFFFAOYSA-N,234.33
Octyl butyrate,CCCCCCCCOC(=O)CCC,999,110-39-4,PWLNAUNEAKQYLH-UHFFFAOYSA-N,200.32
Octyl decyl phthalate,CCCCCCCCCCOC(=O)C1=CC=CC=C1C(=O)OCCCCCCCC,1502,119-07-3,LVAGMBHLXLZJKZ-UHFFFAOYSA-N,418.6
Octyl dihydrogen phosphate,CCCCCCCCOP(=O)(O)O,8178,39407-03-9,WRKCIHRWQZQBOL-UHFFFAOYSA-N,210.21
Octyl diphenyl phosphate,CCCCCCCCOP(=O)(OC1=CC=CC=C1)OC2=CC=CC=C2,1370,115-88-8,YAFOVCNAQTZDQB-UHFFFAOYSA-N,362.4
Octyl diphenyl phosphite,CCCCCCCCOP(OC1=CC=CC=C1)OC2=CC=CC=C2,7251,3164-55-4,AXRSHKZFNKUGQB-UHFFFAOYSA-N,346.4
Octyl disulfide,CCCCCCCCSSCCCCCCCC,14325,822-27-5,AROCLDYPZXMJPW-UHFFFAOYSA-N,290.6
Octyl formate,CCCCCCCCOC=O,1222,112-32-3,AVBRYQRTMPHARE-UHFFFAOYSA-N,158.24
Octyl gallate,CCCCCCCCOC(=O)C1=CC(=C(C(=C1)O)O)O,417,1034-01-1,NRPKURNSADTHLJ-UHFFFAOYSA-N,282.33
Octyl methacrylate,CCCCCCCCOC(=O)C(=C)C,4969,2157-01-9,NZIDBRBFGPQCRY-UHFFFAOYSA-N,198.3
Octyl oleate,CCCCCCCC/C=C\CCCCCCCC(=O)OCCCCCCCC,7435,32953-65-4,QTDSLDJPJJBBLE-PFONDFGASA-N,394.7
Octyl palmitate,CCCCCCCCCCCCCCCC(=O)OCCCCCCCC,3970,16958-85-3,OQILCOQZDHPEAZ-UHFFFAOYSA-N,368.6
Octyl phenyl ether,CCCCCCCCOC1=CC=CC=C1,4261,1818-07-1,ZPIRTVJRHUMMOI-UHFFFAOYSA-N,206.32
Octyl prop-1-en-1-yl ethanedioate,CCCCCCCCOC(=O)C(=O)OC=CC,10693,61670-32-4,SHKNOFQDNWWTJR-UHFFFAOYSA-N,242.31
Octyl propionate,CCCCCCCCOC(=O)CC,3024,142-60-9,CEQGYPPMTKWBIU-UHFFFAOYSA-N,186.29
Octyl stearate,CCCCCCCCCCCCCCCCCC(=O)OCCCCCCCC,928,109-36-4,IIGMITQLXAGZTL-UHFFFAOYSA-N,396.7
Octylamine,CCCCCCCCN,1124,111-86-4,IOQPZZOEVPZRBK-UHFFFAOYSA-N,129.24
Octylbenzene,CCCCCCCCC1=CC=CC=C1,5030,2189-60-8,CDKDZKXSXLNROY-UHFFFAOYSA-N,190.32
Octylcyclohexane,CCCCCCCCC1CCCCC1,4209,1795-15-9,FBXWCEKQCVOOLT-UHFFFAOYSA-N,196.37
Octylphosphonic acid,CCCCCCCCP(=O)(O)O,8879,4724-48-5,NJGCRMAPOWGWMW-UHFFFAOYSA-N,194.21
Octyltrichlorosilane,CCCCCCCC[Si](Cl)(Cl)Cl,9454,5283-66-9,RCHUVCPBWWSUMC-UHFFFAOYSA-N,247.7
Oleamide,CCCCCCCC/C=C\CCCCCCCC(=O)N,6972,301-02-0,FATBGEAMYMYZAF-KTKRTIGZSA-N,281.5
Oleamine oxide,CCCCCCCC/C=C\CCCCCCCC[N+](C)(C)[O-],3098,14351-50-9,QCTZUSWOKFCWNB-QXMHVHEDSA-N,311.5
Oleic Acid,CCCCCCCC/C=C\CCCCCCCC(=O)O,1253,112-80-1,ZQPPMHVWECSIRJ-KTKRTIGZSA-N,282.5
Oleic diethanolamide,CCCCCCCC/C=C\CCCCCCCC(=O)N(CCO)CCO,15561,93-83-4,LPMBTLLQQJBUOO-KTKRTIGZSA-N,369.6
Oleonitrile,CCCCCCCC/C=C\CCCCCCCC#N,1260,112-91-4,UIAMCVSNZQYIQS-KTKRTIGZSA-N,263.5
Oleoyl sarcosine,CCCCCCCC/C=C\CCCCCCCC(=O)N(C)CC(=O)O,989,110-25-8,DIOYAVUHUXAUPX-KHPPLWFESA-N,353.5
Oleyl alcohol,CCCCCCCC/C=C\CCCCCCCCO,3080,143-28-2,ALSTYHKOOCGGFT-KTKRTIGZSA-N,268.5
"Oleyl alcohol, trifluoroacetate",CCCCCCCC/C=C\CCCCCCCCOC(=O)C(F)(F)F,17425,,FLDNEOWDJOPXSX-KTKRTIGZSA-N,364.5
Oleyl chloride,CCCCCCCC/C=C\CCCCCCCCCl,3852,16507-61-2,IFABLCIRROMTAN-KTKRTIGZSA-N,286.9
Oleyl hydroxyethyl imidazoline,CCCCCCCC/C=C\CCCCCCCC1=NCCN1CCO,4988,21652-27-7,WGTDLPBPQKAPMN-KTKRTIGZSA-N,350.6
Oleyl laurate,CCCCCCCCCCCC(=O)OCCCCCCCC/C=C\CCCCCCCC,4510,19149-85-0,UGHVFDVVZRNMHY-NXVVXOECSA-N,450.8
Oleylamine,CCCCCCCC/C=C\CCCCCCCCN,1259,112-90-3,QGLWBTPVKHMVHM-KTKRTIGZSA-N,267.5
Ophiohayatone C,C1=CC=C2C(=C1)C(=O)C3=CC(=C(C=C3C2=O)O)C(=O)O,14450,84-33-3,BLCNBYUENJBFPA-UHFFFAOYSA-N,268.22
Orcinol,CC1=CC(=CC(=C1)O)O,9070,504-15-4,OIPPWFOQEKKFEE-UHFFFAOYSA-N,124.14
Oxacyclohexadecan-2-one,C1CCCCCCCOC(=O)CCCCCC1,631,106-02-5,FKUPPRZPSYCDRS-UHFFFAOYSA-N,240.38
Oxacyclotridecan-2-one,C1CCCCCC(=O)OCCCCC1,15727,947-05-7,DQGSJTVMODPFBK-UHFFFAOYSA-N,198.3
"Oxacycloundecane-2,11-dione",C1CCCCC(=O)OC(=O)CCC1,5926,2561-88-8,YOURXVGYNVXQKT-UHFFFAOYSA-N,184.23
Oxalacetic acid,C(C(=O)C(=O)O)C(=O)O,7416,328-42-7,KHPXUQMNIQBQEV-UHFFFAOYSA-N,132.07
Oxalic Acid,C(=O)(C(=O)O)O,3118,144-62-7,MUBZPKHOEPUJKR-UHFFFAOYSA-N,90.03
"Oxalic acid, allyl dodecyl ester",CCCCCCCCCCCCOC(=O)C(=O)OCC=C,15862,959312-46-0,APQUCTNZGJQJQG-UHFFFAOYSA-N,298.4
"Oxalic acid, bis(benzylidenehydrazide)",C1=CC=C(C=C1)/C=N/NC(=O)C(=O)N/N=C/C2=CC=CC=C2,11666,6629-10-3,GTIBACHAUHDNPH-JYFOCSDGSA-N,294.31
Oxamic hydrazide,C(=O)(C(=O)NN)N,9238,515-96-8,MOKRDWKSHLLYKM-UHFFFAOYSA-N,103.08
"Oxazolidine, 3,3'-methylenebis[5-methyl-",CC1CN(CO1)CN2CC(OC2)C,11655,66204-44-2,BNKGKERDFRIJPU-UHFFFAOYSA-N,186.25
Oxazoline,C1COC=N1,9075,504-77-8,IMSODMZESSGVBE-UHFFFAOYSA-N,71.08
"Oxecane-2,10-dione",C1CCCC(=O)OC(=O)CCC1,8427,4196-95-6,LJAGLQVRUZWQGK-UHFFFAOYSA-N,170.21
"Oxepane-2,7-dione",C1CCC(=O)OC(=O)C1,4731,2035-75-8,JPSKCQCQZUGWNM-UHFFFAOYSA-N,128.13
"Oxetane, 3,3'-[oxybis(methylene)]bis[3-ethyl-",CCC1(COC1)COCC2(COC2)CC,4472,18934-00-4,FNYWFRSQRHGKJT-UHFFFAOYSA-N,214.3
"Oxime-, methoxy-phenyl-_",CO/C(=N\O)/C1=CC=CC=C1,11737,67160-14-9,HUYDCTLGGLCUTE-HJWRWDBZSA-N,151.16
"Oxirane, 2,2',2''-[ethylidynetris(4,1-phenyleneoxymethylene)]tris-",CC(C1=CC=C(C=C1)OCC2CO2)(C3=CC=C(C=C3)OCC4CO4)C5=CC=C(C=C5)OCC6CO6,14810,87093-13-8,TUXBECXCUZWDPY-UHFFFAOYSA-N,474.5
"Oxirane, 2,2'-(methylenebis((2,6-dimethyl-4,1-phenylene)oxymethylene))bis-",CC1=CC(=CC(=C1OCC2CO2)C)CC3=CC(=C(C(=C3)C)OCC4CO4)C,15617,93705-66-9,DYCOQZIBHVOFLQ-UHFFFAOYSA-N,368.5
"Oxirane, 2,2'-[1,6-naphthalenediylbis(oxymethylene)]bis-",C1C(O1)COC2=CC3=C(C=C2)C(=CC=C3)OCC4CO4,6542,27610-48-6,MEVBAGCIOOTPLF-UHFFFAOYSA-N,272.29
"Oxirane, 2,2'-[9H-fluoren-9-ylidenebis(4,1-phenyleneoxymethylene)]bis-",C1C(O1)COC2=CC=C(C=C2)C3(C4=CC=CC=C4C5=CC=CC=C53)C6=CC=C(C=C6)OCC7CO7,8909,47758-37-2,LCSAOPVSVLGDLE-UHFFFAOYSA-N,462.5
"Oxirane, 2,2'-[cyclohexylidenebis(4,1-phenyleneoxymethylene)]bis-",C1CCC(CC1)(C2=CC=C(C=C2)OCC3CO3)C4=CC=C(C=C4)OCC5CO5,2616,13446-84-9,VDPPRCNXURRGQC-UHFFFAOYSA-N,380.5
"Oxirane, 2,2'-[methylenebis(2,1-phenyleneoxymethylene)]bis-",C1C(O1)COC2=CC=CC=C2CC3=CC=CC=C3OCC4CO4,8219,39817-09-9,FIJSKXFJFGTBRV-UHFFFAOYSA-N,312.4
"Oxirane, 2,2-difluoro-3,3-bis(trifluoromethyl)-",C1(C(O1)(F)F)(C(F)(F)F)C(F)(F)F,12802,707-13-1,PLDYTCVFPKKAJR-UHFFFAOYSA-N,216.03
Oxybenzone,COC1=CC(=C(C=C1)C(=O)C2=CC=CC=C2)O,2285,131-57-7,DXGLGDHPHMLXJC-UHFFFAOYSA-N,228.24
"Oxybis(methyl-2,1-ethanediyl) diacrylate",CC(COCC(C)OC(=O)C=C)OC(=O)C=C,14724,85996-31-2,RNJVAUBBYGWVBF-UHFFFAOYSA-N,242.27
Oxydipropyl dibenzoate,CC(COCC(C)OC(=O)C1=CC=CC=C1)OC(=O)C2=CC=CC=C2,6433,27138-31-4,IZYUWBATGXUSIK-UHFFFAOYSA-N,342.4
Oxydipropyl dibenzoate,CC(COCC(C)OC(=O)C1=CC=CC=C1)OC(=O)C2=CC=CC=C2,15652,94-03-1,IZYUWBATGXUSIK-UHFFFAOYSA-N,342.4
Oxyquinoline,C1=CC2=C(C(=C1)O)N=CC=C2,3262,148-24-3,MCJGNVYPOGVAJF-UHFFFAOYSA-N,145.16
"p,p'-DDD",C1=CC(=CC=C1C(C2=CC=C(C=C2)Cl)C(Cl)Cl)Cl,12996,72-54-8,AHJKRLASYNVKDZ-UHFFFAOYSA-N,320
"p,p'-DDE",C1=CC(=CC=C1C(=C(Cl)Cl)C2=CC=C(C=C2)Cl)Cl,12997,72-55-9,UCNVFOCBFJOQAL-UHFFFAOYSA-N,318
"p,p'-Methoxychlor olefin",COC1=CC=C(C=C1)C(=C(Cl)Cl)C2=CC=C(C=C2)OC,4927,2132-70-9,YCRYSVKEWAWTGI-UHFFFAOYSA-N,309.2
"p-(1,1-Dimethylheptyl)phenol",CCCCCCC(C)(C)C1=CC=C(C=C1)O,7119,30784-30-6,IJWXCYSPVNCDMA-UHFFFAOYSA-N,220.35
P-(1-Methyloctyl)phenol,CCCCCCCC(C)C1=CC=C(C=C1)O,4095,17404-66-9,VFONHVBSRNKIAY-UHFFFAOYSA-N,220.35
p-(t-Butyl)phenethyldimethylchlorosilane,CC(C)(C)C1=CC=C(C=C1)CC[Si](C)(C)Cl,15598,93502-75-1,YHAOQDUDNXJPIG-UHFFFAOYSA-N,254.87
p-[[p-(Phenylazo)phenyl]azo]phenol,C1=CC=C(C=C1)N=NC2=CC=C(C=C2)N=NC3=CC=C(C=C3)O,10969,6250-23-3,RTZYVAQWQXPIAC-UHFFFAOYSA-N,302.3
p-Aminophenol,C1=CC(=CC=C1N)O,1912,123-30-8,PLIKAWJENQZMHA-UHFFFAOYSA-N,109.13
p-Anisaldehyde,COC1=CC=C(C=C1)C=O,1903,123-11-5,ZRSNZINYAWTAHE-UHFFFAOYSA-N,136.15
p-Anisidine,COC1=CC=C(C=C1)N,506,104-94-9,BHAAPTBBJKJZER-UHFFFAOYSA-N,123.15
p-Bis(hydroperoxyisopropyl)benzene,CC(C)(C1=CC=C(C=C1)C(C)(C)OO)OO,7247,3159-98-6,REGMWDPZVFOJLY-UHFFFAOYSA-N,226.27
p-Coumaric acid,C1=CC(=CC=C1/C=C/C(=O)O)O,13239,7400-08-0,NGSWKAQJJWESNS-ZZXKWVIFSA-N,164.16
p-Coumaryl alcohol,C1=CC(=CC=C1/C=C/CO)O,7902,3690-05-9,PTNLHDGQWUGONS-OWOJBTEDSA-N,150.17
P-Cresol,CC1=CC=C(C=C1)O,654,106-44-5,IWDCLRJOBJJRNH-UHFFFAOYSA-N,108.14
p-CYMENE,CC1=CC=C(C=C1)C(C)C,16056,99-87-6,HFPZCAJZSCWRBC-UHFFFAOYSA-N,134.22
p-Isopropoxydiphenylamine,CC(C)OC1=CC=C(C=C1)NC2=CC=CC=C2,167,101-73-5,CVVFFUKULYKOJR-UHFFFAOYSA-N,227.3
p-Menth-1-en-9-ol,CC1=CCC(CC1)C(C)CO,4340,18479-68-0,ZTYHGIAOVUPAAH-UHFFFAOYSA-N,154.25
P-Menth-1-en-9-yl acetate,CC1=CCC(CC1)C(C)COC(=O)C,6768,28839-13-6,QUHIXSUMNSRNNP-UHFFFAOYSA-N,196.29
p-Menth-3-en-1-ol,CC(C)C1=CCC(CC1)(C)O,10266,586-82-3,XJWZDXFFNOMMTD-UHFFFAOYSA-N,154.25
"p-Mentha-1,3,8-triene",CC1=CC=C(CC1)C(=C)C,4314,18368-95-1,XNMPFDIYAMOYRM-UHFFFAOYSA-N,134.22
p-Menthan-3-one,CC1CCC(C(=O)C1)C(C)C,529,10458-14-7,NFLGAXVYCFJBMK-UHFFFAOYSA-N,154.25
p-Menthan-8-yl acetate,CC1CCC(CC1)C(C)(C)OC(=O)C,10306,58985-18-5,HBNHCGDYYBMKJN-UHFFFAOYSA-N,198.3
p-Menthane,CC1CCC(CC1)C(C)C,10538,6069-98-3,CFJYNSNXFXLKNS-UHFFFAOYSA-N,140.27
p-Menthane,CC1CCC(CC1)C(C)C,16051,99-82-1,CFJYNSNXFXLKNS-UHFFFAOYSA-N,140.27
p-Menthane hydroperoxide,CC1CCC(CC1)C(C)(C)OO,14100,80-47-7,XSZYESUNPWGWFQ-UHFFFAOYSA-N,172.26
"p-Menthane, 1,2:3,4-diepoxy-",CC(C)C12CCC3(C(C1O2)O3)C,4208,17948-59-3,LEZWCCRTFNBOBU-UHFFFAOYSA-N,168.23
p-Phenylenediamine,C1=CC(=CC=C1N)N,658,106-50-3,CBCKQZAAMUWICA-UHFFFAOYSA-N,108.14
p-Terphenyl,C1=CC=C(C=C1)C2=CC=C(C=C2)C3=CC=CC=C3,15462,92-94-4,XJKSTNDFUHDPQJ-UHFFFAOYSA-N,230.3
p-tert-Butylphenetole,CCOC1=CC=C(C=C1)C(C)(C)C,4037,17269-94-2,RMSGBIDKBWPHMJ-UHFFFAOYSA-N,178.27
p-tert-Butylphenyl diphenyl phosphate,CC(C)(C)C1=CC=C(C=C1)OP(=O)(OC2=CC=CC=C2)OC3=CC=CC=C3,16021,981-40-8,ULGAVXUJJBOWOD-UHFFFAOYSA-N,382.4
p-tert-Butylphenyl glycidyl ether,CC(C)(C)C1=CC=C(C=C1)OCC2CO2,7166,3101-60-8,HHRACYLRBOUBKM-UHFFFAOYSA-N,206.28
p-Tert-butylpivalophenone,CC(C)(C)C1=CC=C(C=C1)C(=O)C(C)(C)C,5159,22583-66-0,ZISXBXYWRHTLEN-UHFFFAOYSA-N,218.33
P-Toluenesulfinic acid,CC1=CC=C(C=C1)S(=O)O,9547,536-57-2,FXJVNINSOKCNJP-UHFFFAOYSA-N,156.2
P-Toluenesulfonamide,CC1=CC=C(C=C1)S(=O)(=O)N,12702,70-55-3,LMYRWZFENFIFIT-UHFFFAOYSA-N,171.22
p-Toluenesulfonic acid,CC1=CC=C(C=C1)S(=O)(=O)O,483,104-15-4,JOXIMZWYDAKGHI-UHFFFAOYSA-N,172.2
"p-Toluenesulfonic acid, isopropylidenehydrazide",CC1=CC=C(C=C1)S(=O)(=O)NN=C(C)C,8137,3900-79-6,XJXJLURHJAVZJI-UHFFFAOYSA-N,226.3
P-Toluenesulfonyl chloride,CC1=CC=C(C=C1)S(=O)(=O)Cl,16002,98-59-9,YYROPELSRYBVMQ-UHFFFAOYSA-N,190.65
p-Toluidine,CC1=CC=C(C=C1)N,657,106-49-0,RZXMPPFPUUCRFN-UHFFFAOYSA-N,107.15
p-Tolyl benzoate,CC1=CC=C(C=C1)OC(=O)C2=CC=CC=C2,10642,614-34-6,LLRZUDIHEZXFGV-UHFFFAOYSA-N,212.24
p-Tolyl disulfide,CC1=CC=C(C=C1)SSC2=CC=C(C=C2)C,370,103-19-5,TZOVOULUMXXLOJ-UHFFFAOYSA-N,246.4
p-Tolyl ether,CC1=CC=C(C=C1)OC2=CC=C(C=C2)C,3592,1579-40-4,YWYHGNUFMPSTTR-UHFFFAOYSA-N,198.26
p-Vinylphenyl isothiocyanate,C=CC1=CC=C(C=C1)N=C=S,3393,1520-20-3,VLYLPZIBVLBOLH-UHFFFAOYSA-N,161.23
P-Xylene,CC1=CC=C(C=C1)C,652,106-42-3,URLKBWYHVLBVBO-UHFFFAOYSA-N,106.16
Padimate O,CCCCC(CC)COC(=O)C1=CC=C(C=C1)N(C)C,4910,21245-02-3,WYWZRNAHINYAEF-UHFFFAOYSA-N,277.4
Palmitic Acid,CCCCCCCCCCCCCCCC(=O)O,10042,57-10-3,IPCSVZSSVZVIGE-UHFFFAOYSA-N,256.42
Palmitoleic Acid,CCCCCC/C=C\CCCCCCCC(=O)O,7955,373-49-9,SECPZKHBENQXJG-FPLPWBNLSA-N,254.41
Palmitoyl chloride,CCCCCCCCCCCCCCCC(=O)Cl,1246,112-67-4,ARBOVOVUTSQWSS-UHFFFAOYSA-N,274.9
Palmitoylethanolamide,CCCCCCCCCCCCCCCC(=O)NCCO,9667,544-31-0,HXYVTAGFYLMHSO-UHFFFAOYSA-N,299.5
Palmitylstearylamine,CCCCCCCCCCCCCCCCCCNCCCCCCCCCCCCCCCC,8764,45310-14-3,YPMXMXFOJOBIKQ-UHFFFAOYSA-N,493.9
Papaveroline,C1=CC(=C(C=C1CC2=NC=CC3=CC(=C(C=C32)O)O)O)O,10106,574-77-6,MXQKCNCLQIHHJA-UHFFFAOYSA-N,283.28
Para Red,C1=CC=C2C(=C1)C=CC(=C2N=NC3=CC=C(C=C3)[N+](=O)[O-])O,11271,6410-10-2,WOTPFVNWMLFMFW-UHFFFAOYSA-N,293.28
Paraclox,C1=CC(=CC=C1C(=O)/C(=N\O)/Cl)O,7673,34911-46-1,YHOOPWNLHRKWEM-CSKARUKUSA-N,199.59
Paraldehyde,CC1OC(OC(O1)C)C,1925,123-63-7,SQYNKIJPMDEDEG-UHFFFAOYSA-N,132.16
Parathion,CCOP(=S)(OCC)OC1=CC=C(C=C1)[N+](=O)[O-],9911,56-38-2,LCCNCVORNKJIRZ-UHFFFAOYSA-N,291.26
Parylene F dimer,C1CC2=C(C(=C(CCC3=C(C(=C1C(=C3F)F)F)F)C(=C2F)F)F)F,4194,1785-64-4,GUHKMHMGKKRFDT-UHFFFAOYSA-N,352.22
Patchoulane,CC1CCC23C1CC(C2(C)C)CCC3C,5882,25491-20-7,MVZZUMCHPFHUOS-UHFFFAOYSA-N,206.37
Patchouli alcohol,C[C@H]1CC[C@@]2([C@@]3([C@H]1C[C@H](C2(C)C)CC3)C)O,10441,5986-55-0,GGHMUJBZYLPWFD-CUZKYEQNSA-N,222.37
Paullinic acid,CCCCCC/C=C\CCCCCCCCCCCC(=O)O,4171,17735-94-3,URXZXNYJPAJJOQ-FPLPWBNLSA-N,310.5
PEG-3 stearamine,CCCCCCCCCCCCCCCCCCN(CCO)CCOCCO,10694,61670-56-2,ODBCUKKSMRQNCL-UHFFFAOYSA-N,401.7
Pentabromobenzene,C1=C(C(=C(C(=C1Br)Br)Br)Br)Br,10551,608-90-2,LLVVSBBXENOOQY-UHFFFAOYSA-N,472.59
Pentabromophenol,C1(=C(C(=C(C(=C1Br)Br)Br)Br)Br)O,10550,608-71-9,SVHOVVJFOWGYJO-UHFFFAOYSA-N,488.59
Pentachloroaniline,C1(=C(C(=C(C(=C1Cl)Cl)Cl)Cl)Cl)N,9426,527-20-8,KHCZSJXTDDHLGJ-UHFFFAOYSA-N,265.3
Pentachloroanisole,COC1=C(C(=C(C(=C1Cl)Cl)Cl)Cl)Cl,4284,1825-21-4,BBABSCYTNHOKOG-UHFFFAOYSA-N,280.4
Pentachlorobenzene,C1=C(C(=C(C(=C1Cl)Cl)Cl)Cl)Cl,10552,608-93-5,CEOCDNVZRAIOQZ-UHFFFAOYSA-N,250.3
Pentachlorobutadiene,C(=C(Cl)Cl)C(=C(Cl)Cl)Cl,4936,21400-41-9,WVFBDVFCOCLEFM-UHFFFAOYSA-N,226.3
Pentachloroethane,C(C(Cl)(Cl)Cl)(Cl)Cl,13580,76-01-7,BNIXVQGCZULYKV-UHFFFAOYSA-N,202.3
Pentachlorophenol,C1(=C(C(=C(C(=C1Cl)Cl)Cl)Cl)Cl)O,14796,87-86-5,IZUPBVBPLAPZRR-UHFFFAOYSA-N,266.3
Pentachloropyridine,C1(=C(C(=NC(=C1Cl)Cl)Cl)Cl)Cl,5009,2176-62-7,DNDPLEAVNVOOQZ-UHFFFAOYSA-N,251.3
Pentachlorothiophenol,C1(=C(C(=C(C(=C1Cl)Cl)Cl)Cl)Cl)S,2481,133-49-3,LLMLGZUZTFMXSA-UHFFFAOYSA-N,282.4
Pentacosanal,CCCCCCCCCCCCCCCCCCCCCCCCC=O,10201,58196-28-4,HAGKFWXVDSAFHB-UHFFFAOYSA-N,366.7
Pentacosane,CCCCCCCCCCCCCCCCCCCCCCCCC,11050,629-99-2,YKNWIILGEFFOPE-UHFFFAOYSA-N,352.7
"Pentacosane, 13-phenyl-",CCCCCCCCCCCCC(CCCCCCCCCCCC)C1=CC=CC=C1,10477,6006-90-2,FARZSOUCOJBKMW-UHFFFAOYSA-N,428.8
Pentadecanal,CCCCCCCCCCCCCCC=O,6549,2765-11-9,XGQJZNCFDLXSIJ-UHFFFAOYSA-N,226.4
Pentadecanamide,CCCCCCCCCCCCCCC(=O)N,8079,3843-51-4,RQGCQWARLQDMCZ-UHFFFAOYSA-N,241.41
Pentadecane,CCCCCCCCCCCCCCC,11032,629-62-9,YCOZIPAWZNQLMR-UHFFFAOYSA-N,212.41
"Pentadecane, 6-methyl-",CCCCCCCCCC(C)CCCCC,198,10105-38-1,UMXMOZNTPRNNMS-UHFFFAOYSA-N,226.44
"Pentadecane, 8-hexyl-",CCCCCCCC(CCCCCC)CCCCCCC,2648,13475-75-7,FASYBMUJVAMAFB-UHFFFAOYSA-N,296.6
Pentadecanenitrile,CCCCCCCCCCCCCCC#N,4306,18300-91-9,KRKQHNVYOWTEQO-UHFFFAOYSA-N,223.4
Pentadecanoic acid,CCCCCCCCCCCCCCC(=O)O,57,1002-84-2,WQEPLUUGTLDZJY-UHFFFAOYSA-N,242.4
Pentadecylcyclohexane,CCCCCCCCCCCCCCCC1CCCCC1,10478,6006-95-7,ZNUABQHWFGTOCO-UHFFFAOYSA-N,294.6
Pentaerythritol,C(C(CO)(CO)CO)O,1365,115-77-5,WXZMFSXDPGVJKK-UHFFFAOYSA-N,136.15
"Pentaerythritol 3,5-di-tert-butyl-4-hydroxyhydrocinnamate",CC(C)(C)C1=CC(=CC(=C1O)C(C)(C)C)CCC(=O)OCC(CO)(CO)CO,6186,26347-98-8,RQYISMPLEFNMLU-UHFFFAOYSA-N,396.5
Pentaerythritol monostearate,CCCCCCCCCCCCCCCCCC(=O)OCC(CO)(CO)CO,13953,78-23-9,TXQVDVNAKHFQPP-UHFFFAOYSA-N,402.6
Pentaerythritol monostearate,CCCCCCCCCCCCCCCCCC(=O)OCC(CO)(CO)CO,14220,8045-34-9,TXQVDVNAKHFQPP-UHFFFAOYSA-N,402.6
Pentaerythritol tetraacetate,CC(=O)OCC(COC(=O)C)(COC(=O)C)COC(=O)C,10413,597-71-7,OUHCZCFQVONTOC-UHFFFAOYSA-N,304.29
Pentaerythritol tetraacrylate,C=CC(=O)OCC(COC(=O)C=C)(COC(=O)C=C)COC(=O)C=C,9011,4986-89-4,KNSXNCFKSZZHEA-UHFFFAOYSA-N,352.3
Pentaerythritol tetrakis(2-mercaptoacetate),C(C(=O)OCC(COC(=O)CS)(COC(=O)CS)COC(=O)CS)S,269,10193-99-4,RUDUCNPHDIMQCY-UHFFFAOYSA-N,432.6
Pentaerythritol tetrakis(3-mercaptopropionate),C(CS)C(=O)OCC(COC(=O)CCS)(COC(=O)CCS)COC(=O)CCS,13563,7575-23-7,JOBBTVPTPXRUBP-UHFFFAOYSA-N,488.7
Pentaerythritol tetravalerate,CCCCC(=O)OCC(COC(=O)CCCC)(COC(=O)CCCC)COC(=O)CCCC,3602,15834-04-5,ZQYCVIGMGPFQQS-UHFFFAOYSA-N,472.6
Pentaerythritol triacrylate,C=CC(=O)OCC(CO)(COC(=O)C=C)COC(=O)C=C,7707,3524-68-3,HVVWZTWDBSEWIH-UHFFFAOYSA-N,298.29
Pentaerythritol triallyl ether,C=CCOCC(CO)(COCC=C)COCC=C,3215,1471-17-6,FYRWKWGEFZTOQI-UHFFFAOYSA-N,256.34
Pentaethylene glycol,C(COCCOCCOCCOCCO)O,8915,4792-15-8,JLFNLZLINWHATN-UHFFFAOYSA-N,238.28
Pentaethylenehexamine,C(CNCCNCCNCCNCCN)N,8288,4067-16-7,LSHROXHEILXKHM-UHFFFAOYSA-N,232.37
"Pentafluoro(1,2,2-trifluoro-2-((trifluorovinyl)oxy)-1-(trifluoromethyl)ethoxy)benzene",C1(=C(C(=C(C(=C1F)F)F)F)F)OC(C(OC(=C(F)F)F)(F)F)(C(F)(F)F)F,5460,24520-19-2,QYMQYPBAGDZNMY-UHFFFAOYSA-N,430.09
Pentafluoroethane,C(C(F)(F)F)(F)F,7725,354-33-6,GTLACDSXYULKMZ-UHFFFAOYSA-N,120.02
Pentafluoroethanesulfonic acid,C(C(F)(F)S(=O)(=O)O)(F)(F)F,7727,354-88-1,GKNWQHIXXANPTN-UHFFFAOYSA-N,200.09
Pentafluoroethyl trifluorovinyl ether,C(=C(F)F)(OC(C(F)(F)F)(F)F)F,551,10493-43-3,GWTYBAOENKSFAY-UHFFFAOYSA-N,216.03
Pentafluoroiodoethane,C(C(F)(F)I)(F)(F)F,7726,354-64-3,UXPOJVLZTPGWFX-UHFFFAOYSA-N,245.92
Pentafluorophenyl acrylate,C=CC(=O)OC1=C(C(=C(C(=C1F)F)F)F)F,12895,71195-85-2,RFOWDPMCXHVGET-UHFFFAOYSA-N,238.11
Pentafluorophenyl methacrylate,CC(=C)C(=O)OC1=C(C(=C(C(=C1F)F)F)F)F,2735,13642-97-2,NIJWSVFNELSKMF-UHFFFAOYSA-N,252.14
Pentamethylbenzene,CC1=CC(=C(C(=C1C)C)C)C,12703,700-12-9,BEZDDPMMPIDMGJ-UHFFFAOYSA-N,148.24
Pentamethylbenzoic acid,CC1=C(C(=C(C(=C1C)C)C(=O)O)C)C,5134,2243-32-5,MNLKGWIYXCKWBU-UHFFFAOYSA-N,192.25
Pentanamide,CCCCC(=O)N,10984,626-97-1,IPWFJLQDVFKJDU-UHFFFAOYSA-N,101.15
"Pentanamide, 5-cyano-",C(CCC(=O)N)CC#N,5213,2304-58-7,XZUDGZXKOFPLBC-UHFFFAOYSA-N,126.16
Pentane,CCCCC,940,109-66-0,OFBQJSOFQDEBGM-UHFFFAOYSA-N,72.15
"Pentanedioic acid, bis((4-((ethenyloxy)methyl)cyclohexyl)methyl) ester",C=COCC1CCC(CC1)COC(=O)CCCC(=O)OCC2CCC(CC2)COC=C,2303,131132-77-9,SDNBHBGJJPWRJG-UHFFFAOYSA-N,436.6
"Pentanedioic acid, didecyl ester",CCCCCCCCCCOC(=O)CCCC(=O)OCCCCCCCCCC,7819,3634-94-4,FFPZYKQFAKXVSW-UHFFFAOYSA-N,412.6
"Pentanoic acid, 2,2,4-trimethyl-3-carboxyisopropyl, isobutyl ester",CC(C)COC(=O)C(C)(C)C(C(C)C)C(=O)OC(C)C,17811,,JIYRKVLLOCBJHR-UHFFFAOYSA-N,286.41
"Pentanoic acid, 2,2,4-trimethyl-3-hydroxy-, isobutyl ester",CC(C)COC(=O)C(C)(C)C(C(C)C)O,5437,244074-78-0,JKGWJYJTOABBAJ-UHFFFAOYSA-N,216.32
Pentatriacontane,CCCCCCCCCCCCCCCCCCCCCCCCCCCCCCCCCCC,11067,630-07-9,VHQQPFLOGSTQPC-UHFFFAOYSA-N,492.9
Pentetic Acid,C(CN(CC(=O)O)CC(=O)O)N(CCN(CC(=O)O)CC(=O)O)CC(=O)O,11714,67-43-6,QPCDCPDFJACHGM-UHFFFAOYSA-N,393.35
Pentyl acetate,CCCCCOC(=O)C,11008,628-63-7,PGMYKACGEOXYJE-UHFFFAOYSA-N,130.18
Pentyl butyrate,CCCCCOC(=O)CCC,9595,540-18-1,CFNJLPHOBMVMNS-UHFFFAOYSA-N,158.24
Pentyl propionate,CCCCCOC(=O)CC,10952,624-54-4,TWSRVQVEYJNFKQ-UHFFFAOYSA-N,144.21
Pentylbenzene,CCCCCC1=CC=CC=C1,9559,538-68-1,PWATWSYOIIXYMA-UHFFFAOYSA-N,148.24
Pentylcyclohexane,CCCCCC1CCCCC1,8528,4292-92-6,HLTMUYBTNSVOFY-UHFFFAOYSA-N,154.29
Pentylcyclopentane,CCCCCC1CCCC1,7978,3741-00-2,HPQURZRDYMUHJI-UHFFFAOYSA-N,140.27
Pentyltrichlorosilane,CCCCC[Si](Cl)(Cl)Cl,778,107-72-2,KWDQAHIRKOXFAV-UHFFFAOYSA-N,205.6
Pentyltriethoxysilane,CCCCC[Si](OCC)(OCC)OCC,6540,2761-24-2,FHVAUDREWWXPRW-UHFFFAOYSA-N,234.41
Peracetic Acid,CC(=O)OO,14036,79-21-0,KFSLWBXXFJQRDL-UHFFFAOYSA-N,76.05
Perbutyl MA,CC(C)(C)OOC(=O)C1=CC=CC=C1C(=O)OOC(C)(C)C,4957,2155-71-7,QZYRMODBFHTNHF-UHFFFAOYSA-N,310.34
"Perfluoro(4-methyl-3,6-dioxaoct-7-ene)sulfonyl fluoride",C(=C(F)F)(OC(C(C(F)(F)F)(OC(C(F)(F)S(=O)(=O)F)(F)F)F)(F)F)F,3693,16090-14-5,KTCQQCLZUOZFEI-UHFFFAOYSA-N,446.12
Perfluoro(4-methylpent-2-ene),C(=C(/C(F)(F)F)\F)(\C(C(F)(F)F)(C(F)(F)F)F)/F,7913,3709-71-5,SAPOZTRFWJZUFT-OWOJBTEDSA-N,300.04
"Perfluoro-1,2-epoxycyclobutane",C12(C(O1)(C(C2(F)F)(F)F)F)F,2500,13324-28-2,OIAVJQSVVHMJHE-UHFFFAOYSA-N,178.03
Perfluoro-1-oxaspiro[2.3]hexane,C12(C(C(C1(F)F)(F)F)(F)F)C(O2)(F)F,9515,53389-66-5,JVCXYVODGWWIOV-UHFFFAOYSA-N,228.04
"Perfluoro-2,2'-(1,2-ethanediyl)bis-oxirane",C1(C(O1)(F)F)(C(C(C2(C(O2)(F)F)F)(F)F)(F)F)F,2941,140173-03-1,UTEGYLJVQXSTIH-UHFFFAOYSA-N,294.05
"Perfluoro-2,2'-butane-1,4-diylbis(oxirane)",C1(C(O1)(F)F)(C(C(C(C(C2(C(O2)(F)F)F)(F)F)(F)F)(F)F)(F)F)F,2774,13714-88-0,KUYLGGIQLBBOOJ-UHFFFAOYSA-N,394.06
Perfluoro-2-(3-methoxypropyl)oxirane,C1(C(O1)(F)F)(C(C(C(OC(F)(F)F)(F)F)(F)F)(F)F)F,12979,71877-16-2,HQRZVUSNOWHPGL-UHFFFAOYSA-N,332.04
Perfluoro-2-(hex-5-en-1-yl)oxirane,C(=C(F)F)(C(C(C(C(C1(C(O1)(F)F)F)(F)F)(F)F)(F)F)(F)F)F,13035,72264-78-9,MLTKFTOZVPXXNE-UHFFFAOYSA-N,378.06
Perfluoro-2-(phenoxymethyl)oxirane,C1(=C(C(=C(C(=C1F)F)F)F)F)OC(C2(C(O2)(F)F)F)(F)F,14492,84329-68-0,MNUGJPVDFUAQFZ-UHFFFAOYSA-N,330.08
"Perfluoro-2-methyl-2,3-di(propan-2-yl)oxirane",C1(C(O1)(C(C(F)(F)F)(C(F)(F)F)F)F)(C(C(F)(F)F)(C(F)(F)F)F)C(F)(F)F,5271,2355-27-3,VAVDAKXAYJCHRZ-UHFFFAOYSA-N,466.07
Perfluoro-2-{[(propan-2-yl)oxy]methyl}oxirane,C1(C(O1)(F)F)(C(OC(C(F)(F)F)(C(F)(F)F)F)(F)F)F,14498,84424-45-3,NJWINAKTEYVLBA-UHFFFAOYSA-N,332.04
Perfluoro-3-(oxiran-2-yl)propanoyl fluoride,C(=O)(C(C(C1(C(O1)(F)F)F)(F)F)(F)F)F,2942,140173-04-2,LQZMTWGRXNIZMD-UHFFFAOYSA-N,244.04
Perfluoro-p-terphenyl,C1(=C(C(=C(C(=C1F)F)C2=C(C(=C(C(=C2F)F)F)F)F)F)F)C3=C(C(=C(C(=C3F)F)F)F)F,6970,3008-31-9,OZQSEPKJIUMPRU-UHFFFAOYSA-N,482.2
Perfluorobutanesulfonic acid,C(C(C(F)(F)S(=O)(=O)O)(F)F)(C(F)(F)F)(F)F,7988,375-73-5,JGTNAGYHADQMCM-UHFFFAOYSA-N,300.1
Perfluorobutyl iodide,C(C(C(F)(F)I)(F)F)(C(F)(F)F)(F)F,8469,423-39-2,PGRFXXCKHGIFSV-UHFFFAOYSA-N,345.93
Perfluorobutylsulphonamide,C(C(C(F)(F)S(=O)(=O)N)(F)F)(C(F)(F)F)(F)F,7015,30334-69-1,FUVKFLJWBHVMHX-UHFFFAOYSA-N,299.12
Perfluoroglutaronitrile,C(#N)C(C(C(C#N)(F)F)(F)F)(F)F,8002,376-89-6,YDLOFKOZJGMQBZ-UHFFFAOYSA-N,202.06
Perfluoroheptanesulfonic acid,C(C(C(C(F)(F)F)(F)F)(F)F)(C(C(C(F)(F)S(=O)(=O)O)(F)F)(F)F)(F)F,7990,375-92-8,OYGQVDSRYXATEL-UHFFFAOYSA-N,450.12
Perfluoroheptanoic acid,C(=O)(C(C(C(C(C(C(F)(F)F)(F)F)(F)F)(F)F)(F)F)(F)F)O,7989,375-85-9,ZWBAMYVPMDSJGQ-UHFFFAOYSA-N,364.06
Perfluorohexanesulfonamide,C(C(C(C(F)(F)S(=O)(=O)N)(F)F)(F)F)(C(C(F)(F)F)(F)F)(F)F,8435,41997-13-1,WDZLGCSJJWEQJO-UHFFFAOYSA-N,399.13
Perfluorohexanesulfonic acid,C(C(C(C(F)(F)S(=O)(=O)O)(F)F)(F)F)(C(C(F)(F)F)(F)F)(F)F,7735,355-46-4,QZHDEAJFRJCDMF-UHFFFAOYSA-N,400.12
Perfluorohexanoic acid,C(=O)(C(C(C(C(C(F)(F)F)(F)F)(F)F)(F)F)(F)F)O,7101,307-24-4,PXUULQAPEKKVAH-UHFFFAOYSA-N,314.05
Perfluorohexyl iodide,C(C(C(C(F)(F)I)(F)F)(F)F)(C(C(F)(F)F)(F)F)(F)F,7734,355-43-1,BULLJMKUVKYZDJ-UHFFFAOYSA-N,445.95
Perfluoroisobutylene,C(=C(F)F)(C(F)(F)F)C(F)(F)F,8054,382-21-8,DAFIBNSJXIGBQB-UHFFFAOYSA-N,200.03
Perfluorononanoic acid,C(=O)(C(C(C(C(C(C(C(C(F)(F)F)(F)F)(F)F)(F)F)(F)F)(F)F)(F)F)(F)F)O,7991,375-95-1,UZUFPBIDKMEQEQ-UHFFFAOYSA-N,464.08
Perfluorooctanamide,C(=O)(C(C(C(C(C(C(C(F)(F)F)(F)F)(F)F)(F)F)(F)F)(F)F)(F)F)N,8471,423-54-1,UGMUDSKJLAUMTC-UHFFFAOYSA-N,413.08
Perfluorooctanesulfonamide,C(C(C(C(C(F)(F)S(=O)(=O)N)(F)F)(F)F)(F)F)(C(C(C(F)(F)F)(F)F)(F)F)(F)F,13533,754-91-6,RRRXPPIDPYTNJG-UHFFFAOYSA-N,499.15
Perfluorooctanoic acid,C(=O)(C(C(C(C(C(C(C(F)(F)F)(F)F)(F)F)(F)F)(F)F)(F)F)(F)F)O,7511,335-67-1,SNGREZUHAYWORS-UHFFFAOYSA-N,414.07
Perfluorooctanoyl chloride,C(=O)(C(C(C(C(C(C(C(F)(F)F)(F)F)(F)F)(F)F)(F)F)(F)F)(F)F)Cl,7509,335-64-8,AQQBRCXWZZAFOK-UHFFFAOYSA-N,432.51
Perfluorooctanoyl fluoride,C(=O)(C(C(C(C(C(C(C(F)(F)F)(F)F)(F)F)(F)F)(F)F)(F)F)(F)F)F,7510,335-66-0,ZILWJLIFAGWGLE-UHFFFAOYSA-N,416.06
Perfluoropropanesulfonic acid,C(C(F)(F)F)(C(F)(F)S(=O)(=O)O)(F)F,8470,423-41-6,XBWQFDNGNOOMDZ-UHFFFAOYSA-N,250.09
Perfluorotetramethylethylene oxide,C1(C(O1)(C(F)(F)F)C(F)(F)F)(C(F)(F)F)C(F)(F)F,4005,1708-78-7,NFUWEAMDFKXVFH-UHFFFAOYSA-N,316.04
Perfluorovaleric acid,C(=O)(C(C(C(C(F)(F)F)(F)F)(F)F)(F)F)O,6417,2706-90-3,CXZGQIAOTKWCDB-UHFFFAOYSA-N,264.05
Perflutren,C(C(F)(F)F)(C(F)(F)F)(F)F,13584,76-19-7,QYSGYZVSCZSLHT-UHFFFAOYSA-N,188.02
Perhydrophenalene,C1CC2CCCC3C2C(C1)CCC3,6849,2935-07-1,QGUYWRASKKWRQG-UHFFFAOYSA-N,178.31
Perhydropyrene,C1CC2CCC3CCCC4C3C2C(C1)CC4,5422,2435-85-0,BYBPEZLZCGOWIS-UHFFFAOYSA-N,218.38
Perillaldehyde,CC(=C)C1CCC(=CC1)C=O,4888,2111-75-3,RUMOYJJNUMEFDD-UHFFFAOYSA-N,150.22
"Perillaldehyde, (-)-",CC(=C)[C@H]1CCC(=CC1)C=O,4233,18031-40-8,RUMOYJJNUMEFDD-SNVBAGLBSA-N,150.22
Permanent Yellow Rn,CC(=O)C(C(=O)NC1=CC=CC=C1OC)N=NC2=C(C=C(C=C2)OC)[N+](=O)[O-],11535,6528-34-3,UFORAEIAYCSGCR-UHFFFAOYSA-N,386.4
Permethrin,CC1(C(C1C(=O)OCC2=CC(=CC=C2)OC3=CC=CC=C3)C=C(Cl)Cl)C,9397,52645-53-1,RLLPVAHGXHCWKJ-UHFFFAOYSA-N,391.3
"Peroxide, [1,4-phenylenebis(1-methylethylidene)]bis[(1,1-dimethylethyl)",CC(C)(C)OOC(C)(C)C1=CC=C(C=C1)C(C)(C)OOC(C)(C)C,5769,25155-25-3,GWQOYRSARAWVTC-UHFFFAOYSA-N,338.5
"Peroxide, [1,4-phenylenebis(1-methylethylidene)]bis[(1,1-dimethylethyl)",CC(C)(C)OOC(C)(C)C1=CC=C(C=C1)C(C)(C)OOC(C)(C)C,6571,2781-00-2,GWQOYRSARAWVTC-UHFFFAOYSA-N,338.5
"Peroxide, acetyl cyclohexylsulfonyl",CC(=O)OOS(=O)(=O)C1CCCCC1,7282,3179-56-4,BSVQJWUUZCXSOL-UHFFFAOYSA-N,222.26
"Peroxide, bis(2-methyl-1-oxopropyl)",CC(C)C(=O)OOC(=O)C(C)C,7610,3437-84-1,RPBWMJBZQXCSFW-UHFFFAOYSA-N,174.19
"Peroxide, bis(2-methylbenzoyl)",CC1=CC=CC=C1C(=O)OOC(=O)C2=CC=CC=C2C,7017,3034-79-5,ZICNIEOYWVIEQJ-UHFFFAOYSA-N,270.28
"Peroxide, cyclohexylidenebis[(1,1-dimethylpropyl)",CCC(C)(C)OOC1(CCCCC1)OOC(C)(C)CC,3547,15667-10-4,IMYCVFRTNVMHAD-UHFFFAOYSA-N,288.42
"Peroxydicarbonic acid, bis(2-ethylhexyl) ester",CCCCC(CC)COC(=O)OOC(=O)OCC(CC)CCCC,3713,16111-62-9,ZACVGCNKGYYQHA-UHFFFAOYSA-N,346.5
"Peroxydicarbonic acid, dibutyl ester",CCCCOC(=O)OOC(=O)OCCCC,3741,16215-49-9,ZGPBOPXFOJBLIV-UHFFFAOYSA-N,234.25
"Peroxyneodecanoic acid, tert-butyl ester",CC(C)(C)CCCCCC(=O)OOC(C)(C)C,16239,26748-41-4,NMOALOSNPWTWRH-UHFFFAOYSA-N,244.37
Peroxyoctanoic acid,CCCCCCCC(=O)OO,7541,33734-57-5,CVXHBROPWMVEQO-UHFFFAOYSA-N,160.21
Perylene,C1=CC2=C3C(=C1)C4=CC=CC5=C4C(=CC=C5)C3=CC=C2,4634,198-55-0,CSHWQDPOILHKBI-UHFFFAOYSA-N,252.3
Perylene-D12,[2H]C1=C(C2=C3C(=C1[2H])C4=C(C(=C(C5=C4C(=C(C(=C5[2H])[2H])[2H])C3=C(C(=C2[2H])[2H])[2H])[2H])[2H])[2H])[2H],3398,1520-96-3,CSHWQDPOILHKBI-AQZSQYOVSA-N,264.4
Pharacine,C1CCOC(=O)C2=CC=C(C=C2)C(=O)OCCCCOC(=O)C3=CC=C(C=C3)C(=O)OC1,11144,63440-93-7,SFNCDJVWOAZMFE-UHFFFAOYSA-N,440.4
"Phen-1,4-diol, 2,3-dimethyl-5-trifluoromethyl-",CC1=C(C=C(C(=C1C)O)C(F)(F)F)O,17433,,TYCIZVUOGKUPFF-UHFFFAOYSA-N,206.16
Phenacyl formate,C1=CC=C(C=C1)C(=O)COC=O,9771,55153-12-3,RJJPGLSTUHHJOX-UHFFFAOYSA-N,164.16
Phenacyl thiocyanate,C1=CC=C(C=C1)C(=O)CSC#N,9589,5399-30-4,DLLVIJACDVJDIP-UHFFFAOYSA-N,177.22
Phenaglycodol,CC(C)(C(C)(C1=CC=C(C=C1)Cl)O)O,14051,79-93-6,HTYIXCKSEQQCJO-UHFFFAOYSA-N,214.69
Phenalene,C1C=CC2=CC=CC3=C2C1=CC=C3,4717,203-80-5,XDJOIMJURHQYDW-UHFFFAOYSA-N,166.22
Phenanthrene,C1=CC=C2C(=C1)C=CC3=CC=CC=C32,14567,85-01-8,YNPNZTXNASCQKK-UHFFFAOYSA-N,178.23
"Phenanthrene, 1,2,3,4-tetrahydro-1-methyl-7-(1-methylethyl)-",CC1CCCC2=C1C=CC3=C2C=CC(=C3)C(C)C,11583,6566-19-4,PEGDXOHRNDHEEB-UHFFFAOYSA-N,238.4
Phenanthridine,C1=CC=C2C(=C1)C=NC3=CC=CC=C23,5198,229-87-8,RDOWQLZANAYVLL-UHFFFAOYSA-N,179.22
Phenethyl acetate,CC(=O)OCCC1=CC=CC=C1,383,103-45-7,MDHYEMXUFSJLGV-UHFFFAOYSA-N,164.2
Phenethyl valerate,CCCCC(=O)OCCC1=CC=CC=C1,13386,7460-74-4,PDGPIBIURNPBSE-UHFFFAOYSA-N,206.28
Phenethyltrichlorosilane,C1=CC=C(C=C1)CC[Si](Cl)(Cl)Cl,15674,940-41-0,FMYXZXAKZWIOHO-UHFFFAOYSA-N,239.6
Phenidone,C1CN(NC1=O)C2=CC=CC=C2,15449,92-43-3,CMCWWLVWPDLCRM-UHFFFAOYSA-N,162.19
Phenindione,C1=CC=C(C=C1)C2C(=O)C3=CC=CC=C3C2=O,14374,83-12-5,NFBAXHOPROOJAW-UHFFFAOYSA-N,222.24
Phenol,C1=CC=C(C=C1)O,893,108-95-2,ISWSIDIOOBJBQZ-UHFFFAOYSA-N,94.11
Phenol red,C1=CC=C2C(=C1)C(OS2(=O)=O)(C3=CC=C(C=C3)O)C4=CC=C(C=C4)O,3082,143-74-8,BELBBZDIHDAJOR-UHFFFAOYSA-N,354.4
"Phenol, 2,2'-(2-methylpropylidene)bis(4,6-dimethyl-",CC1=CC(=C(C(=C1)C(C2=CC(=CC(=C2O)C)C)C(C)C)O)C,7461,33145-10-7,SZAQZZKNQILGPU-UHFFFAOYSA-N,298.4
"Phenol, 2,2'-thiobis(6-tert-butyl-4-chloro-",CC(C)(C)C1=C(C(=CC(=C1)Cl)SC2=CC(=CC(=C2O)C(C)(C)C)Cl)O,10487,6012-78-8,STBISWCOPIJZJA-UHFFFAOYSA-N,399.4
"Phenol, 2,3,5-tribromo-",C1=C(C=C(C(=C1O)Br)Br)Br,10104,57383-81-0,SKDJCHZVXDLVIE-UHFFFAOYSA-N,330.8
"Phenol, 2,4,5-tribromo-",C1=C(C(=CC(=C1Br)Br)Br)O,3120,14401-61-7,XPUSKKJATQFMBF-UHFFFAOYSA-N,330.8
"Phenol, 2,4-bis(1,1,3,3-tetramethylbutyl)-",CC(C)(C)CC(C)(C)C1=CC(=C(C=C1)O)C(C)(C)CC(C)(C)C,10183,5806-72-4,DNYCICZKXQGHBJ-UHFFFAOYSA-N,318.5
"Phenol, 2,4-bis(1,1-dimethylethyl)-6-methyl-",CC1=CC(=CC(=C1O)C(C)(C)C)C(C)(C)C,10681,616-55-7,ZZZRZBIPCKQDQR-UHFFFAOYSA-N,220.35
"Phenol, 2,4-dimethyl-6-(1-methylpentadecyl)-",CCCCCCCCCCCCCCC(C)C1=CC(=CC(=C1O)C)C,2642,134701-20-5,TVWGHFVGFWIHFN-UHFFFAOYSA-N,346.6
"Phenol, 2,6-bis(1,1-dimethylethyl)-4-(1,1,3,3-tetramethylbutyl)-",CC(C)(C)CC(C)(C)C1=CC(=C(C(=C1)C(C)(C)C)O)C(C)(C)C,11589,65796-87-4,VDOJQPKPGQMNDA-UHFFFAOYSA-N,318.5
"Phenol, 2,6-bis(1,1-dimethylethyl)-4-nonyl-",CCCCCCCCCC1=CC(=C(C(=C1)C(C)(C)C)O)C(C)(C)C,8543,4306-88-1,VQQLTEBUMLSLFJ-UHFFFAOYSA-N,332.6
"Phenol, 2-((ethylsulfonyl)methyl)-",CCS(=O)(=O)CC1=CC=CC=C1O,9514,53380-27-1,PMHBGORIEUVGTQ-UHFFFAOYSA-N,200.26
"Phenol, 2-(1,1,3,3-tetramethylbutyl)-",CC(C)(C)CC(C)(C)C1=CC=CC=C1O,6450,27193-28-8,XSXWOBXNYNULJG-UHFFFAOYSA-N,206.32
"Phenol, 2-(1,1,3,3-tetramethylbutyl)-",CC(C)(C)CC(C)(C)C1=CC=CC=C1O,8122,3884-95-5,XSXWOBXNYNULJG-UHFFFAOYSA-N,206.32
"Phenol, 2-(2H-benzotriazol-2-yl)-6-(1-methyl-1-phenylethyl)-4-(1,1,3,3-tetramethylbutyl)-",CC(C)(C)CC(C)(C)C1=CC(=C(C(=C1)N2N=C3C=CC=CC3=N2)O)C(C)(C)C4=CC=CC=C4,13217,73936-91-1,UZUNCLSDTUBVCN-UHFFFAOYSA-N,441.6
"Phenol, 2-(3,7-dimethylocta-2,6-dienyl)-",CC(=CCC/C(=C/CC1=CC=CC=C1O)/C)C,17874,,GWMVTXXXCDWZQS-SDNWHVSQSA-N,230.34
"Phenol, 2-[1-(4-hydroxyphenyl)-1-methylethyl]-",CC(C)(C1=CC=C(C=C1)O)C2=CC=CC=C2O,14417,837-08-1,MLCQXUZZAXKTSG-UHFFFAOYSA-N,228.29
"Phenol, 2-octyl-",CCCCCCCCC1=CC=CC=C1O,11764,67554-50-1,DUIOKRXOKLLURE-UHFFFAOYSA-N,206.32
"Phenol, 3-methyl(1-methylethyl)-",CC1=C(C(=CC=C1)O)C(C)C,2407,1321-81-9,AZXBHGKSTNMAMK-UHFFFAOYSA-N,150.22
"Phenol, 4,4'-(1-methylethylidene)bis[2-(2-propenyl)-",CC(C)(C1=CC(=C(C=C1)O)CC=C)C2=CC(=C(C=C2)O)CC=C,4108,1745-89-7,WOCGGVRGNIEDSZ-UHFFFAOYSA-N,308.4
"Phenol, 4,4'-(3,3,5-trimethylcyclohexylidene)bis-",CC1CC(CC(C1)(C2=CC=C(C=C2)O)C3=CC=C(C=C3)O)(C)C,2173,129188-99-4,UMPGNGRIGSEMTC-UHFFFAOYSA-N,310.4
"Phenol, 4,4'-cyclohexylidenebis[2-methyl-",CC1=C(C=CC(=C1)C2(CCCCC2)C3=CC(=C(C=C3)O)C)O,5280,2362-14-3,SVOBELCYOCEECO-UHFFFAOYSA-N,296.4
"Phenol, 4-(1,1-dimethylethyl)-2,5-dimethyl-",CC1=CC(=C(C=C1O)C)C(C)(C)C,4163,17696-37-6,ZSPDNAYHQYQUPC-UHFFFAOYSA-N,178.27
"Phenol, 4-(2,2,3,3-tetramethylbutyl)-",CC(C)(C)C(C)(C)CC1=CC=C(C=C1)O,9741,54932-78-4,FBUPLQJWXXGMOF-UHFFFAOYSA-N,206.32
"Phenol, dinonyl-",CCCCCCCCCC1=C(C(=CC=C1)O)CCCCCCCCC,2427,1323-65-5,JKTAIYGNOFSMCE-UHFFFAOYSA-N,346.6
"Phenol, isobutylenated",CC(=C)CC1=CC=C(C=C1)O,12380,68610-06-0,OVBJIGPDFPHEJT-UHFFFAOYSA-N,148.2
"Phenol, isobutylenated, phosphate (3:1)",CC(C)CC1=CC=C(C=C1)OP(=O)(OC2=CC=C(C=C2)CC(C)C)OC3=CC=C(C=C3)CC(C)C,12507,68937-40-6,LWYPBQJBRGDLOI-UHFFFAOYSA-N,494.6
"Phenol, tribromo-",C1=CC(=C(C(=C1O)Br)Br)Br,2854,138507-65-0,OUCSIUCEQVCDEL-UHFFFAOYSA-N,330.8
"Phenol, tribromo-",C1=CC(=C(C(=C1O)Br)Br)Br,5866,25376-38-9,OUCSIUCEQVCDEL-UHFFFAOYSA-N,330.8
Phenolphthalein,C1=CC=C2C(=C1)C(=O)OC2(C3=CC=C(C=C3)O)C4=CC=C(C=C4)O,13718,77-09-8,KJFMBFZCATUALV-UHFFFAOYSA-N,318.3
Phenolphthalein anilide,C1=CC=C(C=C1)N2C(=O)C3=CC=CC=C3C2(C4=CC=C(C=C4)O)C5=CC=C(C=C5)O,11641,6607-41-6,YBLBHSSRHHJKEK-UHFFFAOYSA-N,393.4
Phenothiazine,C1=CC=C2C(=C1)NC3=CC=CC=C3S2,15457,92-84-2,WJFKNYWRSNBZNX-UHFFFAOYSA-N,199.27
Phenoxyethanol,C1=CC=C(C=C1)OCCO,1802,122-99-6,QCDWFXQBSFUVSP-UHFFFAOYSA-N,138.16
Phenthoate,CCOC(=O)C(C1=CC=CC=C1)SP(=S)(OC)OC,6057,2597-03-7,XAMUDJHXFNRLCY-UHFFFAOYSA-N,320.4
Phenyl 1-pentadecanesulfonate,CCCCCCCCCCCCCCCS(=O)(=O)OC1=CC=CC=C1,15391,91082-17-6,UDKSLGIUCGAZTK-UHFFFAOYSA-N,368.6
Phenyl 4-methylbenzoate,CC1=CC=C(C=C1)C(=O)OC2=CC=CC=C2,4486,1900-85-2,WOHDXQQIBRMRFA-UHFFFAOYSA-N,212.24
Phenyl acrylate,C=CC(=O)OC1=CC=CC=C1,15615,937-41-7,WRAQQYDMVSCOTE-UHFFFAOYSA-N,148.16
Phenyl benzoate,C1=CC=C(C=C1)C(=O)OC2=CC=CC=C2,15565,93-99-2,FCJSHPDYVMKCHI-UHFFFAOYSA-N,198.22
Phenyl di(p-tolyl) phosphate,CC1=CC=C(C=C1)OP(=O)(OC2=CC=CC=C2)OC3=CC=C(C=C3)C,7672,34909-69-8,NVMHZSCMWYZDCC-UHFFFAOYSA-N,354.3
Phenyl dihydrogen phosphate,C1=CC=C(C=C1)OP(=O)(O)O,12715,701-64-4,CMPQUABWPXYYSH-UHFFFAOYSA-N,174.09
Phenyl glycidyl ether,C1C(O1)COC2=CC=CC=C2,1796,122-60-1,FQYUMYWMJTYZTK-UHFFFAOYSA-N,150.17
Phenyl isocyanate,C1=CC=C(C=C1)N=C=O,389,103-71-9,DGTNSSLYPYDJGL-UHFFFAOYSA-N,119.12
Phenyl laurate,CCCCCCCCCCCC(=O)OC1=CC=CC=C1,8468,4228-00-6,ZPORCTAUIXXZAI-UHFFFAOYSA-N,276.4
Phenyl methacrylate,CC(=C)C(=O)OC1=CC=CC=C1,5011,2177-70-0,QIWKUEJZZCOPFV-UHFFFAOYSA-N,162.18
Phenyl octanoate,CCCCCCCC(=O)OC1=CC=CC=C1,9698,5457-78-3,ZBZSVGXZAPNCSY-UHFFFAOYSA-N,220.31
Phenyl salicylate,C1=CC=C(C=C1)OC(=O)C2=CC=CC=C2O,1458,118-55-8,ZQBAKBUEJOMQEX-UHFFFAOYSA-N,214.22
Phenylacetaldehyde,C1=CC=C(C=C1)CC=O,1800,122-78-1,DTUQWGWMVIHBKE-UHFFFAOYSA-N,120.15
Phenylacetic Acid,C1=CC=C(C=C1)CC(=O)O,390,103-82-2,WLJVXDMOQOGPHL-UHFFFAOYSA-N,136.15
Phenylacetylene,C#CC1=CC=CC=C1,16255,28213-80-1,UEXCJVNBTNXOEH-UHFFFAOYSA-N,102.13
"Phenylbis(2,4,6-trimethylbenzoyl)phosphine oxide",CC1=CC(=C(C(=C1)C)C(=O)P(=O)(C2=CC=CC=C2)C(=O)C3=C(C=C(C=C3C)C)C)C,3788,162881-26-7,GUCYFKSBFREPBC-UHFFFAOYSA-N,418.5
Phenylethyl Alcohol,C1=CC=C(C=C1)CCO,10457,60-12-8,WRMNZCZEMHIOCP-UHFFFAOYSA-N,122.16
Phenylglyoxal,C1=CC=C(C=C1)C(=O)C=O,816,1074-12-0,OJUGVDODNPJEEC-UHFFFAOYSA-N,134.13
Phenylhydroquinone,C1=CC=C(C=C1)C2=C(C=CC(=C2)O)O,840,1079-21-6,XCZKKZXWDBOGPA-UHFFFAOYSA-N,186.21
Phenylphosphonic acid,C1=CC=C(C=C1)P(=O)(O)O,3555,1571-33-1,QLZHNIAADXEJJP-UHFFFAOYSA-N,158.09
Phenylphosphonic dichloride,C1=CC=C(C=C1)P(=O)(Cl)Cl,14341,824-72-6,IBDMRHDXAQZJAP-UHFFFAOYSA-N,194.98
Phenylsuccinic acid,C1=CC=C(C=C1)C(CC(=O)O)C(=O)O,11154,635-51-8,LVFFZQQWIZURIO-UHFFFAOYSA-N,194.18
Phenyltrichlorosilane,C1=CC=C(C=C1)[Si](Cl)(Cl)Cl,15991,98-13-5,ORVMIVQULIKXCP-UHFFFAOYSA-N,211.5
Phenyltriethoxysilane,CCO[Si](C1=CC=CC=C1)(OCC)OCC,13987,780-69-8,JCVQKRGIASEUKR-UHFFFAOYSA-N,240.37
Phenyltrimethoxysilane,CO[Si](C1=CC=CC=C1)(OC)OC,6943,2996-92-1,ZNOCGWVLWPVKAO-UHFFFAOYSA-N,198.29
Phenyltris(trimethylsiloxy)silane,C[Si](C)(C)O[Si](C1=CC=CC=C1)(O[Si](C)(C)C)O[Si](C)(C)C,4902,2116-84-9,LINXHFKHZLOLEI-UHFFFAOYSA-N,372.75
Phenytoin,C1=CC=C(C=C1)C2(C(=O)NC(=O)N2)C3=CC=CC=C3,10046,57-41-0,CXOFVDLJLONNDW-UHFFFAOYSA-N,252.27
Phloroglucinol,C1=C(C=C(C=C1O)O)O,879,108-73-6,QCDYQQDYXPDABM-UHFFFAOYSA-N,126.11
Phorone,CC(=CC(=O)C=C(C)C)C,9071,504-20-1,MTZWHHIREPJPTG-UHFFFAOYSA-N,138.21
Phosgene,C(=O)(Cl)Cl,13473,75-44-5,YGYAWVDWMABLBF-UHFFFAOYSA-N,98.91
Phosphinylidynetris(oxyethylene) triacrylate,C=CC(=O)OCCOP(=O)(OCCOC(=O)C=C)OCCOC(=O)C=C,7680,35057-49-9,YQZZHMXSIYMFDK-UHFFFAOYSA-N,392.29
"Phosphonic acid, [(2-cyanophenyl)methyl]-, diethyl ester",CCOP(=O)(CC1=CC=CC=C1C#N)OCC,5348,23973-65-1,YDFXKRLGZYFXOE-UHFFFAOYSA-N,253.23
"Phosphonic acid, methyl-, (5-ethyl-2-methyl-2-oxido-1,3,2-dioxaphosphorinan-5-yl)methyl methyl ester",CCC1(COP(=O)(OC1)C)COP(=O)(C)OC,8333,41203-81-0,CFIFBLCPLCPITL-UHFFFAOYSA-N,286.2
"Phosphonic acid, methyl-, bis((5-ethyl-2-methyl-2-oxido-1,3,2-dioxaphosphorinan-5-yl)methyl) ester",CCC1(COP(=O)(OC1)C)COP(=O)(C)OCC2(COP(=O)(OC2)C)CC,8498,42595-45-9,WUGSTSBQFHQUJQ-UHFFFAOYSA-N,448.32
"Phosphoric acid, 2-methylphenyl diphenyl ester",CC1=CC=CC=C1OP(=O)(OC2=CC=CC=C2)OC3=CC=CC=C3,9379,5254-12-6,XMNDMAQKWSQVOV-UHFFFAOYSA-N,340.3
"Phosphoric acid, 2-methylphenyl diphenyl ester",CC1=CC=CC=C1OP(=O)(OC2=CC=CC=C2)OC3=CC=CC=C3,16234,26444-49-5,XMNDMAQKWSQVOV-UHFFFAOYSA-N,340.3
"Phosphoric acid, 2-methylphenyl diphenyl ester",CC1=CC=CC=C1OP(=O)(OC2=CC=CC=C2)OC3=CC=CC=C3,17185,,XMNDMAQKWSQVOV-UHFFFAOYSA-N,340.3
"Phosphoric acid, bis[(1,1-dimethylethyl)phenyl] phenyl ester",CC(C)(C)C1=CC=CC=C1OP(=O)(OC2=CC=CC=C2)OC3=CC=CC=C3C(C)(C)C,11582,65652-41-7,UQRSMZHDWDMLDH-UHFFFAOYSA-N,438.5
"Phosphoric acid, diphenyl tetradecyl ester",CCCCCCCCCCCCCCOP(=O)(OC1=CC=CC=C1)OC2=CC=CC=C2,3052,142474-86-0,RZERPLOQPHIGRF-UHFFFAOYSA-N,446.6
"Phosphoric acid, dodecyl diphenyl ester",CCCCCCCCCCCCOP(=O)(OC1=CC=CC=C1)OC2=CC=CC=C2,6513,27460-02-2,DLZXXNAEQGRWPX-UHFFFAOYSA-N,418.5
"Phosphoric acid, hexadecyl diphenyl ester",CCCCCCCCCCCCCCCCOP(=O)(OC1=CC=CC=C1)OC2=CC=CC=C2,10023,56827-92-0,FEUQWJRZKZQFAO-UHFFFAOYSA-N,474.6
"Phosphorin, 2,4,6-tris(1,1-dimethylethyl)-",CC(C)(C)C1=CC(=PC(=C1)C(C)(C)C)C(C)(C)C,4101,17420-29-0,GHJQOVICJOEYAD-UHFFFAOYSA-N,264.4
Phthalic acid,C1=CC=C(C(=C1)C(=O)O)C(=O)O,14875,88-99-3,XNGIFLGASWRNHJ-UHFFFAOYSA-N,166.13
"Phthalic acid, 2-isopropylphenyl methyl ester",CC(C)C1=CC=CC=C1OC(=O)C2=CC=CC=C2C(=O)OC,15843,959218-26-9,AKMGDTMKQDDQNP-UHFFFAOYSA-N,298.3
"Phthalic acid, 3-methylbut-3-enyl nonyl ester",CCCCCCCCCOC(=O)C1=CC=CC=C1C(=O)OCCC(=C)C,17931,,OZBIAARGFSXAPO-UHFFFAOYSA-N,360.5
"Phthalic acid, 6-ethyloct-3-yl methyl ester",CCC(CC)CCC(CC)OC(=O)C1=CC=CC=C1C(=O)OC,15852,959274-36-3,NNLHVOOQTJWDLH-UHFFFAOYSA-N,320.4
"Phthalic acid, 6-methylhept-2-yl nonyl ester",CCCCCCCCCOC(=O)C1=CC=CC=C1C(=O)OC(C)CCCC(C)C,16367,,JQHJESVUFUNCLT-UHFFFAOYSA-N,404.6
"Phthalic acid, butyl tridecyl ester",CCCCCCCCCCCCCOC(=O)C1=CC=CC=C1C(=O)OCCCC,5943,256481-48-8,IGUHGJGBPJUSFP-UHFFFAOYSA-N,404.6
"Phthalic acid, cyclobutyl decyl ester",CCCCCCCCCCOC(=O)C1=CC=CC=C1C(=O)OC2CCC2,15853,959274-63-6,NAVAZLSRWWYBTB-UHFFFAOYSA-N,360.5
"Phthalic acid, cyclobutyl tetradecyl ester",CCCCCCCCCCCCCCOC(=O)C1=CC=CC=C1C(=O)OC2CCC2,15855,959274-65-8,SKUJJAJURJIUJK-UHFFFAOYSA-N,416.6
"Phthalic acid, di(3-methylphenyl) ester",CC1=CC(=CC=C1)OC(=O)C2=CC=CC=C2C(=O)OC3=CC=CC(=C3)C,10450,59935-80-7,CNZWUMLUHRMYDE-UHFFFAOYSA-N,346.4
"Phthalic acid, hexyl nonyl ester",CCCCCCCCCOC(=O)C1=CC=CC=C1C(=O)OCCCCCC,14885,88216-56-2,JOKDLBAVBHGFGT-UHFFFAOYSA-N,376.5
"Phthalic acid, hexyl oct-3-yl ester",CCCCCCOC(=O)C1=CC=CC=C1C(=O)OC(CC)CCCCC,17186,,VZELECNRDDCQIQ-UHFFFAOYSA-N,362.5
"Phthalic acid, isobutyl tridec-2-yn-1-yl ester",CCCCCCCCCCC#CCOC(=O)C1=CC=CC=C1C(=O)OCC(C)C,15858,959284-34-5,QHLVIRXZSIFCMP-UHFFFAOYSA-N,400.5
"Phthalic acid, isobutyl tridec-2-yn-1-yl ester",CCCCCCCCCCC#CCOC(=O)C1=CC=CC=C1C(=O)OCC(C)C,17803,,QHLVIRXZSIFCMP-UHFFFAOYSA-N,400.5
"Phthalic acid, nonyl 2-pentyl ester",CCCCCCCCCOC(=O)C1=CC=CC=C1C(=O)OC(C)CCC,15850,959267-42-6,RBJVREXWLGAWNO-UHFFFAOYSA-N,362.5
"Phthalic acid, nonyl oct-3-yl ester",CCCCCCCCCOC(=O)C1=CC=CC=C1C(=O)OC(CC)CCCCC,37,1000377-71-8,KUEXPWPXBKQFHJ-UHFFFAOYSA-N,404.6
Phthalic anhydride,C1=CC=C2C(=C1)C(=O)OC2=O,14572,85-44-9,LGRFSURHDFAFJT-UHFFFAOYSA-N,148.11
Phthalide,C1C2=CC=CC=C2C(=O)O1,14781,87-41-2,WNZQDUSMALZDQF-UHFFFAOYSA-N,134.13
Phthalimide,C1=CC=C2C(=C1)C(=O)NC2=O,14569,85-41-6,XKJCHHZQLQNZHY-UHFFFAOYSA-N,147.13
Phthalimidoacetone,CC(=O)CN1C(=O)C2=CC=CC=C2C1=O,7593,3416-57-7,STMRGLKPBJVVEG-UHFFFAOYSA-N,203.19
Phytane,CCC(C)CCCC(C)CCCC(C)CCCC(C)C,11217,638-36-8,GGYKPYDKXLHNTI-UHFFFAOYSA-N,282.5
Phytol,C[C@@H](CCC[C@@H](C)CCC/C(=C/CO)/C)CCCC(C)C,3339,150-86-7,BOTWFXYSPFMFNR-PYDDKJGSSA-N,296.5
Picrotoxinin,CC(=C)[C@@H]1[C@@H]2[C@@H]3[C@@]4([C@]([C@H]1C(=O)O2)(C[C@@H]5[C@]4(O5)C(=O)O3)O)C,4148,17617-45-7,PIMZUZSSNYHVCU-YKWPQBAZSA-N,292.28
Pimaric acid,C[C@]1(CC[C@H]2C(=C1)CC[C@@H]3[C@@]2(CCC[C@@]3(C)C(=O)O)C)C=C,2103,127-27-5,MHVJRKBZMUDEEV-APQLOABGSA-N,302.5
Pimelic acid,C(CCC(=O)O)CCC(=O)O,1085,111-16-0,WLJVNTCWHIRURA-UHFFFAOYSA-N,160.17
Pinanyl hydroperoxide,CC1CCC2CC1(C2(C)C)OO,6667,28324-52-9,QVRCRSYOVMLBKS-UHFFFAOYSA-N,170.25
Pinocarvone,CC1(C2CC1C(=C)C(=O)C2)C,7040,30460-92-5,TZDMGBLPGZXHJI-UHFFFAOYSA-N,150.22
Piperazine,C1CNCCN1,1020,110-85-0,GLUUGHFHXGJENI-UHFFFAOYSA-N,86.14
Piperidine,C1CCNCC1,1023,110-89-4,NQRYJNQNLNOLGT-UHFFFAOYSA-N,85.15
Piperidino disulfide,C1CCN(CC1)SSN2CCCCC2,324,10220-20-9,FAEFMMUOKVKFBE-UHFFFAOYSA-N,232.4
Piperitone oxide,CC(C)C1CCC2(C(C1=O)O2)C,9458,5286-38-4,IAFONZHDZMCORS-UHFFFAOYSA-N,168.23
Piperonal,C1OC2=C(O1)C=C(C=C2)C=O,1577,120-57-0,SATCULPHIDQDRE-UHFFFAOYSA-N,150.13
Piperonyl butoxide,CCCCOCCOCCOCC1=CC2=C(C=C1CCC)OCO2,9145,51-03-6,FIPWRIJSWJWJAI-UHFFFAOYSA-N,338.4
Piperonylic acid,C1OC2=C(O1)C=C(C=C2)C(=O)O,15665,94-53-1,VDVJGIYXDVPQLP-UHFFFAOYSA-N,166.13
Pivalic acid,CC(C)(C)C(=O)O,13503,75-98-9,IUGYQRQAERSCNH-UHFFFAOYSA-N,102.13
Pivalolactone,CC1(COC1=O)C,4585,1955-45-9,ULKFLOVGORAZDI-UHFFFAOYSA-N,100.12
Polyglycerin-3,C(C(COCC(COCC(CO)O)O)O)O,9926,56090-54-1,AGNTUZCMJBTHOG-UHFFFAOYSA-N,240.25
"Pregnan-20-one, 3,7,11-trihydroxy-, (3beta,5alpha,7alpha,11alpha)-",CC(=O)[C@H]1CC[C@@H]2[C@@]1(C[C@H]([C@H]3[C@H]2[C@@H](C[C@@H]4[C@@]3(CC[C@@H](C4)O)C)O)O)C,10467,600-41-9,ZKPHDPLZOIPZPS-FROIOXCKSA-N,350.5
"Pregnan-3-one, (5alpha)-",CC[C@H]1CC[C@@H]2[C@@]1(CC[C@H]3[C@H]2CC[C@@H]4[C@@]3(CCC(=O)C4)C)C,3249,14778-11-1,JMAPHBFIBIHSIT-PMJYHDSJSA-N,302.5
Pregnane,CC[C@H]1CC[C@@H]2[C@@]1(CC[C@H]3[C@H]2CCC4[C@@]3(CCCC4)C)C,5541,24909-91-9,JWMFYGXQPXQEEM-WZBAXQLOSA-N,288.5
Pregnenolone,CC(=O)[C@H]1CC[C@@H]2[C@@]1(CC[C@H]3[C@H]2CC=C4[C@@]3(CC[C@@H](C4)O)C)C,3151,145-13-1,ORNBQBCIOKFOEO-QGVNFLHTSA-N,316.5
Prenyl acetate,CC(=CCOC(=O)C)C,1522,1191-16-8,XXIKYCPRDXIMQM-UHFFFAOYSA-N,128.17
Pristane,CC(C)CCCC(C)CCCC(C)CCCC(C)C,4519,1921-70-6,XOJVVFBFDXDTEG-UHFFFAOYSA-N,268.5
Progesterone,CC(=O)[C@H]1CC[C@@H]2[C@@]1(CC[C@H]3[C@H]2CCC4=CC(=O)CC[C@]34C)C,10054,57-83-0,RJKFOVLPORLFTN-LEKSSAKUSA-N,314.5
Prometryn,CC(C)NC1=NC(=NC(=N1)SC)NC(C)C,13101,7287-19-6,AAEVYOVXGOFMJO-UHFFFAOYSA-N,241.36
"Propanamide, N-(2,2,6,6-tetramethyl-4-piperidinyl)-3-((2,2,6,6-tetramethyl-4-piperidinyl)amino)-",CC1(CC(CC(N1)(C)C)NCCC(=O)NC2CC(NC(C2)(C)C)(C)C)C,13666,76505-58-3,GMBXBKNMMIWUED-UHFFFAOYSA-N,366.6
Propane,CCC,13238,74-98-6,ATUOYWHBWRKTHZ-UHFFFAOYSA-N,44.1
"Propane-1,3-diyl bis(4-aminobenzoate)",C1=CC(=CC=C1C(=O)OCCCOC(=O)C2=CC=C(C=C2)N)N,10132,57609-64-0,YPACMOORZSDQDQ-UHFFFAOYSA-N,314.34
"Propanedinitrile, (1-methylethenyl)(phenylmethyl)-",CC(=C)C(CC1=CC=CC=C1)(C#N)C#N,12658,69564-95-0,NNXWNEOPPKGQET-UHFFFAOYSA-N,196.25
"Propanedinitrile, cyclohexyl(2-methylcyclohexyl)-",CC1CCCCC1C(C#N)(C#N)C2CCCCC2,13421,74764-55-9,DSBUDFYXGKAXOI-UHFFFAOYSA-N,244.37
"Propanedioic acid, 2,2'-(1,4-phenylenedimethylidyne)bis-, tetraethyl ester",CCOC(=O)C(=CC1=CC=C(C=C1)C=C(C(=O)OCC)C(=O)OCC)C(=O)OCC,11128,6337-43-5,YUOKTNQLLUHUEK-UHFFFAOYSA-N,418.4
"Propanedioic acid, didecyl ester",CCCCCCCCCCOC(=O)CC(=O)OCCCCCCCCCC,4792,20602-34-0,BOOQKINTOVSZKZ-UHFFFAOYSA-N,384.6
"Propanenitrile, 3,3'-[[4-[(2-chloro-4-nitrophenyl)azo]phenyl]imino]bis-",C1=CC(=CC=C1N=NC2=C(C=C(C=C2)[N+](=O)[O-])Cl)N(CCC#N)CCC#N,8278,4058-30-4,ZXXVVTBKBDDTSE-UHFFFAOYSA-N,382.8
"Propanenitrile, 3-((3-(tetradecyloxy)propyl)amino)-",CCCCCCCCCCCCCCOCCCNCCC#N,4234,180389-78-0,XDDXXOGSAJFOCB-UHFFFAOYSA-N,324.5
"Propanenitrile, 3-[[2-(2-cyanoethoxy)ethyl][4-[(4-nitrophenyl)azo]phenyl]amino]-",C1=CC(=CC=C1N=NC2=CC=C(C=C2)[N+](=O)[O-])N(CCC#N)CCOCCC#N,12736,70210-10-5,PNWYPUYECVECFF-UHFFFAOYSA-N,392.4
"Propanenitrile, 3-[[2-(acetyloxy)ethyl][4-[(2-chloro-4-nitrophenyl)azo]phenyl]amino]-",CC(=O)OCCN(CCC#N)C1=CC=C(C=C1)N=NC2=C(C=C(C=C2)[N+](=O)[O-])Cl,10497,6021-61-0,XSTSGWJEOIPFED-UHFFFAOYSA-N,415.8
"Propanenitrile, 3-[[2-(acetyloxy)ethyl][4-[(6-nitro-2-benzothiazolyl)azo]phenyl]amino]-",CC(=O)OCCN(CCC#N)C1=CC=C(C=C1)N=NC2=NC3=C(S2)C=C(C=C3)[N+](=O)[O-],11979,68133-69-7,ZNUBBVSUTSNSIM-UHFFFAOYSA-N,438.5
"Propanenitrile, 3-[[2-(benzoyloxy)ethyl][4-[(4-nitrophenyl)azo]phenyl]amino]-",C1=CC=C(C=C1)C(=O)OCCN(CCC#N)C2=CC=C(C=C2)N=NC3=CC=C(C=C3)[N+](=O)[O-],8290,40690-89-9,SCLYXZFZPIKFAH-UHFFFAOYSA-N,443.5
"Propanenitrile, 3-[[4-[(4-nitrophenyl)azo]phenyl](phenylmethyl)amino]-",C1=CC=C(C=C1)CN(CCC#N)C2=CC=C(C=C2)N=NC3=CC=C(C=C3)[N+](=O)[O-],15905,96662-24-7,AJKOAOUQPNLZTF-UHFFFAOYSA-N,385.4
"Propaneperoxoic acid, 2,2-dimethyl-, 1,1-dimethylpropyl ester",CCC(C)(C)OOC(=O)C(C)(C)C,6827,29240-17-3,AQKYLAIZOGOPAW-UHFFFAOYSA-N,188.26
Propanil,CCC(=O)NC1=CC(=C(C=C1)Cl)Cl,12835,709-98-8,LFULEKSKNZEWOE-UHFFFAOYSA-N,218.08
"Propanoic acid, 1-methylpropyl ester",CCC(C)OC(=O)CC,10331,591-34-4,VPSLGSSVPWVZFG-UHFFFAOYSA-N,130.18
"Propanoic acid, 2,2-dimethyl-, isodecyl ester",CC(C)CCCCCCCOC(=O)C(C)(C)C,10496,60209-82-7,KGKQNDQDVZQTAG-UHFFFAOYSA-N,242.4
"Propanoic acid, 2-(3-acetoxy-4,4,14-trimethylandrost-8-en-17-yl)-",CC(C1CCC2(C1(CCC3=C2CCC4C3(CCC(C4(C)C)OC(=O)C)C)C)C)C(=O)O,16602,,HVIBGCANOBQDPU-UHFFFAOYSA-N,430.6
"Propanoic acid, 2-methyl-, 3-hydroxy-2,4,4-trimethylpentyl ester",CC(C)C(=O)OCC(C)C(C(C)(C)C)O,13272,74367-34-3,WXFRFCWHHBELIH-UHFFFAOYSA-N,216.32
"Propanoic acid, 3-mercapto-, octadecyl ester",CCCCCCCCCCCCCCCCCCOC(=O)CCS,7275,31778-15-1,UCUPUEARJPTGKU-UHFFFAOYSA-N,358.6
"Propanoicacid,2-methyl-,2",CCCC(C(CC)COC(=O)C(C)C)OC(=O)C(C)C,13269,74367-30-9,VQMFIHQBOYTCJD-UHFFFAOYSA-N,286.41
Propargyl acrylate,C=CC(=O)OCC#C,540,10477-47-1,WPBNLDNIZUGLJL-UHFFFAOYSA-N,110.11
Propargyl methacrylate,CC(=C)C(=O)OCC#C,2856,13861-22-8,PZAWASVJOPLHCJ-UHFFFAOYSA-N,124.14
Propazine,CC(C)NC1=NC(=NC(=N1)Cl)NC(C)C,2869,139-40-2,WJNRPILHGGKWCK-UHFFFAOYSA-N,229.71
Propiconazole,CCCC1COC(O1)(CN2C=NC=N2)C3=C(C=C(C=C3)Cl)Cl,10495,60207-90-1,STJLVHWMYQXCPB-UHFFFAOYSA-N,342.2
Propiolactone,C1COC1=O,10052,57-57-8,VEZXCJBBBCKRPI-UHFFFAOYSA-N,72.06
Propionaldehyde,CCC=O,1917,123-38-6,NBBJYMSMWIIQGU-UHFFFAOYSA-N,58.08
Propionic Acid,CCC(=O)O,14031,79-09-4,XBDQKXXYIPTUBI-UHFFFAOYSA-N,74.08
Propionic anhydride,CCC(=O)OC(=O)CC,1924,123-62-6,WYVAMUWZEOHJOQ-UHFFFAOYSA-N,130.14
Propionitrile,CCC#N,758,107-12-0,FVSKHRXBFJPNKK-UHFFFAOYSA-N,55.08
Propiophenone,CCC(=O)C1=CC=CC=C1,15555,93-55-0,KRIOVPPHQSLHCZ-UHFFFAOYSA-N,134.17
Propyl 2-methylbutyrate,CCCOC(=O)C(C)CC,7912,37064-20-3,TZFQMSDUSOTCJC-UHFFFAOYSA-N,144.21
Propyl acetate,CCCOC(=O)C,939,109-60-4,YKYONYBAUNKHLG-UHFFFAOYSA-N,102.13
Propyl benzoate,CCCOC(=O)C1=CC=CC=C1,5232,2315-68-6,UDEWPOVQBGFNGE-UHFFFAOYSA-N,164.2
Propyl dodecanoate,CCCCCCCCCCCC(=O)OCCC,7888,3681-78-5,FTBUKOLPOATXGV-UHFFFAOYSA-N,242.4
Propyl gallate,CCCOC(=O)C1=CC(=C(C(=C1)O)O)O,1729,121-79-9,ZTHYODDOHIVTJV-UHFFFAOYSA-N,212.2
Propyl myristate,CCCCCCCCCCCCCC(=O)OCCC,3085,14303-70-9,DPBVJRXPSXTHOL-UHFFFAOYSA-N,270.5
Propyl sorbate,CCCOC(=O)/C=C/C=C/C,365,10297-72-0,JAVXBQKCKGHZHM-TWTPFVCWSA-N,154.21
Propyl vinyl ether,CCCOC=C,13640,764-47-6,OVGRCEFMXPHEBL-UHFFFAOYSA-N,86.13
Propylamine,CCCN,756,107-10-8,WGYKZJWCGVVSQN-UHFFFAOYSA-N,59.11
Propylbenzene,CCCC1=CC=CC=C1,387,103-65-1,ODLMAHJVESYWTB-UHFFFAOYSA-N,120.19
Propylene,CC=C,1354,115-07-1,QQONPFPTGQHPMA-UHFFFAOYSA-N,42.08
Propylene Carbonate,CC1COC(=O)O1,858,108-32-7,RUOJZAUFBMNUDX-UHFFFAOYSA-N,102.09
Propylene dimethacrylate,CC(COC(=O)C(=C)C)OC(=O)C(=C)C,13552,7559-82-2,JJBFVQSGPLGDNX-UHFFFAOYSA-N,212.24
Propylene Glycol,CC(CO)O,10050,57-55-6,DNIAPMSPPWPWGF-UHFFFAOYSA-N,76.09
Propylene glycol 1-oleate,CCCCCCCC/C=C\CCCCCCCC(=O)OCC(C)O,3028,142-76-7,ZVTDEEBSWIQAFJ-KHPPLWFESA-N,340.5
Propylene glycol 2-stearate,CCCCCCCCCCCCCCCCCC(=O)OC(C)CO,16126,3539-36-4,IBQWRULIBDEOPW-UHFFFAOYSA-N,342.6
Propylene glycol alginate,CC1C(C(C(OC1C(=O)OCC(C)O)OC2C(C(C(OC2C(=O)O)OC)O)O)O)O,16322,9005-37-2,HDSBZMRLPLPFLQ-UHFFFAOYSA-N,440.4
Propylene glycol dibenzoate,CC(COC(=O)C1=CC=CC=C1)OC(=O)C2=CC=CC=C2,4523,19224-26-1,UMVMVEZHMZTUHD-UHFFFAOYSA-N,284.31
Propylene glycol dilaurate,CCCCCCCCCCCC(=O)OCC(C)OC(=O)CCCCCCCCCCC,5188,22788-19-8,WITKSCOBOCOGSC-UHFFFAOYSA-N,440.7
Propylene glycol monostearate,CCCCCCCCCCCCCCCCCC(=O)OCC(C)O,2423,1323-39-3,FKOKUHFZNIUSLW-UHFFFAOYSA-N,342.6
Propylene glycol monostearate,CCCCCCCCCCCCCCCCCC(=O)OCC(C)O,16118,142-75-6,FKOKUHFZNIUSLW-UHFFFAOYSA-N,342.6
Propylene Oxide,CC1CO1,13481,75-56-9,GOOHAUXETOMSMM-UHFFFAOYSA-N,58.08
Propylparaben,CCCOC(=O)C1=CC=C(C=C1)O,15654,94-13-3,QELSKZZBTMNZEB-UHFFFAOYSA-N,180.2
Propyltrichlorosilane,CCC[Si](Cl)(Cl)Cl,2982,141-57-1,DOEHJNBEOVLHGL-UHFFFAOYSA-N,177.53
"Propyne, 1,3-diphenyl-",C1=CC=C(C=C1)CC#CC2=CC=CC=C2,9008,4980-70-5,OYWWNXJFQSGJNZ-UHFFFAOYSA-N,192.25
Propyzamide,CC(C)(C#C)NC(=O)C1=CC(=CC(=C1)Cl)Cl,5344,23950-58-5,PHNUZKMIPFFYSO-UHFFFAOYSA-N,256.12
Pulegone,C[C@@H]1CCC(=C(C)C)C(=O)C1,14931,89-82-7,NZGWDASTMWDZIW-MRVPVSSYSA-N,152.23
Pyrene,C1=CC2=C3C(=C1)C=CC4=CC=CC(=C43)C=C2,2165,129-00-0,BBEAQIROQSPTKN-UHFFFAOYSA-N,202.25
Pyrene,C1=CC2=C3C(=C1)C=CC4=CC=CC(=C43)C=C2,8379,41496-25-7,BBEAQIROQSPTKN-UHFFFAOYSA-N,202.25
Pyridine,C1=CC=NC=C1,1021,110-86-1,JUJWROOIHBZHMG-UHFFFAOYSA-N,79.1
"Pyridine, 2,3,4,5-tetramethyl-6-phenyl-",CC1=C(C(=NC(=C1C)C2=CC=CC=C2)C)C,14194,80206-51-5,JCWDNHOBZOCRJB-UHFFFAOYSA-N,211.3
Pyridoxine,CC1=NC=C(C(=C1O)CO)CO,11503,65-23-6,LXNHXLLTXMVWPM-UHFFFAOYSA-N,169.18
Pyrimethanil,CC1=CC(=NC(=N1)NC2=CC=CC=C2)C,9481,53112-28-0,ZLIBICFPKPWGIZ-UHFFFAOYSA-N,199.25
"Pyrimido[4',5':5,6][1,2,4]triazino[4,3-b]indazole-2,4-diamine, N2,N2-dimethyl-N4-(1-methylethyl)-8-nitro-",CC(C)NC1=C2C(=NC(=N1)N(C)C)N3C(=C4C=C(C=CC4=N3)[N+](=O)[O-])N=N2,8080,38432-19-8,CJPNQUBNSDHCSV-UHFFFAOYSA-N,367.37
Pyrogallol,C1=CC(=C(C(=C1)O)O)O,14787,87-66-1,WQGWDDDVZFFDIG-UHFFFAOYSA-N,126.11
Pyromellitic acid,C1=C(C(=CC(=C1C(=O)O)C(=O)O)C(=O)O)C(=O)O,14920,89-05-4,CYIDZMCFTVVTJO-UHFFFAOYSA-N,254.15
Pyromellitic dianhydride,C1=C2C(=CC3=C1C(=O)OC3=O)C(=O)OC2=O,14923,89-32-7,ANSXAPJVJOKRDJ-UHFFFAOYSA-N,218.12
Pyrrole,C1=CNC=C1,7074,30604-81-0,KAESVJOAVNADME-UHFFFAOYSA-N,67.09
Pyrrolidine,C1CCNC1,1931,123-75-1,RWRDLPDLKQPQOW-UHFFFAOYSA-N,71.12
"Pyrrolo[3,4-c]pyrrole-1,4-dione, 3,6-bis(4-chlorophenyl)-2,5-dihydro-",C1=CC(=CC=C1C2=C3C(=C(N2)O)C(=NC3=O)C4=CC=C(C=C4)Cl)Cl,14512,84632-65-5,IWCLHLSTAOEFCW-UHFFFAOYSA-N,357.2
"Pyrrolo[3,4-c]pyrrole-1,4-dione, 3,6-bis[4-(1,1-dimethylethyl)phenyl]-2,5-dihydro-",CC(C)(C)C1=CC=C(C=C1)C2=C3C(=C(N2)O)C(=NC3=O)C4=CC=C(C=C4)C(C)(C)C,14511,84632-59-7,LUWZMQBKBJUDAU-UHFFFAOYSA-N,400.5
Quinacridone,C1=CC=C2C(=C1)C(=O)C3=CC4=C(C=C3N2)C(=O)C5=CC=CC=C5N4,532,1047-16-1,NRCMAYZCPIVABH-UHFFFAOYSA-N,312.3
Quinalphos,CCOP(=S)(OCC)OC1=NC2=CC=CC=C2N=C1,2714,13593-03-8,JYQUHIFYBATCCY-UHFFFAOYSA-N,298.3
Quinizarin,C1=CC=C2C(=C1)C(=O)C3=C(C=CC(=C3C2=O)O)O,14270,81-64-1,GUEIZVNYDFNHJU-UHFFFAOYSA-N,240.21
"QUINO[2,3-b]ACRIDINE-6,7,13,14(5H,12H)-TETRONE",C1=CC=C2C(=C1)C(=O)C3=C(N2)C(=O)C4=C(C3=O)NC5=CC=CC=C5C4=O,3348,1503-48-6,KSLLMGLKCVSKFF-UHFFFAOYSA-N,342.3
"Quino[2,3-b]acridine-7,14-dione, 2,9-dichloro-5,6,12,13-tetrahydro-",C1C2=C(CC3=C1NC4=C(C3=O)C=C(C=C4)Cl)NC5=C(C2=O)C=C(C=C5)Cl,9160,51085-07-5,QSHKTWMVEGIPMA-UHFFFAOYSA-N,383.2
"Quino[2,3-b]acridine-7,14-dione, 2-[(1,3-dihydro-1,3-dioxo-2H-isoindol-2-yl)methyl]-5,12-dihydro-",C1=CC=C2C(=C1)C(=O)N(C2=O)CC3=CC4=C(C=C3)NC5=C(C4=O)C=C6C(=C5)C(=O)C7=CC=CC=C7N6,13557,75641-02-0,SJIQTGOBEGYKSI-UHFFFAOYSA-N,471.5
"Quino[2,3-b]acridine-7,14-dione, 5,6,12,13-tetrahydro-",C1C2=C(CC3=C1NC4=CC=CC=C4C3=O)NC5=CC=CC=C5C2=O,10269,5862-38-4,SNDAOXYSCAWUFQ-UHFFFAOYSA-N,314.3
Quinoline,C1=CC=C2C(=C1)C=CC=N2,15340,91-22-5,SMWDFEZZVXVKRB-UHFFFAOYSA-N,129.16
Quinoline Yellow,C1=CC=C2C(=C1)C=CC(=N2)C3C(=O)C4=CC=CC=C4C3=O,14137,8003-22-3,IZMJMCDDWKSTTK-UHFFFAOYSA-N,273.3
Quinoline Yellow,C1=CC=C2C(=C1)C=CC(=N2)C3C(=O)C4=CC=CC=C4C3=O,14373,83-08-9,IZMJMCDDWKSTTK-UHFFFAOYSA-N,273.3
Quinoline-2-carbonitrile,C1=CC=C2C(=C1)C=CC(=N2)C#N,3100,1436-43-7,WDXARTMCIRVMAE-UHFFFAOYSA-N,154.17
Racemethionine,CSCCC(C(=O)O)N,10310,59-51-8,FFEARJCKVFRZRR-UHFFFAOYSA-N,149.21
"rel-9,9'-(1R,2R)-1,2-Cyclobutanediylbis-9H-carbazole",C1C[C@@H]([C@@H]1N2C3=CC=CC=C3C4=CC=CC=C42)N5C6=CC=CC=C6C7=CC=CC=C75,3281,1484-96-4,HGJYDHFRXRTNGV-HNRBIFIRSA-N,386.5
"rel-Methyl (1S,2R)-3-oxo-2-pentylcyclopentanecarboxylate",CCCCC[C@@H]1[C@H](CCC1=O)C(=O)OC,2119,1271488-66-4,UQWSOBVONQGHLN-ZJUUUORDSA-N,212.28
Resibufogenin,C[C@]12CC[C@@H](C[C@H]1CC[C@@H]3[C@@H]2CC[C@]4([C@]35[C@H](O5)C[C@@H]4C6=COC(=O)C=C6)C)O,8841,465-39-4,ATLJNLYIJOCWJE-CWMZOUAVSA-N,384.5
Resorcinol,C1=CC(=CC(=C1)O)O,866,108-46-3,GHMLBKRAJCXXBS-UHFFFAOYSA-N,110.11
Retene,CC1=C2C=CC3=C(C2=CC=C1)C=CC(=C3)C(C)C,8936,483-65-8,NXLOLUFNDSBYTP-UHFFFAOYSA-N,234.3
Retinol,CC1=C(C(CCC1)(C)C)/C=C/C(=C/C=C/C(=C/CO)/C)/C,11894,68-26-8,FPIPGXGPPPQFEQ-OVSJKPMPSA-N,286.5
Retinyl acetate,CC1=C(C(CCC1)(C)C)/C=C/C(=C/C=C/C(=C/COC(=O)C)/C)/C,2107,127-47-9,QGNJRVVDBSJHIZ-QHLGVNSISA-N,328.5
Rhodamine B base,CCN(CC)C1=CC2=C(C=C1)C3(C4=C(O2)C=C(C=C4)N(CC)CC)C5=CC=CC=C5C(=O)O3,9131,509-34-2,DZNJMLVCIZGWSC-UHFFFAOYSA-N,442.5
Riboflavin,CC1=CC2=C(C=C1C)N(C3=NC(=O)NC(=O)C3=N2)C[C@@H]([C@@H]([C@@H](CO)O)O)O,14382,83-88-5,AUNGANRZJHBGPY-SCRDCRAPSA-N,376.4
Ricinoleic acid,CCCCCC[C@H](C/C=C\CCCCCCCC(=O)O)O,2972,141-22-0,WBHHMMIMDMUBKC-QJWNTBNXSA-N,298.5
S-Benzoyl-N-(p-nitrobenzylidene)thiohydroxylamine,C1=CC=C(C=C1)C(=O)SN=CC2=CC=C(C=C2)[N+](=O)[O-],16193,139776-09-3,ZZORWWALTATITR-UHFFFAOYSA-N,286.31
Sabinen,CC(C)C12CCC(=C)C1C2,7563,3387-41-5,NDVASEGYNIMXJL-UHFFFAOYSA-N,136.23
Saccharin,C1=CC=C2C(=C1)C(=O)NS2(=O)=O,14260,81-07-2,CVHZOJJKTDOEJC-UHFFFAOYSA-N,183.19
Safrole,C=CCC1=CC2=C(C=C1)OCO2,15666,94-59-7,ZMQAAUBTXCXRIC-UHFFFAOYSA-N,162.18
Salicyl alcohol,C1=CC=C(C(=C1)CO)O,14961,90-01-7,CQRYARSYNCAZFO-UHFFFAOYSA-N,124.14
Salicylaldehyde,C1=CC=C(C(=C1)C=O)O,14962,90-02-8,SMQUZDBALVYZAC-UHFFFAOYSA-N,122.12
Salicylic Acid,C1=CC=C(C(=C1)C(=O)O)O,12580,69-72-7,YGSDEFSMJLZEOE-UHFFFAOYSA-N,138.12
Salicyloylaminotriazole,C1=CC=C(C(=C1)C(=O)NC2=NC=NN2)O,7833,36411-52-6,MZZYGYNZAOVRTG-UHFFFAOYSA-N,204.19
Santowhite,CCCC(C1=CC(=C(C=C1C)O)C(C)(C)C)C2=CC(=C(C=C2C)O)C(C)(C)C,14573,85-60-9,PFANXOISJYKQRP-UHFFFAOYSA-N,382.6
Scarlet red,CC1=CC=CC=C1N=NC2=CC(=C(C=C2)N=NC3=C(C=CC4=CC=CC=C43)O)C,14578,85-83-6,RCTGMCJBQGBLKT-UHFFFAOYSA-N,380.4
Sclarene,C[C@]12CCCC([C@@H]1CCC(=C)[C@@H]2CCC(=C)C=C)(C)C,9162,511-02-4,KYLKKZSVPLUGCC-CMKODMSKSA-N,272.5
Sebacic Acid,C(CCCCC(=O)O)CCCC(=O)O,1087,111-20-6,CXMXRPHRNRROMY-UHFFFAOYSA-N,202.25
"Sebacic acid, decyl octyl ester",CCCCCCCCCCOC(=O)CCCCCCCCC(=O)OCCCCCCCC,2008,124403-19-6,PZUXYVVFGLRVRG-UHFFFAOYSA-N,454.7
Sec-butyl 3-methylbenzoate,CCC(C)OC(=O)C1=CC=CC(=C1)C,9685,5448-57-7,PMXIMCBOCREIJN-UHFFFAOYSA-N,192.25
Sec-butyl acetate,CCC(C)OC(=O)C,566,105-46-4,DCKVNWZUADLDEH-UHFFFAOYSA-N,116.16
sec-Butyl acrylate,CCC(C)OC(=O)C=C,6950,2998-08-5,RNOOHTVUSNIPCJ-UHFFFAOYSA-N,128.17
sec-Butyl methacrylate,CCC(C)OC(=O)C(=C)C,6951,2998-18-7,VXTQKJXIZHSXBY-UHFFFAOYSA-N,142.2
sec-Butyl Methyl sulfide,CCC(C)SC,443,10359-64-5,IJRCRFQMYAJPPO-UHFFFAOYSA-N,104.22
Sec-butylbenzene,CCC(C)C1=CC=CC=C1,2669,135-98-8,ZJMWRROPUADPEA-UHFFFAOYSA-N,134.22
sec-Butylcyclohexane,CCC(C)C1CCCCC1,12786,7058-01-7,QTYARKOMFKRPSY-UHFFFAOYSA-N,140.27
"Selina-4(15),7(11)-diene",CC(=C1CC[C@]2(CCCC(=C)[C@@H]2C1)C)C,9235,515-17-3,RMZHSBMIZBMVMN-LSDHHAIUSA-N,204.35
Semicarbazide,C(=O)(N)NN,10051,57-56-7,DUIOPKIIICUYRZ-UHFFFAOYSA-N,75.07
"Silanamine, 1,1,1-triethoxy-N,N-diethyl-",CCN(CC)[Si](OCC)(OCC)OCC,7687,35077-00-0,KOFGHHIZTRGVAF-UHFFFAOYSA-N,235.4
"Silane, 1,2-ethanediylbis[dichloromethyl-",C[Si](CC[Si](C)(Cl)Cl)(Cl)Cl,7523,3353-69-3,VFURVLVRHAMJKG-UHFFFAOYSA-N,256.1
"Silane, 1,2-ethynediylbis[ethynylmethylphenyl-",C[Si](C#C)(C#C[Si](C)(C#C)C1=CC=CC=C1)C2=CC=CC=C2,2038,125499-28-7,MEGRBGJPKQYVFY-UHFFFAOYSA-N,314.5
"Silane, [2-[3(or 4)-(chloromethyl)phenyl]ethyl]trimethoxy-",CO[Si](CCC1=CC=C(C=C1)CCl)(OC)OC,11961,68128-25-6,IOLWRXMELRWXQY-UHFFFAOYSA-N,274.81
"Silane, chlorodimethyloctyl-",CCCCCCCC[Si](C)(C)Cl,4256,18162-84-0,DBKNGKYVNBJWHL-UHFFFAOYSA-N,206.83
"Silane, dichloro(2-chloroethyl)methyl-",C[Si](CCCl)(Cl)Cl,13905,7787-85-1,DBWSTBGNSJEPFT-UHFFFAOYSA-N,177.53
"Silane, dichlorododecylmethyl-",CCCCCCCCCCCC[Si](C)(Cl)Cl,4319,18407-07-3,ZAADUWCLWTWDSZ-UHFFFAOYSA-N,283.3
"Silanetriamine, N,N',N'',1-tetramethyl-",CN[Si](C)(NC)NC,4268,18209-75-1,OSCCDXHPMYNADD-UHFFFAOYSA-N,133.27
"Silicic acid (H6Si2O7), hexaethyl ester",CCO[Si](OCC)(OCC)O[Si](OCC)(OCC)OCC,4970,2157-42-8,GYTROFMCUJZKNA-UHFFFAOYSA-N,342.53
"Silicic acid, ethyl ester",CCO[Si](=O)O,1069,11099-06-2,JDAIJCNBFIWLJJ-UHFFFAOYSA-N,106.15
Silicon tetraacetate,CC(=O)O[Si](OC(=O)C)(OC(=O)C)OC(=O)C,9938,562-90-3,YZVRVDPMGYFCGL-UHFFFAOYSA-N,264.26
Simazine,CCNC1=NC(=NC(=N1)Cl)NCC,1789,122-34-9,ODCWYMIRDDJXKW-UHFFFAOYSA-N,201.66
Skatole,CC1=CNC2=CC=CC=C12,14376,83-34-1,ZFRKQXVRDFCRJG-UHFFFAOYSA-N,131.17
Solketal,CC1(OCC(O1)CO)C,27,100-79-8,RNVYQYLELCKWAN-UHFFFAOYSA-N,132.16
Solvent Blue 36,CC(C)NC1=C2C(=C(C=C1)NC(C)C)C(=O)C3=CC=CC=C3C2=O,3047,14233-37-5,BLFZMXOCPASACY-UHFFFAOYSA-N,322.4
Solvent green 3,CC1=CC=C(C=C1)NC2=C3C(=C(C=C2)NC4=CC=C(C=C4)C)C(=O)C5=CC=CC=C5C3=O,2149,128-80-3,TVRGPOFMYCMNRB-UHFFFAOYSA-N,418.5
Solvent red 1,COC1=CC=CC=C1N=NC2=C(C=CC3=CC=CC=C32)O,1893,1229-55-6,ALLOLPOYFRLCCX-UHFFFAOYSA-N,278.3
Solvent Red 135,C1=CC2=C3C(=C1)N=C4C5=C(C(=C(C(=C5Cl)Cl)Cl)Cl)C(=O)N4C3=CC=C2,4815,20749-68-2,UBZVRROHBDDCQY-UHFFFAOYSA-N,408.1
Solvent violet 13,CC1=CC=C(C=C1)NC2=C3C(=C(C=C2)O)C(=O)C4=CC=CC=C4C3=O,14268,81-48-1,LJFWQNJLLOFIJK-UHFFFAOYSA-N,329.3
Solvent yellow 157,C1=CC=C2C(=C1)C=CC(=N2)C3C(=O)C4=C(C3=O)C(=C(C(=C4Cl)Cl)Cl)Cl,6595,27908-75-4,FTQURCYYMGCGDB-UHFFFAOYSA-N,411.1
Solvent Yellow 72,CC1=NN(C(=O)C1N=NC2=CC=CC=C2OC)C3=CC=CC=C3,8836,4645-07-2,UXNFQAZIRFBOKO-UHFFFAOYSA-N,308.33
Solvent Yellow 93,CC1=NN(C(=O)C1/C=C/2\C(=NN(C2=O)C3=CC=CC=C3)C)C4=CC=CC=C4,8863,4702-90-3,QPAPQRFSPBUJAU-CPNJWEJPSA-N,358.4
Sorbic Acid,C/C=C/C=C/C(=O)O,1003,110-44-1,WSWCOQWTEOXDQX-MQQKCMAXSA-N,112.13
Sorbitan Monooleate,CCCCCCCC/C=C\CCCCCCCC(=O)OC[C@H]([C@@H]1[C@@H]([C@H](CO1)O)O)O,2551,1338-43-8,NWGKJDSIEKMTRX-AAZCQSIUSA-N,428.6
Sorbitan monostearate,CCCCCCCCCCCCCCCCCC(=O)OC[C@H]([C@@H]1[C@@H]([C@H](CO1)O)O)O,2550,1338-41-6,HVUMOYIDDBPOLL-XWVZOOPGSA-N,430.6
"Sorbitan, monodocosanoate",CCCCCCCCCCCCCCCCCCCCCC(=O)O[C@H](CO)C1[C@@H]([C@H](CO1)O)O,10973,62568-11-0,GIZXIPWWFZNWJP-LUZHYNNESA-N,486.7
"Sorbitan, octanoate (2:3)",CCCCCCCC(=O)OC([C@@H]([C@H]([C@@H]([C@@H](CO)O)O)O)O)O,15437,91844-53-0,DRDLXVUYNXNFPO-GQYPCLOQSA-N,324.37
Sorbitol,C([C@H]([C@H]([C@@H]([C@H](CO)O)O)O)O)O,9029,50-70-4,FBPFZTCFMRRESA-JGWLITMVSA-N,182.17
Span(R) 20,CCCCCCCCCCCC(=O)OCC([C@@H]1[C@@H]([C@H](CO1)O)O)O,2549,1338-39-2,LWZFANDGMFTDAV-WYDSMHRWSA-N,346.5
Spathulenol,C[C@@]1(CC[C@@H]2[C@@H]1[C@H]3[C@H](C3(C)C)CCC2=C)O,11760,6750-60-3,FRMCCTDTYSRUBE-BGPZULBFSA-N,220.35
Spectraban,CC(C)CCOC(=O)C1=CC=C(C=C1)N(C)C,4909,21245-01-2,OFSAUHSCHWRZKM-UHFFFAOYSA-N,235.32
"Spiro-1-(cyclohex-2-ene)-2'-(5'-oxabicyclo[2.1.0]pentane), 1',4',2,6,6-pentamethyl-",CC1=CCCC(C12CC3(C2(O3)C)C)(C)C,9821,55469-37-9,VWRLEYGMSWVWBQ-UHFFFAOYSA-N,206.32
"Spiro[2.4]hepta-4,6-diene",C1CC12C=CC=C2,13663,765-46-8,KPDOKSJMJMDRQA-UHFFFAOYSA-N,92.14
Spiro[2.5]octane,C1CCC2(CC1)CC2,4344,185-65-9,FOEYMRPOKBCNCR-UHFFFAOYSA-N,110.2
"Spiro[4.5]dec-7-ene, 1,8-dimethyl-4-(1-methylethenyl)-",CC1CCC(C12CCC(=CC2)C)C(=C)C,3245,147515-12-6,DVBSKQAFCDJNSL-UHFFFAOYSA-N,204.35
"Spiro[5.5]undecane-1,7-dione",C1CCC2(CCCCC2=O)C(=O)C1,7193,31251-68-0,MZJOHIUPSBPBDB-UHFFFAOYSA-N,180.24
Spironolactone,CC(=O)S[C@@H]1CC2=CC(=O)CC[C@@]2([C@@H]3[C@@H]1[C@@H]4CC[C@]5([C@]4(CC3)C)CCC(=O)O5)C,9299,52-01-7,LXMSZDCAJNLERA-ZHYRCANASA-N,416.6
Spisulosine,CCCCCCCCCCCCCCC[C@H]([C@H](C)N)O,4601,196497-48-0,YRYJJIXWWQLGGV-ZWKOTPCHSA-N,285.5
Squalene,CC(=CCC/C(=C/CC/C(=C/CC/C=C(/CC/C=C(/CCC=C(C)C)\C)\C)/C)/C)C,1076,111-02-4,YYGNTYWPHWGJRM-AAJYLUCBSA-N,410.7
Squalene,CC(=CCC/C(=C/CC/C(=C/CC/C=C(/CC/C=C(/CCC=C(C)C)\C)\C)/C)/C)C,13700,7683-64-9,YYGNTYWPHWGJRM-AAJYLUCBSA-N,410.7
Stearic Acid,CCCCCCCCCCCCCCCCCC(=O)O,10043,57-11-4,QIQXTHQIDYTFRH-UHFFFAOYSA-N,284.5
Stearonitrile,CCCCCCCCCCCCCCCCCC#N,11221,638-65-3,RHSBIGNQEIPSCT-UHFFFAOYSA-N,265.5
Stearyl acrylate,CCCCCCCCCCCCCCCCCCOC(=O)C=C,8925,4813-57-4,FSAJWMJJORKPKS-UHFFFAOYSA-N,324.5
Stearyl Alcohol,CCCCCCCCCCCCCCCCCCO,1261,112-92-5,GLDOVTGHNKAZLK-UHFFFAOYSA-N,270.5
Stearyl citrate,CCCCCCCCCCCCCCCCCCOC(=O)CC(CC(=O)O)(C(=O)O)O,2428,1323-66-6,REVZBRXEBPWDRA-UHFFFAOYSA-N,444.6
Stearyl methacrylate,CCCCCCCCCCCCCCCCCCOC(=O)C(=C)C,7349,32360-05-7,HMZGPNHSPWNGEP-UHFFFAOYSA-N,338.6
Stearyldiethanolamine,CCCCCCCCCCCCCCCCCCN(CCO)CCO,316,10213-78-2,NDLNTMNRNCENRZ-UHFFFAOYSA-N,357.6
Stigmast-4-en-3-one,CC[C@H](CC[C@@H](C)[C@H]1CC[C@@H]2[C@@]1(CC[C@H]3[C@H]2CCC4=CC(=O)CC[C@]34C)C)C(C)C,616,1058-61-3,RUVUHIUYGJBLGI-XJZKHKOHSA-N,412.7
Stigmastane,CC[C@H](CC[C@@H](C)[C@H]1CC[C@@H]2[C@@]1(CC[C@H]3[C@H]2CCC4[C@@]3(CCCC4)C)C)C(C)C,10482,601-58-1,GKBHKNPLNHLYHT-LWQAOISPSA-N,400.7
Stigmasterol,CC[C@H](/C=C/[C@@H](C)[C@H]1CC[C@@H]2[C@@]1(CC[C@H]3[C@H]2CC=C4[C@@]3(CC[C@@H](C4)O)C)C)C(C)C,14380,83-48-7,HCXVJBMSMIARIN-PHZDYDNGSA-N,412.7
Styrene,C=CC1=CC=CC=C1,11,100-42-5,PPBRXRYQALVLMV-UHFFFAOYSA-N,104.15
Styrene oxide,C1C(O1)C2=CC=CC=C2,15867,96-09-3,AWMVMTVKBNGEAK-UHFFFAOYSA-N,120.15
Suberic acid,C(CCCC(=O)O)CCC(=O)O,9079,505-48-6,TYFQFVWCELRYAO-UHFFFAOYSA-N,174.19
Succinic Acid,C(CC(=O)O)C(=O)O,983,110-15-6,KDYFGRWQOYBRFD-UHFFFAOYSA-N,118.09
Succinic acid peroxide,C(CC(=O)OOC(=O)CCC(=O)O)C(=O)O,1906,123-23-9,MKTOIPPVFPJEQO-UHFFFAOYSA-N,234.16
"Succinic acid, 2-(2-chlorophenoxy)ethyl ethyl ester",CCOC(=O)CCC(=O)OCCOC1=CC=CC=C1Cl,16612,,CHSIRNHJPJDHLW-UHFFFAOYSA-N,300.73
Succinic anhydride,C1CC(=O)OC1=O,856,108-30-5,RINCXYDBBGOEEQ-UHFFFAOYSA-N,100.07
Succinic dihydrazide,C(CC(=O)NN)C(=O)NN,8368,4146-43-4,HCOMFAYPHBFMKU-UHFFFAOYSA-N,146.15
Succinimide,C1CC(=O)NC1=O,1923,123-56-8,KZNICNPSHKQLFF-UHFFFAOYSA-N,99.09
Succinonitrile,C(CC#N)C#N,1010,110-61-2,IAHFWCOBPZCAEA-UHFFFAOYSA-N,80.09
Sucrose,C([C@@H]1[C@H]([C@@H]([C@H]([C@H](O1)O[C@]2([C@H]([C@@H]([C@H](O2)CO)O)O)CO)O)O)O)O,10049,57-50-1,CZMRCDWAGMRECN-UGDNZRGBSA-N,342.3
"Sucrose, monoallyl ether",C=CCO[C@@H]1[C@H]([C@@H]([C@H](O[C@@H]1O[C@@]2([C@H]([C@@H]([C@H](O2)CO)O)O)CO)CO)O)O,1599,12002-22-1,PUHSGHNPZPIVLH-WYJKLPQKSA-N,382.36
Sudan black B,CC1(NC2=C3C(=C(C=C2)N=NC4=CC=C(C5=CC=CC=C54)N=NC6=CC=CC=C6)C=CC=C3N1)C,8428,4197-25-5,YCUVUDODLRLVIC-UHFFFAOYSA-N,456.5
Sudan Brown RR,C1=CC=C2C(=C1)C=CC=C2N=NC3=C(C=C(C=C3)N)N,11286,6416-57-5,AHWMWMNEYBHQNL-UHFFFAOYSA-N,262.31
Sudan I,C1=CC=C(C=C1)N=NC2=C(C=CC3=CC=CC=C32)O,14483,842-07-9,MRQIXHXHHPWVIL-UHFFFAOYSA-N,248.28
Sudan II,CC1=CC(=C(C=C1)N=NC2=C(C=CC3=CC=CC=C32)O)C,7188,3118-97-6,JBTHDAVBDKKSRW-UHFFFAOYSA-N,276.3
Sudan III,C1=CC=C(C=C1)N=NC2=CC=C(C=C2)N=NC3=C(C=CC4=CC=CC=C43)O,14579,85-86-9,FHNINJWBTRXEBC-UHFFFAOYSA-N,352.4
Sudan Red 7B,CCNC1=C(C2=CC=CC=C2C=C1)N=NC3=CC=C(C=C3)N=NC4=CC=CC=C4,11200,6368-72-5,VKWNTWQXVLKCSG-UHFFFAOYSA-N,379.5
Sudan Red B,CC1=CC(=CC=C1)N=NC2=C(C=C(C=C2)N=NC3=C(C=CC4=CC=CC=C43)O)C,7270,3176-79-2,NHXXLZBKTKNTEF-UHFFFAOYSA-N,380.4
Sulfanilic acid,C1=CC(=CC=C1N)S(=O)(=O)O,1724,121-57-3,HVBSAKJJOYLTQU-UHFFFAOYSA-N,173.19
Sulfolane,C1CCS(=O)(=O)C1,2053,126-33-0,HXJUTPCZVOIRIF-UHFFFAOYSA-N,120.17
Sulfosuccinic acid,C(C(C(=O)O)S(=O)(=O)O)C(=O)O,9222,5138-18-1,ULUAUXLGCMPNKK-UHFFFAOYSA-N,198.15
"Sulfurous acid, 2-ethylhexyl isohexyl ester",CCCCC(CC)COS(=O)OCCCC(C)C,17215,,WAMXUMONYFATAP-UHFFFAOYSA-N,278.45
"Sulfurous acid, 2-ethylhexyl octadecyl ester",CCCCCCCCCCCCCCCCCCOS(=O)OCC(CC)CCCC,17418,,JBYTXZITIKWYGX-UHFFFAOYSA-N,446.8
"Sulfurous acid, 2-propyl undecyl ester",CCCCCCCCCCCOS(=O)OC(C)C,16613,,OKEGTUGDOLJWGO-UHFFFAOYSA-N,278.45
"Sulfurous acid, butyl decyl ester",CCCCCCCCCCOS(=O)OCCCC,17193,,JBVHMGZUWGSNEG-UHFFFAOYSA-N,278.45
"Sulfurous acid, butyl dodecyl ester",CCCCCCCCCCCCOS(=O)OCCCC,15835,959095-65-9,YAPWCTMDKNJQRU-UHFFFAOYSA-N,306.5
"Sulfurous acid, decyl 2-ethylhexyl ester",CCCCCCCCCCOS(=O)OCC(CC)CCCC,17399,,VOHWBXINGUVCCT-UHFFFAOYSA-N,334.6
"Sulfurous acid, dodecyl 2-propyl ester",CCCCCCCCCCCCOS(=O)OC(C)C,15819,959002-57-4,XIDCDJNCSIIMNH-UHFFFAOYSA-N,292.5
"Sulfurous acid, dodecyl pentyl ester",CCCCCCCCCCCCOS(=O)OCCCCC,17194,,IGJMFVAPVPONIA-UHFFFAOYSA-N,320.5
"Sulfurous acid, octadecyl pentyl ester",CCCCCCCCCCCCCCCCCCOS(=O)OCCCCC,17605,,MUGLBKVIXNFMSC-UHFFFAOYSA-N,404.7
"Sulfurous acid, pentadecyl 2-propyl ester",CCCCCCCCCCCCCCCOS(=O)OC(C)C,17195,,BASIKHNNFOJBOF-UHFFFAOYSA-N,334.6
Sulisobenzone,COC1=C(C=C(C(=C1)O)C(=O)C2=CC=CC=C2)S(=O)(=O)O,8284,4065-45-6,CXVGEDCSTKKODG-UHFFFAOYSA-N,308.31
"syn-Tricyclo[5.1.0.0(2,4)]oct-5-ene, 3,3,5,6,8,8-hexamethyl-",CC1=C(C2C(C2(C)C)C3C1C3(C)C)C,16707,,WXFVNBKWGUKJJX-UHFFFAOYSA-N,190.32
Tebuconazole,CC(C)(C)C(CCC1=CC=C(C=C1)Cl)(CN2C=NC=N2)O,824,107534-96-3,PXMNMQRDXWABCY-UHFFFAOYSA-N,307.82
Terbuthylazine,CCNC1=NC(=NC(=N1)Cl)NC(C)(C)C,10349,5915-41-3,FZXISNSWEXTPMF-UHFFFAOYSA-N,229.71
Terbutryn,CCNC1=NC(=NC(=N1)SC)NC(C)(C)C,14902,886-50-0,IROINLKCQGIITA-UHFFFAOYSA-N,241.36
Terephthalaldehyde,C1=CC(=CC=C1C=O)C=O,10928,623-27-8,KUCOHFSKRZZVRO-UHFFFAOYSA-N,134.13
Terephthalic acid,C1=CC(=CC=C1C(=O)O)C(=O)O,6,100-21-0,KKEYFWRCBNTPAC-UHFFFAOYSA-N,166.13
Terephthaloyl chloride,C1=CC(=CC=C1C(=O)Cl)C(=O)Cl,5,100-20-9,LXEJRKJRKIFVNY-UHFFFAOYSA-N,203.02
Terpinolene,CC1=CCC(=C(C)C)CC1,10264,586-62-9,MOYAFQVGZZPNRA-UHFFFAOYSA-N,136.23
tert-Amyl hydroperoxide,CCC(C)(C)OO,7598,3425-61-4,XRXANEMIFVRKLN-UHFFFAOYSA-N,104.15
tert-Amyl peroxy 2-ethylhexyl carbonate,CCCCC(CC)COC(=O)OOC(C)(C)CC,12814,70833-40-8,HTCRKQHJUYBQTK-UHFFFAOYSA-N,260.37
tert-Amyl peroxy-2-ethylhexanoate,CCCCC(CC)C(=O)OOC(C)(C)CC,12346,686-31-7,IFXDUNDBQDXPQZ-UHFFFAOYSA-N,230.34
tert-Amylbenzene,CCC(C)(C)C1=CC=CC=C1,4761,2049-95-8,QHTJSSMHBLGUHV-UHFFFAOYSA-N,148.24
tert-Butanol,CC(C)(C)O,13485,75-65-0,DKGAVHZHDRPRBM-UHFFFAOYSA-N,74.12
tert-Butoxybenzene,CC(C)(C)OC1=CC=CC=C1,11699,6669-13-2,PNKZBZPLRKCVLI-UHFFFAOYSA-N,150.22
tert-Butyl 2-ethylperoxybutyrate,CCC(CC)C(=O)OOC(C)(C)C,5890,2550-33-6,KXYJPVZMZBJJBZ-UHFFFAOYSA-N,188.26
Tert-butyl 2-methylpropanoate,CC(C)C(=O)OC(C)(C)C,3947,16889-72-8,KVWOTUDBCFBGFJ-UHFFFAOYSA-N,144.21
"Tert-butyl 3,5,5-trimethylhexaneperoxoate",CC(CC(=O)OOC(C)(C)C)CC(C)(C)C,2307,13122-18-4,VSJBBIJIXZVVLQ-UHFFFAOYSA-N,230.34
Tert-butyl acetate,CC(=O)OC(C)(C)C,9601,540-88-5,WMOVHXAZOJBABW-UHFFFAOYSA-N,116.16
tert-Butyl acrylate,CC(C)(C)OC(=O)C=C,3887,1663-39-4,ISXSCDLOGDJUNJ-UHFFFAOYSA-N,128.17
tert-Butyl carbamate,CC(C)(C)OC(=O)N,8487,4248-19-5,LFKDJXLFVYVEFG-UHFFFAOYSA-N,117.15
tert-Butyl cumyl peroxide,CC(C)(C)OOC(C)(C)C1=CC=CC=C1,7636,3457-61-2,BIISIZOQPWZPPS-UHFFFAOYSA-N,208.3
tert-Butyl glycidyl ether,CC(C)(C)OCC1CO1,13682,7665-72-7,SFJRUJUEMVAZLM-UHFFFAOYSA-N,130.18
Tert-butyl hexadecanoate,CCCCCCCCCCCCCCCC(=O)OC(C)(C)C,7187,31158-91-5,QESUPNPIYGFLCJ-UHFFFAOYSA-N,312.5
tert-Butyl Hydroperoxide,CC(C)(C)OO,13501,75-91-2,CIHOLLKRGTVIJN-UHFFFAOYSA-N,90.12
tert-Butyl isopropyl ether,CC(C)OC(C)(C)C,4082,17348-59-3,HNFSPSWQNZVCTB-UHFFFAOYSA-N,116.2
tert-Butyl methacrylate,CC(=C)C(=O)OC(C)(C)C,10246,585-07-9,SJMYWORNLPSJQO-UHFFFAOYSA-N,142.2
tert-Butyl octaneperoxoate,CCCCCCCC(=O)OOC(C)(C)C,2641,13467-82-8,BWSZXUOMATYHHI-UHFFFAOYSA-N,216.32
tert-Butyl peroxyacetate,CC(=O)OOC(C)(C)C,777,107-71-1,SWAXTRYEYUTSAP-UHFFFAOYSA-N,132.16
tert-Butyl peroxybenzoate,CC(C)(C)OOC(=O)C1=CC=CC=C1,10643,614-45-9,GJBRNHKUVLOCEB-UHFFFAOYSA-N,194.23
tert-Butyl peroxyisobutyrate,CC(C)C(=O)OOC(C)(C)C,918,109-13-7,PFBLRDXPNUJYJM-UHFFFAOYSA-N,160.21
tert-Butyl peroxypivalate,CC(C)(C)C(=O)OOC(C)(C)C,15517,927-07-1,OPQYOFWUFGEMRZ-UHFFFAOYSA-N,174.24
Tert-butyl propaneperoxoate,CCC(=O)OOC(C)(C)C,3038,14206-05-4,BBXFLQCFPROIMX-UHFFFAOYSA-N,146.18
tert-Butyl vinyl ether,CC(C)(C)OC=C,15510,926-02-3,PGYJSURPYAAOMM-UHFFFAOYSA-N,100.16
tert-Butylbenzene,CC(C)(C)C1=CC=CC=C1,15986,98-06-6,YTZKOQUCBOVLHL-UHFFFAOYSA-N,134.22
tert-Butylchlorodiphenylsilane,CC(C)(C)[Si](C1=CC=CC=C1)(C2=CC=CC=C2)Cl,10243,58479-61-1,MHYGQXWCZAYSLJ-UHFFFAOYSA-N,274.86
Tert-Butyldimethylsilyl chloride,CC(C)(C)[Si](C)(C)Cl,4254,18162-48-6,BCNZYOJHNLTNEZ-UHFFFAOYSA-N,150.72
Tert-Butylhydroquinone,CC(C)(C)C1=C(C=CC(=C1)O)O,4572,1948-33-0,BGNXCDMCOKJUMV-UHFFFAOYSA-N,166.22
tert-Butylperoxy 2-ethylhexyl carbonate,CCCCC(CC)COC(=O)OOC(C)(C)C,7622,34443-12-4,BRQMAAFGEXNUOL-UHFFFAOYSA-N,246.34
tert-Butylphenyl diphenyl phosphate,CC(C)(C)C1=CC=CC=C1OP(=O)(OC2=CC=CC=C2)OC3=CC=CC=C3,10019,56803-37-3,VDIFKDMFGPIVCQ-UHFFFAOYSA-N,382.4
tert-Butylurea,CC(C)(C)NC(=O)N,1186,1118-12-3,JLEHSYHLHLHPAL-UHFFFAOYSA-N,116.16
Tert-dodecanethiol,CC(C)C(C)(C)C(C)(C)C(C)(C)S,5721,25103-58-6,YAJYJWXEWKRTPO-UHFFFAOYSA-N,202.4
tert-Nonanethiol,CCCCCCC(C)(C)S,5863,25360-10-5,MPBLPZLNKKGCGP-UHFFFAOYSA-N,160.32
tert-Octylamine,CC(C)(C)CC(C)(C)N,769,107-45-9,QIJIUJYANDSEKG-UHFFFAOYSA-N,129.24
Testosterone,C[C@]12CC[C@H]3[C@H]([C@@H]1CC[C@@H]2O)CCC4=CC(=O)CC[C@]34C,10174,58-22-0,MUMGGOZAMZWBJJ-DYKIIFRCSA-N,288.4
Tetra-(methylethylketoxime)silane,CC/C(=N/O[Si](O/N=C(/CC)\C)(O/N=C(/CC)\C)O/N=C(/CC)\C)/C,7595,34206-40-1,INETXKGLHYNTHK-AQWWNALJSA-N,372.53
Tetrabromophthalic acid,C1(=C(C(=C(C(=C1Br)Br)Br)Br)C(=O)O)C(=O)O,2825,13810-83-8,XIRDTMSOGDWMOX-UHFFFAOYSA-N,481.71
Tetrabromophthalic anhydride,C12=C(C(=C(C(=C1Br)Br)Br)Br)C(=O)OC2=O,11102,632-79-1,QHWKHLYUUZGSCW-UHFFFAOYSA-N,463.7
Tetrabutylthiuram disulfide,CCCCN(CCCC)C(=S)SSC(=S)N(CCCC)CCCC,3803,1634-02-2,PGAXJQVAHDTGBB-UHFFFAOYSA-N,408.8
Tetrachlorobisphenol A,CC(C)(C1=CC(=C(C(=C1)Cl)O)Cl)C2=CC(=C(C(=C2)Cl)O)Cl,14053,79-95-8,KYPYTERUKNKOLP-UHFFFAOYSA-N,366.1
Tetrachloroethylene,C(=C(Cl)Cl)(Cl)Cl,2100,127-18-4,CYTYCFOTNPOANT-UHFFFAOYSA-N,165.8
Tetrachlorophthalic acid,C1(=C(C(=C(C(=C1Cl)Cl)Cl)Cl)C(=O)O)C(=O)O,11099,632-58-6,WZHHYIOUKQNLQM-UHFFFAOYSA-N,303.9
Tetrachlorophthalic anhydride,C12=C(C(=C(C(=C1Cl)Cl)Cl)Cl)C(=O)OC2=O,1417,117-08-8,AUHHYELHRWCWEZ-UHFFFAOYSA-N,285.9
Tetracosan-3-one,CCCCCCCCCCCCCCCCCCCCCC(=O)CC,17217,,HQCGTIYCZSJFDL-UHFFFAOYSA-N,352.6
Tetracosan-5-one,CCCCCCCCCCCCCCCCCCCC(=O)CCCC,17448,,HYDQPBUHOARBJN-UHFFFAOYSA-N,352.6
Tetracosanal,CCCCCCCCCCCCCCCCCCCCCCCC=O,10164,57866-08-7,HGINZVDZNQJVLQ-UHFFFAOYSA-N,352.6
Tetracosanamide,CCCCCCCCCCCCCCCCCCCCCCCC(=O)N,405,103212-81-3,ZAYKUYSGARCXKQ-UHFFFAOYSA-N,367.7
Tetracosanamide,CCCCCCCCCCCCCCCCCCCCCCCC(=O)N,3714,1611477-48-5,ZAYKUYSGARCXKQ-UHFFFAOYSA-N,367.7
Tetracosane,CCCCCCCCCCCCCCCCCCCCCCCC,11407,646-31-1,POOSGDOYLQNASK-UHFFFAOYSA-N,338.7
Tetracosanoic acid,CCCCCCCCCCCCCCCCCCCCCCCC(=O)O,9861,557-59-5,QZZGJDVWLFXDLK-UHFFFAOYSA-N,368.6
Tetradecahydroanthracene,C1CCC2CC3CCCCC3CC2C1,6627,28071-99-0,GVJFFQYXVOJXFI-UHFFFAOYSA-N,192.34
Tetradecahydrophenanthrene,C1CCC2C(C1)CCC3C2CCCC3,10114,5743-97-5,GNMCGMFNBARSIY-UHFFFAOYSA-N,192.34
Tetradecanal,CCCCCCCCCCCCCC=O,1981,124-25-4,UHUFTBALEZWWIH-UHFFFAOYSA-N,212.37
Tetradecanamide,CCCCCCCCCCCCCC(=O)N,11220,638-58-4,QEALYLRSRQDCRA-UHFFFAOYSA-N,227.39
"Tetradecanamide, N-[3-(dimethylamino)propyl]-",CCCCCCCCCCCCCC(=O)NCCCN(C)C,8758,45267-19-4,IFYDWYVPVAMGRO-UHFFFAOYSA-N,312.5
Tetradecane,CCCCCCCCCCCCCC,11031,629-59-4,BGHCVCJVXZWKCC-UHFFFAOYSA-N,198.39
Tetradecanedioic acid,C(CCCCCCC(=O)O)CCCCCC(=O)O,14315,821-38-5,HQHCYKULIHKCEB-UHFFFAOYSA-N,258.35
Tetradecyl acrylate,CCCCCCCCCCCCCCOC(=O)C=C,4985,21643-42-5,XZHNPVKXBNDGJD-UHFFFAOYSA-N,268.4
Tetradecyl benzoate,CCCCCCCCCCCCCCOC(=O)C1=CC=CC=C1,12795,70682-72-3,YQOBYINWABKLFC-UHFFFAOYSA-N,318.5
Tetradecyl benzoate,CCCCCCCCCCCCCCOC(=O)C1=CC=CC=C1,17681,,YQOBYINWABKLFC-UHFFFAOYSA-N,318.5
Tetradecyl glycidyl ether,CCCCCCCCCCCCCCOCC1CO1,8133,38954-75-5,NVKSMKFBUGBIGE-UHFFFAOYSA-N,270.5
Tetradecyl methacrylate,CCCCCCCCCCCCCCOC(=O)C(=C)C,5880,2549-53-3,ATZHWSYYKQKSSY-UHFFFAOYSA-N,282.5
Tetradecyl trifluoroacetate,CCCCCCCCCCCCCCOC(=O)C(F)(F)F,10906,6222-02-2,UVIFJLAXCAKUFR-UHFFFAOYSA-N,310.39
Tetradecylamine,CCCCCCCCCCCCCCN,4683,2016-42-4,PLZVEHJLHYMBBY-UHFFFAOYSA-N,213.4
Tetradecylbenzene,CCCCCCCCCCCCCCC1=CC=CC=C1,3171,1459-10-5,JZALLXAUNPOCEU-UHFFFAOYSA-N,274.5
Tetradecyldiethanolamine,CCCCCCCCCCCCCCN(CCO)CCO,4467,18924-66-8,CPHJEACXPATRSU-UHFFFAOYSA-N,301.5
Tetradifon,C1=CC(=CC=C1S(=O)(=O)C2=CC(=C(C=C2Cl)Cl)Cl)Cl,1394,116-29-0,MLGCXEBRWGEOQX-UHFFFAOYSA-N,356
Tetraethyl orthosilicate,CCO[Si](OCC)(OCC)OCC,13947,78-10-4,BOTDANWDWHJENH-UHFFFAOYSA-N,208.33
Tetraethylene glycol,C(COCCOCCOCCO)O,1242,112-60-7,UWHCKJMYHZGTIT-UHFFFAOYSA-N,194.23
Tetraethylene glycol diacrylate,C=CC(=O)OCCOCCOCCOCCOC(=O)C=C,4187,17831-71-9,HCLJOFJIQIJXHS-UHFFFAOYSA-N,302.32
Tetraethylene glycol dimethacrylate,CC(=C)C(=O)OCCOCCOCCOCCOC(=O)C(=C)C,920,109-17-1,LTHJXDSHSVNJKG-UHFFFAOYSA-N,330.37
Tetraethylene glycol monododecyl ether,CCCCCCCCCCCCOCCOCCOCCOCCO,9437,5274-68-0,WPMWEFXCIYCJSA-UHFFFAOYSA-N,362.5
Tetraethylenepentamine,C(CNCCNCCNCCN)N,1240,112-57-2,FAGUFWYHJQFNRV-UHFFFAOYSA-N,189.3
"Tetrafluoro-1,4-benzoquinone",C1(=C(C(=O)C(=C(C1=O)F)F)F)F,9427,527-21-9,JKLYZOGJWVAIQS-UHFFFAOYSA-N,180.06
Tetrafluoroethylene,C(=C(F)F)(F)F,1392,116-14-3,BFKJFAAPBSQJPD-UHFFFAOYSA-N,100.01
Tetrafluoroethylene,C(=C(F)F)(F)F,15005,9002-84-0,BFKJFAAPBSQJPD-UHFFFAOYSA-N,100.01
"Tetrahydro-1,3-bis(hydroxymethyl)-4-methoxy-5,5-dimethyl-1H-pyrimidin-2-one",CC1(CN(C(=O)N(C1OC)CO)CO)C,2785,13747-12-1,VGBDEALNUKLDKK-UHFFFAOYSA-N,218.25
Tetrahydro-2-(12-pentadecynyloxy)-2H-pyran,CCC#CCCCCCCCCCCCOC1CCCCO1,10002,56666-38-7,FPZIWAZYWJJTIZ-UHFFFAOYSA-N,308.5
Tetrahydro-3-pentyl-2H-pyran-4-yl acetate,CCCCCC1COCCC1OC(=O)C,4434,18871-14-2,VSRVCSJJKWDZSH-UHFFFAOYSA-N,214.3
Tetrahydroabietyl alcohol,CC(C)C1CC[C@H]2C(C1)CC[C@@H]3[C@@]2(CCC[C@@]3(C)CO)C,2554,13393-93-6,KBAYQFWFCOOCIC-GJTWTXHOSA-N,292.5
Tetrahydrofuran,C1CCOC1,956,109-99-9,WYURNTSHIVDZCO-UHFFFAOYSA-N,72.11
Tetrahydrofurfuryl acetate,CC(=O)OCC1CCCO1,11202,637-64-9,AAQDYYFAFXGBFZ-UHFFFAOYSA-N,144.17
Tetrahydrofurfuryl acrylate,C=CC(=O)OCC1CCCO1,5354,2399-48-6,YNXCGLKMOXLBOD-UHFFFAOYSA-N,156.18
Tetrahydrofurfuryl alcohol,C1CC(OC1)CO,15941,97-99-4,BSYVTEYKTMYBMK-UHFFFAOYSA-N,102.13
Tetrahydrofurfuryl methacrylate,CC(=C)C(=O)OCC1CCCO1,5465,2455-24-5,LCXXNKZQVOXMEH-UHFFFAOYSA-N,170.21
Tetrahydrolavandulol,CC(C)CCC(CO)C(C)C,4776,2051-33-4,SFIQHFBITUEIBP-UHFFFAOYSA-N,158.28
Tetrahydrophthalic anhydride,C1C=CCC2C1C(=O)OC2=O,14571,85-43-8,KMOUUZVZFBCRAM-UHFFFAOYSA-N,152.15
Tetrakis(2-butoxyethyl) orthosilicate,CCCCOCCO[Si](OCCOCCCC)(OCCOCCCC)OCCOCCCC,4392,18765-38-3,KWBZWRZCDGHBIQ-UHFFFAOYSA-N,496.7
Tetrakis(2-ethoxyethyl) orthosilicate,CCOCCO[Si](OCCOCC)(OCCOCC)OCCOCC,4320,18407-94-8,OTTUQUOINFJTBJ-UHFFFAOYSA-N,384.54
Tetrakis(2-methoxyethoxy)silane,COCCO[Si](OCCOC)(OCCOC)OCCOC,4971,2157-45-1,JSECNWXDEZOMPD-UHFFFAOYSA-N,328.43
Tetrakis(vinyldimethylsiloxy)silane,C[Si](C)(C=C)O[Si](O[Si](C)(C)C=C)(O[Si](C)(C)C=C)O[Si](C)(C)C=C,10485,60111-54-8,JMTMWSZLPHDWBQ-UHFFFAOYSA-N,432.9
Tetramethoxysilane,CO[Si](OC)(OC)OC,11956,681-84-5,LFQCEHFDDXELDD-UHFFFAOYSA-N,152.22
Tetramethrin,CC(=CC1C(C1(C)C)C(=O)OCN2C(=O)C3=C(C2=O)CCCC3)C,13713,7696-12-0,CXBMCYHAMVGWJQ-UHFFFAOYSA-N,331.4
"Tetramethyl ((1,1'-biphenyl)-4,4'-diylbis(methylene))bisphosphonate",COP(=O)(CC1=CC=C(C=C1)C2=CC=C(C=C2)CP(=O)(OC)OC)OC,6495,27344-43-0,YVTQGHMZUNKCTQ-UHFFFAOYSA-N,398.3
Tetramethylol acetylenediurea,C(N1C2C(N(C1=O)CO)N(C(=O)N2CO)CO)O,9583,5395-50-6,UUGLSEIATNSHRI-UHFFFAOYSA-N,262.22
Tetramethylsebacamide,CN(C)C(=O)CCCCCCCCC(=O)N(C)C,2585,13424-83-4,JMUQDPZSXKUXTI-UHFFFAOYSA-N,256.38
Tetramethylsilane,C[Si](C)(C)C,13492,75-76-3,CZDYPVPMEAXLPK-UHFFFAOYSA-N,88.22
Tetramethylsuccinonitrile,CC(C)(C#N)C(C)(C)C#N,7483,3333-52-6,ZVQXQPNJHRNGID-UHFFFAOYSA-N,136.19
Tetramethylthiuram monosulfide,CN(C)C(=S)SC(=S)N(C)C,15930,97-74-5,REQPQFUJGGOFQL-UHFFFAOYSA-N,208.4
Tetramethylurea,CN(C)C(=O)N(C)C,11096,632-22-4,AVQQQNCBBIEMEU-UHFFFAOYSA-N,116.16
Tetrapropyl orthosilicate,CCCO[Si](OCCC)(OCCC)OCCC,12056,682-01-9,ZQZCOBSUOFHDEE-UHFFFAOYSA-N,264.43
Tetrapropylene glycol,CC(CO)OCC(C)OCC(C)OCC(C)O,5523,24800-25-7,QVHMSMOUDQXMRS-UHFFFAOYSA-N,250.33
Tetrapropylenebenzenesulfonic acid,CC1CC2=C1C3=C(C4=C2C(C45CC5C)C)S(=O)(=O)OC(C3)C,1047,11067-81-5,FODHIQQNHOPUKH-UHFFFAOYSA-N,318.4
Tetratriacontane,CCCCCCCCCCCCCCCCCCCCCCCCCCCCCCCCCC,3005,14167-59-0,GWVDBZWVFGFBCN-UHFFFAOYSA-N,478.9
Tetronic acid,C1C(=O)COC1=O,9000,4971-56-6,JCGNDDUYTRNOFT-UHFFFAOYSA-N,100.07
Texanol,CC(C)C(C(C)(C)COC(=O)C(C)C)O,5830,25265-77-4,DAFHKNAQFPVRKR-UHFFFAOYSA-N,216.32
Texanol,CC(C)C(C(C)(C)COC(=O)C(C)C)O,13725,77-68-9,DAFHKNAQFPVRKR-UHFFFAOYSA-N,216.32
Thiabendazole,C1=CC=C2C(=C1)NC(=N2)C3=CSC=N3,3265,148-79-8,WJCNZQLZVWNLKY-UHFFFAOYSA-N,201.25
Thiacloprid,C1CSC(=NC#N)N1CC2=CN=C(C=C2)Cl,1200,111988-49-9,HOKKPVIRMVDYPB-UHFFFAOYSA-N,252.72
Thiamethoxam,CN\1COCN(/C1=N/[N+](=O)[O-])CC2=CN=C(S2)Cl,3443,153719-23-4,NWWZPOKUUAIXIW-DHZHZOJOSA-N,291.72
Thioacetamide,CC(=S)N,10852,62-55-5,YUKQRDCYNOVPGJ-UHFFFAOYSA-N,75.14
"Thiocarbamic acid, N,N-dimethyl, S-1,3-diphenyl-2-butenyl ester",C/C(=C\C(C1=CC=CC=C1)SC(=O)N(C)C)/C2=CC=CC=C2,16618,,ZZVJFOILOLRPMZ-CCEZHUSRSA-N,311.4
Thiocarbanilide,C1=CC=C(C=C1)NC(=S)NC2=CC=CC=C2,280,102-08-9,FCSHMCFRCYZTRQ-UHFFFAOYSA-N,228.31
"Thiodicarbonic diamide (((H2N)C(S))2S), tetrakis(2-methylpropyl)-",CC(C)CN(CC(C)C)C(=S)SC(=S)N(CC(C)C)CC(C)C,4751,204376-00-1,NFZRSOHGHXZUPA-UHFFFAOYSA-N,376.7
"Thiodiethane-1,2-diyl bis(3-aminobut-2-enoate)",C/C(=C\C(=O)OCCSCCOC(=O)/C=C(/C)\N)/N,2701,13560-49-1,GZVBGWRBVGVPLI-FKJILZIQSA-N,288.37
Thioglycolic acid,C(C(=O)O)S,11890,68-11-1,CWERGRDVMFNCDR-UHFFFAOYSA-N,92.12
Thioindigo,C1=CC=C2C(=C1)C(=O)/C(=C\3/C(=O)C4=CC=CC=C4S3)/S2,9322,522-75-8,JOUDBUYBGJYFFP-FOCLMDBBSA-N,296.4
Thiokol,C1CCN(CC1)CC(COC2=CC=CC=C2C(=O)CCC3=CC=CC=C3)O,11090,63148-67-4,DMYOHQBLOZMDLP-UHFFFAOYSA-N,367.5
"Thioperoxydicarbonic diamide ([(H2N)C(S)]2S2), tetrakis(2-methylpropyl)-",CC(C)CN(CC(C)C)C(=S)SSC(=S)N(CC(C)C)CC(C)C,7080,3064-73-1,QOTYLQBPNZRMNL-UHFFFAOYSA-N,408.8
Thiophene,C1=CSC=C1,978,110-02-1,YTPLMLYBLZKORZ-UHFFFAOYSA-N,84.14
Thiophene,C1=CSC=C1,5816,25233-34-5,YTPLMLYBLZKORZ-UHFFFAOYSA-N,84.14
"Thiophene, 2-(4-methylbenzylsulfonyl)-",CC1=CC=C(C=C1)CS(=O)(=O)C2=CC=CS2,3445,153837-88-8,KFVNDBSYTXLZLS-UHFFFAOYSA-N,252.4
"Thiopyrano[3,2-b]thiopyran-4,8-dione",C1=CSC2=C(C1=O)SC=CC2=O,4087,173679-20-4,JQEXLLJKRVPXMB-UHFFFAOYSA-N,196.3
"Thiopyrano[3,2-b]thiopyran-4,8-dithione",C1=CSC2=C(C1=S)SC=CC2=S,4088,173679-25-9,WUGVRHGMPQTQQH-UHFFFAOYSA-N,228.4
Thiourea,C(=S)(N)N,10853,62-56-6,UMGDCJDMYOKAJW-UHFFFAOYSA-N,76.12
Thiram,CN(C)C(=S)SSC(=S)N(C)C,2758,137-26-8,KUAZQDVKQLNFPE-UHFFFAOYSA-N,240.4
Thujone,C[C@@H]1[C@H]2C[C@]2(CC1=O)C(C)C,9709,546-80-5,USMNOWBWPHYOEA-MRTMQBJTSA-N,152.23
Thujopsene,CC1=CC[C@@]2(CCCC([C@]23[C@H]1C3)(C)C)C,8860,470-40-6,WXQGPFZDVCRBME-QEJZJMRPSA-N,204.35
Thujyl alcohol,CC1C2CC2(CC1O)C(C)C,9205,513-23-5,DZVXRFMREAADPP-UHFFFAOYSA-N,154.25
Thymol,CC1=CC(=C(C=C1)C(C)C)O,14932,89-83-8,MGSRCZKZVOBKFT-UHFFFAOYSA-N,150.22
Tolnaftate,CC1=CC(=CC=C1)N(C)C(=S)OC2=CC3=CC=CC=C3C=C2,5351,2398-96-1,FUSNMLFNXJSCDI-UHFFFAOYSA-N,307.4
Toluene,CC1=CC=CC=C1,888,108-88-3,YXFVVABEGXRONW-UHFFFAOYSA-N,92.14
"Toluene-3,4-dithiol",CC1=CC(=C(C=C1)S)S,8987,496-74-2,NIAAGQAEVGMHPM-UHFFFAOYSA-N,156.3
Toluidine red,CC1=CC(=C(C=C1)N=NC2=C(C=CC3=CC=CC=C32)O)[N+](=O)[O-],5394,2425-85-6,ZLFVRXUOSPRRKQ-UHFFFAOYSA-N,307.3
Tolylfluanid,CC1=CC=C(C=C1)N(SC(F)(Cl)Cl)S(=O)(=O)N(C)C,13135,731-27-1,HYVWIQDYBVKITD-UHFFFAOYSA-N,347.3
Tonalid,CC1CC(C2=C(C1(C)C)C=C(C(=C2)C(=O)C)C)(C)C,4897,21145-77-7,DNRJTBAOUJJKDY-UHFFFAOYSA-N,258.4
Tosyl isocyanate,CC1=CC=C(C=C1)S(=O)(=O)N=C=O,8310,4083-64-1,VLJQDHDVZJXNQL-UHFFFAOYSA-N,197.21
"trans,trans-1,4-Diphenyl-1,3-butadiene",C1=CC=C(C=C1)/C=C/C=C/C2=CC=CC=C2,9561,538-81-8,JFLKFZNIIQFQBS-FNCQTZNRSA-N,206.28
"trans,trans-1,4-Diphenyl-1,3-butadiene",C1=CC=C(C=C1)/C=C/C=C/C2=CC=CC=C2,14903,886-65-7,JFLKFZNIIQFQBS-FNCQTZNRSA-N,206.28
"trans,trans-Farnesol",CC(=CCC/C(=C/CC/C(=C/CO)/C)/C)C,8808,4602-84-0,CRDAMVZIKSXKFV-YFVJMOTDSA-N,222.37
trans-(2-Chlorovinyl)dimethylethoxysilane,CCO[Si](C)(C)/C=C/Cl,2157,128595-84-6,CDRKALGDLCSMSG-AATRIKPKSA-N,164.7
"trans-1(7),8-p-Menthadien-2-ol",CC(=C)[C@@H]1CCC(=C)[C@H](C1)O,4934,21391-84-4,PNVTXOFNJFHXOK-ZJUUUORDSA-N,152.23
"trans-1,2-Cyclohexanediol",C1CC[C@H]([C@@H](C1)O)O,3176,1460-57-7,PFURGBBHAOXLIO-PHDIDXHHSA-N,116.16
"trans-1,2-Dichloroethylene",C(=C/Cl)\Cl,3504,156-60-5,KFUSEUYYWQURPO-OWOJBTEDSA-N,96.94
"trans-1,2-Diphenylcyclobutane",C1C[C@H]([C@@H]1C2=CC=CC=C2)C3=CC=CC=C3,4672,20071-09-4,AERGGMDNGDDGPI-HOTGVXAUSA-N,208.3
trans-13-Octadecenoic acid,CCCC/C=C/CCCCCCCCCCCC(=O)O,12631,693-71-0,BDLLSHRIFPDGQB-AATRIKPKSA-N,282.5
"trans-2,3-Dibromo-2-butene-1,4-diol",C(/C(=C(/CO)\Br)/Br)O,7341,3234-02-4,MELXIJRBKWTTJH-ONEGZZNKSA-N,245.9
"trans-2,cis-6-Nonadienal",CC/C=C\CC/C=C/C=O,9860,557-48-2,HZYHMHHBBBSGHB-ODYTWBPASA-N,138.21
trans-2-Hepten-1-ol,CCCC/C=C/CO,7504,33467-76-4,ASFYPVGAALGVNR-AATRIKPKSA-N,114.19
trans-2-Hexadecene,CCCCCCCCCCCCC/C=C/C,13381,74533-96-3,YITMLDIGEJSENC-HWKANZROSA-N,224.42
trans-2-Methylcyclopentanol,C[C@@H]1CCC[C@H]1O,5754,25144-04-1,BVIJQMCYYASIFP-PHDIDXHHSA-N,100.16
trans-2-Nonen-1-ol,CCCCCC/C=C/CO,7233,31502-14-4,NSSALFVIQPAIQK-BQYQJAHWSA-N,142.24
trans-2-Tetradecene,CCCCCCCCCCC/C=C/C,7786,35953-54-9,OBDUMNZXAIUUTH-HWKANZROSA-N,196.37
trans-2-Tridecen-1-ol,CCCCCCCCCC/C=C/CO,13449,74962-98-4,VPYJHNADOJDSGU-VAWYXSNFSA-N,198.34
trans-2-Tridecene,CCCCCCCCCC/C=C/C,8358,41446-58-6,XWVHBWQEYOROBE-HWKANZROSA-N,182.35
trans-2-Undecen-1-ol,CCCCCCCC/C=C/CO,13507,75039-84-8,SKBIQKQBLQHOSU-MDZDMXLPSA-N,170.29
trans-3-Nonene,CCCCC/C=C/CC,4671,20063-77-8,YCBSHDKATAPNIA-FNORWQNLSA-N,126.24
trans-3-Tridecene,CCCCCCCCC/C=C/CC,8357,41446-57-5,OMBXNSHDJUALCV-FNORWQNLSA-N,182.35
"trans-4,5-epoxy-2(E)-Decenal",CCCCCC1C(O1)C=CC=O,4432,188590-62-7,HIOMEXREAUSUBP-UHFFFAOYSA-N,168.23
trans-4-Decene,CCCCC/C=C/CCC,4559,19398-89-1,SOVOPSCRHKEUNJ-VQHVLOKHSA-N,140.27
trans-4-Nonenal,CCCC/C=C/CCC=O,5185,2277-16-9,QPULDJYQYDGZEI-AATRIKPKSA-N,140.22
trans-4-Tetradecene,CCCCCCCCC/C=C/CCC,8365,41446-78-0,XEIYDTUADLFFTM-VQHVLOKHSA-N,196.37
trans-5-Tridecene,CCCCCCC/C=C/CCCC,5216,23051-84-5,VDFGUEPMNNLWOZ-PKNBQFBNSA-N,182.35
trans-6-Dodecene,CCCCC/C=C/CCCCC,13008,7206-17-9,DZGHBGLILAEHOR-VAWYXSNFSA-N,168.32
trans-alpha-Bisabolene,CC1=CC[C@H](CC1)/C(=C/CC=C(C)C)/C,12751,70286-32-7,YHBUQBJHSRGZNF-KEQVLUGWSA-N,204.35
trans-beta-Nitrostyrene,C1=CC=C(C=C1)/C=C/[N+](=O)[O-],302,102-96-5,PIAOLBVUVDXHHL-VOTSOKGWSA-N,149.15
trans-Chlordane,C1[C@H]2[C@@H]([C@H]([C@@H]1Cl)Cl)[C@]3(C(=C([C@@]2(C3(Cl)Cl)Cl)Cl)Cl)Cl,9159,5103-74-2,BIWJNBZANLAXMG-MPPHZFHBSA-N,409.8
"trans-Cyclobutane-1,2-dicarbonitrile",C1C[C@H]([C@@H]1C#N)C#N,7324,3211-20-9,CZPLUOCTUPJSIZ-WDSKDSINSA-N,106.13
"trans-Hexahydroisobenzofuran-1,3-dione",C1CC[C@@H]2[C@@H](C1)C(=O)OC2=O,3004,14166-21-3,MUTGBJKUEZFXGO-PHDIDXHHSA-N,154.16
trans-Nonachlor,[C@@H]12[C@@H]([C@H](C([C@H]1Cl)Cl)Cl)[C@]3(C(=C([C@@]2(C3(Cl)Cl)Cl)Cl)Cl)Cl,8214,39765-80-5,OCHOKXCPKDPNQU-FLVMBEMLSA-N,444.2
trans-Stilbene,C1=CC=C(C=C1)/C=C/C2=CC=CC=C2,10286,588-59-0,PJANXHGTPQOBST-VAWYXSNFSA-N,180.24
Trehalose,C([C@@H]1[C@H]([C@@H]([C@H]([C@H](O1)O[C@@H]2[C@@H]([C@H]([C@@H]([C@H](O2)CO)O)O)O)O)O)O)O,16035,99-20-7,HDTRYLNUVZCQOY-LIZSDCNHSA-N,342.3
Tri-M-cresyl phosphate,CC1=CC(=CC=C1)OP(=O)(OC2=CC=CC(=C2)C)OC3=CC=CC(=C3)C,9946,563-04-2,RMLPZKRPSQVRAB-UHFFFAOYSA-N,368.4
Tri-m-tolylphosphine,CC1=CC(=CC=C1)P(C2=CC=CC(=C2)C)C3=CC=CC(=C3)C,10917,6224-63-1,LFNXCUNDYSYVJY-UHFFFAOYSA-N,304.4
Tri-O-cresyl phosphate,CC1=CC=CC=C1OP(=O)(OC2=CC=CC=C2C)OC3=CC=CC=C3C,13955,78-30-8,YSMRWXYRXBRSND-UHFFFAOYSA-N,368.4
Tri-o-tolyl phosphite,CC1=CC=CC=C1OP(OC2=CC=CC=C2C)OC3=CC=CC=C3C,16243,25586-42-9,BKHZQJRTFNFCTG-UHFFFAOYSA-N,352.4
Tri-tert-butyl-p-phenylphenol,CC(C)(C)C1=C(C(=C(C(=C1)C2=CC=CC=C2)C(C)(C)C)C(C)(C)C)O,2426,1323-61-1,GACQLWFABDKVAX-UHFFFAOYSA-N,338.5
Triacetin,CC(=O)OCC(COC(=O)C)OC(=O)C,295,102-76-1,URAYPUMNDPQOKB-UHFFFAOYSA-N,218.2
Triacontane,CCCCCCCCCCCCCCCCCCCCCCCCCCCCCC,11224,638-68-6,JXTPJDDICSTXJX-UHFFFAOYSA-N,422.8
Triadimefon,CC(C)(C)C(=O)C(N1C=NC=N1)OC2=CC=C(C=C2)Cl,8550,43121-43-3,WURBVZBTWMNKQT-UHFFFAOYSA-N,293.75
Triallyl cyanurate,C=CCOC1=NC(=NC(=N1)OCC=C)OCC=C,156,101-37-1,BJELTSYBAHKXRW-UHFFFAOYSA-N,249.27
Triallyl isocyanurate,C=CCN1C(=O)N(C(=O)N(C1=O)CC=C)CC=C,337,1025-15-6,KOMNUTZXSVSERR-UHFFFAOYSA-N,249.27
Triallyl phosphate,C=CCOP(=O)(OCC=C)OCC=C,16119,1623-19-4,XHGIFBQQEGRTPB-UHFFFAOYSA-N,218.19
Triallyl trimellitate,C=CCOC(=O)C1=CC(=C(C=C1)C(=O)OCC=C)C(=O)OCC=C,6390,2694-54-4,GRPURDFRFHUDSP-UHFFFAOYSA-N,330.3
Triallyl trimesate,C=CCOC(=O)C1=CC(=CC(=C1)C(=O)OCC=C)C(=O)OCC=C,4188,17832-16-5,VOSUIKFOFHZNED-UHFFFAOYSA-N,330.3
Triallylamine,C=CCN(CC=C)CC=C,293,102-70-5,VPYJNCGUESNPMV-UHFFFAOYSA-N,137.22
Triamcinolone Acetonide,C[C@]12C[C@@H]([C@]3([C@H]([C@@H]1C[C@@H]4[C@]2(OC(O4)(C)C)C(=O)CO)CCC5=CC(=O)C=C[C@@]53C)F)O,13586,76-25-5,YNDXUCZADRHECN-JNQJZLCISA-N,434.5
Triazophos,CCOP(=S)(OCC)OC1=NN(C=N1)C2=CC=CC=C2,5358,24017-47-8,AMFGTOFWMRQMEM-UHFFFAOYSA-N,313.31
Tribenzyl borate,B(OCC1=CC=CC=C1)(OCC2=CC=CC=C2)OCC3=CC=CC=C3,5502,2467-18-7,IJJNTMLAAKKCML-UHFFFAOYSA-N,332.2
Tribromobisphenol A,CC(C)(C1=CC(=C(C=C1)O)Br)C2=CC(=C(C(=C2)Br)O)Br,11234,6386-73-8,WYBOEVJIVYIEJL-UHFFFAOYSA-N,465
Tribromodiphenyl ether,C1=CC=C(C(=C1)OC2=CC(=C(C=C2)Br)Br)Br,3229,147217-78-5,BUQBQEYUVAKJQK-UHFFFAOYSA-N,406.89
Tribromodiphenyl ether,C1=CC=C(C(=C1)OC2=CC(=C(C=C2)Br)Br)Br,8991,49690-94-0,BUQBQEYUVAKJQK-UHFFFAOYSA-N,406.89
Tribromostyrene,C1=CC=C(C=C1)C(=C(Br)Br)Br,10638,61368-34-1,JVPKLOPETWVKQD-UHFFFAOYSA-N,340.84
Tribromsalan,C1=CC(=CC=C1NC(=O)C2=C(C(=CC(=C2)Br)Br)O)Br,17327,,KVSKGMLNBAPGKH-UHFFFAOYSA-N,449.92
Tributyl borate,B(OCCCC)(OCCCC)OCCCC,12447,688-74-4,LGQXXHMEBUOXRP-UHFFFAOYSA-N,230.15
Tributyl citrate,CCCCOC(=O)CC(CC(=O)OCCCC)(C(=O)OCCCC)O,13736,77-94-1,ZFOZVQLOBQUTQQ-UHFFFAOYSA-N,360.4
Tributyl phosphate,CCCCOP(=O)(OCCCC)OCCCC,2058,126-73-8,STCOOQWBFONSKY-UHFFFAOYSA-N,266.31
"Tributyl prop-1-ene-1,2,3-tricarboxylate",CCCCOC(=O)C/C(=C/C(=O)OCCCC)/C(=O)OCCCC,13560,7568-58-3,BANLNYYTSYHBAP-SQFISAMPSA-N,342.4
Tributylamine,CCCCN(CCCC)CCCC,300,102-82-9,IMFACGCPASFAPR-UHFFFAOYSA-N,185.35
Tributylphosphine,CCCCP(CCCC)CCCC,16099,998-40-3,TUQOTMZNTHZOKS-UHFFFAOYSA-N,202.32
Tributylphosphine oxide,CCCCP(=O)(CCCC)CCCC,14286,814-29-9,MNZAKDODWSQONA-UHFFFAOYSA-N,218.32
Tributylthiourea,CCCCNC(=S)N(CCCC)CCCC,5387,2422-88-0,UDYXMTORTDACTG-UHFFFAOYSA-N,244.44
Tributyrin,CCCC(=O)OCC(COC(=O)CCC)OC(=O)CCC,10454,60-01-5,UYXTWWCETRIEDR-UHFFFAOYSA-N,302.36
Tricaprylin,CCCCCCCC(=O)OCC(COC(=O)CCCCCCC)OC(=O)CCCCCCC,9555,538-23-8,VLPFTAMPNXLGLX-UHFFFAOYSA-N,470.7
"Trichloro(3,3,4,4,5,5,6,6,7,7,8,8,8-tridecafluorooctyl)silane",C(C[Si](Cl)(Cl)Cl)C(C(C(C(C(C(F)(F)F)(F)F)(F)F)(F)F)(F)F)(F)F,14016,78560-45-9,PISDRBMXQBSCIP-UHFFFAOYSA-N,481.5
Trichloro(3-chloropropyl)silane,C(C[Si](Cl)(Cl)Cl)CCl,5888,2550-06-3,OOXSLJBUMMHDKW-UHFFFAOYSA-N,212
"Trichloro(N,N-dimethyloctylamine)boron",[B-]([N+](C)(C)CCCCCCCC)(Cl)(Cl)Cl,7658,34762-90-8,FXWXWPYCGVUYAA-UHFFFAOYSA-N,274.5
Trichloroethylene,C(=C(Cl)Cl)Cl,14028,79-01-6,XSTXAVWGXDQKEL-UHFFFAOYSA-N,131.38
Trichlorofluoromethane,C(F)(Cl)(Cl)Cl,13487,75-69-4,CYRMSUTZVYGINF-UHFFFAOYSA-N,137.36
Trichloroisocyanuric acid,C1(=O)N(C(=O)N(C(=O)N1Cl)Cl)Cl,14798,87-90-1,YRIZYWQGELRKNT-UHFFFAOYSA-N,232.41
Trichloromelamine,C1(=NC(=NC(=N1)NCl)NCl)NCl,13685,7673-09-8,KEPNSIARSTUPGS-UHFFFAOYSA-N,229.45
Trichlorovinylsilane,C=C[Si](Cl)(Cl)Cl,13502,75-94-5,GQIUQDDJKHLHTB-UHFFFAOYSA-N,161.48
Tricine,C(C(=O)O)NC(CO)(CO)CO,10061,5704-04-1,SEQKRHFRPICQDD-UHFFFAOYSA-N,179.17
Triclofos,C(C(Cl)(Cl)Cl)OP(=O)(O)O,7072,306-52-5,YYQRGCZGSFRBAM-UHFFFAOYSA-N,229.38
Triclosan,C1=CC(=C(C=C1Cl)O)OC2=C(C=C(C=C2)Cl)Cl,7557,3380-34-5,XEFQLINVKFYRCS-UHFFFAOYSA-N,289.5
Tricosan-5-one,CCCCCCCCCCCCCCCCCCC(=O)CCCC,17216,,MJKQFCBFYQXHNJ-UHFFFAOYSA-N,338.6
Tricosanal,CCCCCCCCCCCCCCCCCCCCCCC=O,13110,72934-02-2,IALIDHPAWNTXOK-UHFFFAOYSA-N,338.6
Tricosane,CCCCCCCCCCCCCCCCCCCCCCC,11223,638-67-5,FIGVVZUWCLSUEI-UHFFFAOYSA-N,324.6
Tricosanoic acid,CCCCCCCCCCCCCCCCCCCCCCC(=O)O,5421,2433-96-7,XEZVDURJDFGERA-UHFFFAOYSA-N,354.6
Tricresyl phosphate,CC1=CC=C(C=C1)OP(=O)(OC2=CC=C(C=C2)C)OC3=CC=C(C=C3)C,13957,78-32-0,BOSMZFBHAYFUBJ-UHFFFAOYSA-N,368.4
Tricresyl phosphate,CC1=CC=C(C=C1)OP(=O)(OC2=CC=C(C=C2)C)OC3=CC=C(C=C3)C,16208,1330-78-5,BOSMZFBHAYFUBJ-UHFFFAOYSA-N,368.4
"Tricyclo[2.2.1.0(1,4)]heptan-2-one, 6-nitro-",C1C(C23C1(C2)CC3=O)[N+](=O)[O-],10004,56666-50-3,CJHXZSNHHVZUOA-UHFFFAOYSA-N,153.14
"Tricyclo[4.2.1.1(2,5)]dec-3-en-9-ol, acetate, stereoisomer",CC(=O)OC1C2CCC1C3CC2C=C3,1541,119405-11-7,MJTJJPZFFCFTAI-UHFFFAOYSA-N,192.25
"Tricyclo[8.2.2.24,7]hexadeca-4,6,10,12,13,15-hexaene, dichloro-",C1C(C2=CC=C(CC(C3=CC=C1C=C3)Cl)C=C2)Cl,6760,28804-46-8,VRBFTYUMFJWSJY-UHFFFAOYSA-N,277.2
"Tricyclo[8.2.2.24,7]hexadeca-4,6,10,12,13,15-hexaene, tetrachloro-",C1CC2=C(C(=C(CCC3=C(C(=C1C=C3)Cl)Cl)C=C2)Cl)Cl,7049,30501-29-2,QYFSCKPZVYAASR-UHFFFAOYSA-N,346.1
Tricyclodecanedimethanol,C1CC2C3CC(C2C1CO)CC3CO,6376,26896-48-0,OTLDLKLSNZMTTA-UHFFFAOYSA-N,196.29
Tricyclodecenyl propionate,CCC(=O)OC1CC2CC1C3C2C=CC3,4125,17511-60-3,BLBJUGKATXCWET-UHFFFAOYSA-N,206.28
Tridecafluorohexylethyl methacrylate,CC(=C)C(=O)OCCC(C(C(C(C(C(F)(F)F)(F)F)(F)F)(F)F)(F)F)(F)F,4940,2144-53-8,CDXFIRXEAJABAZ-UHFFFAOYSA-N,432.18
Tridecanal,CCCCCCCCCCCCC=O,547,10486-19-8,BGEHHAVMRVXCGR-UHFFFAOYSA-N,198.34
Tridecane,CCCCCCCCCCCCC,11029,629-50-5,IIYFAKIEWZDVMP-UHFFFAOYSA-N,184.36
"Tridecane, 3-methylene-",CCCCCCCCCCC(=C)CC,4622,19780-34-8,HJXYLVWUVYMJKO-UHFFFAOYSA-N,196.37
"Tridecane-1,13-diamine",C(CCCCCCN)CCCCCCN,3142,14465-66-8,BPSKTAWBYDTMAN-UHFFFAOYSA-N,214.39
Tridecanedioic acid,C(CCCCCC(=O)O)CCCCCC(=O)O,9080,505-52-2,DXNCZXXFRKPEPY-UHFFFAOYSA-N,244.33
Tridecanoic acid,CCCCCCCCCCCCC(=O)O,11219,638-53-9,SZHOJFHSIKHZHA-UHFFFAOYSA-N,214.34
"Tridecanol, 2-ethyl-2-methyl-",CCCCCCCCCCCC(C)(CC)CO,15490,921600-09-1,RHGHBLSDPQFOTE-UHFFFAOYSA-N,242.44
Tridecyl acetate,CCCCCCCCCCCCCOC(=O)C,805,1072-33-9,ZDRNMODJXFOYMN-UHFFFAOYSA-N,242.4
Tridecyl acrylate,CCCCCCCCCCCCCOC(=O)C=C,7115,3076-04-8,XOALFFJGWSCQEO-UHFFFAOYSA-N,254.41
Tridecyl acrylate,CCCCCCCCCCCCCOC(=O)C=C,17212,,XOALFFJGWSCQEO-UHFFFAOYSA-N,254.41
Tridecyl Benzoate,CCCCCCCCCCCCCOC(=O)C1=CC=CC=C1,6853,29376-83-8,PHXPEXIJLNFIBR-UHFFFAOYSA-N,304.5
Tridecyl methacrylate,CCCCCCCCCCCCCOC(=O)C(=C)C,5571,2495-25-2,KEROTHRUZYBWCY-UHFFFAOYSA-N,268.4
Tridecyl trifluoroacetate,CCCCCCCCCCCCCOC(=O)C(F)(F)F,9563,53800-02-5,DKWJQENYIDPCEX-UHFFFAOYSA-N,296.37
Tridecylcyclohexane,CCCCCCCCCCCCCC1CCCCC1,10476,6006-33-3,DKRUJKKWJGNYQN-UHFFFAOYSA-N,266.5
Trientine,C(CNCCNCCN)N,1216,112-24-3,VILCJCGEZXAXTO-UHFFFAOYSA-N,146.23
Triethanolamine,C(CO)N(CCO)CCO,294,102-71-6,GSEJCLTVZPLZKY-UHFFFAOYSA-N,149.19
Triethoxy(3-isocyanatopropyl)silane,CCO[Si](CCCN=C=O)(OCC)OCC,5525,24801-88-5,FRGPKMWIYVTFIQ-UHFFFAOYSA-N,247.36
Triethoxy(3-thiocyanatopropyl)silane,CCO[Si](CCCSC#N)(OCC)OCC,7652,34708-08-2,HKMVWLQFAYGKSI-UHFFFAOYSA-N,263.43
Triethoxy(propyl)silane,CCC[Si](OCC)(OCC)OCC,5886,2550-02-9,NBXZNTLFQLUFES-UHFFFAOYSA-N,206.35
Triethoxymethylsilane,CCO[Si](C)(OCC)OCC,4721,2031-67-6,CPUDPFPXCZDNGI-UHFFFAOYSA-N,178.3
Triethoxyoctylsilane,CCCCCCCC[Si](OCC)(OCC)OCC,6864,2943-75-1,MSRJTTSHWYDFIU-UHFFFAOYSA-N,276.49
Triethyl citrate,CCOC(=O)CC(CC(=O)OCC)(C(=O)OCC)O,13735,77-93-0,DOOTYTYQINUNNV-UHFFFAOYSA-N,276.28
Triethyl orthoformate,CCOC(OCC)OCC,1793,122-51-0,GKASDNZWUGIAMG-UHFFFAOYSA-N,148.2
Triethyl phosphate,CCOP(=O)(OCC)OCC,13961,78-40-0,DQWPFSLDHJDLRL-UHFFFAOYSA-N,182.15
Triethyl phosphite,CCOP(OCC)OCC,1794,122-52-1,BDZBKCUKTQZUTL-UHFFFAOYSA-N,166.16
Triethyl phosphonoacetate,CCOC(=O)CP(=O)(OCC)OCC,14762,867-13-0,GGUBFICZYGKNTD-UHFFFAOYSA-N,224.19
Triethylamine,CCN(CC)CC,1721,121-44-8,ZMANZCXQSJIPKH-UHFFFAOYSA-N,101.19
Triethylene Glycol,C(COCCOCCO)O,1218,112-27-6,ZIBGPFATKBEMQZ-UHFFFAOYSA-N,150.17
Triethylene glycol bis(2-ethylhexanoate),CCCCC(CC)C(=O)OCCOCCOCCOC(=O)C(CC)CCCC,15658,94-28-0,FRQDZJMEHSJOPU-UHFFFAOYSA-N,402.6
Triethylene glycol diacetate,CC(=O)OCCOCCOCCOC(=O)C,1088,111-21-7,OVOUKWFJRHALDD-UHFFFAOYSA-N,234.25
Triethylene glycol diacrylate,C=CC(=O)OCCOCCOCCOC(=O)C=C,3927,1680-21-3,INQDDHNZXOAFFD-UHFFFAOYSA-N,258.27
Triethylene glycol dibenzoate,C1=CC=C(C=C1)C(=O)OCCOCCOCCOC(=O)C2=CC=CC=C2,1576,120-56-9,AHSGHEXYEABOKT-UHFFFAOYSA-N,358.4
Triethylene glycol dicaprate,CCCCCCCCCC(=O)OCCOCCOCCOC(=O)CCCCCCCCC,65,10024-58-5,KCNIYOMOUYURBQ-UHFFFAOYSA-N,458.7
Triethylene glycol dicaprylate,CCCCCCCC(=O)OCCOCCOCCOC(=O)CCCCCCC,633,106-10-5,YJGHMLJGPSVSLF-UHFFFAOYSA-N,402.6
Triethylene glycol diheptanoate,CCCCCCC(=O)OCCOCCOCCOC(=O)CCCCCC,13268,7434-40-4,GCDUWJFWXVRGSM-UHFFFAOYSA-N,374.5
Triethylene glycol dimethacrylate,CC(=C)C(=O)OCCOCCOCCOC(=O)C(=C)C,919,109-16-0,HWSSEYVMGDIFMH-UHFFFAOYSA-N,286.32
Triethylene glycol dinonanoate,CCCCCCCCC(=O)OCCOCCOCCOC(=O)CCCCCCCC,632,106-06-9,UBQXQCCAPASFJR-UHFFFAOYSA-N,430.6
Triethylene glycol monobutyl ether,CCCCOCCOCCOCCO,3078,143-22-6,COBPKKZHLDDMTB-UHFFFAOYSA-N,206.28
Triethylene glycol monododecyl ether,CCCCCCCCCCCCOCCOCCOCCO,7058,3055-94-5,FKMHSNTVILORFA-UHFFFAOYSA-N,318.5
Triethylene glycol monoethyl ether,CCOCCOCCOCCO,1235,112-50-5,WFSMVVDJSNMRAR-UHFFFAOYSA-N,178.23
Triethylene glycol monomethacrylate,CC(=C)C(=O)OCCOCCOCCO,5266,2351-42-0,MZGMQAMKOBOIDR-UHFFFAOYSA-N,218.25
Triethylene glycol monomethyl ether,COCCOCCOCCO,1224,112-35-6,JLGLQAWTXXGVEM-UHFFFAOYSA-N,164.2
Triethylenemelamine,C1CN1C2=NC(=NC(=N2)N3CC3)N4CC4,9147,51-18-3,IUCJMVBFZDHPDX-UHFFFAOYSA-N,204.23
Triethylenephosphoramide,C1CN1P(=O)(N2CC2)N3CC3,9688,545-55-1,FYAMXEPQQLNQDM-UHFFFAOYSA-N,173.15
Triethylsilane,CC[SiH](CC)CC,10699,617-86-7,AQRLNPVMDITEJU-UHFFFAOYSA-N,116.28
"Trifluoro(1,1,2,2,3,4,4-heptafluorobut-3-enyl)oxirane",C(=C(F)F)(C(C(C1(C(O1)(F)F)F)(F)F)(F)F)F,3457,15453-10-8,NYAGRQZHLFYEOA-UHFFFAOYSA-N,278.05
Trifluoroacetic Acid,C(=O)(C(F)(F)F)O,13581,76-05-1,DTQVDTLACAAQTR-UHFFFAOYSA-N,114.02
Trifluoroethylene,C(=C(F)F)F,7777,359-11-5,MIZLGWKEZAPEFJ-UHFFFAOYSA-N,82.02
Trifluoromethane,C(F)(F)F,13475,75-46-7,XPDWGBQVDMORPB-UHFFFAOYSA-N,70.014
Trifluoromethanesulfonic acid,C(F)(F)(F)S(=O)(=O)O,3312,1493-13-6,ITMCEJHCFYSIIV-UHFFFAOYSA-N,150.08
Trifluoromethyl trifluorovinyl ether,C(=C(F)F)(OC(F)(F)F)F,1490,1187-93-5,BLTXWCKMNMYXEA-UHFFFAOYSA-N,166.02
Trifluralin,CCCN(CCC)C1=C(C=C(C=C1[N+](=O)[O-])C(F)(F)F)[N+](=O)[O-],3601,1582-09-8,ZSDSQXJSNMTJDA-UHFFFAOYSA-N,335.28
Triglycidyl isocyanurate,C1C(O1)CN2C(=O)N(C(=O)N(C2=O)CC3CO3)CC4CO4,5455,2451-62-9,OUPZKGBUJRBPGC-UHFFFAOYSA-N,297.26
Triglyme,COCCOCCOCCOC,1234,112-49-2,YFNKIDBQEZZDLK-UHFFFAOYSA-N,178.23
Triheptanoin,CCCCCCC(=O)OCC(COC(=O)CCCCCC)OC(=O)CCCCCC,10860,620-67-7,PJHKBYALYHRYSK-UHFFFAOYSA-N,428.6
"Trihexyl benzene-1,2,4-tricarboxylate",CCCCCCOC(=O)C1=CC(=C(C=C1)C(=O)OCCCCCC)C(=O)OCCCCCC,3419,1528-49-0,MXHBQKVKHGQWRB-UHFFFAOYSA-N,462.6
Triisobutyl borate,B(OCC(C)C)(OCC(C)C)OCC(C)C,2384,13195-76-1,LHJSLDBKUGXPMI-UHFFFAOYSA-N,230.15
Triisobutyl phosphate,CC(C)COP(=O)(OCC(C)C)OCC(C)C,2056,126-71-6,HRKAMJBPFPHCSD-UHFFFAOYSA-N,266.31
Triisobutylborane,B(CC(C)C)(CC(C)C)CC(C)C,1180,1116-39-8,XDSSGQHOYWGIKC-UHFFFAOYSA-N,182.16
Triisobutylene,CC(=CC(C)(C)CC(C)(C)C)C,13786,7756-94-7,DRHABPMHZRIRAH-UHFFFAOYSA-N,168.32
Triisooctyl phosphite,CC(C)CCCCCOP(OCCCCCC(C)C)OCCCCCC(C)C,5720,25103-12-2,DECPGQLXYYCNEZ-UHFFFAOYSA-N,418.6
Triisopropanolamine,CC(CN(CC(C)O)CC(C)O)O,1787,122-20-3,SLINHMUFWFWBMU-UHFFFAOYSA-N,191.27
Triisopropyl borate,B(OC(C)C)(OC(C)C)OC(C)C,9631,5419-55-6,NHDIQVFFNDKAQU-UHFFFAOYSA-N,188.07
Triisopropyl phosphate,CC(C)OP(=O)(OC(C)C)OC(C)C,9202,513-02-0,OXFUXNFMHFCELM-UHFFFAOYSA-N,224.23
Triisopropylsilyl acrylate,CC(C)[Si](C(C)C)(C(C)C)OC(=O)C=C,3591,157859-20-6,PQSIXYSSKXAOFE-UHFFFAOYSA-N,228.4
Trimellitic acid tri-n-butyl ester,CCCCOC(=O)C1=CC(=C(C=C1)C(=O)OCCCC)C(=O)OCCCC,4034,1726-23-4,RJIFVNWOLLIBJV-UHFFFAOYSA-N,378.5
Trimellitic anhydride,C1=CC2=C(C=C1C(=O)O)C(=O)OC2=O,9779,552-30-7,SRPWOOOHEPICQU-UHFFFAOYSA-N,192.12
Trimellitic anhydride chloride,C1=CC2=C(C=C1C(=O)Cl)C(=O)OC2=O,1656,1204-28-0,NJMOHBDCGXJLNJ-UHFFFAOYSA-N,210.57
Trimetazidine,COC1=C(C(=C(C=C1)CN2CCNCC2)OC)OC,9043,5011-34-7,UHWVSEOVJBQKBE-UHFFFAOYSA-N,266.34
"Trimethoxy(3,3,3-trifluoropropyl)silane",CO[Si](CCC(F)(F)F)(OC)OC,8524,429-60-7,JLGNHOJUQFHYEZ-UHFFFAOYSA-N,218.25
"Trimethoxy(3,3,4,4,5,5,6,6,7,7,8,8,8-tridecafluorooctyl)silane",CO[Si](CCC(C(C(C(C(C(F)(F)F)(F)F)(F)F)(F)F)(F)F)(F)F)(OC)OC,14713,85857-16-5,BVQYIDJXNYHKRK-UHFFFAOYSA-N,468.28
Trimethoxybenzylidene pentanedione,CC(=O)C(=CC1=CC(=C(C(=C1)OC)OC)OC)C(=O)C,15720,945558-97-4,ATNSJLDBJQDEBF-UHFFFAOYSA-N,278.3
Trimethoxyboroxine,B1(OB(OB(O1)OC)OC)OC,282,102-24-9,ZFMOJHVRFMOIGF-UHFFFAOYSA-N,173.5
Trimethoxymethane,COC(OC)OC,3299,149-73-5,PYOKUURKVVELLB-UHFFFAOYSA-N,106.12
Trimethoxypropylsilane,CCC[Si](OC)(OC)OC,728,1067-25-0,HQYALQRYBUJWDH-UHFFFAOYSA-N,164.27
Trimethyl citrate,COC(=O)CC(CC(=O)OC)(C(=O)OC)O,3615,1587-20-8,HDDLVZWGOPWKFW-UHFFFAOYSA-N,234.2
Trimethyl phosphate,COP(=O)(OC)OC,9175,512-56-1,WVLBCYQITXONBZ-UHFFFAOYSA-N,140.07
Trimethyl trimellitate,COC(=O)C1=CC(=C(C=C1)C(=O)OC)C(=O)OC,5476,2459-10-1,MJHNUUNSCNRGJE-UHFFFAOYSA-N,252.22
Trimethylacetaldehyde,CC(C)(C)C=O,11069,630-19-3,FJJYHTVHBVXEEQ-UHFFFAOYSA-N,86.13
Trimethylacetic anhydride,CC(C)(C)C(=O)OC(=O)C(C)(C)C,3444,1538-75-6,PGZVFRAEAAXREB-UHFFFAOYSA-N,186.25
Trimethylallyl isocyanurate,CC(=C)CN1C(=O)N(C(=O)N(C1=O)CC(=C)C)CC(=C)C,11052,6291-95-8,MPJPKEMZYOAIRN-UHFFFAOYSA-N,291.35
Trimethylamine,CN(C)C,13477,75-50-3,GETQZCLCWQTVFV-UHFFFAOYSA-N,59.11
Trimethylamine oxide,C[N+](C)(C)[O-],14647,85408-49-7,UYPYRKYUKCHHIB-UHFFFAOYSA-N,75.11
Trimethylbenzene,CC1=C(C(=CC=C1)C)C,9386,526-73-8,FYGHSUNMUKGBRK-UHFFFAOYSA-N,120.19
Trimethylchlorosilane,C[Si](C)(C)Cl,13493,75-77-4,IJOOHPMOJXWVHK-UHFFFAOYSA-N,108.64
Trimethylhydroquinone,CC1=CC(=C(C(=C1O)C)C)O,12704,700-13-0,AUFZRCJENRSRLY-UHFFFAOYSA-N,152.19
Trimethylolethyl tribenzoate,CC(COC(=O)C1=CC=CC=C1)(COC(=O)C2=CC=CC=C2)COC(=O)C3=CC=CC=C3,8425,4196-87-6,PJLLCGNQPWXWGL-UHFFFAOYSA-N,432.5
Trimethylolmelamine,C(NC1=NC(=NC(=N1)NCO)NCO)O,258,1017-56-7,USDJGQLNFPZEON-UHFFFAOYSA-N,216.2
Trimethylolpropane,CCC(CO)(CO)CO,13738,77-99-6,ZJCCRDAZUWHFQH-UHFFFAOYSA-N,134.17
Trimethylolpropane diallyl ether,CCC(CO)(COCC=C)COCC=C,12058,682-09-7,BDKDHWOPFRTWPP-UHFFFAOYSA-N,214.3
Trimethylolpropane monoallyl ether,CCC(CO)(CO)COCC=C,12059,682-11-1,LZDXRPVSAKWYDH-UHFFFAOYSA-N,174.24
Trimethylolpropane phosphate,CCC12COP(=O)(OC1)OC2,122,1005-93-2,BYEFHDZWRALTEN-UHFFFAOYSA-N,178.12
Trimethylolpropane triacrylate,CCC(COC(=O)C=C)(COC(=O)C=C)COC(=O)C=C,3529,15625-89-5,DAKWPKUUDNSNPN-UHFFFAOYSA-N,296.31
Trimethylolpropane triheptanoate,CCCCCCC(=O)OCC(CC)(COC(=O)CCCCCC)COC(=O)CCCCCC,13948,78-16-0,UQJDVLPHTXQTRP-UHFFFAOYSA-N,470.7
Trimethylolpropane trimethacrylate,CCC(COC(=O)C(=C)C)(COC(=O)C(=C)C)COC(=O)C(=C)C,7428,3290-92-4,OKKRPWIIYQTPQF-UHFFFAOYSA-N,338.4
Trimethylolpropane tris(2-methyl-1-aziridinepropionate),CCC(COC(=O)CCN1CC1C)(COC(=O)CCN2CC2C)OC(=O)CCN3CC3C,11339,64265-57-2,OEOQTSUNXODXQL-UHFFFAOYSA-N,453.6
Trimethylolpropane tris(3-mercaptopropionate),CCC(COC(=O)CCS)(COC(=O)CCS)COC(=O)CCS,7441,33007-83-9,IMQFZQVZKBIPCQ-UHFFFAOYSA-N,398.6
Trimethylolpropane valerate heptanoate,CCCCCCC(=O)OCC(CC)(CO)COC(=O)CCCC,11816,67762-64-5,CIPBJDPIFXKOLJ-UHFFFAOYSA-N,330.5
Trimethylsilanol,C[Si](C)(C)O,723,1066-40-6,AAPLIUHOKVUFCC-UHFFFAOYSA-N,90.2
Trimethylsilyl acetate,CC(=O)O[Si](C)(C)C,6527,2754-27-0,QHUNJMXHQHHWQP-UHFFFAOYSA-N,132.23
Trimethylsilyl trifluoromethanesulfonate,C[Si](C)(C)OS(=O)(=O)C(F)(F)F,6538,27607-77-8,FTVLMFQEYACZNP-UHFFFAOYSA-N,222.26
Trimethylsilyl trihydrogen silicate,C[Si](C)(C)O[Si](O)(O)O,9941,56275-01-5,MNTALGTVSQTALQ-UHFFFAOYSA-N,168.3
Trinonylamine,CCCCCCCCCN(CCCCCCCCC)CCCCCCCCC,4752,2044-22-6,ZQJAONQEOXOVNR-UHFFFAOYSA-N,395.7
Trioctyl phosphate,CCCCCCCCOP(=O)(OCCCCCCCC)OCCCCCCCC,4239,1806-54-8,WVPGXJOLGGFBCR-UHFFFAOYSA-N,434.6
Triphenyl phosphate,C1=CC=C(C=C1)OP(=O)(OC2=CC=CC=C2)OC3=CC=CC=C3,1368,115-86-6,XZZNDPSIHUTMOC-UHFFFAOYSA-N,326.3
Triphenyl phosphite,C1=CC=C(C=C1)OP(OC2=CC=CC=C2)OC3=CC=CC=C3,152,101-02-0,HVLLSGMXQDNUAL-UHFFFAOYSA-N,310.3
Triphenylamine,C1=CC=C(C=C1)N(C2=CC=CC=C2)C3=CC=CC=C3,10500,603-34-9,ODHXBMXNKOYIBV-UHFFFAOYSA-N,245.3
Triphenylene,C1=CC=C2C(=C1)C3=CC=CC=C3C4=CC=CC=C24,4999,217-59-4,SLGBZMMZGDRARJ-UHFFFAOYSA-N,228.3
Triphenylphosphine,C1=CC=C(C=C1)P(C2=CC=CC=C2)C3=CC=CC=C3,10501,603-35-0,RIOQSEWOXXDEQQ-UHFFFAOYSA-N,262.3
Triphenylphosphine oxide,C1=CC=C(C=C1)P(=O)(C2=CC=CC=C2)C3=CC=CC=C3,14060,791-28-6,FIQMHBFVRAXMOP-UHFFFAOYSA-N,278.3
Tripropyl citrate,CCCOC(=O)CC(CC(=O)OCCC)(C(=O)OCCC)O,3616,1587-21-9,ODHUFJLMXDXVRC-UHFFFAOYSA-N,318.36
Tripropyl phosphate,CCCOP(=O)(OCCC)OCCC,9203,513-08-6,RXPQRKFMDQNODS-UHFFFAOYSA-N,224.23
Tripropylene glycol butyl ether,CCCCOC(CC)OC(C)COC(CC)O,16279,55934-93-5,RNFAKTRFMQEEQE-UHFFFAOYSA-N,248.36
Tripropylene glycol diacrylate,CC(COC(C)COC(=O)C=C)OCC(C)OC(=O)C=C,8535,42978-66-5,LJRSZGKUUZPHEB-UHFFFAOYSA-N,300.35
"Tris(1,3-dichloro-2-propyl)phosphate",C(C(CCl)OP(=O)(OC(CCl)CCl)OC(CCl)CCl)Cl,2743,13674-87-8,ASLWPAWFJZFCKF-UHFFFAOYSA-N,430.9
Tris(1-chloro-2-propyl) phosphate,CC(CCl)OP(=O)(OC(C)CCl)OC(C)CCl,2742,13674-84-5,KVMPUXDNESXNOH-UHFFFAOYSA-N,327.6
"Tris(2,3-dichloropropyl) phosphate",C(C(CCl)Cl)OP(=O)(OCC(CCl)Cl)OCC(CCl)Cl,13963,78-43-3,JZZBTMVTLBHJHL-UHFFFAOYSA-N,430.9
Tris(2-butoxyethyl) phosphate,CCCCOCCOP(=O)(OCCOCCCC)OCCOCCCC,13964,78-51-3,WTLBZVNBAKMVDP-UHFFFAOYSA-N,398.5
Tris(2-chloroethyl) phosphate,C(CCl)OP(=O)(OCCCl)OCCCl,1373,115-96-8,HQUQLFOMPYWACS-UHFFFAOYSA-N,285.5
Tris(2-chloroethyl) phosphite,C(CCl)OP(OCCCl)OCCCl,2919,140-08-9,LUVCTYHBTXSAMX-UHFFFAOYSA-N,269.5
Tris(2-chloropropyl) phosphate,CC(COP(=O)(OCC(C)Cl)OCC(C)Cl)Cl,10653,6145-73-9,GTRSAMFYSUBAGN-UHFFFAOYSA-N,327.6
Tris(2-ethylhexyl) phosphate,CCCCC(CC)COP(=O)(OCC(CC)CCCC)OCC(CC)CCCC,13962,78-42-2,GTVWRXDRKAHEAD-UHFFFAOYSA-N,434.6
Tris(2-ethylhexyl) phosphite,CCCCC(CC)COP(OCC(CC)CCCC)OCC(CC)CCCC,6975,301-13-3,ILLOBGFGKYTZRO-UHFFFAOYSA-N,418.6
Tris(2-hydroxyethyl) isocyanurate,C(CO)N1C(=O)N(C(=O)N(C1=O)CCO)CCO,14442,839-90-7,BPXVHIRIPLPOPT-UHFFFAOYSA-N,261.23
Tris(2-methoxyethoxy)vinylsilane,COCCO[Si](C=C)(OCCOC)OCCOC,731,1067-53-4,WOXXJEVNDJOOLV-UHFFFAOYSA-N,280.39
Tris(2-propylphenyl) phosphate,CCCC1=CC=CC=C1OP(=O)(OC2=CC=CC=C2CCC)OC3=CC=CC=C3CCC,14515,84642-70-6,FPIUEVPELBLXGL-UHFFFAOYSA-N,452.5
"Tris(3,5-xylenyl)phosphate",CC1=CC(=CC(=C1)OP(=O)(OC2=CC(=CC(=C2)C)C)OC3=CC(=CC(=C3)C)C)C,16121,25653-16-1,LLPMAOBOEQFPRE-UHFFFAOYSA-N,410.4
Tris(3-chloropropyl) phosphate,C(COP(=O)(OCCCCl)OCCCCl)CCl,733,1067-98-7,WOURXYYHORRGQO-UHFFFAOYSA-N,327.6
Tris(3-chloropropyl) phosphate,C(COP(=O)(OCCCCl)OCCCCl)CCl,6155,26248-87-3,WOURXYYHORRGQO-UHFFFAOYSA-N,327.6
Tris(4-aminophenyl) thiophosphate,C1=CC(=CC=C1N)OP(=S)(OC2=CC=C(C=C2)N)OC3=CC=C(C=C3)N,9421,52664-35-4,MBUAAMOJATXYKR-UHFFFAOYSA-N,387.4
Tris(4-isocyanatophenyl) thiophosphate,C1=CC(=CC=C1N=C=O)OP(=S)(OC2=CC=C(C=C2)N=C=O)OC3=CC=C(C=C3)N=C=O,8381,4151-51-3,KGLSETWPYVUTQX-UHFFFAOYSA-N,465.4
Tris(4-isopropylphenyl) phosphate,CC(C)C1=CC=C(C=C1)OP(=O)(OC2=CC=C(C=C2)C(C)C)OC3=CC=C(C=C3)C(C)C,5608,2502-15-0,ANVREEJNGJMLOV-UHFFFAOYSA-N,452.5
Tris(4-isopropylphenyl) phosphate,CC(C)C1=CC=C(C=C1)OP(=O)(OC2=CC=C(C=C2)C(C)C)OC3=CC=C(C=C3)C(C)C,6398,26967-76-0,ANVREEJNGJMLOV-UHFFFAOYSA-N,452.5
Tris(4-tert-butylphenyl) phosphate,CC(C)(C)C1=CC=C(C=C1)OP(=O)(OC2=CC=C(C=C2)C(C)(C)C)OC3=CC=C(C=C3)C(C)(C)C,13958,78-33-1,LORSVOJSXMHDHF-UHFFFAOYSA-N,494.6
Tris(dimethylamino)methylsilane,CN(C)[Si](C)(N(C)C)N(C)C,8012,3768-57-8,AHKKZIUZTWZKDR-UHFFFAOYSA-N,175.35
Tris(hydroxyethyl)aminomethane,C(CO)C(CCO)(CCO)N,13528,75376-20-4,GKODZWOPPOTFGA-UHFFFAOYSA-N,163.21
Tris(isopropylphenyl)phosphate,CC(C)C1=CC=CC=C1OP(=O)(OC2=CC=CC=C2C(C)C)OC3=CC=CC=C3C(C)C,16137,64532-95-2,LIPMRGQQBZJCTM-UHFFFAOYSA-N,452.5
Tris(m-hydroxyphenyl) phosphate,C1=CC(=CC(=C1)OP(=O)(OC2=CC=CC(=C2)O)OC3=CC=CC(=C3)O)O,15689,94135-13-4,GGYSSENSJNGXLU-UHFFFAOYSA-N,374.3
Tris(o-ethylphenyl) phosphate,CCC1=CC=CC=C1OP(=O)(OC2=CC=CC=C2CC)OC3=CC=CC=C3CC,8101,3862-08-6,DTOOHWOPSUKNJL-UHFFFAOYSA-N,410.4
"Tris(oxiranylmethyl) benzene-1,2,4-tricarboxylate",C1C(O1)COC(=O)C2=CC(=C(C=C2)C(=O)OCC3CO3)C(=O)OCC4CO4,13044,7237-83-4,YNOWBNNLZSSIHM-UHFFFAOYSA-N,378.3
Trithiocyanuric acid,C1(=S)NC(=S)NC(=S)N1,11216,638-16-4,WZRRRFSJFQTGGB-UHFFFAOYSA-N,177.3
Triton X-100,CC(C)(C)CC(C)(C)C1=CC=C(C=C1)OCCO,5231,2315-67-5,JYCQQPHGFMYQCF-UHFFFAOYSA-N,250.38
Tritriacontane,CCCCCCCCCCCCCCCCCCCCCCCCCCCCCCCCC,11066,630-05-7,SUJUOAZFECLBOA-UHFFFAOYSA-N,464.9
Trivinylbenzene,C=CC1=C(C(=CC=C1)C=C)C=C,2412,1322-23-2,WVAFEFUPWRPQSY-UHFFFAOYSA-N,156.22
Trixylenyl phosphate,CC1=CC(=C(C=C1)OP(=O)(OC2=C(C=C(C=C2)C)C)OC3=C(C=C(C=C3)C)C)C,16149,25155-23-1,KOWVWXQNQNCRRS-UHFFFAOYSA-N,410.4
Tromethamine,C(C(CO)(CO)N)O,13731,77-86-1,LENZDBCJOHFCAS-UHFFFAOYSA-N,121.14
Umbelliferone,C1=CC(=CC2=C1C=CC(=O)O2)O,15549,93-35-6,ORHBXUUXSCNDEV-UHFFFAOYSA-N,162.14
"Undec-10-ynoic acid, dodecyl ester",CCCCCCCCCCCCOC(=O)CCCCCCCCC#C,38,1000406-16-5,CPUMHCZZUYHHHY-UHFFFAOYSA-N,350.6
"Undec-10-ynoic acid, heptadecyl ester",CCCCCCCCCCCCCCCCCOC(=O)CCCCCCCCC#C,17421,,UCTUWLQBNDCKIQ-UHFFFAOYSA-N,420.7
"Undec-10-ynoic acid, hexadecyl ester",CCCCCCCCCCCCCCCCOC(=O)CCCCCCCCC#C,16899,,AHAMRTRAKUNZMP-UHFFFAOYSA-N,406.7
"Undec-10-ynoic acid, tridec-2-yn-1-yl ester",CCCCCCCCCCC#CCOC(=O)CCCCCCCCC#C,17207,,KNSRYXHYKIDPGF-UHFFFAOYSA-N,360.6
Undecanal,CCCCCCCCCCC=O,1231,112-44-7,KMPQYAYAQWNLME-UHFFFAOYSA-N,170.29
Undecane,CCCCCCCCCCC,1270,1120-21-4,RSJKGSCJYJTIGS-UHFFFAOYSA-N,156.31
Undecanedioic acid,C(CCCCC(=O)O)CCCCC(=O)O,4346,1852-04-6,LWBHHRRTOZQPDM-UHFFFAOYSA-N,216.27
Undecanenitrile,CCCCCCCCCCC#N,5138,2244-07-7,SZKKNEOUHLFYNA-UHFFFAOYSA-N,167.29
Undecanoic acid,CCCCCCCCCCC(=O)O,1225,112-37-8,ZDPHROOEEOARMN-UHFFFAOYSA-N,186.29
Undecyl 2-chlorobenzoate,CCCCCCCCCCCOC(=O)C1=CC=CC=C1Cl,15945,97221-96-0,LZZUEDTUAJZZBG-UHFFFAOYSA-N,310.9
Undecyl methacrylate,CCCCCCCCCCCOC(=O)C(=C)C,3851,16493-35-9,KRLHYNPADOCLAJ-UHFFFAOYSA-N,240.38
Undecylbenzene,CCCCCCCCCCCC1=CC=CC=C1,11755,6742-54-7,XBEADGFTLHRJRB-UHFFFAOYSA-N,232.4
Undecylcyclohexane,CCCCCCCCCCCC1CCCCC1,9620,54105-66-7,XQQVOBPJWHQXEN-UHFFFAOYSA-N,238.5
Undecylcyclopentane,CCCCCCCCCCCC1CCCC1,11848,6785-23-5,FIWKORYTHDYMGF-UHFFFAOYSA-N,224.42
Undecylenic Acid,C=CCCCCCCCCC(=O)O,1226,112-38-9,FRPZMMHWLSIFAZ-UHFFFAOYSA-N,184.27
Urea,C(=O)(N)N,10044,57-13-6,XSQUKJJJFZCRTK-UHFFFAOYSA-N,60.056
"Urea, (2-hydroxyethyl)-",C(CO)NC(=O)N,2394,1320-51-0,CLAHOZSYMRNIPY-UHFFFAOYSA-N,104.11
"Urea, N,N''-(methylenedi-4,1-phenylene)bis[N',N'-dimethyl-",CN(C)C(=O)NC1=CC=C(C=C1)CC2=CC=C(C=C2)NC(=O)N(C)C,146,10097-09-3,MOAPNXVHLARBNQ-UHFFFAOYSA-N,340.4
"Urea, N,N''-1,6-hexanediylbis[N'-(phenylmethyl)-",C1=CC=C(C=C1)CNC(=O)NCCCCCCNC(=O)NCC2=CC=CC=C2,8141,39072-70-3,KTVATEBHFLZLCI-UHFFFAOYSA-N,382.5
"UREA, n-HEPTYL-",CCCCCCCNC(=O)N,8532,42955-46-4,LDNJCDRFTFLQLF-UHFFFAOYSA-N,158.24
Urethane,CCOC(=O)N,9150,51-79-6,JOYRKODLDBILNP-UHFFFAOYSA-N,89.09
UV-328,CCC(C)(C)C1=CC(=C(C(=C1)N2N=C3C=CC=CC3=N2)O)C(C)(C)CC,6059,25973-55-1,ZMWRRFHBXARRRT-UHFFFAOYSA-N,351.5
"Vaccenic acid, cis-",CCCCCC/C=C\CCCCCCCCCC(=O)O,9091,506-17-2,UWHZIFQPPBDJPM-FPLPWBNLSA-N,282.5
Valencene,C[C@@H]1CCC=C2[C@]1(C[C@@H](CC2)C(=C)C)C,8829,4630-07-3,QEBNYNLSCGVZOH-NFAWXSAZSA-N,204.35
Valeraldehyde,CCCCC=O,1011,110-62-3,HGBOYTHUEUWSSQ-UHFFFAOYSA-N,86.13
Valeric acid,CCCCC(=O)O,934,109-52-4,NQPDZGIKBAWPEJ-UHFFFAOYSA-N,102.13
Valeric anhydride,CCCCC(=O)OC(=O)CCCC,4827,2082-59-9,DUCKXCGALKOSJF-UHFFFAOYSA-N,186.25
Valerophenone,CCCCC(=O)C1=CC=CC=C1,138,1009-14-9,XKGLSKVNOSHTAD-UHFFFAOYSA-N,162.23
Vanillin,COC1=C(C=CC(=C1)C=O)O,1720,121-33-5,MWOOGOJBHIARFG-UHFFFAOYSA-N,152.15
Verdyl acetate,CC(=O)OC1CC2CC1C3C2C=CC3,9624,5413-60-5,RGVQNSFGUOIKFF-UHFFFAOYSA-N,192.25
Versalide,CCC1=CC2=C(C=C1C(=O)C)C(CCC2(C)C)(C)C,14861,88-29-9,KSEZPRJUTHMFGZ-UHFFFAOYSA-N,258.4
Vinyl 2-ethylhexanoate,CCCCC(CC)C(=O)OC=C,15653,94-04-2,IGBZOHMCHDADGY-UHFFFAOYSA-N,170.25
Vinyl acetate,CC(=O)OC=C,845,108-05-4,XTXRWKRVRITETP-UHFFFAOYSA-N,86.09
Vinyl acrylate,C=CC(=O)OC=C,5010,2177-18-6,BLCTWBJQROOONQ-UHFFFAOYSA-N,98.1
Vinyl alcohol,C=CO,9863,557-75-5,IMROMDMJAWUWLK-UHFFFAOYSA-N,44.05
Vinyl benzoate,C=COC(=O)C1=CC=CC=C1,13703,769-78-8,KOZCZZVUFDCZGG-UHFFFAOYSA-N,148.16
Vinyl bromide,C=CBr,10375,593-60-2,INLLPKCGLOXCIV-UHFFFAOYSA-N,106.95
Vinyl butyrate,CCCC(=O)OC=C,1905,123-20-6,MEGHWIAOTJPCHQ-UHFFFAOYSA-N,114.14
Vinyl Chloride,C=CCl,13451,75-01-4,BZHJMEDXRYGGRV-UHFFFAOYSA-N,62.5
Vinyl chloroacetate,C=COC(=O)CCl,5879,2549-51-1,XJELOQYISYPGDX-UHFFFAOYSA-N,120.53
Vinyl crotonate,C/C=C/C(=O)OC=C,3288,14861-06-4,IYNRVIKPUTZSOR-HWKANZROSA-N,112.13
Vinyl decanoate,CCCCCCCCCC(=O)OC=C,8864,4704-31-8,CMDXMIHZUJPRHG-UHFFFAOYSA-N,198.3
Vinyl fluoride,C=CF,13452,75-02-5,XUCNUKMRBVNAPB-UHFFFAOYSA-N,46.04
Vinyl hexanoate,CCCCCC(=O)OC=C,7047,3050-69-9,LZWYWAIOTBEZFN-UHFFFAOYSA-N,142.2
Vinyl laurate,CCCCCCCCCCCC(=O)OC=C,4945,2146-71-6,GLVVKKSPKXTQRB-UHFFFAOYSA-N,226.35
Vinyl methacrylate,CC(=C)C(=O)OC=C,8483,4245-37-8,FFYWKOUKJFCBAM-UHFFFAOYSA-N,112.13
Vinyl myristate,CCCCCCCCCCCCCC(=O)OC=C,10189,5809-91-6,ZQZUENMXBZVXIZ-UHFFFAOYSA-N,254.41
Vinyl neodecanoate,CC(C)(C)CCCCCC(=O)OC=C,9152,51000-52-3,TVFJAZCVMOXQRK-UHFFFAOYSA-N,198.3
Vinyl neononanoate,CC(C)(C)CCCCC(=O)OC=C,9679,54423-67-5,WBZPMFHFKXZDRZ-UHFFFAOYSA-N,184.27
Vinyl octanoate,CCCCCCCC(=O)OC=C,14300,818-44-0,QBDADGJLZNIRFQ-UHFFFAOYSA-N,170.25
Vinyl palmitate,CCCCCCCCCCCCCCCC(=O)OC=C,12626,693-38-9,UJRIYYLGNDXVTA-UHFFFAOYSA-N,282.5
Vinyl pivalate,CC(C)(C)C(=O)OC=C,7554,3377-92-2,YCUBDDIKWLELPD-UHFFFAOYSA-N,128.17
Vinyl propionate,CCC(=O)OC=C,564,105-38-4,UIWXSTHGICQLQT-UHFFFAOYSA-N,100.12
Vinyl stearate,CCCCCCCCCCCCCCCCCC(=O)OC=C,1109,111-63-7,AFSIMBWBBOJPJG-UHFFFAOYSA-N,310.5
Vinylbenzyl chloride,C=CC(C1=CC=CC=C1)Cl,16252,30030-25-2,SLBOQBILGNEPEB-UHFFFAOYSA-N,152.62
Vinylcyclohexane,C=CC1CCCCC1,12656,695-12-5,LDLDYFCCDKENPD-UHFFFAOYSA-N,110.2
Vinylcyclohexene,C=CC1=CCCCC1,5779,25168-07-4,SDRZFSPCVYEJTP-UHFFFAOYSA-N,108.18
Vinylene carbonate,C1=COC(=O)O1,14817,872-36-6,VAYTZRYEBVHVLE-UHFFFAOYSA-N,86.05
Vinylidene chloride,C=C(Cl)Cl,13469,75-35-4,LGXVIGDEPROXKC-UHFFFAOYSA-N,96.94
Vinylidene fluoride,C=C(F)F,13472,75-38-7,BQCIDUSAKPWEOX-UHFFFAOYSA-N,64.03
Vinylphosphonic acid,C=CP(=O)(O)O,4115,1746-03-8,ZTWTYVWXUKTLCP-UHFFFAOYSA-N,108.03
Vinylsulfonic acid,C=CS(=O)(=O)O,1477,1184-84-5,NLVXSWCKKBEXTG-UHFFFAOYSA-N,108.12
Vinyltriacetoxysilane,CC(=O)O[Si](C=C)(OC(=O)C)OC(=O)C,8346,4130-08-9,NOZAQBYNLKNDRT-UHFFFAOYSA-N,232.26
Vinyltriethoxysilane,CCO[Si](C=C)(OCC)OCC,13946,78-08-0,FWDBOZPQNFPOLF-UHFFFAOYSA-N,190.31
Vinyltriisopropoxysilane,CC(C)O[Si](C=C)(OC(C)C)OC(C)C,4229,18023-33-1,MABAWBWRUSBLKQ-UHFFFAOYSA-N,232.39
Vinyltrimethoxysilane,CO[Si](C=C)(OC)OC,6553,2768-02-7,NKSJNEHGWDZZQF-UHFFFAOYSA-N,148.23
Vinyltrimethylsilane,C[Si](C)(C)C=C,13531,754-05-2,GCSJLQSCSDMKTP-UHFFFAOYSA-N,100.23
Vinyltris(methoxypropoxy)silane,COCCCO[Si](C=C)(OCCCOC)OCCCOC,7024,303746-21-6,XSUJDDNOLKLDLF-UHFFFAOYSA-N,322.47
Vinyltris(tert-butylperoxy)silane,CC(C)(C)OO[Si](C=C)(OOC(C)(C)C)OOC(C)(C)C,3388,15188-09-7,WCAGGTLUGWSHOV-UHFFFAOYSA-N,322.47
Violanthrone,C1=CC=C2C(=C1)C3=C4C(=CC=C5C4=C(C=C3)C6=C7C5=CC=C8C7=C(C=C6)C9=CC=CC=C9C8=O)C2=O,1396,116-71-2,YKSGNOMLAIJTLT-UHFFFAOYSA-N,456.5
Viridiflorene,C[C@@H]1CCC2=C(CC[C@@H]3[C@H]([C@H]12)C3(C)C)C,5007,21747-46-6,WGTRJVCFDUCKCM-FMKGYKFTSA-N,204.35
Widdrol,C[C@@]12CCCC(C1=CC[C@@](CC2)(C)O)(C)C,12493,6892-80-4,BXGVVQADPFXGHD-LSDHHAIUSA-N,222.37
"Xanthylium, 3,6-bis(ethylamino)-9-[2-(methoxycarbonyl)phenyl]-2,7-dimethyl-, molybdatesilicate",CCNC1=CC2=C(C=C1C)C(=C3CC(=C(C=C3O2)NCC)C)C4=CC=CC=C4C(=O)OC,13555,75627-12-2,QRMFKPKHIPCYEO-UHFFFAOYSA-N,430.5
"xi-3,5-Dimethyl-2(5H)-furanone",CC1C=C(C(=O)O1)C,9887,5584-69-0,SAXRUMLUKZBSTO-UHFFFAOYSA-N,112.13
Xylitol,C([C@H](C([C@H](CO)O)O)O)O,14800,87-99-0,HEBKCHPVOIAQTA-NGQZWQHPSA-N,152.15
Ylangene,CC1=CC[C@@H]2[C@@H]3[C@H]1[C@]2(CC[C@H]3C(C)C)C,3306,14912-44-8,VLXDPFLIRFYIME-QRTUWBSPSA-N,204.35
Ylangenol,CC(C)C1CCC2(C3C1C2C(=CC3)CO)C,8391,41610-69-9,JIXPRNKLOIEGFI-UHFFFAOYSA-N,220.35
"Z,E-2,13-Octadecadien-1-ol",CCCC/C=C/CCCCCCCCC/C=C\CO,17802,,YCOMGIOWVNOOBC-YZDAJDCNSA-N,266.5
"Z,E-3,13-Octadecadien-1-ol",CCCC/C=C/CCCCCCCC/C=C\CCO,13163,73332-92-0,QBNCGBJHGBGHLS-ZMHWZQNNSA-N,266.5
"Z,Z,Z-1,4,6,9-Nonadecatetraene",CCCCCCCCC/C=C\C/C=C\C=C/CC=C,15824,959037-96-8,RUMHNRJFLJGRNU-FVRZMWRVSA-N,260.5
"Z,Z,Z-1,4,6,9-Nonadecatetraene",CCCCCCCCC/C=C\C/C=C\C=C/CC=C,17574,,RUMHNRJFLJGRNU-FVRZMWRVSA-N,260.5
"Z,Z,Z-4,6,9-Nonadecatriene",CCCCCCCCC/C=C\C/C=C\C=C/CCC,14832,874302-34-8,NGBDUKKBGSGZKF-FVRZMWRVSA-N,262.5
"Z-(13,14-Epoxy)tetradec-11-en-1-ol acetate",CC(=O)OCCCCCCCCCC/C=C\C1CO1,14745,863489-15-0,SSNSHVODQWMOJI-BENRWUELSA-N,268.39
"Z-(13,14-Epoxy)tetradec-11-en-1-ol acetate",CC(=O)OCCCCCCCCCC/C=C\C1CO1,17335,,SSNSHVODQWMOJI-BENRWUELSA-N,268.39
Z-5-Nonadecene,CCCCCCCCCCCCC/C=C\CCCC,17575,,LHPVEDYVSCTZAY-LUAWRHEFSA-N,266.5
"{1,4-Diazabicyclo[2.2.2]octan-2-yl}methanol",C1CN2CCN1CC2CO,13712,76950-43-1,MPJZCYUPWINKPK-UHFFFAOYSA-N,142.2
