name,smiles,plastchem_id,cas,inchikey,molecular_weight_g_mol,halogens,n_atoms_with_H
(+)-alpha-Hexabromocyclododecane,C1C[C@@H]([C@H](CC[C@H]([C@H](CC[C@@H]([C@@H]1Br)Br)Br)Br)Br)Br,2837,138257-19-9,DEIGXXQKDWULML-URIQBSJHSA-N,641.7,Br,36
"(1R,2R,5S,6S,9S,10R)-1,2,5,6,9,10-hexabromocyclododecane",C1C[C@H]([C@H](CC[C@@H]([C@H](CC[C@H]([C@@H]1Br)Br)Br)Br)Br)Br,2835,138257-17-7,DEIGXXQKDWULML-FVMMHNCTSA-N,641.7,Br,36
"(1S,2S,4R)-1,2-Dibromo-4-[(1R)-1,2-dibromoethyl]cyclohexane",C1C[C@@H]([C@H](C[C@@H]1[C@H](CBr)Br)Br)Br,16113,1232836-49-5,PQRRSJBLKOPVJV-KVPKETBZSA-N,427.8,Br,24
"(2,2-Dibromovinyl)benzene",C1=CC=C(C=C1)C=C(Br)Br,7277,31780-26-4,CYLVUSZHVURAOY-UHFFFAOYSA-N,261.94,Br,16
(2-Chloroethoxy)benzene,C1=CC=C(C=C1)OCCCl,10902,622-86-6,VQUYNUJARXBNPK-UHFFFAOYSA-N,156.61,Cl,19
(2-Iodoethyl)benzene,C1=CC=C(C=C1)CCI,4090,17376-04-4,KVTHPKXDLVYNCH-UHFFFAOYSA-N,232.06,I,18
"(2Z)-1,1,1,4,4,4-hexafluorobut-2-ene",C(=C\C(F)(F)F)\C(F)(F)F,12607,692-49-9,NLOLSXYRJFEOTA-UPHRSURJSA-N,164.05,F,12
(Allyloxy)tribromobenzene,C=CCOC1=C(C(=C(C=C1)Br)Br)Br,6339,26762-91-4,FJNNYLPBIOZVIQ-UHFFFAOYSA-N,370.86,Br,20
(Nonafluorobutyl)trifluorooxirane,C1(C(O1)(F)F)(C(C(C(C(F)(F)F)(F)F)(F)F)(F)F)F,13085,72804-48-9,HBBPUTOQGBFWPQ-UHFFFAOYSA-N,316.04,F,19
(Pentabromophenyl)methyl acrylate,C=CC(=O)OCC1=C(C(=C(C(=C1Br)Br)Br)Br)Br,10388,59447-55-1,GRKDVZMVHOLESV-UHFFFAOYSA-N,556.7,Br,22
(Perfluorohexyl)ethylene,C=CC(C(C(C(C(C(F)(F)F)(F)F)(F)F)(F)F)(F)F)(F)F,5837,25291-17-2,FYQFWFHDPNXORA-UHFFFAOYSA-N,346.09,F,24
(R)-(-)-Epichlorohydrin,C1[C@@H](O1)CCl,9249,51594-55-9,BRLQWZUYTZBJKN-VKHMYHEASA-N,92.52,Cl,10
"(trans,trans)-4-(4-Ethoxy-2,3-difluorophenyl)-4'-pentyl-1,1'-bi(cyclohexane)",CCCCCC1CCC(CC1)C2CCC(CC2)C3=C(C(=C(C=C3)OCC)F)F,2017,124728-81-0,GLZNOTOAQDMKMM-UHFFFAOYSA-N,392.6,F,66
"1,1'-[Peroxybis(carbonyloxy)]bis(4-chlorobutane)",C(CCCl)COC(=O)OOC(=O)OCCCCCl,3051,14245-74-0,JCEMSQWGBZLEDB-UHFFFAOYSA-N,303.13,Cl,34
"1,1,1,2,2,3,3,4,4,5,5,6,6,7,7,8,8,9,9,10,10-Henicosafluoro-12-iodododecane",C(CI)C(C(C(C(C(C(C(C(C(C(F)(F)F)(F)F)(F)F)(F)F)(F)F)(F)F)(F)F)(F)F)(F)F)(F)F,4749,2043-54-1,HVWXRMINOYZYCK-UHFFFAOYSA-N,674.03,F;I,38
"1,1,1,2,2,3,3,4,4,5,5,6,6,7,7,8,8,9,9-Nonadecafluoro-11-iodoundecane",C(CI)C(C(C(C(C(C(C(C(C(F)(F)F)(F)F)(F)F)(F)F)(F)F)(F)F)(F)F)(F)F)(F)F,11567,65510-56-7,UXFIGGWFHDAMOO-UHFFFAOYSA-N,624.02,F;I,35
"1,1,1,2,2,3,3,4,4,5,5,6,6,7,7,8,8-Heptadecafluoro-10-iododecane",C(CI)C(C(C(C(C(C(C(C(F)(F)F)(F)F)(F)F)(F)F)(F)F)(F)F)(F)F)(F)F,4748;12116,2043-53-0;68390-33-0,XVKJSLBVVRCOIT-UHFFFAOYSA-N,574.02,F;I,32
"1,1,1,2,2,3,3,4,4-Nonachloroundecane",CCCCCCCC(C(C(C(Cl)(Cl)Cl)(Cl)Cl)(Cl)Cl)(Cl)Cl,5042,219697-11-7,UHGDVTKWTLCBDN-UHFFFAOYSA-N,466.3,Cl,35
"1,1,1,2,2,3,3-Heptafluoro-5-iodopentane",C(CI)C(C(C(F)(F)F)(F)F)(F)F,12047,68188-12-5,TZNRRNKRZXHADL-UHFFFAOYSA-N,323.98,F;I,17
"1,1,1,2,3,3,3-Heptafluoropropane",C(C(F)(F)F)(C(F)(F)F)F,8545,431-89-0,YFMFNYKEUDLDTL-UHFFFAOYSA-N,170.03,F,11
"1,1,1,2-Tetrachloroethane",C(C(Cl)(Cl)Cl)Cl,11070,630-20-6,QVLAWKAXOMEXPM-UHFFFAOYSA-N,167.8,Cl,8
"1,1,1,2-Tetrafluoroethane",C(C(F)(F)F)F,14275,811-97-2,LVGUZGTVOIAKKC-UHFFFAOYSA-N,102.03,F,8
"1,1,1,3,3,3-Hexafluoro-2-propanol",C(C(F)(F)F)(C(F)(F)F)O,15464,920-66-1,BYEAHWXPCBROCE-UHFFFAOYSA-N,168.04,F,12
"1,1,1,3,3-Pentafluorobutane",CC(CC(F)(F)F)(F)F,8279,406-58-6,WZLFPVPRZGTCKP-UHFFFAOYSA-N,148.07,F,14
"1,1,1,3,3-Pentafluoropropane",C(C(F)F)C(F)(F)F,8807,460-73-1,MSSNHSVIGIHOJA-UHFFFAOYSA-N,134.05,F,11
"1,1,1,3,5,7,9,11,11-Nonachloroundecane",C(C(CC(CC(Cl)Cl)Cl)Cl)C(CC(CC(Cl)(Cl)Cl)Cl)Cl,4482,18993-26-5,KMRBTUMTZQIMDK-UHFFFAOYSA-N,466.3,Cl,35
"1,1,1,3,6,7,10,11-Octachloroundecane",C(CC(C(CCC(CCl)Cl)Cl)Cl)C(CC(Cl)(Cl)Cl)Cl,10493,601523-20-0,FLSNQDQVDFQSOG-UHFFFAOYSA-N,431.9,Cl,35
"1,1,1,3,9,11,11,11-Octachloroundecane",C(CCC(CC(Cl)(Cl)Cl)Cl)CCC(CC(Cl)(Cl)Cl)Cl,10494,601523-25-5,GYNMKPTWBKSWPK-UHFFFAOYSA-N,431.9,Cl,35
"1,1,1-Trichloroethane",CC(Cl)(Cl)Cl,12867,71-55-6,UOCLXMDMGBRAIB-UHFFFAOYSA-N,133.4,Cl,8
"1,1,1-Trifluoro-2-(trifluoromethyl)pent-4-en-2-ol",C=CCC(C(F)(F)F)(C(F)(F)F)O,11408,646-97-9,VHSCQANAKTXZTG-UHFFFAOYSA-N,208.1,F,19
"1,1,1-Trifluoroethane",CC(F)(F)F,8436,420-46-2,UJPMYEOUBPIPHQ-UHFFFAOYSA-N,84.04,F,8
"1,1,2,2,3,3,4,4,5,5,6,6,7-Tridecafluorooctan-1-ol",CC(C(C(C(C(C(C(O)(F)F)(F)F)(F)F)(F)F)(F)F)(F)F)F,1300,112708-16-4,KIRIXOGQHXHZKY-UHFFFAOYSA-N,364.1,F,27
"1,1,2,2,3,3-Hexabromocyclododecane",C1CCCCC(C(C(CCCC1)(Br)Br)(Br)Br)(Br)Br,5934,25637-99-4,SHRRVNVEOIKVSG-UHFFFAOYSA-N,641.7,Br,36
"1,1,2,2-Tetrachloroethane",C(C(Cl)Cl)(Cl)Cl,14039,79-34-5,QPFMBZIOSGYJDE-UHFFFAOYSA-N,167.8,Cl,8
"1,1,2,2-Tetrafluoroethane",C(C(F)F)(F)F,7778,359-35-3,WXGNWUVNYMJENI-UHFFFAOYSA-N,102.03,F,8
"1,1,2,2-Tetrahydroperfluoro-1-decanol",C(CO)C(C(C(C(C(C(C(C(F)(F)F)(F)F)(F)F)(F)F)(F)F)(F)F)(F)F)(F)F,11832,678-39-7,JJUBFBTUBACDHW-UHFFFAOYSA-N,464.12,F,33
"1,1,2,3,4,5,6,11-Octachloroundecane",C(CCC(C(C(C(C(C(Cl)Cl)Cl)Cl)Cl)Cl)Cl)CCCl,7815,36312-81-9,JGTAEQOCBGXSLC-UHFFFAOYSA-N,431.9,Cl,35
"1,1,2,3-Tetrachloropropene",C(C(=C(Cl)Cl)Cl)Cl,523,10436-39-2,UMGQVBVEWTXECF-UHFFFAOYSA-N,179.9,Cl,9
"1,1,2,4,4,5,7,7,8,10,10,11,11,12,12,12-Hexadecafluoro-5,8-bis(trifluoromethyl)-3,6,9-trioxadodec-1-ene",C(=C(F)F)(OC(C(C(F)(F)F)(OC(C(C(F)(F)F)(OC(C(C(F)(F)F)(F)F)(F)F)F)(F)F)F)(F)F)F,6067,2599-84-0,GKKVHBTVWDBEIN-UHFFFAOYSA-N,598.08,F,36
"1,1,2-Trichloroethane",C(C(Cl)Cl)Cl,14027,79-00-5,UBOXGVDOUJQMTN-UHFFFAOYSA-N,133.4,Cl,8
"1,1,2-Trichloropropane",CC(C(Cl)Cl)Cl,10435,598-77-6,GRSQYISVQKPZCW-UHFFFAOYSA-N,147.43,Cl,11
"1,1,2-Trichlorotrifluoroethane",C(C(F)(Cl)Cl)(F)(F)Cl,13582,76-13-1,AJDIZQLSFPQPEY-UHFFFAOYSA-N,187.37,Cl;F,8
"1,1,3,3,4,4-Hexachloro-1-butene",C(=C(Cl)Cl)C(C(Cl)Cl)(Cl)Cl,7676,34973-39-2,ABMSWFCHXPNDHQ-UHFFFAOYSA-N,262.8,Cl,12
"1,1-Bis(p-chlorophenyl)-2-chloroethene",C1=CC(=CC=C1C(=CCl)C2=CC=C(C=C2)Cl)Cl,323,1022-22-6,LNKQQZFLNUVWQQ-UHFFFAOYSA-N,283.6,Cl,26
"1,1-Dichloro-1-fluoroethane",CC(F)(Cl)Cl,4024,1717-00-6,FRCHKSNAZZFGCA-UHFFFAOYSA-N,116.95,Cl;F,8
"1,1-Dichlorobuta-1,3-diene",C=CC=C(Cl)Cl,6710,28577-62-0,PDKAXHLOFWCWIH-UHFFFAOYSA-N,122.98,Cl,10
"1,1-Dichloroethane",CC(Cl)Cl,13468,75-34-3,SCYULBFZEHDVBN-UHFFFAOYSA-N,98.96,Cl,8
"1,1-Dichloropropene",CC=C(Cl)Cl,9952,563-58-6,ZAIDIVBQUMFXEC-UHFFFAOYSA-N,110.97,Cl,9
"1,1-Difluoroethane",CC(F)F,13471,75-37-6,NPNPZTNLOVBDOC-UHFFFAOYSA-N,66.05,F,8
"1,16-Dichlorohexadecane",C(CCCCCCCCCl)CCCCCCCCl,13776,7735-39-9,NSSAWKUCPRHLNT-UHFFFAOYSA-N,295.3,Cl,50
"1,2,2,3,3,4,4,5-Octafluoro-6-oxabicyclo[3.1.0]hexane",C12(C(O1)(C(C(C2(F)F)(F)F)(F)F)F)F,12870,710-70-3,VHOKEHVUOYFQKD-UHFFFAOYSA-N,228.04,F,14
"1,2,2,3,5,6,6-Heptafluoro-7-(trifluoromethyl)-4,8-dioxatricyclo[5.1.0.03,5]octane",C12(C(O1)(C(C3(C(C2(F)F)(O3)F)F)(F)F)F)C(F)(F)F,2239,130482-35-8,NQRAQFXUPHIGAH-UHFFFAOYSA-N,306.06,F,19
"1,2,3,4,5,5,6,6-Octafluorobicyclo[2.2.2]oct-2-ene",C1CC2(C(=C(C1(C(C2(F)F)(F)F)F)F)F)F,7225,31462-62-1,MILCJPLPEMJWKH-UHFFFAOYSA-N,252.1,F,20
"1,2,3,4,5-Pentabromo-6-chlorocyclohexane",C1(C(C(C(C(C1Br)Br)Br)Br)Br)Cl,14794,87-84-3,UZOSVZSBPTTWIG-UHFFFAOYSA-N,513.08,Br;Cl,18
"1,2,3,4,5-Pentafluoro-6-[2,3,4,6-tetrafluoro-5-(2,3,4,5,6-pentafluorophenyl)phenyl]benzene",C1(=C(C(=C(C(=C1F)F)F)C2=C(C(=C(C(=C2F)F)F)F)F)F)C3=C(C(=C(C(=C3F)F)F)F)F,3742,16218-79-4,JINIKWBFAGTLJM-UHFFFAOYSA-N,482.2,F,32
"1,2,3,4,6,7,8,9,10,10,11,11-Dodecachloro-1,4,4a,5a,6,9,9a,9b-octahydro-1,4:6,9-dimethanodibenzofuran",C12C3C(C4(C(=C(C3(C4(Cl)Cl)Cl)Cl)Cl)Cl)OC1C5(C(=C(C2(C5(Cl)Cl)Cl)Cl)Cl)Cl,16124,31107-44-5,CDBKZZACXQLFMK-UHFFFAOYSA-N,613.6,Cl,31
"1,2,3,4,6,7,8,9-Octachlorodibenzofuran",C12=C(C(=C(C(=C1Cl)Cl)Cl)Cl)OC3=C2C(=C(C(=C3Cl)Cl)Cl)Cl,8138,39001-02-0,RHIROFAGUQOFLU-UHFFFAOYSA-N,443.7,Cl,21
"1,2,3,4,6,7,8-Heptachlorodibenzo-P-dioxin",C1=C2C(=C(C(=C1Cl)Cl)Cl)OC3=C(O2)C(=C(C(=C3Cl)Cl)Cl)Cl,7767,35822-46-9,WCLNVRQZUKYVAI-UHFFFAOYSA-N,425.3,Cl,22
"1,2,3,4,6,7,8-Heptachlorodibenzofuran",C1=C2C3=C(C(=C(C(=C3Cl)Cl)Cl)Cl)OC2=C(C(=C1Cl)Cl)Cl,11765,67562-39-4,WDMKCPIVJOGHBF-UHFFFAOYSA-N,409.3,Cl,21
"1,2,3,4,6,7-Hexabromo-dibenzo-dioxin",C1=CC(=C(C2=C1OC3=C(O2)C(=C(C(=C3Br)Br)Br)Br)Br)Br,437,103456-42-4,RZDHYIJHBJEYLW-UHFFFAOYSA-N,657.6,Br,22
"1,2,3,4,6,7-Hexabromodibenzofuran",C1=CC(=C(C2=C1C3=C(O2)C(=C(C(=C3Br)Br)Br)Br)Br)Br,428,103456-33-3,YIOFXZCOWPMYPC-UHFFFAOYSA-N,641.6,Br,21
"1,2,3,4,6-Pentabromooxanthrene",C1=CC2=C(C(=C1)Br)OC3=C(O2)C(=C(C(=C3Br)Br)Br)Br,431,103456-36-6,YPFFNRNCRCZYKK-UHFFFAOYSA-N,578.7,Br,22
"1,2,3,4,7,7-Hexachloro-5-(tetrabromophenyl)bicyclo(2.2.1)hept-2-ene",C1C(C2(C(=C(C1(C2(Cl)Cl)Cl)Cl)Cl)Cl)C3=CC(=C(C(=C3Br)Br)Br)Br,16125,34571-16-9,PHYHWKJTYWPNCS-UHFFFAOYSA-N,692.5,Br;Cl,27
"1,2,3,4,7,8,9-Heptachlorodibenzofuran",C1=C2C(=C(C(=C1Cl)Cl)Cl)C3=C(O2)C(=C(C(=C3Cl)Cl)Cl)Cl,9850,55673-89-7,VEZCTZWLJYWARH-UHFFFAOYSA-N,409.3,Cl,21
"1,2,3,4,7,8-Hexabromodibenzo-p-dioxin",C1=C2C(=CC(=C1Br)Br)OC3=C(O2)C(=C(C(=C3Br)Br)Br)Br,1072,110999-44-5,JGZILVYVJLWSIH-UHFFFAOYSA-N,657.6,Br,22
"1,2,3,4,7,8-Hexabromodibenzofuran",C1=C2C(=CC(=C1Br)Br)OC3=C2C(=C(C(=C3Br)Br)Br)Br,2185,129880-08-6,MAHGKVWEQHQGJI-UHFFFAOYSA-N,641.6,Br,21
"1,2,3,4,7,8-Hexachlorodibenzo-P-dioxin",C1=C2C(=CC(=C1Cl)Cl)OC3=C(O2)C(=C(C(=C3Cl)Cl)Cl)Cl,8150,39227-28-6,WCYYQNSQJHPVMG-UHFFFAOYSA-N,390.9,Cl,22
"1,2,3,4,7,8-Hexachlorodibenzofuran",C1=C2C(=CC(=C1Cl)Cl)OC3=C2C(=C(C(=C3Cl)Cl)Cl)Cl,12792,70648-26-9,LVYBAQIVPKCOEE-UHFFFAOYSA-N,374.9,Cl,21
"1,2,3,4-Tetrabromodibenzo-p-dioxin",C1=CC=C2C(=C1)OC3=C(O2)C(=C(C(=C3Br)Br)Br)Br,434,103456-39-9,AKUPIABWVUYZPX-UHFFFAOYSA-N,499.77,Br,22
"1,2,3,4-Tetrachlorobenzene",C1=CC(=C(C(=C1Cl)Cl)Cl)Cl,11135,634-66-2,GBDZXPJXOMHESU-UHFFFAOYSA-N,215.9,Cl,12
"1,2,3,5-Tetrachlorobenzene",C1=C(C=C(C(=C1Cl)Cl)Cl)Cl,11136,634-90-2,QZYNWJQFTJXIRN-UHFFFAOYSA-N,215.9,Cl,12
"1,2,3,6,7,8-Hexabromodibenzo-p-dioxin",C1=C2C(=C(C(=C1Br)Br)Br)OC3=CC(=C(C(=C3O2)Br)Br)Br,1073,110999-45-6,QHJJFBHAYBGEDA-UHFFFAOYSA-N,657.6,Br,22
"1,2,3,6,7,8-Hexabromodibenzofuran",C1=C2C3=C(C(=C(C=C3OC2=C(C(=C1Br)Br)Br)Br)Br)Br,16112,107555-94-2,VUAFSJIMHSEWBL-UHFFFAOYSA-N,641.6,Br,21
"1,2,3,6,7,8-Hexachlorodibenzo-P-dioxin",C1=C2C(=C(C(=C1Cl)Cl)Cl)OC3=CC(=C(C(=C3O2)Cl)Cl)Cl,10135,57653-85-7,YCLUIPQDHHPDJJ-UHFFFAOYSA-N,390.9,Cl,22
"1,2,3,6,7,8-Hexachlorodibenzofuran",C1=C2C3=C(C(=C(C=C3OC2=C(C(=C1Cl)Cl)Cl)Cl)Cl)Cl,10072,57117-44-9,JEYJJJXOFWNEHN-UHFFFAOYSA-N,374.9,Cl,21
"1,2,3,7,8,9-Hexabromodibenzo-p-dioxin",C1=C2C(=C(C(=C1Br)Br)Br)OC3=C(C(=C(C=C3O2)Br)Br)Br,1074,110999-46-7,BQLIEPWVZAEMQP-UHFFFAOYSA-N,657.6,Br,22
"1,2,3,7,8,9-Hexabromodibenzofuran",C1=C2C(=C(C(=C1Br)Br)Br)C3=C(C(=C(C=C3O2)Br)Br)Br,3733,161880-49-5,BWGBHHLGDVHQEM-UHFFFAOYSA-N,641.6,Br,21
"1,2,3,7,8,9-Hexachlorodibenzo-P-dioxin",C1=C2C(=C(C(=C1Cl)Cl)Cl)OC3=C(C(=C(C=C3O2)Cl)Cl)Cl,4562,19408-74-3,LGIRBUBHIWTVCK-UHFFFAOYSA-N,390.9,Cl,22
"1,2,3,7,8,9-Hexachlorodibenzofuran",C1=C2C(=C(C(=C1Cl)Cl)Cl)C3=C(C(=C(C=C3O2)Cl)Cl)Cl,13107,72918-21-9,PYUSJFJVDVSXIU-UHFFFAOYSA-N,374.9,Cl,21
"1,2,3,7,8-Pentabromodibenzo-P-dioxin",C1=C2C(=CC(=C1Br)Br)OC3=C(C(=C(C=C3O2)Br)Br)Br,962,109333-34-8,ZIFMQFDZODRVTG-UHFFFAOYSA-N,578.7,Br,22
"1,2,3,7,8-Pentabromodibenzofuran",C1=C2C(=CC(=C1Br)Br)OC3=CC(=C(C(=C23)Br)Br)Br,825,107555-93-1,QMKPILUKNSMQTD-UHFFFAOYSA-N,562.7,Br,21
"1,2,3,7,8-Pentachlorodibenzo-P-dioxin",C1=C2C(=CC(=C1Cl)Cl)OC3=C(C(=C(C=C3O2)Cl)Cl)Cl,8256,40321-76-4,FSPZPQQWDODWAU-UHFFFAOYSA-N,356.4,Cl,22
"1,2,3,7,8-Pentachlorodibenzofuran",C1=C2C(=CC(=C1Cl)Cl)OC3=CC(=C(C(=C23)Cl)Cl)Cl,10071,57117-41-6,SBMIVUVRFPGOEB-UHFFFAOYSA-N,340.4,Cl,21
"1,2,3-Tribromo-dibenzofuran",C1=CC=C2C(=C1)C3=C(C(=C(C=C3O2)Br)Br)Br,436,103456-41-3,XDHQNCQRLUFFIB-UHFFFAOYSA-N,404.88,Br,21
"1,2,3-Tribromooxanthrene",C1=CC=C2C(=C1)OC3=CC(=C(C(=C3O2)Br)Br)Br,433,103456-38-8,KZPCRMUPGLGTEF-UHFFFAOYSA-N,420.88,Br,22
"1,2,3-Trichlorobenzene",C1=CC(=C(C(=C1)Cl)Cl)Cl,1601;14784,12002-48-1;87-61-6,RELMFMZEBKVZJC-UHFFFAOYSA-N,181.4,Cl,12
"1,2,3-Trichloropropane",C(C(CCl)Cl)Cl,15871,96-18-4,CFXQEHVMCRXUSD-UHFFFAOYSA-N,147.43,Cl,11
"1,2,3-Trichloropropene",C(/C(=C/Cl)/Cl)Cl,2304,13116-57-9,HIILBTHBHCLUER-IWQZZHSRSA-N,145.41,Cl,9
"1,2,4,5,7-Pentachloronaphthalene",C1=C(C=C(C2=C1C(=C(C=C2Cl)Cl)Cl)Cl)Cl,2404,1321-64-8,WYLDWCYZCFRVRH-UHFFFAOYSA-N,300.4,Cl,18
"1,2,4,5-Tetrachlorobenzene",C1=C(C(=CC(=C1Cl)Cl)Cl)Cl,15777,95-94-3,JHBKHLUZVFWLAG-UHFFFAOYSA-N,215.9,Cl,12
"1,2,4,7,9-Pentabromo-dibenzofuran",C1=C(C=C(C2=C1OC3=C2C(=C(C=C3Br)Br)Br)Br)Br,12444,68795-14-2,KYCXSUKOCJIDGC-UHFFFAOYSA-N,562.7,Br,21
"1,2,4-Trichlorobenzene",C1=CC(=C(C=C1Cl)Cl)Cl,1584,120-82-1,PBKONEOXTCPAFI-UHFFFAOYSA-N,181.4,Cl,12
"1,2,5,6,9,10-Hexabromocyclododecane",C1CC(C(CCC(C(CCC(C1Br)Br)Br)Br)Br)Br,7302,3194-55-6,DEIGXXQKDWULML-UHFFFAOYSA-N,641.7,Br,36
"1,2,5,6-Tetrabromocyclooctane",C1CC(C(CCC(C1Br)Br)Br)Br,7303,3194-57-8,RZLXIANUDLLFHN-UHFFFAOYSA-N,427.8,Br,24
"1,2-Benzenedicarboxylic acid, 3,4,5,6-tetrachloro-, bis(2-ethylhexyl) ester",CCCCC(CC)COC(=O)C1=C(C(=C(C(=C1Cl)Cl)Cl)Cl)C(=O)OCC(CC)CCCC,7663,34832-88-7,BELGUQVGZMFEAQ-UHFFFAOYSA-N,528.3,Cl,66
"1,2-Bis(2,4,6-tribromophenoxy)ethane",C1=C(C=C(C(=C1Br)OCCOC2=C(C=C(C=C2Br)Br)Br)Br)Br,8030,37853-59-1,YATIGPZCMOYEGE-UHFFFAOYSA-N,687.6,Br,30
"1,2-Dibromo-2,4-dicyanobutane",C(CC(CBr)(C#N)Br)C#N,7753,35691-65-7,DHVLDKHFGIVEIP-UHFFFAOYSA-N,265.93,Br,16
"1,2-Dibromo-3-(2-bromophenoxy)benzene",C1=CC=C(C(=C1)OC2=C(C(=CC=C2)Br)Br)Br,3225,147217-74-1,VRNGWCVCSHJUEJ-UHFFFAOYSA-N,406.89,Br,23
"1,2-Dibromo-3-(3-bromophenoxy)benzene",C1=CC(=CC(=C1)Br)OC2=C(C(=CC=C2)Br)Br,3227,147217-76-3,RQJUBSPXDSGLRB-UHFFFAOYSA-N,406.89,Br,23
"1,2-Dibromo-4-(1,2-dibromoethyl)cyclohexane",C1CC(C(CC1C(CBr)Br)Br)Br,7471,3322-93-8,PQRRSJBLKOPVJV-UHFFFAOYSA-N,427.8,Br,24
"1,2-Dibromo-4-(3-bromophenoxy)benzene",C1=CC(=CC(=C1)Br)OC2=CC(=C(C=C2)Br)Br,3231,147217-80-9,CDVYKQPKJYPWRO-UHFFFAOYSA-N,406.89,Br,23
"1,2-Dibromo-dibenzofuran",C1=CC=C2C(=C1)C3=C(O2)C=CC(=C3Br)Br,435,103456-40-2,GPOPKCSRDACCHP-UHFFFAOYSA-N,325.98,Br,21
"1,2-Dibromoethane",C(CBr)Br,681,106-93-4,PAAZPARNPHGIKF-UHFFFAOYSA-N,187.86,Br,8
"1,2-Dibromooxanthrene",C1=CC=C2C(=C1)OC3=C(O2)C(=C(C=C3)Br)Br,432,103456-37-7,MKXZILBIAQNODC-UHFFFAOYSA-N,341.98,Br,22
"1,2-Dibromopyranthrene-8,16-dione",C1=CC=C2C(=C1)C3=CC4=C5C6=C(C=CC(=C36)C2=O)C=C7C5=C(C=C4)C(=O)C8=C7C=CC(=C8Br)Br,2437,1324-35-2,HJICBVMRKHYRDH-UHFFFAOYSA-N,564.2,Br,46
"1,2-Dichloro-1-fluoroethane",C(C(F)Cl)Cl,8538,430-57-9,NDKGUMMLYBINOC-UHFFFAOYSA-N,116.95,Cl;F,8
"1,2-Dichloro-3-(chloromethyl)benzene",C1=CC(=C(C(=C1)Cl)Cl)CCl,17202,,AIPJZPPOFWCJRC-UHFFFAOYSA-N,195.5,Cl,15
"1,2-Dichloro-3-[(2,3-dichlorophenyl)methyl]-4-methylbenzene",CC1=C(C(=C(C=C1)Cl)Cl)CC2=C(C(=CC=C2)Cl)Cl,13619,76253-60-6,VFDKJOGFZHCXDA-UHFFFAOYSA-N,320,Cl,28
"1,2-Dichlorobenzene",C1=CC=C(C(=C1)Cl)Cl,5845;15756,25321-22-6;95-50-1,RFFLAFLAYFXFSW-UHFFFAOYSA-N,147,Cl,12
"1,2-Dichloroethane",C(CCl)Cl,753,107-06-2,WSLDOOZREJYCGB-UHFFFAOYSA-N,98.96,Cl,8
"1,2-Dichloroethylene",C(=CCl)Cl,9598,540-59-0,KFUSEUYYWQURPO-UHFFFAOYSA-N,96.94,Cl,6
"1,2-Dichloropropane",CC(CCl)Cl,13976,78-87-5,KNKRKFALVUDBJE-UHFFFAOYSA-N,112.98,Cl,11
"1,2-Difluoroethane",C(CF)F,10953,624-72-6,AHFMSNDOYCFEPH-UHFFFAOYSA-N,66.05,F,8
"1,2-Epoxy-3,3,3-trichloropropane",C1C(O1)C(Cl)(Cl)Cl,7135,3083-23-6,VFEXYZINKMLLAK-UHFFFAOYSA-N,161.41,Cl,10
"1,2-Epoxyperfluorobutane",C1(C(O1)(F)F)(C(C(F)(F)F)(F)F)F,7914,3709-90-8,ZEZAFHZIZCXHGO-UHFFFAOYSA-N,216.03,F,13
"1,3,3,3-Tetrafluoroprop-1-ene",C(=C/F)\C(F)(F)F,3842;6806,1645-83-6;29118-24-9,CDOOAUSHHFGWSA-OWOJBTEDSA-N,114.04,F,9
"1,3,5,7-Tetrabromocyclooctane",C1C(CC(CC(CC1Br)Br)Br)Br,7224,31454-48-5,RTLBBTQCDMYRRE-UHFFFAOYSA-N,427.8,Br,24
"1,3,5-Benzenetricarbonyl trichloride",C1=C(C=C(C=C1C(=O)Cl)C(=O)Cl)C(=O)Cl,8594,4422-95-1,UWCPYKQBIPYOLX-UHFFFAOYSA-N,265.5,Cl,18
"1,3,5-Tribromo-2-(2,3-dibromopropoxy)benzene",C1=C(C=C(C(=C1Br)OCC(CBr)Br)Br)Br,7691,35109-60-5,QXWYPAKUEHGJSG-UHFFFAOYSA-N,530.7,Br,22
"1,3,5-Tribromo-2-(2,4-dibromophenoxy)benzene",C1=CC(=C(C=C1Br)Br)OC2=C(C=C(C=C2Br)Br)Br,4456,189084-64-8,NSKIRYMHNFTRLR-UHFFFAOYSA-N,564.7,Br,23
"1,3,5-Trichlorobenzene",C1=C(C=C(C=C1Cl)Cl)Cl,878,108-70-3,XKEFYDZQGKAQCN-UHFFFAOYSA-N,181.4,Cl,12
"1,3-Butadiene, 1,1,2-trichloro-",C=CC(=C(Cl)Cl)Cl,6698,2852-07-5,ZFBGKBGUMMBBMY-UHFFFAOYSA-N,157.42,Cl,10
"1,3-Diaminotetrafluorobenzene",C1(=C(C(=C(C(=C1F)F)F)N)F)N,1561,1198-63-6,FXGQUGCFZKMIJW-UHFFFAOYSA-N,180.1,F,16
"1,3-Dibromo-2-(2-bromophenoxy)benzene",C1=CC=C(C(=C1)OC2=C(C=CC=C2Br)Br)Br,3224,147217-73-0,YDFQHBRKURQGAH-UHFFFAOYSA-N,406.89,Br,23
"1,3-Dibromo-2-(3-bromophenoxy)benzene",C1=CC(=CC(=C1)Br)OC2=C(C=CC=C2Br)Br,7543,337513-53-8,JUPZALSVNWJHII-UHFFFAOYSA-N,406.89,Br,23
"1,3-Dibromo-2-(4-bromophenoxy)benzene",C1=CC(=C(C(=C1)Br)OC2=CC=C(C=C2)Br)Br,4452,189084-60-4,TYDVYKIQSZGUMV-UHFFFAOYSA-N,406.89,Br,23
"1,3-Dibromo-5-(3-bromophenoxy)benzene",C1=CC(=CC(=C1)Br)OC2=CC(=CC(=C2)Br)Br,3230,147217-79-6,XUKPJLVONRTECE-UHFFFAOYSA-N,406.89,Br,23
"1,3-Dibromo-5-(4-bromophenoxy)benzene",C1=CC(=CC=C1OC2=CC(=CC(=C2)Br)Br)Br,8304,407606-57-9,UFFNOPDHJNQYKD-UHFFFAOYSA-N,406.89,Br,23
"1,3-Dibromo-5-phenoxybenzene",C1=CC=C(C=C1)OC2=CC(=CC(=C2)Br)Br,8835,46438-88-4,FOXBZJLXVUHYQZ-UHFFFAOYSA-N,328,Br,23
"1,3-Dibromobenzene",C1=CC(=CC(=C1)Br)Br,859,108-36-1,JSRLURSZEMLAFO-UHFFFAOYSA-N,235.9,Br,12
"1,3-Dichloro-1,1,2,2,3-pentafluoropropane",C(C(C(F)(F)Cl)(F)F)(F)Cl,9113,507-55-1,UJIGKESMIPTWJH-UHFFFAOYSA-N,202.93,Cl;F,11
"1,3-Dichloro-2-fluorobenzene",C1=CC(=C(C(=C1)Cl)F)Cl,5169,2268-05-5,JORVCRLRRRRLFI-UHFFFAOYSA-N,164.99,Cl;F,12
"1,3-Dichloro-2-propanol",C(C(CCl)O)Cl,15873,96-23-1,DEWLEGDTCGBNGU-UHFFFAOYSA-N,128.98,Cl,12
"1,3-Dichloro-5,5-dimethylhydantoin",CC1(C(=O)N(C(=O)N1Cl)Cl)C,1457,118-52-5,KEQGZUUPPQEDPF-UHFFFAOYSA-N,197.02,Cl,17
"1,3-Dichlorobenzene",C1=CC(=CC(=C1)Cl)Cl,9619,541-73-1,ZPQOPVIELGIULI-UHFFFAOYSA-N,147,Cl,12
"1,3-Dichlorobut-2-ene",C/C(=C\CCl)/Cl,15512,926-57-8,WLIADPFXSACYLS-DUXPYHPUSA-N,124.99,Cl,12
"1,3-Dichloropropane",C(CCl)CCl,3019,142-28-9,YHRUOJUYPBUZOS-UHFFFAOYSA-N,112.98,Cl,11
"1,3-Dichloropropene",C(C=CCl)Cl,9637,542-75-6,UOORRWUZONOOLO-UHFFFAOYSA-N,110.97,Cl,9
"1,3-Diiodoperfluoropropane",C(C(F)(F)I)(C(F)(F)I)(F)F,8455,422-91-3,WIEYKFZUVTYEIY-UHFFFAOYSA-N,403.83,F;I,11
"1,3-Dioxole, 2,2,4-trifluoro-5-(trifluoromethoxy)-",C1(=C(OC(O1)(F)F)F)OC(F)(F)F,3723,161611-74-1,JSGITCLSCUKHFW-UHFFFAOYSA-N,210.03,F,13
"1,3-Isobenzofurandione, 5,5'-[2,2,2-trifluoro-1-(trifluoromethyl)ethylidene]bis-",C1=CC2=C(C=C1C(C3=CC4=C(C=C3)C(=O)OC4=O)(C(F)(F)F)C(F)(F)F)C(=O)OC2=O,1049,1107-00-2,QHHKLPCQTTWFSS-UHFFFAOYSA-N,444.2,F,37
"1,3:2,4-Bis-O-((4-chlorophenyl)methylene)-D-glucitol",C[C@]1([C@H]2[C@H](COC(O2)C3=CC=C(C=C3)Cl)OC(O1)C4=CC=C(C=C4)Cl)[C@@H](CO)O,14329,82203-23-4,YULFFYZCWUUTNC-YWPNNVDBSA-N,441.3,Cl,51
"1,4-Bis(2-bromoethyl)benzene",C1=CC(=CC=C1CCBr)CCBr,8785,4542-72-7,KLVPRNNDJXCLKH-UHFFFAOYSA-N,292.01,Br,24
"1,4-Bis(2-hydroxyhexafluoroisopropyl)benzene",C1=CC(=CC=C1C(C(F)(F)F)(C(F)(F)F)O)C(C(F)(F)F)(C(F)(F)F)O,4654,1992-15-0,YTJDSANDEZLYOU-UHFFFAOYSA-N,410.15,F,32
"1,4-Bis(4-fluorobenzoyl)benzene",C1=CC(=CC=C1C(=O)C2=CC=C(C=C2)F)C(=O)C3=CC=C(C=C3)F,12156,68418-51-9,LLJNTLUXOZPFQB-UHFFFAOYSA-N,322.3,F,36
"1,4-Bis(chloromethyl)benzene",C1=CC(=CC=C1CCl)CCl,10927,623-25-6,ZZHIDJWUJRKHGX-UHFFFAOYSA-N,175.05,Cl,18
"1,4-Bis(chloromethyl)naphthalene",C1=CC=C2C(=CC=C(C2=C1)CCl)CCl,11598,6586-89-6,PMIHHEJEQAQZET-UHFFFAOYSA-N,225.11,Cl,24
"1,4-Diamino-2,3-dichloroanthraquinone",C1=CC=C2C(=C1)C(=O)C3=C(C2=O)C(=C(C(=C3N)Cl)Cl)N,14267,81-42-5,KZYAYVSWIPZDKL-UHFFFAOYSA-N,307.1,Cl,28
"1,4-Dibromo-2-(2-bromophenoxy)benzene",C1=CC=C(C(=C1)OC2=C(C=CC(=C2)Br)Br)Br,8303,407606-55-7,FAZLXBWRNJAGSV-UHFFFAOYSA-N,406.89,Br,23
"1,4-Dibromo-2-(3-bromophenoxy)benzene",C1=CC(=CC(=C1)Br)OC2=C(C=CC(=C2)Br)Br,7551,337513-75-4,VUOBKVBAFJQQDB-UHFFFAOYSA-N,406.89,Br,23
"1,4-Dibromo-2-(4-bromophenoxy)benzene",C1=CC(=CC=C1OC2=C(C=CC(=C2)Br)Br)Br,11516,65075-08-3,PURZBWMLFRWRMG-UHFFFAOYSA-N,406.89,Br,23
"1,4-Dibromobenzene",C1=CC(=CC=C1Br)Br,651,106-37-6,SWJPEBQEEAHIGZ-UHFFFAOYSA-N,235.9,Br,12
"1,4-Dichloro-2-butene, (2E)-",C(/C=C/CCl)Cl,1008;13639,110-57-6;764-41-0,FQDIANVAWVHZIR-OWOJBTEDSA-N,124.99,Cl,12
"1,4-Dichlorobenzene",C1=CC(=CC=C1Cl)Cl,655,106-46-7,OCJBOOLMMGQPQU-UHFFFAOYSA-N,147,Cl,12
"1,4-Dichlorobutane",C(CCCl)CCl,1007,110-56-5,KJDRSWPQXHESDQ-UHFFFAOYSA-N,127.01,Cl,14
"1,4:5,8-Dimethanonaphthalene, 6,7-dibromo-1,2,3,4,10,10-hexachloro-1,4,4a,5,6,7,8,8a-octahydro-",C1C2C3C(C1C(C2Br)Br)C4(C(=C(C3(C4(Cl)Cl)Cl)Cl)Cl)Cl,16120,20389-65-5,SUSUGGDVAULJNM-UHFFFAOYSA-N,524.7,Br;Cl,28
"1,6-Dichlorohexane",C(CCCCl)CCCl,4981,2163-00-0,OVISMSJCKCDOPU-UHFFFAOYSA-N,155.06,Cl,20
"1,6-Divinylperfluorohexane",C=CC(C(C(C(C(C(C=C)(F)F)(F)F)(F)F)(F)F)(F)F)(F)F,4220,1800-91-5,PDFSXHZXNZCKNF-UHFFFAOYSA-N,354.13,F,28
1-((2-Chloro-4-nitrophenyl)azo)-2-naphthol,C1=CC=C2C(=C1)C=CC(=C2N=NC3=C(C=C(C=C3)[N+](=O)[O-])Cl)O,6635,2814-77-9,XLTMWFMRJZDFFD-UHFFFAOYSA-N,327.72,Cl,33
1-(2-Chloropropyl)-5-nitro-2-(phenylmethyl)-1H-benzimidazole,CC(CN1C2=C(C=C(C=C2)[N+](=O)[O-])N=C1CC3=CC=CC=C3)Cl,12983,7189-76-6,QPTDFPXUTRROQZ-UHFFFAOYSA-N,329.8,Cl,39
1-(4-Bromobutyl)-2-piperidinone,C1CCN(C(=O)C1)CCCCBr,4580,195194-80-0,OBYSASJZICHTJD-UHFFFAOYSA-N,234.13,Br,28
1-(Chloromethyl)naphthalene,C1=CC=C2C(=C1)C=CC=C2CCl,14727,86-52-2,XMWGTKZEDLCVIG-UHFFFAOYSA-N,176.64,Cl,21
"1-[(6-Fluoro-3-methoxyquinoxalin-2-yl)aminocarbonyl]-4-(3,5-dimethoxyphenyl)piperazine",COC1=CC(=CC(=C1)N2CCN(CC2)C(=O)NC3=NC4=C(C=C(C=C4)F)N=C3OC)OC,14912,888479-29-6,IBXPCUONFLPMCV-UHFFFAOYSA-N,441.5,F,56
"1-[Difluoro(trifluoromethoxy)methoxy]-1,2,2-trifluoroethene",C(=C(F)F)(OC(OC(F)(F)F)(F)F)F,12714,700874-87-9,PODVJTKDNVRRMS-UHFFFAOYSA-N,232.03,F,14
1-Adamantanecarbonyl chloride,C1C2CC3CC1CC(C2)(C3)C(=O)Cl,4854,2094-72-6,MIBQYWIOHFTKHD-UHFFFAOYSA-N,198.69,Cl,28
1-Amino-4-anilino-2-bromoanthraquinone,C1=CC=C(C=C1)NC2=CC(=C(C3=C2C(=O)C4=CC=CC=C4C3=O)N)Br,3533,1564-71-2,BMIJUARACLJZMP-UHFFFAOYSA-N,393.2,Br,38
1-Bromo-2-(2-phenylphenyl)benzene,C1=CC=C(C=C1)C2=CC=CC=C2C3=CC=CC=C3Br,13521,75295-57-7,YTLIDPYQVRVSCY-UHFFFAOYSA-N,309.2,Br,32
1-Bromo-2-chlorobenzene,C1=CC=C(C(=C1)Cl)Br,12641,694-80-4,QBELEDRHMPMKHP-UHFFFAOYSA-N,191.45,Br;Cl,12
1-Bromo-2-iodotetrafluoroethane,C(C(F)(F)I)(F)(F)Br,8448,421-70-5,ZYNPYKGTNSXKPI-UHFFFAOYSA-N,306.82,Br;F;I,8
1-Bromo-2-phenoxybenzene,C1=CC=C(C=C1)OC2=CC=CC=C2Br,7856;12750,36563-47-0;7025-06-1,RRWFUWRLNIZICP-UHFFFAOYSA-N,249.1,Br,23
1-Bromo-2-propanol,CC(CBr)O,10838,61951-89-1,WEGOLYBUWCMMMY-UHFFFAOYSA-N,138.99,Br,12
"1-Bromo-3-chloro-5,5-dimethyl-2,4-imidazolidinedione",CC1(C(=O)N(C(=O)N1Br)Cl)C,3685,16079-88-2,PIEXCQIOSMOEOU-UHFFFAOYSA-N,241.47,Br;Cl,17
1-Bromo-3-chloropropane,C(CCl)CBr,943,109-70-6,MFESCIUQSIBMSM-UHFFFAOYSA-N,157.44,Br;Cl,11
1-Bromo-3-phenoxybenzene,C1=CC=C(C=C1)OC2=CC(=CC=C2)Br,12433,6876-00-2,AHDAKFFMKLQPTD-UHFFFAOYSA-N,249.1,Br,23
1-Bromo-4-chlorobutane,C(CCBr)CCl,12645,6940-78-9,NIDSRGCVYOEDFW-UHFFFAOYSA-N,171.46,Br;Cl,14
1-Bromo-4-phenoxybenzene,C1=CC=C(C=C1)OC2=CC=C(C=C2)Br,160,101-55-3,JDUYPUMQALQRCN-UHFFFAOYSA-N,249.1,Br,23
1-Bromoadamantane,C1C2CC3CC1CC(C2)(C3)Br,13691,768-90-1,VQHPRVYDKRESCL-UHFFFAOYSA-N,215.13,Br,26
1-Bromodecane,CCCCCCCCCCBr,1219,112-29-8,MYMSJFSOOQERIO-UHFFFAOYSA-N,221.18,Br,32
1-Bromodibenzo-p-dioxin,C1=CC=C2C(=C1)OC3=C(O2)C(=CC=C3)Br,429,103456-34-4,HEAUGIUDKRRLPJ-UHFFFAOYSA-N,263.09,Br,22
1-Bromodibenzofuran,C1=CC=C2C(=C1)C3=C(O2)C=CC=C3Br,430,103456-35-5,WUYYVOWEBMOELQ-UHFFFAOYSA-N,247.09,Br,21
1-Bromododecane,CCCCCCCCCCCCBr,3075,143-15-7,PBLNBZIONSLZBU-UHFFFAOYSA-N,249.23,Br,38
1-Bromohexadecane,CCCCCCCCCCCCCCCCBr,1254,112-82-3,HNTGIJLWHDPAFN-UHFFFAOYSA-N,305.34,Br,50
1-Bromopentadecane,CCCCCCCCCCCCCCCBr,11035,629-72-1,JKOTZBXSNOGCIF-UHFFFAOYSA-N,291.31,Br,47
1-Bromopentane,CCCCCBr,1005,110-53-2,YZWKKMVJZFACSU-UHFFFAOYSA-N,151.04,Br,17
1-Bromopropane,CCCBr,682,106-94-5,CYNYIHKIEHGYOZ-UHFFFAOYSA-N,122.99,Br,11
1-Bromotriacontane,CCCCCCCCCCCCCCCCCCCCCCCCCCCCCCBr,8445,4209-22-7,SFVIZKWTUKBDIY-UHFFFAOYSA-N,501.7,Br,92
1-Bromotridecane,CCCCCCCCCCCCCBr,13658,765-09-3,BFDNZQUBFCYTIC-UHFFFAOYSA-N,263.26,Br,41
"1-Butyl-5-((4-chlorophenyl)azo)-1,2-dihydro-6-hydroxy-4-methyl-2-oxonicotinonitrile",CCCCN1C(=C(C(=C(C1=O)N=NC2=CC=C(C=C2)Cl)C)C#N)O,14444,83929-90-2,MWAWPZSULSWTAA-UHFFFAOYSA-N,344.8,Cl,41
"1-Chloro-1,1,2,2-tetrafluoroethane",C(C(F)(F)Cl)(F)F,7724,354-25-6,JQZFYIGAYWLRCC-UHFFFAOYSA-N,136.47,Cl;F,8
"1-Chloro-1,1-difluoroethane",CC(F)(F)Cl,13486,75-68-3,BHNZEZWIUMJCGF-UHFFFAOYSA-N,100.49,Cl;F,8
1-Chloro-2-(trichloromethyl)benzene,C1=CC=C(C(=C1)C(Cl)(Cl)Cl)Cl,4932,2136-89-2,MFHPYLFZSCSNST-UHFFFAOYSA-N,229.9,Cl,15
1-Chloro-2-fluoroethylene,C(=C/Cl)\F,8805,460-16-2,MTKHTBWXSHYCGS-OWOJBTEDSA-N,80.49,Cl;F,6
1-Chloro-2-nitropropane,CC(CCl)[N+](=O)[O-],5391,2425-66-3,FPJNQQRSBJPGHM-UHFFFAOYSA-N,123.54,Cl,13
1-Chloro-2-propanol,CC(CCl)O,2097,127-00-4,YYTSGNJTASLUOY-UHFFFAOYSA-N,94.54,Cl,12
"1-Chloro-3,3-dimethylbutane",CC(C)(C)CCCl,6699,2855-08-5,XGCKOSFYXBAPQM-UHFFFAOYSA-N,120.62,Cl,20
1-Chloro-3-nitrobenzene,C1=CC(=CC(=C1)Cl)[N+](=O)[O-],1728,121-73-3,KMAQZIILEGKYQZ-UHFFFAOYSA-N,157.55,Cl,14
"1-Chloro-4-(1,2,2-trichlorovinyl)benzene",C1=CC(=CC=C1C(=C(Cl)Cl)Cl)Cl,8874,4714-35-6,KQRVRRKQNVBFMN-UHFFFAOYSA-N,241.9,Cl,16
1-Chloro-4-nitrobenzene,C1=CC(=CC=C1[N+](=O)[O-])Cl,1,100-00-5,CZGCEKJOLUNIFY-UHFFFAOYSA-N,157.55,Cl,14
1-Chlorodecane,CCCCCCCCCCCl,56,1002-69-3,ZTEHOZMYMCEYRM-UHFFFAOYSA-N,176.72,Cl,32
1-Chlorododecane,CCCCCCCCCCCCCl,1236,112-52-7,YAYNEUUHHLGGAH-UHFFFAOYSA-N,204.78,Cl,38
1-Chloroeicosane,CCCCCCCCCCCCCCCCCCCCCl,8459,42217-02-7,AFGNVSCTEXUEJE-UHFFFAOYSA-N,317,Cl,62
1-Chloroheptacosane,CCCCCCCCCCCCCCCCCCCCCCCCCCCCl,10867,62016-79-9,SHDKPHGPBNHILS-UHFFFAOYSA-N,415.2,Cl,83
1-Chlorohexadecane,CCCCCCCCCCCCCCCCCl,8944,4860-03-1,CLWAXFZCVYJLLM-UHFFFAOYSA-N,260.9,Cl,50
1-Chloronaphthalene,C1=CC=C2C(=C1)C=CC=C2Cl,14966,90-13-1,JTPNRXUCIXHOKM-UHFFFAOYSA-N,162.61,Cl,18
1-Chlorooctadecane,CCCCCCCCCCCCCCCCCCCl,7562,3386-33-2,VUQPJRPDRDVQMN-UHFFFAOYSA-N,288.9,Cl,56
1-Chlorooctane,CCCCCCCCCl,1123,111-85-3,CNDHHGUSRIZDSL-UHFFFAOYSA-N,148.67,Cl,26
1-Chlorotetradecane,CCCCCCCCCCCCCCCl,5390,2425-54-9,RNHWYOLIEJIAMV-UHFFFAOYSA-N,232.83,Cl,44
1-Chloroundecane,CCCCCCCCCCCCl,5514,2473-03-2,ZHKKNUKCXPWZOP-UHFFFAOYSA-N,190.75,Cl,35
1-Fluorododecane,CCCCCCCCCCCCF,7498,334-68-9,YHYBNVZCQIDLSQ-UHFFFAOYSA-N,188.32,F,38
1-Fluorotetradecane,CCCCCCCCCCCCCCF,10372,593-33-9,YRDSYPITPPQNED-UHFFFAOYSA-N,216.38,F,44
1-Iodo-2-methylundecane,CCCCCCCCCC(C)CI,13136,73105-67-6,RTWBFGUVCAVDFO-UHFFFAOYSA-N,296.23,I,38
1-Iodopropane,CCCI,755,107-08-4,PVWOIHVRPOBWPI-UHFFFAOYSA-N,169.99,I,11
1-Iodotetradecane,CCCCCCCCCCCCCCI,4520,19218-94-1,FHQCFGPKNSSISL-UHFFFAOYSA-N,324.28,I,44
"1-Octanol, trifluoroacetate",CCCCCCCCOC(=O)C(F)(F)F,5925,2561-21-9,MGRWEFWRZHQSRH-UHFFFAOYSA-N,226.24,F,32
"1-Propanol, 3,3'-oxybis[2,2-bis(bromomethyl)-",C(C(COCC(CO)(CBr)CBr)(CBr)CBr)O,969,109678-33-3,PSOOUFUNTVOUML-UHFFFAOYSA-N,505.86,Br,35
"1-Propene, 1-chloro-3,3,3-trifluoro-, (1E)-",C(=C/Cl)\C(F)(F)F,342,102687-65-0,LDTMPQQAWUMPKS-OWOJBTEDSA-N,130.49,Cl;F,9
"1-Propene, 3-chloro-1,1,2,3,3-pentafluoro-",C(=C(F)F)(C(F)(F)Cl)F,14045,79-47-0,IJTAKAGEJXIJPQ-UHFFFAOYSA-N,166.48,Cl;F,9
"1H,1H,2H-Perfluoro-1-decene",C=CC(C(C(C(C(C(C(C(F)(F)F)(F)F)(F)F)(F)F)(F)F)(F)F)(F)F)(F)F,4989,21652-58-4,NKAMGQZDVMQEJL-UHFFFAOYSA-N,446.1,F,30
"1h,1h,2h-Perfluoro-1-dodecene",C=CC(C(C(C(C(C(C(C(C(C(F)(F)F)(F)F)(F)F)(F)F)(F)F)(F)F)(F)F)(F)F)(F)F)(F)F,7026,30389-25-4,UCHSAVGOZUCXHC-UHFFFAOYSA-N,546.12,F,36
"1H,1H,5H-Octafluoropentyl methacrylate",CC(=C)C(=O)OCC(C(C(C(F)F)(F)F)(F)F)(F)F,7737,355-93-1,ZNJXRXXJPIFFAO-UHFFFAOYSA-N,300.15,F,27
"1H-Imidazole, 2-(2-chlorophenyl)-1-[2-(2-chlorophenyl)-4,5-diphenyl-2H-imidazol-2-yl]-4,5-diphenyl-",C1=CC=C(C=C1)C2=C(N(C(=N2)C3=CC=CC=C3Cl)C4(N=C(C(=N4)C5=CC=CC=C5)C6=CC=CC=C6)C7=CC=CC=C7Cl)C8=CC=CC=C8,12984,7189-82-4,MHDULSOPQSUKBQ-UHFFFAOYSA-N,659.6,Cl,76
"1H-Isoindol-1-one, 3,3'-(1,4-phenylenediimino)bis[4,5,6,7-tetrachloro-",C1=CC(=CC=C1N=C2C3=C(C(=C(C(=C3Cl)Cl)Cl)Cl)C(=O)N2)N=C4C5=C(C(=C(C(=C5Cl)Cl)Cl)Cl)C(=O)N4,9894,5590-18-1,QRFIXNBFUBOBTH-UHFFFAOYSA-N,641.9,Cl,42
"1H-Isoindol-1-one, 3,3'-[(2,5-dichloro-1,4-phenylene)diimino]bis-",C1=CC=C2C(=C1)C(=NC3=CC(=C(C=C3Cl)N=C4C5=CC=CC=C5C(=O)N4)Cl)NC2=O,9153,51016-63-8,ABRHAPVKULGVAO-UHFFFAOYSA-N,435.3,Cl,42
1H-Perfluorohexane,C(C(C(C(C(C(F)(F)F)(F)F)(F)F)(F)F)(F)F)(F)F,7733,355-37-3,XJSRKJAHJGCPGC-UHFFFAOYSA-N,320.05,F,20
"1H-Pyrrole-2,5-dione, 1-(2,4,6-tribromophenyl)-",C1=CC(=O)N(C1=O)C2=C(C=C(C=C2Br)Br)Br,10426,59789-51-4,ONEIBTGSNPDDSB-UHFFFAOYSA-N,409.86,Br,20
"2',3,4,4',5-Pentachlorobiphenyl",C1=CC(=C(C=C1Cl)Cl)C2=CC(=C(C(=C2)Cl)Cl)Cl,11564,65510-44-3,YAHNWSSFXMVPOU-UHFFFAOYSA-N,326.4,Cl,22
"2',3,4-Trichlorobiphenyl",C1=CC=C(C(=C1)C2=CC(=C(C=C2)Cl)Cl)Cl,8087,38444-86-9,RIMXLXBUOQMDHV-UHFFFAOYSA-N,257.5,Cl,22
"2',4',5',7'-Tetrabromofluorescein",C1=CC=C2C(=C1)C(=O)OC23C4=CC(=C(C(=C4OC5=C(C(=C(C=C35)Br)O)Br)Br)O)Br,3361,15086-94-9,DBZJJPROPLPMSN-UHFFFAOYSA-N,647.9,Br,37
"2',4'-Difluoroacetophenone",CC(=O)C1=C(C=C(C=C1)F)F,7830,364-83-0,QEWHNJPLPZOEKU-UHFFFAOYSA-N,156.13,F,17
"2'-(2-Chloro-4,6-dinitrophenylazo)-5'-(diethylamino)acetanilide",CCN(CC)C1=CC(=C(C=C1)N=NC2=C(C=C(C=C2Cl)[N+](=O)[O-])[N+](=O)[O-])NC(=O)C,11691,66557-45-7,YREBUQFUGONNSP-UHFFFAOYSA-N,434.8,Cl,49
2'-Chloroacetophenone,CC(=O)C1=CC=CC=C1Cl,4939,2142-68-9,ZDOYHCIRUPHUHN-UHFFFAOYSA-N,154.59,Cl,17
2'-Fluoro-2-hydroxy-4-methoxybenzophenone,COC1=CC(=C(C=C1)C(=O)C2=CC=CC=C2F)O,7189,3119-88-8,VVOYPINUWBAVQM-UHFFFAOYSA-N,246.23,F,29
"2,10-Dichloro-8,16-pyranthrenedione",C1=CC2=C(C=C1Cl)C(=O)C3=C4C2=CC5=C6C4=C(C=C3)C=C7C6=C(C=C5)C(=O)C8=C7C=CC(=C8)Cl,13160,73309-48-5,LAQIPKVMDJFAOB-UHFFFAOYSA-N,475.3,Cl,46
"2,2',3,3',4,4',5,5',6-Nonachlorobiphenyl",C1=C(C(=C(C(=C1Cl)Cl)Cl)Cl)C2=C(C(=C(C(=C2Cl)Cl)Cl)Cl)Cl,8247,40186-72-9,JFIMDKGRGPNPRQ-UHFFFAOYSA-N,464.2,Cl,22
"2,2',3,3',4,4',5,5'-Octachlorobiphenyl",C1=C(C(=C(C(=C1Cl)Cl)Cl)Cl)C2=CC(=C(C(=C2Cl)Cl)Cl)Cl,7758,35694-08-7,DTMRKGRREZAYAP-UHFFFAOYSA-N,429.8,Cl,22
"2,2',3,3',4,4',5,6,6'-Nonachlorobiphenyl",C1=C(C(=C(C(=C1Cl)Cl)Cl)C2=C(C(=C(C(=C2Cl)Cl)Cl)Cl)Cl)Cl,9420,52663-79-3,YGDPIDTZOQGPAX-UHFFFAOYSA-N,464.2,Cl,22
"2,2',3,3',4,4',5,6-Octachlorobiphenyl",C1=CC(=C(C(=C1C2=C(C(=C(C(=C2Cl)Cl)Cl)Cl)Cl)Cl)Cl)Cl,9419,52663-78-2,JAHJITLFJSDRCG-UHFFFAOYSA-N,429.8,Cl,22
"2,2',3,3',4,4',5-Heptachlorobiphenyl",C1=CC(=C(C(=C1C2=CC(=C(C(=C2Cl)Cl)Cl)Cl)Cl)Cl)Cl,7685,35065-30-6,RMPWIIKNWPVWNG-UHFFFAOYSA-N,395.3,Cl,22
"2,2',3,3',4,4',6,6'-Octachlorobiphenyl",C1=C(C(=C(C(=C1Cl)Cl)Cl)C2=C(C(=C(C=C2Cl)Cl)Cl)Cl)Cl,7453,33091-17-7,YPDBBDKYNWRFMF-UHFFFAOYSA-N,429.8,Cl,22
"2,2',3,3',4,4',6-Heptachlorobiphenyl",C1=CC(=C(C(=C1C2=C(C(=C(C=C2Cl)Cl)Cl)Cl)Cl)Cl)Cl,9413,52663-71-5,TZMHVHLTPWKZCI-UHFFFAOYSA-N,395.3,Cl,22
"2,2',3,3',4,4'-Hexachlorobiphenyl",C1=CC(=C(C(=C1C2=C(C(=C(C=C2)Cl)Cl)Cl)Cl)Cl)Cl,1062;8071,11096-82-5;38380-07-3,BTAGRXWGMYTPBY-UHFFFAOYSA-N,360.9,Cl,22
"2,2',3,3',4,5',6'-Heptachlorobiphenyl",C1=CC(=C(C(=C1C2=C(C(=CC(=C2Cl)Cl)Cl)Cl)Cl)Cl)Cl,9412,52663-70-4,CXOYNJAHPUASHN-UHFFFAOYSA-N,395.3,Cl,22
"2,2',3,3',4,5',6,6'-Octachlorobiphenyl",C1=C(C(=C(C(=C1Cl)Cl)Cl)C2=C(C(=CC(=C2Cl)Cl)Cl)Cl)Cl,8246,40186-71-8,LJQOBQLZTUSEJA-UHFFFAOYSA-N,429.8,Cl,22
"2,2',3,3',4,5'-Hexabromodiphenyl ether",C1=CC(=C(C(=C1OC2=C(C(=CC(=C2)Br)Br)Br)Br)Br)Br,8679,446254-88-2,YURCHLXPAGSJHU-UHFFFAOYSA-N,643.6,Br,23
"2,2',3,3',4,5'-Hexachlorobiphenyl",C1=CC(=C(C(=C1C2=C(C(=CC(=C2)Cl)Cl)Cl)Cl)Cl)Cl,9408,52663-66-8,YFSLABAYQDPWPF-UHFFFAOYSA-N,360.9,Cl,22
"2,2',3,3',4,5,5',6'-Octachlorobiphenyl",C1=C(C(=C(C(=C1Cl)Cl)Cl)Cl)C2=C(C(=CC(=C2Cl)Cl)Cl)Cl,9416,52663-75-9,HJBYDWKNARZTMJ-UHFFFAOYSA-N,429.8,Cl,22
"2,2',3,3',4,5,5',6,6'-Nonachlorobiphenyl",C1=C(C(=C(C(=C1Cl)Cl)C2=C(C(=C(C(=C2Cl)Cl)Cl)Cl)Cl)Cl)Cl,9418,52663-77-1,XIFFTDRFWYFAPO-UHFFFAOYSA-N,464.2,Cl,22
"2,2',3,3',4,5,5'-Heptachlorobiphenyl",C1=C(C=C(C(=C1C2=CC(=C(C(=C2Cl)Cl)Cl)Cl)Cl)Cl)Cl,9415,52663-74-8,HOPMUCXYRNOABF-UHFFFAOYSA-N,395.3,Cl,22
"2,2',3,3',4,5,6'-Heptachlorobiphenyl",C1=CC(=C(C(=C1Cl)C2=CC(=C(C(=C2Cl)Cl)Cl)Cl)Cl)Cl,8078,38411-25-5,ZDLMBNHYTPHDLF-UHFFFAOYSA-N,395.3,Cl,22
"2,2',3,3',4,5,6,6'-Octachlorobiphenyl",C1=CC(=C(C(=C1Cl)C2=C(C(=C(C(=C2Cl)Cl)Cl)Cl)Cl)Cl)Cl,9414,52663-73-7,HHXNVASVVVNNDG-UHFFFAOYSA-N,429.8,Cl,22
"2,2',3,3',4,5-Hexabromodiphenyl ether",C1=CC(=C(C(=C1)Br)Br)OC2=CC(=C(C(=C2Br)Br)Br)Br,8678,446254-87-1,PRNCVYAUCSGSOE-UHFFFAOYSA-N,643.6,Br,23
"2,2',3,3',4,5-Hexachlorobiphenyl",C1=CC(=C(C(=C1)Cl)Cl)C2=CC(=C(C(=C2Cl)Cl)Cl)Cl,9782,55215-18-4,VQQKIXKPMJTUMP-UHFFFAOYSA-N,360.9,Cl,22
"2,2',3,3',4,6'-Hexabromodiphenyl ether",C1=CC(=C(C(=C1OC2=C(C=CC(=C2Br)Br)Br)Br)Br)Br,8681,446254-90-6,FFEKBOKDYRZGRV-UHFFFAOYSA-N,643.6,Br,23
"2,2',3,3',4,6'-Hexachlorobiphenyl",C1=CC(=C(C(=C1C2=C(C=CC(=C2Cl)Cl)Cl)Cl)Cl)Cl,8070,38380-05-1,OKBJVIVEFXPEOU-UHFFFAOYSA-N,360.9,Cl,22
"2,2',3,3',4,6,6'-Heptachlorobiphenyl",C1=CC(=C(C(=C1Cl)C2=C(C(=C(C=C2Cl)Cl)Cl)Cl)Cl)Cl,9407,52663-65-7,HGMYRFJAJNYBRX-UHFFFAOYSA-N,395.3,Cl,22
"2,2',3,3',4,6-Hexabromodiphenyl ether",C1=CC(=C(C(=C1)Br)Br)OC2=C(C(=C(C=C2Br)Br)Br)Br,8680,446254-89-3,MGKVPJFIGGBCBA-UHFFFAOYSA-N,643.6,Br,23
"2,2',3,3',4,6-Hexachlorobiphenyl",C1=CC(=C(C(=C1)Cl)Cl)C2=C(C(=C(C=C2Cl)Cl)Cl)Cl,10800,61798-70-7,WDLTVNWWEZJMPF-UHFFFAOYSA-N,360.9,Cl,22
"2,2',3,3',4-Pentachlorobiphenyl",C1=CC(=C(C(=C1)Cl)Cl)C2=C(C(=C(C=C2)Cl)Cl)Cl,1064;9405,11097-69-1;52663-62-4,AUGNBQPSMWGAJE-UHFFFAOYSA-N,326.4,Cl,22
"2,2',3,3',5,5',6,6'-Octachlorobiphenyl",C1=C(C(=C(C(=C1Cl)Cl)C2=C(C(=CC(=C2Cl)Cl)Cl)Cl)Cl)Cl,4933,2136-99-4,JPOPEORRMSDUIP-UHFFFAOYSA-N,429.8,Cl,22
"2,2',3,3',5,5',6-Heptachlorobiphenyl",C1=C(C=C(C(=C1C2=C(C(=CC(=C2Cl)Cl)Cl)Cl)Cl)Cl)Cl,9409,52663-67-9,WCIBKXHMIXUQHK-UHFFFAOYSA-N,395.3,Cl,22
"2,2',3,3',5,5'-Hexabromodiphenyl ether",C1=C(C=C(C(=C1OC2=C(C(=CC(=C2)Br)Br)Br)Br)Br)Br,8682,446254-91-7,XTBFPFHQPGZZJX-UHFFFAOYSA-N,643.6,Br,23
"2,2',3,3',5,6'-Hexabromodiphenyl ether",C1=CC(=C(C(=C1Br)OC2=C(C(=CC(=C2)Br)Br)Br)Br)Br,8684,446254-93-9,AMGHASDTWACNCS-UHFFFAOYSA-N,643.6,Br,23
"2,2',3,3',5,6'-Hexachlorobiphenyl",C1=CC(=C(C(=C1Cl)C2=C(C(=CC(=C2)Cl)Cl)Cl)Cl)Cl,9439,52744-13-5,UUTNFLRSJBQQJM-UHFFFAOYSA-N,360.9,Cl,22
"2,2',3,3',5,6-Hexabromodiphenyl ether",C1=CC(=C(C(=C1)Br)Br)OC2=C(C(=CC(=C2Br)Br)Br)Br,8683,446254-92-8,MIBDGPWSGDWIQR-UHFFFAOYSA-N,643.6,Br,23
"2,2',3,3',5,6-Hexachlorobiphenyl",C1=CC(=C(C(=C1)Cl)Cl)C2=C(C(=CC(=C2Cl)Cl)Cl)Cl,9431,52704-70-8,RVWLHPJFOKUPNM-UHFFFAOYSA-N,360.9,Cl,22
"2,2',3,3',5-Pentabromodiphenyl ether",C1=CC(=C(C(=C1)Br)Br)OC2=C(C(=CC(=C2)Br)Br)Br,8642,446254-51-9,XAHYSNUYJLNDBX-UHFFFAOYSA-N,564.7,Br,23
"2,2',3,3',5-Pentachlorobiphenyl",C1=CC(=C(C(=C1)Cl)Cl)C2=C(C(=CC(=C2)Cl)Cl)Cl,10489,60145-20-2,SUBRHHYLRGOTHL-UHFFFAOYSA-N,326.4,Cl,22
"2,2',3,3',6,6'-Hexabromodiphenyl ether",C1=CC(=C(C(=C1Br)OC2=C(C=CC(=C2Br)Br)Br)Br)Br,8685,446254-94-0,NTWGDSLWLUPCDW-UHFFFAOYSA-N,643.6,Br,23
"2,2',3,3',6,6'-Hexachlorobiphenyl",C1=CC(=C(C(=C1Cl)C2=C(C=CC(=C2Cl)Cl)Cl)Cl)Cl,8077,38411-22-2,FZFUUSROAHKTTF-UHFFFAOYSA-N,360.9,Cl,22
"2,2',3,3',6-Pentabromodiphenyl ether",C1=CC(=C(C(=C1)Br)Br)OC2=C(C=CC(=C2Br)Br)Br,8643,446254-52-0,PPIZNRAVQHNLJM-UHFFFAOYSA-N,564.7,Br,23
"2,2',3,3',6-Pentachlorobiphenyl",C1=CC(=C(C(=C1)Cl)Cl)C2=C(C=CC(=C2Cl)Cl)Cl,9403,52663-60-2,QVWUJLANSDKRAH-UHFFFAOYSA-N,326.4,Cl,22
"2,2',3,3'-Tetrabromodiphenyl ether",C1=CC(=C(C(=C1)Br)Br)OC2=C(C(=CC=C2)Br)Br,7552,337513-77-6,SXSUUFZWSVMTRL-UHFFFAOYSA-N,485.79,Br,23
"2,2',3,3'-Tetrachlorobiphenyl",C1=CC(=C(C(=C1)Cl)Cl)C2=C(C(=CC=C2)Cl)Cl,8089,38444-93-8,VTLYHLREPCPDKX-UHFFFAOYSA-N,292,Cl,22
"2,2',3,4',5',6-Hexabromodiphenyl ether",C1=CC(=C(C(=C1Br)OC2=CC(=C(C=C2Br)Br)Br)Br)Br,8695,446255-04-5,UJOUSZKYGGTPFQ-UHFFFAOYSA-N,643.6,Br,23
"2,2',3,4',5',6-Hexachlorobiphenyl",C1=CC(=C(C(=C1Cl)C2=CC(=C(C=C2Cl)Cl)Cl)Cl)Cl,8069,38380-04-0,LKHLFUVHHXCNJH-UHFFFAOYSA-N,360.9,Cl,22
"2,2',3,4',5'-Pentabromodiphenyl ether",C1=CC(=C(C(=C1)Br)Br)OC2=CC(=C(C=C2Br)Br)Br,8655,446254-64-4,MAGYDGJRSCULJL-UHFFFAOYSA-N,564.7,Br,23
"2,2',3,4',5'-Pentachlorobiphenyl",C1=CC(=C(C(=C1)Cl)Cl)C2=CC(=C(C=C2Cl)Cl)Cl,8375,41464-51-1,JTUSORDQZVOEAZ-UHFFFAOYSA-N,326.4,Cl,22
"2,2',3,4',5,5',6-Heptachlorobiphenyl",C1=C(C(=CC(=C1Cl)Cl)Cl)C2=C(C(=CC(=C2Cl)Cl)Cl)Cl,9410,52663-68-0,UDMZPLROONOSEF-UHFFFAOYSA-N,395.3,Cl,22
"2,2',3,4',5,5'-Hexabromodiphenyl ether",C1=C(C=C(C(=C1OC2=CC(=C(C=C2Br)Br)Br)Br)Br)Br,8693,446255-02-3,HGXPYDNHBUCRTR-UHFFFAOYSA-N,643.6,Br,23
"2,2',3,4',5,5'-Hexachlorobiphenyl",C1=C(C=C(C(=C1C2=CC(=C(C=C2Cl)Cl)Cl)Cl)Cl)Cl,9285,51908-16-8,BQHCQAQLTCQFJZ-UHFFFAOYSA-N,360.9,Cl,22
"2,2',3,4',5,6'-Hexabromodiphenyl ether",C1=C(C=C(C(=C1OC2=C(C=C(C=C2Br)Br)Br)Br)Br)Br,8694;16142,36483-60-0;446255-03-4,OJMHGSMSQZEBFH-UHFFFAOYSA-N,643.6,Br,23
"2,2',3,4',5,6-Hexabromodiphenyl ether",C1=CC(=C(C=C1Br)Br)OC2=C(C(=CC(=C2Br)Br)Br)Br,1415,116995-33-6,OWBKWMDBTWHGHS-UHFFFAOYSA-N,643.6,Br,23
"2,2',3,4',5,6-Hexachlorobiphenyl",C1=CC(=C(C=C1Cl)Cl)C2=C(C(=CC(=C2Cl)Cl)Cl)Cl,12053,68194-13-8,AQONCPKMJSBHQT-UHFFFAOYSA-N,360.9,Cl,22
"2,2',3,4',5-Pentabromodiphenyl ether",C1=CC(=C(C=C1Br)Br)OC2=C(C(=CC(=C2)Br)Br)Br,8648,446254-57-5,BATFXMGTVIESIQ-UHFFFAOYSA-N,564.7,Br,23
"2,2',3,4',6'-Pentabromodiphenyl ether",C1=CC(=C(C(=C1)Br)Br)OC2=C(C=C(C=C2Br)Br)Br,8092,38463-82-0,OCLWEJVGAUFXQU-UHFFFAOYSA-N,564.7,Br,23
"2,2',3,4',6,6'-Hexabromodiphenyl ether",C1=CC(=C(C(=C1Br)OC2=C(C=C(C=C2Br)Br)Br)Br)Br,8696,446255-05-6,SQNOZOVDXXSLSG-UHFFFAOYSA-N,643.6,Br,23
"2,2',3,4',6-Pentabromodiphenyl ether",C1=CC(=C(C=C1Br)Br)OC2=C(C=CC(=C2Br)Br)Br,8649,446254-58-6,HWNJTZKDPNZUSO-UHFFFAOYSA-N,564.7,Br,23
"2,2',3,4',6-Pentachlorobiphenyl",C1=CC(=C(C=C1Cl)Cl)C2=C(C=CC(=C2Cl)Cl)Cl,12052,68194-05-8,CXKIGWXPPVZSQK-UHFFFAOYSA-N,326.4,Cl,22
"2,2',3,4'-Tetrabromodiphenyl ether",C1=CC(=C(C(=C1)Br)Br)OC2=C(C=C(C=C2)Br)Br,8613,446254-18-8,HQDQKPAHIDGGMH-UHFFFAOYSA-N,485.79,Br,23
"2,2',3,4'-Tetrachlorobiphenyl",C1=CC(=C(C(=C1)Cl)Cl)C2=C(C=C(C=C2)Cl)Cl,7854,36559-22-5,ALFHIHDQSYXSGP-UHFFFAOYSA-N,292,Cl,22
"2,2',3,4,4',5',6-Heptachlorobiphenyl",C1=C(C(=CC(=C1Cl)Cl)Cl)C2=C(C(=C(C=C2Cl)Cl)Cl)Cl,9411,52663-69-1,KQBFUDNJKCZEDQ-UHFFFAOYSA-N,395.3,Cl,22
"2,2',3,4,4',5'-Hexachlorobiphenyl",C1=CC(=C(C(=C1C2=CC(=C(C=C2Cl)Cl)Cl)Cl)Cl)Cl,7683,35065-28-2,RPUMZMSNLZHIGZ-UHFFFAOYSA-N,360.9,Cl,22
"2,2',3,4,4',5,5',6-Octachlorobiphenyl",C1=C(C(=CC(=C1Cl)Cl)Cl)C2=C(C(=C(C(=C2Cl)Cl)Cl)Cl)Cl,9417,52663-76-0,DCPDZFRGNJDWPP-UHFFFAOYSA-N,429.8,Cl,22
"2,2',3,4,4',5,5'-Heptachlorobiphenyl",C1=C(C(=CC(=C1Cl)Cl)Cl)C2=CC(=C(C(=C2Cl)Cl)Cl)Cl,7684,35065-29-3,WBHQEUPUMONIKF-UHFFFAOYSA-N,395.3,Cl,22
"2,2',3,4,4',5,6'-Heptachlorobiphenyl",C1=C(C=C(C(=C1Cl)C2=CC(=C(C(=C2Cl)Cl)Cl)Cl)Cl)Cl,10492,60145-23-5,RXRLRYZUMSYVLS-UHFFFAOYSA-N,395.3,Cl,22
"2,2',3,4,4',5,6,6'-Octachlorobiphenyl",C1=C(C=C(C(=C1Cl)C2=C(C(=C(C(=C2Cl)Cl)Cl)Cl)Cl)Cl)Cl,13370,74472-52-9,JDZUWXRNKHXZFE-UHFFFAOYSA-N,429.8,Cl,22
"2,2',3,4,4',5-Hexachlorobiphenyl",C1=CC(=C(C=C1Cl)Cl)C2=CC(=C(C(=C2Cl)Cl)Cl)Cl,7757,35694-06-5,CKLLRBPBZLTGDJ-UHFFFAOYSA-N,360.9,Cl,22
"2,2',3,4,4',6'-Hexabromodiphenyl ether",C1=CC(=C(C(=C1OC2=C(C=C(C=C2Br)Br)Br)Br)Br)Br,5434,243982-83-4,FLRODCDHJZNIGA-UHFFFAOYSA-N,643.6,Br,23
"2,2',3,4,4',6-Hexabromodiphenyl ether",C1=CC(=C(C=C1Br)Br)OC2=C(C(=C(C=C2Br)Br)Br)Br,8687,446254-96-2,YESDYWNWEVPOLZ-UHFFFAOYSA-N,643.6,Br,23
"2,2',3,4,4'-Pentabromodiphenyl ether",C1=CC(=C(C=C1Br)Br)OC2=C(C(=C(C=C2)Br)Br)Br,4280,182346-21-0,DMLQSUZPTTUUDP-UHFFFAOYSA-N,564.7,Br,23
"2,2',3,4,4'-Pentachlorobiphenyl",C1=CC(=C(C=C1Cl)Cl)C2=C(C(=C(C=C2)Cl)Cl)Cl,11565,65510-45-4,LACXVZHAJMVESG-UHFFFAOYSA-N,326.4,Cl,22
"2,2',3,4,5',6-Hexabromodiphenyl ether",C1=CC(=C(C=C1Br)OC2=C(C(=C(C=C2Br)Br)Br)Br)Br,8691,446255-00-1,ZMSJCQOCTPYCQP-UHFFFAOYSA-N,643.6,Br,23
"2,2',3,4,5',6-Hexachlorobiphenyl",C1=CC(=C(C=C1Cl)C2=C(C(=C(C=C2Cl)Cl)Cl)Cl)Cl,12054,68194-14-9,CXXRQFOKRZJAJA-UHFFFAOYSA-N,360.9,Cl,22
"2,2',3,4,5'-Pentabromodiphenyl ether",C1=CC(=C(C=C1Br)OC2=C(C(=C(C=C2)Br)Br)Br)Br,8645,446254-54-2,WKYQUGCIKNOXFW-UHFFFAOYSA-N,564.7,Br,23
"2,2',3,4,5'-Pentachlorobiphenyl",C1=CC(=C(C=C1Cl)C2=C(C(=C(C=C2)Cl)Cl)Cl)Cl,8067,38380-02-8,OPKYDBFRKPQCBS-UHFFFAOYSA-N,326.4,Cl,22
"2,2',3,4,5,5',6-Heptachlorobiphenyl",C1=CC(=C(C=C1Cl)C2=C(C(=C(C(=C2Cl)Cl)Cl)Cl)Cl)Cl,9433,52712-05-7,PYZHTHZEHQHHEN-UHFFFAOYSA-N,395.3,Cl,22
"2,2',3,4,5,5'-Hexabromodiphenyl ether",C1=CC(=C(C=C1Br)OC2=CC(=C(C(=C2Br)Br)Br)Br)Br,8688,446254-97-3,XTXIYMGRRUJOIT-UHFFFAOYSA-N,643.6,Br,23
"2,2',3,4,5,5'-Hexachlorobiphenyl",C1=CC(=C(C=C1Cl)C2=CC(=C(C(=C2Cl)Cl)Cl)Cl)Cl,9432,52712-04-6,UCLKLGIYGBLTSM-UHFFFAOYSA-N,360.9,Cl,22
"2,2',3,4,5,6'-Hexabromodiphenyl ether",C1=CC(=C(C(=C1)Br)OC2=CC(=C(C(=C2Br)Br)Br)Br)Br,8690,446254-99-5,RQLZDUSZXOOBTM-UHFFFAOYSA-N,643.6,Br,23
"2,2',3,4,5,6'-Hexachlorobiphenyl",C1=CC(=C(C(=C1)Cl)C2=CC(=C(C(=C2Cl)Cl)Cl)Cl)Cl,12055,68194-15-0,UQPQKLGBEKEZBV-UHFFFAOYSA-N,360.9,Cl,22
"2,2',3,4,5,6-Hexabromodiphenyl ether",C1=CC=C(C(=C1)OC2=C(C(=C(C(=C2Br)Br)Br)Br)Br)Br,8689,446254-98-4,LJDGJCNHVGGOFW-UHFFFAOYSA-N,643.6,Br,23
"2,2',3,4,5-Pentabromodiphenyl ether",C1=CC=C(C(=C1)OC2=CC(=C(C(=C2Br)Br)Br)Br)Br,8644,446254-53-1,YMVWYUWOUOQCQP-UHFFFAOYSA-N,564.7,Br,23
"2,2',3,4,6'-Pentabromodiphenyl ether",C1=CC(=C(C(=C1)Br)OC2=C(C(=C(C=C2)Br)Br)Br)Br,8647,446254-56-4,XGFLJLJXVIMCNR-UHFFFAOYSA-N,564.7,Br,23
"2,2',3,4,6'-Pentachlorobiphenyl",C1=CC(=C(C(=C1)Cl)C2=C(C(=C(C=C2)Cl)Cl)Cl)Cl,13188,73575-57-2,GLOOIONSKMZYQZ-UHFFFAOYSA-N,326.4,Cl,22
"2,2',3,4,6,6'-Hexabromodiphenyl ether",C1=CC(=C(C(=C1)Br)OC2=C(C(=C(C=C2Br)Br)Br)Br)Br,8692,446255-01-2,BTKLHMBWCRVCLC-UHFFFAOYSA-N,643.6,Br,23
"2,2',3,4,6,6'-Hexachlorobiphenyl",C1=CC(=C(C(=C1)Cl)C2=C(C(=C(C=C2Cl)Cl)Cl)Cl)Cl,13366,74472-40-5,JZFZCLFEPXCRCA-UHFFFAOYSA-N,360.9,Cl,22
"2,2',3,4,6-Pentabromodiphenyl ether",C1=CC=C(C(=C1)OC2=C(C(=C(C=C2Br)Br)Br)Br)Br,8646,446254-55-3,OPZUHBCVIZNZFB-UHFFFAOYSA-N,564.7,Br,23
"2,2',3,4-Tetrabromodiphenyl ether",C1=CC=C(C(=C1)OC2=C(C(=C(C=C2)Br)Br)Br)Br,7549,337513-68-5,UAEBSKBXZAIRMX-UHFFFAOYSA-N,485.79,Br,23
"2,2',3,4-Tetrachlorobiphenyl",C1=CC=C(C(=C1)C2=C(C(=C(C=C2)Cl)Cl)Cl)Cl,9402,52663-59-9,SEWHDNLIHDBVDZ-UHFFFAOYSA-N,292,Cl,22
"2,2',3,5',6-Pentabromodiphenyl ether",C1=CC(=C(C=C1Br)OC2=C(C=CC(=C2Br)Br)Br)Br,8653,446254-62-2,BZDYRALIEYVMEP-UHFFFAOYSA-N,564.7,Br,23
"2,2',3,5',6-Pentachlorobiphenyl",C1=CC(=C(C=C1Cl)C2=C(C=CC(=C2Cl)Cl)Cl)Cl,8065,38379-99-6,GXNNLIMMEXHBKV-UHFFFAOYSA-N,326.4,Cl,22
"2,2',3,5'-Tetrabromodiphenyl ether",C1=CC(=C(C(=C1)Br)Br)OC2=C(C=CC(=C2)Br)Br,8615,446254-20-2,VBGBGTYMDIVKNK-UHFFFAOYSA-N,485.79,Br,23
"2,2',3,5'-Tetrachlorobiphenyl",C1=CC(=C(C(=C1)Cl)Cl)C2=C(C=CC(=C2)Cl)Cl,8369,41464-39-5,ALDJIKXAHSDLLB-UHFFFAOYSA-N,292,Cl,22
"2,2',3,5,5',6-Hexabromodiphenyl ether",C1=CC(=C(C=C1Br)OC2=C(C(=CC(=C2Br)Br)Br)Br)Br,8697,446255-06-7,NGOQQUYCSISZMY-UHFFFAOYSA-N,643.6,Br,23
"2,2',3,5,5',6-Hexachlorobiphenyl",C1=CC(=C(C=C1Cl)C2=C(C(=CC(=C2Cl)Cl)Cl)Cl)Cl,9406,52663-63-5,UHCLFIWDCYOTOL-UHFFFAOYSA-N,360.9,Cl,22
"2,2',3,5,5'-Pentabromodiphenyl ether",C1=CC(=C(C=C1Br)OC2=C(C(=CC(=C2)Br)Br)Br)Br,8650,446254-59-7,QWSQOVAGRDRZLM-UHFFFAOYSA-N,564.7,Br,23
"2,2',3,5,5'-Pentachlorobiphenyl",C1=CC(=C(C=C1Cl)C2=C(C(=CC(=C2)Cl)Cl)Cl)Cl,9404,52663-61-3,CRCBRZBVCDKPGA-UHFFFAOYSA-N,326.4,Cl,22
"2,2',3,5,6'-Pentabromodiphenyl ether",C1=CC(=C(C(=C1)Br)OC2=C(C(=CC(=C2)Br)Br)Br)Br,8652,446254-61-1,JOPASNJHCFYVHD-UHFFFAOYSA-N,564.7,Br,23
"2,2',3,5,6,6'-Hexabromodiphenyl ether",C1=CC(=C(C(=C1)Br)OC2=C(C(=CC(=C2Br)Br)Br)Br)Br,8698,446255-07-8,BYBJJARTBKUIJD-UHFFFAOYSA-N,643.6,Br,23
"2,2',3,5,6-Pentabromodiphenyl ether",C1=CC=C(C(=C1)OC2=C(C(=CC(=C2Br)Br)Br)Br)Br,8651,446254-60-0,BRTPVPJQMWLDNO-UHFFFAOYSA-N,564.7,Br,23
"2,2',3,5-Tetrabromodiphenyl ether",C1=CC=C(C(=C1)OC2=C(C(=CC(=C2)Br)Br)Br)Br,8614,446254-19-9,LKMQHSYDVDIECC-UHFFFAOYSA-N,485.79,Br,23
"2,2',3,5-Tetrachlorobiphenyl",C1=CC=C(C(=C1)C2=C(C(=CC(=C2)Cl)Cl)Cl)Cl,12761,70362-46-8,NRBNBYFPJCCKTO-UHFFFAOYSA-N,292,Cl,22
"2,2',3,6'-Tetrabromodiphenyl ether",C1=CC(=C(C(=C1)Br)Br)OC2=C(C=CC=C2Br)Br,8617,446254-22-4,GBUUKJRFSKCMTB-UHFFFAOYSA-N,485.79,Br,23
"2,2',3,6'-Tetrachlorobiphenyl",C1=CC(=C(C(=C1)Cl)Cl)C2=C(C=CC=C2Cl)Cl,8374,41464-47-5,CUGLICQCTXWQNF-UHFFFAOYSA-N,292,Cl,22
"2,2',3,6,6'-Pentabromodiphenyl ether",C1=CC(=C(C(=C1)Br)OC2=C(C=CC(=C2Br)Br)Br)Br,8654,446254-63-3,ZFCJNRDWGBZUED-UHFFFAOYSA-N,564.7,Br,23
"2,2',3,6,6'-Pentachlorobiphenyl",C1=CC(=C(C(=C1)Cl)C2=C(C=CC(=C2Cl)Cl)Cl)Cl,13187,73575-54-9,QQFGAXUIQVKBKU-UHFFFAOYSA-N,326.4,Cl,22
"2,2',3,6-Tetrabromodiphenyl ether",C1=CC=C(C(=C1)OC2=C(C=CC(=C2Br)Br)Br)Br,8616,446254-21-3,VTFWUBIOZQCMQS-UHFFFAOYSA-N,485.79,Br,23
"2,2',3,6-Tetrachlorobiphenyl",C1=CC=C(C(=C1)C2=C(C=CC(=C2Cl)Cl)Cl)Cl,12760,70362-45-7,VHGHHZZTMJLTJX-UHFFFAOYSA-N,292,Cl,22
"2,2',3-Trichlorobiphenyl",C1=CC=C(C(=C1)C2=C(C(=CC=C2)Cl)Cl)Cl,8084,38444-78-9,XVIZMMSINIOIQP-UHFFFAOYSA-N,257.5,Cl,22
"2,2',4,4',5,5'-Hexabromobiphenyl",C1=C(C(=CC(=C1Br)Br)Br)C2=CC(=C(C=C2Br)Br)Br,10326;11823,59080-40-9;67774-32-7,HMBBJSKXDBUNNT-UHFFFAOYSA-N,627.6,Br,22
"2,2',4,4',5,5'-Hexabromodiphenyl ether",C1=C(C(=CC(=C1Br)Br)Br)OC2=CC(=C(C=C2Br)Br)Br,12401,68631-49-2,RZXIRSKYBISPGF-UHFFFAOYSA-N,643.6,Br,23
"2,2',4,4',5,5'-Hexachlorobiphenyl",C1=C(C(=CC(=C1Cl)Cl)Cl)C2=CC(=C(C=C2Cl)Cl)Cl,7682,35065-27-1,MVWHGTYKUMDIHL-UHFFFAOYSA-N,360.9,Cl,22
"2,2',4,4',5,6'-Hexabromodiphenyl ether",C1=C(C=C(C(=C1Br)OC2=CC(=C(C=C2Br)Br)Br)Br)Br,4807,207122-15-4,VHNPZYZQKWIWOD-UHFFFAOYSA-N,643.6,Br,23
"2,2',4,4',5,6'-Hexachlorobiphenyl",C1=C(C=C(C(=C1Cl)C2=CC(=C(C=C2Cl)Cl)Cl)Cl)Cl,10491,60145-22-4,QXZHEJWDLVUFFB-UHFFFAOYSA-N,360.9,Cl,22
"2,2',4,4',5-Pentabromodiphenyl ether",C1=CC(=C(C=C1Br)Br)OC2=CC(=C(C=C2Br)Br)Br,10507;16141,32534-81-9;60348-60-9,WHPVYXDFIXRKLN-UHFFFAOYSA-N,564.7,Br,23
"2,2',4,4',5-Pentachlorobiphenyl",C1=CC(=C(C=C1Cl)Cl)C2=CC(=C(C=C2Cl)Cl)Cl,8066,38380-01-7,LMQJBFRGXHMNOX-UHFFFAOYSA-N,326.4,Cl,22
"2,2',4,4',6,6'-Hexabromodiphenyl ether",C1=C(C=C(C(=C1Br)OC2=C(C=C(C=C2Br)Br)Br)Br)Br,7771,35854-94-5,HRSCBOSGEKXXSI-UHFFFAOYSA-N,643.6,Br,23
"2,2',4,4',6,6'-Hexachlorobiphenyl",C1=C(C=C(C(=C1Cl)C2=C(C=C(C=C2Cl)Cl)Cl)Cl)Cl,7571,33979-03-2,ICOAEPDGFWLUTI-UHFFFAOYSA-N,360.9,Cl,22
"2,2',4,4',6-Pentachlorobiphenyl",C1=CC(=C(C=C1Cl)Cl)C2=C(C=C(C=C2Cl)Cl)Cl,8196,39485-83-1,RKUAZJIXKHPFRK-UHFFFAOYSA-N,326.4,Cl,22
"2,2',4,4'-Tetrabromodiphenyl ether",C1=CC(=C(C=C1Br)Br)OC2=C(C=C(C=C2)Br)Br,9662,5436-43-1,XYBSIYMGXVUVGY-UHFFFAOYSA-N,485.79,Br,23
"2,2',4,4'-Tetrachlorobiphenyl",C1=CC(=C(C=C1Cl)Cl)C2=C(C=C(C=C2)Cl)Cl,5427;16261,2437-79-8;53469-21-9,QORAVNMWUNPXAO-UHFFFAOYSA-N,292,Cl,22
"2,2',4,5',6-Pentabromobiphenyl",C1=CC(=C(C=C1Br)C2=C(C=C(C=C2Br)Br)Br)Br,10325,59080-39-6,NVKQKAZYUPPRJX-UHFFFAOYSA-N,548.7,Br,22
"2,2',4,5',6-Pentabromodiphenyl ether",C1=CC(=C(C=C1Br)OC2=C(C=C(C=C2Br)Br)Br)Br,8658,446254-67-7,RJEMKRNASVHYKR-UHFFFAOYSA-N,564.7,Br,23
"2,2',4,5',6-Pentachlorobiphenyl",C1=CC(=C(C=C1Cl)C2=C(C=C(C=C2Cl)Cl)Cl)Cl,10490,60145-21-3,PQHZWWBJPCNNGI-UHFFFAOYSA-N,326.4,Cl,22
"2,2',4,5'-Tetrabromobiphenyl",C1=CC(=C(C=C1Br)Br)C2=C(C=CC(=C2)Br)Br,10473,60044-24-8,LUASYBWZXWTYKK-UHFFFAOYSA-N,469.79,Br,22
"2,2',4,5'-Tetrabromodiphenyl ether",C1=CC(=C(C=C1Br)Br)OC2=C(C=CC(=C2)Br)Br,5433,243982-82-3,QWVDUBDYUPHNHY-UHFFFAOYSA-N,485.79,Br,23
"2,2',4,5'-Tetrachlorobiphenyl",C1=CC(=C(C=C1Cl)Cl)C2=C(C=CC(=C2)Cl)Cl,8370,41464-40-8,ZWPVHELAQPIZHO-UHFFFAOYSA-N,292,Cl,22
"2,2',4,5,5'-Pentabromodiphenyl ether",C1=CC(=C(C=C1Br)OC2=CC(=C(C=C2Br)Br)Br)Br,8656,446254-65-5,QUZWDWNIWWAQDI-UHFFFAOYSA-N,564.7,Br,23
"2,2',4,5,5'-Pentachlorobiphenyl",C1=CC(=C(C=C1Cl)C2=CC(=C(C=C2Cl)Cl)Cl)Cl,8016,37680-73-2,LAHWLEDBADHJGA-UHFFFAOYSA-N,326.4,Cl,22
"2,2',4,5,6'-Pentabromodiphenyl ether",C1=CC(=C(C(=C1)Br)OC2=CC(=C(C=C2Br)Br)Br)Br,8657,446254-66-6,JHFMCUVMAIQWRI-UHFFFAOYSA-N,564.7,Br,23
"2,2',4,5-Tetrabromodiphenyl ether",C1=CC=C(C(=C1)OC2=CC(=C(C=C2Br)Br)Br)Br,7545,337513-55-0,FJGDNHOVDFREMP-UHFFFAOYSA-N,485.79,Br,23
"2,2',4,5-Tetrachlorobiphenyl",C1=CC=C(C(=C1)C2=CC(=C(C=C2Cl)Cl)Cl)Cl,12762,70362-47-9,XBTHILIDLBPRPM-UHFFFAOYSA-N,292,Cl,22
"2,2',4,6'-Tetrabromodiphenyl ether",C1=CC(=C(C(=C1)Br)OC2=C(C=C(C=C2)Br)Br)Br,4449,189084-57-9,WKBBBTLDLKYGBI-UHFFFAOYSA-N,485.79,Br,23
"2,2',4,6'-Tetrachlorobiphenyl",C1=CC(=C(C(=C1)Cl)C2=C(C=C(C=C2)Cl)Cl)Cl,12051,68194-04-7,WVHNUGRFECMVLQ-UHFFFAOYSA-N,292,Cl,22
"2,2',4,6,6'-Pentabromodiphenyl ether",C1=CC(=C(C(=C1)Br)OC2=C(C=C(C=C2Br)Br)Br)Br,8659,446254-68-8,CRSCWEYUPUKHPI-UHFFFAOYSA-N,564.7,Br,23
"2,2',4,6,6'-Pentachlorobiphenyl",C1=CC(=C(C(=C1)Cl)C2=C(C=C(C=C2Cl)Cl)Cl)Cl,9988,56558-16-8,MTCPZNVSDFCBBE-UHFFFAOYSA-N,326.4,Cl,22
"2,2',4,6-Tetrabromodiphenyl ether",C1=CC=C(C(=C1)OC2=C(C=C(C=C2Br)Br)Br)Br,8618,446254-23-5,FXUAKFRJBKFDSY-UHFFFAOYSA-N,485.79,Br,23
"2,2',4,6-Tetrachlorobiphenyl",C1=CC=C(C(=C1)C2=C(C=C(C=C2Cl)Cl)Cl)Cl,11001,62796-65-0,VLLVVZDKBSYMCG-UHFFFAOYSA-N,292,Cl,22
"2,2',4-Tribromodiphenyl ether",C1=CC=C(C(=C1)OC2=C(C=C(C=C2)Br)Br)Br,3226,147217-75-2,VYBFILXLBMWOLI-UHFFFAOYSA-N,406.89,Br,23
"2,2',4-Trichlorobiphenyl",C1=CC=C(C(=C1)C2=C(C=C(C=C2)Cl)Cl)Cl,8014,37680-66-3,YKKYCYQDUUXNLN-UHFFFAOYSA-N,257.5,Cl,22
"2,2',5,5'-Tetrabromodiphenyl ether",C1=CC(=C(C=C1Br)OC2=C(C=CC(=C2)Br)Br)Br,8619,446254-24-6,CDTHXJORUCZHMD-UHFFFAOYSA-N,485.79,Br,23
"2,2',5,5'-Tetrachlorobiphenyl",C1=CC(=C(C=C1Cl)C2=C(C=CC(=C2)Cl)Cl)Cl,7756,35693-99-3,HCWZEPKLWVAEOV-UHFFFAOYSA-N,292,Cl,22
"2,2',5,6'-Tetrabromodiphenyl ether",C1=CC(=C(C(=C1)Br)OC2=C(C=CC(=C2)Br)Br)Br,8620,446254-25-7,SDVQGIMOFXMKHR-UHFFFAOYSA-N,485.79,Br,23
"2,2',5,6'-Tetrachlorobiphenyl",C1=CC(=C(C(=C1)Cl)C2=C(C=CC(=C2)Cl)Cl)Cl,8371,41464-41-9,SFTUSTXGTCCSHX-UHFFFAOYSA-N,292,Cl,22
"2,2',5-Tribromobiphenyl",C1=CC=C(C(=C1)C2=C(C=CC(=C2)Br)Br)Br,10324,59080-34-1,IYDNWMCMGNRWET-UHFFFAOYSA-N,390.9,Br,22
"2,2',5-Trichlorobiphenyl",C1=CC=C(C(=C1)C2=C(C=CC(=C2)Cl)Cl)Cl,8013,37680-65-2,DCMURXAZTZQAFB-UHFFFAOYSA-N,257.5,Cl,22
"2,2',6,6'-Tetrabromodiphenyl ether",C1=CC(=C(C(=C1)Br)OC2=C(C=CC=C2Br)Br)Br,8621,446254-26-8,WCDCHQGVTZHVSO-UHFFFAOYSA-N,485.79,Br,23
"2,2'-[(3,3'-dichloro[1,1'-biphenyl]-4,4'-diyl)bis(azo)]bis[N-(2-chlorophenyl)-3-oxobutyramide]",CC(=O)C(C(=O)NC1=CC=CC=C1Cl)N=NC2=C(C=C(C=C2)C3=CC(=C(C=C3)N=NC(C(=O)C)C(=O)NC4=CC=CC=C4Cl)Cl)Cl,3168,14569-54-1,KPSPKGJSHVSNQT-UHFFFAOYSA-N,698.4,Cl,70
"2,2'-[(3,3'-Dichloro[1,1'-biphenyl]-4,4'-diyl)bis(azo)]bis[N-(2-methylphenyl)-3-oxobutyramide]",CC1=CC=CC=C1NC(=O)C(C(=O)C)N=NC2=C(C=C(C=C2)C3=CC(=C(C=C3)N=NC(C(=O)C)C(=O)NC4=CC=CC=C4C)Cl)Cl,9717,5468-75-7,LQZFGPJGXVFSTR-UHFFFAOYSA-N,657.5,Cl,76
"2,2'-[(3,3'-dichloro[1,1'-biphenyl]-4,4'-diyl)bis(azo)]bis[N-(4-methoxyphenyl)-3-oxobutyramide]",CC(=O)C(C(=O)NC1=CC=C(C=C1)OC)N=NC2=C(C=C(C=C2)C3=CC(=C(C=C3)N=NC(C(=O)C)C(=O)NC4=CC=C(C=C4)OC)Cl)Cl,7271,31775-16-3,HPYOHJMBDBVTMT-UHFFFAOYSA-N,689.5,Cl,78
"2,2'-Bis(trifluoromethyl)benzidine",C1=CC(=C(C=C1N)C(F)(F)F)C2=C(C=C(C=C2)N)C(F)(F)F,7587,341-58-2,NVKGJHAQGWCWDI-UHFFFAOYSA-N,320.23,F,32
"2,2'-Dibromodiphenyl ether",C1=CC=C(C(=C1)OC2=CC=CC=C2Br)Br,9231,51452-87-0,JMSKYMHFNWGUJG-UHFFFAOYSA-N,328,Br,23
"2,2'-Dichlorobiphenyl",C1=CC=C(C(=C1)C2=CC=CC=C2Cl)Cl,2211,13029-08-8,JAYCNKDKIKZTAF-UHFFFAOYSA-N,223.09,Cl,22
"2,2,2-Tribromoethanol",C(C(Br)(Br)Br)O,13496,75-80-9,YFDSDPIBEUFTMI-UHFFFAOYSA-N,282.76,Br,9
"2,2,2-Trichloro-1-phenylethanol",C1=CC=C(C=C1)C(C(Cl)(Cl)Cl)O,4662,2000-43-3,ABFRBTDJEKZSRM-UHFFFAOYSA-N,225.5,Cl,19
"2,2,2-Trichloro-1-phenylethyl acetate",CC(=O)OC(C1=CC=CC=C1)C(Cl)(Cl)Cl,14968,90-17-5,JKRWZLOCPLZZEI-UHFFFAOYSA-N,267.5,Cl,24
"2,2,2-Trichloroethyl acetate",CC(=O)OCC(Cl)(Cl)Cl,10964,625-24-1,XHAXVDWUMCHTCY-UHFFFAOYSA-N,191.44,Cl,14
"2,2,2-Trifluoroethanol",C(C(F)(F)F)O,13500,75-89-8,RHQDFWAXVIIEBN-UHFFFAOYSA-N,100.04,F,9
"2,2,2-Trifluoroethyl acrylate",C=CC(=O)OCC(F)(F)F,8291,407-47-6,VBHXIMACZBQHPX-UHFFFAOYSA-N,154.09,F,15
"2,2,2-Trifluoroethyl methacrylate",CC(=C)C(=O)OCC(F)(F)F,7702,352-87-4,QTKPMCIBUROOGY-UHFFFAOYSA-N,168.11,F,18
"2,2,3,3,4,4,4-Heptafluorobutyl acrylate",C=CC(=O)OCC(C(C(F)(F)F)(F)F)(F)F,8478,424-64-6,PLXOUIVCSUBZIX-UHFFFAOYSA-N,254.1,F,21
"2,2,3,3,4,4,5,5,6,6,7,7,8,8,9,9,10,10,11,11-Icosafluoroundecanoic acid",C(C(C(C(C(C(C(C(C(C(C(=O)O)(F)F)(F)F)(F)F)(F)F)(F)F)(F)F)(F)F)(F)F)(F)F)(F)F,4157,1765-48-6,MMYNPHSPRPZSSN-UHFFFAOYSA-N,546.1,F,35
"2,2,3,3,4,4,5,5,6,6,7,7-Dodecafluoroheptyl methacrylate",CC(=C)C(=O)OCC(C(C(C(C(C(F)F)(F)F)(F)F)(F)F)(F)F)(F)F,5163,2261-99-6,YJKHMSPWWGBKTN-UHFFFAOYSA-N,400.16,F,33
"2,2,3,3,4,4,5,5,6,7,7,7-Dodecafluoro-6-(trifluoromethyl)heptanoic acid",C(=O)(C(C(C(C(C(C(F)(F)F)(C(F)(F)F)F)(F)F)(F)F)(F)F)(F)F)O,3385,15166-06-0,KPBOPOXIOBBZTR-UHFFFAOYSA-N,414.07,F,26
"2,2,3,3,4,4,5,5-Octafluoro-1-pentanol",C(C(C(C(C(F)F)(F)F)(F)F)(F)F)O,7736,355-80-6,JUGSKHLZINSXPQ-UHFFFAOYSA-N,232.07,F,18
"2,2,3,3,4,4,5,5-Octafluoropentyl acrylate",C=CC(=O)OCC(C(C(C(F)F)(F)F)(F)F)(F)F,8001,376-84-1,WISUNKZXQSKYMR-UHFFFAOYSA-N,286.12,F,24
"2,2,3,3,4,4,5,6,6,7,7,7-Dodecafluoro-5-(trifluoromethyl)heptanoic acid",C(=O)(C(C(C(C(C(C(F)(F)F)(F)F)(C(F)(F)F)F)(F)F)(F)F)(F)F)O,15329,909009-42-3,HDWNCRCOUUAYQG-UHFFFAOYSA-N,414.07,F,26
"2,2,3,3,4,4,6,6,6-Nonafluoro-5,5-bis(trifluoromethyl)hexanoic acid",C(=O)(C(C(C(C(C(F)(F)F)(C(F)(F)F)C(F)(F)F)(F)F)(F)F)(F)F)O,1345,1144512-34-4,GTHPUDUCLLCPLT-UHFFFAOYSA-N,414.07,F,26
"2,2,3,3,4,5,5,6,6,6-Decafluoro-4-(pentafluoroethyl)hexanoic acid",C(=O)(C(C(C(C(C(F)(F)F)(F)F)(C(C(F)(F)F)(F)F)F)(F)F)(F)F)O,4422,1882109-79-6,FLDAOAOUZFAVRT-UHFFFAOYSA-N,414.07,F,26
"2,2,3,3,4,5,5,6,6,7,7,7-Dodecafluoro-4-(trifluoromethyl)heptanoic acid",C(=O)(C(C(C(C(C(C(F)(F)F)(F)F)(F)F)(C(F)(F)F)F)(F)F)(F)F)O,1344,1144512-18-4,RGXLMLZPWKONOH-UHFFFAOYSA-N,414.07,F,26
"2,2,3,3,4,5,6,6,6-Nonafluoro-4,5-bis(trifluoromethyl)hexanoic acid",C(=O)(C(C(C(C(C(F)(F)F)(C(F)(F)F)F)(C(F)(F)F)F)(F)F)(F)F)O,1347,1144512-36-6,YQPBELLZGQBWJP-UHFFFAOYSA-N,414.07,F,26
"2,2,3,3,5,5,6,6,6-Nonafluoro-4,4-bis(trifluoromethyl)hexanoic acid",C(=O)(C(C(C(C(C(F)(F)F)(F)F)(C(F)(F)F)C(F)(F)F)(F)F)(F)F)O,1531,1192593-79-5,UDFRHYDOIIBODA-UHFFFAOYSA-N,414.07,F,26
"2,2,3,3-Tetrafluoro-1-propanol",C(C(C(F)F)(F)F)O,13587,76-37-9,NBUKAOOFKZFCGD-UHFFFAOYSA-N,132.06,F,12
"2,2,3,3-Tetrafluoropropyl methacrylate",CC(=C)C(=O)OCC(C(F)F)(F)F,8749,45102-52-1,RSVZYSKAPMBSMY-UHFFFAOYSA-N,200.13,F,21
"2,2,3,4,4,4-Hexafluorobutyl acrylate",C=CC(=O)OCC(C(C(F)(F)F)F)(F)F,9605,54052-90-3,LMVLEDTVXAGBJV-UHFFFAOYSA-N,236.11,F,21
"2,2,3,4,4,4-Hexafluorobutyl methacrylate",CC(=C)C(=O)OCC(C(C(F)(F)F)F)(F)F,7831,36405-47-7,DFVPUWGVOPDJTC-UHFFFAOYSA-N,250.14,F,24
"2,2,3,4,4,5,5,5-Octafluoro-3-(1,1,1,2,3,3,3-heptafluoropropan-2-yl)pentanoic acid",C(=O)(C(C(C(C(F)(F)F)(C(F)(F)F)F)(C(C(F)(F)F)(F)F)F)(F)F)O,4411,1882109-68-3,VMZZQFPAUSWERK-UHFFFAOYSA-N,414.07,F,26
"2,2,3,4,4,5,5,6,6,6-Decafluoro-3-(pentafluoroethyl)hexanoic acid",C(=O)(C(C(C(C(C(F)(F)F)(F)F)(F)F)(C(C(F)(F)F)(F)F)F)(F)F)O,4421,1882109-78-5,WWMBSMIBXPWLPT-UHFFFAOYSA-N,414.07,F,26
"2,2,3,4,4,5,5,6,6,7,7,7-Dodecafluoro-3-(trifluoromethyl)heptanoic acid",C(=O)(C(C(C(C(C(C(F)(F)F)(F)F)(F)F)(F)F)(C(F)(F)F)F)(F)F)O,12779,705240-04-6,FUGOJSZHPNUCLK-UHFFFAOYSA-N,414.07,F,26
"2,2,3,4,4,5,6,6,6-Nonafluoro-3,5-bis(trifluoromethyl)hexanoic acid",C(=O)(C(C(C(C(C(F)(F)F)(C(F)(F)F)F)(F)F)(C(F)(F)F)F)(F)F)O,1346,1144512-35-5,RCVKPKVLBNNSMW-UHFFFAOYSA-N,414.07,F,26
"2,2,3,4,5,5,6,6,6-Nonafluoro-3,4-bis(trifluoromethyl)hexanoic acid",C(=O)(C(C(C(C(C(F)(F)F)(F)F)(C(F)(F)F)F)(C(F)(F)F)F)(F)F)O,4424,1882109-81-0,NIYNIRHIBYCSLY-UHFFFAOYSA-N,414.07,F,26
"2,2,3,5,5,5-Hexafluoro-3,4,4-tris(trifluoromethyl)pentanoic acid",C(=O)(C(C(C(C(F)(F)F)(C(F)(F)F)C(F)(F)F)(C(F)(F)F)F)(F)F)O,4418,1882109-75-2,ZOUAOKCYZHRSAC-UHFFFAOYSA-N,414.07,F,26
"2,2,4,4,5,5,5-Heptafluoro-3-(pentafluoroethyl)-3-(trifluoromethyl)pentanoic acid",C(=O)(C(C(C(C(F)(F)F)(F)F)(C(C(F)(F)F)(F)F)C(F)(F)F)(F)F)O,4410,1882109-67-2,BRACVULZXKBSDR-UHFFFAOYSA-N,414.07,F,26
"2,2,4,4,5,5,6,6,6-Nonafluoro-3,3-bis(trifluoromethyl)hexanoic acid",C(=O)(C(C(C(C(C(F)(F)F)(F)F)(F)F)(C(F)(F)F)C(F)(F)F)(F)F)O,4249,1812247-20-3,QTNXQUUMDZPDRJ-UHFFFAOYSA-N,414.07,F,26
"2,2,4,5,5,5-Hexafluoro-3,3,4-tris(trifluoromethyl)pentanoic acid",C(=O)(C(C(C(C(F)(F)F)(C(F)(F)F)F)(C(F)(F)F)C(F)(F)F)(F)F)O,4417,1882109-74-1,FAJNUIJJBSAMFG-UHFFFAOYSA-N,414.07,F,26
"2,2-Bis(3-amino-4-hydroxyphenyl)hexafluoropropane",C1=CC(=C(C=C1C(C2=CC(=C(C=C2)O)N)(C(F)(F)F)C(F)(F)F)N)O,14412,83558-87-6,MSTZGVRUOMBULC-UHFFFAOYSA-N,366.26,F,37
"2,2-Bis(3-aminophenyl)hexafluoropropane",C1=CC(=CC(=C1)N)C(C2=CC(=CC=C2)N)(C(F)(F)F)C(F)(F)F,8880,47250-53-3,UVUCUHVQYAPMEU-UHFFFAOYSA-N,334.26,F,35
"2,2-Bis(bromomethyl)-1,3-propanediol",C(C(CO)(CBr)CBr)O,7436,3296-90-0,CHUGKEQJSLOLHL-UHFFFAOYSA-N,261.94,Br,19
"2,2-Bis[4-(4-aminophenoxy)phenyl]hexafluoropropane",C1=CC(=CC=C1C(C2=CC=C(C=C2)OC3=CC=C(C=C3)N)(C(F)(F)F)C(F)(F)F)OC4=CC=C(C=C4)N,12657,69563-88-8,HHLMWQDRYZAENA-UHFFFAOYSA-N,518.4,F,57
"2,2-Dibromo-2-cyanoacetamide",C(#N)C(C(=O)N)(Br)Br,327,10222-01-2,UUIVKBHZENILKB-UHFFFAOYSA-N,241.87,Br,10
"2,2-Dichloro-1,1,1-trifluoroethane",C(C(F)(F)F)(Cl)Cl,7073,306-83-2,OHMHBGPWCHTMQE-UHFFFAOYSA-N,152.93,Cl;F,8
"2,2-Dichloropropane",CC(C)(Cl)Cl,10385,594-20-7,ZEOVXNVKXIPWMS-UHFFFAOYSA-N,112.98,Cl,11
"2,20-Dichloro-13,31-diethyl-4,22-dioxa-13,18,31,36-tetrazanonacyclo[19.15.0.03,19.05,17.06,14.07,12.023,35.024,32.025,30]hexatriaconta-1(36),2,5(17),6(14),7,9,11,15,18,20,23(35),24(32),25,27,29,33-hexadecaene",CCN1C2=C(C3=CC=CC=C31)C4=C(C=C2)N=C5C(=C(C6=NC7=C(C8=C(C=C7)N(C9=CC=CC=C98)CC)OC6=C5Cl)Cl)O4,4953,215247-95-3,QRHKNXDJFJHAMM-UHFFFAOYSA-N,589.5,Cl,64
"2,3',4',5',6-Pentabromodiphenyl ether",C1=CC(=C(C(=C1)Br)OC2=CC(=C(C(=C2)Br)Br)Br)Br,8676,446254-85-9,SESXKFPOVUVGLR-UHFFFAOYSA-N,564.7,Br,23
"2,3',4',5'-Tetrabromodiphenyl ether",C1=CC=C(C(=C1)OC2=CC(=C(C(=C2)Br)Br)Br)Br,8638,446254-43-9,NCSWBJSFVPJPPK-UHFFFAOYSA-N,485.79,Br,23
"2,3',4',5'-Tetrachlorobiphenyl",C1=CC=C(C(=C1)C2=CC(=C(C(=C2)Cl)Cl)Cl)Cl,12763,70362-48-0,QILUYCYPNYWMIL-UHFFFAOYSA-N,292,Cl,22
"2,3',4',5,5'-Pentabromodiphenyl ether",C1=CC(=C(C=C1Br)OC2=CC(=C(C(=C2)Br)Br)Br)Br,8675,446254-84-8,FGHJTAAHIFEHLT-UHFFFAOYSA-N,564.7,Br,23
"2,3',4',5,5'-Pentachlorobiphenyl",C1=CC(=C(C=C1Cl)C2=CC(=C(C(=C2)Cl)Cl)Cl)Cl,12768,70424-70-3,PIVBPZFQXKMHBD-UHFFFAOYSA-N,326.4,Cl,22
"2,3',4',5-Tetrabromodiphenyl ether",C1=CC(=C(C=C1OC2=C(C=CC(=C2)Br)Br)Br)Br,8634,446254-39-3,GHQMTYWQVJZWAR-UHFFFAOYSA-N,485.79,Br,23
"2,3',4',5-Tetrachlorobiphenyl",C1=CC(=C(C=C1C2=C(C=CC(=C2)Cl)Cl)Cl)Cl,7379,32598-11-1,KENZYIHFBRWMOD-UHFFFAOYSA-N,292,Cl,22
"2,3',4',6-Tetrabromodiphenyl ether",C1=CC(=C(C(=C1)Br)OC2=CC(=C(C=C2)Br)Br)Br,4454,189084-62-6,COPAGYRSCJVION-UHFFFAOYSA-N,485.79,Br,23
"2,3',4',6-Tetrachlorobiphenyl",C1=CC(=C(C(=C1)Cl)C2=CC(=C(C=C2)Cl)Cl)Cl,8373,41464-46-4,WYVBETQIUHPLFO-UHFFFAOYSA-N,292,Cl,22
"2,3',4,4',5',6-Hexabromodiphenyl ether",C1=C(C=C(C(=C1Br)Br)Br)OC2=C(C=C(C=C2Br)Br)Br,9539,53551-87-4,HWZAPXGFMVEGPW-UHFFFAOYSA-N,643.6,Br,23
"2,3',4,4',5'-Pentabromodiphenyl ether",C1=CC(=C(C=C1Br)Br)OC2=CC(=C(C(=C2)Br)Br)Br,8674,446254-83-7,SBKMUEQNZNDYFW-UHFFFAOYSA-N,564.7,Br,23
"2,3',4,4',5,5'-Hexabromodiphenyl ether",C1=C(C=C(C(=C1Br)Br)Br)OC2=CC(=C(C=C2Br)Br)Br,8708,446255-17-0,NMUPLZRHSXJCJQ-UHFFFAOYSA-N,643.6,Br,23
"2,3',4,4',5-Pentabromodiphenyl ether",C1=CC(=C(C=C1OC2=CC(=C(C=C2Br)Br)Br)Br)Br,8671,446254-80-4,VTMFEPLDDHZBGI-UHFFFAOYSA-N,564.7,Br,23
"2,3',4,4',5-Pentachlorobiphenyl",C1=CC(=C(C=C1C2=CC(=C(C=C2Cl)Cl)Cl)Cl)Cl,7236,31508-00-6,IUTPYMGCWINGEY-UHFFFAOYSA-N,326.4,Cl,22
"2,3',4,4',6-Pentabromodiphenyl ether",C1=CC(=C(C=C1OC2=C(C=C(C=C2Br)Br)Br)Br)Br,4458,189084-66-0,KXEOYBYEJCRPGB-UHFFFAOYSA-N,564.7,Br,23
"2,3',4,4',6-Pentachlorobiphenyl",C1=CC(=C(C=C1C2=C(C=C(C=C2Cl)Cl)Cl)Cl)Cl,9989,56558-17-9,OAEQTHQGPZKTQP-UHFFFAOYSA-N,326.4,Cl,22
"2,3',4,4'-Tetrabromodiphenyl ether",C1=CC(=C(C=C1OC2=C(C=C(C=C2)Br)Br)Br)Br,4453,189084-61-5,DHUMTYRHKMCVAG-UHFFFAOYSA-N,485.79,Br,23
"2,3',4,4'-Tetrachlorobiphenyl",C1=CC(=C(C=C1C2=C(C=C(C=C2)Cl)Cl)Cl)Cl,7378,32598-10-0,RKLLTEAEZIJBAU-UHFFFAOYSA-N,292,Cl,22
"2,3',4,5',6-Pentabromodiphenyl ether",C1=C(C=C(C=C1Br)Br)OC2=C(C=C(C=C2Br)Br)Br,8672,446254-81-5,GVGNVZBJVFDAAO-UHFFFAOYSA-N,564.7,Br,23
"2,3',4,5'-Tetrabromodiphenyl ether",C1=CC(=C(C=C1Br)Br)OC2=CC(=CC(=C2)Br)Br,8633,446254-38-2,UFWGRLCUOLLWAO-UHFFFAOYSA-N,485.79,Br,23
"2,3',4,5,5'-Pentabromodiphenyl ether",C1=C(C=C(C=C1Br)Br)OC2=CC(=C(C=C2Br)Br)Br,8415,417727-71-0,AKSBEUHDCRZJAN-UHFFFAOYSA-N,564.7,Br,23
"2,3',4,5-Tetrabromodiphenyl ether",C1=CC(=CC(=C1)Br)OC2=CC(=C(C=C2Br)Br)Br,8632,446254-37-1,OARGWSONVLGXQA-UHFFFAOYSA-N,485.79,Br,23
"2,3',4,6-Tetrabromodiphenyl ether",C1=CC(=CC(=C1)Br)OC2=C(C=C(C=C2Br)Br)Br,7400,327185-09-1,NHZNRCYNZJADTG-UHFFFAOYSA-N,485.79,Br,23
"2,3',4,6-Tetrachlorobiphenyl",C1=CC(=CC(=C1)Cl)C2=C(C=C(C=C2Cl)Cl)Cl,10498,60233-24-1,CKUBKYSLNCKBOI-UHFFFAOYSA-N,292,Cl,22
"2,3',4-Trichlorobiphenyl",C1=CC(=CC(=C1)Cl)C2=C(C=C(C=C2)Cl)Cl,9867,55712-37-3,XBBZAULFUPBZSP-UHFFFAOYSA-N,257.5,Cl,22
"2,3',5',6-Tetrabromodiphenyl ether",C1=CC(=C(C(=C1)Br)OC2=CC(=CC(=C2)Br)Br)Br,8636,446254-41-7,WQFLVWXBCRJAQN-UHFFFAOYSA-N,485.79,Br,23
"2,3',5'-Tribromodiphenyl ether",C1=CC=C(C(=C1)OC2=CC(=CC(=C2)Br)Br)Br,8612,446254-17-7,XMNXHCHZIPYCNA-UHFFFAOYSA-N,406.89,Br,23
"2,3',5'-Trichlorobiphenyl",C1=CC=C(C(=C1)C2=CC(=CC(=C2)Cl)Cl)Cl,8015,37680-68-5,GXVMAQACUOSFJF-UHFFFAOYSA-N,257.5,Cl,22
"2,3',5,5'-Tetrabromodiphenyl ether",C1=CC(=C(C=C1Br)OC2=CC(=CC(=C2)Br)Br)Br,8635,446254-40-6,GBBNZKQTOOZGIS-UHFFFAOYSA-N,485.79,Br,23
"2,3',5-Trichlorobiphenyl",C1=CC(=CC(=C1)Cl)C2=C(C=CC(=C2)Cl)Cl,8085,38444-81-4,ONNCPBRWFSKDMQ-UHFFFAOYSA-N,257.5,Cl,22
"2,3',6-Trichlorobiphenyl",C1=CC(=CC(=C1)Cl)C2=C(C=CC=C2Cl)Cl,8082,38444-76-7,VQOFJPFYTCHPTR-UHFFFAOYSA-N,257.5,Cl,22
"2,3'-Dibromodiphenyl ether",C1=CC=C(C(=C1)OC2=CC(=CC=C2)Br)Br,3223,147217-72-9,GODQTPRKFHOLPH-UHFFFAOYSA-N,328,Br,23
"2,3'-Dichlorobiphenyl",C1=CC=C(C(=C1)C2=CC(=CC=C2)Cl)Cl,5909,25569-80-6,ZHBBDTRJIVXKEX-UHFFFAOYSA-N,223.09,Cl,22
"2,3,3',4',5',6-Hexabromodiphenyl ether",C1=CC(=C(C(=C1Br)OC2=CC(=C(C(=C2)Br)Br)Br)Br)Br,8706,446255-15-8,UJVYVXIHTJOJBZ-UHFFFAOYSA-N,643.6,Br,23
"2,3,3',4',5'-Pentabromodiphenyl ether",C1=CC(=C(C(=C1)Br)Br)OC2=CC(=C(C(=C2)Br)Br)Br,8673,446254-82-6,CDNHGSPFIUITTN-UHFFFAOYSA-N,564.7,Br,23
"2,3,3',4',5,5'-Hexabromodiphenyl ether",C1=C(C=C(C(=C1Br)Br)Br)OC2=C(C(=CC(=C2)Br)Br)Br,8704,446255-13-6,UKPNCLHMNJCGCJ-UHFFFAOYSA-N,643.6,Br,23
"2,3,3',4',5,6-Hexabromodiphenyl ether",C1=CC(=C(C=C1OC2=C(C(=CC(=C2Br)Br)Br)Br)Br)Br,8705,446255-14-7,NUEAHMLXQFHEJN-UHFFFAOYSA-N,643.6,Br,23
"2,3,3',4',5,6-Hexachlorobiphenyl",C1=CC(=C(C=C1C2=C(C(=CC(=C2Cl)Cl)Cl)Cl)Cl)Cl,13368,74472-44-9,ZAGRQXMWMRUYRB-UHFFFAOYSA-N,360.9,Cl,22
"2,3,3',4',5-Pentabromodiphenyl ether",C1=CC(=C(C=C1OC2=C(C(=CC(=C2)Br)Br)Br)Br)Br,8661,446254-70-2,OMGVAMFMRSETEG-UHFFFAOYSA-N,564.7,Br,23
"2,3,3',4',5-Pentachlorobiphenyl",C1=CC(=C(C=C1C2=C(C(=CC(=C2)Cl)Cl)Cl)Cl)Cl,12767,70424-68-9,PVYBHVJTMRRXLG-UHFFFAOYSA-N,326.4,Cl,22
"2,3,3',4',6-Pentabromodiphenyl ether",C1=CC(=C(C=C1OC2=C(C=CC(=C2Br)Br)Br)Br)Br,8664,446254-73-5,LESZGJVTZILBTK-UHFFFAOYSA-N,564.7,Br,23
"2,3,3',4',6-Pentachlorobiphenyl",C1=CC(=C(C=C1C2=C(C=CC(=C2Cl)Cl)Cl)Cl)Cl,8068,38380-03-9,ARXHIJMGSIYYRZ-UHFFFAOYSA-N,326.4,Cl,22
"2,3,3',4'-Tetrabromobiphenyl",C1=CC(=C(C(=C1)Br)Br)C2=CC(=C(C=C2)Br)Br,8241,40088-45-7,GEASNODZMCZDOU-UHFFFAOYSA-N,469.79,Br,22
"2,3,3',4'-Tetrabromodiphenyl ether",C1=CC(=C(C(=C1)Br)Br)OC2=CC(=C(C=C2)Br)Br,8623,446254-28-0,NFOIVCGFYJIYIB-UHFFFAOYSA-N,485.79,Br,23
"2,3,3',4'-Tetrachlorobiphenyl",C1=CC(=C(C(=C1)Cl)Cl)C2=CC(=C(C=C2)Cl)Cl,8372,41464-43-1,UNCGJRRROFURDV-UHFFFAOYSA-N,292,Cl,22
"2,3,3',4,4',5'-Hexabromobiphenyl",C1=CC(=C(C(=C1C2=CC(=C(C(=C2)Br)Br)Br)Br)Br)Br,10395,59536-65-1,PCEAPJVBSINMNW-UHFFFAOYSA-N,627.6,Br,22
"2,3,3',4,4',5'-Hexabromodiphenyl ether",C1=CC(=C(C(=C1OC2=CC(=C(C(=C2)Br)Br)Br)Br)Br)Br,8699,446255-08-9,JUOAMVUIJQJZSZ-UHFFFAOYSA-N,643.6,Br,23
"2,3,3',4,4',5'-Hexachlorobiphenyl",C1=CC(=C(C(=C1C2=CC(=C(C(=C2)Cl)Cl)Cl)Cl)Cl)Cl,12676,69782-90-7,YTWXDQVNPCIEOX-UHFFFAOYSA-N,360.9,Cl,22
"2,3,3',4,4',5,5',6-Octachlorobiphenyl",C1=C(C=C(C(=C1Cl)Cl)Cl)C2=C(C(=C(C(=C2Cl)Cl)Cl)Cl)Cl,13371,74472-53-0,VXXBCDUYUQKWCK-UHFFFAOYSA-N,429.8,Cl,22
"2,3,3',4,4',5,6-Heptachlorobiphenyl",C1=CC(=C(C=C1C2=C(C(=C(C(=C2Cl)Cl)Cl)Cl)Cl)Cl)Cl,8353,41411-64-7,TYEDCFVCFDKSBK-UHFFFAOYSA-N,395.3,Cl,22
"2,3,3',4,4',5-Hexabromodiphenyl ether",C1=CC(=C(C=C1OC2=CC(=C(C(=C2Br)Br)Br)Br)Br)Br,8271,405237-85-6,JSDPCMJWYRDQEV-UHFFFAOYSA-N,643.6,Br,23
"2,3,3',4,4',5-Hexachlorobiphenyl",C1=CC(=C(C=C1C2=CC(=C(C(=C2Cl)Cl)Cl)Cl)Cl)Cl,8072,38380-08-4,LCXMEXLGMKFLQO-UHFFFAOYSA-N,360.9,Cl,22
"2,3,3',4,4',6-Hexabromodiphenyl ether",C1=CC(=C(C=C1OC2=C(C(=C(C=C2Br)Br)Br)Br)Br)Br,8700,446255-09-0,KRYHHTVQOOJNHQ-UHFFFAOYSA-N,643.6,Br,23
"2,3,3',4,4',6-Hexachlorobiphenyl",C1=CC(=C(C=C1C2=C(C(=C(C=C2Cl)Cl)Cl)Cl)Cl)Cl,13367,74472-42-7,ZQUPQXINXTWCQR-UHFFFAOYSA-N,360.9,Cl,22
"2,3,3',4,4'-Pentabromodiphenyl ether",C1=CC(=C(C=C1OC2=C(C(=C(C=C2)Br)Br)Br)Br)Br,7973,373594-78-6,LBPWAGZGYNOKAM-UHFFFAOYSA-N,564.7,Br,23
"2,3,3',4,4'-Pentachlorobiphenyl",C1=CC(=C(C=C1C2=C(C(=C(C=C2)Cl)Cl)Cl)Cl)Cl,7381,32598-14-4,WIDHRBRBACOVOY-UHFFFAOYSA-N,326.4,Cl,22
"2,3,3',4,5',6-Hexabromodiphenyl ether",C1=C(C=C(C=C1Br)Br)OC2=C(C(=C(C=C2Br)Br)Br)Br,8703,446255-12-5,WEYWRBBPPKSRGU-UHFFFAOYSA-N,643.6,Br,23
"2,3,3',4,5'-Pentabromodiphenyl ether",C1=CC(=C(C(=C1OC2=CC(=CC(=C2)Br)Br)Br)Br)Br,8662,446254-71-3,VBKPKHVLHGOKOJ-UHFFFAOYSA-N,564.7,Br,23
"2,3,3',4,5,5',6-Heptachlorobiphenyl",C1=C(C=C(C=C1Cl)Cl)C2=C(C(=C(C(=C2Cl)Cl)Cl)Cl)Cl,13369,74472-51-8,ZUTDUGMNROUBOX-UHFFFAOYSA-N,395.3,Cl,22
"2,3,3',4,5,5'-Hexabromodiphenyl ether",C1=C(C=C(C=C1Br)Br)OC2=CC(=C(C(=C2Br)Br)Br)Br,8701,446255-10-3,IDYFFNCFLRCOPZ-UHFFFAOYSA-N,643.6,Br,23
"2,3,3',4,5,6-Hexabromodiphenyl ether",C1=CC(=CC(=C1)Br)OC2=C(C(=C(C(=C2Br)Br)Br)Br)Br,8702,446255-11-4,OCVOYHGOXIIONK-UHFFFAOYSA-N,643.6,Br,23
"2,3,3',4,5-Pentabromodiphenyl ether",C1=CC(=CC(=C1)Br)OC2=CC(=C(C(=C2Br)Br)Br)Br,8660,446254-69-9,KLQKWMYXEWUAFP-UHFFFAOYSA-N,564.7,Br,23
"2,3,3',4,6-Pentabromodiphenyl ether",C1=CC(=CC(=C1)Br)OC2=C(C(=C(C=C2Br)Br)Br)Br,8663,446254-72-4,FXXXWTMLIQLDRP-UHFFFAOYSA-N,564.7,Br,23
"2,3,3',4-Tetrabromodiphenyl ether",C1=CC(=CC(=C1)Br)OC2=C(C(=C(C=C2)Br)Br)Br,8242;8622,40088-47-9;446254-27-9,VIHUMJGEWQPWOT-UHFFFAOYSA-N,485.79,Br,23
"2,3,3',4-Tetrachlorobiphenyl",C1=CC(=CC(=C1)Cl)C2=C(C(=C(C=C2)Cl)Cl)Cl,13267,74338-24-2,ZKGSEEWIVLAUNH-UHFFFAOYSA-N,292,Cl,22
"2,3,3',5',6-Pentabromodiphenyl ether",C1=CC(=C(C(=C1Br)OC2=CC(=CC(=C2)Br)Br)Br)Br,8667,446254-76-8,OGZHLJXRGZFVLI-UHFFFAOYSA-N,564.7,Br,23
"2,3,3',5'-Tetrabromodiphenyl ether",C1=CC(=C(C(=C1)Br)Br)OC2=CC(=CC(=C2)Br)Br,8624,446254-29-1,SWOYBZHGPZIRHS-UHFFFAOYSA-N,485.79,Br,23
"2,3,3',5,5',6-Hexabromodiphenyl ether",C1=C(C=C(C=C1Br)Br)OC2=C(C(=CC(=C2Br)Br)Br)Br,8707,446255-16-9,KXERERDGMTWBGZ-UHFFFAOYSA-N,643.6,Br,23
"2,3,3',5,5'-Pentabromodiphenyl ether",C1=C(C=C(C=C1Br)Br)OC2=C(C(=CC(=C2)Br)Br)Br,8665,446254-74-6,PCHDCOXHJBWEPW-UHFFFAOYSA-N,564.7,Br,23
"2,3,3',5,6-Pentabromodiphenyl ether",C1=CC(=CC(=C1)Br)OC2=C(C(=CC(=C2Br)Br)Br)Br,8666,446254-75-7,MFBMNSFADPTAKZ-UHFFFAOYSA-N,564.7,Br,23
"2,3,3',5,6-Pentachlorobiphenyl",C1=CC(=CC(=C1)Cl)C2=C(C(=CC(=C2Cl)Cl)Cl)Cl,13364,74472-36-9,NTKSJAPQYKCFPP-UHFFFAOYSA-N,326.4,Cl,22
"2,3,3',5-Tetrabromodiphenyl ether",C1=CC(=CC(=C1)Br)OC2=C(C(=CC(=C2)Br)Br)Br,7553,337513-82-3,CSIFWDKYUJLQEB-UHFFFAOYSA-N,485.79,Br,23
"2,3,3',6-Tetrabromodiphenyl ether",C1=CC(=CC(=C1)Br)OC2=C(C=CC(=C2Br)Br)Br,8625,446254-30-4,DMAMJZQQOWYEHT-UHFFFAOYSA-N,485.79,Br,23
"2,3,3,3-Tetrafluoro-2-(heptafluoropropoxy)propanoic acid",C(=O)(C(C(F)(F)F)(OC(C(C(F)(F)F)(F)F)(F)F)F)O,2451,13252-13-6,CSEBNABAWMZWIF-UHFFFAOYSA-N,330.05,F,21
"2,3,3,3-Tetrafluoropropene",C=C(C(F)(F)F)F,13532,754-12-1,FXRLMCRCYDHQFW-UHFFFAOYSA-N,114.04,F,9
"2,3,3,4,4,4-Hexafluoro-2-[1,1,1,3,3,3-hexafluoro-2-(trifluoromethyl)propan-2-yl]butanoic acid",C(=O)(C(C(C(F)(F)F)(C(F)(F)F)C(F)(F)F)(C(C(F)(F)F)(F)F)F)O,4403,1882109-60-5,LEVVSRBRUBTUPV-UHFFFAOYSA-N,414.07,F,26
"2,3,3,4,4,5,5,5-Octafluoro-2-(1,1,1,2,3,3,3-heptafluoropropan-2-yl)pentanoic acid",C(=O)(C(C(C(F)(F)F)(C(F)(F)F)F)(C(C(C(F)(F)F)(F)F)(F)F)F)O,4419,1882109-76-3,FGXQAZCGBWVETF-UHFFFAOYSA-N,414.07,F,26
"2,3,3,4,4,5,5,5-Octafluoro-2-(heptafluoropropyl)pentanoic acid",C(=O)(C(C(C(C(F)(F)F)(F)F)(F)F)(C(C(C(F)(F)F)(F)F)(F)F)F)O,4420,1882109-77-4,KLIYVROPYNNGCN-UHFFFAOYSA-N,414.07,F,26
"2,3,3,4,4,5,5,6,6,6-Decafluoro-2-(pentafluoroethyl)hexanoic acid",C(=O)(C(C(C(C(C(F)(F)F)(F)F)(F)F)(F)F)(C(C(F)(F)F)(F)F)F)O,7744,35605-76-6,NJLCWERAEIXEIB-UHFFFAOYSA-N,414.07,F,26
"2,3,3,4,4,5,5,6,6,7,7,7-Dodecafluoro-2-(trifluoromethyl)heptanoic acid",C(=O)(C(C(C(C(C(C(F)(F)F)(F)F)(F)F)(F)F)(F)F)(C(F)(F)F)F)O,4818,207678-51-1,DHELITDTJHABDT-UHFFFAOYSA-N,414.07,F,26
"2,3,3,4,4,5,5-Heptafluoro-1-pentene",C=C(C(C(C(F)F)(F)F)(F)F)F,3462,1547-26-8,ZHKVUSSHABANQG-UHFFFAOYSA-N,196.07,F,15
"2,3,3,4,4,5,6,6,6-Nonafluoro-2,5-bis(trifluoromethyl)hexanoic acid",C(=O)(C(C(C(C(C(F)(F)F)(C(F)(F)F)F)(F)F)(F)F)(C(F)(F)F)F)O,4423,1882109-80-9,XYSKFGIOQNTGLA-UHFFFAOYSA-N,414.07,F,26
"2,3,3,4,5,5,5-Heptafluoro-2-(pentafluoroethyl)-4-(trifluoromethyl)pentanoic acid",C(=O)(C(C(C(C(F)(F)F)(C(F)(F)F)F)(F)F)(C(C(F)(F)F)(F)F)F)O,4408,1882109-65-0,RPJPRDHJIVARDS-UHFFFAOYSA-N,414.07,F,26
"2,3,3,4,5,5,6,6,6-Nonafluoro-2,4-bis(trifluoromethyl)hexanoic acid",C(=O)(C(C(C(C(C(F)(F)F)(F)F)(C(F)(F)F)F)(F)F)(C(F)(F)F)F)O,4248,1812247-19-0,XATJWKOXFKNUBI-UHFFFAOYSA-N,414.07,F,26
"2,3,3,5,5,5-Hexafluoro-2,4,4-tris(trifluoromethyl)pentanoic acid",C(=O)(C(C(C(C(F)(F)F)(C(F)(F)F)C(F)(F)F)(F)F)(C(F)(F)F)F)O,4416,1882109-73-0,XREGJQQQMQWWNN-UHFFFAOYSA-N,414.07,F,26
"2,3,3-Trifluoro-2-oxiranecarbonyl fluoride",C(=O)(C1(C(O1)(F)F)F)F,5441,24419-82-7,SMRIHEXLECXGRS-UHFFFAOYSA-N,144.02,F,9
"2,3,4',5,6-Pentabromodiphenyl ether",C1=CC(=CC=C1OC2=C(C(=CC(=C2Br)Br)Br)Br)Br,8670,446254-79-1,SOJBOGWFDBDWEG-UHFFFAOYSA-N,564.7,Br,23
"2,3,4',5-Tetrabromodiphenyl ether",C1=CC(=CC=C1OC2=C(C(=CC(=C2)Br)Br)Br)Br,8629,446254-34-8,HNICYXFGCWPYGC-UHFFFAOYSA-N,485.79,Br,23
"2,3,4',5-Tetrachlorobiphenyl",C1=CC(=CC=C1C2=C(C(=CC(=C2)Cl)Cl)Cl)Cl,13363,74472-34-7,CITMYAMXIZQCJD-UHFFFAOYSA-N,292,Cl,22
"2,3,4',6-Tetrabromodiphenyl ether",C1=CC(=CC=C1OC2=C(C=CC(=C2Br)Br)Br)Br,8630,446254-35-9,LDCXVFJUWKKBNY-UHFFFAOYSA-N,485.79,Br,23
"2,3,4',6-Tetrachlorobiphenyl",C1=CC(=CC=C1C2=C(C=CC(=C2Cl)Cl)Cl)Cl,9401,52663-58-8,FXRXQYZZALWWGA-UHFFFAOYSA-N,292,Cl,22
"2,3,4'-Tribromodiphenyl ether",C1=CC(=C(C(=C1)Br)Br)OC2=CC=C(C=C2)Br,8610,446254-15-5,WZHNIFQVNBINLF-UHFFFAOYSA-N,406.89,Br,23
"2,3,4'-Trichlorobiphenyl",C1=CC(=C(C(=C1)Cl)Cl)C2=CC=C(C=C2)Cl,8086,38444-85-8,ZMHWQAHZKUPENF-UHFFFAOYSA-N,257.5,Cl,22
"2,3,4,4',5,6-Hexabromodiphenyl ether",C1=CC(=CC=C1OC2=C(C(=C(C(=C2Br)Br)Br)Br)Br)Br,4450,189084-58-0,KVYODBMKQYVNEK-UHFFFAOYSA-N,643.6,Br,23
"2,3,4,4',5-Pentabromodiphenyl ether",C1=CC(=CC=C1OC2=CC(=C(C(=C2Br)Br)Br)Br)Br,8668,446254-77-9,SFNAUTSNWPPDSY-UHFFFAOYSA-N,564.7,Br,23
"2,3,4,4',5-Pentachlorobiphenyl",C1=CC(=CC=C1C2=CC(=C(C(=C2Cl)Cl)Cl)Cl)Cl,13365,74472-37-0,SXZSFWHOSHAKMN-UHFFFAOYSA-N,326.4,Cl,22
"2,3,4,4',6-Pentabromodiphenyl ether",C1=CC(=CC=C1OC2=C(C(=C(C=C2Br)Br)Br)Br)Br,8669,446254-78-0,BKTLDVXDOVSTEV-UHFFFAOYSA-N,564.7,Br,23
"2,3,4,4'-Tetrabromodiphenyl ether",C1=CC(=CC=C1OC2=C(C(=C(C=C2)Br)Br)Br)Br,8626,446254-31-5,ARERIMFZYPFJAV-UHFFFAOYSA-N,485.79,Br,23
"2,3,4,4'-Tetrachlorobiphenyl",C1=CC(=CC=C1C2=C(C(=C(C=C2)Cl)Cl)Cl)Cl,7448,33025-41-1,XLDBTRJKXLKYTC-UHFFFAOYSA-N,292,Cl,22
"2,3,4,4,4-Pentafluoro-2-(1,1,1,2,3,3,3-heptafluoropropan-2-yl)-3-(trifluoromethyl)butanoic acid",C(=O)(C(C(C(F)(F)F)(C(F)(F)F)F)(C(C(F)(F)F)(C(F)(F)F)F)F)O,4404,1882109-61-6,GFNPDTZZIUOUQV-UHFFFAOYSA-N,414.07,F,26
"2,3,4,4,5,5,5-Heptafluoro-2-(pentafluoroethyl)-3-(trifluoromethyl)pentanoic acid",C(=O)(C(C(C(C(F)(F)F)(F)F)(C(F)(F)F)F)(C(C(F)(F)F)(F)F)F)O,4407,1882109-64-9,HRVVLSKWJWJIBO-UHFFFAOYSA-N,414.07,F,26
"2,3,4,4,5,5,5-Heptafluoro-3-(pentafluoroethyl)-2-(trifluoromethyl)pentanoic acid",C(=O)(C(C(C(C(F)(F)F)(F)F)(C(C(F)(F)F)(F)F)F)(C(F)(F)F)F)O,4409,1882109-66-1,ACAHRYLWSNWTFN-UHFFFAOYSA-N,414.07,F,26
"2,3,4,4,5,5,6,6,6-Nonafluoro-2,3-bis(trifluoromethyl)hexanoic acid",C(=O)(C(C(C(C(C(F)(F)F)(F)F)(F)F)(C(F)(F)F)F)(C(F)(F)F)F)O,4247,1812247-18-9,IKYRNTJITFLYOS-UHFFFAOYSA-N,414.07,F,26
"2,3,4,5,5,5-Hexafluoro-2,3,4-tris(trifluoromethyl)pentanoic acid",C(=O)(C(C(C(C(F)(F)F)(C(F)(F)F)F)(C(F)(F)F)F)(C(F)(F)F)F)O,4415,1882109-72-9,CSDNZCNEOLXCQF-UHFFFAOYSA-N,414.07,F,26
"2,3,4,5,6-Pentabromodiphenyl ether",C1=CC=C(C=C1)OC2=C(C(=C(C(=C2Br)Br)Br)Br)Br,4457,189084-65-9,ACRQLFSHISNWRY-UHFFFAOYSA-N,564.7,Br,23
"2,3,4,5,6-Pentabromoethylbenzene",CCC1=C(C(=C(C(=C1Br)Br)Br)Br)Br,14568,85-22-3,FIAXCDIQXHJNIX-UHFFFAOYSA-N,500.64,Br,18
"2,3,4,5,6-Pentabromotoluene",CC1=C(C(=C(C(=C1Br)Br)Br)Br)Br,14793,87-83-2,OZHJEQVYCBTHJT-UHFFFAOYSA-N,486.62,Br,15
"2,3,4,5-Tetrabromodiphenyl ether",C1=CC=C(C=C1)OC2=CC(=C(C(=C2Br)Br)Br)Br,8627,446254-32-6,NDRSXNBQWAOQPP-UHFFFAOYSA-N,485.79,Br,23
"2,3,4,5-Tetrabromophenol",C1=C(C(=C(C(=C1Br)Br)Br)Br)O,7816,36313-15-2,KXZRECGEDVBJPM-UHFFFAOYSA-N,409.69,Br,13
"2,3,4,6,7,8-Hexabromodibenzofuran",C1=C2C3=CC(=C(C(=C3OC2=C(C(=C1Br)Br)Br)Br)Br)Br,3734,161880-50-8,GKJPDCOZDNSVRH-UHFFFAOYSA-N,641.6,Br,21
"2,3,4,6,7,8-Hexachlorodibenzofuran",C1=C2C3=CC(=C(C(=C3OC2=C(C(=C1Cl)Cl)Cl)Cl)Cl)Cl,10559,60851-34-5,XTAHLACQOVXINQ-UHFFFAOYSA-N,374.9,Cl,21
"2,3,4,6-Tetrabromodiphenyl ether",C1=CC=C(C=C1)OC2=C(C(=C(C=C2Br)Br)Br)Br,8628,446254-33-7,YIQYWYZZLOZVRM-UHFFFAOYSA-N,485.79,Br,23
"2,3,4,6-Tetrabromophenol",C1=C(C(=C(C(=C1Br)Br)Br)O)Br,3119,14400-94-3,CXPJZISGVIVNEL-UHFFFAOYSA-N,409.69,Br,13
"2,3,4,6-Tetrachloroanisole",COC1=C(C(=C(C=C1Cl)Cl)Cl)Cl,15622,938-22-7,ITXDBGLYYSJNPK-UHFFFAOYSA-N,245.9,Cl,16
"2,3,4,6-Tetrachlorophenol",C1=C(C(=C(C(=C1Cl)Cl)Cl)O)Cl,10180,58-90-2,VGVRPFIJEJYOFN-UHFFFAOYSA-N,231.9,Cl,13
"2,3,4,7,8-Pentabromodibenzofuran",C1=C2C3=CC(=C(C(=C3OC2=CC(=C1Br)Br)Br)Br)Br,2305,131166-92-2,KHQDJFUIVSESDP-UHFFFAOYSA-N,562.7,Br,21
"2,3,4,7,8-Pentachlorodibenzofuran",C1=C2C3=CC(=C(C(=C3OC2=CC(=C1Cl)Cl)Cl)Cl)Cl,10070,57117-31-4,OGBQILNBLMPPDP-UHFFFAOYSA-N,340.4,Cl,21
"2,3,4-Tribromobiphenyl",C1=CC=C(C=C1)C2=C(C(=C(C=C2)Br)Br)Br,9178,51202-79-0,MKDZJIHLRSIZOV-UHFFFAOYSA-N,390.9,Br,22
"2,3,4-Tribromodiphenyl ether",C1=CC=C(C=C1)OC2=C(C(=C(C=C2)Br)Br)Br,7548,337513-67-4,RXWRVYYPLRPDOS-UHFFFAOYSA-N,406.89,Br,23
"2,3,4-Trichlorobiphenyl",C1=CC=C(C=C1)C2=C(C(=C(C=C2)Cl)Cl)Cl,9866,55702-46-0,IUYHQGMDSZOPDZ-UHFFFAOYSA-N,257.5,Cl,22
"2,3,4-Trichloronitrobenzene",C1=CC(=C(C(=C1[N+](=O)[O-])Cl)Cl)Cl,4168,17700-09-3,BGKIECJVXXHLDP-UHFFFAOYSA-N,226.4,Cl,14
"2,3,5,6-Tetrabromo-p-xylene",CC1=C(C(=C(C(=C1Br)Br)C)Br)Br,5264,23488-38-2,RXKOKVQKECXYOT-UHFFFAOYSA-N,421.75,Br,18
"2,3,5,6-Tetrabromodiphenyl ether",C1=CC=C(C=C1)OC2=C(C(=CC(=C2Br)Br)Br)Br,8631,446254-36-0,HPEUYVBOPJQVPN-UHFFFAOYSA-N,485.79,Br,23
"2,3,5,6-Tetrachloroaniline",C1=C(C(=C(C(=C1Cl)Cl)N)Cl)Cl,7661,3481-20-7,YTDHEFNWWHSXSU-UHFFFAOYSA-N,230.9,Cl,14
"2,3,5,6-Tetrachlorobiphenyl",C1=CC=C(C=C1)C2=C(C(=CC(=C2Cl)Cl)Cl)Cl,7477,33284-54-7,BLAYIQLVUNIICD-UHFFFAOYSA-N,292,Cl,22
"2,3,5-Tribromodiphenyl ether",C1=CC=C(C=C1)OC2=C(C(=CC(=C2)Br)Br)Br,8611,446254-16-6,XQHLKDAUZRXBGC-UHFFFAOYSA-N,406.89,Br,23
"2,3,6-Tribromodiphenyl ether",C1=CC=C(C=C1)OC2=C(C=CC(=C2Br)Br)Br,5019,218304-36-0,GFLRHBRMAZDOIG-UHFFFAOYSA-N,406.89,Br,23
"2,3,6-Tribromophenol",C1=CC(=C(C(=C1Br)O)Br)Br,6638,28165-57-3,VCNCNAPAHSSWCI-UHFFFAOYSA-N,330.8,Br,13
"2,3,6-Trichlorobiphenyl",C1=CC=C(C=C1)C2=C(C=CC(=C2Cl)Cl)Cl,9865,55702-45-9,LVROLHVSYNLFBE-UHFFFAOYSA-N,257.5,Cl,22
"2,3,6-Trichlorotoluene",CC1=C(C=CC(=C1Cl)Cl)Cl,4821,2077-46-5,UZYYBZNZSSNYSA-UHFFFAOYSA-N,195.5,Cl,15
"2,3,7,8-Tetrabromodibenzo-P-dioxin",C1=C2C(=CC(=C1Br)Br)OC3=CC(=C(C=C3O2)Br)Br,9086,50585-41-6,JZLQUWSWOJPCAK-UHFFFAOYSA-N,499.77,Br,22
"2,3,7,8-Tetrabromodibenzofuran",C1=C2C3=CC(=C(C=C3OC2=CC(=C1Br)Br)Br)Br,11802,67733-57-7,HCSRVQXNLHZQNM-UHFFFAOYSA-N,483.77,Br,21
"2,3,7,8-Tetrachlorodibenzo-P-dioxin",C1=C2C(=CC(=C1Cl)Cl)OC3=CC(=C(C=C3O2)Cl)Cl,4114,1746-01-6,HGUFODBRKLSHSI-UHFFFAOYSA-N,322,Cl,22
"2,3,7,8-Tetrachlorodibenzofuran",C1=C2C3=CC(=C(C=C3OC2=CC(=C1Cl)Cl)Cl)Cl,9180,51207-31-9,KSMVNVHUTQZITP-UHFFFAOYSA-N,306,Cl,21
"2,3-Dibromobiphenyl",C1=CC=C(C=C1)C2=C(C(=CC=C2)Br)Br,6515,27479-65-8,ODVMOIOUMCXTPS-UHFFFAOYSA-N,312,Br,22
"2,3-Dibromodiphenyl ether",C1=CC=C(C=C1)OC2=C(C(=CC=C2)Br)Br,9542;16128,446254-14-4;53563-56-7,JTYRXXKXOULVAP-UHFFFAOYSA-N,328,Br,23
"2,3-Dibromophenol",C1=CC(=C(C(=C1)Br)Br)O,6694;10103,28514-45-6;57383-80-9,FNAKEOXYWBWIRT-UHFFFAOYSA-N,251.9,Br,13
"2,3-Dibromopropanal",C(C(C=O)Br)Br,9323,5221-17-0,ZMDDOWQHSDJXDW-UHFFFAOYSA-N,215.87,Br,10
"2,3-Dichloro-1-propene",C=C(CCl)Cl,13977,78-88-6,FALCMQXTWHPRIH-UHFFFAOYSA-N,110.97,Cl,9
"2,3-Dichloroaniline",C1=CC(=C(C(=C1)Cl)Cl)N,10548,608-27-5,BRPSAOUFIJSKOT-UHFFFAOYSA-N,162.01,Cl,14
"2,3-Dichlorobiphenyl",C1=CC=C(C=C1)C2=C(C(=CC=C2)Cl)Cl,3879,16605-91-7,XOMKZKJEJBZBJJ-UHFFFAOYSA-N,223.09,Cl,22
"2,3-Dichlorophenol",C1=CC(=C(C(=C1)Cl)Cl)O,10130,576-24-9,UMPSXRYVXUPCOS-UHFFFAOYSA-N,163,Cl,13
"2,3-Dichlorotoluene",CC1=C(C(=CC=C1)Cl)Cl,7411,32768-54-0,GWLKCPXYBLCEKC-UHFFFAOYSA-N,161.03,Cl,15
"2,3-Difluoro-2,3-bis(trifluoromethyl)oxirane",C1(C(O1)(C(F)(F)F)F)(C(F)(F)F)F,13771,773-29-5,SVENBAIZELMMEQ-UHFFFAOYSA-N,216.03,F,13
"2,3-Difluoromandelic acid",C1=CC(=C(C(=C1)F)F)C(C(=O)O)O,4823,207974-19-4,LBJOAPZLJUKPRG-UHFFFAOYSA-N,188.13,F,19
"2,4',5-Trichlorobiphenyl",C1=CC(=CC=C1C2=C(C=CC(=C2)Cl)Cl)Cl,3880,16606-02-3,VAHKBZSAUKPEOV-UHFFFAOYSA-N,257.5,Cl,22
"2,4',6-Trichlorobiphenyl",C1=CC(=C(C(=C1)Cl)C2=CC=C(C=C2)Cl)Cl,8083,38444-77-8,IHIDFKLAWYPTKB-UHFFFAOYSA-N,257.5,Cl,22
"2,4'-Dibromodiphenyl ether",C1=CC=C(C(=C1)OC2=CC=C(C=C2)Br)Br,3222,147217-71-8,RJQLQJZMLISKRJ-UHFFFAOYSA-N,328,Br,23
"2,4'-Dichlorobiphenyl",C1=CC=C(C(=C1)C2=CC=C(C=C2)Cl)Cl,7669,34883-43-7,UFNIBRDIUNVOMX-UHFFFAOYSA-N,223.09,Cl,22
"2,4,4',5-Tetrabromodiphenyl ether",C1=CC(=CC=C1OC2=CC(=C(C=C2Br)Br)Br)Br,8637,446254-42-8,LXCFDVVDUVPAGR-UHFFFAOYSA-N,485.79,Br,23
"2,4,4',5-Tetrachlorobiphenyl",C1=CC(=CC=C1C2=CC(=C(C=C2Cl)Cl)Cl)Cl,7392,32690-93-0,TULCXSBAPHCWCF-UHFFFAOYSA-N,292,Cl,22
"2,4,4',6-Tetrabromodiphenyl ether",C1=CC(=CC=C1OC2=C(C=C(C=C2Br)Br)Br)Br,4455,189084-63-7,BWCNKMFFUGBFGB-UHFFFAOYSA-N,485.79,Br,23
"2,4,4'-Trichlorobiphenyl",C1=CC(=CC=C1C2=C(C=C(C=C2)Cl)Cl)Cl,12716,7012-37-5,BZTYNSQSZHARAZ-UHFFFAOYSA-N,257.5,Cl,22
"2,4,4'-Trifluorobenzophenone",C1=CC(=CC=C1C(=O)C2=C(C=C(C=C2)F)F)F,14233,80512-44-3,IMMOAYTWCPNYML-UHFFFAOYSA-N,236.19,F,24
"2,4,4,5,5,5-Hexafluoro-2,3,3-tris(trifluoromethyl)pentanoic acid",C(=O)(C(C(C(C(F)(F)F)(F)F)(C(F)(F)F)C(F)(F)F)(C(F)(F)F)F)O,4414,1882109-71-8,LMMJTWPCVVCSMX-UHFFFAOYSA-N,414.07,F,26
"2,4,5-Tribromodiphenyl ether",C1=CC=C(C=C1)OC2=CC(=C(C=C2Br)Br)Br,7546,337513-56-1,LTMKAFUXYKEDLR-UHFFFAOYSA-N,406.89,Br,23
"2,4,5-Trichloroaniline",C1=C(C(=CC(=C1Cl)Cl)Cl)N,11180,636-30-6,GUMCAKKKNKYFEB-UHFFFAOYSA-N,196.5,Cl,14
"2,4,5-Trichlorobiphenyl",C1=CC=C(C=C1)C2=CC(=C(C=C2Cl)Cl)Cl,3608,15862-07-4,VGVIKVCCUATMNG-UHFFFAOYSA-N,257.5,Cl,22
"2,4,5-Trichlorophenol",C1=C(C(=CC(=C1Cl)Cl)Cl)O,15778,95-95-4,LHJGJYXLEPZJPM-UHFFFAOYSA-N,197.4,Cl,13
"2,4,5-Trichlorotoluene",CC1=CC(=C(C=C1Cl)Cl)Cl,11671,6639-30-1,ZCXHZKNWIYVQNC-UHFFFAOYSA-N,195.5,Cl,15
"2,4,6-Cycloheptatrien-1-one, 2,5-dichloro-",C1=CC(=O)C(=CC=C1Cl)Cl,12937,7157-27-9,MPKYYRIGUWMAMA-UHFFFAOYSA-N,175.01,Cl,14
"2,4,6-Tribromobiphenyl",C1=CC=C(C=C1)C2=C(C=C(C=C2Br)Br)Br,10323,59080-33-0,YCLZBYQDXVJFII-UHFFFAOYSA-N,390.9,Br,22
"2,4,6-Tribromodiphenyl ether",C1=CC=C(C=C1)OC2=C(C=C(C=C2Br)Br)Br,3501,155999-95-4,TVZAPPGLBLTACB-UHFFFAOYSA-N,406.89,Br,23
"2,4,6-Tribromophenol",C1=C(C=C(C(=C1Br)O)Br)Br,1467,118-79-6,BSWWXRFVMJHFBN-UHFFFAOYSA-N,330.8,Br,13
"2,4,6-Tribromophenyl acrylate",C=CC(=O)OC1=C(C=C(C=C1Br)Br)Br,7979,3741-77-3,CNLVUQQHXLTOTC-UHFFFAOYSA-N,384.85,Br,19
"2,4,6-Tribromophenyl methacrylate",CC(=C)C(=O)OC1=C(C=C(C=C1Br)Br)Br,8018,37721-71-4,HAYWJKBZHDIUPU-UHFFFAOYSA-N,398.87,Br,22
"2,4,6-Trichloroanisole",COC1=C(C=C(C=C1Cl)Cl)Cl,14780,87-40-1,WCVOGSZTONGSQY-UHFFFAOYSA-N,211.5,Cl,16
"2,4,6-Trichlorobiphenyl",C1=CC=C(C=C1)C2=C(C=C(C=C2Cl)Cl)Cl,7755,35693-92-6,MTLMVEWEYZFYTH-UHFFFAOYSA-N,257.5,Cl,22
"2,4,6-Trichloroheptane",CC(CC(CC(C)Cl)Cl)Cl,2240,13049-21-3,ZIELQSWVHXTKFD-UHFFFAOYSA-N,203.5,Cl,23
"2,4,6-Trichlorophenol",C1=C(C=C(C(=C1Cl)O)Cl)Cl,14853,88-06-2,LINPIYWFGCPVIE-UHFFFAOYSA-N,197.4,Cl,13
"2,4,6-Trichlorophenyl isocyanate",C1=C(C=C(C(=C1Cl)N=C=O)Cl)Cl,5657,2505-31-9,VDYWXVDWKFAUKE-UHFFFAOYSA-N,222.5,Cl,14
"2,4,6-Tris(4-chlorophenyl)-1,3,5-triazine",C1=CC(=CC=C1C2=NC(=NC(=N2)C3=CC=C(C=C3)Cl)C4=CC=C(C=C4)Cl)Cl,7185,3114-54-3,HNUCWEZQTAGOAW-UHFFFAOYSA-N,412.7,Cl,39
"2,4-D 2-Ethylhexyl ester",CCCCC(CC)COC(=O)COC1=C(C=C(C=C1)Cl)Cl,4531,1928-43-4,QZSFJRIWRPJUOH-UHFFFAOYSA-N,333.2,Cl,43
"2,4-D Isooctyl ester",CC(C)CCCCCOC(=O)COC1=C(C=C(C=C1)Cl)Cl,5782,25168-26-7,BBPLSOGERZQYQC-UHFFFAOYSA-N,333.2,Cl,43
"2,4-Di-tert-butyl-6-(5-chloro-2H-benzotriazol-2-yl)phenol",CC(C)(C)C1=CC(=C(C(=C1)N2N=C3C=CC(=CC3=N2)Cl)O)C(C)(C)C,8103;17213,3864-99-1,UWSMKYBKUPAEJQ-UHFFFAOYSA-N,357.9,Cl,49
"2,4-Dibromo-1-(3-bromophenoxy)benzene",C1=CC(=CC(=C1)Br)OC2=C(C=C(C=C2)Br)Br,3228,147217-77-4,AURKEOPYVUYTLO-UHFFFAOYSA-N,406.89,Br,23
"2,4-Dibromo-1-(4-bromophenoxy)benzene",C1=CC(=CC=C1OC2=C(C=C(C=C2)Br)Br)Br,8349,41318-75-6,UPNBETHEXPIWQX-UHFFFAOYSA-N,406.89,Br,23
"2,4-Dibromodiphenyl ether",C1=CC=C(C=C1)OC2=C(C=C(C=C2)Br)Br,4028,171977-44-9,JMCIHKKTRDLVCO-UHFFFAOYSA-N,328,Br,23
"2,4-Dibromophenol",C1=CC(=C(C=C1Br)Br)O,10663,615-58-7,FAXWFCTVSHEODL-UHFFFAOYSA-N,251.9,Br,13
"2,4-Dibromophenyl glycidyl ether",C1C(O1)COC2=C(C=C(C=C2)Br)Br,4694,20217-01-0,NFWLWLQSZIJYFR-UHFFFAOYSA-N,307.97,Br,21
"2,4-Dichloroaniline",C1=CC(=C(C=C1Cl)Cl)N,9810,554-00-7,KQCMTOWTPBNWDB-UHFFFAOYSA-N,162.01,Cl,14
"2,4-Dichlorobenzyl alcohol",C1=CC(=C(C=C1Cl)Cl)CO,4178,1777-82-8,DBHODFSFBXJZNY-UHFFFAOYSA-N,177.02,Cl,16
"2,4-Dichlorobiphenyl",C1=CC=C(C=C1)C2=C(C=C(C=C2)Cl)Cl,7476,33284-50-3,WEJZHZJJXPXXMU-UHFFFAOYSA-N,223.09,Cl,22
"2,4-Dichloronitrobenzene",C1=CC(=C(C=C1Cl)Cl)[N+](=O)[O-],10580,611-06-3,QUIMTLZDMCNYGY-UHFFFAOYSA-N,192,Cl,14
"2,4-Dichlorophenol",C1=CC(=C(C=C1Cl)Cl)O,1585,120-83-2,HFZWRUODUSTPEG-UHFFFAOYSA-N,163,Cl,13
"2,4-Dichlorotoluene",CC1=C(C=C(C=C1)Cl)Cl,15769,95-73-8,FUNUTBJJKQIVSY-UHFFFAOYSA-N,161.03,Cl,15
"2,4-Methano-1H-indene, 4-chlorooctahydro-",C1CC2CC3CC2C(C1)(C3)Cl,16030,98640-25-6,GNUXBPXWPFJHHK-UHFFFAOYSA-N,170.68,Cl,26
"2,5-Dibromobiphenyl",C1=CC=C(C=C1)C2=C(C=CC(=C2)Br)Br,10110,57422-77-2,MHQCPXUMZCNOSF-UHFFFAOYSA-N,312,Br,22
"2,5-Dibromophenol",C1=CC(=C(C=C1Br)O)Br,16123,28165-52-8,GUXWVUVLXIJHQF-UHFFFAOYSA-N,251.9,Br,13
"2,5-Dichloro-p-xylene",CC1=CC(=C(C=C1Cl)C)Cl,1288,1124-05-6,UTGSRNVBAFCOEU-UHFFFAOYSA-N,175.05,Cl,18
"2,5-Dichloroaniline",C1=CC(=C(C=C1Cl)N)Cl,15773,95-82-9,AVYGCQXNNJPXSS-UHFFFAOYSA-N,162.01,Cl,14
"2,5-Dichlorobenzophenone",C1=CC=C(C=C1)C(=O)C2=C(C=CC(=C2)Cl)Cl,3883,16611-67-9,FAVKIHMGRWRACA-UHFFFAOYSA-N,251.1,Cl,24
"2,5-Dichlorobiphenyl",C1=CC=C(C=C1)C2=C(C=CC(=C2)Cl)Cl,7667,34883-39-1,KKQWHYGECTYFIA-UHFFFAOYSA-N,223.09,Cl,22
"2,5-Dichlorotoluene",CC1=C(C=CC(=C1)Cl)Cl,4558,19398-61-9,KFAKZJUYBOYVKA-UHFFFAOYSA-N,161.03,Cl,15
"2,6-Dibromo-4-nitroaniline",C1=C(C=C(C(=C1Br)N)Br)[N+](=O)[O-],14362,827-94-1,YMZIFDLWYUSZCC-UHFFFAOYSA-N,295.92,Br,16
"2,6-Dibromodiphenyl ether",C1=CC=C(C=C1)OC2=C(C=CC=C2Br)Br,9287,51930-04-2,MUVDKHMQIZJFTC-UHFFFAOYSA-N,328,Br,23
"2,6-Dibromophenol",C1=CC(=C(C(=C1)Br)O)Br,10549,608-33-3,SSIZLKDLDKIHEV-UHFFFAOYSA-N,251.9,Br,13
"2,6-Dichloro-1,4-phenylenediamine",C1=C(C=C(C(=C1Cl)N)Cl)N,10562,609-20-1,HQCHAOKWWKLXQH-UHFFFAOYSA-N,177.03,Cl,16
"2,6-Dichloro-4-nitroaniline",C1=C(C=C(C(=C1Cl)N)Cl)[N+](=O)[O-],16037,99-30-9,BIXZHMJUSMUDOQ-UHFFFAOYSA-N,207.01,Cl,16
"2,6-Dichloro-N-phenylaniline",C1=CC=C(C=C1)NC2=C(C=CC=C2Cl)Cl,3426,15307-93-4,HDUUZPLYVVQTKN-UHFFFAOYSA-N,238.11,Cl,24
"2,6-Dichlorobiphenyl",C1=CC=C(C=C1)C2=C(C=CC=C2Cl)Cl,7462,33146-45-1,IYZWUWBAFUBNCH-UHFFFAOYSA-N,223.09,Cl,22
"2,6-Dichlorophenol",C1=CC(=C(C(=C1)Cl)O)Cl,14786,87-65-0,HOLHYSJJBXSLMV-UHFFFAOYSA-N,163,Cl,13
"2,6-Dichlorotoluene",CC1=C(C=CC=C1Cl)Cl,1464,118-69-4,DMEDNTFWIHCBRK-UHFFFAOYSA-N,161.03,Cl,15
"2,7-Dichlorodibenzo-P-dioxin",C1=CC2=C(C=C1Cl)OC3=C(O2)C=C(C=C3)Cl,7560,33857-26-0,NBFMTHWVRBOVPE-UHFFFAOYSA-N,253.08,Cl,22
"2,9-Bis(4-chlorophenyl)anthra(2,1,9-def:6,5,10-d'e'f')diisoquinoline-1,3,8,10(2H,9H)-tetrone",C1=CC(=CC=C1N2C(=O)C3=C4C(=CC=C5C4=C(C=C3)C6=C7C5=CC=C8C7=C(C=C6)C(=O)N(C8=O)C9=CC=C(C=C9)Cl)C2=O)Cl,5318,2379-77-3,ILYBWLBYEIZMCE-UHFFFAOYSA-N,611.4,Cl,60
"2,9-Dichloro-5,12-dihydroquino[2,3-b]acridine-7,14-dione",C1=CC2=C(C=C1Cl)C(=O)C3=CC4=C(C=C3N2)C(=O)C5=C(N4)C=CC(=C5)Cl,7149;10837,3089-17-6;61932-63-6,XPZQBGDNVOHQIS-UHFFFAOYSA-N,381.2,Cl,36
"2-(2-Hydroxyethoxy)ethyl 2-hydroxypropyl 3,4,5,6-tetrabromophthalate",CC(COC(=O)C1=C(C(=C(C(=C1Br)Br)Br)Br)C(=O)OCCOCCO)O,4785,20566-35-2,OQHHASWHOGRCRC-UHFFFAOYSA-N,627.9,Br,42
"2-(3-Fluorophenyl)tetrahydroimidazo[1,5-a]pyridine-1,3(2h,5h)-dione",C1CCN2C(C1)C(=O)N(C2=O)C3=CC(=CC=C3)F,10541,60725-62-4,YVCJMNSBDCPIIG-UHFFFAOYSA-N,248.25,F,31
2-(4-Chlorophenoxy)ethanol,C1=CC(=CC=C1OCCO)Cl,4464,1892-43-9,GEGSSUSEWOHAFE-UHFFFAOYSA-N,172.61,Cl,20
"2-(Bromomethyl)-2-(2-methylphenyl)-1,3-dioxolane",CC1=CC=CC=C1C2(OCCO2)CBr,5376,24169-43-5,YDMVKSOPAXNKMW-UHFFFAOYSA-N,257.12,Br,27
2-(Perfluorodecyl)ethanol,C(CO)C(C(C(C(C(C(C(C(C(C(F)(F)F)(F)F)(F)F)(F)F)(F)F)(F)F)(F)F)(F)F)(F)F)(F)F,14756,865-86-1,FLXYIZWPNQYPIT-UHFFFAOYSA-N,564.13,F,39
2-(Perfluorodecyl)ethyl acrylate,C=CC(=O)OCCC(C(C(C(C(C(C(C(C(C(F)(F)F)(F)F)(F)F)(F)F)(F)F)(F)F)(F)F)(F)F)(F)F)(F)F,4172,17741-60-5,FIAHOPQKBBASOY-UHFFFAOYSA-N,618.18,F,45
2-(Perfluorodecyl)ethyl methacrylate,CC(=C)C(=O)OCCC(C(C(C(C(C(C(C(C(C(F)(F)F)(F)F)(F)F)(F)F)(F)F)(F)F)(F)F)(F)F)(F)F)(F)F,4941,2144-54-9,FQHLOOOXLDQLPF-UHFFFAOYSA-N,632.21,F,48
2-(Perfluorododecyl)ethanol,C(CO)C(C(C(C(C(C(C(C(C(C(C(C(F)(F)F)(F)F)(F)F)(F)F)(F)F)(F)F)(F)F)(F)F)(F)F)(F)F)(F)F)(F)F,8154,39239-77-5,QBBJBWKVSJWYQK-UHFFFAOYSA-N,664.15,F,45
2-(Trifluoromethyl)acrylic acid,C=C(C(=O)O)C(F)(F)F,8047,381-98-6,VLSRKCIBHNJFHA-UHFFFAOYSA-N,140.06,F,12
"2-[(4-Chloro-2-nitrophenyl)azo]-N-(2,3-dihydro-2-oxo-1H-benzimidazol-5-yl)-3-oxobutyramide",CC(=O)C(C(=O)NC1=CC2=C(C=C1)NC(=O)N2)N=NC3=C(C=C(C=C3)Cl)[N+](=O)[O-],1842,12236-62-3,DLQMNSDNQWLFSS-UHFFFAOYSA-N,416.8,Cl,42
"2-[(4-chloro-2-nitrophenyl)azo]-N-(2,4-dimethylphenyl)-3-oxobutyramide",CC1=CC(=C(C=C1)NC(=O)C(C(=O)C)N=NC2=C(C=C(C=C2)Cl)[N+](=O)[O-])C,11487,6486-26-6,GPZGURVRGFCPNQ-UHFFFAOYSA-N,388.8,Cl,44
2-[(4-chloro-2-nitrophenyl)azo]-N-(4-chloro-o-tolyl)-3-oxobutyramide,CC1=C(C=CC(=C1)Cl)NC(=O)C(C(=O)C)N=NC2=C(C=C(C=C2)Cl)[N+](=O)[O-],7355,32432-45-4,WLFKZMHSYFTYSW-UHFFFAOYSA-N,409.2,Cl,41
2-[(4-Chloro-2-nitrophenyl)azo]-N-(4-ethoxyphenyl)-3-oxobutyramide,CCOC1=CC=C(C=C1)NC(=O)C(C(=O)C)N=NC2=C(C=C(C=C2)Cl)[N+](=O)[O-],9350,52320-66-8,ZCDDNAUHUZEVSJ-UHFFFAOYSA-N,404.8,Cl,45
"2-[[2-chloro-4-[3-chloro-4-[[1-(2-methoxyanilino)-1,3-dioxobutan-2-yl]diazenyl]phenyl]phenyl]diazenyl]-N-(2-methoxyphenyl)-3-oxobutanamide",CC(=O)C(C(=O)NC1=CC=CC=C1OC)N=NC2=C(C=C(C=C2)C3=CC(=C(C=C3)N=NC(C(=O)C)C(=O)NC4=CC=CC=C4OC)Cl)Cl,8763,4531-49-1,VTGOEJALMFECDQ-UHFFFAOYSA-N,689.5,Cl,78
"2-[[2-chloro-4-[3-chloro-4-[[1-(2-methylanilino)-1,3-dioxobutan-2-yl]diazenyl]phenyl]phenyl]diazenyl]-N-(2,4-dimethylphenyl)-3-oxobutanamide",CC1=CC(=C(C=C1)NC(=O)C(C(=O)C)N=NC2=C(C=C(C=C2)C3=CC(=C(C=C3)N=NC(C(=O)C)C(=O)NC4=CC=CC=C4C)Cl)Cl)C,14026,78952-72-4,XAQOUXKUARYQQO-UHFFFAOYSA-N,671.6,Cl,79
"2-[[2-chloro-4-[3-chloro-4-[[1-(4-methylanilino)-1,3-dioxobutan-2-yl]diazenyl]phenyl]phenyl]diazenyl]-N-(4-methylphenyl)-3-oxobutanamide",CC1=CC=C(C=C1)NC(=O)C(C(=O)C)N=NC2=C(C=C(C=C2)C3=CC(=C(C=C3)N=NC(C(=O)C)C(=O)NC4=CC=C(C=C4)C)Cl)Cl,11162,6358-37-8,UCUHCYVCVYRSER-UHFFFAOYSA-N,657.5,Cl,76
"2-[[2-Chloro-5-(trifluoromethyl)phenyl]azo]-N-(2,3-dihydro-2-oxo-1H-benzimidazol-5-yl)-3-oxobutyramide",CC(=O)C(C(=O)NC1=CC2=C(C=C1)NC(=O)N2)N=NC3=C(C=CC(=C3)C(F)(F)F)Cl,12124,68399-99-5,DZEAVLGCIUOLBY-UHFFFAOYSA-N,439.8,Cl;F,43
"2-[N-(2-Cyanoethyl)-4-[(2,6-dichloro-4-nitrophenyl)azo]anilino]ethyl acetate",CC(=O)OCCN(CCC#N)C1=CC=C(C=C1)N=NC2=C(C=C(C=C2Cl)[N+](=O)[O-])Cl,9391,5261-31-4,ROPYWXVRNREIQD-UHFFFAOYSA-N,450.3,Cl,47
"2-Adamantanol, 2-(bromomethyl)-",C1C2CC3CC1CC(C2)C3(CBr)O,17686,,PWWUWHMOPRWJLR-UHFFFAOYSA-N,245.16,Br,30
2-Amino-4-chloro-6-methoxypyrimidine,COC1=CC(=NC(=N1)N)Cl,10098,5734-64-5,VFEYBTFCBZMBAU-UHFFFAOYSA-N,159.57,Cl,16
2-Benzyl-4-chlorophenol,C1=CC=C(C=C1)CC2=C(C=CC(=C2)Cl)O,1568,120-32-1,NCKMMSIFQUPKCK-UHFFFAOYSA-N,218.68,Cl,26
"2-Bromo-1,1-difluoroethane",C(C(F)F)Br,7776,359-07-9,JVYROUWXXSWCMI-UHFFFAOYSA-N,144.95,Br;F,8
"2-Bromo-1,4-di-tert-butylbenzene",CC(C)(C)C1=CC(=C(C=C1)C(C)(C)C)Br,11708,6683-74-5,JFRPIGCUUJRXMT-UHFFFAOYSA-N,269.22,Br,36
2-Bromo-4'-hydroxyacetophenone,C1=CC(=CC=C1C(=O)CBr)O,5542,2491-38-5,LJYOFQHKEWTQRH-UHFFFAOYSA-N,215.04,Br,18
"2-Bromo-4,6-dichloroaniline",C1=C(C=C(C(=C1Cl)N)Br)Cl,12665,697-86-9,DTPADCOGQUOGHT-UHFFFAOYSA-N,240.91,Br;Cl,14
2-Bromo-6-chloro-4-nitroaniline,C1=C(C=C(C(=C1Cl)N)Br)[N+](=O)[O-],16036,99-29-6,GLUCALKKMFBJEB-UHFFFAOYSA-N,251.46,Br;Cl,16
2-Bromo-p-terphenyl,C1=CC=C(C=C1)C2=CC=C(C=C2)C3=CC=CC=C3Br,7420,3282-24-4,RIPZAKKOEJWWQD-UHFFFAOYSA-N,309.2,Br,32
"2-Bromoallyl(2,4,6-tribromophenyl) ether",C=C(COC1=C(C=C(C=C1Br)Br)Br)Br,16093,99717-56-3,RLPZXGWCSHFKJI-UHFFFAOYSA-N,449.76,Br,20
2-Bromobiphenyl,C1=CC=C(C=C1)C2=CC=CC=C2Br,4781,2052-07-5,KTADSLDAUJLZGL-UHFFFAOYSA-N,233.1,Br,22
2-Bromododecane,CCCCCCCCCCC(C)Br,2377,13187-99-0,GIUUCQVKMWBSRT-UHFFFAOYSA-N,249.23,Br,38
2-Bromoethyl acrylate,C=CC(=O)OCCBr,8932,4823-47-6,CDZAAIHWZYWBSS-UHFFFAOYSA-N,179.01,Br,15
2-Bromooctane,CCCCCCC(C)Br,9859,557-35-7,FTJHYGJLHCGQHQ-UHFFFAOYSA-N,193.12,Br,26
2-Bromophenol,C1=CC=C(C(=C1)O)Br,7409;15761,32762-51-9;95-56-7,VADKRMSMGWJZCF-UHFFFAOYSA-N,173.01,Br,13
2-Bromopropiophenone,CC(C(=O)C1=CC=CC=C1)Br,4895,2114-00-3,WPDWOCRJBPXJFM-UHFFFAOYSA-N,213.07,Br,20
"2-Chloro-1,1,1,2-tetrafluoroethane",C(C(F)(F)F)(F)Cl,6673,2837-89-0,BOUGCJDAQLKBQH-UHFFFAOYSA-N,136.47,Cl;F,8
"2-Chloro-1,4-phenylene bis[4-[6-(acryloyloxy)hexyloxy]benzoate]",C=CC(=O)OCCCCCCOC1=CC=C(C=C1)C(=O)OC2=CC(=C(C=C2)OC(=O)C3=CC=C(C=C3)OCCCCCCOC(=O)C=C)Cl,3360,150809-90-8,ZBTCSYDLYVZCDB-UHFFFAOYSA-N,693.2,Cl,90
2-Chloro-1-propanol,CC(CO)Cl,13978,78-89-7,VZIQXGLTRZLBEX-UHFFFAOYSA-N,94.54,Cl,12
2-Chloro-2-(phenylhydrazono)acetic acid ethyl ester,CCOC(=O)/C(=N/NC1=CC=CC=C1)/Cl,14990,9000-40-2,LZCJYKSOIZQABU-LCYFTJDESA-N,226.66,Cl,26
2-Chloro-2-methylpentane,CCCC(C)(C)Cl,8559,4325-48-8,NXXHAWKBICGUCK-UHFFFAOYSA-N,120.62,Cl,20
"2-Chloro-4,6-dinitroaniline",C1=C(C=C(C(=C1[N+](=O)[O-])N)Cl)[N+](=O)[O-],7716,3531-19-9,LHRIICYSGQGXSX-UHFFFAOYSA-N,217.57,Cl,18
2-Chloro-4-nitroaniline,C1=CC(=C(C=C1[N+](=O)[O-])Cl)N,1730,121-87-9,LOCWBQIWHWIRGN-UHFFFAOYSA-N,172.57,Cl,16
2-Chloro-6-fluorophenol,C1=CC(=C(C(=C1)Cl)O)F,4741,2040-90-6,QIAQIYQASAWZPP-UHFFFAOYSA-N,146.54,Cl;F,13
"2-Chloro-N,N-dimethylethanamine",CN(C)CCCl,789,107-99-3,WQMAANNAZKNUDL-UHFFFAOYSA-N,107.58,Cl,16
2-Chloro-N-(hydroxymethyl)acetamide,C(C(=O)NCO)Cl,6665,2832-19-1,TXNSZCSYBXHETP-UHFFFAOYSA-N,123.54,Cl,13
2-Chloroacetamide,C(C(=O)N)Cl,14030,79-07-2,VXIVSQZSERGHQP-UHFFFAOYSA-N,93.51,Cl,9
2-Chloroacetophenone,C1=CC=C(C=C1)C(=O)CCl,9488,532-27-4,IMACFCSSMIZSPP-UHFFFAOYSA-N,154.59,Cl,17
2-Chloroaniline,C1=CC=C(C(=C1)N)Cl,15757,95-51-2,AKCRQHGQIJBRMN-UHFFFAOYSA-N,127.57,Cl,14
2-Chlorobenzamide,C1=CC=C(C(=C1)C(=O)N)Cl,10563,609-66-5,RBGDLYUEXLWQBZ-UHFFFAOYSA-N,155.58,Cl,16
2-Chlorobiphenyl,C1=CC=C(C=C1)C2=CC=CC=C2Cl,4777,2051-60-7,LAXBNTIAOJWAOP-UHFFFAOYSA-N,188.65,Cl,22
2-Chloroethanol,C(CCl)O,754,107-07-3,SZIFAVKTNFCBPC-UHFFFAOYSA-N,80.51,Cl,9
2-Chlorophenol,C1=CC=C(C(=C1)O)Cl,15762,95-57-8,ISPYQTSUDJAMAB-UHFFFAOYSA-N,128.55,Cl,13
2-Chlorophenyl isocyanate,C1=CC=C(C(=C1)N=C=O)Cl,7467,3320-83-0,NOHQUGRVHSJYMR-UHFFFAOYSA-N,153.56,Cl,14
2-Chloropropane,CC(C)Cl,13467,75-29-6,ULYZAYCEDJDHCC-UHFFFAOYSA-N,78.54,Cl,11
2-Chlorotoluene,CC1=CC=CC=C1Cl,15755,95-49-8,IBSQPLPBRSHTTG-UHFFFAOYSA-N,126.58,Cl,15
2-Ethylhexanoyl chloride,CCCCC(CC)C(=O)Cl,13594,760-67-8,WFSGQBNCVASPMW-UHFFFAOYSA-N,162.66,Cl,25
"2-Ethylhexyl 2,3,4,5-Tetrabromobenzoate",CCCCC(CC)COC(=O)C1=CC(=C(C(=C1Br)Br)Br)Br,4313,183658-27-7,HVDXCGSGEQKWGB-UHFFFAOYSA-N,549.9,Br,39
2-Ethylhexyl chloroacetate,CCCCC(CC)COC(=O)CCl,9529,5345-58-4,QZBQQHUYQKGPLQ-UHFFFAOYSA-N,206.71,Cl,32
2-Ethylhexyl chloroformate,CCCCC(CC)COC(=O)Cl,5452,24468-13-1,RTGLJCSUKOLTEM-UHFFFAOYSA-N,192.68,Cl,29
"2-Fluoro-3,4-diiodo-6-(pyrrolidin-1-yl)pyridine",C1CCN(C1)C2=NC(=C(C(=C2)I)I)F,1892,1228665-88-0,YEFDZAFDZLXQMO-UHFFFAOYSA-N,417.99,F;I,23
"2-Furoic acid, 5-(chloromethyl)-, butyl ester",CCCCOC(=O)C1=CC=C(O1)CCl,5031,21893-86-7,USECJSOQKIOKSX-UHFFFAOYSA-N,216.66,Cl,27
2-iodoterephthalic Acid,C1=CC(=C(C=C1C(=O)O)I)C(=O)O,4302,1829-22-7,LUZKKRPROWYBLR-UHFFFAOYSA-N,292.03,I,18
"2-Naphthalenecarboxamide, 3-hydroxy-N-(2-methylphenyl)-4-((2,4,5-trichlorophenyl)azo)-",CC1=CC=CC=C1NC(=O)C2=CC3=CC=CC=C3C(=C2O)N=NC4=CC(=C(C=C4Cl)Cl)Cl,11545,6535-46-2,JQNJCQYNSLCFAC-UHFFFAOYSA-N,484.8,Cl,48
"2-Naphthalenecarboxamide, 4-[(2,5-dichlorophenyl)azo]-3-hydroxy-N-(2-methoxyphenyl)-",COC1=CC=CC=C1NC(=O)C2=CC3=CC=CC=C3C(=C2O)N=NC4=C(C=CC(=C4)Cl)Cl,11276,6410-38-4,IBVDQFFVBKPVPB-UHFFFAOYSA-N,466.3,Cl,49
"2-Naphthalenecarboxamide, 4-[(2,5-dichlorophenyl)azo]-N-(2,5-dimethoxyphenyl)-3-hydroxy-",COC1=CC(=C(C=C1)OC)NC(=O)C2=CC3=CC=CC=C3C(=C2O)N=NC4=C(C=CC(=C4)Cl)Cl,11277,6410-40-8,CVRPSWGFUCJAFC-UHFFFAOYSA-N,496.3,Cl,53
"2-Naphthalenecarboxamide, 4-[(2-chlorophenyl)azo]-3-hydroxy-N-phenyl-",C1=CC=C(C=C1)NC(=O)C2=CC3=CC=CC=C3C(=C2O)N=NC4=CC=CC=C4Cl,11272,6410-26-0,XNANGTRPTFPPPE-UHFFFAOYSA-N,401.8,Cl,45
"2-Naphthalenecarboxamide, 4-[(4-chloro-2-methylphenyl)azo]-N-(2-ethoxyphenyl)-3-hydroxy-",CCOC1=CC=CC=C1NC(=O)C2=CC3=CC=CC=C3C(=C2O)N=NC4=C(C=C(C=C4)Cl)C,11602,65907-69-9,PBZAQXHQPHZWIF-UHFFFAOYSA-N,459.9,Cl,55
"2-Naphthalenecarboxamide, N-(4-chlorophenyl)-3-hydroxy-4-[(2-methyl-5-nitrophenyl)azo]-",CC1=C(C=C(C=C1)[N+](=O)[O-])N=NC2=C(C(=CC3=CC=CC=C32)C(=O)NC4=CC=C(C=C4)Cl)O,11274,6410-30-6,ITHKKUPWEBSLAJ-UHFFFAOYSA-N,460.9,Cl,50
2-Nitrobutyl bromoacetate,CCC(COC(=O)CBr)[N+](=O)[O-],7419,32815-96-6,WSJZSGQAZLMVKM-UHFFFAOYSA-N,240.05,Br,22
2-Perfluorodecyl ethanoic acid,C(C(=O)O)C(C(C(C(C(C(C(C(C(C(F)(F)F)(F)F)(F)F)(F)F)(F)F)(F)F)(F)F)(F)F)(F)F)(F)F,9569,53826-13-4,IKHNVATUHWDNGI-UHFFFAOYSA-N,578.12,F,38
"2H,2H,3H,3H-Perfluorooctanoic acid",C(CC(C(C(C(C(F)(F)F)(F)F)(F)F)(F)F)(F)F)C(=O)O,15401,914637-49-3,ABFCFCPCGMHSRX-UHFFFAOYSA-N,342.11,F,26
"2H,3H-Decafluoropentane",C(C(C(F)(F)F)F)(C(C(F)(F)F)(F)F)F,2852,138495-42-8,RIQRGMUSBYGDBL-UHFFFAOYSA-N,252.05,F,17
"2H-1,3-Benzoxazine, 6-chloro-3,4-dihydro-3-phenyl-",C1C2=C(C=CC(=C2)Cl)OCN1C3=CC=CC=C3,9282,51892-04-7,ANDMOXODDHVMFN-UHFFFAOYSA-N,245.7,Cl,29
"3,10-Dichloro-5,12-dihydroquinolino[2,3-b]acridine-7,14-dione",C1=CC2=C(C=C1Cl)NC3=CC4=C(C=C3C2=O)NC5=C(C4=O)C=CC(=C5)Cl,7760,3573-01-1,UEPOQKGAZQWGDM-UHFFFAOYSA-N,381.2,Cl,36
"3,3',4,4',5,5'-Hexabromobiphenyl",C1=C(C=C(C(=C1Br)Br)Br)C2=CC(=C(C(=C2)Br)Br)Br,10474,60044-26-0,UXOOFXUEODCAIP-UHFFFAOYSA-N,627.6,Br,22
"3,3',4,4',5,5'-Hexabromodiphenyl ether",C1=C(C=C(C(=C1Br)Br)Br)OC2=CC(=C(C(=C2)Br)Br)Br,8709,446255-18-1,JKFBMDHBJYKFKL-UHFFFAOYSA-N,643.6,Br,23
"3,3',4,4',5-Pentabromobiphenyl",C1=CC(=C(C=C1C2=CC(=C(C(=C2)Br)Br)Br)Br)Br,9955,56307-79-0,DGTPXLZCUVCFEH-UHFFFAOYSA-N,548.7,Br,22
"3,3',4,4',5-Pentabromodiphenyl ether",C1=CC(=C(C=C1OC2=CC(=C(C(=C2)Br)Br)Br)Br)Br,7873,366791-32-4,SJNIIWPIAVQNRK-UHFFFAOYSA-N,564.7,Br,23
"3,3',4,4'-Tetrabromodiphenyl ether",C1=CC(=C(C=C1OC2=CC(=C(C=C2)Br)Br)Br)Br,15616,93703-48-1,RYGLOWMCGZHYRQ-UHFFFAOYSA-N,485.79,Br,23
"3,3',4,4'-Tetrachlorobiphenyl",C1=CC(=C(C=C1C2=CC(=C(C=C2)Cl)Cl)Cl)Cl,7380,32598-13-3,UQMGJOKDKOLIDP-UHFFFAOYSA-N,292,Cl,22
"3,3',4,5'-Tetrabromodiphenyl ether",C1=CC(=C(C=C1OC2=CC(=CC(=C2)Br)Br)Br)Br,8640,446254-48-4,LELQGHJEUVRPEV-UHFFFAOYSA-N,485.79,Br,23
"3,3',4,5,5'-Pentabromodiphenyl ether",C1=C(C=C(C=C1Br)Br)OC2=CC(=C(C(=C2)Br)Br)Br,8677,446254-86-0,RATMRXKBPDCKCZ-UHFFFAOYSA-N,564.7,Br,23
"3,3',4,5-Tetrabromodiphenyl ether",C1=CC(=CC(=C1)Br)OC2=CC(=C(C(=C2)Br)Br)Br,8639,446254-45-1,HWOBLTZZSVXBOJ-UHFFFAOYSA-N,485.79,Br,23
"3,3',4,5-Tetrachlorobiphenyl",C1=CC(=CC(=C1)Cl)C2=CC(=C(C(=C2)Cl)Cl)Cl,12764,70362-49-1,SXFLURRQRFKBNN-UHFFFAOYSA-N,292,Cl,22
"3,3',5,5'-Tetrabromodiphenyl ether",C1=C(C=C(C=C1Br)Br)OC2=CC(=CC(=C2)Br)Br,403,103173-66-6,HFIOZJQRZKNPKJ-UHFFFAOYSA-N,485.79,Br,23
"3,3',5,5'-Tetrachlorobiphenyl",C1=C(C=C(C=C1Cl)Cl)C2=CC(=CC(=C2)Cl)Cl,2091,12672-29-6,UTMWFJSRHLYRPY-UHFFFAOYSA-N,292,Cl,22
"3,3',5-Trichlorobiphenyl",C1=CC(=CC(=C1)Cl)C2=CC(=CC(=C2)Cl)Cl,2095,12674-11-2,RIBGNAJQTOXRDK-UHFFFAOYSA-N,257.5,Cl,22
"3,3'-[(2-Methyl-1,3-phenylene)diimino]bis[4,5,6,7-tetrachloro-1H-isoindol-1-one]",CC1=C(C=CC=C1N=C2C3=C(C(=C(C(=C3Cl)Cl)Cl)Cl)C(=O)N2)N=C4C5=C(C(=C(C(=C5Cl)Cl)Cl)Cl)C(=O)N4,9078,5045-40-9,WZSFTHVIIGGDOI-UHFFFAOYSA-N,655.9,Cl,45
"3,3'-Dibromobisphenol A",CC(C)(C1=CC(=C(C=C1)O)Br)C2=CC(=C(C=C2)O)Br,6863,29426-78-6,CKNCVRMXCLUOJI-UHFFFAOYSA-N,386.08,Br,33
"3,3'-Dibromodiphenyl ether",C1=CC(=CC(=C1)Br)OC2=CC(=CC=C2)Br,12592,6903-63-5,ALSVFJIXSNRBLE-UHFFFAOYSA-N,328,Br,23
"3,3'-Dichlorobenzidine",C1=CC(=C(C=C1C2=CC(=C(C=C2)N)Cl)Cl)N,15351,91-94-1,HUWXDEQWWKGHRV-UHFFFAOYSA-N,253.12,Cl,26
"3,3'-Dichlorobiphenyl",C1=CC(=CC(=C1)Cl)C2=CC(=CC=C2)Cl,4771;9847,2050-67-1;55600-34-5,KTXUOWUHFLBZPW-UHFFFAOYSA-N,223.09,Cl,22
"3,3,3-Trifluoro-2-(trifluoromethyl)propene",C=C(C(F)(F)F)C(F)(F)F,8053,382-10-5,QMIWYOZFFSLIAK-UHFFFAOYSA-N,164.05,F,12
"3,3,3-Trifluoropropene",C=CC(F)(F)F,11778,677-21-4,FDMFUZHCIRHGRG-UHFFFAOYSA-N,96.05,F,9
"3,3,3-Trifluoropropyl prop-2-enoate",C=CC(=O)OCCC(F)(F)F,11579,65605-70-1,NWBWGFFZPIVONT-UHFFFAOYSA-N,168.11,F,18
"3,3,4,4,4-Pentafluoro-2,2-bis(pentafluoroethyl)butanoic acid",C(=O)(C(C(C(F)(F)F)(F)F)(C(C(F)(F)F)(F)F)C(C(F)(F)F)(F)F)O,4401,1882109-58-1,KMHDVPWWYHOSMO-UHFFFAOYSA-N,414.07,F,26
"3,3,4,4,4-Pentafluoro-2-(1,1,1,2,3,3,3-heptafluoropropan-2-yl)-2-(trifluoromethyl)butanoic acid",C(=O)(C(C(C(F)(F)F)(C(F)(F)F)F)(C(C(F)(F)F)(F)F)C(F)(F)F)O,4402,1882109-59-2,TZIYPPGHIRPIHL-UHFFFAOYSA-N,414.07,F,26
"3,3,4,4,5,5,5-Heptafluoro-2-(pentafluoroethyl)-2-(trifluoromethyl)pentanoic acid",C(=O)(C(C(C(C(F)(F)F)(F)F)(F)F)(C(C(F)(F)F)(F)F)C(F)(F)F)O,4406,1882109-63-8,URRHYEJOULCMJO-UHFFFAOYSA-N,414.07,F,26
"3,3,4,4,5,5,6,6,6-Nonafluoro-1-hexene",C=CC(C(C(C(F)(F)F)(F)F)(F)F)(F)F,4564,19430-93-4,GVEUEBXMTMZVSD-UHFFFAOYSA-N,246.07,F,18
"3,3,4,4,5,5,6,6,6-Nonafluoro-2,2-bis(trifluoromethyl)hexanoic acid",C(=O)(C(C(C(C(C(F)(F)F)(F)F)(F)F)(F)F)(C(F)(F)F)C(F)(F)F)O,4246,1812247-17-8,RSKSDKSQFDVCFE-UHFFFAOYSA-N,414.07,F,26
"3,3,4,4,5,5,6,6,7,7,8,8,8-Tridecafluorooctan-1-ol",C(CO)C(C(C(C(C(C(F)(F)F)(F)F)(F)F)(F)F)(F)F)(F)F,11415,647-42-7,GRJRKPMIRMSBNK-UHFFFAOYSA-N,364.1,F,27
"3,3,4,4,5,5,6,6,7,7,8,8,8-Tridecafluorooctanoic acid",C(C(=O)O)C(C(C(C(C(C(F)(F)F)(F)F)(F)F)(F)F)(F)F)(F)F,9568,53826-12-3,LRWIIEJPCFNNCZ-UHFFFAOYSA-N,378.09,F,26
"3,3,4,4,5,5,6,6,7,7,8,8,8-Tridecafluorooctyl acrylate",C=CC(=O)OCCC(C(C(C(C(C(F)(F)F)(F)F)(F)F)(F)F)(F)F)(F)F,4127,17527-29-6,VPKQPPJQTZJZDB-UHFFFAOYSA-N,418.15,F,33
"3,3,4,4,5,5,6,6,7,7,8,8,9,9,10,10,10-Heptadecafluorodecyl acrylate",C=CC(=O)OCCC(C(C(C(C(C(C(C(F)(F)F)(F)F)(F)F)(F)F)(F)F)(F)F)(F)F)(F)F,6594,27905-45-9,QUKRIOLKOHUUBM-UHFFFAOYSA-N,518.17,F,39
"3,3,4,4,5,5,6,6,7,7,8,8,9,9,10,10,10-Heptadecafluorodecyl methacrylate",CC(=C)C(=O)OCCC(C(C(C(C(C(C(C(F)(F)F)(F)F)(F)F)(F)F)(F)F)(F)F)(F)F)(F)F,4657,1996-88-9,HBZFBSFGXQBQTB-UHFFFAOYSA-N,532.19,F,42
"3,3,4,4,5,5,6,6,7,7,8,8,9,9,10,10,11,12,12,12-Icosafluoro-11-(trifluoromethyl)dodecyl methacrylate",CC(=C)C(=O)OCCC(C(C(C(C(C(C(C(C(C(F)(F)F)(C(F)(F)F)F)(F)F)(F)F)(F)F)(F)F)(F)F)(F)F)(F)F)(F)F,13260,74256-14-7,PVMWMBHAEVDBQR-UHFFFAOYSA-N,682.21,F,51
"3,3,4,5,5,5-Hexafluoro-2,2,4-tris(trifluoromethyl)pentanoic acid",C(=O)(C(C(C(C(F)(F)F)(C(F)(F)F)F)(F)F)(C(F)(F)F)C(F)(F)F)O,4413,1882109-70-7,UYKWRMHTULSOPZ-UHFFFAOYSA-N,414.07,F,26
"3,3-Bis(chloromethyl)oxetane",C1C(CO1)(CCl)CCl,13971,78-71-7,CXURGFRDGROIKG-UHFFFAOYSA-N,155.02,Cl,16
"3,3-Bis(trifluoromethyl)-2-fluoro-2-(pentafluoroethyl)oxirane",C1(C(O1)(C(C(F)(F)F)(F)F)F)(C(F)(F)F)C(F)(F)F,14021,788-67-0,NOESGFSFSJKFIF-UHFFFAOYSA-N,316.04,F,19
"3,3-Dichloro-1,1,1,2,2-pentafluoropropane",C(C(C(F)(F)F)(F)F)(Cl)Cl,8454,422-56-0,COAUHYBSXMIJDK-UHFFFAOYSA-N,202.93,Cl;F,11
"3,4'-Dibromodiphenyl ether",C1=CC(=CC(=C1)Br)OC2=CC=C(C=C2)Br,14416,83694-71-7,BGPOVBPKODCMMN-UHFFFAOYSA-N,328,Br,23
"3,4'-Dichlorobiphenyl",C1=CC(=CC(=C1)Cl)C2=CC=C(C=C2)Cl,6904,2974-90-5,CJDNEKOMKXLSBN-UHFFFAOYSA-N,223.09,Cl,22
"3,4,4',5-Tetrabromodiphenyl ether",C1=CC(=CC=C1OC2=CC(=C(C(=C2)Br)Br)Br)Br,8641,446254-50-8,ULFOIXCXIWHJDS-UHFFFAOYSA-N,485.79,Br,23
"3,4,4',5-Tetrachlorobiphenyl",C1=CC(=CC=C1C2=CC(=C(C(=C2)Cl)Cl)Cl)Cl,12765,70362-50-4,BHWVLZJTVIYLIV-UHFFFAOYSA-N,292,Cl,22
"3,4,4'-Tribromodiphenyl ether",C1=CC(=CC=C1OC2=CC(=C(C=C2)Br)Br)Br,3232,147217-81-0,YALAYFVVZFORPV-UHFFFAOYSA-N,406.89,Br,23
"3,4,4'-Trichlorobiphenyl",C1=CC(=CC=C1C2=CC(=C(C=C2)Cl)Cl)Cl,8088,38444-90-5,YZANRISAORXTHU-UHFFFAOYSA-N,257.5,Cl,22
"3,4,4,5,5,5-Hexafluoro-2,2,3-tris(trifluoromethyl)pentanoic acid",C(=O)(C(C(C(C(F)(F)F)(F)F)(C(F)(F)F)F)(C(F)(F)F)C(F)(F)F)O,4412,1882109-69-4,UROAJJYOWOISMM-UHFFFAOYSA-N,414.07,F,26
"3,4,4,5,5,6,6,7,7,8,8,8-Dodecafluorooct-2-enoic acid",C(=C(C(C(C(C(C(F)(F)F)(F)F)(F)F)(F)F)(F)F)F)C(=O)O,12832,70887-88-6,BKOBFLVYTXYFQZ-UHFFFAOYSA-N,358.08,F,24
"3,4,4,5,5,6,6,7,7,8,8,9,9,10,10,10-Hexadecafluorodec-2-enoic acid",C(=C(C(C(C(C(C(C(C(F)(F)F)(F)F)(F)F)(F)F)(F)F)(F)F)(F)F)F)C(=O)O,12831,70887-84-2,WHZXTVOEGZRRJM-UHFFFAOYSA-N,458.1,F,30
"3,4,5,6-Tetrachloro-N-[2-(4,5,6,7-tetrachloro-2,3-dihydro-1,3-dioxo-1H-inden-2-yl)-8-quinolyl]phthalimide",C1=CC2=C(C(=C1)N3C(=O)C4=C(C3=O)C(=C(C(=C4Cl)Cl)Cl)Cl)N=C(C=C2)C5C(=O)C6=C(C5=O)C(=C(C(=C6Cl)Cl)Cl)Cl,6982,30125-47-4,ZEHOVWPIGREOPO-UHFFFAOYSA-N,693.9,Cl,46
"3,4,5-Tribromodiphenyl ether",C1=CC=C(C=C1)OC2=CC(=C(C(=C2)Br)Br)Br,7544,337513-54-9,DPGVQKLGQZZLMI-UHFFFAOYSA-N,406.89,Br,23
"3,4,5-Tribromophenol",C1=C(C=C(C(=C1Br)Br)Br)O,1405,116434-90-3,KAVNMOZXRFSVPM-UHFFFAOYSA-N,330.8,Br,13
"3,4-Dibromodiphenyl ether",C1=CC=C(C=C1)OC2=CC(=C(C=C2)Br)Br,4451,189084-59-1,SUUJFDKVPDCZQZ-UHFFFAOYSA-N,328,Br,23
"3,4-Dibromophenol",C1=CC(=C(C=C1O)Br)Br,10662,615-56-5,KYZSNVXYOQKZAK-UHFFFAOYSA-N,251.9,Br,13
"3,4-Dichloroaniline",C1=CC(=C(C=C1N)Cl)Cl,15771,95-76-1,SDYWXFYBZPNOFX-UHFFFAOYSA-N,162.01,Cl,14
"3,4-Dichlorobenzyl chloride",C1=CC(=C(C=C1CCl)Cl)Cl,288,102-47-6,YZIFVWOCPGPNHB-UHFFFAOYSA-N,195.5,Cl,15
"3,4-Dichlorobiphenyl",C1=CC=C(C=C1)C2=CC(=C(C=C2)Cl)Cl,6905,2974-92-7,ZGHQUYZPMWMLBM-UHFFFAOYSA-N,223.09,Cl,22
"3,4-Dichlorophenyl isocyanate",C1=CC(=C(C=C1N=C=O)Cl)Cl,285,102-36-3,MFUVCHZWGSJKEQ-UHFFFAOYSA-N,188.01,Cl,14
"3,4-Dichlorotoluene",CC1=CC(=C(C=C1)Cl)Cl,15770,95-75-0,WYUIWKFIFOJVKW-UHFFFAOYSA-N,161.03,Cl,15
"3,5,5-Trimethylhexanoyl chloride",CC(CC(=O)Cl)CC(C)(C)C,7877,36727-29-4,GEKPNPPFAYJZRD-UHFFFAOYSA-N,176.68,Cl,28
"3,5-Dibromophenol",C1=C(C=C(C=C1Br)Br)O,16135,626-41-5,PZFMWYNHJFZBPO-UHFFFAOYSA-N,251.9,Br,13
"3,5-Dichloro-4-(1,1,2,2-tetrafluoroethoxy)aniline",C1=C(C=C(C(=C1Cl)OC(C(F)F)(F)F)Cl)N,512,104147-32-2,JIPDPVQPKLVDIU-UHFFFAOYSA-N,278.03,Cl;F,21
"3,5-Dichloroaniline",C1=C(C=C(C=C1Cl)Cl)N,10981,626-43-7,UQRLKWGPEVNVHT-UHFFFAOYSA-N,162.01,Cl,14
"3,5-Dichlorobiphenyl",C1=CC=C(C=C1)C2=CC(=CC(=C2)Cl)Cl,7668,34883-41-5,QHZSDTDMQZPUKC-UHFFFAOYSA-N,223.09,Cl,22
"3,5-Dichlorophenol",C1=C(C=C(C=C1Cl)Cl)O,10332,591-35-5,VPOMSPZBQMDLTM-UHFFFAOYSA-N,163,Cl,13
"3-((4-((2,6-Dibromo-4-nitrophenyl)azo)phenyl)ethylamino)propiononitrile",CCN(CCC#N)C1=CC=C(C=C1)N=NC2=C(C=C(C=C2Br)[N+](=O)[O-])Br,9788,55281-26-0,MWMJPPMTXZJLIK-UHFFFAOYSA-N,481.1,Br,41
"3-((5-Amino-2-chlorophenyl)amino)-1-(2,4,6-trichlorophenyl)-1H-pyrazol-5(4H)-one",C1C(=NC2=C(C=CC(=C2)N)Cl)NN(C1=O)C3=C(C=C(C=C3Cl)Cl)Cl,9520,53411-33-9,LDWDFXXBUGPHRO-UHFFFAOYSA-N,404.1,Cl,34
3-(1-(Difluoro((trifluorovinyl)oxy)methyl)tetrafluoroethoxy)tetrafluoropropionitrile,C(#N)C(C(OC(C(OC(=C(F)F)F)(F)F)(C(F)(F)F)F)(F)F)(F)F,12680,69804-19-9,LYIPDZSLYLDLCU-UHFFFAOYSA-N,389.07,F,24
3-(5-Chlorobenzoxazol-2-yl)-7-diethylaminocoumarin,CCN(CC)C1=CC2=C(C=C1)C=C(C(=O)O2)C3=NC4=C(O3)C=CC(=C4)Cl,7764,35773-43-4,CBNSBRVOBGWOBM-UHFFFAOYSA-N,368.8,Cl,43
"3-(Bicyclo[2.2.1]hept-5-EN-2-YL)-1,1,1-trifluoro-2-(trifluoromethyl)propan-2-OL",C1C2CC(C1C=C2)CC(C(F)(F)F)(C(F)(F)F)O,4599,196314-61-1,NIQLOLNJWXWZHX-UHFFFAOYSA-N,274.2,F,30
3-(Chloromethyl)heptane,CCCCC(CC)CCl,1900,123-04-6,WLVCBAMXYMWGLJ-UHFFFAOYSA-N,148.67,Cl,26
3-(Trifluoromethyl)aniline,C1=CC(=CC(=C1)N)C(F)(F)F,15992,98-16-8,VIUDTWATMPPKEL-UHFFFAOYSA-N,161.12,F,17
"3-[(4-Chloro-2-nitrophenyl)azo]-2-methylpyrazolo[5,1-b]quinazolin-9(1H)-one",CC1=C(C2=NC3=CC=CC=C3C(=O)N2N1)N=NC4=C(C=C(C=C4)Cl)[N+](=O)[O-],13266,74336-59-7,XJYVVHWZCYUMQY-UHFFFAOYSA-N,382.8,Cl,38
"3-[2,6-Difluoro-4-[4-(4-propylcyclohexyl)cyclohexyl]phenoxy]propyl prop-2-enoate",CCCC1CCC(CC1)C2CCC(CC2)C3=CC(=C(C(=C3)F)OCCCOC(=O)C=C)F,5897,255386-69-7,ASAKUAYZQZYEHO-UHFFFAOYSA-N,448.6,F,70
3-[[4-[(2-Chloro-4-nitrophenyl)azo]phenyl]ethylamino]propiononitrile,CCN(CCC#N)C1=CC=C(C=C1)N=NC2=C(C=C(C=C2)[N+](=O)[O-])Cl,8312,40880-51-1,NPBDWXMKLFBNIW-UHFFFAOYSA-N,357.8,Cl,41
"3-Bromo-2,2-bis(bromomethyl)propanol",C(C(CBr)(CBr)CBr)O,3406;7850,1522-92-5;36483-57-5,QEJPOEGPNIVDMK-UHFFFAOYSA-N,324.84,Br,18
3-Bromo-p-terphenyl,C1=CC=C(C=C1)C2=CC=C(C=C2)C3=CC(=CC=C3)Br,4151,1762-87-4,JJKJPQMYYSMPBE-UHFFFAOYSA-N,309.2,Br,32
3-Bromobiphenyl,C1=CC=C(C=C1)C2=CC(=CC=C2)Br,4890,2113-57-7,USYQKCQEVBFJRP-UHFFFAOYSA-N,233.1,Br,22
3-Bromophenol,C1=CC(=CC(=C1)Br)O,16132,591-20-8,MNOJRWOWILAHAV-UHFFFAOYSA-N,173.01,Br,13
"3-Chloro-1,1,1-trifluoro-3-methylbutane",CC(C)(CC(F)(F)F)Cl,7701,352-46-5,NLNXDLJMRFTNPX-UHFFFAOYSA-N,160.56,Cl;F,17
"3-Chloro-1,1,1-trifluoropropane",C(CCl)C(F)(F)F,8806,460-35-5,ZPIFKCVYZBVZIV-UHFFFAOYSA-N,132.51,Cl;F,11
"3-Chloro-1,2-propanediol",C(C(CCl)O)O,15874,96-24-2,SSZWWUDQMAHNAQ-UHFFFAOYSA-N,110.54,Cl,13
3-Chloro-2-hydroxypropyl methacrylate,CC(=C)C(=O)OCC(CCl)O,2350,13159-52-9,DDKMFQGAZVMXQV-UHFFFAOYSA-N,178.61,Cl,22
3-Chloro-2-methylaniline,CC1=C(C=CC=C1Cl)N,14783,87-60-5,ZUVPLKVDZNDZCM-UHFFFAOYSA-N,141.6,Cl,17
3-Chloro-2-methylpropene,CC(=C)CCl,9951,563-47-3,OHXAOPZTJOUYKM-UHFFFAOYSA-N,90.55,Cl,12
3-Chloro-4-fluoroaniline,C1=CC(=C(C=C1N)Cl)F,7876,367-21-5,YSEMCVGMNUUNRK-UHFFFAOYSA-N,145.56,Cl;F,14
3-Chloroaniline,C1=CC(=CC(=C1)Cl)N,863,108-42-9,PNPCRKVUWYDDST-UHFFFAOYSA-N,127.57,Cl,14
3-Chlorobenzophenone,C1=CC=C(C=C1)C(=O)C2=CC(=CC=C2)Cl,252,1016-78-0,CPLWKNRPZVNELG-UHFFFAOYSA-N,216.66,Cl,24
3-Chlorobiphenyl,C1=CC=C(C=C1)C2=CC(=CC=C2)Cl,1134,11104-28-2,NMWSKOLWZZWHPL-UHFFFAOYSA-N,188.65,Cl,22
3-Chlorophthalic anhydride,C1=CC2=C(C(=C1)Cl)C(=O)OC2=O,1418,117-21-5,UERPUZBSSSAZJE-UHFFFAOYSA-N,182.56,Cl,15
3-Chloropropionitrile,C(CCl)C#N,9638,542-76-7,GNHMRTZZNHZDDM-UHFFFAOYSA-N,89.52,Cl,9
3-Chlorotoluene,CC1=CC(=CC=C1)Cl,862,108-41-8,OSOUNOBYRMOXQQ-UHFFFAOYSA-N,126.58,Cl,15
3-Cyclohexene-1-carbonyl chloride,C1CC(CC=C1)C(=O)Cl,15578,932-67-2,CXWMHIRIXVNVQN-UHFFFAOYSA-N,144.6,Cl,18
"3-Fluoro-4-[1-hydroxy-2-(propan-2-ylamino)ethyl]benzene-1,2-diol",CC(C)NCC(C1=C(C(=C(C=C1)O)O)F)O,10635,61338-98-5,KEYFTYUBFSDBRW-UHFFFAOYSA-N,229.25,F,32
"3-Iodo-1,1,2,2-tetrafluoropropyl trifluorovinyl ether",C(C(C(OC(=C(F)F)F)(F)F)(F)F)I,693,106108-22-9,XXRDNYJWRWNIMR-UHFFFAOYSA-N,337.96,F;I,16
3-Iodo-2-propynyl butylcarbamate,CCCCNC(=O)OCC#CI,9818,55406-53-6,WYVVKGNFXHOCQV-UHFFFAOYSA-N,281.09,I,24
"3-Pyridinecarbonitrile, 1-butyl-5-[(4-chloro-2-nitrophenyl)azo]-1,6-dihydro-2-hydroxy-4-methyl-6-oxo-",CCCCN1C(=C(C(=C(C1=O)N=NC2=C(C=C(C=C2)Cl)[N+](=O)[O-])C)C#N)O,14421,83748-28-1,GCEKBFALPSNSRO-UHFFFAOYSA-N,389.8,Cl,43
"3-Pyridinecarbonitrile, 4-methyl-2,6-bis((4-methylphenyl)amino)-5-((2-(trifluoromethyl)phenyl)azo)-",CC1=CC=C(C=C1)NC2=C(C(=C(C(=N2)NC3=CC=C(C=C3)C)C#N)C)N=NC4=CC=CC=C4C(F)(F)F,11711,669005-94-1,FOICTPKVVFHDJU-UHFFFAOYSA-N,500.5,F,60
"3-Pyridinecarbonitrile, 5-[(4-chloro-2-nitrophenyl)azo]-1,6-dihydro-2-hydroxy-4-methyl-6-oxo-1-propyl-",CCCN1C(=C(C(=C(C1=O)N=NC2=C(C=C(C=C2)Cl)[N+](=O)[O-])C)C#N)O,14420,83748-27-0,YOXAAGNCYGONKU-UHFFFAOYSA-N,375.76,Cl,40
"4',5'-Dibromofluorescein",C1=CC=C2C(=C1)C(=O)OC23C4=C(C(=C(C=C4)O)Br)OC5=C3C=CC(=C5Br)O,10399,596-03-2,ZDTNHRWWURISAA-UHFFFAOYSA-N,490.1,Br,37
4'-Acetamido-2-[(5-carbamoyl-2-chlorophenyl)azo]acetoacetanilide,CC(=O)C(C(=O)NC1=CC=C(C=C1)NC(=O)C)N=NC2=C(C=CC(=C2)C(=O)N)Cl,6992,30191-02-7,OZMMPFKPKJORTG-UHFFFAOYSA-N,415.8,Cl,47
4'-Chloropropiophenone,CCC(=O)C1=CC=C(C=C1)Cl,11020,6285-05-8,ADCYRBXQAJXJTD-UHFFFAOYSA-N,168.62,Cl,20
"4,10-Dibromoanthanthrone",C1=CC2=C(C=C3C4=C2C(=C1)C(=O)C5=CC(=C6C=CC=C(C6=C54)C3=O)Br)Br,8574,4378-61-4,HTENFZMEHKCNMD-UHFFFAOYSA-N,464.1,Br,34
"4,11-Dichloro-5,12-dihydroquino[2,3-b]acridine-7,14-dione",C1=CC2=C(C(=C1)Cl)NC3=CC4=C(C=C3C2=O)NC5=C(C4=O)C=CC=C5Cl,7148,3089-16-5,BFEJTCHFLJECJN-UHFFFAOYSA-N,381.2,Cl,36
"4,4''-Dibromo-p-terphenyl",C1=CC(=CC=C1C2=CC=C(C=C2)Br)C3=CC=C(C=C3)Br,4181,17788-94-2,VAIPJQIPFPRJKJ-UHFFFAOYSA-N,388.1,Br,32
"4,4'-((3,3'-Dichloro(1,1'-biphenyl)-4,4'-diyl)bis(azo))bis(2,4-dihydro-5-methyl-2-(p-tolyl)-3H-pyrazol-3-one)",CC1=CC=C(C=C1)N2C(=O)C(C(=N2)C)N=NC3=C(C=C(C=C3)C4=CC(=C(C=C4)N=NC5C(=NN(C5=O)C6=CC=C(C=C6)C)C)Cl)Cl,3594,15793-73-4,UIBAAMBCJDNDSQ-UHFFFAOYSA-N,651.5,Cl,74
"4,4'-Bis(2-hydroxyhexafluoroisopropyl)diphenyl ether",C1=CC(=CC=C1C(C(F)(F)F)(C(F)(F)F)O)OC2=CC=C(C=C2)C(C(F)(F)F)(C(F)(F)F)O,4853,2093-04-1,PRBPSTYDUVSNOK-UHFFFAOYSA-N,502.2,F,43
"4,4'-Bis(chloromethyl)-1,1'-biphenyl",C1=CC(=CC=C1CCl)C2=CC=C(C=C2)CCl,3895,1667-10-3,INZDTEICWPZYJM-UHFFFAOYSA-N,251.1,Cl,28
"4,4'-Dibromo-2,2',3,3'-tetrahydro-1,1'-spirobi[indene]-7,7'-diol",C1CC2(CCC3=C(C=CC(=C32)O)Br)C4=C(C=CC(=C41)Br)O,11989,681481-91-4,OZVMVFKUNSNXQC-UHFFFAOYSA-N,410.1,Br,35
"4,4'-Dibromobiphenyl",C1=CC(=CC=C1C2=CC=C(C=C2)Br)Br,15458,92-86-4,HQJQYILBCQPYBI-UHFFFAOYSA-N,312,Br,22
"4,4'-Dichlormethyl-bibenzyl",C1=CC(=CC=C1CCC2=CC=C(C=C2)CCl)CCl,8041,38058-86-5,CHSOWRCULULXEF-UHFFFAOYSA-N,279.2,Cl,34
"4,4'-Dichlorobiphenyl",C1=CC(=CC=C1C2=CC=C(C=C2)Cl)Cl,4772,2050-68-2,YTBRNEUEFCNVHC-UHFFFAOYSA-N,223.09,Cl,22
"4,4'-Difluorobenzophenone",C1=CC(=CC=C1C(=O)C2=CC=C(C=C2)F)F,7628,345-92-6,LSQARZALBDFYQZ-UHFFFAOYSA-N,218.2,F,24
"4,4'-Isopropylidenebis[2-(2,6-dibromophenoxy)ethanol]",CC(C)(C1=CC(=C(C(=C1)Br)OCCO)Br)C2=CC(=C(C(=C2)Br)OCCO)Br,8394,4162-45-2,RVHUMFJSCJBNGS-UHFFFAOYSA-N,632,Br,47
"4,4'-Methylenebis(2-chloroaniline)",C1=CC(=C(C=C1CC2=CC(=C(C=C2)N)Cl)Cl)N,153,101-14-4,IBOFVQJTBBUKMU-UHFFFAOYSA-N,267.15,Cl,29
"4,4,4-Trifluoro-2,2,3,3-tetrakis(trifluoromethyl)butanoic acid",C(=O)(C(C(C(F)(F)F)(C(F)(F)F)C(F)(F)F)(C(F)(F)F)C(F)(F)F)O,4405,1882109-62-7,YAMSANNBBMRZIT-UHFFFAOYSA-N,414.07,F,26
"4,4,5,5,6,6,7,7,8,8,9,9,9-Tridecafluorononyl 2-methylprop-2-enoate",CC(=C)C(=O)OCCCC(C(C(C(C(C(F)(F)F)(F)F)(F)F)(F)F)(F)F)(F)F,1890,1228350-17-1,AIIUJTLQIOPZBE-UHFFFAOYSA-N,446.2,F,39
"4,5-Epoxy-1,1,2,3,3,4,5,5-octafluoropent-1-ene",C(=C(F)F)(C(C1(C(O1)(F)F)F)(F)F)F,3456,15453-08-4,ZHOFEJCLMUIOIW-UHFFFAOYSA-N,228.04,F,14
"4-((2,5-Dichlorophenyl)azo)-N-(2,3-dihydro-2-oxo-1H-benzimidazol-5-yl)-3-hydroxynaphthalene-2-carboxamide",C1=CC=C2C(=C1)C=C(C(=C2N=NC3=C(C=CC(=C3)Cl)Cl)O)C(=O)NC4=CC5=C(C=C4)NC(=O)N5,12692,6992-11-6,NAEXAHVLTQKKCY-UHFFFAOYSA-N,492.3,Cl,49
"4-((2,5-Dichlorophenyl)azo)-N-(2-ethoxyphenyl)-3-hydroxynaphthalene-2-carboxamide",CCOC1=CC=CC=C1NC(=O)C2=CC3=CC=CC=C3C(=C2O)N=NC4=C(C=CC(=C4)Cl)Cl,11164,6358-48-1,UVVPXDIKEOWIMC-UHFFFAOYSA-N,480.3,Cl,52
"4-(5-Chloro-2H-benzo[d][1,2,3]triazol-2-yl)-3-hydroxyphenyl benzoate",C1=CC=C(C=C1)C(=O)OC2=CC(=C(C=C2)N3N=C4C=CC(=CC4=N3)Cl)O,3962,169198-72-5,HWSDZRBDEVTBSM-UHFFFAOYSA-N,365.8,Cl,38
4-(Trifluoroacetyl)benzoic acid,C1=CC(=CC=C1C(=O)C(F)(F)F)C(=O)O,10287,58808-59-6,WLTZCRCZDLLXQP-UHFFFAOYSA-N,218.13,F,20
"4-[(2,5-Dichlorophenyl)azo]-3-hydroxy-N-phenylnaphthalene-2-carboxamide",C1=CC=C(C=C1)NC(=O)C2=CC3=CC=CC=C3C(=C2O)N=NC4=C(C=CC(=C4)Cl)Cl,10514,6041-94-7,HXJSTOXKASOAQW-UHFFFAOYSA-N,436.3,Cl,45
4-[(2-Chloro-4-nitrophenyl)azo]-N-ethyl-n-[2-[1-(2-methylpropoxy)ethoxy]ethyl]aniline,CCN(CCOC(C)OCC(C)C)C1=CC=C(C=C1)N=NC2=C(C=C(C=C2)[N+](=O)[O-])Cl,14709,85750-13-6,VWRRSPVNTFSBNV-UHFFFAOYSA-N,448.9,Cl,60
"4-[(E)-2-(2,5-dichlorophenyl)-1-diazenyl]-5-methyl-2-phenyl-2,4-dihydro-3H-pyrazol-3-one",CC1=NN(C(=O)C1N=NC2=C(C=CC(=C2)Cl)Cl)C3=CC=CC=C3,11261,6407-75-6,SYIDJAUAPDQFRN-UHFFFAOYSA-N,347.2,Cl,35
"4-[[5-[[[4-(aminocarbonyl)phenyl]amino]carbonyl]-2-methoxyphenyl]azo]-N-(5-chloro-2,4-dimethoxyphenyl)-3-hydroxynaphthalene-2-carboxamide",COC1=C(C=C(C=C1)C(=O)NC2=CC=C(C=C2)C(=O)N)N=NC3=C(C(=CC4=CC=CC=C43)C(=O)NC5=CC(=C(C=C5OC)OC)Cl)O,10391,59487-23-9,DZYFEMTUCDZMSP-UHFFFAOYSA-N,654.1,Cl,75
4-Bromo-p-terphenyl,C1=CC=C(C=C1)C2=CC=C(C=C2)C3=CC=C(C=C3)Br,4150,1762-84-1,XNBGHWRYLJOQAU-UHFFFAOYSA-N,309.2,Br,32
4-Bromoanisole,COC1=CC=C(C=C1)Br,504,104-92-7,QJPJQTDYNZXKQF-UHFFFAOYSA-N,187.03,Br,16
4-Bromophenol,C1=CC(=CC=C1O)Br,16138,106-41-2,GZFGOTFRPZRKDS-UHFFFAOYSA-N,173.01,Br,13
"4-Chloro-2,5-dimethoxyaniline",COC1=CC(=C(C=C1N)OC)Cl,11165,6358-64-1,YGUFQYGSBVXPMC-UHFFFAOYSA-N,187.62,Cl,22
4-Chloro-2-(trifluoromethyl)aniline,C1=CC(=C(C=C1Cl)C(F)(F)F)N,8604,445-03-4,CVINWVPRKDIGLL-UHFFFAOYSA-N,195.57,Cl;F,17
4-Chloro-2-methylaniline,CC1=C(C=CC(=C1)Cl)N,15767,95-69-2,CXNVOWPRHWWCQR-UHFFFAOYSA-N,141.6,Cl,17
4-Chloro-2-methylbutan-2-ol,CC(C)(CCCl)O,4643,1985-88-2,IODFUQIUARVWJV-UHFFFAOYSA-N,122.59,Cl,18
4-Chloro-2-nitroaniline,C1=CC(=C(C=C1Cl)[N+](=O)[O-])N,14925,89-63-4,PBGKNXWGYQPUJK-UHFFFAOYSA-N,172.57,Cl,16
"4-Chloro-3,5-dimethylanisole",CC1=CC(=CC(=C1Cl)C)OC,12681,6981-15-3,XPKNQQCTKKHCHV-UHFFFAOYSA-N,170.63,Cl,22
4-Chloro-3-methylphenol,CC1=C(C=CC(=C1)O)Cl,10309,59-50-7,CFKMVGJGLGKFKI-UHFFFAOYSA-N,142.58,Cl,16
4-Chloro-4'-hydroxybenzophenone,C1=CC(=CC=C1C(=O)C2=CC=C(C=C2)Cl)O,8437,42019-78-3,RUETVLNXAGWCDS-UHFFFAOYSA-N,232.66,Cl,25
4-Chloroaniline,C1=CC(=CC=C1N)Cl,656,106-47-8,QSNSCYSYFYORTR-UHFFFAOYSA-N,127.57,Cl,14
4-Chlorobenzonitrile,C1=CC(=CC=C1C#N)Cl,10926,623-03-0,GJNGXPDXRVXSEH-UHFFFAOYSA-N,137.56,Cl,13
4-Chlorobenzophenone,C1=CC=C(C=C1)C(=O)C2=CC=C(C=C2)Cl,2566,134-85-0,UGVRJVHOJNYEHR-UHFFFAOYSA-N,216.66,Cl,24
4-Chlorobenzotrifluoride,C1=CC(=CC=C1C(F)(F)F)Cl,16001,98-56-6,QULYNCCPRWKEMF-UHFFFAOYSA-N,180.55,Cl;F,15
4-Chlorobenzyl alcohol,C1=CC(=CC=C1CO)Cl,14821,873-76-7,PTHGDVCPCZKZKR-UHFFFAOYSA-N,142.58,Cl,16
4-Chlorobiphenyl,C1=CC=C(C=C1)C2=CC=C(C=C2)Cl,4778,2051-62-9,FPWNLURCHDRMHC-UHFFFAOYSA-N,188.65,Cl,22
4-Chlorophenyl acrylate,C=CC(=O)OC1=CC=C(C=C1)Cl,2732,13633-87-9,IGHDIBHFCIOXGK-UHFFFAOYSA-N,182.6,Cl,19
4-Chlorophenyl isocyanate,C1=CC(=CC=C1N=C=O)Cl,482,104-12-1,ADAKRBAJFHTIEW-UHFFFAOYSA-N,153.56,Cl,14
4-Chlorophthalic anhydride,C1=CC2=C(C=C1Cl)C(=O)OC2=O,1455,118-45-6,BTTRMCQEPDPCPA-UHFFFAOYSA-N,182.56,Cl,15
4-Chlorotoluene,CC1=CC=C(C=C1)Cl,653,106-43-4,NPDACUSDTOMAMK-UHFFFAOYSA-N,126.58,Cl,15
"4-Fluorobenzene-1,3-diamine",C1=CC(=C(C=C1N)N)F,10987,6264-67-1,QNDFYLBDUWCFJO-UHFFFAOYSA-N,126.13,F,16
4-Fluorotoluene,CC1=CC=C(C=C1)F,7700,352-32-9,WRWPPGUCZBJXKX-UHFFFAOYSA-N,110.13,F,15
4-Iodophenol,C1=CC(=CC=C1O)I,9596,540-38-5,VSMDINRNYYEDRN-UHFFFAOYSA-N,220.01,I,13
4-Morpholinecarbonyl chloride,C1COCCN1C(=O)Cl,3383,15159-40-7,XMWFMEYDRNJSOO-UHFFFAOYSA-N,149.57,Cl,17
4-Trifluoromethylphenyl-2-biphenylyl-3-hydroxypropionic acid,C1=CC=C(C=C1)C2=CC=CC=C2C(C(C3=CC=C(C=C3)C(F)(F)F)O)C(=O)O,3009,141901-74-8,WZCPXDVHGSRSLT-UHFFFAOYSA-N,386.4,F,45
"4a-Dichloromethyl-4,4a,5,6,7,8-hexahydro-3H-naphthalen-2-one",C1CCC2(CCC(=O)C=C2C1)C(Cl)Cl,4476,18963-08-1,USVCJXSSLDMRBC-UHFFFAOYSA-N,233.13,Cl,28
"5-(4,6-Dichlorotriazinyl)aminofluorescein",C1=CC2=C(C=C1NC3=NC(=NC(=N3)Cl)Cl)C(=O)OC24C5=C(C=C(C=C5)O)OC6=C4C=CC(=C6)O,9212,51306-35-5,HWQQCFPHXPNXHC-UHFFFAOYSA-N,495.3,Cl,46
"5-[(3,4-Dichlorophenyl)azo]-1,2-dihydro-6-hydroxy-1,4-dimethyl-2-oxonicotinonitrile",CC1=C(C(=O)N(C(=C1C#N)O)C)N=NC2=CC(=C(C=C2)Cl)Cl,14399,83249-52-9,JPVPLXKLBHAQLE-UHFFFAOYSA-N,337.2,Cl,32
"5-Bromo-5-nitro-1,3-dioxane",C1C(COCO1)([N+](=O)[O-])Br,6957,30007-47-7,XVBRCOKDZVQYAY-UHFFFAOYSA-N,212,Br,16
5-Chloro-2-(4-chlorophenoxy)phenol,C1=CC(=CC=C1OC2=C(C=C(C=C2)Cl)O)Cl,7556,3380-30-1,BYNQFCJOHGOKSS-UHFFFAOYSA-N,255.09,Cl,24
5-Chloro-2-hydroxy-4-methylbenzophenone,CC1=CC(=C(C=C1Cl)C(=O)C2=CC=CC=C2)O,12432,68751-90-6,IOGQACQRFGDUPT-UHFFFAOYSA-N,246.69,Cl,28
5-Chlorobenzotriazole,C1=CC2=NNN=C2C=C1Cl,15673,94-97-3,PZBQVZFITSVHAW-UHFFFAOYSA-N,153.57,Cl,14
"5-Fluorobenzene-1,3-diamine",C1=C(C=C(C=C1N)F)N,7922,372-41-8,LIYOGZUQGPRENF-UHFFFAOYSA-N,126.13,F,16
"6-[2,6-Difluoro-4-[4-(4-propylcyclohexyl)cyclohexyl]phenoxy]hexyl prop-2-enoate",CCCC1CCC(CC1)C2CCC(CC2)C3=CC(=C(C(=C3)F)OCCCCCCOC(=O)C=C)F,5898,255386-72-2,YMUKRYIUVCBGFA-UHFFFAOYSA-N,490.7,F,79
6-Chloro-1-hexanol,C(CCCCl)CCO,4674,2009-83-8,JNTPTNNCGDAGEJ-UHFFFAOYSA-N,136.62,Cl,21
"7,8-Dibromo-1,2,3,4,11,11-hexachloro-1,4,4a,5,6,7,8,9,10,10a-decahydro-1,4-methanobenzocyclooctene",C1CC(C(CCC2C1C3(C(=C(C2(C3(Cl)Cl)Cl)Cl)Cl)Cl)Br)Br,9289,51936-55-1,XRFONNJUMOCNHA-UHFFFAOYSA-N,540.8,Br;Cl,33
7-(Bromomethyl)pentadec-7-ene,CCCCCCCC=C(CCCCCC)CBr,15686,941228-34-8,LKEXDKKHKNXGSM-UHFFFAOYSA-N,303.32,Br,48
"8,16-Pyranthrenedione, dibromo-6,14-dichloro-",C1=CC=C2C(=C1)C3=CC4=C(C=C5C6=C4C7=C3C(=CC(=C7C=C6C8=C(C5=O)C(=C(C=C8)Br)Br)Cl)C2=O)Cl,11173,63589-04-8,PFKGBHLOPWYCNL-UHFFFAOYSA-N,633.1,Br;Cl,46
"8,16-Pyranthrenedione, tribromo-",C1=CC=C2C(=C1)C3=CC4=C5C6=C(C=CC(=C36)C2=O)C=C7C5=C(C=C4)C(=O)C8=C(C(=C(C=C78)Br)Br)Br,2436,1324-33-0,UONIWDRQOAPMNV-UHFFFAOYSA-N,643.1,Br,46
"8,9,10,11-Tetrabromo-12H-phthaloperin-12-one",C1=CC2=C3C(=C1)N=C4C5=C(C(=C(C(=C5Br)Br)Br)Br)C(=O)N4C3=CC=C2,6078,26011-65-4,OHTFRFYHAZBZIK-UHFFFAOYSA-N,585.9,Br,31
"9,10-Anthracenedione, 1-[(2,6-dibromo-4-methylphenyl)amino]-4-hydroxy-",CC1=CC(=C(C(=C1)Br)NC2=C3C(=C(C=C2)O)C(=O)C4=CC=CC=C4C3=O)Br,12069,68239-61-2,GUTWGLKCVAFMPJ-UHFFFAOYSA-N,487.1,Br,40
"9,10-Bis(bromomethyl)anthracene",C1=CC=C2C(=C1)C(=C3C=CC=CC3=C2CBr)CBr,7611,34373-96-1,YHEMDXGFCREMGG-UHFFFAOYSA-N,364.07,Br,30
"9,9-Bis(4-amino-3-fluorophenyl)fluorene",C1=CC=C2C(=C1)C3=CC=CC=C3C2(C4=CC(=C(C=C4)N)F)C5=CC(=C(C=C5)N)F,2136,127926-65-2,RXNKCIBVUNMMAD-UHFFFAOYSA-N,384.4,F,47
"[4-(4-Fluorophenyl)piperazin-1-yl][5-(4-methylphenyl)-7-(trifluoromethyl)-4,5,6,7-tetrahydropyrazolo[1,5-a]pyrimidin-3-yl]methanone",CC1=CC=C(C=C1)C2CC(N3C(=C(C=N3)C(=O)N4CCN(CC4)C5=CC=C(C=C5)F)N2)C(F)(F)F,10537,6069-97-2,VXAVQJDQPAVANR-UHFFFAOYSA-N,487.5,F,60
"Acetamide, 2-[3-[2-[(4-chlorophenyl)amino]-1-cyano-2-oxoethylidene]-2,3-dihydro-1H-isoindol-1-ylidene]-2-cyano-N-(3,4-dichlorophenyl)-",C1=CC=C2C(=C1)C(=C(C#N)C(=O)NC3=CC=C(C=C3)Cl)NC2=C(C#N)C(=O)NC4=CC(=C(C=C4)Cl)Cl,12449,68808-69-5,MTPSHJFXEBIBJC-UHFFFAOYSA-N,534.8,Cl,50
"Acetamide, N-(4-chlorophenyl)-2-cyano-2-[2,3-dihydro-3-[tetrahydro-1-(4-methylphenyl)-2,4,6-trioxo-5(2H)-pyrimidinylidene]-1H-isoindol-1-ylidene]-",CC1=CC=C(C=C1)N2C(=C(C(=O)NC2=O)C3=NC(=C(C#N)C(=O)NC4=CC=C(C=C4)Cl)C5=CC=CC=C53)O,14722,85959-60-0,OGLNEHXQSLFBEQ-UHFFFAOYSA-N,523.9,Cl,56
"Acetamide, N-[2-[(2-bromo-4,6-dinitrophenyl)azo]-5-(diethylamino)phenyl]-",CCN(CC)C1=CC(=C(C=C1)N=NC2=C(C=C(C=C2Br)[N+](=O)[O-])[N+](=O)[O-])NC(=O)C,9424,52697-38-8,WFFKSTRPZWRBEW-UHFFFAOYSA-N,479.3,Br,49
"Acetamide, N-[5-[bis[2-(acetyloxy)ethyl]amino]-2-[(2-chloro-4-nitrophenyl)azo]phenyl]-",CC(=O)NC1=C(C=CC(=C1)N(CCOC(=O)C)CCOC(=O)C)N=NC2=C(C=C(C=C2)[N+](=O)[O-])Cl,3433,1533-78-4,ORDDDNUMJXPGOC-UHFFFAOYSA-N,505.9,Cl,59
Acetochlor,CCC1=CC=CC(=C1N(COCC)C(=O)CCl)C,7599,34256-82-1,VTNQPKFIQCLBDU-UHFFFAOYSA-N,269.77,Cl,38
Acetyl chloride,CC(=O)Cl,13470,75-36-5,WETWJCDKMRHUPV-UHFFFAOYSA-N,78.5,Cl,7
Alachlor,CCC1=C(C(=CC=C1)CC)N(COC)C(=O)CCl,3650,15972-60-8,XCSGPAVHZFQHGE-UHFFFAOYSA-N,269.77,Cl,38
Aldrite,C1[C@@H]2C=C[C@H]1[C@H]3[C@@H]2[C@]4(C(=C([C@@]3(C4(Cl)Cl)Cl)Cl)Cl)Cl,7154,309-00-2,QBYJBZPUGVGKQQ-SJJAEHHWSA-N,364.9,Cl,26
"Allyl 2,4,6-tribromophenyl ether",C=CCOC1=C(C=C(C=C1Br)Br)Br,7415,3278-89-5,RZLLIOPGUFOWOD-UHFFFAOYSA-N,370.86,Br,20
Allyl bromide,C=CCBr,683,106-95-6,BHELZAPQIKSEDF-UHFFFAOYSA-N,120.98,Br,9
Allyl chloride,C=CCCl,752,107-05-1,OSDWBNJEKMUWAV-UHFFFAOYSA-N,76.52,Cl,9
alpha-Hexabromocyclododecane,C1C[C@H]([C@H](CC[C@H]([C@@H](CC[C@@H]([C@@H]1Br)Br)Br)Br)Br)Br,2581;11863,134237-50-6;678970-15-5,DEIGXXQKDWULML-PQTSNVLCSA-N,641.7,Br,36
Amylene dichloride,CC(C(C)(C)Cl)Cl,9112,507-45-9,TXTORVZCRUFBBO-UHFFFAOYSA-N,141.04,Cl,17
"Anthracene, decafluoro-",C12=C(C(=C3C(=C1F)C(=C(C(=C3F)F)F)F)F)C(=C(C(=C2F)F)F)F,3596,1580-19-4,SYVNSELUWFDWOQ-UHFFFAOYSA-N,358.13,F,24
Anti-dodecachloropentacyclooctadecadiene,C1C[C@@H]2[C@H](CC[C@H]3[C@@H]1[C@]4(C(=C([C@@]3(C4(Cl)Cl)Cl)Cl)Cl)Cl)[C@@]5(C(=C([C@]2(C5(Cl)Cl)Cl)Cl)Cl)Cl,2709,135821-74-8,UGQQAJOWXNCOPY-VBCJEVMVSA-N,653.7,Cl,42
Aroclor 5460,C1=C(C=C(C(=C1Cl)Cl)Cl)C2=C(C=C(C(=C2Cl)Cl)C3=C(C(=CC(=C3)Cl)Cl)Cl)Cl,1152,11126-42-4,PPBRFJLRPRQPEC-UHFFFAOYSA-N,540.3,Cl,32
Atrazine,CCNC1=NC(=NC(=N1)Cl)NC(C)C,4504,1912-24-9,MXWJVTOOROXGIU-UHFFFAOYSA-N,215.68,Cl,28
Benzal chloride,C1=CC=C(C=C1)C(Cl)Cl,16010,98-87-3,CAHQGWAXKLQREW-UHFFFAOYSA-N,161.03,Cl,15
"Benzenamine, 4,4'-methylenebis[3-chloro-2,6-diethyl-",CCC1=CC(=C(C(=C1N)CC)Cl)CC2=C(C(=C(C(=C2)CC)N)CC)Cl,705,106246-33-7,VIOMIGLBMQVNLY-UHFFFAOYSA-N,379.4,Cl,53
"Benzene, (5-iodopentyl)-",C1=CC=C(C=C1)CCCCCI,16102,99858-37-4,QVQYOJLZAUEILK-UHFFFAOYSA-N,274.14,I,27
"Benzene, 1,2,3,4-tetrabromo-5-(2,4-dibromophenoxy)-",C1=CC(=C(C=C1Br)Br)OC2=CC(=C(C(=C2Br)Br)Br)Br,8686,446254-95-1,HSTYYNPYXZYIAG-UHFFFAOYSA-N,643.6,Br,23
"Benzene, 1,2,3-tribromo-4-(2,3,4-tribromophenoxy)-",C1=CC(=C(C(=C1OC2=C(C(=C(C=C2)Br)Br)Br)Br)Br)Br,4292,182677-28-7,WFLVELCLEGVBIH-UHFFFAOYSA-N,643.6,Br,23
"Benzene, 1,2,3-tribromo-4-(2,3-dibromophenoxy)-",C1=CC(=C(C(=C1)Br)Br)OC2=C(C(=C(C=C2)Br)Br)Br,7401,327185-11-5,RQMSPGJESCCPQX-UHFFFAOYSA-N,564.7,Br,23
"Benzene, 1,2,3-tribromo-4-(2,4,5-tribromophenoxy)-",C1=CC(=C(C(=C1OC2=CC(=C(C=C2Br)Br)Br)Br)Br)Br,4293,182677-30-1,IZFQCEZFGCMHOM-UHFFFAOYSA-N,643.6,Br,23
"Benzene, 1,3-dichloro-5-(1,1-dimethylethyl)-2-methoxy-",CC(C)(C)C1=CC(=C(C(=C1)Cl)OC)Cl,9777,55191-16-7,MTOROSUNXZKMLR-UHFFFAOYSA-N,233.13,Cl,28
"Benzene, 1,4-dibromo-2-phenoxy-",C1=CC=C(C=C1)OC2=C(C=CC(=C2)Br)Br,7547,337513-66-3,URDWJMUOJJSXAE-UHFFFAOYSA-N,328,Br,23
"Benzenepropanoic acid, 3-(5-chloro-2H-benzotriazol-2-yl)-5-(1,1-dimethylethyl)-4-hydroxy-, 2-ethylhexyl ester",CCCCC(CC)COC(=O)CCC1=CC(=C(C(=C1)N2N=C3C=CC(=CC3=N2)Cl)O)C(C)(C)C,14386,83044-90-0,AWEVLIFGIMIQHY-UHFFFAOYSA-N,486,Cl,70
Benzidine orange,CC1=NN(C(=C1N=NC2=C(C=C(C=C2)C3=CC(=C(C=C3)N=NC4=C(N(N=C4C)C5=CC=CC=C5)O)Cl)Cl)O)C6=CC=CC=C6,16265,3520-72-7,LVOJOIBIVGEQBP-UHFFFAOYSA-N,623.5,Cl,68
"Benzoic acid, 10-chlorodecyl ester",C1=CC=C(C=C1)C(=O)OCCCCCCCCCCCl,17641,,RUTRECRHHBPSSS-UHFFFAOYSA-N,296.8,Cl,45
"Benzoic acid, 3,5-diamino-4-chloro-, 2-methylpropyl ester",CC(C)COC(=O)C1=CC(=C(C(=C1)N)Cl)N,7437,32961-44-7,KHUIRIRTZCOEMK-UHFFFAOYSA-N,242.7,Cl,31
"Benzoic acid, 4-(allyloxy)-3,5-dichloro-, allyl ester",C=CCOC1=C(C=C(C=C1Cl)C(=O)OCC=C)Cl,15443,91954-47-1,HUNRSLGZDCMRMJ-UHFFFAOYSA-N,287.13,Cl,30
Benzotrifluoride,C1=CC=C(C=C1)C(F)(F)F,15987,98-08-8,GETTZEONDQJALK-UHFFFAOYSA-N,146.11,F,15
Benzoyl bromide,C1=CC=C(C=C1)C(=O)Br,10801,618-32-6,AQIHMSVIAGNIDM-UHFFFAOYSA-N,185.02,Br,14
Benzoyl chloride,C1=CC=C(C=C1)C(=O)Cl,16011,98-88-4,PASDCCFISLVPSO-UHFFFAOYSA-N,140.56,Cl,14
Benzyl bromide,C1=CC=C(C=C1)CBr,8,100-39-0,AGEZXYOZHKGVCM-UHFFFAOYSA-N,171.03,Br,15
Benzyl bromoacetate,C1=CC=C(C=C1)COC(=O)CBr,9663,5437-45-6,JHVLLYQQQYIWKX-UHFFFAOYSA-N,229.07,Br,21
Benzyl Chloride,C1=CC=C(C=C1)CCl,13,100-44-7,KCXMKQUNVWSEMD-UHFFFAOYSA-N,126.58,Cl,15
beta-Chlorostyrene,C1=CC=C(C=C1)/C=C/Cl,10897,622-25-3,SBYMUDUGTIKLCR-VOTSOKGWSA-N,138.59,Cl,16
beta-Hexabromocyclododecane,C1C[C@H]([C@H](CC[C@H]([C@H](CC[C@H]([C@@H]1Br)Br)Br)Br)Br)Br,2582;2836,134237-51-7;138257-18-8,DEIGXXQKDWULML-UFVWWTPHSA-N,641.7,Br,36
Bifenthrin,CC1=C(C=CC=C1C2=CC=CC=C2)COC(=O)[C@@H]3[C@@H](C3(C)C)/C=C(/C(F)(F)F)\Cl,14358,82657-04-3,OMFRMAHOUUJSGP-IRHGGOMRSA-N,422.9,Cl;F,51
"Bis(2,2,2-trifluoroethyl) itaconate",C=C(CC(=O)OCC(F)(F)F)C(=O)OCC(F)(F)F,528,104534-96-5,IRXUFAGEXMCXHZ-UHFFFAOYSA-N,294.15,F,27
"Bis(2,3-dichloropropyl) Ether",C(C(CCl)Cl)OCC(CCl)Cl,13824,7774-68-7,DWUVEXODBSOVSX-UHFFFAOYSA-N,239.9,Cl,21
"Bis(2,4-dichlorobenzoyl) peroxide",C1=CC(=C(C=C1Cl)Cl)C(=O)OOC(=O)C2=C(C=C(C=C2)Cl)Cl,2478,133-14-2,WRXCBRHBHGNNQA-UHFFFAOYSA-N,380,Cl,28
Bis(2-chlorobenzoyl) peroxide,C1=CC=C(C(=C1)C(=O)OOC(=O)C2=CC=CC=C2Cl)Cl,7013,3033-73-6,JMYZLRSSLFFUQN-UHFFFAOYSA-N,311.1,Cl,28
Bis(2-chloroethoxy)methane,C(CCl)OCOCCCl,1128,111-91-1,NLXGURFLBLRZRO-UHFFFAOYSA-N,173.03,Cl,19
Bis(2-chloroethyl) ether,C(CCl)OCCCl,1098,111-44-4,ZNSMNVMLTJELDZ-UHFFFAOYSA-N,143.01,Cl,15
Bis(2-chloroisopropyl)ether,CC(C)(OC(C)(C)Cl)Cl,8206,39638-32-9,BULHJTXRZFEUDQ-UHFFFAOYSA-N,171.06,Cl,21
"Bis(3,3-dichloropropoxy)methane",C(COCOCCC(Cl)Cl)C(Cl)Cl,14952,89774-77-6,QODLOKFYXBIIRA-UHFFFAOYSA-N,270,Cl,25
Bis(4-bromophenyl) ether,C1=CC(=CC=C1OC2=CC=C(C=C2)Br)Br,4769,2050-47-7,YAWIAFUBXXPJMQ-UHFFFAOYSA-N,328,Br,23
Bis(4-chlorobenzoyl) peroxide,C1=CC(=CC=C1C(=O)OOC(=O)C2=CC=C(C=C2)Cl)Cl,15655,94-17-7,OXYKVVLTXXXVRT-UHFFFAOYSA-N,311.1,Cl,28
Bis(chloromethyl) ether,C(OCCl)Cl,9641,542-88-1,HRQGCQVOJVTVLU-UHFFFAOYSA-N,114.96,Cl,9
Bis(hexafluoroisopropyl)itaconate,C=C(CC(=O)OC(C(F)(F)F)C(F)(F)F)C(=O)OC(C(F)(F)F)C(F)(F)F,16026,98452-82-5,OICRDFIVTSEVJJ-UHFFFAOYSA-N,430.14,F,33
"Bisphenol A (3-chloro-2-hydroxypropyl) (2,3-dihydroxypropyl) ether",CC(C)(C1=CC=C(C=C1)OCC(CO)O)C2=CC=C(C=C2)OCC(CCl)O,5190,227947-06-0,HDTYUHNZRYZEEB-UHFFFAOYSA-N,394.9,Cl,54
Bisphenol A (3-chloro-2-hydroxypropyl)glycidyl ether,CC(C)(C1=CC=C(C=C1)OCC2CO2)C3=CC=C(C=C3)OCC(CCl)O,2846,13836-48-1,HLLOKZYCSSQYEB-UHFFFAOYSA-N,376.9,Cl,51
Bisphenol A bis(3-chloro-2-hydroxypropyl) ether,CC(C)(C1=CC=C(C=C1)OCC(CCl)O)C2=CC=C(C=C2)OCC(CCl)O,8918,4809-35-2,PTCFDJRJOGPUFE-UHFFFAOYSA-N,413.3,Cl,53
Bisphenol AF,C1=CC(=CC=C1C(C2=CC=C(C=C2)O)(C(F)(F)F)C(F)(F)F)O,3251,1478-61-1,ZFVMWEVVKGLCIJ-UHFFFAOYSA-N,336.23,F,33
Bisphenol C,C1=CC(=CC=C1C(=C(Cl)Cl)C2=CC=C(C=C2)O)O,3292,14868-03-2,OWEYKIWAZBBXJK-UHFFFAOYSA-N,281.1,Cl,28
Bisphenol F Bis(2-chloro-1-propanol) Ether,C1=CC(=CC=C1CC2=CC=C(C=C2)OCC(CO)Cl)OCC(CO)Cl,7984,374772-79-9,VAFXFEBPCUMOIF-UHFFFAOYSA-N,385.3,Cl,47
Bromobenzene,C1=CC=C(C=C1)Br,886,108-86-1,QARVLSVVCXYDNA-UHFFFAOYSA-N,157.01,Br,12
"Bromochloro-5,5-dimethylimidazolidine-2,4-dione",C(C1(C(=O)NC(=O)N1)CBr)Cl,7399,32718-18-6,BUUDGFAFKIZPSR-UHFFFAOYSA-N,241.47,Br;Cl,17
Bromochloromethane,C(Cl)Br,13237,74-97-5,JPOXNPPZZKNXOV-UHFFFAOYSA-N,129.38,Br;Cl,5
Bromodichloromethane,C(Cl)(Cl)Br,13465,75-27-4,FMWLUWPQPKEARP-UHFFFAOYSA-N,163.83,Br;Cl,5
Bromoform,C(Br)(Br)Br,13464,75-25-2,DIKBFYAXUHHXCS-UHFFFAOYSA-N,252.73,Br,5
Bromotrifluoroethylene,C(=C(F)Br)(F)F,10434,598-73-2,AYCANDRGVPTASA-UHFFFAOYSA-N,160.92,Br;F,6
Bronopol,C(C(CO)([N+](=O)[O-])Br)O,9300,52-51-7,LVDKZNITIUWNER-UHFFFAOYSA-N,199.99,Br,15
Bumetrizole,CC1=CC(=C(C(=C1)N2N=C3C=CC(=CC3=N2)Cl)O)C(C)(C)C,8134,3896-11-5,OCWYEMOEOGEQAN-UHFFFAOYSA-N,315.8,Cl,40
"Butanamide, 2-((4-chloro-2-nitrophenyl)azo)-N-(2-methoxyphenyl)-3-oxo-",CC(=O)C(C(=O)NC1=CC=CC=C1OC)N=NC2=C(C=C(C=C2)Cl)[N+](=O)[O-],2678,13515-40-7,QPHCXDDGQQLPIM-UHFFFAOYSA-N,390.8,Cl,42
"Butanamide, 2-((4-chloro-2-nitrophenyl)azo)-N-(4-methoxyphenyl)-3-oxo-",CC(=O)C(C(=O)NC1=CC=C(C=C1)OC)N=NC2=C(C=C(C=C2)Cl)[N+](=O)[O-],5300,23739-66-4,OFVGYSFBEXROII-UHFFFAOYSA-N,390.8,Cl,42
"Butanamide, 2-[(4-chloro-2-nitrophenyl)azo]-3-oxo-N-phenyl-",CC(=O)C(C(=O)NC1=CC=CC=C1)N=NC2=C(C=C(C=C2)Cl)[N+](=O)[O-],8323,4106-76-7,KBNQUAQMTGZQGJ-UHFFFAOYSA-N,360.75,Cl,38
"Butanamide, 2-[(4-chloro-2-nitrophenyl)azo]-N-(2-chlorophenyl)-3-oxo-",CC(=O)C(C(=O)NC1=CC=CC=C1Cl)N=NC2=C(C=C(C=C2)Cl)[N+](=O)[O-],11486,6486-23-3,QTSNFLIDNYOATQ-UHFFFAOYSA-N,395.2,Cl,38
"Butanamide, N-(4-chloro-2,5-dimethoxyphenyl)-2-[(4-chloro-2-methylphenyl)azo]-3-oxo-",CC1=C(C=CC(=C1)Cl)N=NC(C(=O)C)C(=O)NC2=CC(=C(C=C2OC)Cl)OC,6796,2904-04-3,NEPSDTXFAQMVCI-UHFFFAOYSA-N,424.3,Cl,47
"Butanamide, N-(5-chloro-2-methoxyphenyl)-2-[(2-methoxy-4-nitrophenyl)azo]-3-oxo-",CC(=O)C(C(=O)NC1=C(C=CC(=C1)Cl)OC)N=NC2=C(C=C(C=C2)[N+](=O)[O-])OC,3653,15993-42-7,AYOFXUHULUCJBF-UHFFFAOYSA-N,420.8,Cl,46
C.I. Direct Brown 58,C1=CC2=C(C=C1F)C(=O)C(=C(N2)[O-])[N+]#N,11323,6426-59-1,VNQQLHXLCIQNRP-UHFFFAOYSA-N,205.15,F,19
C.I. Direct Brown 60,CC1(CC2=C(C(=O)C1)C(=CC(=O)N2C3=CC(=CC=C3)Cl)O)C,11322,6426-57-9,VEKYARKTHZYQAW-UHFFFAOYSA-N,317.8,Cl,38
C.I. Disperse Blue 79 (Cl/methoxy),CC(=O)NC1=CC(=C(C=C1N=NC2=C(C=C(C=C2Cl)[N+](=O)[O-])[N+](=O)[O-])OC)N(CCOC(=O)C)CCOC(=O)C,7799,3618-73-3,VRTQJBZLCYJJCI-UHFFFAOYSA-N,580.9,Cl,65
C.I. Disperse Blue 79:1,CC(=O)NC1=CC(=C(C=C1N=NC2=C(C=C(C=C2Br)[N+](=O)[O-])[N+](=O)[O-])OC)N(CCOC(=O)C)CCOC(=O)C,7798,3618-72-2,JSRUDOBCTLPTFO-UHFFFAOYSA-N,625.4,Br,65
C.I. Disperse yellow 64,C1=CC=C2C(=C1)C(=O)C(C2=O)C3=NC4=CC=CC=C4C(=C3O)Br,404,10319-14-9,DVBLPJWQXDCAKU-UHFFFAOYSA-N,368.2,Br,33
Carbazole Violet,CCN1C2=CC=CC=C2C3=CC4=C(C=C31)OC5=C(C6=NC7=C(C=C8C(=C7)C9=CC=CC=C9N8CC)OC6=C(C5=N4)Cl)Cl,11159,6358-30-1,CGLVZFOCZLHKOH-UHFFFAOYSA-N,589.5,Cl,64
Carbon Tetrachloride,C(Cl)(Cl)(Cl)Cl,9907,56-23-5,VZGDMQKNWNREIO-UHFFFAOYSA-N,153.8,Cl,5
Carbon tetrafluoride,C(F)(F)(F)F,13489,75-73-0,TXEYQDLBPFQVAA-UHFFFAOYSA-N,88.004,F,5
Cereclor,CCCC(CCCC(CCC(CCC(CCC(CCCC(CCC)Cl)Cl)Cl)Cl)Cl)Cl,11146,63449-39-8,QKUNKVYPGIOQNP-UHFFFAOYSA-N,545.3,Cl,74
Chloral,C(=O)C(Cl)(Cl)Cl,13499,75-87-6,HFFLGKNGCAIQMO-UHFFFAOYSA-N,147.38,Cl,7
Chloral Hydrate,C(C(Cl)(Cl)Cl)(O)O,6994,302-17-0,RNFNDJAIBTYOQL-UHFFFAOYSA-N,165.4,Cl,10
Chloranil,C1(=C(C(=O)C(=C(C1=O)Cl)Cl)Cl)Cl,1466,118-75-2,UGNWTBMOAKPKBL-UHFFFAOYSA-N,245.9,Cl,12
Chlordane,C1C2C(C(C1Cl)Cl)C3(C(=C(C2(C3(Cl)Cl)Cl)Cl)Cl)Cl,10053,57-74-9,BIWJNBZANLAXMG-UHFFFAOYSA-N,409.8,Cl,24
Chlorendic acid,C1(C(C2(C(=C(C1(C2(Cl)Cl)Cl)Cl)Cl)Cl)C(=O)O)C(=O)O,1361,115-28-6,DJKGDNKYTKCJKD-UHFFFAOYSA-N,388.8,Cl,23
"Chlorendic acid, diallyl ester",C=CCOC(=O)C1C(C2(C(=C(C1(C2(Cl)Cl)Cl)Cl)Cl)Cl)C(=O)OCC=C,7339,3232-62-0,CJKWEXMFQPNNTL-UHFFFAOYSA-N,469,Cl,37
Chlorendic anhydride,C12C(C(=O)OC1=O)C3(C(=C(C2(C3(Cl)Cl)Cl)Cl)Cl)Cl,1360,115-27-5,FLBJFXNAEMSXGL-UHFFFAOYSA-N,370.8,Cl,20
Chlorfenapyr,CCOCN1C(=C(C(=C1C(F)(F)F)Br)C#N)C2=CC=C(C=C2)Cl,1855,122453-73-0,CWFOCCVIPCEQCK-UHFFFAOYSA-N,407.61,Br;Cl;F,34
Chlorfenethol,CC(C1=CC=C(C=C1)Cl)(C2=CC=C(C=C2)Cl)O,17203,,URYAFVKLYSEINW-UHFFFAOYSA-N,267.1,Cl,29
Chloroacetic acid,C(C(=O)O)Cl,14033,79-11-8,FOCAUTSVDIKZOP-UHFFFAOYSA-N,94.5,Cl,8
Chloroacetone,CC(=O)CCl,13983,78-95-5,BULLHNJGPPOUOX-UHFFFAOYSA-N,92.52,Cl,10
Chlorobenzene,C1=CC=C(C=C1)Cl,889,108-90-7,MVPPADPHJFYWMZ-UHFFFAOYSA-N,112.55,Cl,12
Chlorodibromomethane,C(Cl)(Br)Br,1989,124-48-1,GATVIKZLVQHOMN-UHFFFAOYSA-N,208.28,Br;Cl,5
Chlorodifluoromethane,C(F)(F)Cl,13474,75-45-6,VOPWNXZWBYDODV-UHFFFAOYSA-N,86.47,Cl;F,5
Chloroethane,CCCl,13450,75-00-3,HRYZWHHZPQKTII-UHFFFAOYSA-N,64.51,Cl,8
Chloroform,C(Cl)(Cl)Cl,11722,67-66-3,HEDRZPFGACZZDS-UHFFFAOYSA-N,119.37,Cl,5
Chlorohydroquinone,C1=CC(=C(C=C1O)Cl)O,10664,615-67-8,AJPXTSMULZANCB-UHFFFAOYSA-N,144.55,Cl,14
Chloromethane,CCl,13232,74-87-3,NEHMKBQYUWJMIP-UHFFFAOYSA-N,50.49,Cl,5
Chloromethyl ethyl ether,CCOCCl,7296,3188-13-4,FCYRSDMGOLYDHL-UHFFFAOYSA-N,94.54,Cl,12
Chloromethyl methyl ether,COCCl,765,107-30-2,XJUZRXYOEPSWMB-UHFFFAOYSA-N,80.51,Cl,9
Chloroprene,C=CC(=C)Cl,2063;15139,126-99-8;9010-98-4,YACLQRRMGMJLJV-UHFFFAOYSA-N,88.53,Cl,10
Chlorothalonil,C(#N)C1=C(C(=C(C(=C1Cl)Cl)Cl)C#N)Cl,4479,1897-45-6,CRQQGFGUEAVUIL-UHFFFAOYSA-N,265.9,Cl,14
Chlorotoluron,CC1=C(C=C(C=C1)NC(=O)N(C)C)Cl,3483,15545-48-9,JXCGFZXSOMJFOA-UHFFFAOYSA-N,212.67,Cl,27
Chlorotrifluoroethylene,C(=C(F)Cl)(F)F,14040,79-38-9,UUAGAQFQZIEFAH-UHFFFAOYSA-N,116.47,Cl;F,6
Chloroxylenol,CC1=CC(=CC(=C1Cl)C)O,14851,88-04-0,OSDLLIBGSJNGJE-UHFFFAOYSA-N,156.61,Cl,19
CID 91316050,CC(=O)C(C(=O)NC1=CC=CC=C1)N=NC2=C(C=C(C=C2)C3=CC(=C(C=C3)N=NC(C(=O)C)C(=O)NC4=CC=C(C=C4)OC)Cl)Cl,15193,90268-23-8,DHHOHVWWZLHYBC-UHFFFAOYSA-N,659.5,Cl,74
"cis-1,2-Dichloroethylene",C(=C\Cl)\Cl,3503,156-59-2,KFUSEUYYWQURPO-UPHRSURJSA-N,96.94,Cl,6
cis-Chlordane,C1[C@H]2[C@@H]([C@H]([C@H]1Cl)Cl)[C@]3(C(=C([C@@]2(C3(Cl)Cl)Cl)Cl)Cl)Cl,9158,5103-71-9,BIWJNBZANLAXMG-KMMBHOGFSA-N,409.8,Cl,24
Climbazole,CC(C)(C)C(=O)C(N1C=CN=C1)OC2=CC=C(C=C2)Cl,8045;16830,38083-17-9,OWEGWHBOCFMBLP-UHFFFAOYSA-N,292.76,Cl,37
Clofenotane,C1=CC(=CC=C1C(C2=CC=C(C=C2)Cl)C(Cl)(Cl)Cl)Cl,9027,50-29-3,YVGGHNCTFXOJCH-UHFFFAOYSA-N,354.5,Cl,28
Cyanazine,CCNC1=NC(=NC(=N1)Cl)NC(C)(C)C#N,5004,21725-46-2,MZZBPDKVEFVLFF-UHFFFAOYSA-N,240.69,Cl,29
Cyanuric chloride,C1(=NC(=NC(=N1)Cl)Cl)Cl,881,108-77-0,MGNCLNQXLYJVJD-UHFFFAOYSA-N,184.41,Cl,9
"Cyclododecane, 1,2,5,6,9,10-hexabromo-, (1R,2S,5R,6S,9S,10S)-",C1C[C@@H]([C@@H](CC[C@@H]([C@H](CC[C@@H]([C@@H]1Br)Br)Br)Br)Br)Br,11864,678970-16-6,DEIGXXQKDWULML-WUFAPUTGSA-N,641.7,Br,36
"Cyclododecane, 1,2,5,6,9,10-hexabromo-, (1R,2S,5S,6S,9S,10R)-",C1C[C@H]([C@H](CC[C@@H]([C@H](CC[C@@H]([C@@H]1Br)Br)Br)Br)Br)Br,3956,169102-57-2,DEIGXXQKDWULML-IQMQYZSSSA-N,641.7,Br,36
"Cyclohexene, 1-chloro-4-(1-chloroethenyl)-",C=C(C1CCC(=CC1)Cl)Cl,2694,13547-06-3,RRBHRPHCJASXKZ-UHFFFAOYSA-N,177.07,Cl,20
Cyclohexyl 2-chloroacetate,C1CCC(CC1)OC(=O)CCl,12669,6975-91-3,IBFHBLOKQVCABG-UHFFFAOYSA-N,176.64,Cl,24
"Cyclopropane, 2-chloro-1-ethyl-1-methyl-",CCC1(CC1Cl)C,7612,343926-09-0,KQUOTZVUIAGCSG-UHFFFAOYSA-N,118.6,Cl,18
Cyfluthrin,CC1(C(C1C(=O)OC(C#N)C2=CC(=C(C=C2)F)OC3=CC=CC=C3)C=C(Cl)Cl)C,12110,68359-37-5,QQODLKZGRKWIFG-UHFFFAOYSA-N,434.3,Cl;F,47
Cypermethrin,CC1(C(C1C(=O)OC(C#N)C2=CC(=CC=C2)OC3=CC=CC=C3)C=C(Cl)Cl)C,9348;11753,52315-07-8;67375-30-8,KAATUXNTWXVJKI-UHFFFAOYSA-N,416.3,Cl,47
Cyproconazole,CC(C1CC1)C(CN2C=NC=N2)(C3=CC=C(C=C3)Cl)O,15713,94361-06-5,UFNOUKDBUJZYDE-UHFFFAOYSA-N,291.77,Cl,38
"Decafluoro-1,2-epoxycyclohexane",C12(C(O1)(C(C(C(C2(F)F)(F)F)(F)F)(F)F)F)F,10368,5927-67-3,ZWSICHXNVFXDHH-UHFFFAOYSA-N,278.05,F,17
"Decane, 1,1,1,2,3,3,4,4,5,5,6,6,7,7,8,8,9,9,10,10-eicosafluoro-10-iodo-2-(trifluoromethyl)-",C(C(C(C(C(C(C(C(C(F)(F)I)(F)F)(F)F)(F)F)(F)F)(F)F)(F)F)(F)F)(C(F)(F)F)(C(F)(F)F)F,11780,677-93-0,ZBAGFGHCDOIBDJ-UHFFFAOYSA-N,695.98,F;I,35
"Decanoic acid, 3,3,4,4,5,5,6,6,7,7,8,8,9,9,10,10,10-heptadecafluoro-",C(C(=O)O)C(C(C(C(C(C(C(C(F)(F)F)(F)F)(F)F)(F)F)(F)F)(F)F)(F)F)(F)F,6583,27854-31-5,XTBXSCIWOVSSGB-UHFFFAOYSA-N,478.1,F,32
Dechlorane 603,C1C2C3C(C1C4C2C5(C(=C(C4(C5(Cl)Cl)Cl)Cl)Cl)Cl)C6(C(=C(C3(C6(Cl)Cl)Cl)Cl)Cl)Cl,16115,13560-92-4,WSEXCYJMFQVEIN-UHFFFAOYSA-N,637.7,Cl,37
Dechlorane plus,C1CC2C(CCC3C1C4(C(=C(C3(C4(Cl)Cl)Cl)Cl)Cl)Cl)C5(C(=C(C2(C5(Cl)Cl)Cl)Cl)Cl)Cl,2702,13560-89-9,UGQQAJOWXNCOPY-UHFFFAOYSA-N,653.7,Cl,42
Decyl 2-chloropropanoate,CCCCCCCCCCOC(=O)C(C)Cl,14764,86711-78-6,ZULQXFOAUSXCIJ-UHFFFAOYSA-N,248.79,Cl,41
Deethylatrazine,CC(C)NC1=NC(=NC(=N1)N)Cl,10825,6190-65-4,DFWFIQKMSFGDCQ-UHFFFAOYSA-N,187.63,Cl,22
Deisopropylatrazine,CCNC1=NC(=NC(=N1)N)Cl,131,1007-28-9,IVENSCMCQBJAKW-UHFFFAOYSA-N,173.6,Cl,19
delta-Hexabromocyclododecane,C1C[C@H]([C@H](CC[C@@H]([C@@H](CC[C@@H]([C@@H]1Br)Br)Br)Br)Br)Br,11586,65701-47-5,DEIGXXQKDWULML-FPRGPCMUSA-N,641.7,Br,36
Deltamethrin,CC1([C@H]([C@H]1C(=O)O[C@H](C#N)C2=CC(=CC=C2)OC3=CC=CC=C3)C=C(Br)Br)C,9463,52918-63-5,OWZREIFADZCYQD-NSHGMRRFSA-N,505.2,Br,47
Desethylterbuthylazine,CC(C)(C)NC1=NC(=NC(=N1)N)Cl,6983,30125-63-4,LMKQNTMFZLAJDV-UHFFFAOYSA-N,201.66,Cl,25
Diallyl tetrabromophthalate,C=CCOC(=O)C1=C(C(=C(C(=C1Br)Br)Br)Br)C(=O)OCC=C,8992,49693-09-6,FZGLNDYBTGMDDR-UHFFFAOYSA-N,561.8,Br,32
Diarylanilide Yellow,CC(=O)C(C(=O)NC1=CC=CC=C1)N=NC2=C(C=C(C=C2)C3=CC(=C(C=C3)N=NC(C(=O)C)C(=O)NC4=CC=CC=C4)Cl)Cl,11171,6358-85-6,GNCOVOVCHIHPHP-UHFFFAOYSA-N,629.5,Cl,70
Diarylide Yellow,CC1=CC(=C(C=C1)NC(=O)C(C(=O)C)N=NC2=C(C=C(C=C2)C3=CC(=C(C=C3)N=NC(C(=O)C)C(=O)NC4=C(C=C(C=C4)C)C)Cl)Cl)C,9155,5102-83-0,IAFBRPFISOTXSO-UHFFFAOYSA-N,685.6,Cl,82
Diazepam,CN1C(=O)CN=C(C2=C1C=CC(=C2)Cl)C3=CC=CC=C3,8578,439-14-5,AAOVKJBEBIDNHE-UHFFFAOYSA-N,284.74,Cl,33
Dibromodifluoromethane,C(F)(F)(Br)Br,13484,75-61-6,AZSZCFSOHXEJQE-UHFFFAOYSA-N,209.82,Br;F,5
Dibromomethane,C(Br)Br,13236,74-95-3,FJBFPHVGVWTDIP-UHFFFAOYSA-N,173.83,Br,5
"Dichloro-5,12-dihydroquino(2,3-b)acridine-7,14-dione",C1=CC=C2C(=C1)C(=O)C3=C(N2)C(=C4C(=C3Cl)NC5=CC=CC=C5C4=O)Cl,8115,38720-66-0,UFLLEPHODSEMJD-UHFFFAOYSA-N,381.2,Cl,36
Dichlorodifluoromethane,C(F)(F)(Cl)Cl,13488,75-71-8,PXBRQCKWGAHEHS-UHFFFAOYSA-N,120.91,Cl;F,5
Dichloroisocyanuric acid,C1(=O)NC(=O)N(C(=O)N1Cl)Cl,6577,2782-57-2,CEJLBZWIKQJOAT-UHFFFAOYSA-N,197.96,Cl,12
Dichloronitromethane,C([N+](=O)[O-])(Cl)Cl,12893,7119-89-3,XUNYLLBGLKGFHO-UHFFFAOYSA-N,129.93,Cl,7
Dichlorophene,C1=CC(=C(C=C1Cl)CC2=C(C=CC(=C2)Cl)O)O,15916,97-23-4,MDNWOSOZYLHTCG-UHFFFAOYSA-N,269.12,Cl,27
Dieldrin,C1[C@@H]2[C@H]3[C@@H]([C@H]1[C@H]4[C@@H]2O4)[C@]5(C(=C([C@@]3(C5(Cl)Cl)Cl)Cl)Cl)Cl,10463,60-57-1,DFBKLUNHFCTMDC-PICURKEMSA-N,380.9,Cl,27
Diethyl perfluoroadipate,CCOC(=O)C(C(C(C(C(=O)OCC)(F)F)(F)F)(F)F)(F)F,7999,376-50-1,UBMQHNSEGKYMTP-UHFFFAOYSA-N,346.17,F,32
Dimethylcarbamoyl chloride,CN(C)C(=O)Cl,14043,79-44-7,YIIMEMSDCNDGTB-UHFFFAOYSA-N,107.54,Cl,12
Dipropyl tetrachlorophthalate,CCCOC(=O)C1=C(C(=C(C(=C1Cl)Cl)Cl)Cl)C(=O)OCCC,12619,6928-67-2,QJRSPJSHRYYBJL-UHFFFAOYSA-N,388.1,Cl,36
Disperse Orange 37,CCN(CCC#N)C1=CC=C(C=C1)N=NC2=C(C=C(C=C2Cl)[N+](=O)[O-])Cl,2488,13301-61-6,KHZRTXVUEZJYNE-UHFFFAOYSA-N,392.2,Cl,41
Diuron,CN(C)C(=O)NC1=CC(=C(C=C1)Cl)Cl,7439,330-54-1,XMTQQYYKAHVGBJ-UHFFFAOYSA-N,233.09,Cl,24
Dodecafluorotriphenylene,C12=C(C3=C(C4=C1C(=C(C(=C4F)F)F)F)C(=C(C(=C3F)F)F)F)C(=C(C(=C2F)F)F)F,3999,17051-14-8,IMVCZNRQMXBQAI-UHFFFAOYSA-N,444.2,F,30
Eicosyl trifluoroacetate,CCCCCCCCCCCCCCCCCCCCOC(=O)C(F)(F)F,17165,,JELHWUPDJFSSDO-UHFFFAOYSA-N,394.6,F,68
Endrin aldehyde,C1C(C2C3C1C4C5(C2(C(C3(C45Cl)Cl)(Cl)Cl)Cl)Cl)C=O,13254,7421-93-4,HCTWZIFNBBCVGM-UHFFFAOYSA-N,380.9,Cl,27
Endrin ketone,C1C2C3C4C1C(=O)C2C5(C3(C(C4(C5Cl)Cl)(Cl)Cl)Cl)Cl,9533,53494-70-5,IZHZFAQWVKBTSL-UHFFFAOYSA-N,380.9,Cl,27
Enilconazole,C=CCOC(CN1C=CN=C1)C2=C(C=C(C=C2)Cl)Cl,7742,35554-44-0,PZBPKYOVPCNPJY-UHFFFAOYSA-N,297.2,Cl,33
Epichlorohydrin,C1C(O1)CCl,677,106-89-8,BRLQWZUYTZBJKN-UHFFFAOYSA-N,92.52,Cl,10
Epoxyheptachlor,[C@@H]12[C@@H]([C@H]([C@@H]3[C@H]1O3)Cl)[C@]4(C(=C([C@@]2(C4(Cl)Cl)Cl)Cl)Cl)Cl,336,1024-57-3,ZXFXBSWRVIQKOD-UOFFAGTMSA-N,389.3,Cl,23
Esfenvalerate,CC(C)[C@@H](C1=CC=C(C=C1)Cl)C(=O)O[C@H](C#N)C2=CC(=CC=C2)OC3=CC=CC=C3,11657,66230-04-4,NYPJDWWKZLNGGM-RPWUZVMVSA-N,419.9,Cl,52
"Ether, ethyl heptafluoroisobutenyl",CCOC(=C(C(F)(F)F)C(F)(F)F)F,7788,360-58-7,BSZWZZSFVRISOG-UHFFFAOYSA-N,226.09,F,19
"Ethyl 2,4-dichlorophenoxyacetate",CCOC(=O)COC1=C(C=C(C=C1)Cl)Cl,9500,533-23-3,JSLBZIVMVVHMDJ-UHFFFAOYSA-N,249.09,Cl,25
Ethyl fluoroacetate,CCOC(=O)CF,8803,459-72-3,VCYZVXRKYPKDQB-UHFFFAOYSA-N,106.1,F,14
"ethyl N-(5-chloro-3-(4-(diethylamino)-2-methylphenylimino)-4-methyl-6-oxo-1,4-cyclohexadienyl)carbamate",CCN(CC)C1=CC(=C(C=C1)N=C[C@H]2C=C(C(=O)C(=C2C)Cl)NC(=O)OCC)C,2040,125630-94-6,PXALOSRQFNJYSK-MRXNPFEDSA-N,417.9,Cl,57
Ethyl perfluorooctanoate,CCOC(=O)C(C(C(C(C(C(C(F)(F)F)(F)F)(F)F)(F)F)(F)F)(F)F)(F)F,7174,3108-24-5,JTOFFHFAQBLPTM-UHFFFAOYSA-N,442.12,F,32
Ethylene bromoacetate,C(COC(=O)CBr)OC(=O)CBr,8029,3785-34-0,WGHAPLWNJPAJDE-UHFFFAOYSA-N,303.93,Br,20
Etoxazole,CCOC1=C(C=CC(=C1)C(C)(C)C)C2COC(=N2)C3=C(C=CC=C3F)F,3430,153233-91-1,IXSZQYVWNJNRAL-UHFFFAOYSA-N,359.4,F,49
Fireshield C3,C1C2C3CC4C(C3C1C5C2C6(C(=C(C5(C6(Cl)Cl)Cl)Cl)Cl)Cl)C7(C(=C(C4(C7(Cl)Cl)Cl)Cl)Cl)Cl,16114,13560-90-2,COOHPPAZRZIWHM-UHFFFAOYSA-N,677.7,Cl,44
Fludioxonil,C1=CC(=C2C(=C1)OC(O2)(F)F)C3=CNC=C3C#N,2321,131341-86-1,MUJOIMFVNIBMKC-UHFFFAOYSA-N,248.18,F,24
Flufenoxuron,C1=CC(=C(C(=C1)F)C(=O)NC(=O)NC2=C(C=C(C=C2)OC3=C(C=C(C=C3)C(F)(F)F)Cl)F)F,248,101463-69-8,RYLHNOVXKPXDIP-UHFFFAOYSA-N,488.8,Cl;F,44
Fluometuron,CN(C)C(=O)NC1=CC=CC(=C1)C(F)(F)F,4984,2164-17-2,RZILCCPWPBTYDO-UHFFFAOYSA-N,232.2,F,27
Fluorobenzene,C1=CC=C(C=C1)F,8816,462-06-6,PYLWMHQQBFSUBP-UHFFFAOYSA-N,96.1,F,12
"Fumaric acid, 2-ethylhexyl 2,2,3,3-tetrafluoropropyl ester",CCCCC(CC)COC(=O)/C=C/C(=O)OCC(C(F)F)(F)F,16585,,IKRJXJOZTVGTLH-BQYQJAHWSA-N,342.33,F,45
gamma-Hexabromocyclododecane,C1C[C@H]([C@H](CC[C@@H]([C@@H](CC[C@H]([C@@H]1Br)Br)Br)Br)Br)Br,2583;11865,134237-52-8;678970-17-7,DEIGXXQKDWULML-MOCCIAMBSA-N,641.7,Br,36
Glafenine,C1=CC=C(C(=C1)C(=O)OCC(CO)O)NC2=C3C=CC(=CC3=NC=C2)Cl,8056,3820-67-5,GWOFUCIGLDBNKM-UHFFFAOYSA-N,372.8,Cl,43
Heptachlor,C1=CC(C2C1C3(C(=C(C2(C3(Cl)Cl)Cl)Cl)Cl)Cl)Cl,13588,76-44-8,FRCCEHPWNOQAEU-UHFFFAOYSA-N,373.3,Cl,22
Heptafluorobutyric acid,C(=O)(C(C(C(F)(F)F)(F)F)(F)F)O,7987,375-22-4,YPJUNDFVDDCYIH-UHFFFAOYSA-N,214.04,F,14
"Heptafluorobutyric acid, n-tetradecyl ester",CCCCCCCCCCCCCCOC(=O)C(C(C(F)(F)F)(F)F)(F)F,13194,7365-36-8,QIUJCCVBRUUHMI-UHFFFAOYSA-N,410.4,F,56
Heptafluoropropyl trifluorovinyl ether,C(=C(F)F)(OC(C(C(F)(F)F)(F)F)(F)F)F,3747,1623-05-8,KHXKESCWFMPTFT-UHFFFAOYSA-N,266.04,F,16
Hexabromobenzene,C1(=C(C(=C(C(=C1Br)Br)Br)Br)Br)Br,14792,87-82-1,CAYGQBVSOZLICD-UHFFFAOYSA-N,551.5,Br,12
"Hexachloro-1,3-butadiene",C(=C(Cl)Cl)(C(=C(Cl)Cl)Cl)Cl,14789,87-68-3,RWNKSTSCBHKHTB-UHFFFAOYSA-N,260.8,Cl,10
Hexachlorobenzene,C1(=C(C(=C(C(=C1Cl)Cl)Cl)Cl)Cl)Cl,1465,118-74-1,CKAPSXZOOQJIBF-UHFFFAOYSA-N,284.8,Cl,12
Hexachlorocyclohexane,C1(C(C(C(C(C1Cl)Cl)Cl)Cl)Cl)Cl,7298;7299;7300;10179,319-84-6;319-85-7;319-86-8;58-89-9,JLYXXMFPNIAWKQ-UHFFFAOYSA-N,290.8,Cl,18
Hexachlorocyclopentadiene,C1(=C(C(C(=C1Cl)Cl)(Cl)Cl)Cl)Cl,13720,77-47-4,VUNCWTMEJYMOOR-UHFFFAOYSA-N,272.8,Cl,11
Hexachloroethane,C(C(Cl)(Cl)Cl)(Cl)(Cl)Cl,11725,67-72-1,VHHHONWQHHHLTI-UHFFFAOYSA-N,236.7,Cl,8
Hexadrin,C1[C@@H]2[C@@H]3[C@H]([C@H]1[C@H]4[C@@H]2O4)[C@@]5(C(=C([C@]3(C5(Cl)Cl)Cl)Cl)Cl)Cl,12994,72-20-8,DFBKLUNHFCTMDC-GKRDHZSOSA-N,380.9,Cl,27
Hexafluoroacetone,C(=O)(C(F)(F)F)C(F)(F)F,12125,684-16-2,VBZWSGALLODQNC-UHFFFAOYSA-N,166.02,F,10
Hexafluoroethane,C(C(F)(F)F)(F)(F)F,13583,76-16-4,WMIYKQLTONQJES-UHFFFAOYSA-N,138.01,F,8
Hexafluoroisopropyl acrylate,C=CC(=O)OC(C(F)(F)F)C(F)(F)F,4976,2160-89-6,MNSWITGNWZSAMC-UHFFFAOYSA-N,222.08,F,18
Hexafluoroisopropyl methacrylate,CC(=C)C(=O)OC(C(F)(F)F)C(F)(F)F,7078,3063-94-3,FMQPBWHSNCRVQJ-UHFFFAOYSA-N,236.11,F,21
Hexafluoropropene,C(=C(F)F)(C(F)(F)F)F,1393,116-15-4,HCDGVLDPFQMKDK-UHFFFAOYSA-N,150.02,F,9
Hexafluoropropylene oxide,C1(C(O1)(F)F)(C(F)(F)F)F,8520,428-59-1,PGFXOWRDDHCDTE-UHFFFAOYSA-N,166.02,F,10
"Hexanal, 2-chloro-",CCCCC(C=O)Cl,13614,762-39-0,WSMIPVGUPYXHDT-UHFFFAOYSA-N,134.6,Cl,19
Hexanoyl fluoride,CCCCCC(=O)F,7923,372-80-5,AURYBMCZYGIOJH-UHFFFAOYSA-N,118.15,F,19
Iodoacetamide,C(C(=O)N)I,3116,144-48-9,PGLTVOMIXTUURA-UHFFFAOYSA-N,184.96,I,9
Iodobenzene,C1=CC=C(C=C1)I,10333,591-50-4,SNHMUERNLJLMHN-UHFFFAOYSA-N,204.01,I,12
Iodoethane,CCI,13453,75-03-6,HVTICUPFWKNHNG-UHFFFAOYSA-N,155.97,I,8
Iodoform,C(I)(I)I,13476,75-47-8,OKJPEAGHQZHRQV-UHFFFAOYSA-N,393.732,I,5
"Isophthalic acid, butyl 10-chlorodecyl ester",CCCCOC(=O)C1=CC(=CC=C1)C(=O)OCCCCCCCCCCCl,17065,,CTHULQCRNLWOBT-UHFFFAOYSA-N,396.9,Cl,60
Isophthaloyl dichloride,C1=CC(=CC(=C1)C(=O)Cl)C(=O)Cl,16045,99-63-8,FDQSRULYDNDXQB-UHFFFAOYSA-N,203.02,Cl,16
Isopropyl chloroformate,CC(C)OC(=O)Cl,853,108-23-6,IVRIRQXJSNCSPQ-UHFFFAOYSA-N,122.55,Cl,14
kappa-HBCD,C1C[C@H]([C@@H](CC[C@H]([C@@H](CC[C@H]([C@@H]1Br)Br)Br)Br)Br)Br,8885,4736-49-6,DEIGXXQKDWULML-PAUJSFGCSA-N,641.7,Br,36
Linoleoyl chloride,CCCCC/C=C\C/C=C\CCCCCCCC(=O)Cl,13385,7459-33-8,FBWMYSQUTZRHAT-HZJYTTRNSA-N,298.9,Cl,51
Linuron,CN(C(=O)NC1=CC(=C(C=C1)Cl)Cl)OC,7440,330-55-2,XKJMBINCVNINCA-UHFFFAOYSA-N,249.09,Cl,25
MCPA-isooctyl,CC1=C(C=CC(=C1)Cl)OCC(=O)OCCCCCC(C)C,6254,26544-20-7,PDIYKJRLQHHRAG-UHFFFAOYSA-N,312.8,Cl,46
Methacryloyl chloride,CC(=C)C(=O)Cl,15463,920-46-7,VHRYZQNGTZXDNX-UHFFFAOYSA-N,104.53,Cl,11
Methacryloyl fluoride,CC(=C)C(=O)F,8046,381-67-9,QPWDDANCLNNEQF-UHFFFAOYSA-N,88.08,F,11
"Methanol, (6-(3,3,3-tribromopropyl)-s-triazine-2,4-diyldinitrilo)tetra-",C(CC(Br)(Br)Br)C1=NC(=NC(=N1)N(CO)CO)N(CO)CO,15307,90751-07-8,WRYGOBYUNBNKLX-UHFFFAOYSA-N,509.98,Br,38
Methoxychlor,COC1=CC=C(C=C1)C(C2=CC=C(C=C2)OC)C(Cl)(Cl)Cl,12995,72-43-5,IAKOZHOLGAGEJT-UHFFFAOYSA-N,345.6,Cl,36
"Methyl 2,2,3,3-tetrafluoro-3-methoxypropionate",COC(=O)C(C(OC)(F)F)(F)F,13540,755-73-7,NDNOUXQCMAHOSA-UHFFFAOYSA-N,190.09,F,18
"Methyl 4-(((2,5-dichlorophenyl)amino)carbonyl)-2-((2-hydroxy-3-(((2-methoxyphenyl)amino)carbonyl)-1-naphthyl)azo)benzoate",COC1=CC=CC=C1NC(=O)C2=CC3=CC=CC=C3C(=C2O)N=NC4=C(C=CC(=C4)C(=O)NC5=C(C=CC(=C5)Cl)Cl)C(=O)OC,10815,61847-48-1,MERWBGHMSXDWBM-UHFFFAOYSA-N,643.5,Cl,69
Methyl N-(4-((2-bromo-6-chloro-4-nitrophenyl)azo)phenyl)-N-(3-methoxy-3-oxopropyl)-beta-alaninate,COC(=O)CCN(CCC(=O)OC)C1=CC=C(C=C1)N=NC2=C(C=C(C=C2Br)[N+](=O)[O-])Cl,10418,59709-38-5,SGXLDQRCIYZKPS-UHFFFAOYSA-N,527.8,Br;Cl,52
Methyl perfluorooctanoate,COC(=O)C(C(C(C(C(C(C(F)(F)F)(F)F)(F)F)(F)F)(F)F)(F)F)(F)F,7998,376-27-2,XOCNYZFAMHDXJK-UHFFFAOYSA-N,428.09,F,29
Methylene Chloride,C(Cl)Cl,13458,75-09-2,YMWUJEATGCHHMB-UHFFFAOYSA-N,84.93,Cl,5
Metolachlor,CCC1=CC=CC(=C1N(C(C)COC)C(=O)CCl)C,9181,51218-45-2,WVQBLGZPHOPPFO-UHFFFAOYSA-N,283.79,Cl,41
Mirex,C12(C3(C4(C5(C3(C(C1(C5(C2(C4(Cl)Cl)Cl)Cl)Cl)(Cl)Cl)Cl)Cl)Cl)Cl)Cl,5325,2385-85-5,GVYLCNUFSHDAAW-UHFFFAOYSA-N,545.5,Cl,22
Mitotane,C1=CC=C(C(=C1)C(C2=CC=C(C=C2)Cl)C(Cl)Cl)Cl,9470,53-19-0,JWBOIMRXGHLCPP-UHFFFAOYSA-N,320,Cl,28
Monuron,CN(C)C(=O)NC1=CC=C(C=C1)Cl,3337,150-68-5,BMLIZLVNXIYGCK-UHFFFAOYSA-N,198.65,Cl,24
"N-(2,3-Dihydro-2-oxo-1H-benzimidazol-5-yl)-3-oxo-2-[[2-(trifluoromethyl)phenyl]azo]butyramide",CC(=O)C(C(=O)NC1=CC2=C(C=C1)NC(=O)N2)N=NC3=CC=CC=C3C(F)(F)F,11980,68134-22-5,VBNVBMNKUIJLPP-UHFFFAOYSA-N,405.3,F,43
"N-(2-((2-Chloro-4,6-dinitrophenyl)azo)-5-(diethylamino)-4-methoxyphenyl)acetamide",CCN(CC)C1=C(C=C(C(=C1)NC(=O)C)N=NC2=C(C=C(C=C2Cl)[N+](=O)[O-])[N+](=O)[O-])OC,14066,79295-99-1,LJIKWZXCXJFCCB-UHFFFAOYSA-N,464.9,Cl,53
"N-(2-Chloroethyl)-4-((2,6-dichloro-4-nitrophenyl)azo)-N-ethyl-m-toluidine",CCN(CCCl)C1=CC(=C(C=C1)N=NC2=C(C=C(C=C2Cl)[N+](=O)[O-])Cl)C,11209,63741-10-6,UGDJBKWHSWJSMB-UHFFFAOYSA-N,415.7,Cl,43
"N-(3-Aminopropyl)-2,2,3,3,4,4,5,5,6,6,7,7,8,8,8-pentadecafluorooctanamide",C(CN)CNC(=O)C(C(C(C(C(C(C(F)(F)F)(F)F)(F)F)(F)F)(F)F)(F)F)(F)F,14718,85938-56-3,YIQVOMZDSOSAQY-UHFFFAOYSA-N,470.18,F,38
"N-(4-Chloro-2,5-dimethoxyphenyl)-3-hydroxy-4-((2-methoxy-5-((phenylamino)carbonyl)phenyl)azo)naphthalene-2-carboxamide",COC1=C(C=C(C=C1)C(=O)NC2=CC=CC=C2)N=NC3=C(C(=CC4=CC=CC=C43)C(=O)NC5=CC(=C(C=C5OC)Cl)OC)O,9444,5280-68-2,HEKSHDRHZRCZBN-UHFFFAOYSA-N,611,Cl,71
N-(5-Chloro-2-methoxyphenyl)-3-hydroxy-4-[[2-methoxy-5-[(phenylamino)carbonyl]phenyl]azo]naphthalene-2-carboxamide,COC1=C(C=C(C=C1)Cl)NC(=O)C2=CC3=CC=CC=C3C(=C2O)N=NC4=C(C=CC(=C4)C(=O)NC5=CC=CC=C5)OC,11887;16078,67990-05-0;99402-80-9,IBHCUBFBUGYOHF-UHFFFAOYSA-N,581,Cl,67
N-(5-Chloro-2-methylphenyl)-3-hydroxy-4-[[2-methoxy-5-[(phenylamino)carbonyl]phenyl]azo]naphthalene-2-carboxamide,CC1=C(C=C(C=C1)Cl)NC(=O)C2=CC3=CC=CC=C3C(=C2O)N=NC4=C(C=CC(=C4)C(=O)NC5=CC=CC=C5)OC,12067,68227-78-1,WWPCXBSKDSUELS-UHFFFAOYSA-N,565,Cl,66
"N-[2-[(2-Bromo-4,6-dinitrophenyl)azo]-5-(diallylamino)-4-methoxyphenyl]acetamide",CC(=O)NC1=CC(=C(C=C1N=NC2=C(C=C(C=C2Br)[N+](=O)[O-])[N+](=O)[O-])OC)N(CC=C)CC=C,9278,51868-46-3,WXDXQSMFRITTEJ-UHFFFAOYSA-N,533.3,Br,55
N-[2-[(2-Bromo-6-cyano-4-nitrophenyl)azo]-5-(diethylamino)phenyl]acetamide,CCN(CC)C1=CC(=C(C=C1)N=NC2=C(C=C(C=C2Br)[N+](=O)[O-])C#N)NC(=O)C,5865,2537-62-4,KTXMBTRTVMMWQS-UHFFFAOYSA-N,459.3,Br,48
"N-[2-[(2-Chloro-4,6-dinitrophenyl)azo]-5-(diallylamino)-4-methoxyphenyl]acetamide",CC(=O)NC1=CC(=C(C=C1N=NC2=C(C=C(C=C2Cl)[N+](=O)[O-])[N+](=O)[O-])OC)N(CC=C)CC=C,14662,85508-41-4,DKEXINVRFGWAKP-UHFFFAOYSA-N,488.9,Cl,55
"N-[3-[bis(2-hydroxyethyl)amino]propyl]-2,2,3,3,4,4,5,5,6,6,7,7,8,8,8-pentadecafluorooctanamide",C(CNC(=O)C(C(C(C(C(C(C(F)(F)F)(F)F)(F)F)(F)F)(F)F)(F)F)(F)F)CN(CCO)CCO,8350,41358-63-8,PJFLHAJVWSCWMB-UHFFFAOYSA-N,558.28,F,52
N-[4-(Acetylamino)phenyl]-4-[[5-(aminocarbonyl)-2-chlorophenyl]azo]-3-hydroxynaphthalene-2-carboxamide,CC(=O)NC1=CC=C(C=C1)NC(=O)C2=CC3=CC=CC=C3C(=C2O)N=NC4=C(C=CC(=C4)C(=O)N)Cl,1843,12236-64-5,UHZVOVCIPHZPEI-UHFFFAOYSA-N,501.9,Cl,56
N-[4-chloro-3-(trifluoromethyl)phenyl]pyridine-4-carboxamide,C1=CC(=C(C=C1NC(=O)C2=CC=NC=C2)C(F)(F)F)Cl,11343,6428-98-4,OCWMCLZVPLFFEU-UHFFFAOYSA-N,300.66,Cl;F,28
N-butyl Chloride,CCCCCl,942,109-69-3,VFWCMGCRMGJXDK-UHFFFAOYSA-N,92.57,Cl,14
N-hydroxy-N'-[2-(trifluoromethyl)phenyl]pyridine-3-carboximidamide,C1=CC=C(C(=C1)C(F)(F)F)N=C(C2=CN=CC=C2)NO,6764,288246-53-7,QBQQPVCKEDSAHQ-UHFFFAOYSA-N,281.23,F,30
Neodecanoyl chloride,CC(C)(C)CCCCCC(=O)Cl,8254,40292-82-8,WOFMVUZGDHWHLJ-UHFFFAOYSA-N,190.71,Cl,31
Neophyl chloride,CC(C)(CCl)C1=CC=CC=C1,9236,515-40-2,DNXXUUPUQXSUFH-UHFFFAOYSA-N,168.66,Cl,24
Nitrapyrin,C1=CC(=NC(=C1)Cl)C(Cl)(Cl)Cl,4536,1929-82-4,DCUJJWWUNKIJPH-UHFFFAOYSA-N,230.9,Cl,14
Nonadecafluoro-9-iodononane,C(C(C(C(C(F)(F)F)(F)F)(F)F)(F)F)(C(C(C(C(F)(F)I)(F)F)(F)F)(F)F)(F)F,9881,558-97-4,YYCFEDCTRHSPLB-UHFFFAOYSA-N,595.97,F;I,29
Nordazepam,C1C(=O)NC2=C(C=C(C=C2)Cl)C(=N1)C3=CC=CC=C3,914,1088-11-5,AKPLHCDWDRPJGD-UHFFFAOYSA-N,270.71,Cl,30
"O,P'-Dde",C1=CC=C(C(=C1)C(=C(Cl)Cl)C2=CC=C(C=C2)Cl)Cl,7596,3424-82-6,ZDYJWDIWLRZXDB-UHFFFAOYSA-N,318,Cl,26
"O,P'-Ddt",C1=CC=C(C(=C1)C(C2=CC=C(C=C2)Cl)C(Cl)(Cl)Cl)Cl,14023,789-02-6,CVUGPAFCQJIYDT-UHFFFAOYSA-N,354.5,Cl,28
OCTACHLORODIBENZO-p-DIOXIN,C12=C(C(=C(C(=C1Cl)Cl)Cl)Cl)OC3=C(O2)C(=C(C(=C3Cl)Cl)Cl)Cl,7389,3268-87-9,FOIBFBMSLDGNHL-UHFFFAOYSA-N,459.7,Cl,22
Octachloronaphthalene,C12=C(C(=C(C(=C1Cl)Cl)Cl)Cl)C(=C(C(=C2Cl)Cl)Cl)Cl,5114,2234-13-1,RTNLUFLDZOAXIC-UHFFFAOYSA-N,403.7,Cl,18
"Octadecyl 2,2,2-trifluoroacetate",CCCCCCCCCCCCCCCCCCOC(=O)C(F)(F)F,14069,79392-43-1,YZVKTRPQHJKFOD-UHFFFAOYSA-N,366.5,F,62
Octadecyl chloroacetate,CCCCCCCCCCCCCCCCCCOC(=O)CCl,9531,5348-82-3,HDNSRULOUMXYKG-UHFFFAOYSA-N,347,Cl,62
Octafluoroadiponitrile,C(#N)C(C(C(C(C#N)(F)F)(F)F)(F)F)(F)F,8000,376-53-4,PZIVXXORSILYOQ-UHFFFAOYSA-N,252.06,F,16
Octafluorocyclobutane,C1(C(C(C1(F)F)(F)F)(F)F)(F)F,1359,115-25-3,BCCOBQSFUDVTJQ-UHFFFAOYSA-N,200.03,F,12
Octatriacontyl pentafluoropropionate,CCCCCCCCCCCCCCCCCCCCCCCCCCCCCCCCCCCCCCOC(=O)C(C(F)(F)F)(F)F,17204,,YWJGNYMMXDJUCM-UHFFFAOYSA-N,697,F,125
Octyl 5-tert-butyl-3-(5-chloro-2H-benzotriazole-2-yl)-4-hydroxybenzenepropionate,CCCCCCCCOC(=O)CCC1=CC(=C(C(=C1)N2N=C3C=CC(=CC3=N2)Cl)O)C(C)(C)C,14385,83044-89-7,DMFXLIFZVRXRRR-UHFFFAOYSA-N,486,Cl,70
"Oleyl alcohol, trifluoroacetate",CCCCCCCC/C=C\CCCCCCCCOC(=O)C(F)(F)F,17425,,FLDNEOWDJOPXSX-KTKRTIGZSA-N,364.5,F,60
Oleyl chloride,CCCCCCCC/C=C\CCCCCCCCCl,3852,16507-61-2,IFABLCIRROMTAN-KTKRTIGZSA-N,286.9,Cl,54
"Oxirane, 2,2-difluoro-3,3-bis(trifluoromethyl)-",C1(C(O1)(F)F)(C(F)(F)F)C(F)(F)F,12802,707-13-1,PLDYTCVFPKKAJR-UHFFFAOYSA-N,216.03,F,13
"p,p'-DDD",C1=CC(=CC=C1C(C2=CC=C(C=C2)Cl)C(Cl)Cl)Cl,12996,72-54-8,AHJKRLASYNVKDZ-UHFFFAOYSA-N,320,Cl,28
"p,p'-DDE",C1=CC(=CC=C1C(=C(Cl)Cl)C2=CC=C(C=C2)Cl)Cl,12997,72-55-9,UCNVFOCBFJOQAL-UHFFFAOYSA-N,318,Cl,26
"p,p'-Methoxychlor olefin",COC1=CC=C(C=C1)C(=C(Cl)Cl)C2=CC=C(C=C2)OC,4927,2132-70-9,YCRYSVKEWAWTGI-UHFFFAOYSA-N,309.2,Cl,34
Palmitoyl chloride,CCCCCCCCCCCCCCCC(=O)Cl,1246,112-67-4,ARBOVOVUTSQWSS-UHFFFAOYSA-N,274.9,Cl,49
Paraclox,C1=CC(=CC=C1C(=O)/C(=N\O)/Cl)O,7673,34911-46-1,YHOOPWNLHRKWEM-CSKARUKUSA-N,199.59,Cl,19
Parylene F dimer,C1CC2=C(C(=C(CCC3=C(C(=C1C(=C3F)F)F)F)C(=C2F)F)F)F,4194,1785-64-4,GUHKMHMGKKRFDT-UHFFFAOYSA-N,352.22,F,32
Pentabromobenzene,C1=C(C(=C(C(=C1Br)Br)Br)Br)Br,10551,608-90-2,LLVVSBBXENOOQY-UHFFFAOYSA-N,472.59,Br,12
Pentabromobenzyl bromide,C(C1=C(C(=C(C(=C1Br)Br)Br)Br)Br)Br,8096,38521-51-6,PYOIYKRKAHYOKO-UHFFFAOYSA-N,565.5,Br,15
Pentabromophenol,C1(=C(C(=C(C(=C1Br)Br)Br)Br)Br)O,10550,608-71-9,SVHOVVJFOWGYJO-UHFFFAOYSA-N,488.59,Br,13
Pentabromophenyl acrylate,C=CC(=O)OC1=C(C(=C(C(=C1Br)Br)Br)Br)Br,9400,52660-82-9,BKKVYNMMVYEBGR-UHFFFAOYSA-N,542.6,Br,19
Pentabromophenyl benzoate,C1=CC=C(C=C1)C(=O)OC2=C(C(=C(C(=C2Br)Br)Br)Br)Br,10058,57011-47-9,JQRIZLGZAPSJPN-UHFFFAOYSA-N,592.7,Br,25
Pentachloroaniline,C1(=C(C(=C(C(=C1Cl)Cl)Cl)Cl)Cl)N,9426,527-20-8,KHCZSJXTDDHLGJ-UHFFFAOYSA-N,265.3,Cl,14
Pentachloroanisole,COC1=C(C(=C(C(=C1Cl)Cl)Cl)Cl)Cl,4284,1825-21-4,BBABSCYTNHOKOG-UHFFFAOYSA-N,280.4,Cl,16
Pentachlorobenzene,C1=C(C(=C(C(=C1Cl)Cl)Cl)Cl)Cl,10552,608-93-5,CEOCDNVZRAIOQZ-UHFFFAOYSA-N,250.3,Cl,12
Pentachlorobutadiene,C(=C(Cl)Cl)C(=C(Cl)Cl)Cl,4936,21400-41-9,WVFBDVFCOCLEFM-UHFFFAOYSA-N,226.3,Cl,10
Pentachloroethane,C(C(Cl)(Cl)Cl)(Cl)Cl,13580,76-01-7,BNIXVQGCZULYKV-UHFFFAOYSA-N,202.3,Cl,8
Pentachlorophenol,C1(=C(C(=C(C(=C1Cl)Cl)Cl)Cl)Cl)O,14796,87-86-5,IZUPBVBPLAPZRR-UHFFFAOYSA-N,266.3,Cl,13
Pentachloropyridine,C1(=C(C(=NC(=C1Cl)Cl)Cl)Cl)Cl,5009,2176-62-7,DNDPLEAVNVOOQZ-UHFFFAOYSA-N,251.3,Cl,11
"Pentafluoro(1,2,2-trifluoro-2-((trifluorovinyl)oxy)-1-(trifluoromethyl)ethoxy)benzene",C1(=C(C(=C(C(=C1F)F)F)F)F)OC(C(OC(=C(F)F)F)(F)F)(C(F)(F)F)F,5460,24520-19-2,QYMQYPBAGDZNMY-UHFFFAOYSA-N,430.09,F,27
Pentafluoroethane,C(C(F)(F)F)(F)F,7725,354-33-6,GTLACDSXYULKMZ-UHFFFAOYSA-N,120.02,F,8
Pentafluoroethyl trifluorovinyl ether,C(=C(F)F)(OC(C(F)(F)F)(F)F)F,551,10493-43-3,GWTYBAOENKSFAY-UHFFFAOYSA-N,216.03,F,13
Pentafluoroiodoethane,C(C(F)(F)I)(F)(F)F,7726,354-64-3,UXPOJVLZTPGWFX-UHFFFAOYSA-N,245.92,F;I,8
Pentafluorophenyl acrylate,C=CC(=O)OC1=C(C(=C(C(=C1F)F)F)F)F,12895,71195-85-2,RFOWDPMCXHVGET-UHFFFAOYSA-N,238.11,F,19
Pentafluorophenyl methacrylate,CC(=C)C(=O)OC1=C(C(=C(C(=C1F)F)F)F)F,2735,13642-97-2,NIJWSVFNELSKMF-UHFFFAOYSA-N,252.14,F,22
Perbromophenyl methacrylate,CC(=C)C(=O)OC1=C(C(=C(C(=C1Br)Br)Br)Br)Br,4478,18967-31-2,OFZRSOGEOFHZKS-UHFFFAOYSA-N,556.7,Br,22
Perflubrodec,C(C(C(C(C(C(F)(F)Br)(F)F)(F)F)(F)F)(F)F)(C(C(C(C(F)(F)F)(F)F)(F)F)(F)F)(F)F,7103,307-43-7,JCAULFRGWRHHIG-UHFFFAOYSA-N,598.98,Br;F,32
Perfluoro(4-methylpent-2-ene),C(=C(/C(F)(F)F)\F)(\C(C(F)(F)F)(C(F)(F)F)F)/F,7913,3709-71-5,SAPOZTRFWJZUFT-OWOJBTEDSA-N,300.04,F,18
"Perfluoro-1,2-epoxycyclobutane",C12(C(O1)(C(C2(F)F)(F)F)F)F,2500,13324-28-2,OIAVJQSVVHMJHE-UHFFFAOYSA-N,178.03,F,11
Perfluoro-1-oxaspiro[2.3]hexane,C12(C(C(C1(F)F)(F)F)(F)F)C(O2)(F)F,9515,53389-66-5,JVCXYVODGWWIOV-UHFFFAOYSA-N,228.04,F,14
"Perfluoro-2,2'-(1,2-ethanediyl)bis-oxirane",C1(C(O1)(F)F)(C(C(C2(C(O2)(F)F)F)(F)F)(F)F)F,2941,140173-03-1,UTEGYLJVQXSTIH-UHFFFAOYSA-N,294.05,F,18
"Perfluoro-2,2'-(octane-1,8-diyl)bis(oxirane)",C1(C(O1)(F)F)(C(C(C(C(C(C(C(C(C2(C(O2)(F)F)F)(F)F)(F)F)(F)F)(F)F)(F)F)(F)F)(F)F)(F)F)F,2775,13714-90-4,UCAJKLPVGXYXDG-UHFFFAOYSA-N,594.09,F,36
"Perfluoro-2,2'-butane-1,4-diylbis(oxirane)",C1(C(O1)(F)F)(C(C(C(C(C2(C(O2)(F)F)F)(F)F)(F)F)(F)F)(F)F)F,2774,13714-88-0,KUYLGGIQLBBOOJ-UHFFFAOYSA-N,394.06,F,24
Perfluoro-2-(3-methoxypropyl)oxirane,C1(C(O1)(F)F)(C(C(C(OC(F)(F)F)(F)F)(F)F)(F)F)F,12979,71877-16-2,HQRZVUSNOWHPGL-UHFFFAOYSA-N,332.04,F,20
Perfluoro-2-(hex-5-en-1-yl)oxirane,C(=C(F)F)(C(C(C(C(C1(C(O1)(F)F)F)(F)F)(F)F)(F)F)(F)F)F,13035,72264-78-9,MLTKFTOZVPXXNE-UHFFFAOYSA-N,378.06,F,23
Perfluoro-2-(phenoxymethyl)oxirane,C1(=C(C(=C(C(=C1F)F)F)F)F)OC(C2(C(O2)(F)F)F)(F)F,14492,84329-68-0,MNUGJPVDFUAQFZ-UHFFFAOYSA-N,330.08,F,21
"Perfluoro-2-methyl-2,3-di(propan-2-yl)oxirane",C1(C(O1)(C(C(F)(F)F)(C(F)(F)F)F)F)(C(C(F)(F)F)(C(F)(F)F)F)C(F)(F)F,5271,2355-27-3,VAVDAKXAYJCHRZ-UHFFFAOYSA-N,466.07,F,28
Perfluoro-2-{[(propan-2-yl)oxy]methyl}oxirane,C1(C(O1)(F)F)(C(OC(C(F)(F)F)(C(F)(F)F)F)(F)F)F,14498,84424-45-3,NJWINAKTEYVLBA-UHFFFAOYSA-N,332.04,F,20
Perfluoro-3-(oxiran-2-yl)propanoyl fluoride,C(=O)(C(C(C1(C(O1)(F)F)F)(F)F)(F)F)F,2942,140173-04-2,LQZMTWGRXNIZMD-UHFFFAOYSA-N,244.04,F,15
Perfluoro-p-terphenyl,C1(=C(C(=C(C(=C1F)F)C2=C(C(=C(C(=C2F)F)F)F)F)F)F)C3=C(C(=C(C(=C3F)F)F)F)F,6970,3008-31-9,OZQSEPKJIUMPRU-UHFFFAOYSA-N,482.2,F,32
Perfluorobutyl iodide,C(C(C(F)(F)I)(F)F)(C(F)(F)F)(F)F,8469,423-39-2,PGRFXXCKHGIFSV-UHFFFAOYSA-N,345.93,F;I,14
Perfluorodecanoic acid,C(=O)(C(C(C(C(C(C(C(C(C(F)(F)F)(F)F)(F)F)(F)F)(F)F)(F)F)(F)F)(F)F)(F)F)O,7512,335-76-2,PCIUEQPBYFRTEM-UHFFFAOYSA-N,514.08,F,32
Perfluorodecyl iodide,C(C(C(C(C(C(F)(F)I)(F)F)(F)F)(F)F)(F)F)(C(C(C(C(F)(F)F)(F)F)(F)F)(F)F)(F)F,8472,423-62-1,UDWBMXSQHOHKOI-UHFFFAOYSA-N,645.98,F;I,32
Perfluorododecanoic acid,C(=O)(C(C(C(C(C(C(C(C(C(C(C(F)(F)F)(F)F)(F)F)(F)F)(F)F)(F)F)(F)F)(F)F)(F)F)(F)F)(F)F)O,7105,307-55-1,CXGONMQFMIYUJR-UHFFFAOYSA-N,614.1,F,38
Perfluoroglutaronitrile,C(#N)C(C(C(C#N)(F)F)(F)F)(F)F,8002,376-89-6,YDLOFKOZJGMQBZ-UHFFFAOYSA-N,202.06,F,13
Perfluoroheptanoic acid,C(=O)(C(C(C(C(C(C(F)(F)F)(F)F)(F)F)(F)F)(F)F)(F)F)O,7989,375-85-9,ZWBAMYVPMDSJGQ-UHFFFAOYSA-N,364.06,F,23
Perfluorohexanoic acid,C(=O)(C(C(C(C(C(F)(F)F)(F)F)(F)F)(F)F)(F)F)O,7101,307-24-4,PXUULQAPEKKVAH-UHFFFAOYSA-N,314.05,F,20
Perfluorohexyl iodide,C(C(C(C(F)(F)I)(F)F)(F)F)(C(C(F)(F)F)(F)F)(F)F,7734,355-43-1,BULLJMKUVKYZDJ-UHFFFAOYSA-N,445.95,F;I,20
Perfluoroisobutylene,C(=C(F)F)(C(F)(F)F)C(F)(F)F,8054,382-21-8,DAFIBNSJXIGBQB-UHFFFAOYSA-N,200.03,F,12
Perfluorononanoic acid,C(=O)(C(C(C(C(C(C(C(C(F)(F)F)(F)F)(F)F)(F)F)(F)F)(F)F)(F)F)(F)F)O,7991,375-95-1,UZUFPBIDKMEQEQ-UHFFFAOYSA-N,464.08,F,29
Perfluorooctanamide,C(=O)(C(C(C(C(C(C(C(F)(F)F)(F)F)(F)F)(F)F)(F)F)(F)F)(F)F)N,8471,423-54-1,UGMUDSKJLAUMTC-UHFFFAOYSA-N,413.08,F,27
Perfluorooctaneamide betaine,C[N+](C)(CCCNC(=O)C(C(C(C(C(C(C(F)(F)F)(F)F)(F)F)(F)F)(F)F)(F)F)(F)F)CC(=O)[O-],15176,90179-39-8,FTAFFTSOJBRORR-UHFFFAOYSA-N,556.27,F,50
Perfluorooctanoic acid,C(=O)(C(C(C(C(C(C(C(F)(F)F)(F)F)(F)F)(F)F)(F)F)(F)F)(F)F)O,7511,335-67-1,SNGREZUHAYWORS-UHFFFAOYSA-N,414.07,F,26
Perfluorooctanoyl chloride,C(=O)(C(C(C(C(C(C(C(F)(F)F)(F)F)(F)F)(F)F)(F)F)(F)F)(F)F)Cl,7509,335-64-8,AQQBRCXWZZAFOK-UHFFFAOYSA-N,432.51,Cl;F,25
Perfluorooctanoyl fluoride,C(=O)(C(C(C(C(C(C(C(F)(F)F)(F)F)(F)F)(F)F)(F)F)(F)F)(F)F)F,7510,335-66-0,ZILWJLIFAGWGLE-UHFFFAOYSA-N,416.06,F,25
Perfluorooctyl iodide,C(C(C(C(C(F)(F)I)(F)F)(F)F)(F)F)(C(C(C(F)(F)F)(F)F)(F)F)(F)F,9114,507-63-1,KWXGJTSJUKTDQU-UHFFFAOYSA-N,545.96,F;I,26
Perfluorotetramethylethylene oxide,C1(C(O1)(C(F)(F)F)C(F)(F)F)(C(F)(F)F)C(F)(F)F,4005,1708-78-7,NFUWEAMDFKXVFH-UHFFFAOYSA-N,316.04,F,19
Perfluorotributylamine,C(C(C(F)(F)F)(F)F)(C(N(C(C(C(C(F)(F)F)(F)F)(F)F)(F)F)C(C(C(C(F)(F)F)(F)F)(F)F)(F)F)(F)F)(F)F,7182,311-89-7,RVZRBWKZFJCCIB-UHFFFAOYSA-N,671.09,F,40
Perfluorotridecanoic acid,C(=O)(C(C(C(C(C(C(C(C(C(C(C(C(F)(F)F)(F)F)(F)F)(F)F)(F)F)(F)F)(F)F)(F)F)(F)F)(F)F)(F)F)(F)F)O,13072,72629-94-8,LVDGGZAZAYHXEY-UHFFFAOYSA-N,664.1,F,41
Perfluoroundecanoic acid,C(=O)(C(C(C(C(C(C(C(C(C(C(F)(F)F)(F)F)(F)F)(F)F)(F)F)(F)F)(F)F)(F)F)(F)F)(F)F)O,4786,2058-94-8,SIDINRCMMRKXGQ-UHFFFAOYSA-N,564.09,F,35
Perfluorovaleric acid,C(=O)(C(C(C(C(F)(F)F)(F)F)(F)F)(F)F)O,6417,2706-90-3,CXZGQIAOTKWCDB-UHFFFAOYSA-N,264.05,F,17
Perflutren,C(C(F)(F)F)(C(F)(F)F)(F)F,13584,76-19-7,QYSGYZVSCZSLHT-UHFFFAOYSA-N,188.02,F,11
Permethrin,CC1(C(C1C(=O)OCC2=CC(=CC=C2)OC3=CC=CC=C3)C=C(Cl)Cl)C,9397,52645-53-1,RLLPVAHGXHCWKJ-UHFFFAOYSA-N,391.3,Cl,46
"Phen-1,4-diol, 2,3-dimethyl-5-trifluoromethyl-",CC1=C(C=C(C(=C1C)O)C(F)(F)F)O,17433,,TYCIZVUOGKUPFF-UHFFFAOYSA-N,206.16,F,23
Phenaglycodol,CC(C)(C(C)(C1=CC=C(C=C1)Cl)O)O,14051,79-93-6,HTYIXCKSEQQCJO-UHFFFAOYSA-N,214.69,Cl,29
"Phenol, 2,3,5-tribromo-",C1=C(C=C(C(=C1O)Br)Br)Br,10104,57383-81-0,SKDJCHZVXDLVIE-UHFFFAOYSA-N,330.8,Br,13
"Phenol, 2,4,5-tribromo-",C1=C(C(=CC(=C1Br)Br)Br)O,3120,14401-61-7,XPUSKKJATQFMBF-UHFFFAOYSA-N,330.8,Br,13
"Phenol, tribromo-",C1=CC(=C(C(=C1O)Br)Br)Br,2854;5866,138507-65-0;25376-38-9,OUCSIUCEQVCDEL-UHFFFAOYSA-N,330.8,Br,13
Phosgene,C(=O)(Cl)Cl,13473,75-44-5,YGYAWVDWMABLBF-UHFFFAOYSA-N,98.91,Cl,4
"Propanenitrile, 3,3'-[[4-[(2-chloro-4-nitrophenyl)azo]phenyl]imino]bis-",C1=CC(=CC=C1N=NC2=C(C=C(C=C2)[N+](=O)[O-])Cl)N(CCC#N)CCC#N,8278,4058-30-4,ZXXVVTBKBDDTSE-UHFFFAOYSA-N,382.8,Cl,42
"Propanenitrile, 3-[[2-(acetyloxy)ethyl][4-[(2-chloro-4-nitrophenyl)azo]phenyl]amino]-",CC(=O)OCCN(CCC#N)C1=CC=C(C=C1)N=NC2=C(C=C(C=C2)[N+](=O)[O-])Cl,10497,6021-61-0,XSTSGWJEOIPFED-UHFFFAOYSA-N,415.8,Cl,47
Propanil,CCC(=O)NC1=CC(=C(C=C1)Cl)Cl,12835,709-98-8,LFULEKSKNZEWOE-UHFFFAOYSA-N,218.08,Cl,22
Propazine,CC(C)NC1=NC(=NC(=N1)Cl)NC(C)C,2869,139-40-2,WJNRPILHGGKWCK-UHFFFAOYSA-N,229.71,Cl,31
Propiconazole,CCCC1COC(O1)(CN2C=NC=N2)C3=C(C=C(C=C3)Cl)Cl,10495,60207-90-1,STJLVHWMYQXCPB-UHFFFAOYSA-N,342.2,Cl,39
Propyzamide,CC(C)(C#C)NC(=O)C1=CC(=CC(=C1)Cl)Cl,5344,23950-58-5,PHNUZKMIPFFYSO-UHFFFAOYSA-N,256.12,Cl,27
"Pyrrolo[3,4-c]pyrrole-1,4-dione, 3,6-bis(4-chlorophenyl)-2,5-dihydro-",C1=CC(=CC=C1C2=C3C(=C(N2)O)C(=NC3=O)C4=CC=C(C=C4)Cl)Cl,14512,84632-65-5,IWCLHLSTAOEFCW-UHFFFAOYSA-N,357.2,Cl,34
"Quino[2,3-b]acridine-7,14-dione, 2,9-dichloro-5,6,12,13-tetrahydro-",C1C2=C(CC3=C1NC4=C(C3=O)C=C(C=C4)Cl)NC5=C(C2=O)C=C(C=C5)Cl,9160,51085-07-5,QSHKTWMVEGIPMA-UHFFFAOYSA-N,383.2,Cl,38
Simazine,CCNC1=NC(=NC(=N1)Cl)NCC,1789,122-34-9,ODCWYMIRDDJXKW-UHFFFAOYSA-N,201.66,Cl,25
Solvent Red 135,C1=CC2=C3C(=C1)N=C4C5=C(C(=C(C(=C5Cl)Cl)Cl)Cl)C(=O)N4C3=CC=C2,4815,20749-68-2,UBZVRROHBDDCQY-UHFFFAOYSA-N,408.1,Cl,31
Solvent yellow 157,C1=CC=C2C(=C1)C=CC(=N2)C3C(=O)C4=C(C3=O)C(=C(C(=C4Cl)Cl)Cl)Cl,6595,27908-75-4,FTQURCYYMGCGDB-UHFFFAOYSA-N,411.1,Cl,32
"Succinic acid, 2-(2-chlorophenoxy)ethyl ethyl ester",CCOC(=O)CCC(=O)OCCOC1=CC=CC=C1Cl,16612,,CHSIRNHJPJDHLW-UHFFFAOYSA-N,300.73,Cl,37
Syn-dodecachloropentacyclooctadecadiene,C1C[C@H]2[C@@H](CC[C@H]3[C@@H]1[C@]4(C(=C([C@@]3(C4(Cl)Cl)Cl)Cl)Cl)Cl)[C@]5(C(=C([C@@]2(C5(Cl)Cl)Cl)Cl)Cl)Cl,2708,135821-03-3,UGQQAJOWXNCOPY-MXYLTYEXSA-N,653.7,Cl,42
Tebuconazole,CC(C)(C)C(CCC1=CC=C(C=C1)Cl)(CN2C=NC=N2)O,824,107534-96-3,PXMNMQRDXWABCY-UHFFFAOYSA-N,307.82,Cl,43
Terbuthylazine,CCNC1=NC(=NC(=N1)Cl)NC(C)(C)C,10349,5915-41-3,FZXISNSWEXTPMF-UHFFFAOYSA-N,229.71,Cl,31
Terephthaloyl chloride,C1=CC(=CC=C1C(=O)Cl)C(=O)Cl,5,100-20-9,LXEJRKJRKIFVNY-UHFFFAOYSA-N,203.02,Cl,16
Tetrabromobisphenol A,CC(C)(C1=CC(=C(C(=C1)Br)O)Br)C2=CC(=C(C(=C2)Br)O)Br,5938;14052,25639-54-7;79-94-7,VEORPZCZECFIRK-UHFFFAOYSA-N,543.9,Br,33
Tetrabromobisphenol A bismethyl ether,CC(C)(C1=CC(=C(C(=C1)Br)OC)Br)C2=CC(=C(C(=C2)Br)OC)Br,8031,37853-61-5,XRQKNNNAKHZPSP-UHFFFAOYSA-N,571.9,Br,39
Tetrabromobisphenol A diallyl ether,CC(C)(C1=CC(=C(C(=C1)Br)OCC=C)Br)C2=CC(=C(C(=C2)Br)OCC=C)Br,5852,25327-89-3,PWXTUWQHMIFLKL-UHFFFAOYSA-N,624,Br,47
Tetrabromobisphenol A diglycidyl ether,CC(C)(C1=CC(=C(C(=C1)Br)OCC2CO2)Br)C3=CC(=C(C(=C3)Br)OCC4CO4)Br,7110,3072-84-2,ZJRAAAWYHORFHN-UHFFFAOYSA-N,656,Br,49
Tetrabromophthalic acid,C1(=C(C(=C(C(=C1Br)Br)Br)Br)C(=O)O)C(=O)O,2825,13810-83-8,XIRDTMSOGDWMOX-UHFFFAOYSA-N,481.71,Br,18
Tetrabromophthalic anhydride,C12=C(C(=C(C(=C1Br)Br)Br)Br)C(=O)OC2=O,11102,632-79-1,QHWKHLYUUZGSCW-UHFFFAOYSA-N,463.7,Br,15
Tetrachlorobisphenol A,CC(C)(C1=CC(=C(C(=C1)Cl)O)Cl)C2=CC(=C(C(=C2)Cl)O)Cl,14053,79-95-8,KYPYTERUKNKOLP-UHFFFAOYSA-N,366.1,Cl,33
Tetrachloroethylene,C(=C(Cl)Cl)(Cl)Cl,2100,127-18-4,CYTYCFOTNPOANT-UHFFFAOYSA-N,165.8,Cl,6
Tetrachlorophthalic acid,C1(=C(C(=C(C(=C1Cl)Cl)Cl)Cl)C(=O)O)C(=O)O,11099,632-58-6,WZHHYIOUKQNLQM-UHFFFAOYSA-N,303.9,Cl,18
Tetrachlorophthalic anhydride,C12=C(C(=C(C(=C1Cl)Cl)Cl)Cl)C(=O)OC2=O,1417,117-08-8,AUHHYELHRWCWEZ-UHFFFAOYSA-N,285.9,Cl,15
Tetradecyl trifluoroacetate,CCCCCCCCCCCCCCOC(=O)C(F)(F)F,10906,6222-02-2,UVIFJLAXCAKUFR-UHFFFAOYSA-N,310.39,F,50
"Tetrafluoro-1,4-benzoquinone",C1(=C(C(=O)C(=C(C1=O)F)F)F)F,9427,527-21-9,JKLYZOGJWVAIQS-UHFFFAOYSA-N,180.06,F,12
Tetrafluoroethylene,C(=C(F)F)(F)F,1392;15005,116-14-3;9002-84-0,BFKJFAAPBSQJPD-UHFFFAOYSA-N,100.01,F,6
"trans-1,2-Dichloroethylene",C(=C/Cl)\Cl,3504,156-60-5,KFUSEUYYWQURPO-OWOJBTEDSA-N,96.94,Cl,6
"trans-2,3-Dibromo-2-butene-1,4-diol",C(/C(=C(/CO)\Br)/Br)O,7341,3234-02-4,MELXIJRBKWTTJH-ONEGZZNKSA-N,245.9,Br,14
trans-Chlordane,C1[C@H]2[C@@H]([C@H]([C@@H]1Cl)Cl)[C@]3(C(=C([C@@]2(C3(Cl)Cl)Cl)Cl)Cl)Cl,9159,5103-74-2,BIWJNBZANLAXMG-MPPHZFHBSA-N,409.8,Cl,24
trans-Nonachlor,[C@@H]12[C@@H]([C@H](C([C@H]1Cl)Cl)Cl)[C@]3(C(=C([C@@]2(C3(Cl)Cl)Cl)Cl)Cl)Cl,8214,39765-80-5,OCHOKXCPKDPNQU-FLVMBEMLSA-N,444.2,Cl,24
Triadimefon,CC(C)(C)C(=O)C(N1C=NC=N1)OC2=CC=C(C=C2)Cl,8550,43121-43-3,WURBVZBTWMNKQT-UHFFFAOYSA-N,293.75,Cl,36
Triamcinolone Acetonide,C[C@]12C[C@@H]([C@]3([C@H]([C@@H]1C[C@@H]4[C@]2(OC(O4)(C)C)C(=O)CO)CCC5=CC(=O)C=C[C@@]53C)F)O,13586,76-25-5,YNDXUCZADRHECN-JNQJZLCISA-N,434.5,F,62
Tribromobisphenol A,CC(C)(C1=CC(=C(C=C1)O)Br)C2=CC(=C(C(=C2)Br)O)Br,11234,6386-73-8,WYBOEVJIVYIEJL-UHFFFAOYSA-N,465,Br,33
Tribromodiphenyl ether,C1=CC=C(C(=C1)OC2=CC(=C(C=C2)Br)Br)Br,3229;8991,147217-78-5;49690-94-0,BUQBQEYUVAKJQK-UHFFFAOYSA-N,406.89,Br,23
Tribromostyrene,C1=CC=C(C=C1)C(=C(Br)Br)Br,10638,61368-34-1,JVPKLOPETWVKQD-UHFFFAOYSA-N,340.84,Br,16
Tribromsalan,C1=CC(=CC=C1NC(=O)C2=C(C(=CC(=C2)Br)Br)O)Br,17327,,KVSKGMLNBAPGKH-UHFFFAOYSA-N,449.92,Br,27
Trichloroethylene,C(=C(Cl)Cl)Cl,14028,79-01-6,XSTXAVWGXDQKEL-UHFFFAOYSA-N,131.38,Cl,6
Trichlorofluoromethane,C(F)(Cl)(Cl)Cl,13487,75-69-4,CYRMSUTZVYGINF-UHFFFAOYSA-N,137.36,Cl;F,5
Trichloroisocyanuric acid,C1(=O)N(C(=O)N(C(=O)N1Cl)Cl)Cl,14798,87-90-1,YRIZYWQGELRKNT-UHFFFAOYSA-N,232.41,Cl,12
Trichloromelamine,C1(=NC(=NC(=N1)NCl)NCl)NCl,13685,7673-09-8,KEPNSIARSTUPGS-UHFFFAOYSA-N,229.45,Cl,15
Triclosan,C1=CC(=C(C=C1Cl)O)OC2=C(C=C(C=C2)Cl)Cl,7557,3380-34-5,XEFQLINVKFYRCS-UHFFFAOYSA-N,289.5,Cl,24
Tricosafluoroundecyl iodide,C(C(C(C(C(C(F)(F)F)(F)F)(F)F)(F)F)(F)F)(C(C(C(C(C(F)(F)I)(F)F)(F)F)(F)F)(F)F)(F)F,7104,307-50-6,TZOCNIUPCRBERM-UHFFFAOYSA-N,695.98,F;I,35
"Tricyclo[8.2.2.24,7]hexadeca-4,6,10,12,13,15-hexaene, dichloro-",C1C(C2=CC=C(CC(C3=CC=C1C=C3)Cl)C=C2)Cl,6760,28804-46-8,VRBFTYUMFJWSJY-UHFFFAOYSA-N,277.2,Cl,32
"Tricyclo[8.2.2.24,7]hexadeca-4,6,10,12,13,15-hexaene, tetrachloro-",C1CC2=C(C(=C(CCC3=C(C(=C1C=C3)Cl)Cl)C=C2)Cl)Cl,7049,30501-29-2,QYFSCKPZVYAASR-UHFFFAOYSA-N,346.1,Cl,32
Tridecafluorohexylethyl methacrylate,CC(=C)C(=O)OCCC(C(C(C(C(C(F)(F)F)(F)F)(F)F)(F)F)(F)F)(F)F,4940,2144-53-8,CDXFIRXEAJABAZ-UHFFFAOYSA-N,432.18,F,36
Tridecyl trifluoroacetate,CCCCCCCCCCCCCOC(=O)C(F)(F)F,9563,53800-02-5,DKWJQENYIDPCEX-UHFFFAOYSA-N,296.37,F,47
"Trifluoro(1,1,2,2,3,4,4-heptafluorobut-3-enyl)oxirane",C(=C(F)F)(C(C(C1(C(O1)(F)F)F)(F)F)(F)F)F,3457,15453-10-8,NYAGRQZHLFYEOA-UHFFFAOYSA-N,278.05,F,17
Trifluoroacetic Acid,C(=O)(C(F)(F)F)O,13581,76-05-1,DTQVDTLACAAQTR-UHFFFAOYSA-N,114.02,F,8
Trifluoroethylene,C(=C(F)F)F,7777,359-11-5,MIZLGWKEZAPEFJ-UHFFFAOYSA-N,82.02,F,6
Trifluoromethane,C(F)(F)F,13475,75-46-7,XPDWGBQVDMORPB-UHFFFAOYSA-N,70.014,F,5
Trifluoromethyl trifluorovinyl ether,C(=C(F)F)(OC(F)(F)F)F,1490,1187-93-5,BLTXWCKMNMYXEA-UHFFFAOYSA-N,166.02,F,10
Trifluralin,CCCN(CCC)C1=C(C=C(C=C1[N+](=O)[O-])C(F)(F)F)[N+](=O)[O-],3601,1582-09-8,ZSDSQXJSNMTJDA-UHFFFAOYSA-N,335.28,F,39
Trimellitic anhydride chloride,C1=CC2=C(C=C1C(=O)Cl)C(=O)OC2=O,1656,1204-28-0,NJMOHBDCGXJLNJ-UHFFFAOYSA-N,210.57,Cl,17
Undecyl 2-chlorobenzoate,CCCCCCCCCCCOC(=O)C1=CC=CC=C1Cl,15945,97221-96-0,LZZUEDTUAJZZBG-UHFFFAOYSA-N,310.9,Cl,48
Vat blue 6,C1=CC=C2C(=C1)C(=O)C3=CC(=C4C(=C3C2=O)NC5=C(C=C6C(=C5N4)C(=O)C7=CC=CC=C7C6=O)Cl)Cl,2191,130-20-1,UGCDBQWJXSAYIL-UHFFFAOYSA-N,511.3,Cl,48
Vinyl bromide,C=CBr,10375,593-60-2,INLLPKCGLOXCIV-UHFFFAOYSA-N,106.95,Br,6
Vinyl Chloride,C=CCl,13451,75-01-4,BZHJMEDXRYGGRV-UHFFFAOYSA-N,62.5,Cl,6
Vinyl chloroacetate,C=COC(=O)CCl,5879,2549-51-1,XJELOQYISYPGDX-UHFFFAOYSA-N,120.53,Cl,12
Vinyl fluoride,C=CF,13452,75-02-5,XUCNUKMRBVNAPB-UHFFFAOYSA-N,46.04,F,6
Vinylbenzyl chloride,C=CC(C1=CC=CC=C1)Cl,16252,30030-25-2,SLBOQBILGNEPEB-UHFFFAOYSA-N,152.62,Cl,19
Vinylidene chloride,C=C(Cl)Cl,13469,75-35-4,LGXVIGDEPROXKC-UHFFFAOYSA-N,96.94,Cl,6
Vinylidene fluoride,C=C(F)F,13472,75-38-7,BQCIDUSAKPWEOX-UHFFFAOYSA-N,64.03,F,6
