order,inchikey,smiles,g_mol,atoms_with_h,elements,kind,above_700_g_mol,release_status,entries,name,name_needed,served_entries_direct,served_entries_as_parent,entry_names,cas,plastchem_groups,families_existing,families_proposed
1,LSDPWZHWYPCBBB-UHFFFAOYSA-N,CS,48.10,6,CHS,"S, P or Si",,,1,Methanethiol,,13235,,Methanethiol,74-93-1,,,
2,JJWKPURADFRFRB-UHFFFAOYSA-N,O=C=S,60.10,3,COS,"S, P or Si",,,1,Carbonyl sulfide,,8827,,Carbonyl sulfide,463-58-1,,,
3,KXDHJXZQYSOELW-UHFFFAOYSA-N,NC(=O)O,61.00,7,CHNO,CHNO,,,1,,yes: the neutral parent's PubChem name by InChIKey,,1138,Ammonium carbamate,1111-78-0,,,
4,DNJIEGIFACGWOD-UHFFFAOYSA-N,CCS,62.10,9,CHS,"S, P or Si",,,1,Ethanethiol,,13457,,Ethanethiol,75-08-1,,,
5,XPDWGBQVDMORPB-UHFFFAOYSA-N,FC(F)F,70.00,5,CHF,halogen,,thermodynamics_pending,1,Trifluoromethane,,13475,,Trifluoromethane,75-46-7,,,
6,VYHVQEYOFIYNJP-UHFFFAOYSA-N,CSC#N,73.10,7,CHNS,"S, P or Si",,,1,Methyl thiocyanate,,9840,,Methyl thiocyanate,556-64-9,,,
7,YUKQRDCYNOVPGJ-UHFFFAOYSA-N,CC(N)=S,75.10,9,CHNS,"S, P or Si",,,1,Thioacetamide,,10852,,Thioacetamide,62-55-5,,,
8,QGJOPFRUJISHPQ-UHFFFAOYSA-N,S=C=S,76.10,3,CS,"S, P or Si",,,1,Carbon Disulfide,,13460,,Carbon Disulfide,75-15-0,,,
9,UMGDCJDMYOKAJW-UHFFFAOYSA-N,NC(N)=S,76.10,8,CHNS,"S, P or Si",,,1,Thiourea,,10853,,Thiourea,62-56-6,,,
10,SUVIGLJNEAMWEG-UHFFFAOYSA-N,CCCS,76.20,12,CHS,"S, P or Si",,,1,1-Propanethiol,,751,,1-Propanethiol,107-03-9,,,
11,DGVVWUTYPXICAM-UHFFFAOYSA-N,OCCS,78.10,10,CHOS,"S, P or Si",,,1,Beta-Mercaptoethanol,,10458,,Beta-Mercaptoethanol,60-24-2,,,
12,IAZDPXIOMUYVGZ-UHFFFAOYSA-N,CS(C)=O,78.10,10,CHOS,"S, P or Si",,,1,Dimethyl Sulfoxide,,11723,,Dimethyl Sulfoxide,67-68-5,,,
13,XJUZRXYOEPSWMB-UHFFFAOYSA-N,COCCl,80.50,9,CHOCl,halogen,,thermodynamics_pending,1,Chloromethyl methyl ether,,765,,Chloromethyl methyl ether,107-30-2,,,
14,YTPLMLYBLZKORZ-UHFFFAOYSA-N,c1ccsc1,84.10,9,CHS,"S, P or Si",,,2,Thiophene,,978;5816,,Thiophene | Thiophene,110-02-1;25233-34-5,,,
15,DISXFZWKRTZTRI-UHFFFAOYSA-N,NC1=NCCN1,85.10,13,CHN,CHNO,,,1,,yes: the neutral parent's PubChem name by InChIKey,,6374,2-Aminoimidazoline hydrochloride,26893-38-9,,,
16,HBNYJWAFDZLWRS-UHFFFAOYSA-N,CCN=C=S,87.10,10,CHNS,"S, P or Si",,,1,Ethyl isothiocyanate,,9640,,Ethyl isothiocyanate,542-85-8,,,
17,KEWLVUBYGUZFKX-UHFFFAOYSA-N,CCN=C(N)N,87.10,15,CHN,CHNO,,,1,,yes: the neutral parent's PubChem name by InChIKey,,4545,N-ethylguanidine hydrochloride,19341-54-9,,,
18,LCTONWCANYUPML-UHFFFAOYSA-N,CC(=O)C(=O)O,88.10,10,CHO,CHNO,,,1,,yes: the neutral parent's PubChem name by InChIKey,,1310,Sodium pyruvate,113-24-6,,,
19,MSXVEPNJUHWQHW-UHFFFAOYSA-N,CCC(C)(C)O,88.10,18,CHO,CHNO,,,2,,yes: the neutral parent's PubChem name by InChIKey,,3173;8339,Sodium 2-methylbutan-2-olate | Potassium 2-methylbutan-2-olate,14593-46-5;41233-93-6,,,
20,CZDYPVPMEAXLPK-UHFFFAOYSA-N,C[Si](C)(C)C,88.20,17,CHSi,"S, P or Si",,,1,Tetramethylsilane,,13492,,Tetramethylsilane,75-76-3,silanes_siloxanes_silicones,,Siloxanes and silanes
21,MUQNAPSBHXFMHT-UHFFFAOYSA-N,CC(C)(C)NN,88.20,18,CHN,CHNO,,,1,,yes: the neutral parent's PubChem name by InChIKey,,13240,tert-Butylhydrazine hydrochloride,7400-27-3,,,
22,AAPLIUHOKVUFCC-UHFFFAOYSA-N,C[Si](C)(C)O,90.20,15,CHOSi,"S, P or Si",,,2,Trimethylsilanol,,723,593,Potassium trimethylsilanolate | Trimethylsilanol,10519-96-7;1066-40-6,silanes_siloxanes_silicones,,Siloxanes and silanes
23,CWERGRDVMFNCDR-UHFFFAOYSA-N,O=C(O)CS,92.10,9,CHOS,"S, P or Si",,,1,Thioglycolic acid,,11890,,Thioglycolic acid,68-11-1,,,
24,XCLIHDJZGPCUBT-UHFFFAOYSA-N,C[Si](C)(O)O,92.20,13,CHOSi,"S, P or Si",,,1,Dimethylsilanediol,,724,,Dimethylsilanediol,1066-42-8,silanes_siloxanes_silicones,,Siloxanes and silanes
25,GOJNABIZVJCYFL-UHFFFAOYSA-N,CP(C)(=O)O,94.00,12,CHOP,"S, P or Si",,,1,Dimethylphosphinic acid,,7422,,Dimethylphosphinic acid,3283-12-3,organophosphates,,Organophosphates
26,HHVIBTZHLRERCL-UHFFFAOYSA-N,CS(C)(=O)=O,94.10,11,CHOS,"S, P or Si",,,1,Dimethyl sulfone,,11724,,Dimethyl sulfone,67-71-0,,,
27,AFVFQIVMOAPDHO-UHFFFAOYSA-N,CS(=O)(=O)O,96.10,9,CHOS,"S, P or Si",,,2,Methanesulfonic Acid,,13491,5329,Sodium methanesulfonate | Methanesulfonic Acid,2386-57-4;75-75-2,,,
28,DHGUMNJVFYRSIG-UHFFFAOYSA-N,NC1=NCCCC1,98.10,17,CHN,CHNO,,,1,,yes: the neutral parent's PubChem name by InChIKey,,3655,2-Iminopiperidine hydrochloride,16011-96-4,,,
29,PJBPUBIFRFCYHE-UHFFFAOYSA-N,Cc1cnns1,100.10,10,CHNS,"S, P or Si",,,1,"5-Methyl-1,2,3-thiadiazole",,9076,,"5-Methyl-1,2,3-thiadiazole",50406-54-7,,,
30,KWFAQPWLROZBAY-UHFFFAOYSA-N,C12=C3C4C1=C1C2C3C14,100.10,12,CH,CHNO,,failed,1,Cubenene,,6925,,Cubenene,29837-12-5,,,
31,GCSJLQSCSDMKTP-UHFFFAOYSA-N,C=C[Si](C)(C)C,100.20,18,CHSi,"S, P or Si",,,1,Vinyltrimethylsilane,,13531,,Vinyltrimethylsilane,754-05-2,silanes_siloxanes_silicones,,Siloxanes and silanes
32,VHBFEIBMZHEWSX-UHFFFAOYSA-N,CC(C)N=C=S,101.20,13,CHNS,"S, P or Si",,,1,Isopropyl isothiocyanate,,5153,,Isopropyl isothiocyanate,2253-73-8,,,
33,PDQAZBWRQCGBEV-UHFFFAOYSA-N,S=C1NCCN1,102.20,12,CHNS,"S, P or Si",,,1,Ethylene thiourea,,15879,,Ethylene thiourea,96-45-7,,,
34,LKNQXZAHNDFIQY-UHFFFAOYSA-N,CC(=S)N(C)C,103.20,15,CHNS,"S, P or Si",,,1,"N,N-Dimethylthioacetamide",,11081,,"N,N-Dimethylthioacetamide",631-67-4,,,
35,CJDXLHTYSXHWDC-UHFFFAOYSA-N,C=CSCCO,104.20,14,CHOS,"S, P or Si",,,1,"Ethanol, 2-(ethenylthio)-",,7155,,"Ethanol, 2-(ethenylthio)-",3090-56-0,,,
36,CLUWOWRTHNNBBU-UHFFFAOYSA-N,CSCCC=O,104.20,14,CHOS,"S, P or Si",,,1,3-(Methylthio)propionaldehyde,,7388,,3-(Methylthio)propionaldehyde,3268-49-3,,,
37,IJRCRFQMYAJPPO-UHFFFAOYSA-N,CCC(C)SC,104.20,18,CHS,"S, P or Si",,,1,sec-Butyl Methyl sulfide,,443,,sec-Butyl Methyl sulfide,10359-64-5,,,
38,WBTIFBJEYFLFFW-UHFFFAOYSA-N,O=C(O)CNCO,105.10,14,CHNO,CHNO,,,1,,yes: the neutral parent's PubChem name by InChIKey,,12724,Sodium 2-((hydroxymethyl)amino)acetate,70161-44-3,,,
39,DKIDEFUBRARXTE-UHFFFAOYSA-N,O=C(O)CCS,106.10,12,CHOS,"S, P or Si",,,1,3-Mercaptopropionic acid,,787,,3-Mercaptopropionic acid,107-96-0,,,
40,JDAIJCNBFIWLJJ-UHFFFAOYSA-N,CCO[Si](=O)O,106.20,12,CHOSi,"S, P or Si",,,1,"Silicic acid, ethyl ester",,1069,,"Silicic acid, ethyl ester",11099-06-2,,,
41,HYVVJDQGXFXBRZ-UHFFFAOYSA-N,CNC(=S)S,107.20,10,CHNS,"S, P or Si",,,1,,yes: the neutral parent's PubChem name by InChIKey,,2764,Metam-sodium,137-42-8,,,
42,WQMAANNAZKNUDL-UHFFFAOYSA-N,CN(C)CCCl,107.60,16,CHNCl,halogen,,thermodynamics_pending,1,"2-Chloro-N,N-dimethylethanamine",,789,,"2-Chloro-N,N-dimethylethanamine",107-99-3,,,
43,ZTWTYVWXUKTLCP-UHFFFAOYSA-N,C=CP(=O)(O)O,108.00,11,CHOP,"S, P or Si",,,1,Vinylphosphonic acid,,4115,,Vinylphosphonic acid,1746-03-8,organophosphates,,Organophosphates
44,NLVXSWCKKBEXTG-UHFFFAOYSA-N,C=CS(=O)(=O)O,108.10,10,CHOS,"S, P or Si",,,2,Vinylsulfonic acid,,1477,7027,Vinylsulfonic acid | Sodium vinylsulfonate,1184-84-5;3039-83-6,,,
45,PJUIMOJAAPLTRJ-UHFFFAOYSA-N,OCC(O)CS,108.20,14,CHOS,"S, P or Si",,,1,"3-Mercapto-1,2-propanediol",,15875,,"3-Mercapto-1,2-propanediol",96-27-5,,,
46,IJOOHPMOJXWVHK-UHFFFAOYSA-N,C[Si](C)(C)Cl,108.60,14,CHClSi,"S, P or Si",,,1,Trimethylchlorosilane,,13493,,Trimethylchlorosilane,75-77-4,silanes_siloxanes_silicones,,Siloxanes and silanes
47,WRWPPGUCZBJXKX-UHFFFAOYSA-N,Cc1ccc(F)cc1,110.10,15,CHF,halogen,,thermodynamics_pending,1,4-Fluorotoluene,,7700,,4-Fluorotoluene,352-32-9,,,
48,RMVRSNDYEFQCLF-UHFFFAOYSA-N,Sc1ccccc1,110.20,13,CHS,"S, P or Si",,,1,,yes: the neutral parent's PubChem name by InChIKey,,6899,Lithium Benzenethiolate,2973-86-6,,,
49,MGRVRXRGTBOSHW-UHFFFAOYSA-N,NCP(=O)(O)O,111.00,12,CHNOP,"S, P or Si",,,1,(Aminomethyl)phosphonic acid,,725,,(Aminomethyl)phosphonic acid,1066-51-9,organophosphates,,Organophosphates
50,WHMDPDGBKYUEMW-UHFFFAOYSA-N,S=c1cccc[nH]1,111.20,12,CHNS,"S, P or Si",,,1,2-Mercaptopyridine,,6194,,2-Mercaptopyridine,2637-34-5,,,
51,CAAULPUQFIIOTL-UHFFFAOYSA-N,COP(=O)(O)O,112.00,11,CHOP,"S, P or Si",,,1,Methyl dihydrogen phosphate,,14278,,Methyl dihydrogen phosphate,812-00-0,organophosphates,,Organophosphates
52,DETXZQGDWUJKMO-UHFFFAOYSA-N,O=S(=O)(O)CO,112.10,10,CHOS,"S, P or Si",,,1,,yes: the neutral parent's PubChem name by InChIKey,,14802,Sodium hydroxymethanesulfonate,870-72-4,,,
53,ZEOVXNVKXIPWMS-UHFFFAOYSA-N,CC(C)(Cl)Cl,113.00,11,CHCl,halogen,,thermodynamics_pending,1,"2,2-Dichloropropane",,10385,,"2,2-Dichloropropane",594-20-7,,,
54,OBSLLHNATPQFMJ-UHFFFAOYSA-N,Cc1csc(C)n1,113.20,14,CHNS,"S, P or Si",,,1,"2,4-Dimethylthiazole",,9618,,"2,4-Dimethylthiazole",541-58-2,,,
55,UWSONZCNXUSTKW-UHFFFAOYSA-N,Cc1ncsc1C,113.20,14,CHNS,"S, P or Si",,,1,"4,5-Dimethylthiazole",,7766,,"4,5-Dimethylthiazole",3581-91-7,,,
56,RUYNUXHHUVUINQ-UHFFFAOYSA-N,Cc1occc1S,114.20,13,CHOS,"S, P or Si",,,1,2-Methyl-3-furanthiol,,6711,,2-Methyl-3-furanthiol,28588-74-1,,,
57,HYWCXWRMUZYRPH-UHFFFAOYSA-N,C=CC[Si](C)(C)C,114.30,21,CHSi,"S, P or Si",,,1,Allyltrimethylsilane,,13615,,Allyltrimethylsilane,762-72-1,silanes_siloxanes_silicones,,Siloxanes and silanes
58,QARBMVPHQWIHKH-UHFFFAOYSA-N,CS(=O)(=O)Cl,114.60,8,CHOClS,"S, P or Si",,,1,Methanesulfonyl chloride,,1990,,Methanesulfonyl chloride,124-63-0,,,
59,BEGLCMHJXHIJLR-UHFFFAOYSA-N,Cn1sccc1=O,115.20,12,CHNOS,"S, P or Si",,,2,2-Methyl-4-isothiazolin-3-one,,6359,6130,2-Methyl-4-isothiazolin-3-one hydrochloride | 2-Methyl-4-isothiazolin-3-one,26172-54-3;2682-20-4,,,
60,LIMQQADUEULBSO-UHFFFAOYSA-N,CCCCN=C=S,115.20,16,CHNS,"S, P or Si",,,1,Butyl isothiocyanate,,10360,,Butyl isothiocyanate,592-82-5,,,
61,IHRSRTFITLMUQC-UHFFFAOYSA-N,CC1=C(S)CCO1,116.20,15,CHOS,"S, P or Si",,,1,"2-Methyl-4,5-dihydrofuran-3-thiol",,6235,,"2-Methyl-4,5-dihydrofuran-3-thiol",26486-13-5,,,
62,OTQVGYMGQKHLMY-UHFFFAOYSA-N,CSC1CCCC1,116.20,19,CHS,"S, P or Si",,,1,Cyclopentyl-1-thiaethane,,12912,,Cyclopentyl-1-thiaethane,7133-36-0,,,
63,AQRLNPVMDITEJU-UHFFFAOYSA-N,CC[SiH](CC)CC,116.30,23,CHSi,"S, P or Si",,,1,Triethylsilane,,10699,,Triethylsilane,617-86-7,silanes_siloxanes_silicones,,Siloxanes and silanes
64,LFTLOKWAGJYHHR-UHFFFAOYSA-N,C[N+]1([O-])CCOCC1,117.10,19,CHNO,CHNO,,,1,,yes: the neutral parent's PubChem name by InChIKey,,12726,4-Methylmorpholine N-oxide monohydrate,70187-32-5,,,
65,KAHVZNKZQFSBFW-UHFFFAOYSA-N,CN(C)[Si](C)(C)C,117.30,22,CHNSi,"S, P or Si",,,1,"N,N-Dimethyltrimethylsilylamine",,4834,,"N,N-Dimethyltrimethylsilylamine",2083-91-2,silanes_siloxanes_silicones,,Siloxanes and silanes
66,FKTUXVQEOXYNMO-UHFFFAOYSA-N,N#CN=C(S)S,118.20,8,CHNS,"S, P or Si",,,1,,yes: the neutral parent's PubChem name by InChIKey,,2821,Disodium cyanodithioimidocarbonate,138-93-2,,,
67,DRGHCRKOWMAZAO-UHFFFAOYSA-N,CSCCC(C)=O,118.20,17,CHOS,"S, P or Si",,,1,4-(Methylthio)-2-butanone,,7583,,4-(Methylthio)-2-butanone,34047-39-7,,,
68,AJWVDGABWLKIGT-UHFFFAOYSA-N,CCC(C)(S)CC,118.20,21,CHS,"S, P or Si",,,1,3-Methylpentane-3-thiol,,3821,,3-Methylpentane-3-thiol,1639-03-8,,,
69,FOJGPFUFFHWGFQ-UHFFFAOYSA-N,CCCCCSC,118.20,21,CHS,"S, P or Si",,,1,Amyl methyl sulfide,,4098,,Amyl methyl sulfide,1741-83-9,,,
70,ZERULLAPCVRMCO-UHFFFAOYSA-N,CCCSCCC,118.20,21,CHS,"S, P or Si",,,1,Dipropyl sulfide,,1101,,Dipropyl sulfide,111-47-7,,,
71,RSIHJDGMBDPTIM-UHFFFAOYSA-N,CCO[Si](C)(C)C,118.30,21,CHOSi,"S, P or Si",,,1,Ethoxytrimethylsilane,,4285,,Ethoxytrimethylsilane,1825-62-3,silanes_siloxanes_silicones,,Siloxanes and silanes
72,WGJCBBASTRWVJL-UHFFFAOYSA-N,S=C1NCCS1,119.20,11,CHNS,"S, P or Si",,,1,2-Mercaptothiazoline,,15882,,2-Mercaptothiazoline,96-53-7,,,
73,HXJUTPCZVOIRIF-UHFFFAOYSA-N,O=S1(=O)CCCC1,120.20,15,CHOS,"S, P or Si",,,1,Sulfolane,,2053,,Sulfolane,126-33-0,,,
74,LDTLDBDUBGAEDT-UHFFFAOYSA-N,COC(=O)CCS,120.20,15,CHOS,"S, P or Si",,,1,Methyl 3-mercaptopropionate,,6850,,Methyl 3-mercaptopropionate,2935-90-2,,,
75,PVBRSNZAOAJRKO-UHFFFAOYSA-N,CCOC(=O)CS,120.20,15,CHOS,"S, P or Si",,,1,Ethyl thioglycolate,,10932,,Ethyl thioglycolate,623-51-8,,,
76,JJQZDUKDJDQPMQ-UHFFFAOYSA-N,CO[Si](C)(C)OC,120.20,19,CHOSi,"S, P or Si",,,1,Dimethoxydimethylsilane,,1146,,Dimethoxydimethylsilane,1112-39-6,silanes_siloxanes_silicones,,Siloxanes and silanes
77,XJELOQYISYPGDX-UHFFFAOYSA-N,C=COC(=O)CCl,120.50,12,CHOCl,halogen,,thermodynamics_pending,1,Vinyl chloroacetate,,5879,,Vinyl chloroacetate,2549-51-1,,,
78,XSDCTSITJJJDPY-UHFFFAOYSA-N,C=C[Si](C)(C)Cl,120.70,15,CHClSi,"S, P or Si",,,1,Chlorodimethylvinylsilane,,4027,,Chlorodimethylvinylsilane,1719-58-0,silanes_siloxanes_silicones,,Siloxanes and silanes
79,MZGNSEAPZQGJRB-UHFFFAOYSA-N,CN(C)C(=S)S,121.20,13,CHNS,"S, P or Si",,,2,,yes: the neutral parent's PubChem name by InChIKey,,2138;2139,Potassium dimethyldithiocarbamate | Sodium dimethyldithiocarbamate,128-03-0;128-04-1,,,
80,UIIIBRHUICCMAI-UHFFFAOYSA-N,C=CCS(=O)(=O)O,122.10,13,CHOS,"S, P or Si",,,1,,yes: the neutral parent's PubChem name by InChIKey,,5575,Sodium allylsulfonate,2495-39-8,,,
81,ZOOODBUHSVUZEM-UHFFFAOYSA-N,CCOC(=S)S,122.20,12,CHOS,"S, P or Si",,,2,,yes: the neutral parent's PubChem name by InChIKey,,2930;2931,Potassium ethylxanthate | Sodium ethylxanthate,140-89-6;140-90-9,,,
82,CETBSQOFQKLHHZ-UHFFFAOYSA-N,CCSSCC,122.30,16,CHS,"S, P or Si",,,1,Diethyl disulfide,,1017,,Diethyl disulfide,110-81-6,,,
83,PUCHCUYBORIUSM-UHFFFAOYSA-N,CCCSSC,122.30,16,CHS,"S, P or Si",,,1,Methyl propyl disulfide,,5013,,Methyl propyl disulfide,2179-60-4,,,
84,OOCUOKHIVGWCTJ-UHFFFAOYSA-N,C[Si](C)(C)CCl,122.70,17,CHClSi,"S, P or Si",,,1,Chloromethyltrimethylsilane,,5257,,Chloromethyltrimethylsilane,2344-80-1,silanes_siloxanes_silicones,,Siloxanes and silanes
85,VONWDASPFIQPDY-UHFFFAOYSA-N,COP(C)(=O)OC,124.10,16,CHOP,"S, P or Si",,,1,Dimethyl methylphosphonate,,13553,,Dimethyl methylphosphonate,756-79-6,organophosphates,,Organophosphates
86,JKGITWJSGDFJKO-UHFFFAOYSA-N,CCO[Si](O)(O)O,124.20,15,CHOSi,"S, P or Si",,,1,Ethyl trihydrogen orthosilicate,,1060,,Ethyl trihydrogen orthosilicate,1109-96-2,,,
87,QHGFEUAAQKJXDI-UHFFFAOYSA-N,C1SCSS1,124.30,9,CHS,"S, P or Si",,,1,"1,2,4-Trithiolane",,6772,,"1,2,4-Trithiolane",289-16-7,,,
88,XOAAWQZATWQOTB-UHFFFAOYSA-N,NCCS(=O)(=O)O,125.10,14,CHNOS,"S, P or Si",,,2,,yes: the neutral parent's PubChem name by InChIKey,,5197;13180,Potassium taurate | Sodium taurinate,22890-34-2;7347-25-3,,,
89,ZJXZSIYSNXKHEA-UHFFFAOYSA-N,CCOP(=O)(O)O,126.00,14,CHOP,"S, P or Si",,,1,Ethyl dihydrogen phosphate,,3748,,Ethyl dihydrogen phosphate,1623-14-9,organophosphates,,Organophosphates
90,SUMDYPCJJOFFON-UHFFFAOYSA-N,O=S(=O)(O)CCO,126.10,13,CHOS,"S, P or Si",,,1,2-Hydroxyethanesulfonic acid,,767,,2-Hydroxyethanesulfonic acid,107-36-8,,,
91,VAYGXNSJCAHWJZ-UHFFFAOYSA-N,COS(=O)(=O)OC,126.10,13,CHOS,"S, P or Si",,,1,Dimethyl Sulfate,,13729,,Dimethyl Sulfate,77-78-1,,,
92,YWHLKYXPLRWGSE-UHFFFAOYSA-N,CSSSC,126.30,11,CHS,"S, P or Si",,,1,Dimethyl trisulfide,,7863,,Dimethyl trisulfide,3658-80-8,,,
93,YBBJKCMMCRQZMA-UHFFFAOYSA-N,On1ccccc1=S,127.20,13,CHNOS,"S, P or Si",,,2,,yes: the neutral parent's PubChem name by InChIKey,,3638;8050,Pyrithione sodium | Sodium Omadine,15922-78-8;3811-73-2,,,
94,QWQGGPZHETYGOZ-UHFFFAOYSA-N,CC(C)=CCSC#N,127.20,17,CHNS,"S, P or Si",,,1,3-Methyl-2-butenyl thiocyanate,,4547,,3-Methyl-2-butenyl thiocyanate,1936-96-5,,,
95,LIKFHECYJZWXFJ-UHFFFAOYSA-N,C[Si](C)(Cl)Cl,129.10,11,CHClSi,"S, P or Si",,,1,Dichlorodimethylsilane,,13494,,Dichlorodimethylsilane,75-78-5,silanes_siloxanes_silicones,,Siloxanes and silanes
96,JWZXKXIUSSIAMR-UHFFFAOYSA-N,N#CSCSC#N,130.20,9,CHNS,"S, P or Si",,,1,Methylene dithiocyanate,,11095,,Methylene dithiocyanate,6317-18-6,,,
97,OTYBVBDWIKXFDO-UHFFFAOYSA-N,CSc1ccsc1,130.20,13,CHS,"S, P or Si",,,1,3-(Methylthio)thiophene,,4813,,3-(Methylthio)thiophene,20731-74-2,,,
98,JEWCZPTVOYXPGG-UHFFFAOYSA-N,C=C[Si](C)(C)OCC,130.30,22,CHOSi,"S, P or Si",,,1,Ethoxydimethylvinylsilane,,9540,,Ethoxydimethylvinylsilane,5356-83-2,silanes_siloxanes_silicones,,Siloxanes and silanes
99,RKTPCTKFTDSWND-UHFFFAOYSA-N,CCCC1CCCS1,130.30,22,CHS,"S, P or Si",,,1,2-Propyltetrahydrothiophene,,3471,,2-Propyltetrahydrothiophene,1551-34-4,,,
100,LWFWUJCJKPUZLV-UHFFFAOYSA-N,CC(=O)N[Si](C)(C)C,131.30,21,CHNOSi,"S, P or Si",,,1,N-(Trimethylsilyl)acetamide,,2594,,N-(Trimethylsilyl)acetamide,13435-12-6,silanes_siloxanes_silicones,,Siloxanes and silanes
101,FLVIGYVXZHLUHP-UHFFFAOYSA-N,CCNC(=S)NCC,132.20,20,CHNS,"S, P or Si",,,1,"N,N'-Diethylthiourea",,569,,"N,N'-Diethylthiourea",105-55-5,,,
102,QHUNJMXHQHHWQP-UHFFFAOYSA-N,CC(=O)O[Si](C)(C)C,132.20,20,CHOSi,"S, P or Si",,,1,Trimethylsilyl acetate,,6527,,Trimethylsilyl acetate,2754-27-0,silanes_siloxanes_silicones,,Siloxanes and silanes
103,ZLNAFSPCNATQPQ-UHFFFAOYSA-N,C=C[Si](C)(OC)OC,132.20,20,CHOSi,"S, P or Si",,,1,Dimethoxymethylvinylsilane,,3914,,Dimethoxymethylvinylsilane,16753-62-1,silanes_siloxanes_silicones,,Siloxanes and silanes
104,NNLRDVBAHRQMHK-UHFFFAOYSA-N,NCCNCCC(=O)O,132.20,21,CHNO,CHNO,,,1,,yes: the neutral parent's PubChem name by InChIKey,,14500,Sodium N-(2-aminoethyl)-beta-alaninate,84434-12-8,,,
105,LZRXQHHKXDXOIC-UHFFFAOYSA-N,CCCCCCSC,132.30,24,CHS,"S, P or Si",,,1,"Hexane, 1-(methylthio)-",,4711,,"Hexane, 1-(methylthio)-",20291-60-5,,,
106,RGTLAJIDOSPEDH-UHFFFAOYSA-N,CN1CCSC1=S,133.20,14,CHNS,"S, P or Si",,,1,3-Methylthiazolidine-2-thione,,4495,,3-Methylthiazolidine-2-thione,1908-87-8,,,
107,CMGDVUCDZOBDNL-UHFFFAOYSA-N,Cc1cccc2[nH]nnc12,133.20,17,CHN,CHNO,,,1,,yes: the neutral parent's PubChem name by InChIKey,,11412,Sodium 4-tolyltriazole,64665-57-2,,,
108,OSCCDXHPMYNADD-UHFFFAOYSA-N,CN[Si](C)(NC)NC,133.30,23,CHNSi,"S, P or Si",,,1,"Silanetriamine, N,N',N'',1-tetramethyl-",,4268,,"Silanetriamine, N,N',N'',1-tetramethyl-",18209-75-1,silanes_siloxanes_silicones,,Siloxanes and silanes
109,FCEHBMOGCRZNNI-UHFFFAOYSA-N,c1ccc2sccc2c1,134.20,15,CHS,"S, P or Si",,,1,Benzothiophene,,15743,,Benzothiophene,95-15-8,,,
110,LYTMVABTDYMBQK-UHFFFAOYSA-N,c1ccc2cscc2c1,134.20,15,CHS,"S, P or Si",,,1,Benzo[c]thiophene,,6403,,Benzo[c]thiophene,270-82-6,,,
111,WITCGPMUKHXQGW-UHFFFAOYSA-N,c1cc2ccscc-2c1,134.20,15,CHS,"S, P or Si",,,1,Cyclopenta[c]thiopyran,,6402,,Cyclopenta[c]thiopyran,270-63-3,,,
112,WSMIPVGUPYXHDT-UHFFFAOYSA-N,CCCCC(Cl)C=O,134.60,19,CHOCl,halogen,,thermodynamics_pending,1,"Hexanal, 2-chloro-",,13614,,"Hexanal, 2-chloro-",762-39-0,,,
113,CSNIZNHTOVFARY-UHFFFAOYSA-N,c1ccc2sncc2c1,135.20,14,CHNS,"S, P or Si",,,1,"1,2-Benzisothiazole",,6453,,"1,2-Benzisothiazole",272-16-2,benzothiazole,,Benzothiazoles
114,IOJUPLGTWVMSFF-UHFFFAOYSA-N,c1ccc2scnc2c1,135.20,14,CHNS,"S, P or Si",,,1,Benzothiazole,,15744,,Benzothiazole,95-16-9,benzothiazole,,Benzothiazoles
115,YMDNODNLFSHHCV-UHFFFAOYSA-N,CCN(CC)CCCl,135.60,22,CHNCl,halogen,,,1,,yes: the neutral parent's PubChem name by InChIKey,,14775,"2-Chloro-N,N-diethylethanamine hydrochloride",869-24-9,,,
116,CQCXMYUCNSJSKG-UHFFFAOYSA-N,C=CP(=O)(OC)OC,136.10,17,CHOP,"S, P or Si",,,1,Dimethyl vinylphosphonate,,8838,,Dimethyl vinylphosphonate,4645-32-3,organophosphates,,Organophosphates
117,UOJYYXATTMQQNA-UHFFFAOYSA-N,CC(C)OC(=S)S,136.20,15,CHOS,"S, P or Si",,,1,,yes: the neutral parent's PubChem name by InChIKey,,2932,Proxan-sodium,140-93-2,,,
118,XEEYSDHEOQHCDA-UHFFFAOYSA-N,C=C(C)CS(=O)(=O)O,136.20,16,CHOS,"S, P or Si",,,1,,yes: the neutral parent's PubChem name by InChIKey,,3525,Sodium 2-methylprop-2-ene-1-sulfonate,1561-92-8,,,
119,KCCWFTFCEHVSTM-UHFFFAOYSA-N,C=Cc1ccc(S)cc1,136.20,17,CHS,"S, P or Si",,,1,4-Ethenylbenzene-1-thiol,,8799,,4-Ethenylbenzene-1-thiol,45708-67-6,,,
120,NADUDFSNHZPLIN-UHFFFAOYSA-N,C=Cc1ccccc1S,136.20,17,CHS,"S, P or Si",,,1,"Benzenethiol, 2-ethenyl-",,14946,,"Benzenethiol, 2-ethenyl-",89664-22-2,,,
121,SCXIDQOYDZIEKQ-UHFFFAOYSA-N,C=Cc1cccc(S)c1,136.20,17,CHS,"S, P or Si",,,1,3-Ethenylbenzene-1-thiol,,13004,,3-Ethenylbenzene-1-thiol,72032-27-0,,,
122,BFXIKLCIZHOAAZ-UHFFFAOYSA-N,CO[Si](C)(OC)OC,136.20,20,CHOSi,"S, P or Si",,,1,Methyltrimethoxysilane,,1479,,Methyltrimethoxysilane,1185-55-3,silanes_siloxanes_silicones,,Siloxanes and silanes
123,JTXUAHIMULPXKY-UHFFFAOYSA-N,NCCC[Si](O)(O)O,137.20,19,CHNOSi,"S, P or Si",,,1,(3-Aminopropyl)silanetriol,,10198,,(3-Aminopropyl)silanetriol,58160-99-9,silanes_siloxanes_silicones,,Siloxanes and silanes
124,WMIYKQLTONQJES-UHFFFAOYSA-N,FC(F)(F)C(F)(F)F,138.00,8,CF,halogen,,thermodynamics_pending,1,Hexafluoroethane,,13583,,Hexafluoroethane,76-16-4,PFASs,,PFAS
125,YHQMSHVVGOSZEW-UHFFFAOYSA-N,CCP(=O)(OC)OC,138.10,19,CHOP,"S, P or Si",,,1,Dimethyl ethylphosphonate,,10688,,Dimethyl ethylphosphonate,6163-75-3,organophosphates,,Organophosphates
126,OFQPKKGMNWASPN-UHFFFAOYSA-N,CSCc1ccccc1,138.20,19,CHS,"S, P or Si",,,1,Benzyl methyl sulfide,,13674,,Benzyl methyl sulfide,766-92-7,,,
127,YKFROQCFVXOUPW-UHFFFAOYSA-N,CSc1ccc(N)cc1,139.20,18,CHNS,"S, P or Si",,,1,4-(Methylthio)aniline,,507,,4-(Methylthio)aniline,104-96-1,,,
128,HVCNQTCZNBPWBV-UHFFFAOYSA-N,O=C(O)C(O)S(=O)O,140.10,12,CHOS,"S, P or Si",,,1,,yes: the neutral parent's PubChem name by InChIKey,,5106,"Acetic acid, hydroxysulfino-, disodium salt",223106-41-0,,,
129,KNQVWTDLQQGKSV-UHFFFAOYSA-N,O=[P+]([O-])c1ccccc1,140.10,14,CHOP,"S, P or Si",,,1,,yes: the neutral parent's PubChem name by InChIKey,,8534,Sodium phenylphosphinate,4297-95-4,organophosphates,,Organophosphates
130,WVLBCYQITXONBZ-UHFFFAOYSA-N,COP(=O)(OC)OC,140.10,17,CHOP,"S, P or Si",,,1,Trimethyl phosphate,,9175,,Trimethyl phosphate,512-56-1,organophosphates,,Organophosphates
131,JXTGICXCHWMCPM-UHFFFAOYSA-N,CS(=O)c1ccccc1,140.20,17,CHOS,"S, P or Si",,,1,Methyl phenyl sulfoxide,,1534,,Methyl phenyl sulfoxide,1193-82-4,,,
132,MYIOBINSHMEDEY-UHFFFAOYSA-N,CSCSSC,140.30,14,CHS,"S, P or Si",,,1,"2,3,5-Trithiahexane",,8486,,"2,3,5-Trithiahexane",42474-44-2,,,
133,YKFRUJSEPGHZFJ-UHFFFAOYSA-N,C[Si](C)(C)n1ccnc1,140.30,21,CHNSi,"S, P or Si",,,1,N-(Trimethylsilyl)imidazole,,4253,,N-(Trimethylsilyl)imidazole,18156-74-6,silanes_siloxanes_silicones,,Siloxanes and silanes
134,YLJJAVFOBDSYAN-UHFFFAOYSA-N,C=C[Si](C)(Cl)Cl,141.10,12,CHClSi,"S, P or Si",,,1,Dichloromethylvinylsilane,,1993,,Dichloromethylvinylsilane,124-70-9,silanes_siloxanes_silicones,,Siloxanes and silanes
135,NKYPKIVMIGIWOB-UHFFFAOYSA-N,COP(N)(=S)OC,141.10,15,CHNOSP,"S, P or Si",,,1,"O,O-Dimethyl phosphoramidothioate",,4079,,"O,O-Dimethyl phosphoramidothioate",17321-47-0,organophosphates,,Organophosphates
136,MZSJGCPBOVTKHR-UHFFFAOYSA-N,S=C=NC1CCCCC1,141.20,20,CHNS,"S, P or Si",,,1,Cyclohexyl isothiocyanate,,1284,,Cyclohexyl isothiocyanate,1122-82-3,,,
137,ZNEWHQLOPFWXOF-UHFFFAOYSA-N,O=S(=O)(O)CCS,142.20,13,CHOS,"S, P or Si",,,1,2-Mercaptoethanesulfonic acid,,15091,,2-Mercaptoethanesulfonic acid,9005-46-3,,,
138,GKWLILHTTGWKLQ-UHFFFAOYSA-N,c1scc2c1OCCO2,142.20,15,CHOS,"S, P or Si",,,1,"2,3-Dihydrothieno[3,4-b][1,4]dioxine",,2071,,"2,3-Dihydrothieno[3,4-b][1,4]dioxine",126213-50-1,,,
139,ITKVLPYNJQOCPW-UHFFFAOYSA-N,C[Si](C)(Cl)CCl,143.10,14,CHClSi,"S, P or Si",,,1,Chloro(chloromethyl)dimethylsilane,,4026,,Chloro(chloromethyl)dimethylsilane,1719-57-9,silanes_siloxanes_silicones,,Siloxanes and silanes
140,BRWAZZQVWBDAER-UHFFFAOYSA-N,[O-][N+](=NO)C1CCCCC1,144.20,22,CHNO,CHNO,,,1,,yes: the neutral parent's PubChem name by InChIKey,,11694,"Diazene, 1-cyclohexyl-2-hydroxy-, 1-oxide, potassium salt (1:1)",66603-10-9,,,
141,GGPLWEZGITVTJX-UHFFFAOYSA-N,CN1CCO[Si](C)(C)C1,145.30,24,CHNOSi,"S, P or Si",,,1,"2,2,4-Trimethyl-1-oxa-4-aza-2-silacyclohexane",,274,,"2,2,4-Trimethyl-1-oxa-4-aza-2-silacyclohexane",10196-49-3,silanes_siloxanes_silicones,,Siloxanes and silanes
142,JOOMLFKONHCLCJ-UHFFFAOYSA-N,CCN(CC)[Si](C)(C)C,145.30,28,CHNSi,"S, P or Si",,,1,"N,N-Diethyl-1,1,1-trimethylsilylamine",,16089,,"N,N-Diethyl-1,1,1-trimethylsilylamine",996-50-9,silanes_siloxanes_silicones,,Siloxanes and silanes
143,KDXKERNSBIXSRK-YFKPBYRVSA-N,NCCCC[C@H](N)C(=O)O,146.20,24,CHNO,CHNO,,,1,,yes: the neutral parent's PubChem name by InChIKey,,3684,"L-Lysine, sodium salt (1:1)",16079-52-0,,,
144,KGQIPOITYJJHSU-UHFFFAOYSA-N,CCOC(CC)CC(=O)O,146.20,24,CHO,CHNO,,,1,,yes: the neutral parent's PubChem name by InChIKey,,15735,3-Ethoxypentanoate,94825-54-4,,,
145,KZCOBXFFBQJQHH-UHFFFAOYSA-N,CCCCCCCCS,146.30,27,CHS,"S, P or Si",,,1,1-Octanethiol,,1126,,1-Octanethiol,111-88-6,,,
146,UCJMHYXRQZYNNL-UHFFFAOYSA-N,CCCCC(CC)CS,146.30,27,CHS,"S, P or Si",,,1,2-Ethyl-1-hexanethiol,,13172,,2-Ethyl-1-hexanethiol,7341-17-5,,,
147,NEXSMEBSBIABKL-UHFFFAOYSA-N,C[Si](C)(C)[Si](C)(C)C,146.40,26,CHSi,"S, P or Si",,,1,Hexamethyldisilane,,3152,,Hexamethyldisilane,1450-14-2,silanes_siloxanes_silicones,,Siloxanes and silanes
148,WHUUTDBJXJRKMK-VKHMYHEASA-N,N[C@@H](CCC(=O)O)C(=O)O,147.10,19,CHNO,CHNO,,,3,,yes: the neutral parent's PubChem name by InChIKey,,3022;4570;13547,Monosodium Glutamate | Monopotassium glutamate | Monoammonium L-glutamate,142-47-2;19473-49-5;7558-63-6,,,
149,NKSJNEHGWDZZQF-UHFFFAOYSA-N,C=C[Si](OC)(OC)OC,148.20,21,CHOSi,"S, P or Si",,,1,Vinyltrimethoxysilane,,6553,,Vinyltrimethoxysilane,2768-02-7,silanes_siloxanes_silicones,,Siloxanes and silanes
150,QHFJJZPTJJVNMG-UHFFFAOYSA-N,CCC(C)SCC(=O)O,148.20,21,CHOS,"S, P or Si",,,1,"Acetic acid, [(1-methylpropyl)thio]-",,5171,,"Acetic acid, [(1-methylpropyl)thio]-",22683-43-8,,,
151,YYLGKUPAFFKGRQ-UHFFFAOYSA-N,CCO[Si](C)(C)OCC,148.30,25,CHOSi,"S, P or Si",,,1,Diethoxydimethylsilane,,13966,,Diethoxydimethylsilane,78-62-6,silanes_siloxanes_silicones,,Siloxanes and silanes
152,WLVCBAMXYMWGLJ-UHFFFAOYSA-N,CCCCC(CC)CCl,148.70,26,CHCl,halogen,,thermodynamics_pending,1,3-(Chloromethyl)heptane,,1900,,3-(Chloromethyl)heptane,123-04-6,,,
153,MDKCFLQDBWCQCV-UHFFFAOYSA-N,S=C=NCc1ccccc1,149.20,17,CHNS,"S, P or Si",,,1,Benzyl Isothiocyanate,,10901,,Benzyl Isothiocyanate,622-78-6,,,
154,FFEARJCKVFRZRR-BYPYZUCNSA-N,CSCC[C@H](N)C(=O)O,149.20,20,CHNOS,"S, P or Si",,,1,Methionine,,11060,,Methionine,63-68-3,,,
155,FFEARJCKVFRZRR-UHFFFAOYSA-N,CSCCC(N)C(=O)O,149.20,20,CHNOS,"S, P or Si",,,1,Racemethionine,,10310,,Racemethionine,59-51-8,,,
156,LMBWSYZSUOEYSN-UHFFFAOYSA-N,CCN(CC)C(=S)S,149.30,19,CHNS,"S, P or Si",,,1,,yes: the neutral parent's PubChem name by InChIKey,,3261,Sodium diethyldithiocarbamate,148-18-5,,,
157,JLUFWMXJHAVVNN-UHFFFAOYSA-N,C[Si](Cl)(Cl)Cl,149.50,8,CHClSi,"S, P or Si",,,1,Methyltrichlorosilane,,13495,,Methyltrichlorosilane,75-79-6,silanes_siloxanes_silicones,,Siloxanes and silanes
158,DHNRXBZYEKSXIM-UHFFFAOYSA-N,Cn1sc(Cl)cc1=O,149.60,12,CHNOClS,"S, P or Si",,,2,5-Chloro-2-methyl-4-isothiazolin-3-one,,6131,6249,5-Chloro-2-methyl-4-isothiazolin-3-one | 5-Chloro-2-methyl-2H-isothiazol-3-one hydrochloride,26172-55-4;26530-03-0,,,
159,XMWFMEYDRNJSOO-UHFFFAOYSA-N,O=C(Cl)N1CCOCC1,149.60,17,CHNOCl,halogen,,thermodynamics_pending,1,4-Morpholinecarbonyl chloride,,3383,,4-Morpholinecarbonyl chloride,15159-40-7,,,
160,ITMCEJHCFYSIIV-UHFFFAOYSA-N,O=S(=O)(O)C(F)(F)F,150.10,9,CHOFS,"S, P or Si",,,2,Trifluoromethanesulfonic acid,,3312,7503,Trifluoromethanesulfonic acid | Lithium trifluoromethanesulfonate,1493-13-6;33454-82-9,PFASs,,PFAS
161,YHMYGUUIMTVXNW-UHFFFAOYSA-N,S=c1[nH]c2ccccc2[nH]1,150.20,16,CHNS,"S, P or Si",,,1,2-Mercaptobenzimidazole,,10212,,2-Mercaptobenzimidazole,583-39-1,,,
162,SBRXLTRZCJVAPH-UHFFFAOYSA-N,CC[Si](OC)(OC)OC,150.20,23,CHOSi,"S, P or Si",,,1,Ethyltrimethoxysilane,,9486,,Ethyltrimethoxysilane,5314-55-6,silanes_siloxanes_silicones,,Siloxanes and silanes
163,KOVPITHBHSZRLT-UHFFFAOYSA-N,CC(C)COC(=S)S,150.30,18,CHOS,"S, P or Si",,,2,,yes: the neutral parent's PubChem name by InChIKey,,2197;5841,Potassium isobutylxanthate | Sodium O-isobutyl dithiocarbonate,13001-46-2;25306-75-6,,,
164,VLBWEJJOETYCSE-UHFFFAOYSA-N,CSSC(C)(C)C=O,150.30,18,CHOS,"S, P or Si",,,1,2-(Methyldithio)isobutyraldehyde,,11879,,2-(Methyldithio)isobutyraldehyde,67952-60-7,,,
165,LZAZXBXPKRULLB-UHFFFAOYSA-N,CC(C)SSC(C)C,150.30,22,CHS,"S, P or Si",,,1,Diisopropyl disulfide,,8494,,Diisopropyl disulfide,4253-89-8,,,
166,VDJXDNLYBDHPHP-UHFFFAOYSA-N,CCCCCSSC,150.30,22,CHS,"S, P or Si",,,1,Amyl methyl disulfide,,13051,,Amyl methyl disulfide,72437-68-4,,,
167,XTTOMWDBKHINLK-UHFFFAOYSA-N,CSSCCC(C)C,150.30,22,CHS,"S, P or Si",,,1,Methyl isopentyl disulfide,,13050,,Methyl isopentyl disulfide,72437-56-0,,,
168,BCNZYOJHNLTNEZ-UHFFFAOYSA-N,CC(C)(C)[Si](C)(C)Cl,150.70,23,CHClSi,"S, P or Si",,,1,Tert-Butyldimethylsilyl chloride,,4254,,Tert-Butyldimethylsilyl chloride,18162-48-6,silanes_siloxanes_silicones,,Siloxanes and silanes
169,DCFKHNIGBAHNSS-UHFFFAOYSA-N,CC[Si](Cl)(CC)CC,150.70,23,CHClSi,"S, P or Si",,,1,Chlorotriethylsilane,,16075,,Chlorotriethylsilane,994-30-9,silanes_siloxanes_silicones,,Siloxanes and silanes
170,DMSMPAJRVJJAGA-UHFFFAOYSA-N,O=c1[nH]sc2ccccc12,151.20,15,CHNOS,"S, P or Si",,,3,"1,2-Benzisothiazol-3(2H)-one",,6185,1158;10207,"Lithium 3-oxo-1,2(2H)-benzisothiazol-2-ide | 1,2-Benzisothiazol-3(2H)-one | 1,2-Benzisothiazol-3(2H)-one, sodium salt",111337-53-2;2634-33-5;58249-25-5,,,
171,YEDUAINPPJYDJZ-UHFFFAOYSA-N,O=c1[nH]c2ccccc2s1,151.20,15,CHNOS,"S, P or Si",,,1,2(3H)-Benzothiazolone,,15588,,2(3H)-Benzothiazolone,934-34-9,,,
172,YWDFOLFVOVCBIU-UHFFFAOYSA-N,CCCP(=O)(OC)OC,152.10,22,CHOP,"S, P or Si",,,1,Dimethyl propylphosphonate,,4391,,Dimethyl propylphosphonate,18755-43-6,organophosphates,,Organophosphates
173,QRVYABWJVXXOTN-UHFFFAOYSA-N,CSc1ccc(C=O)cc1,152.20,18,CHOS,"S, P or Si",,,1,4-(Methylthio)benzaldehyde,,7626,,4-(Methylthio)benzaldehyde,3446-89-7,,,
174,LFQCEHFDDXELDD-UHFFFAOYSA-N,CO[Si](OC)(OC)OC,152.20,21,CHOSi,"S, P or Si",,,1,Tetramethoxysilane,,11956,,Tetramethoxysilane,681-84-5,silanes_siloxanes_silicones,,Siloxanes and silanes
175,HYWRFKLTGRADFO-UHFFFAOYSA-N,CCSc1cccc(C)c1,152.30,22,CHS,"S, P or Si",,,1,"Benzene, 1-(ethylthio)-3-methyl-",,7659,,"Benzene, 1-(ethylthio)-3-methyl-",34786-24-8,,,
176,TXMFDSUMJLQLGB-UHFFFAOYSA-N,CCSc1ccc(C)cc1,152.30,22,CHS,"S, P or Si",,,1,4-(Ethylthio)toluene,,10900,,4-(Ethylthio)toluene,622-63-9,,,
177,SLBOQBILGNEPEB-UHFFFAOYSA-N,C=CC(Cl)c1ccccc1,152.60,19,CHCl,halogen,,thermodynamics_pending,1,Vinylbenzyl chloride,,16252,,Vinylbenzyl chloride,30030-25-2,,,
178,KKOWAYISKWGDBG-UHFFFAOYSA-N,Cc1ncc(CO)c(C)c1O,153.20,22,CHNO,CHNO,,,1,,yes: the neutral parent's PubChem name by InChIKey,,3263,4-Deoxypyridoxine hydrochloride,148-51-6,,,
179,BNMJSBUIDQYHIN-UHFFFAOYSA-N,CCCCOP(=O)(O)O,154.10,20,CHOP,"S, P or Si",,,2,Butyl dihydrogen phosphate,,3749,9485,Butyl dihydrogen phosphate | Dipotassium butyl phosphate,1623-15-0;53126-06-0,organophosphates,,Organophosphates
180,SVBLDLLXNRGMBG-UHFFFAOYSA-N,CC(C)COP(=O)(O)O,154.10,20,CHOP,"S, P or Si",,,1,Isobutyl dihydrogen phosphate,,5499,,Isobutyl dihydrogen phosphate,2466-73-1,organophosphates,,Organophosphates
181,UCQFCFPECQILOL-UHFFFAOYSA-N,CCOP(=O)(O)OCC,154.10,20,CHOP,"S, P or Si",,,1,Diethyl hydrogen phosphate,,10428,,Diethyl hydrogen phosphate,598-02-7,organophosphates,,Organophosphates
182,DENRZWYUOJLTMF-UHFFFAOYSA-N,CCOS(=O)(=O)OCC,154.20,19,CHOS,"S, P or Si",,,1,Diethyl sulfate,,11248,,Diethyl sulfate,64-67-5,,,
183,KWWZHCSQVRVQGF-UHFFFAOYSA-N,OCCSc1ccccc1,154.20,20,CHOS,"S, P or Si",,,1,2-(Phenylthio)ethanol,,12689,,2-(Phenylthio)ethanol,699-12-7,,,
184,KSJBMDCFYZKAFH-UHFFFAOYSA-N,SCCSCCS,154.30,17,CHS,"S, P or Si",,,1,Bis(2-mercaptoethyl) sulfide,,7759,,Bis(2-mercaptoethyl) sulfide,3570-55-6,,,
185,ZDOYHCIRUPHUHN-UHFFFAOYSA-N,CC(=O)c1ccccc1Cl,154.60,17,CHOCl,halogen,,thermodynamics_pending,1,2'-Chloroacetophenone,,4939,,2'-Chloroacetophenone,2142-68-9,acetophenones_benzophenones,,
186,LMDZBCPBFSXMTL-UHFFFAOYSA-N,CCN=C=NCCCN(C)C,155.20,28,CHN,CHNO,,,1,,yes: the neutral parent's PubChem name by InChIKey,,6052,1-(3-Dimethylaminopropyl)-3-ethylcarbodiimide hydrochloride,25952-53-8,,,
187,CEFDWZDNAJAKGO-UHFFFAOYSA-N,O=C(O)C(O)S(=O)(=O)O,156.10,13,CHOS,"S, P or Si",,,1,,yes: the neutral parent's PubChem name by InChIKey,,6902,"Acetic acid, hydroxysulfo-, disodium salt",29736-24-1,,,
188,XWSLYQXUTWUIKM-UHFFFAOYSA-N,COP(=S)(OC)OC,156.10,17,CHOSP,"S, P or Si",,,1,"O,O,O-Trimethyl phosphorothioate",,3392,,"O,O,O-Trimethyl phosphorothioate",152-18-1,organophosphates,,Organophosphates
189,FXJVNINSOKCNJP-UHFFFAOYSA-N,Cc1ccc(S(=O)O)cc1,156.20,18,CHOS,"S, P or Si",,,1,P-Toluenesulfinic acid,,9547,,P-Toluenesulfinic acid,536-57-2,,,
190,NIAAGQAEVGMHPM-UHFFFAOYSA-N,Cc1ccc(S)c(S)c1,156.30,17,CHS,"S, P or Si",,,1,"Toluene-3,4-dithiol",,8987,,"Toluene-3,4-dithiol",496-74-2,,,
191,JNRUXZIXAXHXTN-UHFFFAOYSA-N,C#CC(C)(C)O[Si](C)(C)C,156.30,26,CHOSi,"S, P or Si",,,1,"[(1,1-Dimethyl-2-propynyl)oxy]trimethylsilane",,4202,,"[(1,1-Dimethyl-2-propynyl)oxy]trimethylsilane",17869-77-1,silanes_siloxanes_silicones,,Siloxanes and silanes
192,KHBQMWCZKVMBLN-UHFFFAOYSA-N,NS(=O)(=O)c1ccccc1,157.20,17,CHNOS,"S, P or Si",,,1,Benzenesulfonamide,,15989,,Benzenesulfonamide,98-10-2,,,
193,ZFBGKBGUMMBBMY-UHFFFAOYSA-N,C=CC(Cl)=C(Cl)Cl,157.40,10,CHCl,halogen,,thermodynamics_pending,1,"1,3-Butadiene, 1,1,2-trichloro-",,6698,,"1,3-Butadiene, 1,1,2-trichloro-",2852-07-5,,,
194,QLZHNIAADXEJJP-UHFFFAOYSA-N,O=P(O)(O)c1ccccc1,158.10,17,CHOP,"S, P or Si",,,1,Phenylphosphonic acid,,3555,,Phenylphosphonic acid,1571-33-1,organophosphates,,Organophosphates
195,SRSXLGNVWSONIS-UHFFFAOYSA-N,O=S(=O)(O)c1ccccc1,158.20,16,CHOS,"S, P or Si",,,1,Benzenesulfonic Acid,,15990,,Benzenesulfonic Acid,98-11-3,,,
196,XSCWTEXRVXWWNI-UHFFFAOYSA-N,CCCN(CCC)C(=O)CN,158.20,29,CHNO,CHNO,,,1,,yes: the neutral parent's PubChem name by InChIKey,,1068,"2-Amino-N,N-dipropylacetamide hydrochloride",11099-03-9,,,
197,NPNIZCVKXVRCHF-UHFFFAOYSA-N,CSSSSC,158.30,12,CHS,"S, P or Si",,,1,Dimethyl tetrasulfide,,10125,,Dimethyl tetrasulfide,5756-24-1,,,
198,ZAKAONRTRWRIJT-UHFFFAOYSA-N,CCOC(=N)CC(=O)OCC,159.20,24,CHNO,CHNO,,,1,,yes: the neutral parent's PubChem name by InChIKey,,5233,Ethyl 3-ethoxy-3-iminopropionate hydrochloride,2318-25-4,,,
199,JIVZKJJQOZQXQB-UHFFFAOYSA-N,c1ccc(CC2=NCCN2)cc1,160.20,24,CHN,CHNO,,,1,,yes: the neutral parent's PubChem name by InChIKey,,10313,Tolazoline Hydrochloride,59-97-2,,,
200,MBGQQKKTDDNCSG-UHFFFAOYSA-N,C=C[Si](C)(OCC)OCC,160.30,26,CHOSi,"S, P or Si",,,1,Diethoxymethylvinylsilane,,9762,,Diethoxymethylvinylsilane,5507-44-8,silanes_siloxanes_silicones,,Siloxanes and silanes
201,MPBLPZLNKKGCGP-UHFFFAOYSA-N,CCCCCCC(C)(C)S,160.30,30,CHS,"S, P or Si",,,1,tert-Nonanethiol,,5863,,tert-Nonanethiol,25360-10-5,,,
202,WYUIWKFIFOJVKW-UHFFFAOYSA-N,Cc1ccc(Cl)c(Cl)c1,161.00,15,CHCl,halogen,,thermodynamics_pending,1,"3,4-Dichlorotoluene",,15770,,"3,4-Dichlorotoluene",95-75-0,,,
203,VLYLPZIBVLBOLH-UHFFFAOYSA-N,C=Cc1ccc(N=C=S)cc1,161.20,18,CHNS,"S, P or Si",,,1,p-Vinylphenyl isothiocyanate,,3393,,p-Vinylphenyl isothiocyanate,1520-20-3,,,
204,FAIPQCJQEAURIB-UHFFFAOYSA-N,S=C(S)N1CCCCC1,161.30,20,CHNS,"S, P or Si",,,1,,yes: the neutral parent's PubChem name by InChIKey,,2718,Potassium piperidine-1-dithiocarboxylate,136-04-9,,,
205,HMZPXZFXOANPHS-UHFFFAOYSA-N,CCNC(=S)OCC(C)C,161.30,25,CHNOS,"S, P or Si",,,1,O-Isobutyl ethylthiocarbamate,,9890,,O-Isobutyl ethylthiocarbamate,55860-53-2,,,
206,FFUAGWLWBBFQJT-UHFFFAOYSA-N,C[Si](C)(C)N[Si](C)(C)C,161.40,28,CHNSi,"S, P or Si",,,1,Hexamethyldisilazane,,16108,,Hexamethyldisilazane,999-97-3,silanes_siloxanes_silicones,,Siloxanes and silanes
207,GQIUQDDJKHLHTB-UHFFFAOYSA-N,C=C[Si](Cl)(Cl)Cl,161.50,9,CHClSi,"S, P or Si",,,1,Trichlorovinylsilane,,13502,,Trichlorovinylsilane,75-94-5,silanes_siloxanes_silicones,,Siloxanes and silanes
208,QAYICIQNSGETAS-UHFFFAOYSA-N,CN1CSC(=S)N(C)C1,162.30,19,CHNS,"S, P or Si",,,1,Dazomet,,9501,,Dazomet,533-74-4,,,
209,LFRDHGNFBLIJIY-UHFFFAOYSA-N,C=CC[Si](OC)(OC)OC,162.30,24,CHOSi,"S, P or Si",,,1,Allyltrimethoxysilane,,5892,,Allyltrimethoxysilane,2551-83-9,silanes_siloxanes_silicones,,Siloxanes and silanes
210,MGFFVSDRCRVHLC-UHFFFAOYSA-N,CCCCOC(=O)CCS,162.30,24,CHOS,"S, P or Si",,,1,Butyl 3-mercaptopropionate,,3740,,Butyl 3-mercaptopropionate,16215-21-7,,,
211,UQEAIHBTYFGYIE-UHFFFAOYSA-N,C[Si](C)(C)O[Si](C)(C)C,162.40,27,CHOSi,"S, P or Si",,,1,Hexamethyldisiloxane,,770,,Hexamethyldisiloxane,107-46-0,silanes_siloxanes_silicones,,Siloxanes and silanes
212,WFSGQBNCVASPMW-UHFFFAOYSA-N,CCCCC(CC)C(=O)Cl,162.70,25,CHOCl,halogen,,thermodynamics_pending,1,2-Ethylhexanoyl chloride,,13594,,2-Ethylhexanoyl chloride,760-67-8,,,
213,CPEKAXYCDKETEN-UHFFFAOYSA-N,O=C(N=C=S)c1ccccc1,163.20,16,CHNOS,"S, P or Si",,,1,Benzoyl isothiocyanate,,9491,,Benzoyl isothiocyanate,532-55-8,,,
214,JYRXPFCUABYLPD-UHFFFAOYSA-N,CCN(CC)C(=S)SC,163.30,22,CHNS,"S, P or Si",,,1,Methyl diethyldithiocarbamate,,12345,,Methyl diethyldithiocarbamate,686-07-7,,,
215,ZYAASQNKCWTPKI-UHFFFAOYSA-N,CO[Si](C)(CCCN)OC,163.30,27,CHNOSi,"S, P or Si",,,1,3-(Dimethoxymethylsilyl)propylamine,,7867,,3-(Dimethoxymethylsilyl)propylamine,3663-44-3,silanes_siloxanes_silicones,,Siloxanes and silanes
216,JAYBZWYBCUJLNQ-UHFFFAOYSA-N,C[Si](Cl)(Cl)CCl,163.50,11,CHClSi,"S, P or Si",,,1,Dichloro(chloromethyl)methylsilane,,3498,,Dichloro(chloromethyl)methylsilane,1558-33-4,silanes_siloxanes_silicones,,Siloxanes and silanes
217,ZOYFEXPFPVDYIS-UHFFFAOYSA-N,CC[Si](Cl)(Cl)Cl,163.50,11,CHClSi,"S, P or Si",,,1,Ethyltrichlorosilane,,1358,,Ethyltrichlorosilane,115-21-9,silanes_siloxanes_silicones,,Siloxanes and silanes
218,OIRDBPQYVWXNSJ-UHFFFAOYSA-N,COS(=O)(=O)C(F)(F)F,164.10,12,CHOFS,"S, P or Si",,,1,Methyl trifluoromethanesulfonate,,7478,,Methyl trifluoromethanesulfonate,333-27-7,PFASs,,PFAS
219,UDQCDDZBBZNIFA-UHFFFAOYSA-N,Cc1cccc2[nH]c(=S)[nH]c12,164.20,19,CHNS,"S, P or Si",,,1,"2H-Benzimidazole-2-thione, 1,3-dihydro-4-methyl-",,9587,,"2H-Benzimidazole-2-thione, 1,3-dihydro-4-methyl-",53988-10-6,,,
220,QWENMOXLTHDKDL-UHFFFAOYSA-N,CCCCCOC(=S)S,164.30,21,CHOS,"S, P or Si",,,1,,yes: the neutral parent's PubChem name by InChIKey,,6454,Potassium amylxanthate,2720-73-2,,,
221,WZUAZKYWEVGSEC-UHFFFAOYSA-N,CCCCCCSSC,164.30,25,CHS,"S, P or Si",,,1,Methyl n-hexyl disulfide,,11394,,Methyl n-hexyl disulfide,64580-52-5,,,
222,HQYALQRYBUJWDH-UHFFFAOYSA-N,CCC[Si](OC)(OC)OC,164.30,26,CHOSi,"S, P or Si",,,1,Trimethoxypropylsilane,,728,,Trimethoxypropylsilane,1067-25-0,silanes_siloxanes_silicones,,Siloxanes and silanes
223,CDRKALGDLCSMSG-AATRIKPKSA-N,CCO[Si](C)(C)/C=C/Cl,164.70,22,CHOClSi,"S, P or Si",,,1,trans-(2-Chlorovinyl)dimethylethoxysilane,,2157,,trans-(2-Chlorovinyl)dimethylethoxysilane,128595-84-6,silanes_siloxanes_silicones,,Siloxanes and silanes
224,AJNBBVTVDUXJNX-UHFFFAOYSA-N,CCC(C)C[Si](C)(C)Cl,164.80,26,CHClSi,"S, P or Si",,,1,Chlorodimethyl(2-methylbutyl)silane,,12974,,Chlorodimethyl(2-methylbutyl)silane,71864-46-5,silanes_siloxanes_silicones,,Siloxanes and silanes
225,QKAOOWJWWKWWOZ-UHFFFAOYSA-N,COc1ccccc1N=C=S,165.20,18,CHNOS,"S, P or Si",,,1,2-Methoxyphenyl isothiocyanate,,7425,,2-Methoxyphenyl isothiocyanate,3288-04-8,,,
226,BLTXWCKMNMYXEA-UHFFFAOYSA-N,FC(F)=C(F)OC(F)(F)F,166.00,10,COF,halogen,,thermodynamics_pending,1,Trifluoromethyl trifluorovinyl ether,,1490,,Trifluoromethyl trifluorovinyl ether,1187-93-5,PFASs,,PFAS
227,GTRLQRHWPXEBLF-UHFFFAOYSA-N,N=C(N)SCc1ccccc1,166.20,21,CHNS,"S, P or Si",,,1,,yes: the neutral parent's PubChem name by InChIKey,,9557,S-Benzylisothiourea hydrochloride,538-28-3,,,
228,AATNZNJRDOVKDD-UHFFFAOYSA-N,CCOP(=O)(CC)OCC,166.20,25,CHOP,"S, P or Si",,,1,Diethyl ethylphosphonate,,13960,,Diethyl ethylphosphonate,78-38-6,organophosphates,,Organophosphates
229,BDZBKCUKTQZUTL-UHFFFAOYSA-N,CCOP(OCC)OCC,166.20,25,CHOP,"S, P or Si",,,1,Triethyl phosphite,,1794,,Triethyl phosphite,122-52-1,organophosphates,,Organophosphates
230,OZEIKKSJNYAJPR-UHFFFAOYSA-N,CC(C)CP(=O)(CO)CO,166.20,25,CHOP,"S, P or Si",,,1,Isobutylbis(hydroxymethyl)phosphine oxide,,3057,,Isobutylbis(hydroxymethyl)phosphine oxide,142747-77-1,organophosphates,,Organophosphates
231,YXIWHUQXZSMYRE-UHFFFAOYSA-N,S=c1[nH]c2ccccc2s1,167.30,15,CHNS,"S, P or Si",,,2,2-Mercaptobenzothiazole,,3295,5544,2-Mercaptobenzothiazole | Sodium 2-mercaptobenzothiazole,149-30-4;2492-26-4,benzothiazole,,Benzothiazoles
232,PKLPQOJFHFGVBS-UHFFFAOYSA-N,CC(=O)c1c(O)cc(C)oc1=O,168.10,20,CHO,CHNO,,,1,,yes: the neutral parent's PubChem name by InChIKey,,16272,"Dehydroacetic acid, sodium salt",4418-26-2,,,
233,IVGRSQBDVIJNDA-UHFFFAOYSA-N,NCCNCCS(=O)(=O)O,168.20,22,CHNOS,"S, P or Si",,,1,,yes: the neutral parent's PubChem name by InChIKey,,7653,"Ethanesulfonic acid, 2-[(2-aminoethyl)amino]-, monosodium salt",34730-59-1,,,
234,WCPGNFONICRLCL-UHFFFAOYSA-N,Nc1ccc(OCCO)c(N)c1,168.20,24,CHNO,CHNO,,,1,,yes: the neutral parent's PubChem name by InChIKey,,1162,"2-(2,4-Diaminophenoxy)ethanol dihydrochloride",11138-66-2,,,
235,MNTALGTVSQTALQ-UHFFFAOYSA-N,C[Si](C)(C)O[Si](O)(O)O,168.30,21,CHOSi,"S, P or Si",,,1,Trimethylsilyl trihydrogen silicate,,9941,,Trimethylsilyl trihydrogen silicate,56275-01-5,silanes_siloxanes_silicones,,Siloxanes and silanes
236,JEDHEMYZURJGRQ-UHFFFAOYSA-N,CCCCCCc1ccsc1,168.30,27,CHS,"S, P or Si",,,1,3-Hexylthiophene,,3965,,3-Hexylthiophene,1693-86-3,,,
237,XDDAORKBJWWYJS-UHFFFAOYSA-N,O=C(O)CNCP(=O)(O)O,169.10,18,CHNOP,"S, P or Si",,,1,Glyphosate,,802,,Glyphosate,1071-83-6,organophosphates,,Organophosphates
238,NWYGPVZOBBHKLI-UHFFFAOYSA-N,CSSCc1ccccc1,170.30,20,CHS,"S, P or Si",,,1,Benzyl methyl disulfide,,12688,,Benzyl methyl disulfide,699-10-5,,,
239,MSXKFSFICXVOAJ-UHFFFAOYSA-N,C1CCC(SC2CCCC2)C1,170.30,29,CHS,"S, P or Si",,,1,Dicyclopentyl sulfide,,1297,,Dicyclopentyl sulfide,1126-65-4,,,
240,XPKNQQCTKKHCHV-UHFFFAOYSA-N,COc1cc(C)c(Cl)c(C)c1,170.60,22,CHOCl,halogen,,thermodynamics_pending,1,"4-Chloro-3,5-dimethylanisole",,12681,,"4-Chloro-3,5-dimethylanisole",6981-15-3,,,
241,KWYZNESIGBQHJK-UHFFFAOYSA-N,C[Si](C)(Cl)c1ccccc1,170.70,21,CHClSi,"S, P or Si",,,1,Chlorodimethylphenylsilane,,13687,,Chlorodimethylphenylsilane,768-33-2,silanes_siloxanes_silicones,,Siloxanes and silanes
242,LMYRWZFENFIFIT-UHFFFAOYSA-N,Cc1ccc(S(N)(=O)=O)cc1,171.20,20,CHNOS,"S, P or Si",,,1,P-Toluenesulfonamide,,12702,,P-Toluenesulfonamide,70-55-3,,,
243,YCMLQMDWSXFTIF-UHFFFAOYSA-N,Cc1ccccc1S(N)(=O)=O,171.20,20,CHNOS,"S, P or Si",,,2,O-Toluenesulfonamide,,2505;14856,,O-Toluenesulfonamide | O-Toluenesulfonamide,1333-07-9;88-19-7,,,
244,JOXIMZWYDAKGHI-UHFFFAOYSA-N,Cc1ccc(S(=O)(=O)O)cc1,172.20,19,CHOS,"S, P or Si",,,4,p-Toluenesulfonic acid,,483,3710;10832;11585,p-Toluenesulfonic acid | Potassium toluenesulfonate | p-Toluenesulfonic acid monohydrate | Sodium p-toluenesulfonate,104-15-4;16106-44-8;6192-52-5;657-84-1,,,
245,LBLYYCQCTBFVLH-UHFFFAOYSA-N,Cc1ccccc1S(=O)(=O)O,172.20,19,CHOS,"S, P or Si",,,1,2-Methylbenzenesulfonic acid,,14857,,2-Methylbenzenesulfonic acid,88-20-0,,,
246,VJRITMATACIYAF-UHFFFAOYSA-N,NNS(=O)(=O)c1ccccc1,172.20,19,CHNOS,"S, P or Si",,,1,Benzenesulfonohydrazide,,14093,,Benzenesulfonohydrazide,80-17-1,,,
247,AHUNLCWALDZRQE-UHFFFAOYSA-N,Nc1cc(S)c(N)cc1S,172.30,18,CHNS,"S, P or Si",,,1,,yes: the neutral parent's PubChem name by InChIKey,,13537,"2,5-Diamino-1,4-benzenedithiol Dihydrochloride",75464-52-7,,,
248,IKNDGHRNXGEHTO-UHFFFAOYSA-N,CCCCCCC(C)(C)C(=O)O,172.30,32,CHO,CHNO,,,1,,yes: the neutral parent's PubChem name by InChIKey,,16253,"Neodecanoic acid, lithium salt (1:1)",27253-30-1,,,
249,WRPPDRMFGQJMAR-UHFFFAOYSA-N,CC(C)(C)CC(C)(C)CC(=O)O,172.30,32,CHO,CHNO,,,1,,yes: the neutral parent's PubChem name by InChIKey,,6336,"Neodecanoic acid, potassium salt",26761-42-2,,,
250,HVBSAKJJOYLTQU-UHFFFAOYSA-N,Nc1ccc(S(=O)(=O)O)cc1,173.20,18,CHNOS,"S, P or Si",,,1,Sulfanilic acid,,1724,,Sulfanilic acid,121-57-3,,,
251,FYAMXEPQQLNQDM-UHFFFAOYSA-N,O=P(N1CC1)(N1CC1)N1CC1,173.20,23,CHNOP,"S, P or Si",,,1,Triethylenephosphoramide,,9688,,Triethylenephosphoramide,545-55-1,organophosphates,,Organophosphates
252,CMPQUABWPXYYSH-UHFFFAOYSA-N,O=P(O)(O)Oc1ccccc1,174.10,18,CHOP,"S, P or Si",,,1,Phenyl dihydrogen phosphate,,12715,,Phenyl dihydrogen phosphate,701-64-4,organophosphates,,Organophosphates
253,YIDVLWDHYNWHMH-UHFFFAOYSA-N,O=P(O)(O)c1ccc(O)cc1,174.10,18,CHOP,"S, P or Si",,,1,(4-Hydroxyphenyl)phosphonic acid,,7555,,(4-Hydroxyphenyl)phosphonic acid,33795-18-5,organophosphates,,Organophosphates
254,FEPBITJSIHRMRT-UHFFFAOYSA-N,O=S(=O)(O)c1ccc(O)cc1,174.20,17,CHOS,"S, P or Si",,,1,4-Hydroxybenzenesulfonic acid,,16003,,4-Hydroxybenzenesulfonic acid,98-67-9,,,
255,IULJSGIJJZZUMF-UHFFFAOYSA-N,O=S(=O)(O)c1ccccc1O,174.20,17,CHOS,"S, P or Si",,,1,O-Phenolsulfonic acid,,2509,,O-Phenolsulfonic acid,1333-39-7,,,
256,ZZHIDJWUJRKHGX-UHFFFAOYSA-N,ClCc1ccc(CCl)cc1,175.10,18,CHCl,halogen,,thermodynamics_pending,1,"1,4-Bis(chloromethyl)benzene",,10927,,"1,4-Bis(chloromethyl)benzene",623-25-6,,,
257,AHKKZIUZTWZKDR-UHFFFAOYSA-N,CN(C)[Si](C)(N(C)C)N(C)C,175.40,32,CHNSi,"S, P or Si",,,1,Tris(dimethylamino)methylsilane,,8012,,Tris(dimethylamino)methylsilane,3768-57-8,silanes_siloxanes_silicones,,Siloxanes and silanes
258,CIWBSHSKHKDKBQ-JLAZNSOCSA-N,O=C1O[C@H]([C@@H](O)CO)C(O)=C1O,176.10,20,CHO,CHNO,,,1,,yes: the neutral parent's PubChem name by InChIKey,,2559,Sodium Ascorbate,134-03-2,,,
259,VHPUZTHRFWIGAW-UHFFFAOYSA-N,CO[Si](OC)(C(C)C)C(C)C,176.30,31,CHOSi,"S, P or Si",,,1,Diisopropyldimethoxysilane,,4278,,Diisopropyldimethoxysilane,18230-61-0,silanes_siloxanes_silicones,,Siloxanes and silanes
260,CSKNSYBAZOQPLR-UHFFFAOYSA-N,O=S(=O)(Cl)c1ccccc1,176.60,15,CHOClS,"S, P or Si",,,1,Benzenesulfonyl chloride,,15988,,Benzenesulfonyl chloride,98-09-9,,,
261,DLLVIJACDVJDIP-UHFFFAOYSA-N,N#CSCC(=O)c1ccccc1,177.20,19,CHNOS,"S, P or Si",,,1,Phenacyl thiocyanate,,9589,,Phenacyl thiocyanate,5399-30-4,,,
262,WZRRRFSJFQTGGB-UHFFFAOYSA-N,S=c1[nH]c(=S)[nH]c(=S)[nH]1,177.30,12,CHNS,"S, P or Si",,,1,Trithiocyanuric acid,,11216,,Trithiocyanuric acid,638-16-4,,,
263,RKDROQWWHWDICV-UHFFFAOYSA-N,CCSC(=S)N(CC)CC,177.30,25,CHNS,"S, P or Si",,,1,"Carbamodithioic acid, diethyl-, ethyl ester",,8887,,"Carbamodithioic acid, diethyl-, ethyl ester",4740-11-8,,,
264,DBWSTBGNSJEPFT-UHFFFAOYSA-N,C[Si](Cl)(Cl)CCCl,177.50,14,CHClSi,"S, P or Si",,,1,"Silane, dichloro(2-chloroethyl)methyl-",,13905,,"Silane, dichloro(2-chloroethyl)methyl-",7787-85-1,silanes_siloxanes_silicones,,Siloxanes and silanes
265,DOEHJNBEOVLHGL-UHFFFAOYSA-N,CCC[Si](Cl)(Cl)Cl,177.50,14,CHClSi,"S, P or Si",,,1,Propyltrichlorosilane,,2982,,Propyltrichlorosilane,141-57-1,silanes_siloxanes_silicones,,Siloxanes and silanes
266,BYEFHDZWRALTEN-UHFFFAOYSA-N,CCC12COP(=O)(OC1)OC2,178.10,22,CHOP,"S, P or Si",,,1,Trimethylolpropane phosphate,,122,,Trimethylolpropane phosphate,1005-93-2,organophosphates,,Organophosphates
267,ODJQKYXPKWQWNK-UHFFFAOYSA-N,O=C(O)CCSCCC(=O)O,178.20,21,CHOS,"S, P or Si",,,1,"3,3'-Thiodipropionic acid",,1086,,"3,3'-Thiodipropionic acid",111-17-1,,,
268,XVGDJNZHNCJHIP-UHFFFAOYSA-N,CC(SC(C)C(=O)O)C(=O)O,178.20,21,CHOS,"S, P or Si",,,1,"2,2'-Sulfanediyldipropanoic acid",,10194,,"2,2'-Sulfanediyldipropanoic acid",5811-50-7,,,
269,YPJHXRAHMUKXAE-UHFFFAOYSA-N,C=CCP(=O)(OCC)OCC,178.20,26,CHOP,"S, P or Si",,,1,Diethyl allylphosphonate,,732,,Diethyl allylphosphonate,1067-87-4,organophosphates,,Organophosphates
270,HHSONWXYOAPAQZ-UHFFFAOYSA-N,c1scc2c1Cc1cscc1-2,178.30,17,CHS,"S, P or Si",,,1,"7H-Cyclopenta[1,2-c:3,4-c/']dithiophene",,4211,,"7H-Cyclopenta[1,2-c:3,4-c/']dithiophene",17965-48-9,,,
271,IODWHFFPQHUDAG-UHFFFAOYSA-N,Cc1cc2nc(N)sc2cc1C,178.30,22,CHNS,"S, P or Si",,,1,"2-Amino-5,6-dimethylbenzothiazole",,6940,,"2-Amino-5,6-dimethylbenzothiazole",29927-08-0,,,
272,SPJIVJKZYGYWQH-UHFFFAOYSA-N,CCNc1nc2ccccc2s1,178.30,22,CHNS,"S, P or Si",,,1,"N-Ethyl-1,3-benzothiazol-2-amine",,6656,,"N-Ethyl-1,3-benzothiazol-2-amine",28291-69-2,,,
273,HSNHLHNSJCYPNU-UHFFFAOYSA-N,CC(C)OC(=S)SC(C)C,178.30,24,CHOS,"S, P or Si",,,1,"Carbonic acid, dithio-, O,S-diisopropyl ester",,4596,,"Carbonic acid, dithio-, O,S-diisopropyl ester",19615-06-6,,,
274,CPUDPFPXCZDNGI-UHFFFAOYSA-N,CCO[Si](C)(OCC)OCC,178.30,29,CHOSi,"S, P or Si",,,1,Triethoxymethylsilane,,4721,,Triethoxymethylsilane,2031-67-6,silanes_siloxanes_silicones,,Siloxanes and silanes
275,ULSLZZKKTPQNNJ-UHFFFAOYSA-N,CC(C)CS(=O)(=O)CC(C)C,178.30,29,CHOS,"S, P or Si",,,1,Diisobutyl sulfone,,552,,Diisobutyl sulfone,10495-45-1,,,
276,XYJRNCYWTVGEEG-UHFFFAOYSA-N,CO[Si](CC(C)C)(OC)OC,178.30,29,CHOSi,"S, P or Si",,,1,Isobutyltrimethoxysilane,,4317,,Isobutyltrimethoxysilane,18395-30-7,silanes_siloxanes_silicones,,Siloxanes and silanes
277,LGEJHPHGNSBWOF-UHFFFAOYSA-N,CC(C)(C)CC[Si](C)(C)Cl,178.80,29,CHClSi,"S, P or Si",,,1,"Chloro(3,3-dimethylbutyl)dimethylsilane",,15893,,"Chloro(3,3-dimethylbutyl)dimethylsilane",96220-76-7,silanes_siloxanes_silicones,,Siloxanes and silanes
278,IMDXZWRLUZPMDH-UHFFFAOYSA-N,ClP(Cl)c1ccccc1,179.00,14,CHClP,"S, P or Si",,,1,Dichlorophenylphosphine,,11361,,Dichlorophenylphosphine,644-97-3,organophosphates,,Organophosphates
279,GNOIPBMMFNIUFM-UHFFFAOYSA-N,CN(C)P(=O)(N(C)C)N(C)C,179.20,29,CHNOP,"S, P or Si",,,1,Hexamethylphosphoramide,,11897,,Hexamethylphosphoramide,680-31-9,organophosphates,,Organophosphates
280,SJECZPVISLOESU-UHFFFAOYSA-N,CO[Si](CCCN)(OC)OC,179.30,28,CHNOSi,"S, P or Si",,,1,3-Aminopropyltrimethoxysilane,,2831,,3-Aminopropyltrimethoxysilane,13822-56-5,silanes_siloxanes_silicones,,Siloxanes and silanes
281,YIHXQSQQJBEAKK-UHFFFAOYSA-N,O=C(F)C(F)(F)S(=O)(=O)F,180.10,10,COFS,"S, P or Si",,,1,"Acetyl fluoride, difluoro(fluorosulfonyl)-",,11779,,"Acetyl fluoride, difluoro(fluorosulfonyl)-",677-67-8,PFASs,,PFAS
282,YASRHLDAFCMIPB-UHFFFAOYSA-N,O=P12OCC(CO)(CO1)CO2,180.10,20,CHOP,"S, P or Si",,,1,"4-(Hydroxymethyl)-2,6,7-trioxa-1-phosphabicyclo[2.2.2]octane 1-oxide",,9473,,"4-(Hydroxymethyl)-2,6,7-trioxa-1-phosphabicyclo[2.2.2]octane 1-oxide",5301-78-0,organophosphates,,Organophosphates
283,IKYAJDOSWUATPI-UHFFFAOYSA-N,CO[Si](C)(CCCS)OC,180.30,26,CHOSSi,"S, P or Si",,,1,3-Mercaptopropylmethyldimethoxysilane,,7165,,3-Mercaptopropylmethyldimethoxysilane,31001-77-1,silanes_siloxanes_silicones,,Siloxanes and silanes
284,DUZJXKYBSMFDIU-UHFFFAOYSA-N,Cc1cc(C(C)(C)C)ccc1S,180.30,28,CHS,"S, P or Si",,,1,4-tert-Butyl-o-thiocresol,,3492,,4-tert-Butyl-o-thiocresol,15570-10-2,,,
285,IAJOBQBIJHVGMQ-UHFFFAOYSA-N,CP(=O)(O)CCC(N)C(=O)O,181.10,23,CHNOP,"S, P or Si",,,1,Glufosinate,,9194,,Glufosinate,51276-47-2,,,
286,IHKAGFVCXPFGRP-UHFFFAOYSA-N,CSc1cccc(N=C=S)c1,181.30,18,CHNS,"S, P or Si",,,1,3-(Methylthio)phenyl isothiocyanate,,9215,,3-(Methylthio)phenyl isothiocyanate,51333-80-3,,,
287,IRNRNPNZAKHEAW-UHFFFAOYSA-N,Cn1c(=S)sc2ccccc21,181.30,18,CHNS,"S, P or Si",,,1,"2(3H)-Benzothiazolethione, 3-methyl-",,5155,,"2(3H)-Benzothiazolethione, 3-methyl-",2254-94-6,benzothiazole,,Benzothiazoles
288,SIODOISHDGRELW-UHFFFAOYSA-N,CSc1ccccc1N=C=S,181.30,18,CHNS,"S, P or Si",,,1,2-(Methylthio)phenyl isothiocyanate,,9214,,2-(Methylthio)phenyl isothiocyanate,51333-75-6,,,
289,UTBVIMLZIRIFFR-UHFFFAOYSA-N,CSc1nc2ccccc2s1,181.30,18,CHNS,"S, P or Si",,,2,2-(Methylthio)benzothiazole,,10661;11253,,2-(Methylthio)benzothiazole | 2-(Methylthio)benzothiazole,615-22-5;64036-43-7,benzothiazole,,Benzothiazoles
290,DQWPFSLDHJDLRL-UHFFFAOYSA-N,CCOP(=O)(OCC)OCC,182.20,26,CHOP,"S, P or Si",,,1,Triethyl phosphate,,13961,,Triethyl phosphate,78-40-0,organophosphates,,Organophosphates
291,PHJZUYURNWKKMA-UHFFFAOYSA-N,CCCC(O)P(=O)(OC)OC,182.20,26,CHOP,"S, P or Si",,,1,Dimethyl 1-hydroxybutylphosphonate,,5217,,Dimethyl 1-hydroxybutylphosphonate,23054-81-1,organophosphates,,Organophosphates
292,HCZMHWVFVZAHCR-UHFFFAOYSA-N,SCCOCCOCCS,182.30,24,CHOS,"S, P or Si",,,1,"1,2-Bis(2-mercaptoethoxy)ethane",,3319,,"1,2-Bis(2-mercaptoethoxy)ethane",14970-87-7,,,
293,CVQVSVBUMVSJES-UHFFFAOYSA-N,CO[Si](C)(OC)c1ccccc1,182.30,26,CHOSi,"S, P or Si",,,1,Dimethoxymethylphenylsilane,,7004,,Dimethoxymethylphenylsilane,3027-21-2,silanes_siloxanes_silicones,,Siloxanes and silanes
294,KNTKCYKJRSMRMZ-UHFFFAOYSA-N,CO[Si](C)(CCCCl)OC,182.70,25,CHOClSi,"S, P or Si",,,1,3-Chloropropylmethyldimethoxysilane,,4258,,3-Chloropropylmethyldimethoxysilane,18171-19-2,silanes_siloxanes_silicones,,Siloxanes and silanes
295,CVHZOJJKTDOEJC-UHFFFAOYSA-N,O=C1NS(=O)(=O)c2ccccc21,183.20,17,CHNOS,"S, P or Si",,,2,Saccharin,,14260,2144,Saccharin sodium | Saccharin,128-44-9;81-07-2,,,
296,MAGFQRLKWCCTQJ-UHFFFAOYSA-N,C=Cc1ccc(S(=O)(=O)O)cc1,184.20,20,CHOS,"S, P or Si",,,2,,yes: the neutral parent's PubChem name by InChIKey,,1952;6393,Sodium 4-vinylbenzenesulfonate hydrate | Sodium 4-styrenesulfonate,123333-94-8;2695-37-6,,,
297,VMSBGXAJJLPWKV-UHFFFAOYSA-N,C=Cc1ccccc1S(=O)(=O)O,184.20,20,CHOS,"S, P or Si",,,2,2-Styrenesulfonic acid,,6380,6508,"2-Styrenesulfonic acid | Benzenesulfonic acid, ethenyl-, sodium salt",26914-43-2;27457-28-9,,,
298,CYKIHIBNSFRKQP-UHFFFAOYSA-N,c1ccc2cc3sccc3cc2c1,184.30,21,CHS,"S, P or Si",,,1,"Naphtho[2,3-b]thiophene",,6354,,"Naphtho[2,3-b]thiophene",268-77-9,,,
299,IYYZUPMFVPLQIF-UHFFFAOYSA-N,c1ccc2c(c1)sc1ccccc12,184.30,21,CHS,"S, P or Si",,,1,Dibenzothiophene,,2391,,Dibenzothiophene,132-65-0,,,
300,WYUIWUCVZCRTRH-UHFFFAOYSA-N,C=C[Si](C)(C)N[Si](C)(C)C=C,185.40,30,CHNSi,"S, P or Si",,,1,"1,1,3,3-Tetramethyl-1,3-divinyldisilazane",,13704,,"1,1,3,3-Tetramethyl-1,3-divinyldisilazane",7691-02-3,silanes_siloxanes_silicones,,Siloxanes and silanes
301,OXDOANYFRLHSML-UHFFFAOYSA-N,COP(=O)(OC)c1ccccc1,186.10,23,CHOP,"S, P or Si",,,1,Dimethyl Phenylphosphonate,,5128,,Dimethyl Phenylphosphonate,2240-41-7,organophosphates,,Organophosphates
302,BRIXOPDYGQCZFO-UHFFFAOYSA-N,CCc1ccc(S(=O)(=O)O)cc1,186.20,22,CHOS,"S, P or Si",,,2,4-Ethylbenzenesulfonic acid,,10099;16004,,4-Ethylbenzenesulfonic acid | 4-Ethylbenzenesulfonic acid,57352-34-8;98-69-1,,,
303,ICGLPKIVTVWCFT-UHFFFAOYSA-N,Cc1ccc(S(=O)(=O)NN)cc1,186.20,22,CHNOS,"S, P or Si",,,1,4-Methylbenzenesulfonohydrazide,,3574,,4-Methylbenzenesulfonohydrazide,1576-35-8,,,
304,VUQUOGPMUUJORT-UHFFFAOYSA-N,COS(=O)(=O)c1ccc(C)cc1,186.20,22,CHOS,"S, P or Si",,,1,Methyl p-toluenesulfonate,,14101,,Methyl p-toluenesulfonate,80-48-8,,,
305,WYCOJIVDCGJKDB-UHFFFAOYSA-N,Cc1ccc(S(=O)(=O)O)cc1C,186.20,22,CHOS,"S, P or Si",,,1,,yes: the neutral parent's PubChem name by InChIKey,,2193,Sodium xylenesulfonate,1300-72-7,,,
306,ZZXDRXVIRVJQBT-UHFFFAOYSA-N,Cc1cccc(S(=O)(=O)O)c1C,186.20,22,CHOS,"S, P or Si",,,1,"2,3-Dimethylbenzenesulfonic acid",,16237,,"2,3-Dimethylbenzenesulfonic acid",25321-41-9,,,
307,LTYMSROWYAPPGB-UHFFFAOYSA-N,c1ccc(Sc2ccccc2)cc1,186.30,23,CHS,"S, P or Si",,,1,Diphenyl sulfide,,2874,,Diphenyl sulfide,139-66-2,,,
308,BITPLIXHRASDQB-UHFFFAOYSA-N,C=C[Si](C)(C)O[Si](C)(C)C=C,186.40,29,CHOSi,"S, P or Si",,,1,"1,1,3,3-Tetramethyl-1,3-divinyldisiloxane",,6168,,"1,1,3,3-Tetramethyl-1,3-divinyldisiloxane",2627-95-4,silanes_siloxanes_silicones,,Siloxanes and silanes
309,QGSRKGWCQSATCL-UHFFFAOYSA-N,O=c1ssc(Cl)c1Cl,187.10,8,COClS,"S, P or Si",,,1,"4,5-Dichloro-3H-1,2-dithiol-3-one",,1529,,"4,5-Dichloro-3H-1,2-dithiol-3-one",1192-52-5,,,
310,AHRAVYTUHNLCHS-UHFFFAOYSA-N,CCOC(=O)Cc1nnc(N)s1,187.20,21,CHNOS,"S, P or Si",,,1,"Ethyl 2-(5-amino-1,3,4-thiadiazol-2-yl)acetate",,14881,,"Ethyl 2-(5-amino-1,3,4-thiadiazol-2-yl)acetate",88124-55-4,,,
311,LTPSRQRIPCVMKQ-UHFFFAOYSA-N,Cc1ccc(N)c(S(=O)(=O)O)c1,187.20,21,CHNOS,"S, P or Si",,,1,2-Amino-5-methylbenzenesulfonic acid,,14864,,2-Amino-5-methylbenzenesulfonic acid,88-44-8,,,
312,FKSRSWQTEJTBMI-UHFFFAOYSA-N,Nc1ccc(S(=O)(=O)O)cc1N,188.20,20,CHNOS,"S, P or Si",,,1,"3,4-Diaminobenzenesulfonic acid",,13417,,"3,4-Diaminobenzenesulfonic acid",7474-78-4,,,
313,AQYNZOSCOWGGTP-UHFFFAOYSA-N,c1ccc(Sc2ccccn2)nc1,188.30,21,CHNS,"S, P or Si",,,1,"2,2'-Thiodipyridine",,8501,,"2,2'-Thiodipyridine",4262-06-0,,,
314,JSYSQMMAZDDRLW-UHFFFAOYSA-N,CCCCCCC(CC=O)SC,188.30,32,CHOS,"S, P or Si",,,1,"Nonanal, 3-(methylthio)-",,10811,,"Nonanal, 3-(methylthio)-",61837-76-1,,,
315,KFFQABQEJATQAT-UHFFFAOYSA-N,CCCCNC(=S)NCCCC,188.30,32,CHNS,"S, P or Si",,,1,"1,3-Dibutyl-2-thiourea",,932,,"1,3-Dibutyl-2-thiourea",109-46-6,,,
316,SJJCABYOVIHNPZ-UHFFFAOYSA-N,CO[Si](C)(OC)C1CCCCC1,188.30,32,CHOSi,"S, P or Si",,,1,Cyclohexyldimethoxymethylsilane,,4200,,Cyclohexyldimethoxymethylsilane,17865-32-6,silanes_siloxanes_silicones,,Siloxanes and silanes
317,CCIDWXHLGNEQSL-UHFFFAOYSA-N,CCCCCCCCCCCS,188.40,36,CHS,"S, P or Si",,,1,1-Undecanethiol,,9506,,1-Undecanethiol,5332-52-5,,,
318,QGLZXHRNAYXIBU-WEVVVXLNSA-N,CNC(=O)O/N=C/C(C)(C)SC,190.30,26,CHNOS,"S, P or Si",,,1,Aldicarb,,1390,,Aldicarb,116-06-3,,,
319,FWDBOZPQNFPOLF-UHFFFAOYSA-N,C=C[Si](OCC)(OCC)OCC,190.30,30,CHOSi,"S, P or Si",,,1,Vinyltriethoxysilane,,13946,,Vinyltriethoxysilane,78-08-0,silanes_siloxanes_silicones,,Siloxanes and silanes
320,TZBLRTMGLVRDRL-UHFFFAOYSA-N,CO[Si]1(OC)CCCN1CCN,190.30,30,CHNOSi,"S, P or Si",,,1,"2-(2,2-Dimethoxy-1,2-azasilolidin-1-yl)ethan-1-amine",,10820,,"2-(2,2-Dimethoxy-1,2-azasilolidin-1-yl)ethan-1-amine",618914-51-5,silanes_siloxanes_silicones,,Siloxanes and silanes
321,XFAOZKNGVLIXLC-UHFFFAOYSA-N,CO[Si](CC(C)C)(OC)C(C)C,190.40,34,CHOSi,"S, P or Si",,,1,Isobutylisopropyldimethoxysilane,,1172,,Isobutylisopropyldimethoxysilane,111439-76-0,silanes_siloxanes_silicones,,Siloxanes and silanes
322,HDECRAPHCDXMIJ-UHFFFAOYSA-N,Cc1ccccc1S(=O)(=O)Cl,190.70,18,CHOClS,"S, P or Si",,,1,o-Toluenesulfonyl chloride,,2482,,o-Toluenesulfonyl chloride,133-59-5,,,
323,YYROPELSRYBVMQ-UHFFFAOYSA-N,Cc1ccc(S(=O)(=O)Cl)cc1,190.70,18,CHOClS,"S, P or Si",,,1,P-Toluenesulfonyl chloride,,16002,,P-Toluenesulfonyl chloride,98-59-9,,,
324,WOFMVUZGDHWHLJ-UHFFFAOYSA-N,CC(C)(C)CCCCCC(=O)Cl,190.70,31,CHOCl,halogen,,thermodynamics_pending,1,Neodecanoyl chloride,,8254,,Neodecanoyl chloride,40292-82-8,,,
325,ZHKKNUKCXPWZOP-UHFFFAOYSA-N,CCCCCCCCCCCCl,190.80,35,CHCl,halogen,,thermodynamics_pending,1,1-Chloroundecane,,5514,,1-Chloroundecane,2473-03-2,,,
326,GNEPOXWQWFSSOU-UHFFFAOYSA-N,C[Si](Cl)(Cl)c1ccccc1,191.10,18,CHClSi,"S, P or Si",,,1,Dichloromethylphenylsilane,,3300,,Dichloromethylphenylsilane,149-74-6,silanes_siloxanes_silicones,,Siloxanes and silanes
327,HXLAEGYMDGUSBD-UHFFFAOYSA-N,CCO[Si](C)(CCCN)OCC,191.30,33,CHNOSi,"S, P or Si",,,1,3-(Diethoxymethylsilyl)propylamine,,7283,,3-(Diethoxymethylsilyl)propylamine,3179-76-8,silanes_siloxanes_silicones,,Siloxanes and silanes
328,XHAXVDWUMCHTCY-UHFFFAOYSA-N,CC(=O)OCC(Cl)(Cl)Cl,191.40,14,CHOCl,halogen,,thermodynamics_pending,1,"2,2,2-Trichloroethyl acetate",,10964,,"2,2,2-Trichloroethyl acetate",625-24-1,,,
329,YMKWWHFRGALXLE-UHFFFAOYSA-N,CC1=CP(=O)(c2ccccc2)CC1,192.20,26,CHOP,"S, P or Si",,,1,3-Methyl-1-phenyl-2-phospholene 1-oxide,,12803,,3-Methyl-1-phenyl-2-phospholene 1-oxide,707-61-9,organophosphates,,Organophosphates
330,HFIUHKXJUKKOIZ-UHFFFAOYSA-N,O=C1c2ccsc2-c2sccc21,192.30,16,CHOS,"S, P or Si",,,1,"Cyclopenta[2,1-b:3,4-b']dithiophen-4-one",,6008,,"Cyclopenta[2,1-b:3,4-b']dithiophen-4-one",25796-77-4,,,
331,VDMBPDMXBJUYMB-UHFFFAOYSA-N,CC1CCc2c(sc(N)c2C#N)C1,192.30,25,CHNS,"S, P or Si",,,1,"2-Amino-6-methyl-4,5,6,7-tetrahydro-1-benzothiophene-3-carbonitrile",,8462,,"2-Amino-6-methyl-4,5,6,7-tetrahydro-1-benzothiophene-3-carbonitrile",42225-04-7,,,
332,DVYVMJLSUSGYMH-UHFFFAOYSA-N,CNCCC[Si](OC)(OC)OC,193.30,31,CHNOSi,"S, P or Si",,,1,N-Methylaminopropyltrimethoxysilane,,7094,,N-Methylaminopropyltrimethoxysilane,3069-25-8,silanes_siloxanes_silicones,,Siloxanes and silanes
333,AEMOLEFTQBMNLQ-UHFFFAOYSA-N,O=C(O)C1OC(O)C(O)C(O)C1O,194.10,23,CHO,CHNO,,,1,,yes: the neutral parent's PubChem name by InChIKey,,15088,"Sodium 3,4,5,6-tetrahydroxyoxane-2-carboxylate",9005-38-3,,,
334,NYUTUWAFOUJLKI-UHFFFAOYSA-N,C=CC(=O)OCCCS(=O)(=O)O,194.20,22,CHOS,"S, P or Si",,,2,,yes: the neutral parent's PubChem name by InChIKey,,3558;7180,"2-Propenoic acid, 3-sulfopropyl ester, sodium salt | Potassium 3-sulphonatopropyl acrylate",15717-25-6;31098-20-1,,,
335,PRAMZQXXPOLCIY-UHFFFAOYSA-N,C=C(C)C(=O)OCCS(=O)(=O)O,194.20,22,CHOS,"S, P or Si",,,2,2-Sulfoethyl methacrylate,,628,4237,2-Sulfoethyl methacrylate | Sodium 2-sulfoethyl methacrylate,10595-80-9;1804-87-1,,,
336,NJGCRMAPOWGWMW-UHFFFAOYSA-N,CCCCCCCCP(=O)(O)O,194.20,31,CHOP,"S, P or Si",,,1,Octylphosphonic acid,,8879,,Octylphosphonic acid,4724-48-5,organophosphates,,Organophosphates
337,WLGDAKIJYPIYLR-UHFFFAOYSA-N,CCCCCCCCS(=O)(=O)O,194.30,30,CHOS,"S, P or Si",,,2,1-Octanesulfonic acid,,8185,9495,1-Octanesulfonic acid | Sodium 1-octanesulfonate,3944-72-7;5324-84-5,,,
338,IBDMRHDXAQZJAP-UHFFFAOYSA-N,O=P(Cl)(Cl)c1ccccc1,195.00,15,CHOClP,"S, P or Si",,,1,Phenylphosphonic dichloride,,14341,,Phenylphosphonic dichloride,824-72-6,organophosphates,,Organophosphates
339,SXGZJKUKBWWHRA-UHFFFAOYSA-N,O=S(=O)(O)CCN1CCOCC1,195.20,25,CHNOS,"S, P or Si",,,1,2-(N-Morpholino)ethanesulfonic acid,,8600,,2-(N-Morpholino)ethanesulfonic acid,4432-31-9,,,
340,ZHKVUSSHABANQG-UHFFFAOYSA-N,C=C(F)C(F)(F)C(F)(F)C(F)F,196.10,15,CHF,halogen,,thermodynamics_pending,1,"2,3,3,4,4,5,5-Heptafluoro-1-pentene",,3462,,"2,3,3,4,4,5,5-Heptafluoro-1-pentene",1547-26-8,PFASs,,PFAS
341,UDXXYUDJOHIIDZ-UHFFFAOYSA-N,C=CC(=O)OCCOP(=O)(O)O,196.10,21,CHOP,"S, P or Si",,,1,2-(Phosphonooxy)ethyl acrylate,,7325,,2-(Phosphonooxy)ethyl acrylate,32120-16-4,organophosphates,,Organophosphates
342,IJHIIHORMWQZRQ-UHFFFAOYSA-N,C=CS(=O)(=O)CS(=O)(=O)C=C,196.20,19,CHOS,"S, P or Si",,,1,Bis(vinylsulfonyl)methane,,7414,,Bis(vinylsulfonyl)methane,3278-22-6,,,
343,HCSOONNWNNUBRI-UHFFFAOYSA-N,CCS(=O)(=O)C(OC)C(=O)OC,196.20,24,CHOS,"S, P or Si",,,1,Methyl (ethylsulfonyl)(methoxy)acetate,,17358,,Methyl (ethylsulfonyl)(methoxy)acetate,,,,
344,KOQQKLZTINXBAS-UHFFFAOYSA-N,C=CCOCC(O)CS(=O)(=O)O,196.20,24,CHOS,"S, P or Si",,,1,,yes: the neutral parent's PubChem name by InChIKey,,9381,Sodium 3-(allyloxy)-2-hydroxypropanesulphonate,52556-42-0,,,
345,JQEXLLJKRVPXMB-UHFFFAOYSA-N,O=c1ccsc2c(=O)ccsc12,196.30,16,CHOS,"S, P or Si",,,1,"Thiopyrano[3,2-b]thiopyran-4,8-dione",,4087,,"Thiopyrano[3,2-b]thiopyran-4,8-dione",173679-20-4,,,
346,SNCJAJRILVFXAE-UHFFFAOYSA-N,Nc1ccc2c(c1)Cc1cc(N)ccc1-2,196.30,27,CHN,CHNO,,,1,,yes: the neutral parent's PubChem name by InChIKey,,2696,"9H-Fluorene-2,7-diamine dihydrochloride",13548-69-1,,,
347,UUEWCQRISZBELL-UHFFFAOYSA-N,CO[Si](CCCS)(OC)OC,196.30,27,CHOSSi,"S, P or Si",,,1,(3-Mercaptopropyl)trimethoxysilane,,8593,,(3-Mercaptopropyl)trimethoxysilane,4420-74-0,silanes_siloxanes_silicones,,Siloxanes and silanes
348,VLJQDHDVZJXNQL-UHFFFAOYSA-N,Cc1ccc(S(=O)(=O)N=C=O)cc1,197.20,20,CHNOS,"S, P or Si",,,1,Tosyl isocyanate,,8310,,Tosyl isocyanate,4083-64-1,,,
349,GWCGONFKYSQUBK-UHFFFAOYSA-N,CCSC(=S)Nc1ccccc1,197.30,23,CHNS,"S, P or Si",,,1,"Carbamodithioic acid, phenyl-, ethyl ester",,2227,,"Carbamodithioic acid, phenyl-, ethyl ester",13037-20-2,,,
350,HSQFVBWFPBKHEB-UHFFFAOYSA-N,Oc1ccc(Cl)c(Cl)c1Cl,197.40,13,CHOCl,halogen,,,1,,yes: the neutral parent's PubChem name by InChIKey,,2397,"Sodium 2,3,4-trichlorophenolate",1320-79-2,,,
351,ULUAUXLGCMPNKK-UHFFFAOYSA-N,O=C(O)CC(C(=O)O)S(=O)(=O)O,198.20,18,CHOS,"S, P or Si",,,1,Sulfosuccinic acid,,9222,,Sulfosuccinic acid,5138-18-1,,,
352,DYIOSHGVFJTOAR-JGWLITMVSA-N,OC[C@@H](O)[C@@H](O)[C@H](O)[C@@H](O)CS,198.20,26,CHOS,"S, P or Si",,,1,1-Thiosorbitol,,5462,,1-Thiosorbitol,24531-57-5,,,
353,XAULISWKJQTUOD-UHFFFAOYSA-N,CCCCOCCOS(=O)(=O)O,198.20,26,CHOS,"S, P or Si",,,1,,yes: the neutral parent's PubChem name by InChIKey,,11775,Sodium 2-butoxyethyl sulphate,67656-24-0,,,
354,HORCQSAKJDDBKB-UHFFFAOYSA-N,Cc1cccc2sc3ccccc3c12,198.30,24,CHS,"S, P or Si",,,1,1-Methyldibenzothiophene,,7206,,1-Methyldibenzothiophene,31317-07-4,,,
355,NICUQYHIOMMFGV-UHFFFAOYSA-N,Cc1cccc2c1sc1ccccc12,198.30,24,CHS,"S, P or Si",,,1,4-Methyldibenzothiophene,,13203,,4-Methyldibenzothiophene,7372-88-5,,,
356,UDHJNWLQOZSJSP-UHFFFAOYSA-N,Cc1cc2ccccc2c2sccc12,198.30,24,CHS,"S, P or Si",,,1,"4-Methylnaphtho[1,2-b]thiophene",,11754,,"4-Methylnaphtho[1,2-b]thiophene",67388-11-8,,,
357,ZNOCGWVLWPVKAO-UHFFFAOYSA-N,CO[Si](OC)(OC)c1ccccc1,198.30,27,CHOSi,"S, P or Si",,,1,Phenyltrimethoxysilane,,6943,,Phenyltrimethoxysilane,2996-92-1,silanes_siloxanes_silicones,,Siloxanes and silanes
358,CCTFAOUOYLVUFG-UHFFFAOYSA-N,CC(C)(N=NC(C)(C)C(=N)N)C(=N)N,198.30,32,CHN,CHNO,,,1,,yes: the neutral parent's PubChem name by InChIKey,,6947,"2,2'-Azobis(2-methylpropionamidine) dihydrochloride",2997-92-4,,,
359,OXYZDRAJMHGSMW-UHFFFAOYSA-N,CO[Si](CCCCl)(OC)OC,198.70,26,CHOClSi,"S, P or Si",,,1,(3-Chloropropyl)trimethoxysilane,,5840,,(3-Chloropropyl)trimethoxysilane,2530-87-2,silanes_siloxanes_silicones,,Siloxanes and silanes
360,MSPCIZMDDUQPGJ-UHFFFAOYSA-N,CN(C(=O)C(F)(F)F)[Si](C)(C)C,199.20,24,CHNOFSi,"S, P or Si",,,1,N-Methyl-N-(trimethylsilyl)trifluoroacetamide,,5475,,N-Methyl-N-(trimethylsilyl)trifluoroacetamide,24589-78-4,PFASs;silanes_siloxanes_silicones,,Siloxanes and silanes;PFAS
361,WJFKNYWRSNBZNX-UHFFFAOYSA-N,c1ccc2c(c1)Nc1ccccc1S2,199.30,23,CHNS,"S, P or Si",,,1,Phenothiazine,,15457,,Phenothiazine,92-84-2,,Antioxidants,
362,BRZYPWBFHXULOO-UHFFFAOYSA-N,CCNS(=O)(=O)c1cccc(C)c1,199.30,26,CHNOS,"S, P or Si",,,1,N-Ethyl-3-methylbenzenesulfonamide,,11710,,N-Ethyl-3-methylbenzenesulfonamide,66898-18-8,,,
363,NATWUQFQFMZVMT-UHFFFAOYSA-N,CCNS(=O)(=O)c1ccccc1C,199.30,26,CHNOS,"S, P or Si",,,1,N-Ethyl-O-toluenesulfonamide,,833,,N-Ethyl-O-toluenesulfonamide,1077-56-1,,,
364,OHPZPBNDOVQJMH-UHFFFAOYSA-N,CCNS(=O)(=O)c1ccc(C)cc1,199.30,26,CHNOS,"S, P or Si",,,2,N-Ethyl-P-toluenesulfonamide,,2400;14096,,N-Ethyl-P-toluenesulfonamide | N-Ethyl-P-toluenesulfonamide,1321-54-6;80-39-7,,,
365,WZKOKGOAHBIPCI-UHFFFAOYSA-N,Cc1ccc(S(=O)(=O)N(C)C)cc1,199.30,26,CHNOS,"S, P or Si",,,1,"Benzenesulfonamide, N,N,4-trimethyl-",,10448,,"Benzenesulfonamide, N,N,4-trimethyl-",599-69-9,,,
366,GKNWQHIXXANPTN-UHFFFAOYSA-N,O=S(=O)(O)C(F)(F)C(F)(F)F,200.10,12,CHOFS,"S, P or Si",,,1,Pentafluoroethanesulfonic acid,,7727,,Pentafluoroethanesulfonic acid,354-88-1,PFASs,,PFAS
367,CSRZQMIRAZTJOY-UHFFFAOYSA-N,C[Si](C)(C)I,200.10,14,CHISi,"S, P or Si",,,1,Iodotrimethylsilane,,3661,,Iodotrimethylsilane,16029-98-4,silanes_siloxanes_silicones,,Siloxanes and silanes
368,CVLHGLWXLDOELD-UHFFFAOYSA-N,CC(C)c1ccc(S(=O)(=O)O)cc1,200.30,25,CHOS,"S, P or Si",,,3,4-Isopropylbenzenesulfonic acid,,3679;8035,3580,Sodium 4-isopropylbenzenesulfonate | 4-Isopropylbenzenesulfonic acid | 4-Isopropylbenzenesulfonic acid,15763-76-5;16066-35-6;37953-05-2,,,
369,PMHBGORIEUVGTQ-UHFFFAOYSA-N,CCS(=O)(=O)Cc1ccccc1O,200.30,25,CHOS,"S, P or Si",,,1,"Phenol, 2-((ethylsulfonyl)methyl)-",,9514,,"Phenol, 2-((ethylsulfonyl)methyl)-",53380-27-1,,,
370,VRZVPALEJCLXPR-UHFFFAOYSA-N,CCOS(=O)(=O)c1ccc(C)cc1,200.30,25,CHOS,"S, P or Si",,,1,Ethyl p-toluenesulfonate,,14097,,Ethyl p-toluenesulfonate,80-40-0,,,
371,KDNIOKSLVIGAAN-UHFFFAOYSA-N,NS(=O)(=O)c1ccccc1C(=O)O,201.20,20,CHNOS,"S, P or Si",,,1,2-Sulfamoylbenzoic acid,,11097,,2-Sulfamoylbenzoic acid,632-24-6,,,
372,REEBJQTUIJTGAL-UHFFFAOYSA-N,O=S(=O)([O-])CCC[n+]1ccccc1,201.20,24,CHNOS,"S, P or Si",,,1,3-(Pyridin-1-ium-1-yl)propane-1-sulfonate,,3463,,3-(Pyridin-1-ium-1-yl)propane-1-sulfonate,15471-17-7,,,
373,WJCNZQLZVWNLKY-UHFFFAOYSA-N,c1ccc2[nH]c(-c3cscn3)nc2c1,201.30,21,CHNS,"S, P or Si",,,1,Thiabendazole,,3265,,Thiabendazole,148-79-8,,,
374,QMWGSOMVXSRXQX-UHFFFAOYSA-N,O=C(O)c1cccc(S(=O)(=O)O)c1,202.20,19,CHOS,"S, P or Si",,,1,,yes: the neutral parent's PubChem name by InChIKey,,4153,Sodium 3-sulfobenzoate,17625-03-5,,,
375,ZMPRRFPMMJQXPP-UHFFFAOYSA-N,O=C(O)c1ccccc1S(=O)(=O)O,202.20,19,CHOS,"S, P or Si",,,1,2-Sulfobenzoic acid,,11098,,2-Sulfobenzoic acid,632-25-7,,,
376,JJHHIJFTHRNPIK-UHFFFAOYSA-N,O=S(c1ccccc1)c1ccccc1,202.30,24,CHOS,"S, P or Si",,,1,Diphenyl sulfoxide,,15717,,Diphenyl sulfoxide,945-51-7,,,
377,TUQOTMZNTHZOKS-UHFFFAOYSA-N,CCCCP(CCCC)CCCC,202.30,40,CHP,"S, P or Si",,,1,Tributylphosphine,,16099,,Tributylphosphine,998-40-3,organophosphates,,Organophosphates
378,FRQQKWGDKVGLFI-UHFFFAOYSA-N,CCCCCCCCCC(C)(C)S,202.40,39,CHS,"S, P or Si",,,1,2-Methylundecane-2-thiol,,124,,2-Methylundecane-2-thiol,10059-13-9,,,
379,WNAHIZMDSQCWRP-UHFFFAOYSA-N,CCCCCCCCCCCCS,202.40,39,CHS,"S, P or Si",,,1,1-Dodecanethiol,,1239,,1-Dodecanethiol,112-55-0,,,
380,YAJYJWXEWKRTPO-UHFFFAOYSA-N,CC(C)C(C)(C)C(C)(C)C(C)(C)S,202.40,39,CHS,"S, P or Si",,,1,Tert-dodecanethiol,,5721,,Tert-dodecanethiol,25103-58-6,,,
381,HMFFOEBLYHLRQN-UHFFFAOYSA-N,N#CCCC[Si](Cl)(Cl)Cl,202.50,15,CHNClSi,"S, P or Si",,,1,3-Cyanopropyltrichlorosilane,,799,,3-Cyanopropyltrichlorosilane,1071-27-8,silanes_siloxanes_silicones,,Siloxanes and silanes
382,SIOVKLKJSOKLIF-UHFFFAOYSA-N,CC(=N[Si](C)(C)C)O[Si](C)(C)C,203.40,33,CHNOSi,"S, P or Si",,,1,"Ethanimidic acid, N-(trimethylsilyl)-, trimethylsilyl ester",,513,,"Ethanimidic acid, N-(trimethylsilyl)-, trimethylsilyl ester",10416-59-8,silanes_siloxanes_silicones,,Siloxanes and silanes
383,ZIELQSWVHXTKFD-UHFFFAOYSA-N,CC(Cl)CC(Cl)CC(C)Cl,203.50,23,CHCl,halogen,,thermodynamics_pending,1,"2,4,6-Trichloroheptane",,2240,,"2,4,6-Trichloroheptane",13049-21-3,,,
384,YBUIRAZOPRQNDE-UHFFFAOYSA-N,C=C(C)C(=O)OC[Si](C)(OC)OC,204.30,29,CHOSi,"S, P or Si",,,1,(Dimethoxy(methyl)silyl)methyl methacrylate,,1737,,(Dimethoxy(methyl)silyl)methyl methacrylate,121177-93-3,silanes_siloxanes_silicones,,Siloxanes and silanes
385,BHWWTWCFLZECFZ-UHFFFAOYSA-N,CCCCCCCC(=O)OCCS,204.30,33,CHOS,"S, P or Si",,,1,2-Mercaptoethyl octanoate,,10160,,2-Mercaptoethyl octanoate,57813-59-9,,,
386,MADOXCFISYCULS-UHFFFAOYSA-N,CCCCCCCCOC(=O)CS,204.30,33,CHOS,"S, P or Si",,,1,"Acetic acid, mercapto-, octyl ester",,13680,,"Acetic acid, mercapto-, octyl ester",7664-80-4,,,
387,OWHSTLLOZWTNTQ-UHFFFAOYSA-N,CCCCC(CC)COC(=O)CS,204.30,33,CHOS,"S, P or Si",,,1,2-Ethylhexyl thioglycolate,,13668,,2-Ethylhexyl thioglycolate,7659-86-1,,,
388,RZBBHEJLECUBJT-UHFFFAOYSA-N,CC(C)CCCCCOC(=O)CS,204.30,33,CHOS,"S, P or Si",,,1,Isooctyl thioglycolate,,5719,,Isooctyl thioglycolate,25103-09-7,,,
389,UMFJXASDGBJDEB-UHFFFAOYSA-N,C=CC[Si](OCC)(OCC)OCC,204.30,33,CHOSi,"S, P or Si",,,1,Allyltriethoxysilane,,5887,,Allyltriethoxysilane,2550-04-1,silanes_siloxanes_silicones,,Siloxanes and silanes
390,WTPBLTFCXYTHNZ-UHFFFAOYSA-N,C=CCSC(=S)OCCCCC,204.40,28,CHOS,"S, P or Si",,,1,"Carbonodithioic acid, O-pentyl S-2-propenyl ester",,6878,,"Carbonodithioic acid, O-pentyl S-2-propenyl ester",2956-12-9,,,
391,MASDFXZJIDNRTR-UHFFFAOYSA-N,C[Si](C)(C)NC(=O)N[Si](C)(C)C,204.40,32,CHNOSi,"S, P or Si",,,1,"1,3-Bis(trimethylsilyl)urea",,4303,,"1,3-Bis(trimethylsilyl)urea",18297-63-7,silanes_siloxanes_silicones,,Siloxanes and silanes
392,GQNWJCQWBFHQAO-UHFFFAOYSA-N,CCCCO[Si](C)(C)OCCCC,204.40,37,CHOSi,"S, P or Si",,,1,Dibutoxy(dimethyl)silane,,3632,,Dibutoxy(dimethyl)silane,1591-02-2,silanes_siloxanes_silicones,,Siloxanes and silanes
393,NHYFIJRXGOQNFS-UHFFFAOYSA-N,CO[Si](CC(C)C)(CC(C)C)OC,204.40,37,CHOSi,"S, P or Si",,,1,Diisobutyldimethoxysilane,,4216,,Diisobutyldimethoxysilane,17980-32-4,silanes_siloxanes_silicones,,Siloxanes and silanes
394,CIEZZGWIJBXOTE-UHFFFAOYSA-N,CC(C(=O)O)N(CC(=O)O)CC(=O)O,205.20,25,CHNO,CHNO,,,1,,yes: the neutral parent's PubChem name by InChIKey,,3841,"Alanine, N,N-bis(carboxymethyl)-, sodium salt (1:3)",164462-16-2,,,
395,FMGBDYLOANULLW-UHFFFAOYSA-N,CO[Si](CCCN=C=O)(OC)OC,205.30,28,CHNOSi,"S, P or Si",,,1,3-Isocyanatopropyltrimethoxysilane,,3447,,3-Isocyanatopropyltrimethoxysilane,15396-00-6,silanes_siloxanes_silicones,,Siloxanes and silanes
396,SZRLKIKBPASKQH-UHFFFAOYSA-N,CCCCN(CCCC)C(=S)S,205.40,31,CHNS,"S, P or Si",,,1,,yes: the neutral parent's PubChem name by InChIKey,,2720,Sodium dibutyldithiocarbamate,136-30-1,,,
397,KWDQAHIRKOXFAV-UHFFFAOYSA-N,CCCCC[Si](Cl)(Cl)Cl,205.60,20,CHClSi,"S, P or Si",,,1,Pentyltrichlorosilane,,778,,Pentyltrichlorosilane,107-72-2,silanes_siloxanes_silicones,,Siloxanes and silanes
398,NXTVQNIVUKXOIL-UHFFFAOYSA-N,Cc1ccc(S(=O)(=O)NCl)cc1,205.70,20,CHNOClS,"S, P or Si",,,1,,yes: the neutral parent's PubChem name by InChIKey,,2111,chloramine-t anhydrous,127-65-1,,,
399,DBVJJBKOTRCVKF-UHFFFAOYSA-N,CC(O)(P(=O)(O)O)P(=O)(O)O,206.00,19,CHOP,"S, P or Si",,,3,Etidronic Acid,,6629,6847;13249,"Etidronic Acid | Phosphonic acid, (1-hydroxyethylidene)bis-, sodium salt | Etidronate Disodium",2809-21-4;29329-71-3;7414-83-7,organophosphates,,Organophosphates
400,JPPHEZSCZWYTOP-UHFFFAOYSA-N,C=CC(=O)OC[Si](OC)(OC)OC,206.30,27,CHOSi,"S, P or Si",,,1,(Trimethoxysilyl)methyl prop-2-enoate,,4893,,(Trimethoxysilyl)methyl prop-2-enoate,21134-38-3,silanes_siloxanes_silicones,,Siloxanes and silanes
401,MYWWWNVEZBAKHR-UHFFFAOYSA-N,COC(=O)CCSCCC(=O)OC,206.30,27,CHOS,"S, P or Si",,,1,"Dimethyl 3,3'-thiodipropionate",,8348,,"Dimethyl 3,3'-thiodipropionate",4131-74-2,,Antioxidants,
402,JGWFUSVYECJQDT-UHFFFAOYSA-N,C[Si](C)(C)OCCO[Si](C)(C)C,206.40,34,CHOSi,"S, P or Si",,,1,"1,2-Bis(trimethylsiloxy)ethane",,13211,,"1,2-Bis(trimethylsiloxy)ethane",7381-30-8,silanes_siloxanes_silicones,,Siloxanes and silanes
403,CZWLNMOIEMTDJY-UHFFFAOYSA-N,CCCCCC[Si](OC)(OC)OC,206.40,35,CHOSi,"S, P or Si",,,1,Hexyltrimethoxysilane,,7093,,Hexyltrimethoxysilane,3069-19-0,silanes_siloxanes_silicones,,Siloxanes and silanes
404,MQWFLKHKWJMCEN-UHFFFAOYSA-N,CO[Si](C)(CCCNCCN)OC,206.40,35,CHNOSi,"S, P or Si",,,1,N-(2-Aminoethyl)-3-aminopropylmethyldimethoxysilane,,7095,,N-(2-Aminoethyl)-3-aminopropylmethyldimethoxysilane,3069-29-2,silanes_siloxanes_silicones,,Siloxanes and silanes
405,NBXZNTLFQLUFES-UHFFFAOYSA-N,CCC[Si](OCC)(OCC)OCC,206.40,35,CHOSi,"S, P or Si",,,1,Triethoxy(propyl)silane,,5886,,Triethoxy(propyl)silane,2550-02-9,silanes_siloxanes_silicones,,Siloxanes and silanes
406,DBKNGKYVNBJWHL-UHFFFAOYSA-N,CCCCCCCC[Si](C)(C)Cl,206.80,35,CHClSi,"S, P or Si",,,1,"Silane, chlorodimethyloctyl-",,4256,,"Silane, chlorodimethyloctyl-",18162-84-0,silanes_siloxanes_silicones,,Siloxanes and silanes
407,XHZPRMZZQOIPDS-UHFFFAOYSA-N,C=CC(=O)NC(C)(C)CS(=O)(=O)O,207.30,26,CHNOS,"S, P or Si",,,3,2-Acrylamido-2-methyl-1-propanesulfonic acid,,3401,9256;10224,2-Acrylamido-2-methyl-1-propanesulfonic acid | Sodium acryloyldimethyltaurate | Ammonium acryloyldimethyltaurate,15214-89-8;5165-97-9;58374-69-9,,,
408,LUYIHWDYPAZCNN-UHFFFAOYSA-N,CCCCn1sc2ccccc2c1=O,207.30,27,CHNOS,"S, P or Si",,,1,"1,2-Benzisothiazol-3(2H)-one, 2-butyl-",,8536,,"1,2-Benzisothiazol-3(2H)-one, 2-butyl-",4299-07-4,,,
409,KVBGVZZKJNLNJU-UHFFFAOYSA-N,O=S(=O)(O)c1ccc2ccccc2c1,208.20,22,CHOS,"S, P or Si",,,1,2-Naphthalenesulfonic acid,,1567,,2-Naphthalenesulfonic acid,120-18-3,,,
410,PSZYNBSKGUBXEH-UHFFFAOYSA-N,O=S(=O)(O)c1cccc2ccccc12,208.20,22,CHOS,"S, P or Si",,,2,1-Naphthalenesulfonic acid,,5768,2189,Sodium 1-naphthalenesulfonate | 1-Naphthalenesulfonic acid,130-14-3;25155-19-5,,,
411,KFNGWPXYNSJXOP-UHFFFAOYSA-N,C=C(C)C(=O)OCCCS(=O)(=O)O,208.20,25,CHOS,"S, P or Si",,,1,,yes: the neutral parent's PubChem name by InChIKey,,7181,3-Sulfopropyl methacrylate potassium salt,31098-21-2,,,
412,RHOOUTWPJJQGSK-UHFFFAOYSA-N,C=CC(=O)OCCSc1ccccc1,208.30,26,CHOS,"S, P or Si",,,1,2-(Phenylthio)ethyl acrylate,,15788,,2-(Phenylthio)ethyl acrylate,95175-38-5,,,
413,OOLUVSIJOMLOCB-UHFFFAOYSA-N,c1cc2ccc1CCc1ccc(cc1)CC2,208.30,32,CH,CHNO,,failed,1,[2.2]Paracyclophane,,3802,,[2.2]Paracyclophane,1633-22-3,alkenes,,
414,BOTDANWDWHJENH-UHFFFAOYSA-N,CCO[Si](OCC)(OCC)OCC,208.30,33,CHOSi,"S, P or Si",,,1,Tetraethyl orthosilicate,,13947,,Tetraethyl orthosilicate,78-10-4,silanes_siloxanes_silicones,,Siloxanes and silanes
415,REQPQFUJGGOFQL-UHFFFAOYSA-N,CN(C)C(=S)SC(=S)N(C)C,208.40,23,CHNS,"S, P or Si",,,1,Tetramethylthiuram monosulfide,,15930,,Tetramethylthiuram monosulfide,97-74-5,,,
416,DVLFYONBTKHTER-UHFFFAOYSA-N,O=S(=O)(O)CCCN1CCOCC1,209.30,28,CHNOS,"S, P or Si",,,2,3[N-Morpholino]propane sulfonic acid,,1317,12888,3[N-Morpholino]propane sulfonic acid | Sodium 3-Morpholinopropanesulfonate,1132-61-2;71119-22-7,,,
417,SEILKFZTLVMHRR-UHFFFAOYSA-N,C=C(C)C(=O)OCCOP(=O)(O)O,210.10,24,CHOP,"S, P or Si",,,1,Ethylene glycol methacrylate phosphate,,5478,,Ethylene glycol methacrylate phosphate,24599-21-1,organophosphates,,Organophosphates
418,JYFHYPJRHGVZDY-UHFFFAOYSA-N,CCCCOP(=O)(O)OCCCC,210.20,32,CHOP,"S, P or Si",,,1,Dibutyl phosphate,,776,,Dibutyl phosphate,107-66-4,organophosphates,,Organophosphates
419,LJKDOMVGKKPJBH-UHFFFAOYSA-N,CCCCC(CC)COP(=O)(O)O,210.20,32,CHOP,"S, P or Si",,,1,2-Ethylhexyl dihydrogen phosphate,,2082,,2-Ethylhexyl dihydrogen phosphate,12645-31-7,organophosphates,,Organophosphates
420,WRKCIHRWQZQBOL-UHFFFAOYSA-N,CCCCCCCCOP(=O)(O)O,210.20,32,CHOP,"S, P or Si",,,2,Octyl dihydrogen phosphate,,8178,9227,Octyl dihydrogen phosphate | Dipotassium octyl phosphate,39407-03-9;51404-72-9,organophosphates,,Organophosphates
421,PHVNLLCAQHGNKU-UHFFFAOYSA-N,CC1=C(C)S(=O)(=O)CCS1(=O)=O,210.30,22,CHOS,"S, P or Si",,,1,Dimethipin,,9792,,Dimethipin,55290-64-7,,,
422,PSYGHMBJXWRQFD-UHFFFAOYSA-N,O=C(CS)OCCOC(=O)CS,210.30,22,CHOS,"S, P or Si",,,1,Glycol dimercaptoacetate,,1935,,Glycol dimercaptoacetate,123-81-9,,,
423,YCLSOMLVSHPPFV-UHFFFAOYSA-N,O=C(O)CCSSCCC(=O)O,210.30,22,CHOS,"S, P or Si",,,1,"3,3'-Dithiodipropionic acid",,1194,,"3,3'-Dithiodipropionic acid",1119-62-6,,,
424,VXXUKWLHWFFUNS-UHFFFAOYSA-N,CC(=O)Nc1nc2c(s1)C(=O)CCC2,210.30,24,CHNOS,"S, P or Si",,,1,"N-(7-Oxo-4,5,6,7-tetrahydro-1,3-benzothiazol-2-yl)acetamide",,3454,,"N-(7-Oxo-4,5,6,7-tetrahydro-1,3-benzothiazol-2-yl)acetamide",154404-97-4,,,
425,XKCGFOMTBPFTCD-UHFFFAOYSA-N,O=S1(=O)CCCC(c2ccccc2)C1,210.30,28,CHOS,"S, P or Si",,,1,"3-Phenylthiane,S,S-dioxide",,11592,,"3-Phenylthiane,S,S-dioxide",6581-68-6,,,
426,LMEDOLJKVASKTP-UHFFFAOYSA-N,CCCCOS(=O)(=O)OCCCC,210.30,31,CHOS,"S, P or Si",,,1,Dibutyl sulfate,,10963,,Dibutyl sulfate,625-22-9,,,
427,MHGOKSLTIUHUBF-UHFFFAOYSA-N,CCCCC(CC)COS(=O)(=O)O,210.30,31,CHOS,"S, P or Si",,,2,,yes: the neutral parent's PubChem name by InChIKey,,2061;12775,"Sodium 2-ethylhexyl sulfate | Sulfuric acid, mono(2-ethylhexyl) ester, ammonium salt",126-92-1;70495-37-3,,,
428,UZZYXUGECOQHPU-UHFFFAOYSA-N,CCCCCCCCOS(=O)(=O)O,210.30,31,CHOS,"S, P or Si",,,1,,yes: the neutral parent's PubChem name by InChIKey,,3021,Sodium octyl sulfate,142-31-4,,,
429,MNFGEHQPOWJJBH-UHFFFAOYSA-N,CCO[Si](C)(OCC)c1ccccc1,210.30,32,CHOSi,"S, P or Si",,,1,Methylphenyldiethoxysilane,,13782,,Methylphenyldiethoxysilane,775-56-4,silanes_siloxanes_silicones,,Siloxanes and silanes
430,NJMOHBDCGXJLNJ-UHFFFAOYSA-N,O=C(Cl)c1ccc2c(c1)C(=O)OC2=O,210.60,17,CHOCl,halogen,,thermodynamics_pending,1,Trimellitic anhydride chloride,,1656,,Trimellitic anhydride chloride,1204-28-0,,,
431,KEZMLECYELSZDC-UHFFFAOYSA-N,CCO[Si](C)(CCCCl)OCC,210.80,31,CHOClSi,"S, P or Si",,,1,(3-Chloropropyl)diethoxymethylsilane,,2671,,(3-Chloropropyl)diethoxymethylsilane,13501-76-3,silanes_siloxanes_silicones,,Siloxanes and silanes
432,MCONGYNHPPCHSD-UHFFFAOYSA-N,COP(=O)(CCC(=O)NCO)OC,211.20,27,CHNOP,"S, P or Si",,,1,3-(Dimethylphosphono)-N-methylolpropionamide,,4676,,3-(Dimethylphosphono)-N-methylolpropionamide,20120-33-6,organophosphates,,Organophosphates
433,XBHOUXSGHYZCNH-UHFFFAOYSA-N,c1ccc(-c2nc3ccccc3s2)cc1,211.30,24,CHNS,"S, P or Si",,,1,2-Phenylbenzothiazole,,14891,,2-Phenylbenzothiazole,883-93-2,benzothiazole,,Benzothiazoles
434,HLZBIKHKXIJIHX-UHFFFAOYSA-N,CN(C)C(=S)SCc1ccccc1,211.40,26,CHNS,"S, P or Si",,,1,Benzyl dimethyldithiocarbamate,,13060,,Benzyl dimethyldithiocarbamate,7250-18-2,,,
435,ORVMIVQULIKXCP-UHFFFAOYSA-N,Cl[Si](Cl)(Cl)c1ccccc1,211.60,15,CHClSi,"S, P or Si",,,1,Phenyltrichlorosilane,,15991,,Phenyltrichlorosilane,98-13-5,silanes_siloxanes_silicones,,Siloxanes and silanes
436,OOXSLJBUMMHDKW-UHFFFAOYSA-N,ClCCC[Si](Cl)(Cl)Cl,212.00,14,CHClSi,"S, P or Si",,,1,Trichloro(3-chloropropyl)silane,,5888,,Trichloro(3-chloropropyl)silane,2550-06-3,silanes_siloxanes_silicones,,Siloxanes and silanes
437,AXDZBUZLJGBONR-UHFFFAOYSA-N,Cc1ccc2sc3ccccc3c2c1C,212.30,27,CHS,"S, P or Si",,,1,"1,2-Dimethyldibenzothiophene",,7207,,"1,2-Dimethyldibenzothiophene",31317-14-3,,,
438,IPMMDFNYBNKMQS-UHFFFAOYSA-N,Cc1cc(C)c2c(c1)sc1ccccc12,212.30,27,CHS,"S, P or Si",,,1,"1,3-Dimethyldibenzothiophene",,7208,,"1,3-Dimethyldibenzothiophene",31317-15-4,,,
439,MYAQZIAVOLKEGW-UHFFFAOYSA-N,Cc1cccc2c1sc1c(C)cccc12,212.30,27,CHS,"S, P or Si",,,1,"4,6-Dimethyldibenzothiophene",,1699,,"4,6-Dimethyldibenzothiophene",1207-12-1,,,
440,OIWTUZCEIKRYCP-UHFFFAOYSA-N,CCc1ccc2sc3ccccc3c2c1,212.30,27,CHS,"S, P or Si",,,1,3-Ethyldibenzothiophene,,14956,,3-Ethyldibenzothiophene,89816-98-8,,,
441,RRYWCJRYULRSJM-UHFFFAOYSA-N,Cc1ccc2sc3ccc(C)cc3c2c1,212.30,27,CHS,"S, P or Si",,,1,"2,8-Dimethyldibenzothiophene",,1700,,"2,8-Dimethyldibenzothiophene",1207-15-4,,,
442,VFABQOLTPSBUSZ-UHFFFAOYSA-N,Cc1c2ccccc2c(C)c2sccc12,212.30,27,CHS,"S, P or Si",,,1,"4,9-Dimethylnaphtho[2,3-b]thiophene",,3878,,"4,9-Dimethylnaphtho[2,3-b]thiophene",16587-34-1,,,
443,VFQYQNKOTDCRKH-UHFFFAOYSA-N,Cc1ccc2c(c1)sc1cccc(C)c12,212.30,27,CHS,"S, P or Si",,,1,"1,7-Dimethyldibenzothiophene",,14954,,"1,7-Dimethyldibenzothiophene",89816-53-5,,,
444,VJHNZTLASSCMOQ-UHFFFAOYSA-N,Cc1ccc2sc3c(C)cccc3c2c1,212.30,27,CHS,"S, P or Si",,,1,"2,6-Dimethyldibenzothiophene",,14955,,"2,6-Dimethyldibenzothiophene",89816-75-1,,,
445,IJCUWQJHCMMQRC-UHFFFAOYSA-N,CC(C)(C)c1ccc(S(C)(=O)=O)cc1,212.30,30,CHOS,"S, P or Si",,,1,1-Tert-butyl-4-methanesulfonylbenzene,,5191,,1-Tert-butyl-4-methanesulfonylbenzene,22796-14-1,,,
446,AWYFNIZYMPNGAI-UHFFFAOYSA-N,S=C(S)NCCNC(=S)S,212.40,18,CHNS,"S, P or Si",,,1,,yes: the neutral parent's PubChem name by InChIKey,,3023,Nabam,142-59-6,,,
447,WIVNTNLDTMNDNO-UHFFFAOYSA-N,CCCCCCCCS(=O)(=O)Cl,212.70,29,CHOClS,"S, P or Si",,,1,1-Octanesulfonyl chloride,,13941,,1-Octanesulfonyl chloride,7795-95-1,,,
448,WPDWOCRJBPXJFM-UHFFFAOYSA-N,CC(Br)C(=O)c1ccccc1,213.10,20,CHOBr,halogen,,thermodynamics_pending,1,2-Bromopropiophenone,,4895,,2-Bromopropiophenone,2114-00-3,,,
449,IPRJXAGUEGOFGG-UHFFFAOYSA-N,CCCCNS(=O)(=O)c1ccccc1,213.30,29,CHNOS,"S, P or Si",,,1,N-Butylbenzenesulfonamide,,7803,,N-Butylbenzenesulfonamide,3622-84-2,,,
450,JPMIIZHYYWMHDT-UHFFFAOYSA-N,CCCCCCCCn1sccc1=O,213.30,33,CHNOS,"S, P or Si",,,1,Octhilinone,,6250,,Octhilinone,26530-20-1,,,
451,MORLYCDUFHDZKO-UHFFFAOYSA-N,O=C(O)CCP(=O)(O)c1ccccc1,214.20,25,CHOP,"S, P or Si",,,1,3-(Hydroxy(phenyl)phosphoryl)propanoic acid,,3194,,3-(Hydroxy(phenyl)phosphoryl)propanoic acid,14657-64-8,organophosphates,,Organophosphates
452,MQSDEYQNRWICCX-UHFFFAOYSA-N,CCCCCCCCn1[nH]nnc1=S,214.30,32,CHNS,"S, P or Si",,,1,,yes: the neutral parent's PubChem name by InChIKey,,6287,1-Octyl-5-mercaptotetrazolesodiumsalt,266310-25-2,,,
453,TXDBDYPHJXUHEO-UHFFFAOYSA-N,CSc1cc(SC)c(N)c(C)c1N,214.40,27,CHNS,"S, P or Si",,,1,"3,5-Dimethylthio-2,6-diaminotoluene",,16176,,"3,5-Dimethylthio-2,6-diaminotoluene",106264-79-3,,,
454,RJNYNDHYSJRRDW-UHFFFAOYSA-N,Oc1ccc(N=Nc2ccccn2)c(O)c1,215.20,25,CHNO,CHNO,,,1,,yes: the neutral parent's PubChem name by InChIKey,,14999,"Lipase, triacylglycerol",9001-62-1,,,
455,AVUYXHYHTTVPRX-UHFFFAOYSA-N,CC1CN1P(=O)(N1CC1C)N1CC1C,215.20,32,CHNOP,"S, P or Si",,,1,Metepa,,10045,,Metepa,57-39-6,,,
456,VGQOKOYKFDUPPJ-UHFFFAOYSA-N,C[Si](C)(Cl)CC[Si](C)(C)Cl,215.30,26,CHClSi,"S, P or Si",,,1,"1,2-Bis(chlorodimethylsilyl)ethane",,2681,,"1,2-Bis(chlorodimethylsilyl)ethane",13528-93-3,silanes_siloxanes_silicones,,Siloxanes and silanes
457,DHRXPBUFQGUINE-UHFFFAOYSA-N,CC(O)CNS(=O)(=O)c1ccccc1,215.30,27,CHNOS,"S, P or Si",,,1,N-(2-hydroxypropyl)benzenesulfonamide,,7718,,N-(2-hydroxypropyl)benzenesulfonamide,35325-02-1,,,
458,ZEZAFHZIZCXHGO-UHFFFAOYSA-N,FC(F)(F)C(F)(F)C1(F)OC1(F)F,216.00,13,COF,halogen,,thermodynamics_pending,1,"1,2-Epoxyperfluorobutane",,7914,,"1,2-Epoxyperfluorobutane",3709-90-8,PFASs,,PFAS
459,PEGCITODQASXKH-UHFFFAOYSA-N,CP(=O)(c1ccccc1)c1ccccc1,216.20,28,CHOP,"S, P or Si",,,1,Methyldiphenylphosphine oxide,,4919,,Methyldiphenylphosphine oxide,2129-89-7,organophosphates,,Organophosphates
460,ICNFHJVPAJKPHW-UHFFFAOYSA-N,Nc1ccc(Sc2ccc(N)cc2)cc1,216.30,27,CHNS,"S, P or Si",,,1,"4,4'-Thiodianiline",,2873,,"4,4'-Thiodianiline",139-65-1,aromatic_amines,Aromatic amines,
461,OLLFKUHHDPMQFR-UHFFFAOYSA-N,O[Si](O)(c1ccccc1)c1ccccc1,216.30,27,CHOSi,"S, P or Si",,,1,Diphenylsilanediol,,15729,,Diphenylsilanediol,947-42-2,silanes_siloxanes_silicones,,Siloxanes and silanes
462,KJWHJDGMOQJLGF-UHFFFAOYSA-N,CCCCCCCCCCCCSC,216.40,42,CHS,"S, P or Si",,,1,Dodecyl methyl sulfide,,7909,,Dodecyl methyl sulfide,3698-89-3,,,
463,ZDTXQHVBLWYPHS-UHFFFAOYSA-N,Cc1ccc([N+](=O)[O-])cc1S(=O)(=O)O,217.20,21,CHNOS,"S, P or Si",,,1,5-Nitro-o-toluenesulfonic acid,,1717,,5-Nitro-o-toluenesulfonic acid,121-03-9,,,
464,WJHVDQBJNAXATN-UHFFFAOYSA-N,c1ccc2sc(-c3ccsc3)nc2c1,217.30,21,CHNS,"S, P or Si",,,1,2-(3-Thienyl)benzothiazole,,9968,,2-(3-Thienyl)benzothiazole,56421-77-3,benzothiazole,,Benzothiazoles
465,GBQYMXVQHATSCC-UHFFFAOYSA-N,CCO[Si](CCC#N)(OCC)OCC,217.30,33,CHNOSi,"S, P or Si",,,1,3-(Triethoxysilyl)propionitrile,,15441,,3-(Triethoxysilyl)propionitrile,919-31-3,silanes_siloxanes_silicones,,Siloxanes and silanes
466,WLTZCRCZDLLXQP-UHFFFAOYSA-N,O=C(O)c1ccc(C(=O)C(F)(F)F)cc1,218.10,20,CHOF,halogen,,thermodynamics_pending,1,4-(Trifluoroacetyl)benzoic acid,,10287,,4-(Trifluoroacetyl)benzoic acid,58808-59-6,PFASs,,PFAS
467,JLGNHOJUQFHYEZ-UHFFFAOYSA-N,CO[Si](CCC(F)(F)F)(OC)OC,218.20,26,CHOFSi,"S, P or Si",,,1,"Trimethoxy(3,3,3-trifluoropropyl)silane",,8524,,"Trimethoxy(3,3,3-trifluoropropyl)silane",429-60-7,PFASs;silanes_siloxanes_silicones,,Siloxanes and silanes;PFAS
468,XHGIFBQQEGRTPB-UHFFFAOYSA-N,C=CCOP(=O)(OCC=C)OCC=C,218.20,29,CHOP,"S, P or Si",,,1,Triallyl phosphate,,16119,,Triallyl phosphate,1623-19-4,organophosphates,,Organophosphates
469,GUUVPOWQJOLRAS-UHFFFAOYSA-N,c1ccc(SSc2ccccc2)cc1,218.30,24,CHS,"S, P or Si",,,1,Diphenyl disulfide,,14883,,Diphenyl disulfide,882-33-7,,,
470,KZTYYGOKRVBIMI-UHFFFAOYSA-N,O=S(=O)(c1ccccc1)c1ccccc1,218.30,25,CHOS,"S, P or Si",,,1,Diphenyl sulfone,,2110,,Diphenyl sulfone,127-63-9,,,
471,VWGKEVWFBOUAND-UHFFFAOYSA-N,Oc1ccc(Sc2ccc(O)cc2)cc1,218.30,25,CHOS,"S, P or Si",,,1,"4,4'-Thiodiphenol",,6295,,"4,4'-Thiodiphenol",2664-63-3,phenolic_antioxidants,,
472,MNZAKDODWSQONA-UHFFFAOYSA-N,CCCCP(=O)(CCCC)CCCC,218.30,41,CHOP,"S, P or Si",,,1,Tributylphosphine oxide,,14286,,Tributylphosphine oxide,814-29-9,organophosphates,,Organophosphates
473,LWNSNYBMYBWJDN-UHFFFAOYSA-N,CCCCCCCCOC(=O)CCS,218.40,36,CHOS,"S, P or Si",,,1,Octyl 3-mercaptopropionate,,12971,,Octyl 3-mercaptopropionate,71849-93-9,,,
474,SUODCTNNAKSRHB-UHFFFAOYSA-N,CCCCC(CC)COC(=O)CCS,218.40,36,CHOS,"S, P or Si",,,1,2-Ethylhexyl 3-mercaptopropionate,,9077,,2-Ethylhexyl 3-mercaptopropionate,50448-95-8,,,
475,LFXJGGDONSCPOF-UHFFFAOYSA-N,CCCCCC[Si](Cl)(Cl)Cl,219.60,23,CHClSi,"S, P or Si",,,1,Hexyltrichlorosilane,,15526,,Hexyltrichlorosilane,928-65-4,silanes_siloxanes_silicones,,Siloxanes and silanes
476,BNHPMQBVNXMPDU-UHFFFAOYSA-N,O=C(O)Cc1cc(=O)oc2cc(O)ccc12,220.20,24,CHO,CHNO,,,1,,yes: the neutral parent's PubChem name by InChIKey,,4575,7-Hydroxy-2-oxo-2H-1-benzopyran-4-acetic acid sodium,19491-88-4,,,
477,HAXFWIACAGNFHA-UHFFFAOYSA-N,c1ccc(SSc2ccccn2)nc1,220.30,22,CHNS,"S, P or Si",,,1,"2,2'-Dithiodipyridine",,4914,,"2,2'-Dithiodipyridine",2127-03-9,,,
478,TVJPBVNWVPUZBM-UHFFFAOYSA-N,CC(=O)O[Si](C)(OC(C)=O)OC(C)=O,220.30,26,CHOSi,"S, P or Si",,,1,Methyltriacetoxysilane,,8492,,Methyltriacetoxysilane,4253-34-3,silanes_siloxanes_silicones,,Siloxanes and silanes
479,UOKUUKOEIMCYAI-UHFFFAOYSA-N,C=C(C)C(=O)OC[Si](OC)(OC)OC,220.30,30,CHOSi,"S, P or Si",,,1,"2-Propenoic acid, 2-methyl-, (trimethoxysilyl)methyl ester",,9701,,"2-Propenoic acid, 2-methyl-, (trimethoxysilyl)methyl ester",54586-78-6,silanes_siloxanes_silicones,,Siloxanes and silanes
480,WHGNXNCOTZPEEK-UHFFFAOYSA-N,CO[Si](C)(CCCOCC1CO1)OC,220.30,34,CHOSi,"S, P or Si",,,1,3-Glycidoxypropyldimethoxymethylsilane,,11590,,3-Glycidoxypropyldimethoxymethylsilane,65799-47-5,silanes_siloxanes_silicones,,Siloxanes and silanes
481,XVZHEHJRVLCBAM-UHFFFAOYSA-N,N#Cc1c(-c2ccccc2)nsc1Cl,220.70,19,CHNClS,"S, P or Si",,,1,5-Chloro-3-phenyl-4-isothiazolecarbonitrile,,4549,,5-Chloro-3-phenyl-4-isothiazolecarbonitrile,19363-60-1,,,
482,OKQXCDUCLYWRHA-UHFFFAOYSA-N,C=C(C)C(=O)OCCC[Si](C)(C)Cl,220.80,30,CHOClSi,"S, P or Si",,,1,3-(Chlorodimethylsilyl)propyl methacrylate,,5492,,3-(Chlorodimethylsilyl)propyl methacrylate,24636-31-5,silanes_siloxanes_silicones,,Siloxanes and silanes
483,PJWWRFATQTVXHA-UHFFFAOYSA-N,O=S(=O)(O)CCCNC1CCCCC1,221.30,33,CHNOS,"S, P or Si",,,1,3-Cyclohexyl-1-propylsulfonic acid,,1320,,3-Cyclohexyl-1-propylsulfonic acid,1135-40-6,,,
484,IDSLBLWCPSAZBL-UHFFFAOYSA-N,CC(C)(C#N)SC(=S)c1ccccc1,221.40,25,CHNS,"S, P or Si",,,1,2-Cyanopropan-2-YL benzodithioate,,4684,,2-Cyanopropan-2-YL benzodithioate,201611-85-0,,,
485,WYTZZXDRDKSJID-UHFFFAOYSA-N,CCO[Si](CCCN)(OCC)OCC,221.40,37,CHNOSi,"S, P or Si",,,1,3-Aminopropyltriethoxysilane,,15440,,3-Aminopropyltriethoxysilane,919-30-2,silanes_siloxanes_silicones,,Siloxanes and silanes
486,VRLPHBSFRWMMPW-UHFFFAOYSA-N,Cc1cc(S(=O)(=O)O)c(N)cc1Cl,221.70,21,CHNOClS,"S, P or Si",,,1,2-Amino-4-chloro-5-methylbenzenesulfonic acid,,14865,,2-Amino-4-chloro-5-methylbenzenesulfonic acid,88-51-7,,,
487,FTVLMFQEYACZNP-UHFFFAOYSA-N,C[Si](C)(C)OS(=O)(=O)C(F)(F)F,222.30,21,CHOFSSi,"S, P or Si",,,1,Trimethylsilyl trifluoromethanesulfonate,,6538,,Trimethylsilyl trifluoromethanesulfonate,27607-77-8,PFASs;silanes_siloxanes_silicones,,Siloxanes and silanes;PFAS
488,FYACMHCOSCVNHO-UHFFFAOYSA-N,CN(C(=S)SCC#N)c1ccccc1,222.30,24,CHNS,"S, P or Si",,,1,Cyanomethyl methyl(phenyl)carbamodithioate,,13706,,Cyanomethyl methyl(phenyl)carbamodithioate,76926-16-4,,,
489,WODGMMJHSAKKNF-UHFFFAOYSA-N,Cc1ccc2ccccc2c1S(=O)(=O)O,222.30,25,CHOS,"S, P or Si",,,1,,yes: the neutral parent's PubChem name by InChIKey,,6163,Sodium 2-methyl-1-naphthalenesulfonate,26264-58-4,,,
490,BSVQJWUUZCXSOL-UHFFFAOYSA-N,CC(=O)OOS(=O)(=O)C1CCCCC1,222.30,28,CHOS,"S, P or Si",,,1,"Peroxide, acetyl cyclohexylsulfonyl",,7282,,"Peroxide, acetyl cyclohexylsulfonyl",3179-56-4,,,
491,FZTPAOAMKBXNSH-UHFFFAOYSA-N,CO[Si](CCCOC(C)=O)(OC)OC,222.30,32,CHOSi,"S, P or Si",,,1,3-(Trimethoxysilyl)propyl acetate,,10321,,3-(Trimethoxysilyl)propyl acetate,59004-18-1,silanes_siloxanes_silicones,,Siloxanes and silanes
492,LVACOMKKELLCHJ-UHFFFAOYSA-N,CO[Si](CCCNC(N)=O)(OC)OC,222.30,32,CHNOSi,"S, P or Si",,,1,1-[3-(Trimethoxysilyl)propyl]urea,,5322,,1-[3-(Trimethoxysilyl)propyl]urea,23843-64-3,silanes_siloxanes_silicones,,Siloxanes and silanes
493,RBOSLVRUYBQPOX-UHFFFAOYSA-N,CC(C)CP(=O)(CCCO)CCCO,222.30,37,CHOP,"S, P or Si",,,1,"1-Propanol, 3,3'-[(2-methylpropyl)phosphinylidene]bis-",,3248,,"1-Propanol, 3,3'-[(2-methylpropyl)phosphinylidene]bis-",147768-39-6,organophosphates,,Organophosphates
494,NPOYZXWZANURMM-UHFFFAOYSA-N,CCO[Si](C)(C)O[Si](C)(C)OCC,222.40,35,CHOSi,"S, P or Si",,,1,"1,3-Diethoxy-1,1,3,3-tetramethyldisiloxane",,4323,,"1,3-Diethoxy-1,1,3,3-tetramethyldisiloxane",18420-09-2,silanes_siloxanes_silicones,,Siloxanes and silanes
495,PHQOGHDTIVQXHL-UHFFFAOYSA-N,CO[Si](CCCNCCN)(OC)OC,222.40,36,CHNOSi,"S, P or Si",,,1,N-[3-(Trimethoxysilyl)propyl]ethylenediamine,,4144,,N-[3-(Trimethoxysilyl)propyl]ethylenediamine,1760-24-3,silanes_siloxanes_silicones,,Siloxanes and silanes
496,HTDJPCNNEPUOOQ-UHFFFAOYSA-N,C[Si]1(C)O[Si](C)(C)O[Si](C)(C)O1,222.50,30,CHOSi,"S, P or Si",,,1,Hexamethylcyclotrisiloxane,,9615,,Hexamethylcyclotrisiloxane,541-05-9,silanes_siloxanes_silicones,,Siloxanes and silanes
497,XOMKZKJEJBZBJJ-UHFFFAOYSA-N,Clc1cccc(-c2ccccc2)c1Cl,223.10,22,CHCl,halogen,,thermodynamics_pending,1,"2,3-Dichlorobiphenyl",,3879,,"2,3-Dichlorobiphenyl",16605-91-7,PCBs,,
498,ZGHQUYZPMWMLBM-UHFFFAOYSA-N,Clc1ccc(-c2ccccc2)cc1Cl,223.10,22,CHCl,halogen,,thermodynamics_pending,1,"3,4-Dichlorobiphenyl",,6905,,"3,4-Dichlorobiphenyl",2974-92-7,PCBs,,
499,ZHBBDTRJIVXKEX-UHFFFAOYSA-N,Clc1cccc(-c2ccccc2Cl)c1,223.10,22,CHCl,halogen,,thermodynamics_pending,1,"2,3'-Dichlorobiphenyl",,5909,,"2,3'-Dichlorobiphenyl",25569-80-6,PCBs,,
500,VVPHSMHEYVOVLH-UHFFFAOYSA-N,O=S(=O)(O)c1ccc2cc(O)ccc2c1,224.20,23,CHOS,"S, P or Si",,,1,2-Naphthol-6-sulfonic acid,,15540,,2-Naphthol-6-sulfonic acid,93-01-6,,,
501,GGUBFICZYGKNTD-UHFFFAOYSA-N,CCOC(=O)CP(=O)(OCC)OCC,224.20,31,CHOP,"S, P or Si",,,1,Triethyl phosphonoacetate,,14762,,Triethyl phosphonoacetate,867-13-0,organophosphates,,Organophosphates
502,OXFUXNFMHFCELM-UHFFFAOYSA-N,CC(C)OP(=O)(OC(C)C)OC(C)C,224.20,35,CHOP,"S, P or Si",,,1,Triisopropyl phosphate,,9202,,Triisopropyl phosphate,513-02-0,organophosphates,,Organophosphates
503,RXPQRKFMDQNODS-UHFFFAOYSA-N,CCCOP(=O)(OCCC)OCCC,224.20,35,CHOP,"S, P or Si",,,1,Tripropyl phosphate,,9203,,Tripropyl phosphate,513-08-6,organophosphates,,Organophosphates
504,ZZUQWNYNSKJLPI-UHFFFAOYSA-N,O=C(O)CSc1nc2ccccc2s1,225.30,21,CHNOS,"S, P or Si",,,1,"Acetic acid, (2-benzothiazolylthio)-",,11055,,"Acetic acid, (2-benzothiazolylthio)-",6295-57-4,,,
505,WDOSFTZMBFYTED-UHFFFAOYSA-N,S=C=NC(c1ccccc1)c1ccccc1,225.30,27,CHNS,"S, P or Si",,,1,Benzhydryl isothiocyanate,,7738,,Benzhydryl isothiocyanate,3550-21-8,,,
506,KWMLJOLKUYYJFJ-GASJEMHNSA-N,O=C(O)C(O)[C@H](O)[C@@H](O)[C@H](O)[C@H](O)CO,226.20,29,CHO,CHNO,,,1,,yes: the neutral parent's PubChem name by InChIKey,,7184,Glucoheptonate,31138-65-5,,,
507,KWMLJOLKUYYJFJ-VFUOTHLCSA-N,O=C(O)[C@H](O)[C@H](O)[C@@H](O)[C@H](O)[C@H](O)CO,226.20,29,CHO,CHNO,,,1,,yes: the neutral parent's PubChem name by InChIKey,,2199,"D-glycero-D-gulo-Heptonic acid, monosodium salt",13007-85-7,,,
508,JSVDMQKVGLGYCM-UHFFFAOYSA-N,CC1(C)COP(Oc2ccccc2)OC1,226.20,30,CHOP,"S, P or Si",,,1,"5,5-Dimethyl-2-phenoxy-1,3,2-dioxaphosphinane",,7062,,"5,5-Dimethyl-2-phenoxy-1,3,2-dioxaphosphinane",3057-08-7,organophosphates,Antioxidants,Organophosphates
509,WVFBDVFCOCLEFM-UHFFFAOYSA-N,ClC(Cl)=CC(Cl)=C(Cl)Cl,226.30,10,CHCl,halogen,,thermodynamics_pending,1,Pentachlorobutadiene,,4936,,Pentachlorobutadiene,21400-41-9,,,
510,XJXJLURHJAVZJI-UHFFFAOYSA-N,CC(C)=NNS(=O)(=O)c1ccc(C)cc1,226.30,29,CHNOS,"S, P or Si",,,1,"p-Toluenesulfonic acid, isopropylidenehydrazide",,8137,,"p-Toluenesulfonic acid, isopropylidenehydrazide",3900-79-6,,,
511,GKRXIURAUNDFJH-UHFFFAOYSA-N,CSC=C(c1ccccc1)c1ccccc1,226.30,30,CHS,"S, P or Si",,,1,"Benzene, 1,1'-[(methylthio)ethenylidene]bis-",,3363,,"Benzene, 1,1'-[(methylthio)ethenylidene]bis-",15096-10-3,,,
512,BFAGCVQXFXZIDM-UHFFFAOYSA-N,Cc1ccccc1N=Nc1ccc(N)cc1N,226.30,31,CHN,CHNO,,,1,,yes: the neutral parent's PubChem name by InChIKey,,11195,"4-(o-Tolylazo)benzene-1,3-diamine monohydrochloride",6364-35-8,,,
513,JWVHPGDCFVOYMQ-UHFFFAOYSA-N,CO[Si](C)(OC)O[Si](C)(OC)OC,226.40,31,CHOSi,"S, P or Si",,,1,"1,1,3,3-Tetramethoxy-1,3-dimethyldisiloxane",,4264,,"1,1,3,3-Tetramethoxy-1,3-dimethyldisiloxane",18186-97-5,silanes_siloxanes_silicones,,Siloxanes and silanes
514,RQVYBGPQFYCBGX-UHFFFAOYSA-N,CCNc1nc(NC(C)C)nc(SC)n1,227.30,32,CHNS,"S, P or Si",,,1,Ametryn,,14401,,Ametryn,834-12-8,,,
515,HILAYQUKKYWPJW-UHFFFAOYSA-N,CCCCCCCCCCCCN=C(N)N,227.40,45,CHN,CHNO,,,1,,yes: the neutral parent's PubChem name by InChIKey,,2713,Dodecylguanidine hydrochloride,13590-97-1,,,
516,ZHOFEJCLMUIOIW-UHFFFAOYSA-N,FC(F)=C(F)C(F)(F)C1(F)OC1(F)F,228.00,14,COF,halogen,,thermodynamics_pending,1,"4,5-Epoxy-1,1,2,3,3,4,5,5-octafluoropent-1-ene",,3456,,"4,5-Epoxy-1,1,2,3,3,4,5,5-octafluoropent-1-ene",15453-08-4,PFASs,,PFAS
517,FCSHMCFRCYZTRQ-UHFFFAOYSA-N,S=C(Nc1ccccc1)Nc1ccccc1,228.30,28,CHNS,"S, P or Si",,,1,Thiocarbanilide,,280,,Thiocarbanilide,102-08-9,,,
518,QYJXDIUNDMRLAO-UHFFFAOYSA-N,CCCCOS(=O)(=O)c1ccc(C)cc1,228.30,31,CHOS,"S, P or Si",,,1,Butyl 4-methylbenzenesulfonate,,13857,,Butyl 4-methylbenzenesulfonate,778-28-9,,,
519,WUGVRHGMPQTQQH-UHFFFAOYSA-N,S=c1ccsc2c(=S)ccsc12,228.40,16,CHS,"S, P or Si",,,1,"Thiopyrano[3,2-b]thiopyran-4,8-dithione",,4088,,"Thiopyrano[3,2-b]thiopyran-4,8-dithione",173679-25-9,,,
520,JWCYDYZLEAQGJJ-UHFFFAOYSA-N,CO[Si](OC)(C1CCCC1)C1CCCC1,228.40,39,CHOSi,"S, P or Si",,,1,Dicyclopentyldimethoxysilane,,2096,,Dicyclopentyldimethoxysilane,126990-35-0,silanes_siloxanes_silicones,,Siloxanes and silanes
521,PQSIXYSSKXAOFE-UHFFFAOYSA-N,C=CC(=O)O[Si](C(C)C)(C(C)C)C(C)C,228.40,39,CHOSi,"S, P or Si",,,1,Triisopropylsilyl acrylate,,3591,,Triisopropylsilyl acrylate,157859-20-6,silanes_siloxanes_silicones,,Siloxanes and silanes
522,VRFNYSYURHAPFL-UHFFFAOYSA-N,Cc1ccc(S(=O)(=O)NNC(N)=O)cc1,229.30,26,CHNOS,"S, P or Si",,,1,"Benzenesulfonic acid, 4-methyl-, 2-(aminocarbonyl)hydrazide",,479,,"Benzenesulfonic acid, 4-methyl-, 2-(aminocarbonyl)hydrazide",10396-10-8,,,
523,YYQRGCZGSFRBAM-UHFFFAOYSA-N,O=P(O)(O)OCC(Cl)(Cl)Cl,229.40,14,CHOClP,"S, P or Si",,,1,Triclofos,,7072,,Triclofos,306-52-5,organophosphates,,Organophosphates
524,WJNRPILHGGKWCK-UHFFFAOYSA-N,CC(C)Nc1nc(Cl)nc(NC(C)C)n1,229.70,31,CHNCl,halogen,,thermodynamics_pending,1,Propazine,,2869,,Propazine,139-40-2,,,
525,YTLIXUAGIGBJAF-UHFFFAOYSA-N,O=P1(O)Oc2ccccc2-c2ccccc21,232.20,25,CHOP,"S, P or Si",,,1,"10-Hydroxy-9,10-dihydro-9-oxa-10-phosphaphenanthrene-10-oxide",,7806,,"10-Hydroxy-9,10-dihydro-9-oxa-10-phosphaphenanthrene-10-oxide",36240-31-0,organophosphates,,Organophosphates
526,NOZAQBYNLKNDRT-UHFFFAOYSA-N,C=C[Si](OC(C)=O)(OC(C)=O)OC(C)=O,232.30,27,CHOSi,"S, P or Si",,,1,Vinyltriacetoxysilane,,8346,,Vinyltriacetoxysilane,4130-08-9,silanes_siloxanes_silicones,,Siloxanes and silanes
527,MIOPJNTWMNEORI-GMSGAONNSA-N,CC1(C)[C@@H]2CC[C@@]1(CS(=O)(=O)O)C(=O)C2,232.30,31,CHOS,"S, P or Si",,,1,d-Camphorsulfonic acid,,7222,,d-Camphorsulfonic acid,3144-16-9,,,
528,ZAVRZWQGRZAOAF-UHFFFAOYSA-N,CCN(C)C(=O)c1cccc(C2CCNC2)c1,232.30,37,CHNO,CHNO,,,1,,yes: the neutral parent's PubChem name by InChIKey,,1845,N-ethyl-N-methyl-3-(pyrrolidin-3-yl)benzamide hydrochloride,12237-27-3,,,
529,FAEFMMUOKVKFBE-UHFFFAOYSA-N,C1CCN(SSN2CCCCC2)CC1,232.40,34,CHNS,"S, P or Si",,,1,Piperidino disulfide,,324,,Piperidino disulfide,10220-20-9,,,
530,GXDZOSLIAABYHM-UHFFFAOYSA-N,C=C(C)C(=O)OC[Si](C)(OCC)OCC,232.40,35,CHOSi,"S, P or Si",,,1,[Diethoxy(methyl)silyl]methyl 2-methylprop-2-enoate,,8216,,[Diethoxy(methyl)silyl]methyl 2-methylprop-2-enoate,3978-58-3,silanes_siloxanes_silicones,,Siloxanes and silanes
531,LZMNXXQIQIHFGC-UHFFFAOYSA-N,C=C(C)C(=O)OCCC[Si](C)(OC)OC,232.40,35,CHOSi,"S, P or Si",,,1,3-Methacryloxypropylmethyldimethoxysilane,,3156,,3-Methacryloxypropylmethyldimethoxysilane,14513-34-9,silanes_siloxanes_silicones,,Siloxanes and silanes
532,MABAWBWRUSBLKQ-UHFFFAOYSA-N,C=C[Si](OC(C)C)(OC(C)C)OC(C)C,232.40,39,CHOSi,"S, P or Si",,,1,Vinyltriisopropoxysilane,,4229,,Vinyltriisopropoxysilane,18023-33-1,silanes_siloxanes_silicones,,Siloxanes and silanes
533,ZXNNPJMEFLZCMP-UHFFFAOYSA-N,CCCCCCCCCC(=O)OCCS,232.40,39,CHOS,"S, P or Si",,,1,2-Mercaptoethyl decanoate,,12503,,2-Mercaptoethyl decanoate,68928-33-6,,,
534,XMTQQYYKAHVGBJ-UHFFFAOYSA-N,CN(C)C(=O)Nc1ccc(Cl)c(Cl)c1,233.10,24,CHNOCl,halogen,,thermodynamics_pending,1,Diuron,,7439,,Diuron,330-54-1,,,
535,FAPWMSZUPGYLMD-UHFFFAOYSA-N,CCO[Si](C)(CN1CCOCC1)OCC,233.40,38,CHNOSi,"S, P or Si",,,1,Morpholylmethylmethyldiethoxysilane,,4255,,Morpholylmethylmethyldiethoxysilane,18162-75-9,silanes_siloxanes_silicones,,Siloxanes and silanes
536,FBQQHUGEACOBDN-UHFFFAOYSA-N,Cc1ccc2nc3sc(=O)sc3nc2c1,234.30,21,CHNOS,"S, P or Si",,,1,Chinomethionate,,5430,,Chinomethionate,2439-01-2,,,
537,XZUMOEVHCZXMTR-UHFFFAOYSA-N,c1ccc2c(c1)ccc1sc3ccccc3c12,234.30,27,CHS,"S, P or Si",,,1,"Benzo[b]naphtho[1,2-d]thiophene",,4763,,"Benzo[b]naphtho[1,2-d]thiophene",205-43-6,,,
538,YEUHHUCOSQOCIX-UHFFFAOYSA-N,c1ccc2c(c1)ccc1c3ccccc3sc21,234.30,27,CHS,"S, P or Si",,,1,"Benzo[b]naphtho[2,1-d]thiophene",,5335,,"Benzo[b]naphtho[2,1-d]thiophene",239-35-0,,,
539,KXJLGCBCRCSXQF-UHFFFAOYSA-N,CC[Si](OC(C)=O)(OC(C)=O)OC(C)=O,234.30,29,CHOSi,"S, P or Si",,,1,Ethyltriacetoxysilane,,4162,,Ethyltriacetoxysilane,17689-77-9,silanes_siloxanes_silicones,,Siloxanes and silanes
540,KBQVDAIIQCXKPI-UHFFFAOYSA-N,C=CC(=O)OCCC[Si](OC)(OC)OC,234.30,33,CHOSi,"S, P or Si",,,1,3-(Trimethoxysilyl)propyl acrylate,,8569,,3-(Trimethoxysilyl)propyl acrylate,4369-14-6,silanes_siloxanes_silicones,,Siloxanes and silanes
541,FHVAUDREWWXPRW-UHFFFAOYSA-N,CCCCC[Si](OCC)(OCC)OCC,234.40,41,CHOSi,"S, P or Si",,,1,Pentyltriethoxysilane,,6540,,Pentyltriethoxysilane,2761-24-2,silanes_siloxanes_silicones,,Siloxanes and silanes
542,KOFGHHIZTRGVAF-UHFFFAOYSA-N,CCO[Si](OCC)(OCC)N(CC)CC,235.40,40,CHNOSi,"S, P or Si",,,1,"Silanamine, 1,1,1-triethoxy-N,N-diethyl-",,7687,,"Silanamine, 1,1,1-triethoxy-N,N-diethyl-",35077-00-0,silanes_siloxanes_silicones,,Siloxanes and silanes
543,SWDDLRSGGCWDPH-UHFFFAOYSA-N,CCO[Si](CCCCN)(OCC)OCC,235.40,40,CHNOSi,"S, P or Si",,,1,4-Aminobutyltriethoxysilane,,7096,,4-Aminobutyltriethoxysilane,3069-30-5,silanes_siloxanes_silicones,,Siloxanes and silanes
544,XCOASYLMDUQBHW-UHFFFAOYSA-N,CCCCNCCC[Si](OC)(OC)OC,235.40,40,CHNOSi,"S, P or Si",,,1,N-(3-(Trimethoxysilyl)propyl)butylamine,,7168,,N-(3-(Trimethoxysilyl)propyl)butylamine,31024-56-3,silanes_siloxanes_silicones,,Siloxanes and silanes
545,DJOIZOKQHNHZPN-UHFFFAOYSA-N,CCc1cc(N)c(S(=O)(=O)O)cc1Cl,235.70,24,CHNOClS,"S, P or Si",,,1,2-Amino-5-chloro-4-ethylbenzenesulfonic acid,,14866,,2-Amino-5-chloro-4-ethylbenzenesulfonic acid,88-56-2,,,
546,FKHVUWRLXRMJLF-UHFFFAOYSA-N,c1ccc(-c2csc(-c3ccccc3)c2)cc1,236.30,29,CHS,"S, P or Si",,,1,"2,4-Diphenylthiophene",,7475,,"2,4-Diphenylthiophene",3328-86-7,,,
547,BPSIOYPQMFLKFR-UHFFFAOYSA-N,CO[Si](CCCOCC1CO1)(OC)OC,236.30,35,CHOSi,"S, P or Si",,,1,(3-Glycidoxypropyl)trimethoxysilane,,5838,,(3-Glycidoxypropyl)trimethoxysilane,2530-83-8,silanes_siloxanes_silicones,,Siloxanes and silanes
548,XCUMIEFHVASVMQ-UHFFFAOYSA-N,CCCCOP(=O)(CCC)OCCCC,236.30,40,CHOP,"S, P or Si",,,1,Dibutyl propylphosphonate,,8825,,Dibutyl propylphosphonate,4628-12-0,organophosphates,,Organophosphates
549,HLBZWYXLQJQBKU-UHFFFAOYSA-N,C1CN(SSN2CCOCC2)CCO1,236.40,30,CHNOS,"S, P or Si",,,1,"4,4'-Dithiodimorpholine",,378,,"4,4'-Dithiodimorpholine",103-34-4,,,
550,CXQXSVUQTKDNFP-UHFFFAOYSA-N,C[Si](C)(C)O[Si](C)(C)O[Si](C)(C)C,236.50,37,CHOSi,"S, P or Si",,,1,Octamethyltrisiloxane,,772,,Octamethyltrisiloxane,107-51-7,silanes_siloxanes_silicones,,Siloxanes and silanes
551,QOBMQTZOKFYGNH-UHFFFAOYSA-N,O=C(O)c1ccc(C(=O)OCCCCO)cc1,238.20,31,CHO,CHNO,,,1,,yes: the neutral parent's PubChem name by InChIKey,,11124,"1,4-Benzenedicarboxylic acid, mono(4-hydroxybutyl) ester",63317-89-5,,,
552,HAQZWTGSNCDKTK-UHFFFAOYSA-N,O=C(CCS)OCCOC(=O)CCS,238.30,28,CHOS,"S, P or Si",,,1,Ethylene bis(3-mercaptopropionate),,5150,,Ethylene bis(3-mercaptopropionate),22504-50-3,,,
553,JKMHFZQWWAIEOD-UHFFFAOYSA-N,O=S(=O)(O)CCN1CCN(CCO)CC1,238.30,33,CHNOS,"S, P or Si",,,1,4-(2-Hydroxyethyl)-1-piperazine ethanesulfonic acid,,13195,,4-(2-Hydroxyethyl)-1-piperazine ethanesulfonic acid,7365-45-9,,,
554,CSMFSDCPJHNZRY-UHFFFAOYSA-N,CCCCCCCCCCOS(=O)(=O)O,238.30,37,CHOS,"S, P or Si",,,1,,yes: the neutral parent's PubChem name by InChIKey,,3033,Sodium decyl sulfate,142-87-0,,,
555,TUBQDCKAWGHZPF-UHFFFAOYSA-N,N#CSCSc1nc2ccccc2s1,238.40,20,CHNS,"S, P or Si",,,1,2-(Thiocyanomethylthio)benzothiazole,,4963,,2-(Thiocyanomethylthio)benzothiazole,21564-17-0,benzothiazole,,Benzothiazoles
556,IUJLOAKJZQBENM-UHFFFAOYSA-N,CC(C)(C)NSc1nc2ccccc2s1,238.40,29,CHNS,"S, P or Si",,,1,N-tert-Butyl-2-benzothiazolesulfenamide,,15747,,N-tert-Butyl-2-benzothiazolesulfenamide,95-31-8,benzothiazole,,Benzothiazoles
557,DCQBZYNUSLHVJC-UHFFFAOYSA-N,CCO[Si](CCCS)(OCC)OCC,238.40,36,CHOSSi,"S, P or Si",,,1,"1-Propanethiol, 3-(triethoxysilyl)-",,3273,,"1-Propanethiol, 3-(triethoxysilyl)-",14814-09-6,silanes_siloxanes_silicones,,Siloxanes and silanes
558,SNBMGLUIIGFNFE-UHFFFAOYSA-N,CCN(CC)C(=S)SCc1ccccc1,239.40,32,CHNS,"S, P or Si",,,1,Benzyl diethyldithiocarbamate,,7053,,Benzyl diethyldithiocarbamate,3052-61-7,,,
559,FMYXZXAKZWIOHO-UHFFFAOYSA-N,Cl[Si](Cl)(Cl)CCc1ccccc1,239.60,21,CHClSi,"S, P or Si",,,1,Phenethyltrichlorosilane,,15674,,Phenethyltrichlorosilane,940-41-0,silanes_siloxanes_silicones,,Siloxanes and silanes
560,WSJZSGQAZLMVKM-UHFFFAOYSA-N,CCC(COC(=O)CBr)[N+](=O)[O-],240.10,22,CHNOBr,halogen,,thermodynamics_pending,1,2-Nitrobutyl bromoacetate,,7419,,2-Nitrobutyl bromoacetate,32815-96-6,,,
561,KUAZQDVKQLNFPE-UHFFFAOYSA-N,CN(C)C(=S)SSC(=S)N(C)C,240.40,24,CHNS,"S, P or Si",,,1,Thiram,,2758,,Thiram,137-26-8,,,
562,JCVQKRGIASEUKR-UHFFFAOYSA-N,CCO[Si](OCC)(OCC)c1ccccc1,240.40,36,CHOSi,"S, P or Si",,,1,Phenyltriethoxysilane,,13987,,Phenyltriethoxysilane,780-69-8,silanes_siloxanes_silicones,,Siloxanes and silanes
563,KSCAZPYHLGGNPZ-UHFFFAOYSA-N,CCO[Si](CCCCl)(OCC)OCC,240.80,35,CHOClSi,"S, P or Si",,,1,(3-Chloropropyl)triethoxysilane,,9129,,(3-Chloropropyl)triethoxysilane,5089-70-3,silanes_siloxanes_silicones,,Siloxanes and silanes
564,AAEVYOVXGOFMJO-UHFFFAOYSA-N,CSc1nc(NC(C)C)nc(NC(C)C)n1,241.40,35,CHNS,"S, P or Si",,,1,Prometryn,,13101,,Prometryn,7287-19-6,,,
565,IROINLKCQGIITA-UHFFFAOYSA-N,CCNc1nc(NC(C)(C)C)nc(SC)n1,241.40,35,CHNS,"S, P or Si",,,1,Terbutryn,,14902,,Terbutryn,886-50-0,,,
566,FJLUATLTXUNBOT-UHFFFAOYSA-N,CCCCCCCCCCCCCCCCN,241.50,52,CHN,CHNO,,,1,,yes: the neutral parent's PubChem name by InChIKey,,3657,Hexadecylammonium chloride,1602-97-7,,,
567,FVIGODVHAVLZOO-UHFFFAOYSA-N,CCOC(=S)SSC(=S)OCC,242.40,22,CHOS,"S, P or Si",,,1,Dixanthogen,,9049,,Dixanthogen,502-55-6,,,
568,QHWTVIYSEHVEKU-UHFFFAOYSA-N,Sc1c2ccccc2c(S)c2ccccc12,242.40,26,CHS,"S, P or Si",,,1,"Anthracene-9,10-dithiol",,14770,,"Anthracene-9,10-dithiol",86756-29-8,,,
569,YBJHBAHKTGYVGT-ZKWXMUAHSA-N,O=C(O)CCCC[C@@H]1SC[C@@H]2NC(=O)N[C@@H]21,244.30,32,CHNOS,"S, P or Si",,,1,Biotin,,10177,,Biotin,58-85-5,,,
570,AHUXYBVKTIBBJW-UHFFFAOYSA-N,CO[Si](OC)(c1ccccc1)c1ccccc1,244.40,33,CHOSi,"S, P or Si",,,1,Dimethoxydiphenylsilane,,12175,,Dimethoxydiphenylsilane,6843-66-9,silanes_siloxanes_silicones,,Siloxanes and silanes
571,UDYXMTORTDACTG-UHFFFAOYSA-N,CCCCNC(=S)N(CCCC)CCCC,244.40,44,CHNS,"S, P or Si",,,1,Tributylthiourea,,5387,,Tributylthiourea,2422-88-0,,,
572,CARJPEPCULYFFP-UHFFFAOYSA-N,O=C(O)c1cc(C(=O)O)cc(S(=O)(=O)O)c1,246.20,22,CHOS,"S, P or Si",,,3,5-Sulfoisophthalic acid,,5111,8848;11192,5-Sulfoisophthalic acid | Lithium 3-carboxy-5-sulfobenzoate | Monosodium 5-sulfoisophthalate,22326-31-4;46728-75-0;6362-79-4,,,
573,KVGLBTYUCJYMND-UHFFFAOYSA-N,CCOP(=S)(CC)Sc1ccccc1,246.30,29,CHOSP,"S, P or Si",,,1,Fonofos,,15714,,Fonofos,944-22-9,,,
574,AWHNUHMUCGRKRA-UHFFFAOYSA-N,O=S(=O)(Cc1ccccc1)Cc1ccccc1,246.30,31,CHOS,"S, P or Si",,,1,Dibenzyl sulfone,,10858,,Dibenzyl sulfone,620-32-6,,,
575,CVVSKVPTZYSPSY-UHFFFAOYSA-N,Cc1ccc(S(=O)(=O)c2cccc(C)c2)cc1,246.30,31,CHOS,"S, P or Si",,,1,1-Methyl-3-(4-methylbenzene-1-sulfonyl)benzene,,9475,,1-Methyl-3-(4-methylbenzene-1-sulfonyl)benzene,53046-20-1,,,
576,HYCXGLRBKUIGFW-UHFFFAOYSA-N,Cc1cccc(S(=O)(=O)c2ccccc2C)c1,246.30,31,CHOS,"S, P or Si",,,1,1-Methyl-2-(3-methylbenzene-1-sulfonyl)benzene,,10578,,1-Methyl-2-(3-methylbenzene-1-sulfonyl)benzene,61097-48-1,,,
577,ITAJGXLAYACITF-UHFFFAOYSA-N,Cc1ccc(S(=O)(=O)c2ccccc2C)cc1,246.30,31,CHOS,"S, P or Si",,,1,"O,p'-ditolyl sulfone",,8421,,"O,p'-ditolyl sulfone",41908-97-8,,,
578,KZCDMIJHGSSDFO-UHFFFAOYSA-N,Cc1ccccc1S(=O)(=O)c1ccccc1C,246.30,31,CHOS,"S, P or Si",,,1,Bis(methylphenyl) sulphone,,9138,,Bis(methylphenyl) sulphone,5097-12-1,,,
579,NZOSGGNRVDMIHW-UHFFFAOYSA-N,Cc1cccc(S(=O)(=O)c2cccc(C)c2)c1,246.30,31,CHOS,"S, P or Si",,,1,Di(3-methyl phenyl)sulfone,,9139,,Di(3-methyl phenyl)sulfone,5097-13-2,,,
580,WEAYCYAIVOIUMG-UHFFFAOYSA-N,Cc1ccc(S(=O)(=O)c2ccc(C)cc2)cc1,246.30,31,CHOS,"S, P or Si",,,1,Di-p-tolyl sulfone,,10447,,Di-p-tolyl sulfone,599-66-6,,,
581,GVPWHKZIJBODOX-UHFFFAOYSA-N,c1ccc(CSSCc2ccccc2)cc1,246.40,30,CHS,"S, P or Si",,,1,Dibenzyl disulfide,,3335,,Dibenzyl disulfide,150-60-7,,,
582,TZOVOULUMXXLOJ-UHFFFAOYSA-N,Cc1ccc(SSc2ccc(C)cc2)cc1,246.40,30,CHS,"S, P or Si",,,1,p-Tolyl disulfide,,370,,p-Tolyl disulfide,103-19-5,,,
583,DQZNLOXENNXVAD-UHFFFAOYSA-N,CO[Si](CCC1CCC2OC2C1)(OC)OC,246.40,38,CHOSi,"S, P or Si",,,2,"2-(3,4-Epoxycyclohexyl)ethyltrimethoxysilane",,426;7564,,"2-(3,4-Epoxycyclohexyl)ethyltrimethoxysilane | 2-(3,4-Epoxycyclohexyl)ethyltrimethoxysilane",103432-54-8;3388-04-3,silanes_siloxanes_silicones,,Siloxanes and silanes
584,FRGPKMWIYVTFIQ-UHFFFAOYSA-N,CCO[Si](CCCN=C=O)(OCC)OCC,247.40,37,CHNOSi,"S, P or Si",,,1,Triethoxy(3-isocyanatopropyl)silane,,5525,,Triethoxy(3-isocyanatopropyl)silane,24801-88-5,silanes_siloxanes_silicones,,Siloxanes and silanes
585,RCHUVCPBWWSUMC-UHFFFAOYSA-N,CCCCCCCC[Si](Cl)(Cl)Cl,247.70,29,CHClSi,"S, P or Si",,,1,Octyltrichlorosilane,,9454,,Octyltrichlorosilane,5283-66-9,silanes_siloxanes_silicones,,Siloxanes and silanes
586,HPUPGAFDTWIMBR-UHFFFAOYSA-N,CP(=O)(Oc1ccccc1)Oc1ccccc1,248.20,30,CHOP,"S, P or Si",,,1,Diphenyl methylphosphonate,,13520,,Diphenyl methylphosphonate,7526-26-3,organophosphates,,Organophosphates
587,NYCZNDFWFCCTPA-UHFFFAOYSA-N,COP(Oc1ccccc1)Oc1ccccc1,248.20,30,CHOP,"S, P or Si",,,1,Methyl diphenylphosphite,,7763,,Methyl diphenylphosphite,3577-87-5,organophosphates,Antioxidants,Organophosphates
588,LJGHYPLBDBRCRZ-UHFFFAOYSA-N,Nc1cccc(S(=O)(=O)c2cccc(N)c2)c1,248.30,29,CHNOS,"S, P or Si",,,1,"3,3'-Sulfonyldianiline",,10445,,"3,3'-Sulfonyldianiline",599-61-1,,,
589,MQJKPEGWNLWLTK-UHFFFAOYSA-N,Nc1ccc(S(=O)(=O)c2ccc(N)cc2)cc1,248.30,29,CHNOS,"S, P or Si",,,1,Dapsone,,14089,,Dapsone,80-08-0,,,
590,CKOZCPVQNQOFGX-UHFFFAOYSA-N,Cc1cccc2cc3c(cc12)sc1ccccc13,248.30,30,CHS,"S, P or Si",,,1,"7-Methylbenzo[b]naphtho[2,3-d]thiophene",,5577,,"7-Methylbenzo[b]naphtho[2,3-d]thiophene",24964-09-8,,,
591,JESYLDJZJBANHW-UHFFFAOYSA-N,Cc1ccc2c(ccc3c4ccccc4sc23)c1,248.30,30,CHS,"S, P or Si",,,1,"3-Methylbenzo(b)naphtho(2,1-d)thiophene",,8796,,"3-Methylbenzo(b)naphtho(2,1-d)thiophene",4567-45-7,,,
592,LCIWJCAUAOQCDL-UHFFFAOYSA-N,Cc1cc2c3ccccc3sc2c2ccccc12,248.30,30,CHS,"S, P or Si",,,1,"5-Methylbenzo(b)naphtho(2,1-d)thiophene",,8797,,"5-Methylbenzo(b)naphtho(2,1-d)thiophene",4567-49-1,,,
593,SMVYLXVOJHVADR-UHFFFAOYSA-N,Cc1c2ccccc2cc2c1sc1ccccc12,248.30,30,CHS,"S, P or Si",,,1,"Benzo(b)naphtho(2,3-d)thiophene, 6-methyl-",,5423,,"Benzo(b)naphtho(2,3-d)thiophene, 6-methyl-",24360-63-2,,,
594,HOEFWOBLOGZQIQ-UHFFFAOYSA-N,S=C(SN1CCOCC1)N1CCOCC1,248.40,31,CHNOS,"S, P or Si",,,1,Morpholin-4-yl morpholine-4-carbodithioate,,2789,,Morpholin-4-yl morpholine-4-carbodithioate,13752-51-7,,,
595,XDLMVUHYZWKMMD-UHFFFAOYSA-N,C=C(C)C(=O)OCCC[Si](OC)(OC)OC,248.40,36,CHOSi,"S, P or Si",,,1,3-(Trimethoxysilyl)propyl methacrylate,,5839,,3-(Trimethoxysilyl)propyl methacrylate,2530-85-0,silanes_siloxanes_silicones,,Siloxanes and silanes
596,OTARVPUIYXHRRB-UHFFFAOYSA-N,CCO[Si](C)(CCCOCC1CO1)OCC,248.40,40,CHOSi,"S, P or Si",,,1,Diethoxy(methyl)(3-(oxiran-2-ylmethoxy)propyl)silane,,6783,,Diethoxy(methyl)(3-(oxiran-2-ylmethoxy)propyl)silane,2897-60-1,silanes_siloxanes_silicones,,Siloxanes and silanes
597,GPXCORHXFPYJEH-UHFFFAOYSA-N,C[Si](C)(CCCN)O[Si](C)(C)CCCN,248.50,43,CHNOSi,"S, P or Si",,,1,"1,3-Bis(3-aminopropyl)tetramethyldisiloxane",,5505,,"1,3-Bis(3-aminopropyl)tetramethyldisiloxane",2469-55-8,silanes_siloxanes_silicones,,Siloxanes and silanes
598,XKJMBINCVNINCA-UHFFFAOYSA-N,CON(C)C(=O)Nc1ccc(Cl)c(Cl)c1,249.10,25,CHNOCl,halogen,,thermodynamics_pending,1,Linuron,,7440,,Linuron,330-55-2,,,
599,PQHYOGIRXOKOEJ-UHFFFAOYSA-N,O=C(O)CC(NC(CC(=O)O)C(=O)O)C(=O)O,249.20,28,CHNO,CHNO,,,1,,yes: the neutral parent's PubChem name by InChIKey,,3135,"Aspartic acid, N-(1,2-dicarboxyethyl)-, sodium salt (1:4)",144538-83-0,,,
600,KDWGEPODFRBACT-UHFFFAOYSA-N,O=S(=O)(O)CCN(O)CCS(=O)(=O)O,249.30,25,CHNOS,"S, P or Si",,,1,,yes: the neutral parent's PubChem name by InChIKey,,2558,"Ethanesulfonic acid, 2,2'-(hydroxyimino)bis-, disodium salt",133986-51-3,,,
601,ZGJZKIWPDBYTJA-UHFFFAOYSA-N,CCO[Si](CCCNC=O)(OCC)OCC,249.40,39,CHNOSi,"S, P or Si",,,1,N-(3-(Triethoxysilyl)propyl)formamide,,13667,,N-(3-(Triethoxysilyl)propyl)formamide,76524-94-2,silanes_siloxanes_silicones,,Siloxanes and silanes
602,PGOOBECODWQEAB-UHFFFAOYSA-N,CN/C(=N\[N+](=O)[O-])NCc1cnc(Cl)s1,249.70,23,CHNOClS,"S, P or Si",,,1,Clothianidin,,4882,,Clothianidin,210880-92-5,,,
603,XBWQFDNGNOOMDZ-UHFFFAOYSA-N,O=S(=O)(O)C(F)(F)C(F)(F)C(F)(F)F,250.10,15,CHOFS,"S, P or Si",,,1,Perfluoropropanesulfonic acid,,8470,,Perfluoropropanesulfonic acid,423-41-6,PFASs,,PFAS
604,ASMQGLCHMVWBQR-UHFFFAOYSA-N,O=P(O)(Oc1ccccc1)Oc1ccccc1,250.20,28,CHOP,"S, P or Si",,,1,Diphenyl phosphate,,14426,,Diphenyl phosphate,838-85-7,organophosphates,,Organophosphates
605,ATKJLMWDXASAJA-UHFFFAOYSA-N,O=S(=O)(Sc1ccccc1)c1ccccc1,250.30,26,CHOS,"S, P or Si",,,1,"Benzenesulfonothioic acid, S-phenyl ester",,1738,,"Benzenesulfonothioic acid, S-phenyl ester",1212-08-4,,,
606,VPWNQTHUCYMVMZ-UHFFFAOYSA-N,O=S(=O)(c1ccc(O)cc1)c1ccc(O)cc1,250.30,27,CHOS,"S, P or Si",,,1,"4,4'-Sulfonyldiphenol",,14090,,"4,4'-Sulfonyldiphenol",80-09-1,bisphenols;phenolic_antioxidants,Bisphenols,
607,LWMFAFLIWMPZSX-UHFFFAOYSA-N,CC(C)(N=NC(C)(C)C1=NCCN1)C1=NCCN1,250.30,40,CHN,CHNO,,,1,,yes: the neutral parent's PubChem name by InChIKey,,6568,"1,2-Bis(2-(4,5-dihydro-1H-imidazol-2-yl)propan-2-yl)diazene dihydrochloride",27776-21-2,,,
608,LDMOEFOXLIZJOW-UHFFFAOYSA-N,CCCCCCCCCCCCS(=O)(=O)O,250.40,42,CHOS,"S, P or Si",,,2,,yes: the neutral parent's PubChem name by InChIKey,,3837;4949,Potassium dodecane-1-sulphonate | Ammonium dodecane-1-sulfonate,1643-21-6;2149-63-5,,,
609,VZCNNAQIFXLAEZ-UHFFFAOYSA-N,C[Si](C)(C)OCCOCCO[Si](C)(C)C,250.50,41,CHOSi,"S, P or Si",,,1,Bis[2-(trimethylsilyloxy)ethyl] Ether,,3892,,Bis[2-(trimethylsilyloxy)ethyl] Ether,16654-74-3,silanes_siloxanes_silicones,,Siloxanes and silanes
610,NRAYWXLNSHEHQO-UHFFFAOYSA-N,O=S1CCON=C1c1cc2ccccc2s1,251.30,25,CHNOS,"S, P or Si",,,1,Bethoxazin,,3799,,Bethoxazin,163269-30-5,,,
611,DEJVQZGMBZKGIR-UHFFFAOYSA-N,Nc1nc(SCc2ccc([N+](=O)[O-])cc2)n[nH]1,251.30,26,CHNOS,"S, P or Si",,,1,"5-[(4-nitrobenzyl)sulfanyl]-4H-1,2,4-triazol-3-amine",,8342,,"5-[(4-nitrobenzyl)sulfanyl]-4H-1,2,4-triazol-3-amine",41266-79-9,,,
612,ZHDBTKPXEJDTTQ-UHFFFAOYSA-N,[O-][n+]1ccccc1SSc1cccc[n+]1[O-],252.30,24,CHNOS,"S, P or Si",,,1,Dipyrithione,,7905,,Dipyrithione,3696-28-4,,,
613,GLVRJEJEXGVOMJ-UHFFFAOYSA-N,Cc1cc2nc3ccc(N(C)C)cc3nc2cc1N,252.30,35,CHN,CHNO,,,2,,yes: the neutral parent's PubChem name by InChIKey,,7578;9795,Neutral red iodide | Neutral red,34038-87-4;553-24-2,,,
614,KFVNDBSYTXLZLS-UHFFFAOYSA-N,Cc1ccc(CS(=O)(=O)c2cccs2)cc1,252.40,28,CHOS,"S, P or Si",,,1,"Thiophene, 2-(4-methylbenzylsulfonyl)-",,3445,,"Thiophene, 2-(4-methylbenzylsulfonyl)-",153837-88-8,,,
615,MHKLKWCYGIBEQF-UHFFFAOYSA-N,c1ccc2sc(SN3CCOCC3)nc2c1,252.40,28,CHNOS,"S, P or Si",,,1,2-(Morpholinothio)benzothiazole,,296,,2-(Morpholinothio)benzothiazole,102-77-2,benzothiazole,,Benzothiazoles
616,HOKKPVIRMVDYPB-UHFFFAOYSA-N,N#CN=C1SCCN1Cc1ccc(Cl)nc1,252.70,25,CHNClS,"S, P or Si",,,1,Thiacloprid,,1200,,Thiacloprid,111988-49-9,,,
617,XKXPBJBODVHDAW-UHFFFAOYSA-N,Nc1ccc(-c2ccc(N)cc2Cl)c(Cl)c1,253.10,26,CHNCl,halogen,,,1,,yes: the neutral parent's PubChem name by InChIKey,,12721,"[1,1'-Biphenyl]-4,4'-diamine, 2,2'-dichloro-, sulfate (1:1)",70146-07-5,,,
618,OSXYHAQZDCICNX-UHFFFAOYSA-N,Cl[Si](Cl)(c1ccccc1)c1ccccc1,253.20,25,CHClSi,"S, P or Si",,,1,Dichlorodiphenylsilane,,14091,,Dichlorodiphenylsilane,80-10-4,silanes_siloxanes_silicones,,Siloxanes and silanes
619,YDFXKRLGZYFXOE-UHFFFAOYSA-N,CCOP(=O)(Cc1ccccc1C#N)OCC,253.20,33,CHNOP,"S, P or Si",,,1,"Phosphonic acid, [(2-cyanophenyl)methyl]-, diethyl ester",,5348,,"Phosphonic acid, [(2-cyanophenyl)methyl]-, diethyl ester",23973-65-1,organophosphates,,Organophosphates
620,DKYVVNLWACXMDW-UHFFFAOYSA-N,Cc1ccc(S(=O)(=O)NC2CCCCC2)cc1,253.40,36,CHNOS,"S, P or Si",,,1,N-Cyclohexyl-4-methylbenzenesulfonamide,,14095,,N-Cyclohexyl-4-methylbenzenesulfonamide,80-30-8,,,
621,HDHLIWCXDDZUFH-UHFFFAOYSA-N,CSc1nc(NC2CC2)nc(NC(C)(C)C)n1,253.40,36,CHNS,"S, P or Si",,,1,Cybutryne,,6636,,Cybutryne,28159-98-0,,,
622,VUDMTCUUMKXFTD-UHFFFAOYSA-N,CCCCC(CC)COCCOP(=O)(O)O,254.30,39,CHOP,"S, P or Si",,,1,,yes: the neutral parent's PubChem name by InChIKey,,14613,Potassium (2-((2-ethylhexyl)oxy)ethyl) hydrogenphosphate,85153-36-2,organophosphates,,Organophosphates
623,KIFSWJVHFMQPOS-UHFFFAOYSA-N,O=C(Sc1n[nH]c(=S)s1)c1ccccc1,254.40,21,CHNOS,"S, P or Si",,,1,"Benzenecarbothioic acid, S-(4,5-dihydro-5-thioxo-1,3,4-thiadiazol-2-yl) ester",,9295,,"Benzenecarbothioic acid, S-(4,5-dihydro-5-thioxo-1,3,4-thiadiazol-2-yl) ester",51988-14-8,,,
624,IKVYHNPVKUNCJM-UHFFFAOYSA-N,CC(C)c1cccc2c(=O)c3ccccc3sc12,254.40,32,CHOS,"S, P or Si",,,1,4-Isopropylthioxanthone,,14435,,4-Isopropylthioxanthone,83846-86-0,,,
625,KTALPKYXQZGAEG-UHFFFAOYSA-N,CC(C)c1ccc2sc3ccccc3c(=O)c2c1,254.40,32,CHOS,"S, P or Si",,,1,2-Isopropylthioxanthone,,9745,,2-Isopropylthioxanthone,5495-84-1,,,
626,YIKSHDNOAYSSPX-UHFFFAOYSA-N,CC(C)c1cccc2sc3ccccc3c(=O)c12,254.40,32,CHOS,"S, P or Si",,,1,Isopropylthioxanthone,,13508,,Isopropylthioxanthone,75081-21-9,,,
627,VHGMGRAPHRVWCO-UHFFFAOYSA-N,CCCCCCCCCc1ccc(C(=O)O)s1,254.40,39,CHOS,"S, P or Si",,,1,"2-Thiophenecarboxylic acid, 5-nonyl-",,10424,,"2-Thiophenecarboxylic acid, 5-nonyl-",59782-34-2,,,
628,YHAOQDUDNXJPIG-UHFFFAOYSA-N,CC(C)(C)c1ccc(CC[Si](C)(C)Cl)cc1,254.90,39,CHClSi,"S, P or Si",,,1,p-(t-Butyl)phenethyldimethylchlorosilane,,15598,,p-(t-Butyl)phenethyldimethylchlorosilane,93502-75-1,silanes_siloxanes_silicones,,Siloxanes and silanes
629,CCJKFLLIJCGHMO-UHFFFAOYSA-N,CCOP(=O)(CN(CCO)CCO)OCC,255.30,38,CHNOP,"S, P or Si",,,1,Diethyl bis(2-hydroxyethyl)aminomethylphosphonate,,6574,,Diethyl bis(2-hydroxyethyl)aminomethylphosphonate,2781-11-5,organophosphates,,Organophosphates
630,KBJFYLLAMSZSOG-UHFFFAOYSA-N,CO[Si](CCCNc1ccccc1)(OC)OC,255.40,38,CHNOSi,"S, P or Si",,,1,N-[3-(Trimethoxysilyl)propyl]aniline,,7090,,N-[3-(Trimethoxysilyl)propyl]aniline,3068-76-6,silanes_siloxanes_silicones,,Siloxanes and silanes
631,VFURVLVRHAMJKG-UHFFFAOYSA-N,C[Si](Cl)(Cl)CC[Si](C)(Cl)Cl,256.10,20,CHClSi,"S, P or Si",,,1,"Silane, 1,2-ethanediylbis[dichloromethyl-",,7523,,"Silane, 1,2-ethanediylbis[dichloromethyl-",3353-69-3,silanes_siloxanes_silicones,,Siloxanes and silanes
632,ACRCGKKNPOZIPG-UHFFFAOYSA-N,CP1(=O)OCC2(CO1)COP(C)(=O)OC2,256.10,29,CHOP,"S, P or Si",,,1,"2,4,8,10-Tetraoxa-3,9-diphosphaspiro[5.5]undecane, 3,9-dimethyl-, 3,9-dioxide",,6958,,"2,4,8,10-Tetraoxa-3,9-diphosphaspiro[5.5]undecane, 3,9-dimethyl-, 3,9-dioxide",3001-98-7,organophosphates,,Organophosphates
633,IVQOVYWBHRSGJI-UHFFFAOYSA-N,CCCCCCOS(=O)(=O)c1ccc(C)cc1,256.40,37,CHOS,"S, P or Si",,,1,Hexyl 4-methylbenzenesulfonate,,8074,,Hexyl 4-methylbenzenesulfonate,3839-35-8,,,
634,BMYCCWYAFNPAQC-UHFFFAOYSA-N,CCCCCCCCCCCCN(C)CC(=O)O,257.40,49,CHNO,CHNO,,,1,,yes: the neutral parent's PubChem name by InChIKey,,13627,Lauryl sarcosine sodium,7631-98-3,,,
635,XBBZAULFUPBZSP-UHFFFAOYSA-N,Clc1cccc(-c2ccc(Cl)cc2Cl)c1,257.50,22,CHCl,halogen,,thermodynamics_pending,1,"2,3',4-Trichlorobiphenyl",,9867,,"2,3',4-Trichlorobiphenyl",55712-37-3,PCBs,,
636,PTQUXQSEBAQTFZ-UHFFFAOYSA-N,O=C(CS)Nc1ccc(Nc2ccccc2)cc1,258.30,32,CHNOS,"S, P or Si",,,1,2-Mercapto-N-(4-(phenylamino)phenyl)acetamide,,10543,,2-Mercapto-N-(4-(phenylamino)phenyl)acetamide,60766-26-9,,Antioxidants,
637,SFFTXLYPBWITRH-UHFFFAOYSA-N,CC(C)c1cccc(OP(=O)(O)O)c1C(C)C,258.30,36,CHOP,"S, P or Si",,,1,Diisopropylphenylphosphate,,9233,,Diisopropylphenylphosphate,51496-03-8,organophosphates,,Organophosphates
638,JXMDJDMGDMZUQW-UHFFFAOYSA-N,CCCCCCC(CS(=O)(=O)O)S(=O)O,258.40,33,CHOS,"S, P or Si",,,1,1-Octanesulfonic-2-sulfinic acid,,1326,,1-Octanesulfonic-2-sulfinic acid,113652-56-5,,,
639,ZJCZFAAXZODMQT-UHFFFAOYSA-N,CCCCCCCCCCCCCC(C)(C)S,258.50,51,CHS,"S, P or Si",,,1,2-Methylpentadecane-2-thiol,,5862,,2-Methylpentadecane-2-thiol,25360-09-2,,,
640,DJVKJGIZQFBFGS-UHFFFAOYSA-N,C=CC(=O)NCCSSCCNC(=O)C=C,260.40,32,CHNOS,"S, P or Si",,,1,"N,N'-Bisacrylylcystamine",,10566,,"N,N'-Bisacrylylcystamine",60984-57-8,,,
641,DOYKFSOCSXVQAN-UHFFFAOYSA-N,C=C(C)C(=O)OCCC[Si](C)(OCC)OCC,260.40,41,CHOSi,"S, P or Si",,,1,3-Methacryloxypropylmethyldiethoxysilane,,11520,,3-Methacryloxypropylmethyldiethoxysilane,65100-04-1,silanes_siloxanes_silicones,,Siloxanes and silanes
642,CEUQYYYUSUCFKP-UHFFFAOYSA-N,SCCSCC(CS)SCCS,260.50,28,CHS,"S, P or Si",,,1,"2,3-Bis((2-mercaptoethyl)thio)-1-propanethiol",,2348,,"2,3-Bis((2-mercaptoethyl)thio)-1-propanethiol",131538-00-6,,,
643,UEZWYKZHXASYJN-UHFFFAOYSA-N,O=C1c2ccccc2C(=O)N1SC1CCCCC1,261.30,33,CHNOS,"S, P or Si",,,1,N-(Cyclohexylthio)phthalimide,,4185,,N-(Cyclohexylthio)phthalimide,17796-82-6,,,
644,KGNDVXPHQJMHLX-UHFFFAOYSA-N,CO[Si](CCCNC1CCCCC1)(OC)OC,261.40,44,CHNOSi,"S, P or Si",,,1,"Cyclohexanamine, N-[3-(trimethoxysilyl)propyl]-",,7091,,"Cyclohexanamine, N-[3-(trimethoxysilyl)propyl]-",3068-78-8,silanes_siloxanes_silicones,,Siloxanes and silanes
645,LEDKKDPOPIKMSZ-UHFFFAOYSA-N,O=S(=O)(O)c1cc(Cl)c(Cl)cc1Cl,261.50,16,CHOClS,"S, P or Si",,,1,,yes: the neutral parent's PubChem name by InChIKey,,9522,"Sodium 2,4,5-trichlorobenzenesulfonate",53423-65-7,,,
646,RIOQSEWOXXDEQQ-UHFFFAOYSA-N,c1ccc(P(c2ccccc2)c2ccccc2)cc1,262.30,34,CHP,"S, P or Si",,,1,Triphenylphosphine,,10501,,Triphenylphosphine,603-35-0,organophosphates,,Organophosphates
647,RHDRETOWNKZLPR-UHFFFAOYSA-N,Cc1ccc2cc3c(sc4ccccc43)c(C)c2c1,262.40,33,CHS,"S, P or Si",,,1,"Benzo[b]naphtho[2,3-d]thiophene, 6,8-dimethyl-",,5579,,"Benzo[b]naphtho[2,3-d]thiophene, 6,8-dimethyl-",24964-16-7,,,
648,VAGBNOVDXHIPRC-UHFFFAOYSA-N,Cc1ccc2cc3c(cc2c1C)sc1ccccc13,262.40,33,CHS,"S, P or Si",,,1,"7,8-Dimethylbenzo(b)naphtho(2,3-d)thiophene",,5578,,"7,8-Dimethylbenzo(b)naphtho(2,3-d)thiophene",24964-12-3,,,
649,RIQXZINBEMXOOE-UHFFFAOYSA-N,CCCCOC(=O)CSCC(=O)OCCCC,262.40,39,CHOS,"S, P or Si",,,1,"Dibutyl 2,2'-thiobisacetate",,8336,,"Dibutyl 2,2'-thiobisacetate",4121-12-4,,,
650,UZIAQVMNAXPCJQ-UHFFFAOYSA-N,C=C(C)C(=O)OC[Si](OCC)(OCC)OCC,262.40,39,CHOSi,"S, P or Si",,,1,Methacryloxymethyltriethoxysilane,,9875,,Methacryloxymethyltriethoxysilane,5577-72-0,silanes_siloxanes_silicones,,Siloxanes and silanes
651,KQAHMVLQCSALSX-UHFFFAOYSA-N,CCCCCCCCCC[Si](OC)(OC)OC,262.50,47,CHOSi,"S, P or Si",,,1,Decyltrimethoxysilane,,9874,,Decyltrimethoxysilane,5575-48-4,silanes_siloxanes_silicones,,Siloxanes and silanes
652,RLBIQVVOMOPOHC-UHFFFAOYSA-N,COP(=S)(OC)Oc1ccc([N+](=O)[O-])cc1,263.20,26,CHNOSP,"S, P or Si",,,1,Methyl parathion,,6912,,Methyl parathion,298-00-0,,,
653,HKMVWLQFAYGKSI-UHFFFAOYSA-N,CCO[Si](CCCSC#N)(OCC)OCC,263.40,37,CHNOSSi,"S, P or Si",,,1,Triethoxy(3-thiocyanatopropyl)silane,,7652,,Triethoxy(3-thiocyanatopropyl)silane,34708-08-2,silanes_siloxanes_silicones,,Siloxanes and silanes
654,UOCZMUZYGLTGHO-UHFFFAOYSA-N,CCO[Si](CN1CCOCC1)(OCC)OCC,263.40,42,CHNOSi,"S, P or Si",,,1,4-((Triethoxysilyl)methyl)morpholine,,5005,,4-((Triethoxysilyl)methyl)morpholine,21743-27-1,silanes_siloxanes_silicones,,Siloxanes and silanes
655,VOWPVJACXJNHBC-UHFFFAOYSA-N,COP(=O)(Oc1ccccc1)Oc1ccccc1,264.20,31,CHOP,"S, P or Si",,,1,Diphenyl methyl phosphate,,1371,,Diphenyl methyl phosphate,115-89-9,organophosphates,,Organophosphates
656,YZVRVDPMGYFCGL-UHFFFAOYSA-N,CC(=O)O[Si](OC(C)=O)(OC(C)=O)OC(C)=O,264.30,29,CHOSi,"S, P or Si",,,1,Silicon tetraacetate,,9938,,Silicon tetraacetate,562-90-3,silanes_siloxanes_silicones,,Siloxanes and silanes
657,MDYRPGPFZSQVQO-UHFFFAOYSA-N,CCCCc1cc(S(=O)(=O)O)c2ccccc2c1,264.30,34,CHOS,"S, P or Si",,,1,,yes: the neutral parent's PubChem name by InChIKey,,5935,Sodium butylnaphthalenesulphonate,25638-17-9,,,
658,DEQZTKGFXNUBJL-UHFFFAOYSA-N,c1ccc2sc(SNC3CCCCC3)nc2c1,264.40,33,CHNS,"S, P or Si",,,1,N-Cyclohexyl-2-benzothiazolesulfenamide,,15749,,N-Cyclohexyl-2-benzothiazolesulfenamide,95-33-0,benzothiazole,,Benzothiazoles
659,LVNLBBGBASVLLI-UHFFFAOYSA-N,CCO[Si](CCCNC(N)=O)(OCC)OCC,264.40,41,CHNOSi,"S, P or Si",,,1,N-(Triethoxysilylpropyl)urea,,5316,,N-(Triethoxysilylpropyl)urea,23779-32-0,silanes_siloxanes_silicones,,Siloxanes and silanes
660,INJVFBCDVXYHGQ-UHFFFAOYSA-N,CCO[Si](CCCNCCN)(OCC)OCC,264.40,45,CHNOSi,"S, P or Si",,,1,N-(3-Triethoxysilylpropyl)ethylenediamine,,9130,,N-(3-Triethoxysilylpropyl)ethylenediamine,5089-72-5,silanes_siloxanes_silicones,,Siloxanes and silanes
661,ZQZCOBSUOFHDEE-UHFFFAOYSA-N,CCCO[Si](OCCC)(OCCC)OCCC,264.40,45,CHOSi,"S, P or Si",,,1,Tetrapropyl orthosilicate,,12056,,Tetrapropyl orthosilicate,682-01-9,silanes_siloxanes_silicones,,Siloxanes and silanes
662,GHJQOVICJOEYAD-UHFFFAOYSA-N,CC(C)(C)c1cc(C(C)(C)C)pc(C(C)(C)C)c1,264.40,47,CHP,"S, P or Si",,,1,"Phosphorin, 2,4,6-tris(1,1-dimethylethyl)-",,4101,,"Phosphorin, 2,4,6-tris(1,1-dimethylethyl)-",17420-29-0,organophosphates,,Organophosphates
663,NHBRUUFBSBSTHM-UHFFFAOYSA-N,CO[Si](CCCNCCNCCN)(OC)OC,265.40,44,CHNOSi,"S, P or Si",,,1,"N1-(2-Aminoethyl)-N2-(3-(trimethoxysilyl)propyl)ethane-1,2-diamine",,7694,,"N1-(2-Aminoethyl)-N2-(3-(trimethoxysilyl)propyl)ethane-1,2-diamine",35141-30-1,silanes_siloxanes_silicones,,Siloxanes and silanes
664,HRKAMJBPFPHCSD-UHFFFAOYSA-N,CC(C)COP(=O)(OCC(C)C)OCC(C)C,266.30,44,CHOP,"S, P or Si",,,1,Triisobutyl phosphate,,2056,,Triisobutyl phosphate,126-71-6,organophosphates,,Organophosphates
665,STCOOQWBFONSKY-UHFFFAOYSA-N,CCCCOP(=O)(OCCCC)OCCCC,266.30,44,CHOP,"S, P or Si",,,1,Tributyl phosphate,,2058,,Tributyl phosphate,126-73-8,organophosphates,,Organophosphates
666,TVACALAUIQMRDF-UHFFFAOYSA-N,CCCCCCCCCCCCOP(=O)(O)O,266.30,44,CHOP,"S, P or Si",,,1,,yes: the neutral parent's PubChem name by InChIKey,,8167,Dipotassium dodecyl phosphate,39322-78-6,organophosphates,,Organophosphates
667,PRPVSAZLTZROPD-UHFFFAOYSA-N,O=S(=O)(NN=C1CCCCCC1)c1ccccc1,266.40,36,CHNOS,"S, P or Si",,,1,C.I. Direct Black 15,,11336,,C.I. Direct Black 15,6426-75-1,,,
668,CYEJSYGBYQRTPJ-UHFFFAOYSA-N,CCCCCCC(CCCC)COS(=O)(=O)O,266.40,43,CHOS,"S, P or Si",,,1,,yes: the neutral parent's PubChem name by InChIKey,,15697,Sodium 2-butyloctyl sulphate,94200-74-5,,,
669,MOTZDAYCYVMXPC-UHFFFAOYSA-N,CCCCCCCCCCCCOS(=O)(=O)O,266.40,43,CHOS,"S, P or Si",,,4,Lauryl sulfate,,3371,3369;5119;8865,Sodium dodecyl sulfate | Lauryl sulfate | Ammonium dodecyl sulfate | Potassium lauryl sulfate,151-21-3;151-41-7;2235-54-3;4706-78-9,,,
670,BTJPUDCSZVCXFQ-UHFFFAOYSA-N,CCc1cc(CC)c2sc3ccccc3c(=O)c2c1,268.40,35,CHOS,"S, P or Si",,,1,"2,4-Diethyl-9H-thioxanthen-9-one",,14364,,"2,4-Diethyl-9H-thioxanthen-9-one",82799-44-8,,,
671,LUVCTYHBTXSAMX-UHFFFAOYSA-N,ClCCOP(OCCCl)OCCCl,269.50,25,CHOClP,"S, P or Si",,,1,Tris(2-chloroethyl) phosphite,,2919,,Tris(2-chloroethyl) phosphite,140-08-9,organophosphates,,Organophosphates
672,XPDXVDYUQZHFPV-UHFFFAOYSA-N,CN(C)c1cccc2c(S(=O)(=O)Cl)cccc12,269.80,29,CHNOClS,"S, P or Si",,,1,Dansyl chloride,,10523,,Dansyl chloride,605-65-2,,,
673,XCSGPAVHZFQHGE-UHFFFAOYSA-N,CCc1cccc(CC)c1N(COC)C(=O)CCl,269.80,38,CHNOCl,halogen,,thermodynamics_pending,1,Alachlor,,3650,,Alachlor,15972-60-8,,,
674,BIZMDVFWYSXYEJ-CHWSQXEVSA-N,Cc1ccc(S(=O)(=O)O[C@@H]2CCCC[C@H]2O)cc1,270.30,36,CHOS,"S, P or Si",,,1,"(1R,2R)-2-hydroxycyclohexyl 4-methylbenzenesulfonate",,3353,,"(1R,2R)-2-hydroxycyclohexyl 4-methylbenzenesulfonate",15051-90-8,,,
675,JCGDCINCKDQXDX-UHFFFAOYSA-N,CO[Si](CC[Si](OC)(OC)OC)(OC)OC,270.40,38,CHOSi,"S, P or Si",,,1,"1,2-Bis(trimethoxysilyl)ethane",,4318,,"1,2-Bis(trimethoxysilyl)ethane",18406-41-2,silanes_siloxanes_silicones,,Siloxanes and silanes
676,ZWWQICJTBOCQLA-UHFFFAOYSA-N,CC(C)OC(=S)SSC(=S)OC(C)C,270.50,28,CHOS,"S, P or Si",,,1,Diisopropyl xanthogen disulfide,,576,,Diisopropyl xanthogen disulfide,105-65-7,,,
677,ZZNQQQWFKKTOSD-UHFFFAOYSA-N,CCO[Si](OCC)(c1ccccc1)c1ccccc1,272.40,39,CHOSi,"S, P or Si",,,1,Diethoxydiphenylsilane,,5896,,Diethoxydiphenylsilane,2553-19-7,silanes_siloxanes_silicones,,Siloxanes and silanes
678,PCERBVBQNKZCFS-UHFFFAOYSA-N,S=C(S)N(Cc1ccccc1)Cc1ccccc1,273.40,33,CHNS,"S, P or Si",,,1,,yes: the neutral parent's PubChem name by InChIKey,,9800,Sodium dibenzyldithiocarbamate,55310-46-8,,,
679,HTXMGVTWXZBZNC-UHFFFAOYSA-N,COC(=O)c1cc(C(=O)OC)cc(S(=O)(=O)O)c1,274.20,28,CHOS,"S, P or Si",,,2,"1,3-Dimethyl 5-sulfoisophthalate",,2816,8208,"1,3-Dimethyl 5-sulfoisophthalate | Sodium 3,5-bis(methoxycarbonyl)benzenesulfonate",138-25-0;3965-55-7,,,
680,QOVUSIZUVWPIAP-UHFFFAOYSA-N,COC(=O)c1cccc(C(=O)OC)c1S(=O)(=O)O,274.20,28,CHOS,"S, P or Si",,,1,"2,6-Bis(methoxycarbonyl)benzene-1-sulfonic acid",,9141,,"2,6-Bis(methoxycarbonyl)benzene-1-sulfonic acid",50975-82-1,,,
681,UVCJGUGAGLDPAA-UHFFFAOYSA-N,O=S(=O)(O)c1ccc2nc(-c3ccccc3)[nH]c2c1,274.30,29,CHNOS,"S, P or Si",,,1,Ensulizole,,6520,,Ensulizole,27503-81-7,,,
682,QZQALQWPHXLKSP-UHFFFAOYSA-N,CCCCCCC(CS(=O)(=O)O)S(=O)(=O)O,274.40,34,CHOS,"S, P or Si",,,1,"1,2-Octanedisulfonic acid",,1327,,"1,2-Octanedisulfonic acid",113669-58-2,,,
683,BEEJHAQLEWGNOO-SBIWHPGTSA-N,C/C=C/C=C/C(=O)OCCC[Si](OC)(OC)OC,274.40,40,CHOSi,"S, P or Si",,,1,"2,4-Hexadienoic acid, 3-(trimethoxysilyl)propyl ester, (2E,4E)-",,3816,,"2,4-Hexadienoic acid, 3-(trimethoxysilyl)propyl ester, (2E,4E)-",163802-53-7,silanes_siloxanes_silicones,,Siloxanes and silanes
684,WBUSESIMOZDSHU-UHFFFAOYSA-N,CCO[Si](CCCN1C=NCC1)(OCC)OCC,274.40,44,CHNOSi,"S, P or Si",,,1,"1H-Imidazole, 4,5-dihydro-1-[3-(triethoxysilyl)propyl]-",,10187,,"1H-Imidazole, 4,5-dihydro-1-[3-(triethoxysilyl)propyl]-",58068-97-6,silanes_siloxanes_silicones,,Siloxanes and silanes
685,ARNIBHATWCFIIK-UHFFFAOYSA-N,CCCCCCCCCCCCOC(=O)CCS,274.50,48,CHOS,"S, P or Si",,,1,Lauryl 3-mercaptopropionate,,11225,,Lauryl 3-mercaptopropionate,6380-71-8,,,
686,IOLWRXMELRWXQY-UHFFFAOYSA-N,CO[Si](CCc1ccc(CCl)cc1)(OC)OC,274.80,36,CHOClSi,"S, P or Si",,,1,"Silane, [2-[3(or 4)-(chloromethyl)phenyl]ethyl]trimethoxy-",,11961,,"Silane, [2-[3(or 4)-(chloromethyl)phenyl]ethyl]trimethoxy-",68128-25-6,silanes_siloxanes_silicones,,Siloxanes and silanes
687,MHYGQXWCZAYSLJ-UHFFFAOYSA-N,CC(C)(C)[Si](Cl)(c1ccccc1)c1ccccc1,274.90,37,CHClSi,"S, P or Si",,,1,tert-Butylchlorodiphenylsilane,,10243,,tert-Butylchlorodiphenylsilane,58479-61-1,silanes_siloxanes_silicones,,Siloxanes and silanes
688,WUFHQGLVNNOXMP-UHFFFAOYSA-N,CCO[Si](CNC1CCCCC1)(OCC)OCC,275.50,47,CHNOSi,"S, P or Si",,,1,"Cyclohexanamine, N-[(triethoxysilyl)methyl]-",,6236,,"Cyclohexanamine, N-[(triethoxysilyl)methyl]-",26495-91-0,silanes_siloxanes_silicones,,Siloxanes and silanes
689,LEQBFRNHOFVPEH-UHFFFAOYSA-N,O=C(O)c1ccc(NC(=O)c2ccc(Cl)cc2)cc1,275.70,29,CHNOCl,halogen,,,1,,yes: the neutral parent's PubChem name by InChIKey,,3293,Sodium 4-(4-chlorobenzoylamino)benzoate,1489170-67-3,,,
690,MSRJTTSHWYDFIU-UHFFFAOYSA-N,CCCCCCCC[Si](OCC)(OCC)OCC,276.50,50,CHOSi,"S, P or Si",,,1,Triethoxyoctylsilane,,6864,,Triethoxyoctylsilane,2943-75-1,silanes_siloxanes_silicones,,Siloxanes and silanes
691,ZNOLGFHPUIJIMJ-UHFFFAOYSA-N,COP(=S)(OC)Oc1ccc([N+](=O)[O-])c(C)c1,277.20,29,CHNOSP,"S, P or Si",,,1,Fenitrothion,,1784,,Fenitrothion,122-14-5,,,
692,VRBFTYUMFJWSJY-UHFFFAOYSA-N,ClC1Cc2ccc(cc2)C(Cl)Cc2ccc1cc2,277.20,32,CHCl,halogen,,failed,1,"Tricyclo[8.2.2.24,7]hexadeca-4,6,10,12,13,15-hexaene, dichloro-",,6760,,"Tricyclo[8.2.2.24,7]hexadeca-4,6,10,12,13,15-hexaene, dichloro-",28804-46-8,,,
693,XBZHUBAJMXGFMK-UHFFFAOYSA-N,Nc1ccc(-c2ccccc2N=NS(=O)(=O)O)cc1,277.30,30,CHNOS,"S, P or Si",,,1,,yes: the neutral parent's PubChem name by InChIKey,,2446,Direct Orange 39,1325-54-8,azodyes,,Azo dyes
694,ZUEIRGBMFHHKAC-UHFFFAOYSA-N,CO[Si](CCCN=C(N(C)C)N(C)C)(OC)OC,277.40,45,CHNOSi,"S, P or Si",,,1,"N,N,N',N'-tetramethyl-N''-[3-(trimethoxysilyl)propyl]guanidine",,12666,,"N,N,N',N'-tetramethyl-N''-[3-(trimethoxysilyl)propyl]guanidine",69709-01-9,silanes_siloxanes_silicones,,Siloxanes and silanes
695,PNVJTZOFSHSLTO-UHFFFAOYSA-N,COP(=S)(OC)Oc1ccc(SC)c(C)c1,278.30,31,CHOSP,"S, P or Si",,,1,Fenthion,,9751,,Fenthion,55-38-9,,,
696,FIQMHBFVRAXMOP-UHFFFAOYSA-N,O=P(c1ccccc1)(c1ccccc1)c1ccccc1,278.30,35,CHOP,"S, P or Si",,,1,Triphenylphosphine oxide,,14060,,Triphenylphosphine oxide,791-28-6,organophosphates,,Organophosphates
697,JXUKBNICSRJFAP-UHFFFAOYSA-N,CCO[Si](CCCOCC1CO1)(OCC)OCC,278.40,44,CHOSi,"S, P or Si",,,1,(3-Glycidyloxypropyl)triethoxysilane,,6079,,(3-Glycidyloxypropyl)triethoxysilane,2602-34-8,silanes_siloxanes_silicones,,Siloxanes and silanes
698,LZFQRUUGQJDNFL-UHFFFAOYSA-N,CCOC(C[Si](C)(OCC)OCC)OCC1CO1,278.40,44,CHOSi,"S, P or Si",,,1,Diethoxy{2-ethoxy-2-[(oxiran-2-yl)methoxy]ethyl}methylsilane,,2899,,Diethoxy{2-ethoxy-2-[(oxiran-2-yl)methoxy]ethyl}methylsilane,139485-54-4,silanes_siloxanes_silicones,,Siloxanes and silanes
699,JBVHMGZUWGSNEG-UHFFFAOYSA-N,CCCCCCCCCCOS(=O)OCCCC,278.50,48,CHOS,"S, P or Si",,,1,"Sulfurous acid, butyl decyl ester",,17193,,"Sulfurous acid, butyl decyl ester",,,,
700,OKEGTUGDOLJWGO-UHFFFAOYSA-N,CCCCCCCCCCCOS(=O)OC(C)C,278.50,48,CHOS,"S, P or Si",,,1,"Sulfurous acid, 2-propyl undecyl ester",,16613,,"Sulfurous acid, 2-propyl undecyl ester",,,,
701,WAMXUMONYFATAP-UHFFFAOYSA-N,CCCCC(CC)COS(=O)OCCCC(C)C,278.50,48,CHOS,"S, P or Si",,,1,"Sulfurous acid, 2-ethylhexyl isohexyl ester",,17215,,"Sulfurous acid, 2-ethylhexyl isohexyl ester",,,,
702,LLIGYFMMLRXXKF-UHFFFAOYSA-N,CS(=O)c1c(Cl)c(Cl)nc(Cl)c1Cl,279.00,16,CHNOClS,"S, P or Si",,,1,"2,3,5,6-Tetrachloro-4-(methylsulfinyl) pyridine",,515,,"2,3,5,6-Tetrachloro-4-(methylsulfinyl) pyridine",10419-97-3,,,
703,YNKQCPNHMVAWHN-UHFFFAOYSA-N,CC(C#N)(CCC(=O)O)SC(=S)c1ccccc1,279.40,31,CHNOS,"S, P or Si",,,1,4-Cyano-4-(thiobenzoylthio)pentanoic acid,,4685,,4-Cyano-4-(thiobenzoylthio)pentanoic acid,201611-92-9,,,
704,BCAIDFOKQCVACE-UHFFFAOYSA-N,C=C(C)C(=O)OCC[N+](C)(C)CCCS(=O)(=O)[O-],279.40,39,CHNOS,"S, P or Si",,,1,Dimethyl(2-((2-methyl-1-oxoallyl)oxy)ethyl)(3-sulphopropyl)ammonium hydroxide,,7828,,Dimethyl(2-((2-methyl-1-oxoallyl)oxy)ethyl)(3-sulphopropyl)ammonium hydroxide,3637-26-1,,,
705,LWRBVKNFOYUCNP-UHFFFAOYSA-N,CSc1ccc(C(=O)C(C)(C)N2CCOCC2)cc1,279.40,40,CHNOS,"S, P or Si",,,1,2-Methyl-4'-(methylthio)-2-morpholinopropiophenone,,12975,,2-Methyl-4'-(methylthio)-2-morpholinopropiophenone,71868-10-5,,,
706,VQUGQIYAVYQSAB-UHFFFAOYSA-N,O=S(=O)(F)C(F)(F)C(F)(F)OC(F)=C(F)F,280.10,16,COFS,"S, P or Si",,,1,"Ethanesulfonyl fluoride, 1,1,2,2-tetrafluoro-2-((1,2,2-trifluoroethenyl)oxy)-",,6875,,"Ethanesulfonyl fluoride, 1,1,2,2-tetrafluoro-2-((1,2,2-trifluoroethenyl)oxy)-",29514-94-1,PFASs,,PFAS
707,KECOIASOKMSRFT-UHFFFAOYSA-N,Nc1cc(S(=O)(=O)c2ccc(O)c(N)c2)ccc1O,280.30,31,CHNOS,"S, P or Si",,,1,"3,3'-Diamino-4,4'-dihydroxydiphenyl Sulfone",,13535,,"3,3'-Diamino-4,4'-dihydroxydiphenyl Sulfone",7545-50-8,phenolic_antioxidants,,
708,ASBWGYODEQCTNZ-UHFFFAOYSA-N,CC(C)CCCCCCCCCCOP(=O)(O)O,280.30,47,CHOP,"S, P or Si",,,1,Monoisotridecyl phosphate,,9464,,Monoisotridecyl phosphate,52933-07-0,organophosphates,,Organophosphates
709,GAJQCIFYLSXSEZ-UHFFFAOYSA-N,CCCCCCCCCCCCCOP(=O)(O)O,280.30,47,CHOP,"S, P or Si",,,2,Monotridecyl phosphate,,10024,12296,Monotridecyl phosphate | Dipotassium tridecan-1-yl phosphate,56831-62-0;68541-11-7,organophosphates,,Organophosphates
710,DNPSGCQXSGVQSK-UHFFFAOYSA-N,CC1CN(Sc2nc3ccccc3s2)CC(C)O1,280.40,34,CHNOS,"S, P or Si",,,1,"4-(Benzothiazol-2-ylthio)-2,6-dimethylmorpholine",,297,,"4-(Benzothiazol-2-ylthio)-2,6-dimethylmorpholine",102-78-3,benzothiazole,,Benzothiazoles
711,WOXXJEVNDJOOLV-UHFFFAOYSA-N,C=C[Si](OCCOC)(OCCOC)OCCOC,280.40,42,CHOSi,"S, P or Si",,,1,Tris(2-methoxyethoxy)vinylsilane,,731,,Tris(2-methoxyethoxy)vinylsilane,1067-53-4,silanes_siloxanes_silicones,,Siloxanes and silanes
712,QTUIJRIDZOSXHJ-UHFFFAOYSA-N,CCCCCCCCCCCCCOS(=O)(=O)O,280.40,46,CHOS,"S, P or Si",,,1,,yes: the neutral parent's PubChem name by InChIKey,,7001,Sodium tridecyl sulfate,3026-63-9,,,
713,WYVVKGNFXHOCQV-UHFFFAOYSA-N,CCCCNC(=O)OCC#CI,281.10,24,CHNOI,halogen,,thermodynamics_pending,1,3-Iodo-2-propynyl butylcarbamate,,9818,,3-Iodo-2-propynyl butylcarbamate,55406-53-6,,,
714,ZXMGHDIOOHOAAE-UHFFFAOYSA-N,O=S(=O)(NS(=O)(=O)C(F)(F)F)C(F)(F)F,281.20,16,CHNOFS,"S, P or Si",,,1,,yes: the neutral parent's PubChem name by InChIKey,,15114,Lithium bis((trifluoromethyl)sulfonyl)azanide,90076-65-6,PFASs,,PFAS
715,FYRZOXZLXPDHOF-UHFFFAOYSA-N,C=CC(=O)OCCOC(=O)Nc1cccc(SC)c1,281.30,34,CHNOS,"S, P or Si",,,1,2-({[3-(Methylsulfanyl)phenyl]carbamoyl}oxy)ethyl prop-2-enoate,,1704,,2-({[3-(Methylsulfanyl)phenyl]carbamoyl}oxy)ethyl prop-2-enoate,1207339-61-4,,,
716,RPRRBCWJGDNBAO-UHFFFAOYSA-N,CCc1ccccc1Nc1nc(-c2ccccn2)cs1,281.40,35,CHNS,"S, P or Si",,,1,C.I. Direct Violet 3,,11512,,C.I. Direct Violet 3,6507-83-1,,,
717,PDYIKONOBSBEMS-UHFFFAOYSA-N,CCCC(C(=O)c1cccc2ccccc12)N1CCCC1,281.40,44,CHNO,CHNO,,,1,,yes: the neutral parent's PubChem name by InChIKey,,2663,Naphyrone 1-naphthyl isomer (hydrochloride),1349245-31-3,,,
718,PORQOHRXAJJKGK-UHFFFAOYSA-N,CCCCCCCCn1sc(Cl)c(Cl)c1=O,282.20,33,CHNOClS,"S, P or Si",,,1,Kathon 930,,11353,,Kathon 930,64359-81-5,,,
719,LLMLGZUZTFMXSA-UHFFFAOYSA-N,Sc1c(Cl)c(Cl)c(Cl)c(Cl)c1Cl,282.40,13,CHClS,"S, P or Si",,,1,Pentachlorothiophenol,,2481,,Pentachlorothiophenol,133-49-3,,,
720,LFMQNMXVVXHZCC-UHFFFAOYSA-N,CCN(CC)C(=S)Sc1nc2ccccc2s1,282.50,31,CHNS,"S, P or Si",,,1,2-Benzothiazolyl diethyldithiocarbamate,,15746,,2-Benzothiazolyl diethyldithiocarbamate,95-30-7,,,
721,OGDNDISFPNBJNB-UHFFFAOYSA-N,C[Si](C)(C)Oc1ccc(O[Si](C)(C)C)c(C=O)c1,282.50,40,CHOSi,"S, P or Si",,,1,"Benzaldehyde, 2,5-bis[(trimethylsilyl)oxy]-",,9930,,"Benzaldehyde, 2,5-bis[(trimethylsilyl)oxy]-",56114-69-3,silanes_siloxanes_silicones,,Siloxanes and silanes
722,UWHZIFQPPBDJPM-BQYQJAHWSA-N,CCCCCC/C=C/CCCCCCCCCC(=O)O,282.50,54,CHO,CHNO,,,1,,yes: the neutral parent's PubChem name by InChIKey,,517,Vaccenic acid sodium salt,104233-68-3,,,
723,KRDSXENYLDIORL-UHFFFAOYSA-N,O=C(O)CC(Sc1nc2ccccc2s1)C(=O)O,283.30,27,CHNOS,"S, P or Si",,,1,"2-(1,3-Benzothiazol-2-ylthio)succinic acid",,15787,,"2-(1,3-Benzothiazol-2-ylthio)succinic acid",95154-01-1,,,
724,ZAADUWCLWTWDSZ-UHFFFAOYSA-N,CCCCCCCCCCCC[Si](C)(Cl)Cl,283.40,44,CHClSi,"S, P or Si",,,1,"Silane, dichlorododecylmethyl-",,4319,,"Silane, dichlorododecylmethyl-",18407-07-3,silanes_siloxanes_silicones,,Siloxanes and silanes
725,WVQBLGZPHOPPFO-UHFFFAOYSA-N,CCc1cccc(C)c1N(C(=O)CCl)C(C)COC,283.80,41,CHNOCl,halogen,,thermodynamics_pending,1,Metolachlor,,9181,,Metolachlor,51218-45-2,,,
726,PKUZBJXWIOTQFQ-UHFFFAOYSA-N,CCOC(=O)c1ccc2sc3ccccc3c(=O)c2c1,284.30,32,CHOS,"S, P or Si",,,1,Ethyl 9-oxo-9H-thioxanthene-2-carboxylate,,14429,,Ethyl 9-oxo-9H-thioxanthene-2-carboxylate,83817-60-1,,,
727,QRYFCNPYGUORTK-UHFFFAOYSA-N,c1ccc2sc(SSN3CCOCC3)nc2c1,284.40,29,CHNOS,"S, P or Si",,,1,2-(Morpholinodithio)benzothiazole,,15748,,2-(Morpholinodithio)benzothiazole,95-32-9,benzothiazole,,Benzothiazoles
728,QDCPNGVVOWVKJG-UHFFFAOYSA-N,CCCCCCCCCCC=CC(CC(=O)O)C(=O)O,284.40,48,CHO,CHNO,,,1,,yes: the neutral parent's PubChem name by InChIKey,,10084,Dipotassium;2-dodec-1-enylbutanedioate,57195-28-5,,,
729,HQUQLFOMPYWACS-UHFFFAOYSA-N,O=P(OCCCl)(OCCCl)OCCCl,285.50,26,CHOClP,"S, P or Si",,,1,Tris(2-chloroethyl) phosphate,,1373,,Tris(2-chloroethyl) phosphate,115-96-8,organophosphates,,Organophosphates
730,WISUNKZXQSKYMR-UHFFFAOYSA-N,C=CC(=O)OCC(F)(F)C(F)(F)C(F)(F)C(F)F,286.10,24,CHOF,halogen,,thermodynamics_pending,1,"2,2,3,3,4,4,5,5-Octafluoropentyl acrylate",,8001,,"2,2,3,3,4,4,5,5-Octafluoropentyl acrylate",376-84-1,PFASs,,PFAS
731,CFIFBLCPLCPITL-UHFFFAOYSA-N,CCC1(COP(C)(=O)OC)COP(C)(=O)OC1,286.20,37,CHOP,"S, P or Si",,,1,"Phosphonic acid, methyl-, (5-ethyl-2-methyl-2-oxido-1,3,2-dioxaphosphorinan-5-yl)methyl methyl ester",,8333,,"Phosphonic acid, methyl-, (5-ethyl-2-methyl-2-oxido-1,3,2-dioxaphosphorinan-5-yl)methyl methyl ester",41203-81-0,organophosphates,,Organophosphates
732,ZZORWWALTATITR-UHFFFAOYSA-N,O=C(SN=Cc1ccc([N+](=O)[O-])cc1)c1ccccc1,286.30,30,CHNOS,"S, P or Si",,,1,S-Benzoyl-N-(p-nitrobenzylidene)thiohydroxylamine,,16193,,S-Benzoyl-N-(p-nitrobenzylidene)thiohydroxylamine,139776-09-3,,,
733,YICSVBJRVMLQNS-UHFFFAOYSA-N,CCCCOP(=O)(OCCCC)Oc1ccccc1,286.30,42,CHOP,"S, P or Si",,,1,Dibutyl phenyl phosphate,,5836,,Dibutyl phenyl phosphate,2528-36-1,organophosphates,,Organophosphates
734,GPAPPPVRLPGFEQ-UHFFFAOYSA-N,O=S(=O)(c1ccc(Cl)cc1)c1ccc(Cl)cc1,287.20,25,CHOClS,"S, P or Si",,,1,"4,4'-Dichlorodiphenyl sulfone",,14088,,"4,4'-Dichlorodiphenyl sulfone",80-07-9,,,
735,AFAIELJLZYUNPW-UHFFFAOYSA-N,N=C1C=CC(=C(c2ccc(N)cc2)c2ccc(N)cc2)C=C1,287.40,39,CHN,CHNO,,,1,,yes: the neutral parent's PubChem name by InChIKey,,10030,Pararosaniline hydrochloride,569-61-9,,,
736,XTEGVFVZDVNBPF-UHFFFAOYSA-N,O=S(=O)(O)c1cccc2c(S(=O)(=O)O)cccc12,288.30,26,CHOS,"S, P or Si",,,1,,yes: the neutral parent's PubChem name by InChIKey,,3870,"Disodium 1,5-naphthalenedisulfonate",1655-29-4,,,
737,MMNWSHJJPDXKCH-UHFFFAOYSA-N,O=C1c2ccccc2C(=O)c2cc(S(=O)(=O)O)ccc21,288.30,28,CHOS,"S, P or Si",,,1,,yes: the neutral parent's PubChem name by InChIKey,,2274,"2-Anthracenesulfonic acid, 9,10-dihydro-9,10-dioxo-, sodium salt",131-08-8,,,
738,LGBYJXBCVZKJBL-UHFFFAOYSA-N,O=C1CCCCCN1SSN1CCCCCC1=O,288.40,38,CHNOS,"S, P or Si",,,1,"1,1'-Disulfanediyldiazepan-2-one",,5323,,"1,1'-Disulfanediyldiazepan-2-one",23847-08-7,,,
739,GZVBGWRBVGVPLI-FKJILZIQSA-N,C/C(N)=C/C(=O)OCCSCCOC(=O)/C=C(\C)N,288.40,39,CHNOS,"S, P or Si",,,1,"Thiodiethane-1,2-diyl bis(3-aminobut-2-enoate)",,2701,,"Thiodiethane-1,2-diyl bis(3-aminobut-2-enoate)",13560-49-1,,,
740,UDUKMRHNZZLJRB-UHFFFAOYSA-N,CCO[Si](CCC1CCC2OC2C1)(OCC)OCC,288.50,47,CHOSi,"S, P or Si",,,1,(2-(7-Oxabicyclo[4.1.0]heptan-3-yl)ethyl)triethoxysilane,,319,,(2-(7-Oxabicyclo[4.1.0]heptan-3-yl)ethyl)triethoxysilane,10217-34-2,silanes_siloxanes_silicones,,Siloxanes and silanes
741,FWLZLRFPZLTBRF-UHFFFAOYSA-N,CCCCN(CCCC)P(=O)(O)OP(=O)(O)O,289.20,38,CHNOP,"S, P or Si",,,1,Dibutylamidodiphosphoric acid,,67,,Dibutylamidodiphosphoric acid,10024-88-1,organophosphates,,Organophosphates
742,FZEHABHMMOXCEI-UHFFFAOYSA-N,O=C1C(c2nc3ccccc3cc2O)=C(O)c2ccccc21,289.30,33,CHNO,CHNO,,failed,1,"1H-Inden-1-one, 3-hydroxy-2-(3-hydroxy-2-quinolinyl)-",,4180,,"1H-Inden-1-one, 3-hydroxy-2-(3-hydroxy-2-quinolinyl)-",17772-51-9,,,
743,XEFQLINVKFYRCS-UHFFFAOYSA-N,Oc1cc(Cl)ccc1Oc1ccc(Cl)cc1Cl,289.50,24,CHOCl,halogen,,thermodynamics_pending,1,Triclosan,,7557,,Triclosan,3380-34-5,,,
744,URDOJQUSEUXVRP-UHFFFAOYSA-N,C=C(C)C(=O)OCCC[Si](OCC)(OCC)OCC,290.40,45,CHOSi,"S, P or Si",,,1,3-(Triethoxysilyl)propyl methacrylate,,4896,,3-(Triethoxysilyl)propyl methacrylate,21142-29-0,silanes_siloxanes_silicones,,Siloxanes and silanes
745,AROCLDYPZXMJPW-UHFFFAOYSA-N,CCCCCCCCSSCCCCCCCC,290.60,52,CHS,"S, P or Si",,,1,Octyl disulfide,,14325,,Octyl disulfide,822-27-5,,,
746,LCCNCVORNKJIRZ-UHFFFAOYSA-N,CCOP(=S)(OCC)Oc1ccc([N+](=O)[O-])cc1,291.30,32,CHNOSP,"S, P or Si",,,1,Parathion,,9911,,Parathion,56-38-2,,,
747,NWWZPOKUUAIXIW-DHZHZOJOSA-N,CN1COCN(Cc2cnc(Cl)s2)/C1=N/[N+](=O)[O-],291.70,28,CHNOClS,"S, P or Si",,,1,Thiamethoxam,,3443,,Thiamethoxam,153719-23-4,,,
748,WVHNUGRFECMVLQ-UHFFFAOYSA-N,Clc1ccc(-c2c(Cl)cccc2Cl)c(Cl)c1,292.00,22,CHCl,halogen,,thermodynamics_pending,1,"2,2',4,6'-Tetrachlorobiphenyl",,12051,,"2,2',4,6'-Tetrachlorobiphenyl",68194-04-7,PCBs,,
749,WYVBETQIUHPLFO-UHFFFAOYSA-N,Clc1ccc(-c2c(Cl)cccc2Cl)cc1Cl,292.00,22,CHCl,halogen,,thermodynamics_pending,1,"2,3',4',6-Tetrachlorobiphenyl",,8373,,"2,3',4',6-Tetrachlorobiphenyl",41464-46-4,PCBs,,
750,XBTHILIDLBPRPM-UHFFFAOYSA-N,Clc1cc(Cl)c(-c2ccccc2Cl)cc1Cl,292.00,22,CHCl,halogen,,thermodynamics_pending,1,"2,2',4,5-Tetrachlorobiphenyl",,12762,,"2,2',4,5-Tetrachlorobiphenyl",70362-47-9,PCBs,,
751,XLDBTRJKXLKYTC-UHFFFAOYSA-N,Clc1ccc(-c2ccc(Cl)c(Cl)c2Cl)cc1,292.00,22,CHCl,halogen,,thermodynamics_pending,1,"2,3,4,4'-Tetrachlorobiphenyl",,7448,,"2,3,4,4'-Tetrachlorobiphenyl",33025-41-1,PCBs,,
752,CTKMZCFTOKMBBS-UHFFFAOYSA-N,Nc1c(S(=O)(=O)O)cc2c3c(cccc13)C(=O)NC2=O,292.30,28,CHNOS,"S, P or Si",,,1,"6-Amino-2,3-dihydro-1,3-dioxo-1H-benz(de)isoquinoline-5-sulphonic acid",,9318,,"6-Amino-2,3-dihydro-1,3-dioxo-1H-benz(de)isoquinoline-5-sulphonic acid",52173-68-9,,,
753,LWEAHXKXKDCSIE-UHFFFAOYSA-N,CC(C)c1cc2ccccc2c(S(=O)(=O)O)c1C(C)C,292.40,40,CHOS,"S, P or Si",,,1,"2,3-Di(propan-2-yl)naphthalene-1-sulfonic acid",,2415,,"2,3-Di(propan-2-yl)naphthalene-1-sulfonic acid",1322-93-6,,,
754,OPARTXXEFXPWJL-UHFFFAOYSA-N,CC(=O)O[Si](OC(C)=O)(OC(C)(C)C)OC(C)(C)C,292.40,43,CHOSi,"S, P or Si",,,1,Di-tert-butoxydiacetoxysilane,,2367,,Di-tert-butoxydiacetoxysilane,13170-23-5,silanes_siloxanes_silicones,,Siloxanes and silanes
755,RRQTYXHHYIJDFB-UHFFFAOYSA-N,CCO[Si](CNCCCCCCN)(OCC)OCC,292.50,51,CHNOSi,"S, P or Si",,,1,"1,6-Hexanediamine, N-((triethoxysilyl)methyl)-",,3377,,"1,6-Hexanediamine, N-((triethoxysilyl)methyl)-",15129-36-9,silanes_siloxanes_silicones,,Siloxanes and silanes
756,XIDCDJNCSIIMNH-UHFFFAOYSA-N,CCCCCCCCCCCCOS(=O)OC(C)C,292.50,51,CHOS,"S, P or Si",,,1,"Sulfurous acid, dodecyl 2-propyl ester",,15819,,"Sulfurous acid, dodecyl 2-propyl ester",959002-57-4,,,
757,FIADVASZMLCQIF-UHFFFAOYSA-N,C[Si]1(C)N[Si](C)(C)N[Si](C)(C)N[Si](C)(C)N1,292.70,44,CHNSi,"S, P or Si",,,1,Octamethylcyclotetrasilazane,,304,,Octamethylcyclotetrasilazane,1020-84-4,silanes_siloxanes_silicones,,Siloxanes and silanes
758,WURBVZBTWMNKQT-UHFFFAOYSA-N,CC(C)(C)C(=O)C(Oc1ccc(Cl)cc1)n1cncn1,293.80,36,CHNOCl,halogen,,thermodynamics_pending,1,Triadimefon,,8550,,Triadimefon,43121-43-3,,,
759,WGBYOWIYAKVOLO-UHFFFAOYSA-N,c1ccc(Sc2ccc(Sc3ccccc3)cc2)cc1,294.40,34,CHS,"S, P or Si",,,1,"Benzene, 1,4-bis(phenylthio)-",,7639,,"Benzene, 1,4-bis(phenylthio)-",3459-94-7,,,
760,GROJOWHVXQYQGN-UHFFFAOYSA-N,CCCCC(CC)CCC(CC(C)C)OS(=O)(=O)O,294.50,49,CHOS,"S, P or Si",,,1,,yes: the neutral parent's PubChem name by InChIKey,,2875,Sotradecol,139-88-8,,,
761,URLJMZWTXZTZRR-UHFFFAOYSA-N,CCCCCCCCCCCCCCOS(=O)(=O)O,294.50,49,CHOS,"S, P or Si",,,1,,yes: the neutral parent's PubChem name by InChIKey,,1526,Sodium tetradecyl sulfate,1191-50-0,,,
762,NMCCNOZOBBWFMN-UHFFFAOYSA-N,CS(=O)(=O)c1c(Cl)c(Cl)nc(Cl)c1Cl,295.00,17,CHNOClS,"S, P or Si",,,1,"2,3,5,6-Tetrachloro-4-(methylsulfonyl)pyridine",,2302,,"2,3,5,6-Tetrachloro-4-(methylsulfonyl)pyridine",13108-52-6,,,
763,ZSZRUEAFVQITHH-UHFFFAOYSA-N,C=C(C)C(=O)OCCOP(=O)([O-])OCC[N+](C)(C)C,295.30,41,CHNOP,"S, P or Si",,,1,2-Methacryloyloxyethyl phosphorylcholine,,11856,,2-Methacryloyloxyethyl phosphorylcholine,67881-98-5,organophosphates,,Organophosphates
764,JOUDBUYBGJYFFP-FOCLMDBBSA-N,O=C1/C(=C2\Sc3ccccc3C2=O)Sc2ccccc21,296.40,28,CHOS,"S, P or Si",,,1,Thioindigo,,9322,,Thioindigo,522-75-8,,,
765,DKWJQENYIDPCEX-UHFFFAOYSA-N,CCCCCCCCCCCCCOC(=O)C(F)(F)F,296.40,47,CHOF,halogen,,thermodynamics_pending,1,Tridecyl trifluoroacetate,,9563,,Tridecyl trifluoroacetate,53800-02-5,PFASs,,PFAS
766,HKIOYBQGHSTUDB-UHFFFAOYSA-N,O=C1c2ccccc2C(=O)N1SC(Cl)(Cl)Cl,296.60,20,CHNOClS,"S, P or Si",,,1,Folpet,,2477,,Folpet,133-07-3,,,
767,AUZONCFQVSMFAP-UHFFFAOYSA-N,CCN(CC)C(=S)SSC(=S)N(CC)CC,296.60,36,CHNS,"S, P or Si",,,1,Disulfiram,,15931,,Disulfiram,97-77-8,,,
768,HMMGMWAXVFQUOA-UHFFFAOYSA-N,C[Si]1(C)O[Si](C)(C)O[Si](C)(C)O[Si](C)(C)O1,296.60,40,CHOSi,"S, P or Si",,,1,Octamethylcyclotetrasiloxane,,9841,,Octamethylcyclotetrasiloxane,556-67-2,silanes_siloxanes_silicones,,Siloxanes and silanes
769,GHLWVGNAUAHTLR-UHFFFAOYSA-N,O=S(=O)(O)c1cccc(S(=O)(=O)c2ccccc2)c1,298.30,29,CHOS,"S, P or Si",,,1,,yes: the neutral parent's PubChem name by InChIKey,,11123,Potassium 3-(phenylsulfonyl)benzenesulfonate,63316-43-8,,,
770,JYQUHIFYBATCCY-UHFFFAOYSA-N,CCOP(=S)(OCC)Oc1cnc2ccccc2n1,298.30,34,CHNOSP,"S, P or Si",,,1,Quinalphos,,2714,,Quinalphos,13593-03-8,organophosphates,,Organophosphates
771,UASQKKHYUPBQJR-UHFFFAOYSA-N,CCCCCCCCCCc1ccc(S(=O)(=O)O)cc1,298.40,46,CHOS,"S, P or Si",,,1,4-Decylbenzenesulfonic acid,,2924,,4-Decylbenzenesulfonic acid,140-60-3,,,
772,DJCISYVIXPWVHY-UHFFFAOYSA-N,S=c1[nH]nc(SSc2n[nH]c(=S)s2)s1,298.50,16,CHNS,"S, P or Si",,,1,"1,3,4-Thiadiazole-2(3H)-thione, 5,5'-dithiobis-",,13075,,"1,3,4-Thiadiazole-2(3H)-thione, 5,5'-dithiobis-",72676-55-2,,,
773,XJOQFQVUDPLZSK-UHFFFAOYSA-N,c1csc(-c2sc(-c3cccs3)c3ccccc23)c1,298.50,29,CHS,"S, P or Si",,,1,Dithienylbenzo[c]thiophene,,3146,,Dithienylbenzo[c]thiophene,144810-53-7,,,
774,QCAZHHXMIVSLMW-UHFFFAOYSA-N,CCCCOC(=S)SSC(=S)OCCCC,298.50,34,CHOS,"S, P or Si",,,1,Dibutyl xanthogen disulfide,,581,,Dibutyl xanthogen disulfide,105-77-1,,,
775,IMYZYCNQZDBZBQ-UHFFFAOYSA-N,CCCCCCCCC1OC1CCCCCCCC(=O)O,298.50,55,CHO,CHNO,,,1,,yes: the neutral parent's PubChem name by InChIKey,,10799,"Ammonium 9,10-dioxystearate",61792-39-0,,,
776,YDONNITUKPKTIG-UHFFFAOYSA-N,O=P(O)(O)CN(CP(=O)(O)O)CP(=O)(O)O,299.00,28,CHNOP,"S, P or Si",,,3,(Nitrilotris(methylene))triphosphonic acid,,11300,4789;5117,Sodium aminotris(methylenephosphonate) | [Nitrilotris(methylene)]tris-phosphonic acid pentasodium salt | (Nitrilotris(methylene))triphosphonic acid,20592-85-2;2235-43-0;6419-19-8,organophosphates,,Organophosphates
777,FUVKFLJWBHVMHX-UHFFFAOYSA-N,NS(=O)(=O)C(F)(F)C(F)(F)C(F)(F)C(F)(F)F,299.10,19,CHNOFS,"S, P or Si",,,1,Perfluorobutylsulphonamide,,7015,,Perfluorobutylsulphonamide,30334-69-1,PFASs,,PFAS
778,NGOZDSMNMIRDFP-UHFFFAOYSA-N,CCCCCCCCCCCCCC(=O)N(C)CC(=O)O,299.50,54,CHNO,CHNO,,,1,,yes: the neutral parent's PubChem name by InChIKey,,7022,"Glycine, N-methyl-N-(1-oxotetradecyl)-, sodium salt",30364-51-3,,,
779,FQDGUWXAKHTHRK-UHFFFAOYSA-N,c1csc(-c2sc(-c3cccs3)c3nccnc23)c1,300.40,27,CHNS,"S, P or Si",,,1,"5,7-Di-2-thienylthieno[3,4-b]pyrazine",,3543,,"5,7-Di-2-thienylthieno[3,4-b]pyrazine",156645-42-0,,,
780,LDVVMCZRFWMZSG-UHFFFAOYSA-N,O=C1C2CC=CCC2C(=O)N1SC(Cl)(Cl)Cl,300.60,24,CHNOClS,"S, P or Si",,,1,Captan,,2476,,Captan,133-06-2,,,
781,NNPXVOKLLUQZCH-UHFFFAOYSA-N,O=C(O)c1ccc(N2CCC(c3ccc(Cl)cc3)=N2)cc1,300.70,34,CHNOCl,halogen,,,1,,yes: the neutral parent's PubChem name by InChIKey,,7314,"4-[3-(4-Chlorophenyl)-4,5-dihydro-1H-pyrazol-1-yl]benzoic acid sodium salt",32020-25-0,,,
782,CHSIRNHJPJDHLW-UHFFFAOYSA-N,CCOC(=O)CCC(=O)OCCOc1ccccc1Cl,300.70,37,CHOCl,halogen,,thermodynamics_pending,1,"Succinic acid, 2-(2-chlorophenoxy)ethyl ethyl ester",,16612,,"Succinic acid, 2-(2-chlorophenoxy)ethyl ethyl ester",,,,
783,YBNLWIZAWPBUKQ-UHFFFAOYSA-N,O=S(=O)(C(Cl)(Cl)Cl)C(Cl)(Cl)Cl,300.80,11,COClS,"S, P or Si",,,1,Bis(trichloromethyl)sulfone,,7079,,Bis(trichloromethyl)sulfone,3064-70-8,,,
784,OGZPYBBKQGPQNU-DABLZPOSSA-N,CC/C(C)=N/O[Si](C)(O/N=C(\C)CC)O/N=C(\C)CC,301.50,47,CHNOSi,"S, P or Si",,,1,Methyltris(methylethylketoximo)silane,,5207,,Methyltris(methylethylketoximo)silane,22984-54-9,silanes_siloxanes_silicones,,Siloxanes and silanes
785,LVUBESNUUMLEHL-NSHDSACASA-N,CC(C)(C)OC(=O)N[C@@H](CCCCN)C(=O)OC(C)(C)C,302.40,51,CHNO,CHNO,,,1,,yes: the neutral parent's PubChem name by InChIKey,,13783,(S)-tert-Butyl 6-amino-2-((tert-butoxycarbonyl)amino)hexanoate hydrochloride,7750-45-0,,,
786,BNCXNUWGWUZTCN-UHFFFAOYSA-N,CCCCCCCCCCCC[Si](Cl)(Cl)Cl,303.80,41,CHClSi,"S, P or Si",,,1,Dodecyltrichlorosilane,,8738,,Dodecyltrichlorosilane,4484-72-4,silanes_siloxanes_silicones,,Siloxanes and silanes
787,WZHHYIOUKQNLQM-UHFFFAOYSA-N,O=C(O)c1c(Cl)c(Cl)c(Cl)c(Cl)c1C(=O)O,303.90,18,CHOCl,halogen,,thermodynamics_pending,1,Tetrachlorophthalic acid,,11099,,Tetrachlorophthalic acid,632-58-6,,,
788,WGHAPLWNJPAJDE-UHFFFAOYSA-N,O=C(CBr)OCCOC(=O)CBr,303.90,20,CHOBr,halogen,,thermodynamics_pending,1,Ethylene bromoacetate,,8029,,Ethylene bromoacetate,3785-34-0,,,
789,QSJFDOVQWZVUQG-XLPZGREQSA-N,Cc1cn([C@H]2C[C@@H]3OP(=O)(O)OC[C@H]3O2)c(=O)[nH]c1=O,304.20,33,CHNOP,"S, P or Si",,,1,"Cyclic 3',5'-thymidine monophosphate",,11388,,"Cyclic 3',5'-thymidine monophosphate",6453-60-7,,,
790,DBHQYYNDKZDVTN-UHFFFAOYSA-N,Cc1ccc(Sc2ccc(C(=O)c3ccccc3)cc2)cc1,304.40,38,CHOS,"S, P or Si",,,1,4-(4-Methylphenylthio)benzophenone,,14434,,4-(4-Methylphenylthio)benzophenone,83846-85-9,,,
791,FHIVAFMUCKRCQO-UHFFFAOYSA-N,CCOP(=S)(OCC)Oc1cc(C)nc(C(C)C)n1,304.40,40,CHNOSP,"S, P or Si",,,1,Diazinon,,7479,,Diazinon,333-41-5,,,
792,LFNXCUNDYSYVJY-UHFFFAOYSA-N,Cc1cccc(P(c2cccc(C)c2)c2cccc(C)c2)c1,304.40,43,CHP,"S, P or Si",,,1,Tri-m-tolylphosphine,,10917,,Tri-m-tolylphosphine,6224-63-1,organophosphates,,Organophosphates
793,GXDMUOPCQNLBCZ-UHFFFAOYSA-N,CCO[Si](CCCC1CC(=O)OC1=O)(OCC)OCC,304.40,44,CHOSi,"S, P or Si",,,1,"2,5-Furandione, dihydro-3-[3-(triethoxysilyl)propyl]-",,15610,,"2,5-Furandione, dihydro-3-[3-(triethoxysilyl)propyl]-",93642-68-3,silanes_siloxanes_silicones,,Siloxanes and silanes
794,VKQJCUYEEABXNK-UHFFFAOYSA-N,CCCOc1ccc(Cl)c2c(=O)c3ccccc3sc12,304.80,33,CHOClS,"S, P or Si",,,1,1-Chloro-4-propoxy-9H-thioxanthen-9-one,,3058,,1-Chloro-4-propoxy-9H-thioxanthen-9-one,142770-42-1,,,
795,IETWCRRCPURZOC-UHFFFAOYSA-N,CN(C)c1ccc(N=Nc2ccc(S(=O)(=O)O)cc2)cc1,305.40,36,CHNOS,"S, P or Si",,,1,,yes: the neutral parent's PubChem name by InChIKey,,9720,Methyl orange,547-58-0,azodyes,,Azo dyes
796,DIBUFQMCUZYQKN-UHFFFAOYSA-N,CCCCOP(=O)(Oc1ccccc1)Oc1ccccc1,306.30,40,CHOP,"S, P or Si",,,1,Butyl diphenyl phosphate,,16122,,Butyl diphenyl phosphate,2752-95-6,organophosphates,,Organophosphates
797,YRWFRHKQYQHUTP-UHFFFAOYSA-N,CC(C)CCc1ccc(C(=O)O)c(C(=O)O)c1CCC(C)C,306.40,48,CHO,CHNO,,,1,,yes: the neutral parent's PubChem name by InChIKey,,14533,"3,4-Bis(3-methylbutyl)phthalate",84777-06-0,orthophthalates,Phthalates,
798,KXASLJJPAUTMIH-UHFFFAOYSA-N,c1csc(C2=S=C(c3cccs3)c3nsnc32)c1,306.50,24,CHNS,"S, P or Si",,,1,"1,3-Di-2-thienylthieno[3,4-c][1,2,5]thiadiazole-2-SIV",,3355,,"1,3-Di-2-thienylthieno[3,4-c][1,2,5]thiadiazole-2-SIV",150600-72-9,,,
799,LWGLGSPYKZTZBM-UHFFFAOYSA-N,S=C(SSC(=S)c1ccccc1)c1ccccc1,306.50,28,CHS,"S, P or Si",,,1,Diphenyldithioperoxyanhydride,,10277,,Diphenyldithioperoxyanhydride,5873-93-8,,,
800,YAPWCTMDKNJQRU-UHFFFAOYSA-N,CCCCCCCCCCCCOS(=O)OCCCC,306.50,54,CHOS,"S, P or Si",,,1,"Sulfurous acid, butyl dodecyl ester",,15835,,"Sulfurous acid, butyl dodecyl ester",959095-65-9,,,
801,ZYNPYKGTNSXKPI-UHFFFAOYSA-N,FC(F)(Br)C(F)(F)I,306.80,8,CFBrI,halogen,,thermodynamics_pending,1,1-Bromo-2-iodotetrafluoroethane,,8448,,1-Bromo-2-iodotetrafluoroethane,421-70-5,,,
802,WAEYWEAANZCBNC-UHFFFAOYSA-N,C=C(C)C(=O)OCC(O)CN(CC(=O)O)c1ccc(C)cc1,307.30,43,CHNO,CHNO,,,1,,yes: the neutral parent's PubChem name by InChIKey,,2543,"Glycine, N-2-hydroxy-3-(2-methyl-1-oxo-2-propenyl)oxypropyl-N-(4-methylphenyl)-, monosodium salt",133736-31-9,,,
803,FUSNMLFNXJSCDI-UHFFFAOYSA-N,Cc1cccc(N(C)C(=S)Oc2ccc3ccccc3c2)c1,307.40,39,CHNOS,"S, P or Si",,,1,Tolnaftate,,5351,,Tolnaftate,2398-96-1,,,
804,PXMNMQRDXWABCY-UHFFFAOYSA-N,CC(C)(C)C(O)(CCc1ccc(Cl)cc1)Cn1cncn1,307.80,43,CHNOCl,halogen,,thermodynamics_pending,1,Tebuconazole,,824,,Tebuconazole,107534-96-3,,,
805,CXVGEDCSTKKODG-UHFFFAOYSA-N,COc1cc(O)c(C(=O)c2ccccc2)cc1S(=O)(=O)O,308.30,33,CHOS,"S, P or Si",,,2,Sulisobenzone,,8284,11664,Sulisobenzone | Benzophenone-5,4065-45-6;6628-37-1,acetophenones_benzophenones,UV stabilizers;Benzophenones,
806,QCWRDNFBMVSDEY-UHFFFAOYSA-N,CCCCOC(=O)CSCSCC(=O)OCCCC,308.50,43,CHOS,"S, P or Si",,,1,"Acetic acid, 2,2'-[methylenebis(thio)]bis-, dibutyl ester",,3093,,"Acetic acid, 2,2'-[methylenebis(thio)]bis-, dibutyl ester",14338-82-0,,,
807,XNBGHWRYLJOQAU-UHFFFAOYSA-N,Brc1ccc(-c2ccc(-c3ccccc3)cc2)cc1,309.20,32,CHBr,halogen,,thermodynamics_pending,1,4-Bromo-p-terphenyl,,4150,,4-Bromo-p-terphenyl,1762-84-1,,,
808,WSSVPRYHKOFCRD-UHFFFAOYSA-N,CCO[Si](CCCNC(=O)OCCO)(OCC)OCC,309.40,47,CHNOSi,"S, P or Si",,,1,2-hydroxyethyl N-(3-triethoxysilylpropyl)carbamate,,7943,,2-hydroxyethyl N-(3-triethoxysilylpropyl)carbamate,37251-86-8,silanes_siloxanes_silicones,,Siloxanes and silanes
809,IYAYDWLKTPIEDC-UHFFFAOYSA-N,CCO[Si](CCCN(CCO)CCO)(OCC)OCC,309.50,51,CHNOSi,"S, P or Si",,,1,"Ethanol, 2,2'-[[3-(triethoxysilyl)propyl]imino]bis-",,13529,,"Ethanol, 2,2'-[[3-(triethoxysilyl)propyl]imino]bis-",7538-44-5,silanes_siloxanes_silicones,,Siloxanes and silanes
810,CDOMXXVCZQOOMT-UHFFFAOYSA-N,O=P(Oc1ccccc1)(Oc1ccccc1)c1ccccc1,310.30,37,CHOP,"S, P or Si",,,1,Diphenyl phenylphosphonate,,7043,,Diphenyl phenylphosphonate,3049-24-9,organophosphates,,Organophosphates
811,HVLLSGMXQDNUAL-UHFFFAOYSA-N,c1ccc(OP(Oc2ccccc2)Oc2ccccc2)cc1,310.30,37,CHOP,"S, P or Si",,,1,Triphenyl phosphite,,152,,Triphenyl phosphite,101-02-0,organophosphates,Antioxidants,Organophosphates
812,YLDBBIBJAUAZLM-UHFFFAOYSA-N,O=S(=O)(O)SCCCCCCSS(=O)(=O)O,310.40,30,CHOS,"S, P or Si",,,1,,yes: the neutral parent's PubChem name by InChIKey,,10082,Duralink HTS,5719-73-3,,,
813,NNARPPSIYMCXMB-UHFFFAOYSA-N,CC(C)COC(=O)CC(C(=O)OCC(C)C)S(=O)(=O)O,310.40,42,CHOS,"S, P or Si",,,1,,yes: the neutral parent's PubChem name by InChIKey,,2104,"Sodium 1,4-diisobutyl sulfosuccinate",127-39-9,,,
814,UVIFJLAXCAKUFR-UHFFFAOYSA-N,CCCCCCCCCCCCCCOC(=O)C(F)(F)F,310.40,50,CHOF,halogen,,thermodynamics_pending,1,Tetradecyl trifluoroacetate,,10906,,Tetradecyl trifluoroacetate,6222-02-2,PFASs,,PFAS
815,QTDIEDOANJISNP-UHFFFAOYSA-N,CCCCCCCCCCCCOCCOS(=O)(=O)O,310.50,50,CHOS,"S, P or Si",,,1,,yes: the neutral parent's PubChem name by InChIKey,,7382,Ammonium lauryl ether sulfate,32612-48-9,,,
816,RGMZNZABJYWAEC-UHFFFAOYSA-N,C[Si](C)(C)O[Si](C)(O[Si](C)(C)C)O[Si](C)(C)C,310.70,47,CHOSi,"S, P or Si",,,1,Methyltris(trimethylsiloxy)silane,,4206,,Methyltris(trimethylsiloxy)silane,17928-28-8,silanes_siloxanes_silicones,,Siloxanes and silanes
817,YFCGDEUVHLPRCZ-UHFFFAOYSA-N,C[Si](C)(C)O[Si](C)(C)O[Si](C)(C)O[Si](C)(C)C,310.70,47,CHOSi,"S, P or Si",,,1,Decamethyltetrasiloxane,,2983,,Decamethyltetrasiloxane,141-62-8,silanes_siloxanes_silicones,,Siloxanes and silanes
818,LZZUEDTUAJZZBG-UHFFFAOYSA-N,CCCCCCCCCCCOC(=O)c1ccccc1Cl,310.90,48,CHOCl,halogen,,thermodynamics_pending,1,Undecyl 2-chlorobenzoate,,15945,,Undecyl 2-chlorobenzoate,97221-96-0,,,
819,ZZVJFOILOLRPMZ-CCEZHUSRSA-N,C/C(=C\C(SC(=O)N(C)C)c1ccccc1)c1ccccc1,311.40,43,CHNOS,"S, P or Si",,,1,"Thiocarbamic acid, N,N-dimethyl, S-1,3-diphenyl-2-butenyl ester",,16618,,"Thiocarbamic acid, N,N-dimethyl, S-1,3-diphenyl-2-butenyl ester",,,,
820,LRYJACVYKNBVNI-UHFFFAOYSA-N,CCCCCCCCCCCCCC[Si](C)(Cl)Cl,311.40,50,CHClSi,"S, P or Si",,,1,Dichloromethyltetradecylsilane,,10328,,Dichloromethyltetradecylsilane,59086-80-5,silanes_siloxanes_silicones,,Siloxanes and silanes
821,LRDRGASHPNRJHP-UHFFFAOYSA-N,CO[Si](CCCNCCNCc1ccccc1)(OC)OC,312.50,49,CHNOSi,"S, P or Si",,,1,,yes: the neutral parent's PubChem name by InChIKey,,8533,"1,2-Ethanediamine, N-(phenylmethyl)-N'-(3-(trimethoxysilyl)propyl)-, monohydrochloride",42965-91-3,silanes_siloxanes_silicones,,Siloxanes and silanes
822,UCDCOJNNUVYFKJ-UHFFFAOYSA-N,CCCCCCCCCCCc1ccc(S(=O)(=O)O)cc1,312.50,49,CHOS,"S, P or Si",,,1,4-Undecylbenzenesulfonic acid,,8147,,4-Undecylbenzenesulfonic acid,39156-49-5,,,
823,AMFGTOFWMRQMEM-UHFFFAOYSA-N,CCOP(=S)(OCC)Oc1ncn(-c2ccccc2)n1,313.30,36,CHNOSP,"S, P or Si",,,1,Triazophos,,5358,,Triazophos,24017-47-8,organophosphates,,Organophosphates
824,XSZDNTVATBCEKL-UHFFFAOYSA-N,C#CCC1(OC(=O)CC)CCN(CCc2ccccc2)CC1C,313.40,50,CHNO,CHNO,,,1,,yes: the neutral parent's PubChem name by InChIKey,,3934,3-Methyl-1-(2-phenylethyl)-4-(2-propyn-1-yl)-4-piperidinol-4-propanoate hydrochloride,16833-83-3,,,
825,WXWYJCSIHQKADM-UHFFFAOYSA-N,C=C[Si](ON=C(C)CC)(ON=C(C)CC)ON=C(C)CC,313.50,48,CHNOSi,"S, P or Si",,,1,"2-Butanone, O,O',O''-(ethenylsilylidyne)trioxime",,5092,,"2-Butanone, O,O',O''-(ethenylsilylidyne)trioxime",2224-33-1,silanes_siloxanes_silicones,,Siloxanes and silanes
826,DJQMSULGPPSGHC-UHFFFAOYSA-N,COS(=O)(=O)C(F)(F)C(F)(F)C(F)(F)C(F)(F)F,314.10,21,CHOFS,"S, P or Si",,,1,Methyl nonafluorobutanesulfonate,,11250,,Methyl nonafluorobutanesulfonate,6401-03-2,PFASs,,PFAS
827,MEGRBGJPKQYVFY-UHFFFAOYSA-N,C#C[Si](C)(C#C[Si](C)(C#C)c1ccccc1)c1ccccc1,314.50,40,CHSi,"S, P or Si",,,1,"Silane, 1,2-ethynediylbis[ethynylmethylphenyl-",,2038,,"Silane, 1,2-ethynediylbis[ethynylmethylphenyl-",125499-28-7,silanes_siloxanes_silicones,,Siloxanes and silanes
828,OUCCVXVYGFBXSV-UHFFFAOYSA-N,COP(=S)(OC)SCSc1ccc(Cl)cc1,314.80,28,CHOClSP,"S, P or Si",,,1,Methyl trithion,,15793,,Methyl trithion,953-17-3,,,
829,ZMDDERVSCYEKPQ-UHFFFAOYSA-N,CCOP(=O)(C(=O)c1c(C)cc(C)cc1C)c1ccccc1,316.30,43,CHOP,"S, P or Si",,,1,"Ethyl phenyl(2,4,6-trimethylbenzoyl)phosphinate",,14499,,"Ethyl phenyl(2,4,6-trimethylbenzoyl)phosphinate",84434-11-7,organophosphates,,Organophosphates
830,DKKGXIJGZVZJRU-UHFFFAOYSA-N,CC1(Sc2ccccc2)CC1(c1ccccc1)c1ccccc1,316.50,43,CHS,"S, P or Si",,,1,"Benzene, 1,1'-[2-methyl-2-(phenylthio)cyclopropylidene]bis-",,10009,,"Benzene, 1,1'-[2-methyl-2-(phenylthio)cyclopropylidene]bis-",56728-02-0,,,
831,URUIKGRSOJEVQG-UHFFFAOYSA-N,CCCCCCCCCCCCSC(=S)SCC#N,317.60,46,CHNS,"S, P or Si",,,1,Cyanomethyl dodecyl carbonotrithioate,,14075,,Cyanomethyl dodecyl carbonotrithioate,796045-97-1,,,
832,ZDYJWDIWLRZXDB-UHFFFAOYSA-N,ClC(Cl)=C(c1ccc(Cl)cc1)c1ccccc1Cl,318.00,26,CHCl,halogen,,thermodynamics_pending,1,"O,P'-Dde",,7596,,"O,P'-Dde",3424-82-6,DDT_DDE_DDD,,
833,UGFSLKRMHPGLFU-UHFFFAOYSA-N,c1ccc2oc(-c3ccc(-c4nc5ccccc5o4)s3)nc2c1,318.40,33,CHNOS,"S, P or Si",,,1,"2,2'-Thiophene-2,5-diylbis(benzoxazole)",,6722,,"2,2'-Thiophene-2,5-diylbis(benzoxazole)",2866-43-5,,,
834,RIUSNQJIDQVTEH-UHFFFAOYSA-N,O=S(=O)(c1ccc2ccccc2c1)c1ccc2ccccc2c1,318.40,37,CHOS,"S, P or Si",,,1,Binaphthyl sulfone,,7352,,Binaphthyl sulfone,32390-26-4,,,
835,FODHIQQNHOPUKH-UHFFFAOYSA-N,CC1Cc2c3c(c4c(c2S(=O)(=O)O1)C1(CC1C)C4C)CC3C,318.40,44,CHOS,"S, P or Si",,,1,Tetrapropylenebenzenesulfonic acid,,1047,,Tetrapropylenebenzenesulfonic acid,11067-81-5,,,
836,NJVKVRKBXAKSKG-UHFFFAOYSA-N,CCN(CC)c1ccc(N=Nc2ncc([N+](=O)[O-])s2)c(C)c1,319.40,39,CHNOS,"S, P or Si",,,1,"Benzenamine, N,N-diethyl-3-methyl-4-((5-nitro-2-thiazolyl)azo)-",,12801,,"Benzenamine, N,N-diethyl-3-methyl-4-((5-nitro-2-thiazolyl)azo)-",70693-64-0,,,
837,XAMUDJHXFNRLCY-UHFFFAOYSA-N,CCOC(=O)C(SP(=S)(OC)OC)c1ccccc1,320.40,36,CHOSP,"S, P or Si",,,1,Phenthoate,,6057,,Phenthoate,2597-03-7,,,
838,DLRGPYQGIHQZBY-UHFFFAOYSA-N,CCCCc1ccc2c(S(=O)(=O)O)cc(CCCC)cc2c1,320.50,46,CHOS,"S, P or Si",,,1,,yes: the neutral parent's PubChem name by InChIKey,,5874,Dibutylnaphthalenesulfonic acid sodium salt,25417-20-3,,,
839,IGJMFVAPVPONIA-UHFFFAOYSA-N,CCCCCCCCCCCCOS(=O)OCCCCC,320.50,57,CHOS,"S, P or Si",,,1,"Sulfurous acid, dodecyl pentyl ester",,17194,,"Sulfurous acid, dodecyl pentyl ester",,,,
840,KNBRWWCHBRQLNY-UHFFFAOYSA-N,S=C(SSC(=S)N1CCCCC1)N1CCCCC1,320.60,38,CHNS,"S, P or Si",,,1,Dipentamethylenethiuram disulfide,,15661,,Dipentamethylenethiuram disulfide,94-37-1,,,
841,QWMIDMZXGPGOFX-UHFFFAOYSA-N,CCCCCCCCCc1ccc(O)c(CN(C)CC(=O)O)c1,321.50,54,CHNO,CHNO,,,1,,yes: the neutral parent's PubChem name by InChIKey,,10036,"Glycine, N-[(2-hydroxy-5-nonylphenyl)methyl]-N-methyl-, monosodium salt",56968-08-2,,,
842,NXBXJOWBDCQIHF-UHFFFAOYSA-N,C=C(C)C(=O)OCCOP(=O)(O)OCCOC(=O)C(=C)C,322.30,40,CHOP,"S, P or Si",,,1,Bis(methacryloyloxyethyl) hydrogen phosphate,,7356,,Bis(methacryloyloxyethyl) hydrogen phosphate,32435-46-4,organophosphates,,Organophosphates
843,SEGLCEQVOFDUPX-UHFFFAOYSA-N,CCCCC(CC)COP(=O)(O)OCC(CC)CCCC,322.40,56,CHOP,"S, P or Si",,,1,Bis(2-ethylhexyl) hydrogen phosphate,,6913,,Bis(2-ethylhexyl) hydrogen phosphate,298-07-7,organophosphates,,Organophosphates
844,YPFIYMHYZDIPAR-UHFFFAOYSA-N,CCCCCCCCC(CCCCCC)COP(=O)(O)O,322.40,56,CHOP,"S, P or Si",,,1,,yes: the neutral parent's PubChem name by InChIKey,,8175,"1-Decanol, 2-hexyl-, phosphate, potassium salt",39373-89-2,organophosphates,,Organophosphates
845,HRBKVYFZANMGRE-UHFFFAOYSA-N,COP(=S)(OC)Oc1nc(Cl)c(Cl)cc1Cl,322.50,23,CHNOClSP,"S, P or Si",,,1,Chlorpyrifos-methyl,,9904,,Chlorpyrifos-methyl,5598-13-0,,,
846,WCAGGTLUGWSHOV-UHFFFAOYSA-N,C=C[Si](OOC(C)(C)C)(OOC(C)(C)C)OOC(C)(C)C,322.50,51,CHOSi,"S, P or Si",,,1,Vinyltris(tert-butylperoxy)silane,,3388,,Vinyltris(tert-butylperoxy)silane,15188-09-7,silanes_siloxanes_silicones,,Siloxanes and silanes
847,XSUJDDNOLKLDLF-UHFFFAOYSA-N,C=C[Si](OCCCOC)(OCCCOC)OCCCOC,322.50,51,CHOSi,"S, P or Si",,,1,Vinyltris(methoxypropoxy)silane,,7024,,Vinyltris(methoxypropoxy)silane,303746-21-6,silanes_siloxanes_silicones,,Siloxanes and silanes
848,CHEFFAKKAFRMHG-UHFFFAOYSA-N,C=C[Si](O[Si](C)(C)C)(O[Si](C)(C)C)O[Si](C)(C)C,322.70,48,CHOSi,"S, P or Si",,,1,"1,1,1,5,5,5-Hexamethyl-3-((trimethylsilyl)oxy)-3-vinyltrisiloxane",,9541,,"1,1,1,5,5,5-Hexamethyl-3-((trimethylsilyl)oxy)-3-vinyltrisiloxane",5356-84-3,silanes_siloxanes_silicones,,Siloxanes and silanes
849,RARISXVTNHIYRS-UHFFFAOYSA-N,[N-]=[N+]=NS(=O)(=O)c1ccccc1S(=O)(=O)c1ccccc1,323.40,30,CHNOS,"S, P or Si",,,1,,yes: the neutral parent's PubChem name by InChIKey,,13383,"2-(Benzenesulfonyl)benzene-1-sulfonyl azide--3,3'-oxybis(triaza-1,2-dien-2-ium-1-ide) (1/1)",7456-68-0,,,
850,HRWDIJMZQCVJJT-UHFFFAOYSA-N,Cc1cccc(S(=O)(=O)O)c1N=Nc1c(N)nc(N)[nH]c1=O,324.30,34,CHNOS,"S, P or Si",,,1,"2-[(2Z)-2-(2,6-Diamino-4-oxo-5(4H)-pyrimidinylidene)hydrazino]-3-methylbenzenesulfonic acid",,2514,,"2-[(2Z)-2-(2,6-Diamino-4-oxo-5(4H)-pyrimidinylidene)hydrazino]-3-methylbenzenesulfonic acid",1333483-07-0,,,
851,KMRIWYPVRWEWRG-UHFFFAOYSA-N,O=P1(c2cc(O)ccc2O)Oc2ccccc2-c2ccccc21,324.30,36,CHOP,"S, P or Si",,,1,"6-(2,5-Dihydroxyphenyl)-6H-dibenzo[c,e][1,2]oxaphosphinine 6-oxide",,16068,,"6-(2,5-Dihydroxyphenyl)-6H-dibenzo[c,e][1,2]oxaphosphinine 6-oxide",99208-50-1,organophosphates,,Organophosphates
852,DKXNMYFLQWZCGD-UHFFFAOYSA-N,O=S(=O)(Cc1ccccc1)CS(=O)(=O)Cc1ccccc1,324.40,37,CHOS,"S, P or Si",,,1,((((Benzylsulfonyl)methyl)sulfonyl)methyl)benzene,,11121,,((((Benzylsulfonyl)methyl)sulfonyl)methyl)benzene,6331-52-8,,,
853,LOUPRKONTZGTKE-UHFFFAOYSA-N,C=CC1CN2CCC1CC2C(O)c1ccnc2ccc(OC)cc12,324.40,48,CHNO,CHNO,,,1,,yes: the neutral parent's PubChem name by InChIKey,,13622,"Cinchonan-9-ol, 6'-methoxy-, (8alpha,9R)-, (hydrogen triiodide) sulfate (4:2:3)",7631-46-1,,,
854,XZZNDPSIHUTMOC-UHFFFAOYSA-N,O=P(Oc1ccccc1)(Oc1ccccc1)Oc1ccccc1,326.30,38,CHOP,"S, P or Si",,,1,Triphenyl phosphate,,1368,,Triphenyl phosphate,115-86-6,organophosphates,,Organophosphates
855,WIDHRBRBACOVOY-UHFFFAOYSA-N,Clc1ccc(-c2ccc(Cl)c(Cl)c2Cl)cc1Cl,326.40,22,CHCl,halogen,,thermodynamics_pending,1,"2,3,3',4,4'-Pentachlorobiphenyl",,7381,,"2,3,3',4,4'-Pentachlorobiphenyl",32598-14-4,PCBs;dioxins,,
856,NNEICSQGOKPCLO-UHFFFAOYSA-N,Cc1c(CO[Si](C)(C)C(C)(C)C)cc([N+](=O)[O-])cc1[N+](=O)[O-],326.40,44,CHNOSi,"S, P or Si",,,1,"2-Methyl-3,5-dinitrobenzyl alcohol, tert-butyldimethylsilyl ether",,17430,,"2-Methyl-3,5-dinitrobenzyl alcohol, tert-butyldimethylsilyl ether",,,,
857,KWXICGTUELOLSQ-UHFFFAOYSA-N,CCCCCCCCCCCCc1ccc(S(=O)(=O)O)cc1,326.50,52,CHOS,"S, P or Si",,,1,4-Dodecylbenzenesulfonic acid,,1725,,4-Dodecylbenzenesulfonic acid,121-65-3,,,
858,WBIQQQGBSDOWNP-UHFFFAOYSA-N,CCCCCCCCCCCCc1ccccc1S(=O)(=O)O,326.50,52,CHOS,"S, P or Si",,,3,2-Dodecylbenzenesulfonic acid,,6439,6443;16232,2-Dodecylbenzenesulfonic acid | Potassium dodecylbenzenesulfonate | Sodium o-dodecylbenzenesulfonate,25155-30-0;27176-87-0;27177-77-1,,,
859,GTRSAMFYSUBAGN-UHFFFAOYSA-N,CC(Cl)COP(=O)(OCC(C)Cl)OCC(C)Cl,327.60,35,CHOClP,"S, P or Si",,,1,Tris(2-chloropropyl) phosphate,,10653,,Tris(2-chloropropyl) phosphate,6145-73-9,organophosphates,,Organophosphates
860,KVMPUXDNESXNOH-UHFFFAOYSA-N,CC(CCl)OP(=O)(OC(C)CCl)OC(C)CCl,327.60,35,CHOClP,"S, P or Si",,,1,Tris(1-chloro-2-propyl) phosphate,,2742,,Tris(1-chloro-2-propyl) phosphate,13674-84-5,organophosphates,,Organophosphates
861,LURCDQJWIBOOGP-UHFFFAOYSA-N,CC(CCl)OP(=O)(OCCCCl)OCCCCl,327.60,35,CHOClP,"S, P or Si",,,1,1-Chloropropan-2-yl bis(3-chloropropyl) phosphate,,2808,,1-Chloropropan-2-yl bis(3-chloropropyl) phosphate,137888-35-8,organophosphates,,Organophosphates
862,NISNGFDWZYZNPT-UHFFFAOYSA-N,CC(Cl)COP(=O)(OC(C)CCl)OC(C)CCl,327.60,35,CHOClP,"S, P or Si",,,1,Bis(2-chloro-1-methylethyl) 2-chloropropyl phosphate,,13601,,Bis(2-chloro-1-methylethyl) 2-chloropropyl phosphate,76025-08-6,organophosphates,,Organophosphates
863,WOURXYYHORRGQO-UHFFFAOYSA-N,O=P(OCCCCl)(OCCCCl)OCCCCl,327.60,35,CHOClP,"S, P or Si",,,2,Tris(3-chloropropyl) phosphate,,733;6155,,Tris(3-chloropropyl) phosphate | Tris(3-chloropropyl) phosphate,1067-98-7;26248-87-3,organophosphates,,Organophosphates
864,XLTMWFMRJZDFFD-UHFFFAOYSA-N,O=[N+]([O-])c1ccc(N=Nc2c(O)ccc3ccccc23)c(Cl)c1,327.70,33,CHNOCl,halogen,,thermodynamics_pending,1,1-((2-Chloro-4-nitrophenyl)azo)-2-naphthol,,6635,,1-((2-Chloro-4-nitrophenyl)azo)-2-naphthol,2814-77-9,,,
865,TXGIGTRUEITPSC-UHFFFAOYSA-N,O=S(=O)(O)CCC(F)(F)C(F)(F)C(F)(F)C(F)(F)F,328.20,24,CHOFS,"S, P or Si",,,1,,yes: the neutral parent's PubChem name by InChIKey,,8378,"3,3,4,4,5,5,6,6,6-Nonafluorohexane-1-sulfonate",414911-30-1,PFASs,,PFAS
866,PURJGKXXWJKIQR-UHFFFAOYSA-N,O=S(=O)(O)c1ccc(N=Nc2ccc(O)c3ccccc23)cc1,328.30,35,CHNOS,"S, P or Si",,,1,,yes: the neutral parent's PubChem name by InChIKey,,9345,Orange I,523-44-4,,,
867,RDUJRVXKAIVTDH-UHFFFAOYSA-N,O=S(=O)(O)c1ccc(N=Nc2c(O)ccc3ccccc23)cc1,328.30,35,CHNOS,"S, P or Si",,,1,,yes: the neutral parent's PubChem name by InChIKey,,11119,Acid orange 7,633-96-5,azodyes,,Azo dyes
868,YLYUAJJICVNRHL-UHFFFAOYSA-N,CC(C)CP1(=O)C(O)C(O)P(=O)(CC(C)C)C(O)C1O,328.30,46,CHOP,"S, P or Si",,,1,"1,4-Diisobutyl-2,3,5,6-tetrahydroxy-1,4-dioxo-1,4-diphosphorinane",,2018,,"1,4-Diisobutyl-2,3,5,6-tetrahydroxy-1,4-dioxo-1,4-diphosphorinane",124788-09-6,organophosphates,,Organophosphates
869,YXGYUUQULAOVTE-UHFFFAOYSA-N,S=C(Nc1ccc2ccccc2c1)Nc1ccc2ccccc2c1,328.40,40,CHNS,"S, P or Si",,,1,"1,3-Dinaphthalen-2-ylthiourea",,1407,,"1,3-Dinaphthalen-2-ylthiourea",1166-32-1,,,
870,JSECNWXDEZOMPD-UHFFFAOYSA-N,COCCO[Si](OCCOC)(OCCOC)OCCOC,328.40,49,CHOSi,"S, P or Si",,,1,Tetrakis(2-methoxyethoxy)silane,,4971,,Tetrakis(2-methoxyethoxy)silane,2157-45-1,silanes_siloxanes_silicones,,Siloxanes and silanes
871,OCWGCAWTLDBYEV-UHFFFAOYSA-N,CCOc1c(Cl)ncnc1NS(=O)(=O)c1ccc(N)cc1,328.80,34,CHNOClS,"S, P or Si",,,1,4-Amino-N-(6-chloro-5-ethoxy-4-pyrimidinyl)benzenesulfonamide,,10471,,4-Amino-N-(6-chloro-5-ethoxy-4-pyrimidinyl)benzenesulfonamide,6003-28-7,,,
872,MUFPRITXEIBEMS-UHFFFAOYSA-N,CC1=CC(=C(c2ccc(N)c(C)c2)c2ccc(N)c(C)c2)C=CC1=N,329.40,48,CHN,CHNO,,,1,,yes: the neutral parent's PubChem name by InChIKey,,7364,Basic violet 2,3248-91-7,,,
873,UPZKDDJKJWYWHQ-UHFFFAOYSA-N,N=c1ccc2c(-c3ccccc3C(=O)O)c3ccc(N)cc3oc-2c1,330.30,39,CHNO,CHNO,,,1,,yes: the neutral parent's PubChem name by InChIKey,,2700,2-(6-Amino-3-imino-3H-xanthen-9-yl)benzoic acid hydrochloride,13558-31-1,,,
874,KERJVHXRZDUVKQ-UHFFFAOYSA-N,CC(C)(C)c1ccc(O)c(Sc2cc(C(C)(C)C)ccc2O)c1,330.50,49,CHOS,"S, P or Si",,,1,Di(2-hydroxy-5-tert-butylphenyl) sulfide,,7404,,Di(2-hydroxy-5-tert-butylphenyl) sulfide,3273-24-3,,,
875,XPUSKKJATQFMBF-UHFFFAOYSA-N,Oc1cc(Br)c(Br)cc1Br,330.80,13,CHOBr,halogen,,thermodynamics_pending,1,"Phenol, 2,4,5-tribromo-",,3120,,"Phenol, 2,4,5-tribromo-",14401-61-7,,,
876,PTUAFEVULPLJPF-UHFFFAOYSA-N,CCO[Si](C)(CCCOC1CC(C)(C)NC(C)(C)C1)OCC,331.60,59,CHNOSi,"S, P or Si",,,1,"4-[3-(Diethoxymethylsilyl)propoxy]-2,2,6,6-tetramethylpiperidine",,311,,"4-[3-(Diethoxymethylsilyl)propoxy]-2,2,6,6-tetramethylpiperidine",102089-33-8,silanes_siloxanes_silicones,UV stabilizers,Siloxanes and silanes
877,XUKQTRYCLLDCIG-UHFFFAOYSA-N,O=C(O)CC(C(=O)O)P1(=O)Oc2ccccc2-c2ccccc21,332.20,36,CHOP,"S, P or Si",,,1,"2-(6-Oxido-6H-dibenz[c,e][1,2]oxaphosphorin-6-yl)butanedioic acid",,11156,,"2-(6-Oxido-6H-dibenz[c,e][1,2]oxaphosphorin-6-yl)butanedioic acid",63562-39-0,organophosphates,,Organophosphates
878,NGAYFLKUCNJGAU-UPHRSURJSA-N,O=C(/C=C\C(=O)OCCS(=O)(=O)O)OCCS(=O)(=O)O,332.30,32,CHOS,"S, P or Si",,,1,,yes: the neutral parent's PubChem name by InChIKey,,9258,Disodium maleoyl diisethionate,51678-73-0,,,
879,UJJIPRCLIYLSHI-UHFFFAOYSA-N,Nc1ccc(-c2ccc(N)c(OCC(=O)O)c2)cc1OCC(=O)O,332.30,40,CHNO,CHNO,,,1,,yes: the neutral parent's PubChem name by InChIKey,,13255,"Dipotassium O,O'-(4,4'-diaminobiphenyl-3,3'-ylene)diglycollate",74220-10-3,,,
880,MLOKHANBEXWBKS-UHFFFAOYSA-N,C=C(C)C(=O)OCCC[Si](OC(C)=O)(OC(C)=O)OC(C)=O,332.40,42,CHOSi,"S, P or Si",,,1,3-(Tris(acetoxy)silyl)propyl methacrylate,,9268,,3-(Tris(acetoxy)silyl)propyl methacrylate,51772-85-1,silanes_siloxanes_silicones,,Siloxanes and silanes
881,AFZSMODLJJCVPP-UHFFFAOYSA-N,c1ccc2sc(SSc3nc4ccccc4s3)nc2c1,332.50,28,CHNS,"S, P or Si",,,1,"2,2'-Dithiobisbenzothiazole",,1582,,"2,2'-Dithiobisbenzothiazole",120-78-5,benzothiazole,,Benzothiazoles
882,JEVCLNJEBFWVPD-UHFFFAOYSA-N,CNC(=O)c1ccccc1SSc1ccccc1C(=O)NC,332.50,38,CHNOS,"S, P or Si",,,1,"Benzamide, 2,2'-dithiobis[n-methyl-",,5834,,"Benzamide, 2,2'-dithiobis[n-methyl-",2527-58-4,,,
883,MVULGCSHGFLUBH-UHFFFAOYSA-N,O=S(CC1C(c2ccccc2)C1c1ccccc1)c1ccccc1,332.50,44,CHOS,"S, P or Si",,,1,"(2,3-Diphenylcyclopropyl)methyl phenyl sulfoxide",,2369,,"(2,3-Diphenylcyclopropyl)methyl phenyl sulfoxide",131758-71-9,,,
884,GYVKLDBUSXDBPV-ZCXUNETKSA-N,CCCCCCCCCCCCCCCC/C=C\S(=O)(=O)O,332.50,58,CHOS,"S, P or Si",,,1,,yes: the neutral parent's PubChem name by InChIKey,,8856,Sodium 1-octadecene-1-sulphonate,4692-52-8,,,
885,YGUFXEJWPRRAEK-UHFFFAOYSA-N,CCCCCCCCCCCC[Si](OCC)(OCC)OCC,332.60,62,CHOSi,"S, P or Si",,,1,Dodecyltriethoxysilane,,4351,,Dodecyltriethoxysilane,18536-91-9,silanes_siloxanes_silicones,,Siloxanes and silanes
886,WURGXGVFSMYFCG-UHFFFAOYSA-N,CN(C)S(=O)(=O)N(SC(F)(Cl)Cl)c1ccccc1,333.20,29,CHNOFClS,"S, P or Si",,,1,Dichlofluanid,,912,,Dichlofluanid,1085-98-9,,,
887,ZZCGIOXIFVEBPK-UHFFFAOYSA-N,O=C(OCCO)c1cc(C(=O)OCCO)cc(S(=O)(=O)O)c1,334.30,36,CHOS,"S, P or Si",,,1,,yes: the neutral parent's PubChem name by InChIKey,,3342,Lithium bis(2-hydroxyethyl) 5-sulfoisophthalate,150099-94-8,,,
888,HLISQZROVKYKGC-UHFFFAOYSA-N,CC(C)c1cc2cc(C(C)C)c(S(=O)(=O)O)cc2cc1C(C)C,334.50,49,CHOS,"S, P or Si",,,1,,yes: the neutral parent's PubChem name by InChIKey,,2421,Sodium triisopropylnaphthalenesulfonate,1323-19-9,,,
889,BASIKHNNFOJBOF-UHFFFAOYSA-N,CCCCCCCCCCCCCCCOS(=O)OC(C)C,334.60,60,CHOS,"S, P or Si",,,1,"Sulfurous acid, pentadecyl 2-propyl ester",,17195,,"Sulfurous acid, pentadecyl 2-propyl ester",,,,
890,CACRRXGTWZXOAU-UHFFFAOYSA-N,CCCCCCCCCCCCCCCCCCS(=O)(=O)O,334.60,60,CHOS,"S, P or Si",,,1,,yes: the neutral parent's PubChem name by InChIKey,,2863,"1-Octadecanesulfonic acid, sodium salt",13893-34-0,,,
891,VOHWBXINGUVCCT-UHFFFAOYSA-N,CCCCCCCCCCOS(=O)OCC(CC)CCCC,334.60,60,CHOS,"S, P or Si",,,1,"Sulfurous acid, decyl 2-ethylhexyl ester",,17399,,"Sulfurous acid, decyl 2-ethylhexyl ester",,,,
892,ZSDSQXJSNMTJDA-UHFFFAOYSA-N,CCCN(CCC)c1c([N+](=O)[O-])cc(C(F)(F)F)cc1[N+](=O)[O-],335.30,39,CHNOF,halogen,,thermodynamics_pending,1,Trifluralin,,3601,,Trifluralin,1582-09-8,PFASs,,PFAS
893,UIHYHADQHHUIOF-UHFFFAOYSA-N,CCN(CCO)c1ccc(N=Nc2ncc([N+](=O)[O-])s2)c(C)c1,335.40,40,CHNOS,"S, P or Si",,,2,Disperse Blue 106,,1820;12280,,Disperse Blue 106 | Disperse Blue 106,12223-01-7;68516-81-4,,,
894,VZTHUHAJEZPWNC-UHFFFAOYSA-N,NS(=O)(=O)c1ccc(N2CCC(c3ccc(Cl)cc3)=N2)cc1,335.80,36,CHNOClS,"S, P or Si",,,1,Fluorescent brightener 121,,6504,,Fluorescent brightener 121,2744-49-2,,,
895,ZFVMWEVVKGLCIJ-UHFFFAOYSA-N,Oc1ccc(C(c2ccc(O)cc2)(C(F)(F)F)C(F)(F)F)cc1,336.20,33,CHOF,halogen,,thermodynamics_pending,2,Bisphenol AF,,3251,5713,"Bisphenol AF | Dipotassium 4,4'-(hexafluoroisopropylidene)bisphenoxide",1478-61-1;25088-69-1,PFASs;bisphenols;phenolic_antioxidants,Bisphenols,PFAS
896,NVNWZZLOQBHTCW-UHFFFAOYSA-N,O=c1c2ccccc2c2ccc3sc4ccccc4c4ccc1c2c34,336.40,37,CHOS,"S, P or Si",,,1,"14h-Anthra[2,1,9-mna]thioxanthen-14-one",,3791,,"14h-Anthra[2,1,9-mna]thioxanthen-14-one",16294-75-0,,,
897,DHRMIZQRCVSJKS-UHFFFAOYSA-N,CC(C)(C)c1cc(CCCSCC2CO2)cc(C(C)(C)C)c1O,336.50,55,CHOS,"S, P or Si",,,1,"2,6-Di-t-butyl-4-[3-(2,3-epoxypropylthio)propyl]phenol",,17167,,"2,6-Di-t-butyl-4-[3-(2,3-epoxypropylthio)propyl]phenol",,,Antioxidants,
898,KGIBGHABTNQVJX-UHFFFAOYSA-N,CCCCCCCCCCCCCCCCCOS(=O)(=O)O,336.50,58,CHOS,"S, P or Si",,,1,,yes: the neutral parent's PubChem name by InChIKey,,10337,Sodium heptadecyl sulfate,5910-79-2,,,
899,SNZMGUPMUOWIDP-LUAWRHEFSA-N,CNC(=O)/C(C#N)=C1\N=C(c2c(O)[nH]c(=O)[nH]c2=O)c2ccccc21,337.30,36,CHNO,CHNO,,failed,1,"2-Cyano-2-[2,3-dihydro-3-(tetrahydro-2,4,6-trioxo-5(2H)-pyrimidinylidene)-1H-isoindol-1-ylidene]-N-methylacetamide",,13610,,"2-Cyano-2-[2,3-dihydro-3-(tetrahydro-2,4,6-trioxo-5(2H)-pyrimidinylidene)-1H-isoindol-1-ylidene]-N-methylacetamide",76199-85-4,,,
900,HDNXAGOHLKHJOA-UHFFFAOYSA-N,C[Si](NC1CCCCC1)(NC1CCCCC1)NC1CCCCC1,337.60,62,CHNSi,"S, P or Si",,,1,"N,N',N''-Tricyclohexyl-1-methylsilanetriamine",,3628,,"N,N',N''-Tricyclohexyl-1-methylsilanetriamine",15901-40-3,silanes_siloxanes_silicones,,Siloxanes and silanes
901,KEZPMZSDLBJCHH-UHFFFAOYSA-N,Cc1ccc(S(=O)(=O)Nc2ccc(Nc3ccccc3)cc2)cc1,338.40,42,CHNOS,"S, P or Si",,,1,"Benzenesulfonamide, 4-methyl-N-[4-(phenylamino)phenyl]-",,29,,"Benzenesulfonamide, 4-methyl-N-[4-(phenylamino)phenyl]-",100-93-6,,Antioxidants,
902,CBCQTCPKFYFJEU-UHFFFAOYSA-N,CCCCCOC(=O)CC(C(=O)OCCCCC)S(=O)(=O)O,338.40,48,CHOS,"S, P or Si",,,1,,yes: the neutral parent's PubChem name by InChIKey,,15492,"Butanedioic acid, sulfo-, 1,4-dipentyl ester, sodium salt",922-80-5,,,
903,ICRFXIKCXYDMJD-UHFFFAOYSA-N,C=CN(CCNCCC[Si](OC)(OC)OC)Cc1ccccc1,338.50,53,CHNOSi,"S, P or Si",,,1,,yes: the neutral parent's PubChem name by InChIKey,,13510,3-((2-(N-Vinylbenzylamino)ethyl)amino)propyltrimethoxysilane hydrochloride,75088-62-9,silanes_siloxanes_silicones,,Siloxanes and silanes
904,CJAXBZSIMAURNW-UHFFFAOYSA-N,O=C(O)C(F)(F)OC1(F)OC(F)(F)OC1(F)OC(F)(F)F,340.00,22,CHOF,halogen,,,1,,yes: the neutral parent's PubChem name by InChIKey,,1521,"Acetic acid, 2,2-difluoro-2-((2,2,4,5-tetrafluoro-5-(trifluoromethoxy)-1,3-dioxolan-4-yl)oxy)-, ammonium salt (1:1)",1190931-27-1,PFASs,,PFAS
905,OJUZRFGUKHQNJX-UHFFFAOYSA-N,Cc1ccc(OP(=O)(Oc2ccccc2)Oc2ccccc2)cc1,340.30,41,CHOP,"S, P or Si",,,1,Diphenyl p-tolyl phosphate,,13956,,Diphenyl p-tolyl phosphate,78-31-9,organophosphates,,Organophosphates
906,XMNDMAQKWSQVOV-UHFFFAOYSA-N,Cc1ccccc1OP(=O)(Oc1ccccc1)Oc1ccccc1,340.30,41,CHOP,"S, P or Si",,,3,"Phosphoric acid, 2-methylphenyl diphenyl ester",,9379;16234;17185,,"Phosphoric acid, 2-methylphenyl diphenyl ester | Phosphoric acid, 2-methylphenyl diphenyl ester | Phosphoric acid, 2-methylphenyl diphenyl ester",26444-49-5;5254-12-6,organophosphates,,Organophosphates
907,TZZGHGKTHXIOMN-UHFFFAOYSA-N,CO[Si](CCCNCCC[Si](OC)(OC)OC)(OC)OC,341.60,52,CHNOSi,"S, P or Si",,,1,Bis(trimethoxysilylpropyl)amine,,14372,,Bis(trimethoxysilylpropyl)amine,82985-35-1,silanes_siloxanes_silicones,,Siloxanes and silanes
908,IKXFIBBKEARMLL-UHFFFAOYSA-N,S=P(Oc1ccccc1)(Oc1ccccc1)Oc1ccccc1,342.40,38,CHOSP,"S, P or Si",,,1,"O,O,O-Triphenyl phosphorothioate",,10415,,"O,O,O-Triphenyl phosphorothioate",597-82-0,organophosphates,,Organophosphates
909,GYTROFMCUJZKNA-UHFFFAOYSA-N,CCO[Si](OCC)(OCC)O[Si](OCC)(OCC)OCC,342.50,51,CHOSi,"S, P or Si",,,1,"Silicic acid (H6Si2O7), hexaethyl ester",,4970,,"Silicic acid (H6Si2O7), hexaethyl ester",2157-42-8,silanes_siloxanes_silicones,,Siloxanes and silanes
910,WEMJWKKJHSZRQT-KTKRTIGZSA-N,CCCCCCCC/C=C\CCCCCCCC(=O)OCCS,342.60,61,CHOS,"S, P or Si",,,1,2-Mercaptoethyl oleate,,10342,,2-Mercaptoethyl oleate,59118-78-4,,,
911,VEDTXTNSFWUXGQ-UHFFFAOYSA-N,CCOP(=S)(OCC)SCSc1ccc(Cl)cc1,342.90,34,CHOClSP,"S, P or Si",,,1,Carbophenothion,,14017,,Carbophenothion,786-19-6,,,
912,ANQQFIVHXBBRHV-UHFFFAOYSA-N,Nc1ccc(N=Nc2ccc3c(S(=O)(=O)O)cccc3c2O)cc1,343.40,37,CHNOS,"S, P or Si",,,1,,yes: the neutral parent's PubChem name by InChIKey,,10260,Sodium 6-((4-aminophenyl)azo)-5-hydroxynaphthalene-1-sulphonate,5858-51-5,,,
913,JBEHRBTVEGZLAF-UHFFFAOYSA-N,CCCCOC(=O)CCP1(=O)Oc2ccccc2-c2ccccc21,344.30,45,CHOP,"S, P or Si",,,1,"6H-Dibenz[c,e][1,2]oxaphosphorin-6-propanoic acid, butyl ester, 6-oxide",,14543,,"6H-Dibenz[c,e][1,2]oxaphosphorin-6-propanoic acid, butyl ester, 6-oxide",848820-98-4,organophosphates,,Organophosphates
914,MBJAPGAZEWPEFB-UHFFFAOYSA-N,Nc1ccc(-c2ccc(N)cc2S(=O)(=O)O)c(S(=O)(=O)O)c1,344.40,34,CHNOS,"S, P or Si",,,1,,yes: the neutral parent's PubChem name by InChIKey,,6490,"Disodium 4,4'-diaminobiphenyl-2,2'-disulfonate",27336-24-9,,,
915,VMAWODUEPLAHOE-UHFFFAOYSA-N,C=C[Si]1(C)O[Si](C)(C=C)O[Si](C)(C=C)O[Si](C)(C=C)O1,344.70,44,CHOSi,"S, P or Si",,,1,"2,4,6,8-Tetramethyl-2,4,6,8-tetravinylcyclotetrasiloxane",,5899,,"2,4,6,8-Tetramethyl-2,4,6,8-tetravinylcyclotetrasiloxane",2554-06-5,silanes_siloxanes_silicones,,Siloxanes and silanes
916,RQVGAIADHNPSME-UHFFFAOYSA-N,CCOP(=S)(OCC)SCn1nnc2ccccc2c1=O,345.40,37,CHNOSP,"S, P or Si",,,1,Azinphos-ethyl,,6216,,Azinphos-ethyl,2642-71-9,organophosphates,,Organophosphates
917,QSVOWVXHKOQYIP-UHFFFAOYSA-N,CCCCCCCCCCCCSC(=S)SC(C)(C)C#N,345.60,52,CHNS,"S, P or Si",,,1,2-Cyanopropan-2-yl dodecyl carbonotrithioate,,14806,,2-Cyanopropan-2-yl dodecyl carbonotrithioate,870196-83-1,,,
918,HDLFODOGTBJVKF-UHFFFAOYSA-N,O=C(O)C(F)(F)OC(F)(F)C(F)(F)OC(F)(F)C(F)(F)F,346.00,22,CHOF,halogen,,,1,,yes: the neutral parent's PubChem name by InChIKey,,15313,Perfluoro(2-ethoxy-2-fluoroethoxy)acetic acid ammonium salt,908020-52-0,PFASs,,PFAS
919,QYFSCKPZVYAASR-UHFFFAOYSA-N,Clc1c2ccc(c1Cl)CCc1ccc(c(Cl)c1Cl)CC2,346.10,32,CHCl,halogen,,failed,1,"Tricyclo[8.2.2.24,7]hexadeca-4,6,10,12,13,15-hexaene, tetrachloro-",,7049,,"Tricyclo[8.2.2.24,7]hexadeca-4,6,10,12,13,15-hexaene, tetrachloro-",30501-29-2,,,
920,GAUFKBQSTGCCOC-UHFFFAOYSA-N,CC1(C)COP(=S)(OP2(=S)OCC(C)(C)CO2)OC1,346.30,39,CHOSP,"S, P or Si",,,1,"1,3,2-Dioxaphosphorinane, 2,2'-oxybis[5,5-dimethyl-, 2,2'-disulfide",,8315,,"1,3,2-Dioxaphosphorinane, 2,2'-oxybis[5,5-dimethyl-, 2,2'-disulfide",4090-51-1,organophosphates,,Organophosphates
921,XZAXQWXHBDKYJI-UHFFFAOYSA-N,O=C(O)CC(CP1(=O)Oc2ccccc2-c2ccccc21)C(=O)O,346.30,39,CHOP,"S, P or Si",,,1,"(6H-Dibenz[c,e][1,2]oxaphosphorin-6-ylmethyl)-p-oxide-butanedioic acid",,11155,,"(6H-Dibenz[c,e][1,2]oxaphosphorin-6-ylmethyl)-p-oxide-butanedioic acid",63562-33-4,organophosphates,,Organophosphates
922,AXRSHKZFNKUGQB-UHFFFAOYSA-N,CCCCCCCCOP(Oc1ccccc1)Oc1ccccc1,346.40,51,CHOP,"S, P or Si",,,1,Octyl diphenyl phosphite,,7251,,Octyl diphenyl phosphite,3164-55-4,organophosphates,Antioxidants,Organophosphates
923,XKZGIJICHCVXFV-UHFFFAOYSA-N,CCCCC(CC)COP(Oc1ccccc1)Oc1ccccc1,346.40,51,CHOP,"S, P or Si",,,1,2-Ethylhexyl diphenyl phosphite,,3536,,2-Ethylhexyl diphenyl phosphite,15647-08-2,organophosphates,Antioxidants,Organophosphates
924,YEQHNTCMAVPEKP-UHFFFAOYSA-N,CC(C)CCCCCOP(Oc1ccccc1)Oc1ccccc1,346.40,51,CHOP,"S, P or Si",,,1,Isooctyl diphenyl phosphite,,6202,,Isooctyl diphenyl phosphite,26401-27-4,organophosphates,Antioxidants,Organophosphates
925,CMAUJSNXENPPOF-UHFFFAOYSA-N,c1ccc2sc(SN(C3CCCCC3)C3CCCCC3)nc2c1,346.60,49,CHNS,"S, P or Si",,,1,"N,N-Dicyclohexyl-2-benzothiazolesulfenamide",,9003,,"N,N-Dicyclohexyl-2-benzothiazolesulfenamide",4979-32-2,benzothiazole,,Benzothiazoles
926,RSKGMYDENCAJEN-UHFFFAOYSA-N,CCCCCCCCCCCCCCCC[Si](OC)(OC)OC,346.60,65,CHOSi,"S, P or Si",,,1,Hexadecyltrimethoxysilane,,3828,,Hexadecyltrimethoxysilane,16415-12-6,silanes_siloxanes_silicones,,Siloxanes and silanes
927,GZGREZWGCWVAEE-UHFFFAOYSA-N,CCCCCCCCCCCCCCCCCC[Si](C)(C)Cl,347.10,65,CHClSi,"S, P or Si",,,1,Chlorodimethyloctadecylsilane,,4373,,Chlorodimethyloctadecylsilane,18643-08-8,silanes_siloxanes_silicones,,Siloxanes and silanes
928,HYVWIQDYBVKITD-UHFFFAOYSA-N,Cc1ccc(N(SC(F)(Cl)Cl)S(=O)(=O)N(C)C)cc1,347.30,32,CHNOFClS,"S, P or Si",,,1,Tolylfluanid,,13135,,Tolylfluanid,731-27-1,,,
929,VFHVQBAGLAREND-UHFFFAOYSA-N,Cc1cc(C)c(C(=O)P(=O)(c2ccccc2)c2ccccc2)c(C)c1,348.40,46,CHOP,"S, P or Si",,,1,"Diphenyl(2,4,6-trimethylbenzoyl)phosphine oxide",,13579,,"Diphenyl(2,4,6-trimethylbenzoyl)phosphine oxide",75980-60-8,organophosphates,,Organophosphates
930,VQGRHMLEZISFRB-UHFFFAOYSA-N,CCOC(=O)COc1ccc(Cl)c2c(=O)c3ccccc3sc12,348.80,36,CHOClS,"S, P or Si",,,1,Ethyl 2-[(1-chloro-9-oxo-9H-thioxanthen-4-yl)oxy]acetate,,90,,Ethyl 2-[(1-chloro-9-oxo-9H-thioxanthen-4-yl)oxy]acetate,1003315-69-2,,,
931,VBVAVBCYMYWNOU-UHFFFAOYSA-N,CCN(CC)c1ccc2cc(-c3nc4ccccc4s3)c(=O)oc2c1,350.40,43,CHNOS,"S, P or Si",,,1,Coumarin 6,,8057,,Coumarin 6,38215-36-0,,,
932,YDTZBKFQBHMJTA-UHFFFAOYSA-N,O=C(O)CCCCC(=O)OCC1(CC2=CCCCC2)CCC2OC2C1,350.50,55,CHO,CHNO,,,1,,yes: the neutral parent's PubChem name by InChIKey,,8810,6-({3-[(Cyclohex-1-en-1-yl)methyl]-7-oxabicyclo[4.1.0]heptan-3-yl}methoxy)-6-oxohexanoate,460720-06-3,,,
933,UHGIMQLJWRAPLT-UHFFFAOYSA-N,CCCCCCCCCCCCCCCCCCOP(=O)(O)O,350.50,62,CHOP,"S, P or Si",,,1,,yes: the neutral parent's PubChem name by InChIKey,,12558,"1-Octadecanol, phosphate, potassium salt",68987-29-1,organophosphates,,Organophosphates
934,SBPBAQFWLVIOKP-UHFFFAOYSA-N,CCOP(=S)(OCC)Oc1nc(Cl)c(Cl)cc1Cl,350.60,29,CHNOClSP,"S, P or Si",,,1,Chlorpyrifos,,6821,,Chlorpyrifos,2921-88-2,,,
935,CPUMHCZZUYHHHY-UHFFFAOYSA-N,C#CCCCCCCCCC(=O)OCCCCCCCCCCCC,350.60,67,CHO,CHNO,,failed,1,"Undec-10-ynoic acid, dodecyl ester",,38,,"Undec-10-ynoic acid, dodecyl ester",1000406-16-5,,,
936,GUHKMHMGKKRFDT-UHFFFAOYSA-N,Fc1c(F)c2c(F)c(F)c1CCc1c(F)c(F)c(c(F)c1F)CC2,352.20,32,CHF,halogen,,failed,1,Parylene F dimer,,4194,,Parylene F dimer,1785-64-4,,,
937,BKHZQJRTFNFCTG-UHFFFAOYSA-N,Cc1ccccc1OP(Oc1ccccc1C)Oc1ccccc1C,352.40,46,CHOP,"S, P or Si",,,1,Tri-o-tolyl phosphite,,16243,,Tri-o-tolyl phosphite,25586-42-9,organophosphates,Antioxidants,Organophosphates
938,GOGLOAZETACXSR-UHFFFAOYSA-N,O=C1c2ccccc2C(=O)C1c1ccc2cc(S(=O)(=O)O)ccc2n1,353.40,36,CHNOS,"S, P or Si",,,1,,yes: the neutral parent's PubChem name by InChIKey,,14542,"Sodium 2-(2,3-dihydro-1,3-dioxo-1H-inden-2-yl)quinoline-6-sulphonate",84864-68-6,,,
939,DIOYAVUHUXAUPX-ZHACJKMWSA-N,CCCCCCCC/C=C/CCCCCCCC(=O)N(C)CC(=O)O,353.50,64,CHNO,CHNO,,,1,,yes: the neutral parent's PubChem name by InChIKey,,7805,"Glycine, N-methyl-N-(1-oxo-9-octadecenyl)-, sodium salt",3624-77-9,,,
940,DAZHWGHCARQALS-UHFFFAOYSA-N,Cc1ccc(OP(=O)(Oc2ccccc2)Oc2ccccc2C)cc1,354.30,44,CHOP,"S, P or Si",,,1,Bis(methylphenyl) phenyl phosphate,,16235,,Bis(methylphenyl) phenyl phosphate,26446-73-1,organophosphates,,Organophosphates
941,NVMHZSCMWYZDCC-UHFFFAOYSA-N,Cc1ccc(OP(=O)(Oc2ccccc2)Oc2ccc(C)cc2)cc1,354.30,44,CHOP,"S, P or Si",,,1,Phenyl di(p-tolyl) phosphate,,7672,,Phenyl di(p-tolyl) phosphate,34909-69-8,organophosphates,,Organophosphates
942,BELBBZDIHDAJOR-UHFFFAOYSA-N,O=S1(=O)OC(c2ccc(O)cc2)(c2ccc(O)cc2)c2ccccc21,354.40,39,CHOS,"S, P or Si",,,1,Phenol red,,3082,,Phenol red,143-74-8,phenolic_antioxidants,,
943,CJWXGVNXFJTQFT-UHFFFAOYSA-N,CCCCCCCCCCCCOCCOCCOS(=O)(=O)O,354.50,57,CHOS,"S, P or Si",,,1,,yes: the neutral parent's PubChem name by InChIKey,,7145,Sodium 2-(2-dodecyloxyethoxy)ethyl sulphate,3088-31-1,,,
944,IZRJPHXTEXTLHY-UHFFFAOYSA-N,CCO[Si](CC[Si](OCC)(OCC)OCC)(OCC)OCC,354.60,56,CHOSi,"S, P or Si",,,1,"1,2-Bis(triethoxysilyl)ethane",,3681,,"1,2-Bis(triethoxysilyl)ethane",16068-37-4,silanes_siloxanes_silicones,,Siloxanes and silanes
945,MLGCXEBRWGEOQX-UHFFFAOYSA-N,O=S(=O)(c1ccc(Cl)cc1)c1cc(Cl)c(Cl)cc1Cl,356.10,25,CHOClS,"S, P or Si",,,1,Tetradifon,,1394,,Tetradifon,116-29-0,,,
946,GJDRKHHGPHLVNI-UHFFFAOYSA-N,CCOP(=O)(Cc1cc(C(C)(C)C)c(O)c(C(C)(C)C)c1)OCC,356.40,57,CHOP,"S, P or Si",,,1,"Diethyl 3,5-di-tert-butyl-4-hydroxybenzylphosphonate",,15971,,"Diethyl 3,5-di-tert-butyl-4-hydroxybenzylphosphonate",976-56-7,organophosphates,Antioxidants,Organophosphates
947,BLEJWUIEUACHKH-UHFFFAOYSA-N,CCO[Si](C)(N(C)C(=O)c1ccccc1)N(C)C(=O)c1ccccc1,356.50,49,CHNOSi,"S, P or Si",,,1,Bis(N-methylbenzamido)methylethoxysilane,,3750,,Bis(N-methylbenzamido)methylethoxysilane,16230-35-6,silanes_siloxanes_silicones,,Siloxanes and silanes
948,DCYBHNIOTZBCFS-UHFFFAOYSA-N,Nc1ccc(N=Nc2ccc(S(=O)(=O)O)cc2)cc1S(=O)(=O)O,357.40,34,CHNOS,"S, P or Si",,,1,,yes: the neutral parent's PubChem name by InChIKey,,6415,Fast Yellow AB,2706-28-7,azodyes,,Azo dyes
949,HRYBCFHSDUUIAS-UHFFFAOYSA-N,Nc1cccc(Oc2cccc(N)c2S(N)(=O)=O)c1S(N)(=O)=O,358.40,37,CHNOS,"S, P or Si",,,1,"Benzenesulfonic acid, oxybis-, 1,1'-dihydrazide",,6825,,"Benzenesulfonic acid, oxybis-, 1,1'-dihydrazide",29221-52-1,,,
950,NBOCQTNZUPTTEI-UHFFFAOYSA-N,NNS(=O)(=O)c1ccc(Oc2ccc(S(=O)(=O)NN)cc2)cc1,358.40,37,CHNOS,"S, P or Si",,,1,"4,4'-Oxybis(benzenesulfonyl hydrazide)",,14102,,"4,4'-Oxybis(benzenesulfonyl hydrazide)",80-51-3,,,
951,JRLHFEXLBNGRJO-UHFFFAOYSA-N,COc1ccccc1N=Nc1cc(S(=O)(=O)O)c2ccccc2c1O,358.40,39,CHNOS,"S, P or Si",,,1,,yes: the neutral parent's PubChem name by InChIKey,,10259,"C.I. Acid red 4, monosodium salt",5858-39-9,,,
952,AZEROKRLLWBBAK-UHFFFAOYSA-N,CC(C)(C)CC(C)(C)c1ccc(OCCOCCS(=O)(=O)O)cc1,358.50,54,CHOS,"S, P or Si",,,1,,yes: the neutral parent's PubChem name by InChIKey,,6984,Sodium octylphenoxyethoxyethyl sulfonate,3013-94-3,alkylphenols,Alkylphenols,
953,BOWOHQHIYFGIPV-UHFFFAOYSA-N,CC(Cc1ccccc1OCCOCCS(=O)(=O)O)CC(C)(C)C,358.50,54,CHOS,"S, P or Si",,,1,,yes: the neutral parent's PubChem name by InChIKey,,12729,"Sodium 2-(2-((2,2,4(or 2,4,4)-trimethylpentyl)phenoxy)ethoxy)ethanesulphonate",70198-21-9,,,
954,HXIQYSLFEXIOAV-UHFFFAOYSA-N,Cc1cc(O)c(C(C)(C)C)cc1Sc1cc(C(C)(C)C)c(O)cc1C,358.50,55,CHOS,"S, P or Si",,,1,"4,4'-Thiobis(6-tert-butyl-m-cresol)",,15884,,"4,4'-Thiobis(6-tert-butyl-m-cresol)",96-69-5,bisphenols;phenolic_antioxidants,Bisphenols;Antioxidants,
955,MQWCQFCZUNBTCM-UHFFFAOYSA-N,Cc1cc(Sc2cc(C)cc(C(C)(C)C)c2O)c(O)c(C(C)(C)C)c1,358.50,55,CHOS,"S, P or Si",,,1,"2,2'-Thiobis(6-tert-butyl-p-cresol)",,14976,,"2,2'-Thiobis(6-tert-butyl-p-cresol)",90-66-4,,Antioxidants,
956,YFHKLSPMRRWLKI-UHFFFAOYSA-N,Cc1cc(Sc2cc(C)c(O)c(C(C)(C)C)c2)cc(C(C)(C)C)c1O,358.50,55,CHOS,"S, P or Si",,,1,"4,4'-Thiobis(2-tert-butyl-6-methylphenol)",,15883,,"4,4'-Thiobis(2-tert-butyl-6-methylphenol)",96-66-2,phenolic_antioxidants,Antioxidants,
957,HCLVXVIAGDXHTL-UHFFFAOYSA-N,CCCCCCCC(CCCC)(CCCC)OC(=O)C(O)CC(=O)O,358.50,63,CHO,CHNO,,,1,,yes: the neutral parent's PubChem name by InChIKey,,8232,4-[(5-Butyldodecan-5-YL)oxy]-3-hydroxy-4-oxobutanoate,399551-19-0,,,
958,UCUPUEARJPTGKU-UHFFFAOYSA-N,CCCCCCCCCCCCCCCCCCOC(=O)CCS,358.60,66,CHOS,"S, P or Si",,,1,"Propanoic acid, 3-mercapto-, octadecyl ester",,7275,,"Propanoic acid, 3-mercapto-, octadecyl ester",31778-15-1,,,
959,UBCPEZPOCJYHPM-UHFFFAOYSA-N,CCCCCCCCCCCCCCCCCC[Si](C)(OC)OC,358.70,70,CHOSi,"S, P or Si",,,1,Dimethoxy(methyl)(octadecyl)silane,,12817,,Dimethoxy(methyl)(octadecyl)silane,70851-50-2,silanes_siloxanes_silicones,,Siloxanes and silanes
960,CTESJDQKVOEUOY-UHFFFAOYSA-N,N#Cc1c(O)c2c(-c3ccc(-c4ccccc4O)cc3)csc2[nH]c1=O,360.40,38,CHNOS,"S, P or Si",,,1,"4-Hydroxy-3-(2'-hydroxy-[1,1'-biphenyl]-4-yl)-6-oxo-6,7-dihydrothieno[2,3-b]pyridine-5-carbonitrile",,14502,,"4-Hydroxy-3-(2'-hydroxy-[1,1'-biphenyl]-4-yl)-6-oxo-6,7-dihydrothieno[2,3-b]pyridine-5-carbonitrile",844499-71-4,,,
961,RLTACIWKRKVZKZ-UHFFFAOYSA-N,O=S(=O)(c1ccc(OCC2CO2)cc1)c1ccc(OCC2CO2)cc1,362.40,43,CHOS,"S, P or Si",,,1,2-[[4-[4-(Oxiran-2-ylmethoxy)phenyl]sulfonylphenoxy]methyl]oxirane,,8117,,2-[[4-[4-(Oxiran-2-ylmethoxy)phenyl]sulfonylphenoxy]methyl]oxirane,3878-43-1,,,
962,QPSVFNQMURAADJ-UHFFFAOYSA-N,O=C(CC(C(=O)OC1CCCCC1)S(=O)(=O)O)OC1CCCCC1,362.40,50,CHOS,"S, P or Si",,,1,,yes: the neutral parent's PubChem name by InChIKey,,5254,Dicyclohexyl sodium sulfosuccinate,23386-52-9,,,
963,CGSLYBDCEGBZCG-UHFFFAOYSA-N,CCCCC(CC)COP(=O)(Oc1ccccc1)Oc1ccccc1,362.40,52,CHOP,"S, P or Si",,,1,2-Ethylhexyl diphenyl phosphate,,1998,,2-Ethylhexyl diphenyl phosphate,1241-94-7,organophosphates,,Organophosphates
964,NMZURFAPYNEBQQ-UHFFFAOYSA-N,CC(C)(C)c1ccc(OP(=O)(O)Oc2ccc(C(C)(C)C)cc2)cc1,362.40,52,CHOP,"S, P or Si",,,1,,yes: the neutral parent's PubChem name by InChIKey,,548,"Phenol, 4-(1,1-dimethylethyl)-, hydrogen phosphate, sodium salt",10491-31-3,organophosphates,,Organophosphates
965,YAFOVCNAQTZDQB-UHFFFAOYSA-N,CCCCCCCCOP(=O)(Oc1ccccc1)Oc1ccccc1,362.40,52,CHOP,"S, P or Si",,,1,Octyl diphenyl phosphate,,1370,,Octyl diphenyl phosphate,115-88-8,organophosphates,,Organophosphates
966,WYPOCAVDDXABIF-UHFFFAOYSA-N,CCCCCCCCCCOP(O)OCCCCCCCCCC,362.50,67,CHOP,"S, P or Si",,,1,,yes: the neutral parent's PubChem name by InChIKey,,4656,Bis(decyloxy)phosphanolate,19931-58-9,organophosphates,,Organophosphates
967,MFIBZDZRPYQXOM-UHFFFAOYSA-N,C[Si](C)(CCCOCC1CO1)O[Si](C)(C)CCCOCC1CO1,362.60,57,CHOSi,"S, P or Si",,,1,Bis(3-glycidoxypropyl)tetramethyldisiloxane,,2059,,Bis(3-glycidoxypropyl)tetramethyldisiloxane,126-80-7,silanes_siloxanes_silicones,,Siloxanes and silanes
968,YHPJLZIPELSPBU-UHFFFAOYSA-N,O=S(=O)(O)c1ccc2c(N=Nc3ccc(Cl)cc3)c(O)ccc2c1,362.80,35,CHNOClS,"S, P or Si",,,1,,yes: the neutral parent's PubChem name by InChIKey,,10263,Amacid Fast Orange LW,5858-89-9,,,
969,DKIOSBCZGFSSFK-UHFFFAOYSA-N,Cc1ccc(NC(=S)SSC(=S)Nc2ccc(C)cc2)cc1,364.60,38,CHNS,"S, P or Si",,,1,Dimethyldiphenylthioperoxydicarbamic acid,,16262,,Dimethyldiphenylthioperoxydicarbamic acid,53880-86-7,,,
970,RDQQCSOIXMZZQR-UHFFFAOYSA-N,CN(C(=S)SSC(=S)N(C)c1ccccc1)c1ccccc1,364.60,38,CHNS,"S, P or Si",,,1,"N,N'-Dimethyldiphenylthiuram disulphide",,622,,"N,N'-Dimethyldiphenylthiuram disulphide",10591-84-1,,,
971,DZFGVGDQHQHOKZ-UHFFFAOYSA-N,CCCCCCCCCCCCSC(=S)SC(C)(C)C(=O)O,364.60,54,CHOS,"S, P or Si",,,1,2-(((Dodecylthio)carbonothioyl)thio)-2-methylpropanoic acid,,8815,,2-(((Dodecylthio)carbonothioyl)thio)-2-methylpropanoic acid,461642-78-4,,,
972,JPPLPDOXWBVPCW-UHFFFAOYSA-N,CCCCCCCC(=O)SCCC[Si](OCC)(OCC)OCC,364.60,59,CHOSSi,"S, P or Si",,,1,"Octanethioic acid, S-[3-(triethoxysilyl)propyl] ester",,5056,,"Octanethioic acid, S-[3-(triethoxysilyl)propyl] ester",220727-26-4,silanes_siloxanes_silicones,,Siloxanes and silanes
973,WCXDRTSNSUAZLB-UHFFFAOYSA-N,O=S(=O)(CCO)c1ccc(N2CCC(c3ccc(Cl)cc3)=N2)cc1,364.90,41,CHNOClS,"S, P or Si",,,1,"2-((4-(3-(4-Chlorophenyl)-4,5-dihydro-1H-pyrazol-1-yl)phenyl)sulphonyl)ethanol",,7855,,"2-((4-(3-(4-Chlorophenyl)-4,5-dihydro-1H-pyrazol-1-yl)phenyl)sulphonyl)ethanol",3656-22-2,,,
974,WNQJZQMIEZWFIN-UHFFFAOYSA-N,O=C(c1ccccc1Cl)N1CCN(S(=O)(=O)c2ccccc2)CC1,364.90,41,CHNOClS,"S, P or Si",,,1,Glucose isomerase from streptomyces rubiginosus,,15268,,Glucose isomerase from streptomyces rubiginosus,9055-00-9,,,
975,SIFKXZAVMBSRMB-UHFFFAOYSA-N,CCOc1ccc(Nc2ccc(S(=O)(=O)N(C)C)cc2[N+](=O)[O-])cc1,365.40,44,CHNOS,"S, P or Si",,,1,"Benzenesulfonamide, 4-((4-ethoxyphenyl)amino)-N,N-dimethyl-3-nitro-",,11750,,"Benzenesulfonamide, 4-((4-ethoxyphenyl)amino)-N,N-dimethyl-3-nitro-",67338-59-4,,,
976,CLJDUFMUISGSEC-UHFFFAOYSA-N,CC(C)CC(C)OC(=O)CC(C(=O)OC(C)CC(C)C)S(=O)(=O)O,366.50,54,CHOS,"S, P or Si",,,1,,yes: the neutral parent's PubChem name by InChIKey,,5299,"Butanedioic acid, sulfo-, 1,4-bis(1,3-dimethylbutyl) ester, sodium salt",2373-38-8,,,
977,SOSQXPIKTBUEKF-UHFFFAOYSA-N,CCCCCCOC(=O)CC(C(=O)OCCCCCC)S(=O)(=O)O,366.50,54,CHOS,"S, P or Si",,,1,,yes: the neutral parent's PubChem name by InChIKey,,6964,Dihexyl sodium sulfosuccinate,3006-15-3,,,
978,VXQNQGCWKZPKET-UHFFFAOYSA-N,O=C1NC(=O)C(=C2N=C(c3c(O)[nH]c(=O)[nH]c3=O)c3ccccc32)C(=O)N1,367.30,36,CHNO,CHNO,,failed,1,"2,4,6(1H,3H,5H)-Pyrimidinetrione, 5,5'-(1H-isoindole-1,3(2H)-diylidene)bis-",,7900,,"2,4,6(1H,3H,5H)-Pyrimidinetrione, 5,5'-(1H-isoindole-1,3(2H)-diylidene)bis-",36888-99-0,,,
979,BOSMZFBHAYFUBJ-UHFFFAOYSA-N,Cc1ccc(OP(=O)(Oc2ccc(C)cc2)Oc2ccc(C)cc2)cc1,368.40,47,CHOP,"S, P or Si",,,2,Tricresyl phosphate,,13957;16208,,Tricresyl phosphate | Tricresyl phosphate,1330-78-5;78-32-0,organophosphates,,Organophosphates
980,JJXNVYMIYBNZQX-UHFFFAOYSA-N,CC(C)c1ccccc1OP(=O)(Oc1ccccc1)Oc1ccccc1,368.40,47,CHOP,"S, P or Si",,,2,Isopropylphenyl diphenyl phosphate,,6632;16136,,Isopropylphenyl diphenyl phosphate | Isopropylphenyl diphenyl phosphate,28108-99-8;64532-94-1,organophosphates,,Organophosphates
981,JUHFQCKQQLMGAB-UHFFFAOYSA-N,CC(C)c1ccc(OP(=O)(Oc2ccccc2)Oc2ccccc2)cc1,368.40,47,CHOP,"S, P or Si",,,1,Diphenyl p-isopropylphenyl phosphate,,9891,,Diphenyl p-isopropylphenyl phosphate,55864-04-5,organophosphates,,Organophosphates
982,RMLPZKRPSQVRAB-UHFFFAOYSA-N,Cc1cccc(OP(=O)(Oc2cccc(C)c2)Oc2cccc(C)c2)c1,368.40,47,CHOP,"S, P or Si",,,1,Tri-M-cresyl phosphate,,9946,,Tri-M-cresyl phosphate,563-04-2,organophosphates,,Organophosphates
983,YSMRWXYRXBRSND-UHFFFAOYSA-N,Cc1ccccc1OP(=O)(Oc1ccccc1C)Oc1ccccc1C,368.40,47,CHOP,"S, P or Si",,,1,Tri-O-cresyl phosphate,,13955,,Tri-O-cresyl phosphate,78-30-8,organophosphates,,Organophosphates
984,UDKSLGIUCGAZTK-UHFFFAOYSA-N,CCCCCCCCCCCCCCCS(=O)(=O)Oc1ccccc1,368.60,61,CHOS,"S, P or Si",,,1,Phenyl 1-pentadecanesulfonate,,15391,,Phenyl 1-pentadecanesulfonate,91082-17-6,,,
985,BBFRYSKTTHYWQZ-UHFFFAOYSA-N,O=[N+]([O-])c1cc(S(=O)(=O)Nc2ccccc2)ccc1Nc1ccccc1,369.40,41,CHNOS,"S, P or Si",,,1,Disperse Yellow 42,,9186,,Disperse Yellow 42,5124-25-4,,,
986,GZCKCZAMIMLHDK-UHFFFAOYSA-N,O=c1[nH]c2ccccc2c(O)c1N=Nc1ccc(N=Nc2ccccc2)cc1,369.40,43,CHNO,CHNO,,failed,1,C.I. Disperse Yellow 56,,9610,,C.I. Disperse Yellow 56,54077-16-6,,,
987,IGSYEZFZPOZFNC-DMAJVUHCSA-N,O=C(O)[C@H]1O[C@@H](O[C@H]2[C@H](O)[C@H](O)[C@H](O)O[C@@H]2C(=O)O)[C@@H](O)[C@@H](O)[C@@H]1O,370.30,43,CHO,CHNO,,,1,,yes: the neutral parent's PubChem name by InChIKey,,15087,"Alginic acid, potassium salt",9005-36-1,,,
988,REJHVSOVQBJEBF-OWOJBTEDSA-N,Nc1ccc(/C=C/c2ccc(N)cc2S(=O)(=O)O)c(S(=O)(=O)O)c1,370.40,38,CHNOS,"S, P or Si",,,1,"4,4'-Diamino-2,2'-stilbenedisulfonic acid",,14261,,"4,4'-Diamino-2,2'-stilbenedisulfonic acid",81-11-8,,,
989,UPYPTOCXMIWHSG-UHFFFAOYSA-N,CCCCCCCCCCCCSCCCCCCCCCCCC,370.70,75,CHS,"S, P or Si",,,1,Dodecyl sulfide,,5504,,Dodecyl sulfide,2469-45-6,,,
990,XMSXQFUHVRWGNA-UHFFFAOYSA-N,C[Si]1(C)O[Si](C)(C)O[Si](C)(C)O[Si](C)(C)O[Si](C)(C)O1,370.80,50,CHOSi,"S, P or Si",,,1,Cyclomethicone 5,,9614,,Cyclomethicone 5,541-02-6,silanes_siloxanes_silicones,,Siloxanes and silanes
991,DTHMQQOATHKDNI-UHFFFAOYSA-N,CCCCCCCCCCCCCCCCCCN(CCO)CC(=O)O,371.60,71,CHNO,CHNO,,,1,,yes: the neutral parent's PubChem name by InChIKey,,11703,"Glycine, N-(2-hydroxyethyl)-N-octadecyl-, monosodium salt",66810-88-6,,,
992,INETXKGLHYNTHK-AQWWNALJSA-N,CC/C(C)=N/O[Si](O/N=C(\C)CC)(O/N=C(\C)CC)O/N=C(\C)CC,372.50,57,CHNOSi,"S, P or Si",,,1,Tetra-(methylethylketoxime)silane,,7595,,Tetra-(methylethylketoxime)silane,34206-40-1,silanes_siloxanes_silicones,,Siloxanes and silanes
993,QLAHMUJINXIWJF-UHFFFAOYSA-N,CC(C)(c1ccc(O[Si](C)(C)C)cc1)c1ccc(O[Si](C)(C)C)cc1,372.70,57,CHOSi,"S, P or Si",,,1,"2,2-Bis[(4-trimethylsiloxy)phenyl]propane",,8576,,"2,2-Bis[(4-trimethylsiloxy)phenyl]propane",4387-16-0,silanes_siloxanes_silicones,,Siloxanes and silanes
994,LINXHFKHZLOLEI-UHFFFAOYSA-N,C[Si](C)(C)O[Si](O[Si](C)(C)C)(O[Si](C)(C)C)c1ccccc1,372.80,54,CHOSi,"S, P or Si",,,1,Phenyltris(trimethylsiloxy)silane,,4902,,Phenyltris(trimethylsiloxy)silane,2116-84-9,silanes_siloxanes_silicones,,Siloxanes and silanes
995,GGYSSENSJNGXLU-UHFFFAOYSA-N,O=P(Oc1cccc(O)c1)(Oc1cccc(O)c1)Oc1cccc(O)c1,374.30,41,CHOP,"S, P or Si",,,1,Tris(m-hydroxyphenyl) phosphate,,15689,,Tris(m-hydroxyphenyl) phosphate,94135-13-4,organophosphates,,Organophosphates
996,ADRNSOYXKABLGT-UHFFFAOYSA-N,CC(C)CCCCCCCOP(Oc1ccccc1)Oc1ccccc1,374.50,57,CHOP,"S, P or Si",,,1,Isodecyl diphenyl phosphite,,6256,,Isodecyl diphenyl phosphite,26544-23-0,organophosphates,Antioxidants,Organophosphates
997,GLOQRSIADGSLRX-UHFFFAOYSA-N,CCCCCCCCCCOP(Oc1ccccc1)Oc1ccccc1,374.50,57,CHOP,"S, P or Si",,,1,Decyl diphenyl phosphite,,7423,,Decyl diphenyl phosphite,3287-06-7,organophosphates,Antioxidants,Organophosphates
998,KYWZILPIDASSGE-UHFFFAOYSA-N,CCCCC(CC)COC(=O)CSCC(=O)OCC(CC)CCCC,374.60,63,CHOS,"S, P or Si",,,1,"Bis(2-ethylhexyl) 2,2'-thiobisacetate",,5412,,"Bis(2-ethylhexyl) 2,2'-thiobisacetate",24293-43-4,,,
999,GIEARNNTYXJWQQ-UHFFFAOYSA-N,COCCCn1c(=O)c2ccc3sc4ccccc4c4ccc(c1=O)c2c34,375.40,44,CHNOS,"S, P or Si",,,1,"2-(3-Methoxypropyl)-1H-thioxantheno(2,1,9-def)isoquinoline-1,3(2H)-dione",,2996,,"2-(3-Methoxypropyl)-1H-thioxantheno(2,1,9-def)isoquinoline-1,3(2H)-dione",14121-47-2,,,
1000,NDKYYKABKLOOAP-UHFFFAOYSA-N,CCN(CC)c1ccc2c(C#N)c(-c3nc4ccccc4s3)c(=O)oc2c1,375.50,44,CHNOS,"S, P or Si",,,1,3-(Benzothiazol-2-yl)-7-(diethylamino)-2-oxo-2H-1-benzopyran-4-carbonitrile,,12783,,3-(Benzothiazol-2-yl)-7-(diethylamino)-2-oxo-2H-1-benzopyran-4-carbonitrile,70546-25-7,,,
1001,NFZRSOHGHXZUPA-UHFFFAOYSA-N,CC(C)CN(CC(C)C)C(=S)SC(=S)N(CC(C)C)CC(C)C,376.70,59,CHNS,"S, P or Si",,,1,"Thiodicarbonic diamide (((H2N)C(S))2S), tetrakis(2-methylpropyl)-",,4751,,"Thiodicarbonic diamide (((H2N)C(S))2S), tetrakis(2-methylpropyl)-",204376-00-1,,,
1002,IYHIFXGFKVJNBB-UHFFFAOYSA-N,Cc1cc(N=Nc2c(O)ccc3ccccc23)c(S(=O)(=O)O)cc1Cl,376.80,38,CHNOClS,"S, P or Si",,,1,,yes: the neutral parent's PubChem name by InChIKey,,4852,Bronze Orange,2092-56-0,,,
1003,HMAJVAFLGGPIPN-UHFFFAOYSA-N,CCN(CCOC(C)=O)c1ccc(N=Nc2ncc([N+](=O)[O-])s2)c(C)c1,377.40,45,CHNOS,"S, P or Si",,,1,Disperse blue 124,,3379,,Disperse blue 124,15141-18-1,,,
1004,JBYNUUNOLLCWRY-UHFFFAOYSA-N,CCN(CC)c1ccc2cc(-c3nnc(-c4ccccc4)s3)c(=O)oc2c1,377.50,46,CHNOS,"S, P or Si",,,1,"2H-1-Benzopyran-2-one, 7-(diethylamino)-3-(5-phenyl-1,3,4-thiadiazol-2-yl)-",,10885,,"2H-1-Benzopyran-2-one, 7-(diethylamino)-3-(5-phenyl-1,3,4-thiadiazol-2-yl)-",62143-26-4,,,
1005,FEOSEXDRZIIBNX-UHFFFAOYSA-N,O=S(=O)(O)c1cccc(S(=O)(=O)c2cccc(S(=O)(=O)O)c2)c1,378.40,33,CHOS,"S, P or Si",,,1,,yes: the neutral parent's PubChem name by InChIKey,,11122,"Dipotassium 3,3'-sulphonylbis(benzenesulphonate)",63316-33-6,,,
1006,JSAKRLDIZOGQTN-UHFFFAOYSA-N,O=S(=O)(O)c1ccc(N=Nc2c(O)ccc3ccccc23)c2ccccc12,378.40,41,CHNOS,"S, P or Si",,,1,,yes: the neutral parent's PubChem name by InChIKey,,3876,Acid red 88,1658-56-6,azodyes,,Azo dyes
1007,IAVUQMBXUHLXRR-QJOMJCCJSA-N,Cc1ccc(S(=O)(=O)N/N=C\C(c2ccccc2)C2C=CC=CC=C2)cc1,378.50,49,CHNOS,"S, P or Si",,,1,"alpha-(2,4,6-Cycloheptatrienyl)-alpha-phenylacetaldehyde tosyl hydrazone",,5154,,"alpha-(2,4,6-Cycloheptatrienyl)-alpha-phenylacetaldehyde tosyl hydrazone",22532-16-7,,,
1008,QHAUASBJFFBWMY-UHFFFAOYSA-N,CCCCCCCCCCOP(=O)(O)OCCCCCCCCCC,378.50,68,CHOP,"S, P or Si",,,1,Didecyl hydrogen phosphate,,13940,,Didecyl hydrogen phosphate,7795-87-1,organophosphates,,Organophosphates
1009,WRXCBRHBHGNNQA-UHFFFAOYSA-N,O=C(OOC(=O)c1ccc(Cl)cc1Cl)c1ccc(Cl)cc1Cl,380.00,28,CHOCl,halogen,,thermodynamics_pending,1,"Bis(2,4-dichlorobenzoyl) peroxide",,2478,,"Bis(2,4-dichlorobenzoyl) peroxide",133-14-2,dibenzoyl_peroxide_derivatives,,
1010,SDCYWERHEYVPHL-UHFFFAOYSA-N,c1ccc(OP2OCC3(CO2)COP(Oc2ccccc2)OC3)cc1,380.30,43,CHOP,"S, P or Si",,,1,"3,9-Diphenoxy-2,4,8,10-tetraoxa-3,9-diphosphaspiro[5.5]undecane",,3114,,"3,9-Diphenoxy-2,4,8,10-tetraoxa-3,9-diphosphaspiro[5.5]undecane",144-35-4,organophosphates,Antioxidants,Organophosphates
1011,FISKBOUWERTLRE-UHFFFAOYSA-N,CCCCCCCCCC(CCCCCCCC(=O)O)OS(=O)(=O)O,380.50,61,CHOS,"S, P or Si",,,2,9-(Sulphooxy)octadecanoic acid,,12018,12099,"9-(Sulphooxy)octadecanoic acid | Octadecanoic acid, 9-(sulfooxy)-, monosodium salt",68170-59-2;68331-91-9,,,
1012,XPZQBGDNVOHQIS-UHFFFAOYSA-N,O=c1c2cc(Cl)ccc2[nH]c2cc3c(=O)c4cc(Cl)ccc4[nH]c3cc12,381.20,36,CHNOCl,halogen,,thermodynamics_pending,2,"2,9-Dichloro-5,12-dihydroquino[2,3-b]acridine-7,14-dione",,7149;10837,,"2,9-Dichloro-5,12-dihydroquino[2,3-b]acridine-7,14-dione | 2,9-Dichloro-5,12-dihydroquino[2,3-b]acridine-7,14-dione",3089-17-6;61932-63-6,,,
1013,NISZMWZPLJGKCC-UHFFFAOYSA-N,Cc1ccc(N2C(=O)c3cccc4c(N)c(S(=O)(=O)O)cc(c34)C2=O)cc1,382.40,41,CHNOS,"S, P or Si",,,1,,yes: the neutral parent's PubChem name by InChIKey,,5340,Brilliant sulfaflavine,2391-30-2,,,
1014,OBRMNDMBJQTZHV-UHFFFAOYSA-N,Cc1cc(C2(c3ccc(O)c(C)c3)OS(=O)(=O)c3ccccc32)ccc1O,382.40,45,CHOS,"S, P or Si",,,1,Cresol red,,4080,,Cresol red,1733-12-6,phenolic_antioxidants,,
1015,ULGAVXUJJBOWOD-UHFFFAOYSA-N,CC(C)(C)c1ccc(OP(=O)(Oc2ccccc2)Oc2ccccc2)cc1,382.40,50,CHOP,"S, P or Si",,,1,p-tert-Butylphenyl diphenyl phosphate,,16021,,p-tert-Butylphenyl diphenyl phosphate,981-40-8,organophosphates,,Organophosphates
1016,VDIFKDMFGPIVCQ-UHFFFAOYSA-N,CC(C)(C)c1ccccc1OP(=O)(Oc1ccccc1)Oc1ccccc1,382.40,50,CHOP,"S, P or Si",,,1,tert-Butylphenyl diphenyl phosphate,,10019,,tert-Butylphenyl diphenyl phosphate,56803-37-3,organophosphates,,Organophosphates
1017,AAQUCXJJDQZZOJ-UHFFFAOYSA-N,CCCCC(CC)COP(OCC(CC)CCCC)Oc1ccccc1,382.50,65,CHOP,"S, P or Si",,,1,Bis(2-ethylhexyl) phenyl phosphite,,7252,,Bis(2-ethylhexyl) phenyl phosphite,3164-60-1,organophosphates,Antioxidants,Organophosphates
1018,GPKQLHLOONCFDY-UHFFFAOYSA-N,CC(C)CCCCCOP(OCCCCCC(C)C)Oc1ccccc1,382.50,65,CHOP,"S, P or Si",,,1,Diisooctyl phenyl phosphite,,6255,,Diisooctyl phenyl phosphite,26544-22-9,organophosphates,Antioxidants,Organophosphates
1019,CAXJFBOSFXRPOJ-UHFFFAOYSA-N,O=S(=O)(c1ccccc1)N(SC(Cl)(Cl)Cl)c1ccccc1,382.70,31,CHNOClS,"S, P or Si",,,1,N-Phenyl-N-((trichloromethyl)thio)benzenesulfonamide,,5192,,N-Phenyl-N-((trichloromethyl)thio)benzenesulfonamide,2280-49-1,,,
1020,UQOXIKVRXYCUMT-UHFFFAOYSA-N,C[Si](C)(CCC1CCC2OC2C1)O[Si](C)(C)CCC1CCC2OC2C1,382.70,63,CHOSi,"S, P or Si",,,1,"1,3-Bis(2-(7-oxabicyclo[4.1.0]heptan-3-yl)ethyl)-1,1,3,3-tetramethyldisiloxane",,4387,,"1,3-Bis(2-(7-oxabicyclo[4.1.0]heptan-3-yl)ethyl)-1,1,3,3-tetramethyldisiloxane",18724-32-8,silanes_siloxanes_silicones,,Siloxanes and silanes
1021,XJYVVHWZCYUMQY-UHFFFAOYSA-N,Cc1[nH]n2c(=O)c3ccccc3nc2c1N=Nc1ccc(Cl)cc1[N+](=O)[O-],382.80,38,CHNOCl,halogen,,thermodynamics_pending,1,"3-[(4-Chloro-2-nitrophenyl)azo]-2-methylpyrazolo[5,1-b]quinazolin-9(1H)-one",,13266,,"3-[(4-Chloro-2-nitrophenyl)azo]-2-methylpyrazolo[5,1-b]quinazolin-9(1H)-one",74336-59-7,,,
1022,ZXXVVTBKBDDTSE-UHFFFAOYSA-N,N#CCCN(CCC#N)c1ccc(N=Nc2ccc([N+](=O)[O-])cc2Cl)cc1,382.80,42,CHNOCl,halogen,,thermodynamics_pending,1,"Propanenitrile, 3,3'-[[4-[(2-chloro-4-nitrophenyl)azo]phenyl]imino]bis-",,8278,,"Propanenitrile, 3,3'-[[4-[(2-chloro-4-nitrophenyl)azo]phenyl]imino]bis-",4058-30-4,,,
1023,RXGLOZHXBFAPAH-UHFFFAOYSA-N,c1ccc(-n2c(SCc3cccc4ccccc34)nnc2-c2ccco2)cc1,383.50,45,CHNOS,"S, P or Si",,,1,"3-(Furan-2-yl)-5-(naphthalen-1-ylmethylsulfanyl)-4-phenyl-1,2,4-triazole",,10366,,"3-(Furan-2-yl)-5-(naphthalen-1-ylmethylsulfanyl)-4-phenyl-1,2,4-triazole",5926-55-6,,,
1024,RIZMRRKBZQXFOY-UHFFFAOYSA-N,CCOP(=S)(OCC)SCSP(=S)(OCC)OCC,384.50,41,CHOSP,"S, P or Si",,,1,Ethion,,9947,,Ethion,563-12-2,,,
1025,OTTUQUOINFJTBJ-UHFFFAOYSA-N,CCOCCO[Si](OCCOCC)(OCCOCC)OCCOCC,384.50,61,CHOSi,"S, P or Si",,,1,Tetrakis(2-ethoxyethyl) orthosilicate,,4320,,Tetrakis(2-ethoxyethyl) orthosilicate,18407-94-8,silanes_siloxanes_silicones,,Siloxanes and silanes
1026,HZGIOLNCNORPKR-UHFFFAOYSA-N,CO[Si](CCCNCCNCCC[Si](OC)(OC)OC)(OC)OC,384.60,60,CHNOSi,"S, P or Si",,,1,"N,N'-Bis(3-(trimethoxysilyl)propyl)ethylenediamine",,12456,,"N,N'-Bis(3-(trimethoxysilyl)propyl)ethylenediamine",68845-16-9,silanes_siloxanes_silicones,,Siloxanes and silanes
1027,VNDRMZTXEFFQDR-UHFFFAOYSA-N,S=C(SSSSC(=S)N1CCCCC1)N1CCCCC1,384.70,40,CHNS,"S, P or Si",,,1,Dipentamethylenethiuram tetrasulfide,,1574,,Dipentamethylenethiuram tetrasulfide,120-54-7,,,
1028,FBZANXDWQAVSTQ-UHFFFAOYSA-N,C[Si](C)(C)O[Si](C)(C)O[Si](C)(C)O[Si](C)(C)O[Si](C)(C)C,384.80,57,CHOSi,"S, P or Si",,,1,Dodecamethylpentasiloxane,,2984,,Dodecamethylpentasiloxane,141-63-9,silanes_siloxanes_silicones,,Siloxanes and silanes
1029,VCGVMOQWIMIGCQ-UHFFFAOYSA-N,CC(CCl)OP(=O)(OCCCOCCCCl)OC(C)CCl,385.70,45,CHOClP,"S, P or Si",,,1,Bis(1-chloro-2-propyl)-3-(3-chloropropoxy)propyl phosphate,,2809,,Bis(1-chloro-2-propyl)-3-(3-chloropropoxy)propyl phosphate,137888-37-0,organophosphates,,Organophosphates
1030,JYNBEDVXQNFTOX-UHFFFAOYSA-N,Cc1ccc(N=Nc2c(O)c(C(=O)O)cc3ccccc23)c(S(=O)(=O)O)c1,386.40,41,CHNOS,"S, P or Si",,,1,,yes: the neutral parent's PubChem name by InChIKey,,10262,D&C Red No. 6,5858-81-1,,,
1031,WZCPXDVHGSRSLT-UHFFFAOYSA-N,O=C(O)C(c1ccccc1-c1ccccc1)C(O)c1ccc(C(F)(F)F)cc1,386.40,45,CHOF,halogen,,thermodynamics_pending,1,4-Trifluoromethylphenyl-2-biphenylyl-3-hydroxypropionic acid,,3009,,4-Trifluoromethylphenyl-2-biphenylyl-3-hydroxypropionic acid,141901-74-8,PFASs,,PFAS
1032,MBUAAMOJATXYKR-UHFFFAOYSA-N,Nc1ccc(OP(=S)(Oc2ccc(N)cc2)Oc2ccc(N)cc2)cc1,387.40,44,CHNOSP,"S, P or Si",,,1,Tris(4-aminophenyl) thiophosphate,,9421,,Tris(4-aminophenyl) thiophosphate,52664-35-4,organophosphates,,Organophosphates
1033,PYJJCSYBSYXGQQ-UHFFFAOYSA-N,CCCCCCCCCCCCCCCCCC[Si](Cl)(Cl)Cl,387.90,59,CHClSi,"S, P or Si",,,1,Octadecyltrichlorosilane,,1204,,Octadecyltrichlorosilane,112-04-9,silanes_siloxanes_silicones,,Siloxanes and silanes
1034,SOJKLCSQJMPLCK-UHFFFAOYSA-N,Cc1cc(N=Nc2ccc(C)c(N=Nc3cc(C)c(N)cc3N)c2)c(N)cc1N,388.50,53,CHN,CHNO,,,1,,yes: the neutral parent's PubChem name by InChIKey,,9643,Bismark Brown R,5421-66-9,,,
1035,OYGYKEULCAINCL-UHFFFAOYSA-N,CCCCCCCCCCCCCCCC[Si](OCC)(OCC)OCC,388.70,74,CHOSi,"S, P or Si",,,1,Hexadecyltriethoxysilane,,3829,,Hexadecyltriethoxysilane,16415-13-7,silanes_siloxanes_silicones,,Siloxanes and silanes
1036,ZXFXBSWRVIQKOD-UOFFAGTMSA-N,ClC1=C(Cl)[C@]2(Cl)[C@@H]3[C@@H](Cl)[C@H]4O[C@H]4[C@@H]3[C@@]1(Cl)C2(Cl)Cl,389.30,23,CHOCl,halogen,,thermodynamics_pending,1,Epoxyheptachlor,,336,,Epoxyheptachlor,1024-57-3,,,
1037,RYUJRXVZSJCHDZ-UHFFFAOYSA-N,CC(C)CCCCCCCOP(=O)(Oc1ccccc1)Oc1ccccc1,390.50,58,CHOP,"S, P or Si",,,1,Isodecyl diphenyl phosphate,,6909,,Isodecyl diphenyl phosphate,29761-21-5,organophosphates,,Organophosphates
1038,RLLPVAHGXHCWKJ-UHFFFAOYSA-N,CC1(C)C(C=C(Cl)Cl)C1C(=O)OCc1cccc(Oc2ccccc2)c1,391.30,46,CHOCl,halogen,,running,1,Permethrin,,9397,,Permethrin,52645-53-1,,,
1039,PJYHHQWKRMLIKE-UHFFFAOYSA-N,CN(C)CCS(=O)(=O)c1ccc(C2=NNCC2c2ccc(Cl)cc2)cc1,391.90,48,CHNOClS,"S, P or Si",,,1,,yes: the neutral parent's PubChem name by InChIKey,,713,"2-(4-(3-(4-Chlorophenyl)-4,5-dihydropyrazolyl)phenylsulfonyl)ethyldimethylammonium hydrogen phosphonate",106359-93-7,organophosphates,,Organophosphates
1040,YQZZHMXSIYMFDK-UHFFFAOYSA-N,C=CC(=O)OCCOP(=O)(OCCOC(=O)C=C)OCCOC(=O)C=C,392.30,47,CHOP,"S, P or Si",,,1,Phosphinylidynetris(oxyethylene) triacrylate,,7680,,Phosphinylidynetris(oxyethylene) triacrylate,35057-49-9,organophosphates,,Organophosphates
1041,AWXCEFQSHXRBSB-UHFFFAOYSA-N,COc1c(-c2ccccc2)c(=O)c2ccc3c4ccccc4sc4ccc1c2c43,392.50,45,CHOS,"S, P or Si",,,1,"1H-Naphtho[2,1,8-mna]thioxanthen-1-one, 3-methoxy-2-phenyl-",,7762,,"1H-Naphtho[2,1,8-mna]thioxanthen-1-one, 3-methoxy-2-phenyl-",35763-62-3,,,
1042,DNCLGFHLBSMLPC-UHFFFAOYSA-N,CCN(C(=S)SSC(=S)N(CC)c1ccccc1)c1ccccc1,392.60,44,CHNS,"S, P or Si",,,1,[Ethyl({[ethyl(phenyl)carbamothioyl]disulfanyl}carbothioyl)amino]benzene,,8351,,[Ethyl({[ethyl(phenyl)carbamothioyl]disulfanyl}carbothioyl)amino]benzene,41365-24-6,,,
1043,NDDLLTAIKYHPOD-ISLYRVAYSA-N,Cc1cc(Cl)cc2c1C(=O)/C(=C1\Sc3cc(Cl)cc(C)c3C1=O)S2,393.30,34,CHOClS,"S, P or Si",,,1,D&C Red No. 30,,5317,,D&C Red No. 30,2379-74-0,,,
1044,OPBOOIFXQHPAPJ-UHFFFAOYSA-N,Nc1c(S(=O)(=O)O)cc(Nc2ccccc2)c2c1C(=O)c1ccccc1C2=O,394.40,42,CHNOS,"S, P or Si",,,1,,yes: the neutral parent's PubChem name by InChIKey,,11268,Acid Blue 25,6408-78-2,,,
1045,BZCZGXOSHMMHLA-UHFFFAOYSA-N,Cc1c(C)c(C)c(CSc2nc3ccccc3c(=O)n2CC(C)C)c(C)c1C,394.60,58,CHNOS,"S, P or Si",,,1,C.I. Direct Black 11,,11494,,C.I. Direct Black 11,6486-52-8,,,
1046,YVTQGHMZUNKCTQ-UHFFFAOYSA-N,COP(=O)(Cc1ccc(-c2ccc(CP(=O)(OC)OC)cc2)cc1)OC,398.30,50,CHOP,"S, P or Si",,,1,"Tetramethyl ((1,1'-biphenyl)-4,4'-diylbis(methylene))bisphosphonate",,6495,,"Tetramethyl ((1,1'-biphenyl)-4,4'-diylbis(methylene))bisphosphonate",27344-43-0,organophosphates,,Organophosphates
1047,WTLBZVNBAKMVDP-UHFFFAOYSA-N,CCCCOCCOP(=O)(OCCOCCCC)OCCOCCCC,398.50,65,CHOP,"S, P or Si",,,1,Tris(2-butoxyethyl) phosphate,,13964,,Tris(2-butoxyethyl) phosphate,78-51-3,organophosphates,,Organophosphates
1048,QHGRPTNUHWYCEN-UHFFFAOYSA-N,CCCCCCCCOP(=O)(OCCCCCCCC)Oc1ccccc1,398.50,66,CHOP,"S, P or Si",,,1,Dioctyl phenyl phosphate,,10683,,Dioctyl phenyl phosphate,6161-81-5,organophosphates,,Organophosphates
1049,ZXZYMQCBRZBVIC-UHFFFAOYSA-N,CCCCC(CC)COP(=O)(OCC(CC)CCCC)Oc1ccccc1,398.50,66,CHOP,"S, P or Si",,,1,Bis(2-ethylhexyl) phenyl phosphate,,3809,,Bis(2-ethylhexyl) phenyl phosphate,16368-97-1,organophosphates,,Organophosphates
1050,IMQFZQVZKBIPCQ-UHFFFAOYSA-N,CCC(COC(=O)CCS)(COC(=O)CCS)COC(=O)CCS,398.60,50,CHOS,"S, P or Si",,,1,Trimethylolpropane tris(3-mercaptopropionate),,7441,,Trimethylolpropane tris(3-mercaptopropionate),33007-83-9,,,
1051,WDZLGCSJJWEQJO-UHFFFAOYSA-N,NS(=O)(=O)C(F)(F)C(F)(F)C(F)(F)C(F)(F)C(F)(F)C(F)(F)F,399.10,25,CHNOFS,"S, P or Si",,,1,Perfluorohexanesulfonamide,,8435,,Perfluorohexanesulfonamide,41997-13-1,PFASs,,PFAS
1052,STBISWCOPIJZJA-UHFFFAOYSA-N,CC(C)(C)c1cc(Cl)cc(Sc2cc(Cl)cc(C(C)(C)C)c2O)c1O,399.40,49,CHOClS,"S, P or Si",,,1,"Phenol, 2,2'-thiobis(6-tert-butyl-4-chloro-",,10487,,"Phenol, 2,2'-thiobis(6-tert-butyl-4-chloro-",6012-78-8,,Antioxidants,
1053,GMBNNHLANOGOAU-UHFFFAOYSA-N,Nc1c(S(=O)(=O)O)cc(NC2CCCCC2)c2c1C(=O)c1ccccc1C2=O,400.50,48,CHNOS,"S, P or Si",,,1,,yes: the neutral parent's PubChem name by InChIKey,,8568,Acid Blue 62,4368-56-3,,,
1054,NXNBQTKAIDIYCE-UHFFFAOYSA-N,CCOC(=O)N1CCN(Cc2cc(CC)sc2NC(=O)c2ccccc2)CC1,401.50,55,CHNOS,"S, P or Si",,,1,Ethyl 4-({5-ethyl-2-[(phenylcarbonyl)amino]thiophen-3-yl}methyl)piperazine-1-carboxylate,,16300,,Ethyl 4-({5-ethyl-2-[(phenylcarbonyl)amino]thiophen-3-yl}methyl)piperazine-1-carboxylate,6911-45-1,,,
1055,XNANGTRPTFPPPE-UHFFFAOYSA-N,O=C(Nc1ccccc1)c1cc2ccccc2c(N=Nc2ccccc2Cl)c1O,401.90,45,CHNOCl,halogen,,failed,1,"2-Naphthalenecarboxamide, 4-[(2-chlorophenyl)azo]-3-hydroxy-N-phenyl-",,11272,,"2-Naphthalenecarboxamide, 4-[(2-chlorophenyl)azo]-3-hydroxy-N-phenyl-",6410-26-0,,,
1056,QARIOUOTENZTDH-UHFFFAOYSA-N,O=P(Oc1ccccc1)(Oc1ccccc1)Oc1ccccc1-c1ccccc1,402.40,48,CHOP,"S, P or Si",,,1,2-Biphenylyl diphenyl phosphate,,2387,,2-Biphenylyl diphenyl phosphate,132-29-6,organophosphates,,Organophosphates
1057,LMPDTDULXWWGSC-UHFFFAOYSA-N,CCCCC(CC)COP(=O)(O)OP(=O)(O)OCC(CC)CCCC,402.40,61,CHOP,"S, P or Si",,,1,,yes: the neutral parent's PubChem name by InChIKey,,2417,"Bis(2-ethylhexyl) di(hydrogen phosphate), sodium salt",1322-99-2,organophosphates,,Organophosphates
1058,LEDIWWJKWAMGLD-UHFFFAOYSA-N,CCCCCCCCCC(C)(C)SSC(C)(C)CCCCCCCCC,402.80,76,CHS,"S, P or Si",,,1,Di-tert-dodecyl disulfide,,6509,,Di-tert-dodecyl disulfide,27458-90-8,,,
1059,VILGDADBAQFRJE-UHFFFAOYSA-N,CC(C)(C)N(Sc1nc2ccccc2s1)Sc1nc2ccccc2s1,403.60,42,CHNS,"S, P or Si",,,1,"2-Benzothiazolesulfenamide, N-(2-benzothiazolylthio)-N-(1,1-dimethylethyl)-",,7980,,"2-Benzothiazolesulfenamide, N-(2-benzothiazolylthio)-N-(1,1-dimethylethyl)-",3741-80-8,benzothiazole,,Benzothiazoles
1060,GXJQMKFJQFGQKV-KHPPLWFESA-N,CCCCCCCC/C=C\CCCCCCCC(=O)N(C)CCS(=O)(=O)O,403.60,68,CHNOS,"S, P or Si",,,1,,yes: the neutral parent's PubChem name by InChIKey,,2757,Sodium N-methyl-N-oleoyltaurate,137-20-2,,,
1061,RNTXYZIABJIFKQ-UHFFFAOYSA-N,CCCCCCCCCCCCSC(=S)SC(C)(C#N)CCC(=O)O,403.70,58,CHNOS,"S, P or Si",,,1,4-Cyano-4-(dodecylsulfanylthiocarbonyl)sulfanylpentanoic acid,,14805,,4-Cyano-4-(dodecylsulfanylthiocarbonyl)sulfanylpentanoic acid,870196-80-8,,,
1062,MUGLBKVIXNFMSC-UHFFFAOYSA-N,CCCCCCCCCCCCCCCCCCOS(=O)OCCCCC,404.70,75,CHOS,"S, P or Si",,,1,"Sulfurous acid, octadecyl pentyl ester",,17605,,"Sulfurous acid, octadecyl pentyl ester",,,,
1063,ZHGLTPQKDYQQHI-UHFFFAOYSA-N,C=CCOC(=O)C(CC(=O)OC(CCC)CCCCCCCC)S(=O)(=O)O,406.50,61,CHOS,"S, P or Si",,,1,,yes: the neutral parent's PubChem name by InChIKey,,15699,"Butanedioic acid, sulfo-, 4-dodecyl 1-(2-propenyl) ester, sodium salt",94227-22-2,,,
1064,YREDCFUZMPDCSM-UHFFFAOYSA-N,CCCCC(CC)COC(=O)CSSCC(=O)OCC(CC)CCCC,406.70,64,CHOS,"S, P or Si",,,1,Bis(2-ethylhexyl) dithiodiacetate,,10922,,Bis(2-ethylhexyl) dithiodiacetate,62268-47-7,,,
1065,WZHNIFQVNBINLF-UHFFFAOYSA-N,Brc1ccc(Oc2cccc(Br)c2Br)cc1,406.90,23,CHOBr,halogen,,thermodynamics_pending,1,"2,3,4'-Tribromodiphenyl ether",,8610,,"2,3,4'-Tribromodiphenyl ether",446254-15-5,,,
1066,XMNXHCHZIPYCNA-UHFFFAOYSA-N,Brc1cc(Br)cc(Oc2ccccc2Br)c1,406.90,23,CHOBr,halogen,,thermodynamics_pending,1,"2,3',5'-Tribromodiphenyl ether",,8612,,"2,3',5'-Tribromodiphenyl ether",446254-17-7,,,
1067,XQHLKDAUZRXBGC-UHFFFAOYSA-N,Brc1cc(Br)c(Br)c(Oc2ccccc2)c1,406.90,23,CHOBr,halogen,,thermodynamics_pending,1,"2,3,5-Tribromodiphenyl ether",,8611,,"2,3,5-Tribromodiphenyl ether",446254-16-6,,,
1068,RDYMFSUJUZBWLH-AZVNHNRSSA-N,O=S1OC[C@@H]2[C@H](CO1)[C@]1(Cl)C(Cl)=C(Cl)[C@@]2(Cl)C1(Cl)Cl,406.90,25,CHOClS,"S, P or Si",,,2,beta-Endosulfan,,7468;15818,,beta-Endosulfan | beta-Endosulfan,33213-65-9;959-98-8,,,
1069,RDYMFSUJUZBWLH-UHFFFAOYSA-N,O=S1OCC2C(CO1)C1(Cl)C(Cl)=C(Cl)C2(Cl)C1(Cl)Cl,406.90,25,CHOClS,"S, P or Si",,,1,Endosulfan,,1362,,Endosulfan,115-29-7,,,
1070,KEYWXKLGZZGHMT-UHFFFAOYSA-N,O=S(=O)(O)c1ccc(N=Nc2c(O)ccc3cc(S(=O)(=O)O)ccc23)cc1,408.40,39,CHNOS,"S, P or Si",,,1,,yes: the neutral parent's PubChem name by InChIKey,,6579,Sunset Yellow FCF,2783-94-0,azodyes,,Azo dyes
1071,MPVDXIMFBOLMNW-UHFFFAOYSA-N,O=S(=O)(O)c1cc(S(=O)(=O)O)c2c(N=Nc3ccccc3)c(O)ccc2c1,408.40,39,CHNOS,"S, P or Si",,,1,,yes: the neutral parent's PubChem name by InChIKey,,4546,Orange G,1936-15-8,azodyes,,Azo dyes
1072,OLPTYESEXWLOCS-UHFFFAOYSA-N,CC(C)(c1ccc(OCC(O)CS)cc1)c1ccc(OCC(O)CS)cc1,408.60,55,CHOS,"S, P or Si",,,1,"1,1'-(Isopropylidenebis(p-phenyleneoxy))bis(3-mercaptopropan-2-ol)",,6942,,"1,1'-(Isopropylidenebis(p-phenyleneoxy))bis(3-mercaptopropan-2-ol)",29953-09-1,,,
1073,PGAXJQVAHDTGBB-UHFFFAOYSA-N,CCCCN(CCCC)C(=S)SSC(=S)N(CCCC)CCCC,408.80,60,CHNS,"S, P or Si",,,1,Tetrabutylthiuram disulfide,,3803,,Tetrabutylthiuram disulfide,1634-02-2,,,
1074,QOTYLQBPNZRMNL-UHFFFAOYSA-N,CC(C)CN(CC(C)C)C(=S)SSC(=S)N(CC(C)C)CC(C)C,408.80,60,CHNS,"S, P or Si",,,1,"Thioperoxydicarbonic diamide ([(H2N)C(S)]2S2), tetrakis(2-methylpropyl)-",,7080,,"Thioperoxydicarbonic diamide ([(H2N)C(S)]2S2), tetrakis(2-methylpropyl)-",3064-73-1,,,
1075,XOCOMEGNVMCRMP-UHFFFAOYSA-N,CC[Si]1(CC)O[Si](CC)(CC)O[Si](CC)(CC)O[Si](CC)(CC)O1,408.80,64,CHOSi,"S, P or Si",,,1,Octaethylcyclotetrasiloxane,,3155,,Octaethylcyclotetrasiloxane,1451-99-6,silanes_siloxanes_silicones,,Siloxanes and silanes
1076,WLFKZMHSYFTYSW-UHFFFAOYSA-N,CC(=O)C(N=Nc1ccc(Cl)cc1[N+](=O)[O-])C(=O)Nc1ccc(Cl)cc1C,409.20,41,CHNOCl,halogen,,thermodynamics_pending,1,2-[(4-chloro-2-nitrophenyl)azo]-N-(4-chloro-o-tolyl)-3-oxobutyramide,,7355,,2-[(4-chloro-2-nitrophenyl)azo]-N-(4-chloro-o-tolyl)-3-oxobutyramide,32432-45-4,,,
1077,NTZOUXAZCADJBZ-UHFFFAOYSA-N,CS(=O)(=O)Oc1ccc(Nc2ccc(O)c3c2C(=O)c2ccccc2C3=O)cc1,409.40,44,CHNOS,"S, P or Si",,,1,"9,10-Anthracenedione, 1-hydroxy-4-[[4-[(methylsulfonyl)oxy]phenyl]amino]-",,3643,,"9,10-Anthracenedione, 1-hydroxy-4-[[4-[(methylsulfonyl)oxy]phenyl]amino]-",1594-08-7,,,
1078,XXQVCGHGQCAKKA-UHFFFAOYSA-N,Cc1ccc(Nc2ccc(O)c3c2C(=O)c2ccccc2C3=O)c(S(=O)(=O)O)c1,409.40,44,CHNOS,"S, P or Si",,,1,,yes: the neutral parent's PubChem name by InChIKey,,8597,Acid violet 43,4430-18-6,,,
1079,DTOOHWOPSUKNJL-UHFFFAOYSA-N,CCc1ccccc1OP(=O)(Oc1ccccc1CC)Oc1ccccc1CC,410.50,56,CHOP,"S, P or Si",,,1,Tris(o-ethylphenyl) phosphate,,8101,,Tris(o-ethylphenyl) phosphate,3862-08-6,organophosphates,,Organophosphates
1080,GQJZORIDXGBCCT-UHFFFAOYSA-N,CC(C)c1ccc(OP(=O)(Oc2ccccc2)Oc2ccc(C(C)C)cc2)cc1,410.50,56,CHOP,"S, P or Si",,,1,Bis(4-isopropylphenyl) phenyl phosphate,,9892,,Bis(4-isopropylphenyl) phenyl phosphate,55864-07-8,organophosphates,,Organophosphates
1081,KOWVWXQNQNCRRS-UHFFFAOYSA-N,Cc1ccc(OP(=O)(Oc2ccc(C)cc2C)Oc2ccc(C)cc2C)c(C)c1,410.50,56,CHOP,"S, P or Si",,,1,Trixylenyl phosphate,,16149,,Trixylenyl phosphate,25155-23-1,organophosphates,,Organophosphates
1082,LLPMAOBOEQFPRE-UHFFFAOYSA-N,Cc1cc(C)cc(OP(=O)(Oc2cc(C)cc(C)c2)Oc2cc(C)cc(C)c2)c1,410.50,56,CHOP,"S, P or Si",,,1,"Tris(3,5-xylenyl)phosphate",,16121,,"Tris(3,5-xylenyl)phosphate",25653-16-1,organophosphates,,Organophosphates
1083,DIAXRUOBYBLEJE-UHFFFAOYSA-N,Nc1ccc2cc(S(=O)(=O)O)cc(O)c2c1N=Nc1ccccc1C(F)(F)F,411.40,40,CHNOFS,"S, P or Si",,,1,,yes: the neutral parent's PubChem name by InChIKey,,11830,Acid red 337,67786-14-5,PFASs,,PFAS
1084,NOTIZSFOCIIJFB-UHFFFAOYSA-N,O=S(=O)(O)C1(F)C(F)(F)C(F)(F)C(F)(C(F)(F)F)C(F)(F)C1(F)F,412.10,25,CHOFS,"S, P or Si",,,1,,yes: the neutral parent's PubChem name by InChIKey,,7977,Potassium perfluoro-4-(methyl)cyclohexanesulfonate,374-62-9,PFASs,,PFAS
1085,SDUIURJVOCHJCO-UHFFFAOYSA-N,CCN(CC)c1ccc2cc(-c3nc4cc(S(N)(=O)=O)ccc4o3)c(=O)oc2c1,413.50,48,CHNOS,"S, P or Si",,,1,3-(5-(Aminosulfonyl)benzoxazol-2-yl)-7-(diethylamino)coumarin,,12174,,3-(5-(Aminosulfonyl)benzoxazol-2-yl)-7-(diethylamino)coumarin,68427-35-0,,,
1086,WWMBSMIBXPWLPT-UHFFFAOYSA-N,O=C(O)C(F)(F)C(F)(C(F)(F)C(F)(F)F)C(F)(F)C(F)(F)C(F)(F)F,414.10,26,CHOF,halogen,,thermodynamics_pending,1,"2,2,3,4,4,5,5,6,6,6-Decafluoro-3-(pentafluoroethyl)hexanoic acid",,4421,,"2,2,3,4,4,5,5,6,6,6-Decafluoro-3-(pentafluoroethyl)hexanoic acid",1882109-78-5,PFASs,,PFAS
1087,XATJWKOXFKNUBI-UHFFFAOYSA-N,O=C(O)C(F)(C(F)(F)F)C(F)(F)C(F)(C(F)(F)F)C(F)(F)C(F)(F)F,414.10,26,CHOF,halogen,,thermodynamics_pending,1,"2,3,3,4,5,5,6,6,6-Nonafluoro-2,4-bis(trifluoromethyl)hexanoic acid",,4248,,"2,3,3,4,5,5,6,6,6-Nonafluoro-2,4-bis(trifluoromethyl)hexanoic acid",1812247-19-0,PFASs,,PFAS
1088,XREGJQQQMQWWNN-UHFFFAOYSA-N,O=C(O)C(F)(C(F)(F)F)C(F)(F)C(C(F)(F)F)(C(F)(F)F)C(F)(F)F,414.10,26,CHOF,halogen,,thermodynamics_pending,1,"2,3,3,5,5,5-Hexafluoro-2,4,4-tris(trifluoromethyl)pentanoic acid",,4416,,"2,3,3,5,5,5-Hexafluoro-2,4,4-tris(trifluoromethyl)pentanoic acid",1882109-73-0,PFASs,,PFAS
1089,FPSFVDSMPKJDAK-UHFFFAOYSA-N,Cn1c(O)c(C2=Nc3ccc(Sc4ccccc4)c4cccc2c34)c(=O)n(C)c1=O,415.50,47,CHNOS,"S, P or Si",,,1,"1,3-Dimethyl-5-(6-(phenylthio)benz(cd)indol-2(1H)-ylidene)barbituric acid",,10241,,"1,3-Dimethyl-5-(6-(phenylthio)benz(cd)indol-2(1H)-ylidene)barbituric acid",58470-74-9,,,
1090,XSTSGWJEOIPFED-UHFFFAOYSA-N,CC(=O)OCCN(CCC#N)c1ccc(N=Nc2ccc([N+](=O)[O-])cc2Cl)cc1,415.80,47,CHNOCl,halogen,,thermodynamics_pending,1,"Propanenitrile, 3-[[2-(acetyloxy)ethyl][4-[(2-chloro-4-nitrophenyl)azo]phenyl]amino]-",,10497,,"Propanenitrile, 3-[[2-(acetyloxy)ethyl][4-[(2-chloro-4-nitrophenyl)azo]phenyl]amino]-",6021-61-0,,,
1091,LXMSZDCAJNLERA-ZHYRCANASA-N,CC(=O)S[C@@H]1CC2=CC(=O)CC[C@]2(C)[C@H]2CC[C@@]3(C)[C@@H](CC[C@@]34CCC(=O)O4)[C@H]12,416.60,61,CHOS,"S, P or Si",,,1,Spironolactone,,9299,,Spironolactone,52-01-7,,,
1092,GUCYFKSBFREPBC-UHFFFAOYSA-N,Cc1cc(C)c(C(=O)P(=O)(C(=O)c2c(C)cc(C)cc2C)c2ccccc2)c(C)c1,418.50,57,CHOP,"S, P or Si",,,1,"Phenylbis(2,4,6-trimethylbenzoyl)phosphine oxide",,3788,,"Phenylbis(2,4,6-trimethylbenzoyl)phosphine oxide",162881-26-7,organophosphates,,Organophosphates
1093,DLZXXNAEQGRWPX-UHFFFAOYSA-N,CCCCCCCCCCCCOP(=O)(Oc1ccccc1)Oc1ccccc1,418.50,64,CHOP,"S, P or Si",,,1,"Phosphoric acid, dodecyl diphenyl ester",,6513,,"Phosphoric acid, dodecyl diphenyl ester",27460-02-2,organophosphates,,Organophosphates
1094,WYHIYIVTCWNVCW-UHFFFAOYSA-N,O=C(NCSc1nc2ccccc2s1)NCSc1nc2ccccc2s1,418.60,40,CHNOS,"S, P or Si",,,1,"1,3-Bis(benzothiazol-2-ylthiomethyl)urea",,15750,,"1,3-Bis(benzothiazol-2-ylthiomethyl)urea",95-35-2,,,
1095,DECPGQLXYYCNEZ-UHFFFAOYSA-N,CC(C)CCCCCOP(OCCCCCC(C)C)OCCCCCC(C)C,418.60,79,CHOP,"S, P or Si",,,1,Triisooctyl phosphite,,5720,,Triisooctyl phosphite,25103-12-2,organophosphates,,Organophosphates
1096,ILLOBGFGKYTZRO-UHFFFAOYSA-N,CCCCC(CC)COP(OCC(CC)CCCC)OCC(CC)CCCC,418.60,79,CHOP,"S, P or Si",,,1,Tris(2-ethylhexyl) phosphite,,6975,,Tris(2-ethylhexyl) phosphite,301-13-3,organophosphates,,Organophosphates
1097,SPBMDAHKYSRJFO-UHFFFAOYSA-N,CCCCCCCCCCCCOP(O)OCCCCCCCCCCCC,418.60,79,CHOP,"S, P or Si",,,1,Didodecyl hydrogen phosphite,,4924,,Didodecyl hydrogen phosphite,21302-90-9,organophosphates,,Organophosphates
1098,NYPJDWWKZLNGGM-RPWUZVMVSA-N,CC(C)[C@H](C(=O)O[C@H](C#N)c1cccc(Oc2ccccc2)c1)c1ccc(Cl)cc1,419.90,52,CHNOCl,halogen,,thermodynamics_pending,1,Esfenvalerate,,11657,,Esfenvalerate,66230-04-4,,,
1099,AFYXTAGHDMSQCP-UHFFFAOYSA-N,C=CCOC(=O)C(CC(=O)OC(CCC)CCCCCCCCC)S(=O)(=O)O,420.60,64,CHOS,"S, P or Si",,,1,,yes: the neutral parent's PubChem name by InChIKey,,14305,"Butanedioic acid, sulfo-, 1-(2-propenyl) 4-tridecyl ester, sodium salt",81943-41-1,,,
1100,UCTUWLQBNDCKIQ-UHFFFAOYSA-N,C#CCCCCCCCCC(=O)OCCCCCCCCCCCCCCCCC,420.70,82,CHO,CHNO,,failed,1,"Undec-10-ynoic acid, heptadecyl ester",,17421,,"Undec-10-ynoic acid, heptadecyl ester",,,,
1101,LZNMMJSXOXXHFD-UHFFFAOYSA-N,Cc1cc(S(=O)(=O)O)c(N=Nc2c(O)c(C(=O)O)cc3ccccc23)cc1Cl,420.80,41,CHNOClS,"S, P or Si",,,1,"2-Naphthalenecarboxylic acid, 4-[(5-chloro-4-methyl-2-sulfophenyl)azo]-3-hydroxy-",,9443,,"2-Naphthalenecarboxylic acid, 4-[(5-chloro-4-methyl-2-sulfophenyl)azo]-3-hydroxy-",5280-66-0,,,
1102,KQYMXKWYMPNOTG-UHFFFAOYSA-N,Cc1ccc(C)c(C(=O)c2ccc3c(c2)C(O)=C(c2nc4ccccc4cc2O)C3=O)c1,421.50,51,CHNO,CHNO,,failed,1,"1H-Inden-1-one, 6-(2,5-dimethylbenzoyl)-3-hydroxy-2-(3-hydroxy-2-quinolinyl)-",,4646,,"1H-Inden-1-one, 6-(2,5-dimethylbenzoyl)-3-hydroxy-2-(3-hydroxy-2-quinolinyl)-",198625-33-1,,,
1103,ARNURRQQSTYLEY-UHFFFAOYSA-N,CCN=C1C=CC(=C(c2ccc(N(C)C)cc2)c2ccc(N(C)C)cc2)c2ccccc21,421.60,63,CHN,CHNO,,,1,,yes: the neutral parent's PubChem name by InChIKey,,5022,Victoria Blue R,2185-86-6,,,
1104,XOILGBPDXMVFIP-UHFFFAOYSA-N,Cc1ccc(S(=O)(=O)C(I)I)cc1,422.00,21,CHOIS,"S, P or Si",,,1,1-((Diiodomethyl)sulfonyl)-4-methylbenzene,,4665,,1-((Diiodomethyl)sulfonyl)-4-methylbenzene,20018-09-1,,,
1105,JMEVHYCNAPFOAB-UHFFFAOYSA-N,O=C1C(c2[nH]c3ccc(S(=O)(=O)O)cc3c2O)=Nc2ccc(S(=O)(=O)O)cc21,422.40,38,CHNOS,"S, P or Si",,,1,,yes: the neutral parent's PubChem name by InChIKey,,14732,Indigo carmine,860-22-0,,,
1106,ABTIMDCFDYKWSF-UHFFFAOYSA-N,Cc1ccccc1N=Nc1c(O)c(S(=O)(=O)O)cc2cc(S(=O)(=O)O)ccc12,422.40,42,CHNOS,"S, P or Si",,,1,,yes: the neutral parent's PubChem name by InChIKey,,10258,Acid red 24,5858-30-0,,,
1107,HNSDLXPSAYFUHK-UHFFFAOYSA-N,CCCCC(CC)COC(=O)CC(C(=O)OCC(CC)CCCC)S(=O)(=O)O,422.60,66,CHOS,"S, P or Si",,,2,Docusate,,106,10145,Docusate | Docusate Sodium,10041-19-7;577-11-7,,,
1108,OXLXSOPFNVKUMU-UHFFFAOYSA-N,CCCCCCCCOC(=O)CC(C(=O)OCCCCCCCC)S(=O)(=O)O,422.60,66,CHOS,"S, P or Si",,,1,,yes: the neutral parent's PubChem name by InChIKey,,3822,Sodium dioctyl sulfosuccinate,1639-66-3,,,
1109,HIUUYKQXGKZRNS-KTKRTIGZSA-N,CCCCCCCC/C=C\CCCCCCCC1=NCCN1CCOCCC(=O)O,422.70,76,CHNO,CHNO,,,1,,yes: the neutral parent's PubChem name by InChIKey,,15681,"Sodium (Z)-3-(2-(2-(heptadec-8-enyl)-4,5-dihydro-1H-imidazol-1-yl)ethoxy)propionate",94108-69-7,,,
1110,BESKSSIEODQWBP-UHFFFAOYSA-N,C=C(C)C(=O)OCCC[Si](O[Si](C)(C)C)(O[Si](C)(C)C)O[Si](C)(C)C,422.80,63,CHOSi,"S, P or Si",,,1,3-(Tris(trimethylsiloxy)silyl)propyl methacrylate,,4014,,3-(Tris(trimethylsiloxy)silyl)propyl methacrylate,17096-07-0,silanes_siloxanes_silicones,,Siloxanes and silanes
1111,LMODBLQHQHXPEI-UHFFFAOYSA-N,CCCCN(CCCC)C(=S)SCSC(=S)N(CCCC)CCCC,422.80,63,CHNS,"S, P or Si",,,1,Methylene dibutyldithiocarbamate,,340,,Methylene dibutyldithiocarbamate,10254-57-6,,,
1112,AAPVQEMYVNZIOO-UHFFFAOYSA-N,O=S1(=O)OCC2C(CO1)C1(Cl)C(Cl)=C(Cl)C2(Cl)C1(Cl)Cl,422.90,26,CHOClS,"S, P or Si",,,1,Endosulfan sulfate,,400,,Endosulfan sulfate,1031-07-8,,,
1113,YLOYZOWOIITCGD-UHFFFAOYSA-N,CCCCCCCCCCCC(=O)NCCOC(=O)C(CC(=O)O)S(=O)(=O)O,423.50,61,CHNOS,"S, P or Si",,,1,,yes: the neutral parent's PubChem name by InChIKey,,6031,Disodium 1-[2-[(1-oxododecyl)amino]ethyl] 2-sulphonatosuccinate,25882-44-4,,,
1114,SWVFBTUHIDDXAY-DTQAZKPQSA-N,N#C/C(=C1\N=C(c2c(O)[nH]c(=O)[nH]c2=O)c2ccccc21)c1nc2ccccc2c(=O)[nH]1,424.40,44,CHNO,CHNO,,failed,1,"2-Quinazolineacetonitrile, alpha-(2,3-dihydro-3-(tetrahydro-2,4,6-trioxo-5(2H)-pyrimidinylidene)-1H-isoindol-1-ylidene)-1,4-dihydro-4-oxo-",,12933,,"2-Quinazolineacetonitrile, alpha-(2,3-dihydro-3-(tetrahydro-2,4,6-trioxo-5(2H)-pyrimidinylidene)-1H-isoindol-1-ylidene)-1,4-dihydro-4-oxo-",71552-60-8,,,
1115,NNRSGUGASARXPY-UHFFFAOYSA-N,Cc1c(C#N)c(O)n(C)c(=O)c1N=Nc1cccc(OS(=O)(=O)c2ccccc2)c1,424.40,46,CHNOS,"S, P or Si",,,1,"1,2-Dihydro-6-hydroxy-1,4-dimethyl-2-oxo-5-[[3-[(phenylsulphonyl)oxy]phenyl]azo]nicotinonitrile",,10381,,"1,2-Dihydro-6-hydroxy-1,4-dimethyl-2-oxo-5-[[3-[(phenylsulphonyl)oxy]phenyl]azo]nicotinonitrile",59312-61-7,,,
1116,CNRPDCKHCGUKDK-UHFFFAOYSA-N,O=C1c2cccc(Sc3ccccc3)c2C(=O)c2c(Sc3ccccc3)cccc21,424.50,46,CHOS,"S, P or Si",,,1,"1,8-Di(phenylthio)anthraquinone",,2747,,"1,8-Di(phenylthio)anthraquinone",13676-91-0,,,
1117,YOGMQHMXNSEDLV-UHFFFAOYSA-N,Cc1ccc(C(N)=O)cc1N=Nc1c(O)c(C(=O)Nc2ccccc2)cc2ccccc12,424.50,52,CHNO,CHNO,,failed,1,"2-Naphthalenecarboxamide, 4-[[5-(aminocarbonyl)-2-methylphenyl]azo]-3-hydroxy-N-phenyl-",,3826,,"2-Naphthalenecarboxamide, 4-[[5-(aminocarbonyl)-2-methylphenyl]azo]-3-hydroxy-N-phenyl-",16403-84-2,,,
1118,MIXJDBGJNZNUPN-UHFFFAOYSA-N,COc1ccc(C)cc1NC(=O)CN(c1cccc(C)c1)S(=O)(=O)c1ccccc1,424.50,54,CHNOS,"S, P or Si",,,1,"C.I. Direct Black 41, trisodium salt",,11495,,"C.I. Direct Black 41, trisodium salt",6486-53-9,,,
1119,GAODDBNJCKQQDY-UHFFFAOYSA-N,CCCCCCCCSCc1cc(C)c(O)c(CSCCCCCCCC)c1,424.80,72,CHOS,"S, P or Si",,,1,"2-Methyl-4,6-bis((octylthio)methyl)phenol",,1044,,"2-Methyl-4,6-bis((octylthio)methyl)phenol",110553-27-0,,,
1120,RWLDCNACDPTRMY-UHFFFAOYSA-N,CCO[Si](CCCNCCC[Si](OCC)(OCC)OCC)(OCC)OCC,425.70,70,CHNOSi,"S, P or Si",,,1,Bis(3-(triethoxysilyl)propyl)amine,,2665,,Bis(3-(triethoxysilyl)propyl)amine,13497-18-2,silanes_siloxanes_silicones,,Siloxanes and silanes
1121,QHVBDWZOQBMLLW-UHFFFAOYSA-N,Cc1nn(-c2ccccc2)c(N)c1N=Nc1cc(Cl)c(S(=O)(=O)O)cc1Cl,426.30,40,CHNOClS,"S, P or Si",,,2,,yes: the neutral parent's PubChem name by InChIKey,,9327;12675,"Benzenesulfonic acid, 4-[(5-amino-3-methyl-1-phenyl-1H-pyrazol-4-yl)azo]-2,5-dichloro-, monolithium salt | Benzenesulfonic acid, 4-[(5-amino-3-methyl-1-phenyl-1H-pyrazol-4-yl)azo]-2,5-dichloro-, monosodium salt",52236-73-4;69762-08-9,azodyes,,Azo dyes
1122,XYZMEPHFXJHGIX-UHFFFAOYSA-N,Cc1ccc([N+](=O)[O-])cc1N=Nc1c(O)c(C(=O)Nc2ccccc2)cc2ccccc12,426.40,50,CHNO,CHNO,,failed,1,3-Hydroxy-4-[(2-methyl-5-nitrophenyl)azo]-N-phenylnaphthalene-2-carboxamide,,11373,,3-Hydroxy-4-[(2-methyl-5-nitrophenyl)azo]-N-phenylnaphthalene-2-carboxamide,6448-95-9,,,
1123,NERFNEXXWTXEMR-ZHACJKMWSA-N,O=S(=O)(O)c1cc(-n2nc3ccc4ccccc4c3n2)ccc1/C=C/c1ccccc1,427.50,48,CHNOS,"S, P or Si",,,1,,yes: the neutral parent's PubChem name by InChIKey,,11288,Fluorescent brightener 46,6416-68-8,,,
1124,XOCNYZFAMHDXJK-UHFFFAOYSA-N,COC(=O)C(F)(F)C(F)(F)C(F)(F)C(F)(F)C(F)(F)C(F)(F)C(F)(F)F,428.10,29,CHOF,halogen,,thermodynamics_pending,1,Methyl perfluorooctanoate,,7998,,Methyl perfluorooctanoate,376-27-2,PFASs,,PFAS
1125,VIONGDJUYAYOPU-UHFFFAOYSA-N,O=S(=O)(O)CCC(F)(F)C(F)(F)C(F)(F)C(F)(F)C(F)(F)C(F)(F)F,428.20,30,CHOFS,"S, P or Si",,,2,"1-Octanesulfonic acid, 3,3,4,4,5,5,6,6,7,7,8,8,8-tridecafluoro-",,6544,10397,"1-Octanesulfonic acid, 3,3,4,4,5,5,6,6,7,7,8,8,8-tridecafluoro- | Potassium 3,3,4,4,5,5,6,6,7,7,8,8,8-tridecafluorooctanesulphonate",27619-97-2;59587-38-1,PFASs,,PFAS
1126,LMWVIMOPAMZMLR-UHFFFAOYSA-N,Cc1cc(O)ccc1N=Nc1ccc(Nc2ccc(S(=O)(=O)O)cc2[N+](=O)[O-])cc1,428.40,46,CHNOS,"S, P or Si",,,1,,yes: the neutral parent's PubChem name by InChIKey,,12820,Acid Yellow 199,70865-20-2,,,
1127,XQFKOAKYKWUBKQ-UHFFFAOYSA-N,O=S(=O)(O)c1ccc2c(Cc3cccc4cc(S(=O)(=O)O)ccc34)cccc2c1,428.50,45,CHOS,"S, P or Si",,,1,5-[(6-Sulfonaphthalen-1-yl)methyl]naphthalene-2-sulfonic acid,,15319,,5-[(6-Sulfonaphthalen-1-yl)methyl]naphthalene-2-sulfonic acid,9084-06-4,,,
1128,FRWVYEYQVJKWSZ-UHFFFAOYSA-N,CCN=c1cc2oc3cc(NCC)c(C)cc3c(-c3ccccc3C(=O)OC)c-2cc1C,428.50,60,CHNO,CHNO,,,1,,yes: the neutral parent's PubChem name by InChIKey,,7089,"3,6-Bis(ethylamino)-9-(2-(methoxycarbonyl)phenyl)-2,7-dimethylxanthylium chloride",3068-39-1,,,
1129,KHICUSAUSRBPJT-UHFFFAOYSA-N,CCCCCCCCCCCCCCCCCC(=O)OC(C)C(=O)OC(C)C(=O)O,428.60,74,CHO,CHNO,,,1,,yes: the neutral parent's PubChem name by InChIKey,,5868,Sodium stearoyl-2-lactylate,25383-99-7,,,
1130,OIROPDNJRVTHOO-UHFFFAOYSA-N,O=S(=O)(O)CCS(=O)(=O)c1ccc(N2CCC(c3ccc(Cl)cc3)=N2)cc1,428.90,44,CHNOClS,"S, P or Si",,,1,,yes: the neutral parent's PubChem name by InChIKey,,6506,"Sodium 2-[[4-[3-(4-chlorophenyl)-4,5-dihydro-1H-pyrazol-1-yl]phenyl]sulphonyl]ethanesulphonate",27441-70-9,,,
1131,UETHPMGVZHBAFB-OWOJBTEDSA-N,O=[N+]([O-])c1ccc(/C=C/c2ccc([N+](=O)[O-])cc2S(=O)(=O)O)c(S(=O)(=O)O)c1,430.40,38,CHNOS,"S, P or Si",,,1,"4,4'-Dinitrostilbene-2,2'-disulfonic acid",,2143,,"4,4'-Dinitrostilbene-2,2'-disulfonic acid",128-42-7,,,
1132,OMOSYYVYEGXVHK-UHFFFAOYSA-N,O=[N+]([O-])c1ccc(Nc2ccc(Nc3ccccc3)c(S(=O)(=O)O)c2)c([N+](=O)[O-])c1,430.40,44,CHNOS,"S, P or Si",,,1,,yes: the neutral parent's PubChem name by InChIKey,,11207,C.I. Acid Orange 3,6373-74-6,,,
1133,UWZDFCRDAZFRFU-UHFFFAOYSA-N,CC(COCCCO)OP(OCCOCCO)OCCOC(C)(C)C(C)(C)O,430.50,67,CHOP,"S, P or Si",,,2,"7-[2-(2-Hydroxymethylethoxy)methylethoxy]tetramethyl-3,6,8,11-tetraoxa-7-phosphatridecane-1,13-diol",,6157;7886,,"7-[2-(2-Hydroxymethylethoxy)methylethoxy]tetramethyl-3,6,8,11-tetraoxa-7-phosphatridecane-1,13-diol | 7-[2-(2-Hydroxymethylethoxy)methylethoxy]tetramethyl-3,6,8,11-tetraoxa-7-phosphatridecane-1,13-diol",26259-91-6;36788-39-3,organophosphates,,Organophosphates
1134,AIXZBGVLNVRQSS-UHFFFAOYSA-N,CC(C)(C)c1ccc2oc(-c3ccc(-c4nc5cc(C(C)(C)C)ccc5o4)s3)nc2c1,430.60,57,CHNOS,"S, P or Si",,,1,"2,5-Bis(5-tert-butyl-2-benzoxazolyl)thiophene",,12902,,"2,5-Bis(5-tert-butyl-2-benzoxazolyl)thiophene",7128-64-5,,,
1135,ASLWPAWFJZFCKF-UHFFFAOYSA-N,O=P(OC(CCl)CCl)(OC(CCl)CCl)OC(CCl)CCl,430.90,35,CHOClP,"S, P or Si",,,1,"Tris(1,3-dichloro-2-propyl)phosphate",,2743,,"Tris(1,3-dichloro-2-propyl)phosphate",13674-87-8,organophosphates,,Organophosphates
1136,JZZBTMVTLBHJHL-UHFFFAOYSA-N,O=P(OCC(Cl)CCl)(OCC(Cl)CCl)OCC(Cl)CCl,430.90,35,CHOClP,"S, P or Si",,,1,"Tris(2,3-dichloropropyl) phosphate",,13963,,"Tris(2,3-dichloropropyl) phosphate",78-43-3,organophosphates,,Organophosphates
1137,YAOMHRRYSRRRKP-UHFFFAOYSA-N,CC(Cl)C(Cl)OP(=O)(OCCC(Cl)Cl)OCC(Cl)CCl,430.90,35,CHOClP,"S, P or Si",,,1,"1-Propanol, dichloro-, phosphate (3:1)",,6284,,"1-Propanol, dichloro-, phosphate (3:1)",26604-51-3,organophosphates,,Organophosphates
1138,CDXFIRXEAJABAZ-UHFFFAOYSA-N,C=C(C)C(=O)OCCC(F)(F)C(F)(F)C(F)(F)C(F)(F)C(F)(F)C(F)(F)F,432.20,36,CHOF,halogen,,thermodynamics_pending,1,Tridecafluorohexylethyl methacrylate,,4940,,Tridecafluorohexylethyl methacrylate,2144-53-8,PFASs,,PFAS
1139,BGYZXGMRSCOCBF-UHFFFAOYSA-N,O=S(=O)(O)c1cc(N=Nc2ccc(N=Nc3ccccc3)cc2)c(O)c2ccccc12,432.50,47,CHNOS,"S, P or Si",,,1,,yes: the neutral parent's PubChem name by InChIKey,,10959,C.I. Direct Red 116,6245-62-1,,,
1140,LEYJJTBJCFGAQN-UHFFFAOYSA-N,O=S(=O)(O)c1ccc(N=Nc2ccc(N=Nc3c(O)ccc4ccccc34)cc2)cc1,432.50,47,CHNOS,"S, P or Si",,,1,,yes: the neutral parent's PubChem name by InChIKey,,11257,Acid Red 151,6406-56-0,,,
1141,RUDUCNPHDIMQCY-UHFFFAOYSA-N,O=C(CS)OCC(COC(=O)CS)(COC(=O)CS)COC(=O)CS,432.60,45,CHOS,"S, P or Si",,,1,Pentaerythritol tetrakis(2-mercaptoacetate),,269,,Pentaerythritol tetrakis(2-mercaptoacetate),10193-99-4,,,
1142,JMTMWSZLPHDWBQ-UHFFFAOYSA-N,C=C[Si](C)(C)O[Si](O[Si](C)(C)C=C)(O[Si](C)(C)C=C)O[Si](C)(C)C=C,432.90,61,CHOSi,"S, P or Si",,,1,Tetrakis(vinyldimethylsiloxy)silane,,10485,,Tetrakis(vinyldimethylsiloxy)silane,60111-54-8,silanes_siloxanes_silicones,,Siloxanes and silanes
1143,OESPFRYVCUTRKF-UHFFFAOYSA-N,O=C1c2ccccc2C(=O)C1c1ccc2cc(S(=O)(=O)O)cc(S(=O)(=O)O)c2n1,433.40,40,CHNOS,"S, P or Si",,,1,,yes: the neutral parent's PubChem name by InChIKey,,14151,C.I. Food Yellow 13,8004-92-0,,,
1144,KZFMOINJHMONLW-FOCLMDBBSA-N,O=C1/C(=C2\Sc3c(Cl)ccc(Cl)c3C2=O)Sc2c(Cl)ccc(Cl)c21,434.20,28,CHOClS,"S, P or Si",,,1,"4,7-Dichloro-2-(4,7-dichloro-3-oxobenzo[b]thien-2(3H)-ylidene)benzo[b]thiophene-3(2H)-one",,3070,,"4,7-Dichloro-2-(4,7-dichloro-3-oxobenzo[b]thien-2(3H)-ylidene)benzo[b]thiophene-3(2H)-one",14295-43-3,,,
1145,YNDXUCZADRHECN-JNQJZLCISA-N,CC1(C)O[C@@H]2C[C@H]3[C@@H]4CCC5=CC(=O)C=C[C@]5(C)[C@@]4(F)[C@@H](O)C[C@]3(C)[C@]2(C(=O)CO)O1,434.50,62,CHOF,halogen,,thermodynamics_pending,1,Triamcinolone Acetonide,,13586,,Triamcinolone Acetonide,76-25-5,,,
1146,GTVWRXDRKAHEAD-UHFFFAOYSA-N,CCCCC(CC)COP(=O)(OCC(CC)CCCC)OCC(CC)CCCC,434.60,80,CHOP,"S, P or Si",,,1,Tris(2-ethylhexyl) phosphate,,13962,,Tris(2-ethylhexyl) phosphate,78-42-2,organophosphates,,Organophosphates
1147,JTXUVYOABGUBMX-UHFFFAOYSA-N,CCCCCCCCCCCCOP(=O)(O)OCCCCCCCCCCCC,434.60,80,CHOP,"S, P or Si",,,1,Didodecyl hydrogen phosphate,,12785,,Didodecyl hydrogen phosphate,7057-92-3,organophosphates,,Organophosphates
1148,WVPGXJOLGGFBCR-UHFFFAOYSA-N,CCCCCCCCOP(=O)(OCCCCCCCC)OCCCCCCCC,434.60,80,CHOP,"S, P or Si",,,1,Trioctyl phosphate,,4239,,Trioctyl phosphate,1806-54-8,organophosphates,,Organophosphates
1149,JNQLHAHNINYUSE-UHFFFAOYSA-N,O=C1c2ccccc2C(=O)C1(C1(S(=O)(=O)O)C=Cc2ccccc2N1)S(=O)(=O)O,435.40,42,CHNOS,"S, P or Si",,,1,,yes: the neutral parent's PubChem name by InChIKey,,14548,"disodium;2-(1,3-dioxo-2-sulfonatoinden-2-yl)-1H-quinoline-2-sulfonate",84924-83-4,,,
1150,YXWITWSXVDBYQY-UHFFFAOYSA-N,CN(C)CCOCCS(=O)(=O)c1ccc(N2CCC=N2)cc1-c1ccc(Cl)cc1,436.00,55,CHNOClS,"S, P or Si",,,1,"2-[2-[2-(4-chlorophenyl)-4-(3,4-dihydropyrazol-2-yl)phenyl]sulfonylethoxy]-N,N-dimethylethanamine",,11648,,"2-[2-[2-(4-chlorophenyl)-4-(3,4-dihydropyrazol-2-yl)phenyl]sulfonylethoxy]-N,N-dimethylethanamine",6608-80-6,,,
1151,HXJSTOXKASOAQW-UHFFFAOYSA-N,O=C(Nc1ccccc1)c1cc2ccccc2c(N=Nc2cc(Cl)ccc2Cl)c1O,436.30,45,CHNOCl,halogen,,failed,1,"4-[(2,5-Dichlorophenyl)azo]-3-hydroxy-N-phenylnaphthalene-2-carboxamide",,10514,,"4-[(2,5-Dichlorophenyl)azo]-3-hydroxy-N-phenylnaphthalene-2-carboxamide",6041-94-7,,,
1152,YYYARFHFWYKNLF-UHFFFAOYSA-N,Cc1ccc(N=Nc2c(O)c(S(=O)(=O)O)cc3cc(S(=O)(=O)O)ccc23)c(C)c1,436.50,45,CHNOS,"S, P or Si",,,1,,yes: the neutral parent's PubChem name by InChIKey,,8005,Acid Red 26,3761-53-3,azodyes,,Azo dyes
1153,ZOCSXAVNDGMNBV-UHFFFAOYSA-N,N#Cc1nn(-c2c(Cl)cc(C(F)(F)F)cc2Cl)c(N)c1S(=O)C(F)(F)F,437.20,30,CHNOFClS,"S, P or Si",,,1,Fipronil,,1621,,Fipronil,120068-37-3,PFASs,,PFAS
1154,BZRWOVKCTOFFIW-UHFFFAOYSA-N,CC(C)CN(CC(C)C)c1ccc(N=Nc2nnc(S(=O)(=O)CC(C)C)s2)cc1,437.60,60,CHNOS,"S, P or Si",,,1,"Benzenamine, N,N-bis(2-methylpropyl)-4-((5-((2-methylpropyl)sulfonyl)-1,3,4-thiadiazol-2-yl)azo)-",,3823,,"Benzenamine, N,N-bis(2-methylpropyl)-4-((5-((2-methylpropyl)sulfonyl)-1,3,4-thiadiazol-2-yl)azo)-",163961-34-0,,,
1155,WKNNKELKRCVCAL-UHFFFAOYSA-N,COc1ccccc1N=Nc1c(S(=O)(=O)O)cc2cc(S(=O)(=O)O)ccc2c1O,438.40,43,CHNOS,"S, P or Si",,,1,,yes: the neutral parent's PubChem name by InChIKey,,10261,"Disodium 4-hydroxy-3-((2-methoxyphenyl)azo)naphthalene-2,7-disulphonate",5858-63-9,,,
1156,ZNUBBVSUTSNSIM-UHFFFAOYSA-N,CC(=O)OCCN(CCC#N)c1ccc(N=Nc2nc3ccc([N+](=O)[O-])cc3s2)cc1,438.50,49,CHNOS,"S, P or Si",,,1,"Propanenitrile, 3-[[2-(acetyloxy)ethyl][4-[(6-nitro-2-benzothiazolyl)azo]phenyl]amino]-",,11979,,"Propanenitrile, 3-[[2-(acetyloxy)ethyl][4-[(6-nitro-2-benzothiazolyl)azo]phenyl]amino]-",68133-69-7,,,
1157,PDLPMCXGPIVYQQ-UHFFFAOYSA-N,CC(C)(C)c1ccc(OP(=O)(Oc2ccccc2)Oc2ccc(C(C)(C)C)cc2)cc1,438.50,62,CHOP,"S, P or Si",,,1,Bis(p-tert-butylphenyl) phenyl phosphate,,1369,,Bis(p-tert-butylphenyl) phenyl phosphate,115-87-7,organophosphates,,Organophosphates
1158,UQRSMZHDWDMLDH-UHFFFAOYSA-N,CC(C)(C)c1ccccc1OP(=O)(Oc1ccccc1)Oc1ccccc1C(C)(C)C,438.50,62,CHOP,"S, P or Si",,,1,"Phosphoric acid, bis[(1,1-dimethylethyl)phenyl] phenyl ester",,11582,,"Phosphoric acid, bis[(1,1-dimethylethyl)phenyl] phenyl ester",65652-41-7,organophosphates,,Organophosphates
1159,PFUFEQATNPTGNA-UHFFFAOYSA-N,Cc1cc2c(c(C3CCCCC3)c1)OP(O)Oc1c(cc(C)cc1C1CCCCC1)C2,438.50,66,CHOP,"S, P or Si",,,1,"12H-Dibenzo[d,g][1,3,2]dioxaphosphocin, 4,8-dicyclohexyl-6-hydroxy-2,10-dimethyl-",,13216,,"12H-Dibenzo[d,g][1,3,2]dioxaphosphocin, 4,8-dicyclohexyl-6-hydroxy-2,10-dimethyl-",73912-21-7,organophosphates,,Organophosphates
1160,NMAKPIATXQEXBT-UHFFFAOYSA-N,CCCCCCCCCCOP(OCCCCCCCCCC)Oc1ccccc1,438.60,77,CHOP,"S, P or Si",,,1,Didecyl phenyl phosphite,,2033,,Didecyl phenyl phosphite,1254-78-0,organophosphates,Antioxidants,Organophosphates
1161,SXXILWLQSQDLDL-UHFFFAOYSA-N,CC(C)CCCCCCCOP(OCCCCCCCC(C)C)Oc1ccccc1,438.60,77,CHOP,"S, P or Si",,,1,Diisodecyl phenyl phosphite,,5903,,Diisodecyl phenyl phosphite,25550-98-5,organophosphates,Antioxidants,Organophosphates
1162,DTRJDURRPWBDEY-UHFFFAOYSA-N,COc1ccc(N=Nc2cc(C)c(N=Nc3ccc(S(=O)(=O)O)cc3)cc2OC)cc1,440.50,51,CHNOS,"S, P or Si",,,1,,yes: the neutral parent's PubChem name by InChIKey,,12321,Acid orange 156,68555-86-2,azodyes,,Azo dyes
1163,HULNYTPFPARJMG-UHFFFAOYSA-N,COc1ccccc1NC(=O)c1cc2ccccc2c(N=Nc2ccc(C(N)=O)cc2)c1O,440.50,53,CHNO,CHNO,,failed,1,"2-Naphthalenecarboxamide, 4-[[4-(aminocarbonyl)phenyl]azo]-3-hydroxy-N-(2-methoxyphenyl)-",,7906,,"2-Naphthalenecarboxamide, 4-[[4-(aminocarbonyl)phenyl]azo]-3-hydroxy-N-(2-methoxyphenyl)-",36968-27-1,,,
1164,KDLDNQQRGJAGIS-UHFFFAOYSA-N,Cc1cc([N+](=O)[O-])ccc1N=Nc1c(O)c(C(=O)Nc2ccccc2C)cc2ccccc12,440.50,53,CHNO,CHNO,,failed,1,"2-Naphthalenecarboxamide, 3-hydroxy-4-[(2-methyl-4-nitrophenyl)azo]-N-(2-methylphenyl)-",,11275,,"2-Naphthalenecarboxamide, 3-hydroxy-4-[(2-methyl-4-nitrophenyl)azo]-N-(2-methylphenyl)-",6410-32-8,,,
1165,LFFICOHZNUVGRZ-UHFFFAOYSA-N,COc1ccc(C(=O)Nc2ccccc2)cc1N=Nc1c(O)c(C(N)=O)cc2ccccc12,440.50,53,CHNO,CHNO,,failed,1,"2-Naphthalenecarboxamide, 3-hydroxy-4-[[2-methoxy-5-[(phenylamino)carbonyl]phenyl]azo]-",,9962,,"2-Naphthalenecarboxamide, 3-hydroxy-4-[[2-methoxy-5-[(phenylamino)carbonyl]phenyl]azo]-",56396-10-2,,,
1166,NWDMDFAMCIHORB-UHFFFAOYSA-N,Cc1ccc([N+](=O)[O-])cc1N=Nc1c(O)c(C(=O)Nc2ccccc2C)cc2ccccc12,440.50,53,CHNO,CHNO,,failed,1,"2-Naphthalenecarboxamide, 3-hydroxy-4-[(2-methyl-5-nitrophenyl)azo]-N-(2-methylphenyl)-",,11687,,"2-Naphthalenecarboxamide, 3-hydroxy-4-[(2-methyl-5-nitrophenyl)azo]-N-(2-methylphenyl)-",6655-84-1,,,
1167,PSBRNAUTQGUEPB-UHFFFAOYSA-N,CCCCCCCCCCCCOCCOCCOCCOCCOP(=O)(O)O,442.50,72,CHOP,"S, P or Si",,,1,"3,6,9,12-Tetraoxatetracosan-1-ol, dihydrogen phosphate",,8762,,"3,6,9,12-Tetraoxatetracosan-1-ol, dihydrogen phosphate",45300-87-6,organophosphates,,Organophosphates
1168,IWWWBRIIGAXLCJ-UHFFFAOYSA-N,CCN=c1cc2oc3cc(NCC)c(C)cc3c(-c3ccccc3C(=O)OCC)c-2cc1C,442.60,63,CHNO,CHNO,,,2,,yes: the neutral parent's PubChem name by InChIKey,,1824;16032,rhodamine 6G cation | Rhodamine 6G,12224-98-5;989-38-8,,,
1169,IUMSDRXLFWAGNT-UHFFFAOYSA-N,C[Si]1(C)O[Si](C)(C)O[Si](C)(C)O[Si](C)(C)O[Si](C)(C)O[Si](C)(C)O1,444.90,60,CHOSi,"S, P or Si",,,1,Dodecamethylcyclohexasiloxane,,9602,,Dodecamethylcyclohexasiloxane,540-97-6,silanes_siloxanes_silicones,,Siloxanes and silanes
1170,CTOCCMSWCJDJBM-UHFFFAOYSA-N,CCCCCCCCCCCCCCCC(=O)N(CCS(=O)(=O)O)C1CCCCC1,445.70,77,CHNOS,"S, P or Si",,,1,,yes: the neutral parent's PubChem name by InChIKey,,2388,Sodium N-cyclohexyl-N-palmitoyltaurate,132-43-4,,,
1171,KTCQQCLZUOZFEI-UHFFFAOYSA-N,O=S(=O)(F)C(F)(F)C(F)(F)OC(F)(C(F)(F)F)C(F)(F)OC(F)=C(F)F,446.10,26,COFS,"S, P or Si",,,1,"Perfluoro(4-methyl-3,6-dioxaoct-7-ene)sulfonyl fluoride",,3693,,"Perfluoro(4-methyl-3,6-dioxaoct-7-ene)sulfonyl fluoride",16090-14-5,PFASs,,PFAS
1172,RZERPLOQPHIGRF-UHFFFAOYSA-N,CCCCCCCCCCCCCCOP(=O)(Oc1ccccc1)Oc1ccccc1,446.60,70,CHOP,"S, P or Si",,,1,"Phosphoric acid, diphenyl tetradecyl ester",,3052,,"Phosphoric acid, diphenyl tetradecyl ester",142474-86-0,organophosphates,,Organophosphates
1173,JBYTXZITIKWYGX-UHFFFAOYSA-N,CCCCCCCCCCCCCCCCCCOS(=O)OCC(CC)CCCC,446.80,84,CHOS,"S, P or Si",,,1,"Sulfurous acid, 2-ethylhexyl octadecyl ester",,17418,,"Sulfurous acid, 2-ethylhexyl octadecyl ester",,,,
1174,XYSDOVGGWORWBS-UHFFFAOYSA-N,CCCCCCCCC=CCCCCCCCCNC(=O)CC(C(=O)O)S(=O)(=O)O,447.60,71,CHNOS,"S, P or Si",,,1,,yes: the neutral parent's PubChem name by InChIKey,,10223,"Butanoic acid, 4-[(9Z)-9-octadecenylamino]-4-oxosulfo-, disodium salt",58353-68-7,,,
1175,WUGSTSBQFHQUJQ-UHFFFAOYSA-N,CCC1(COP(C)(=O)OCC2(CC)COP(C)(=O)OC2)COP(C)(=O)OC1,448.30,58,CHOP,"S, P or Si",,,1,"Phosphonic acid, methyl-, bis((5-ethyl-2-methyl-2-oxido-1,3,2-dioxaphosphorinan-5-yl)methyl) ester",,8498,,"Phosphonic acid, methyl-, bis((5-ethyl-2-methyl-2-oxido-1,3,2-dioxaphosphorinan-5-yl)methyl) ester",42595-45-9,,,
1176,HPFHYRNETZEPIV-UHFFFAOYSA-N,S=C(SSSSSSC(=S)N1CCCCC1)N1CCCCC1,448.80,42,CHNS,"S, P or Si",,,1,Dipentamethylenethiuram hexasulfide,,15943,,Dipentamethylenethiuram hexasulfide,971-15-3,,,
1177,KVQVUCIQVFGPMS-UHFFFAOYSA-N,CCCCCCCCCCCCCCCCCCNC(=O)CC(C(=O)O)S(=O)(=O)O,449.70,73,CHNOS,"S, P or Si",,,2,,yes: the neutral parent's PubChem name by InChIKey,,3145;11962,"Disodium 4-(octadecylamino)-4-oxo-2-sulphonatobutyrate | Butanoic acid, 4-(octadecylamino)-4-oxosulfo-, ammonium salt (1:2)",14481-60-8;68128-59-6,,,
1178,YSDPVJADGZAOBX-UHFFFAOYSA-N,COCCCn1c(=O)c2cc(OC)c3sc4ccccc4c4c([N+](=O)[O-])cc(c1=O)c2c34,450.50,50,CHNOS,"S, P or Si",,,1,"1H-Thioxantheno[2,1,9-def]isoquinoline-1,3(2H)-dione, 5-methoxy-2-(3-methoxypropyl)-11-nitro-",,4223,,"1H-Thioxantheno[2,1,9-def]isoquinoline-1,3(2H)-dione, 5-methoxy-2-(3-methoxypropyl)-11-nitro-",18014-08-9,,,
1179,VRTKGLMIKJYBBI-UHFFFAOYSA-N,CC(C)CC(CC(C)C)OC(=O)CC(C(=O)OC(CC(C)C)CC(C)C)S(=O)(=O)O,450.60,72,CHOS,"S, P or Si",,,1,,yes: the neutral parent's PubChem name by InChIKey,,13828,"Sodium 1,4-bis(1-isobutyl-3-methylbutyl) sulphonatosuccinate",7775-05-5,,,
1180,HVDJXXVDNDLBQY-UHFFFAOYSA-N,CCCCC1(CC)COP(Oc2c(C(C)(C)C)cc(C(C)(C)C)cc2C(C)(C)C)OC1,450.60,78,CHOP,"S, P or Si",,,1,"1,3,2-Dioxaphosphorinane, 5-butyl-5-ethyl-2-[2,4,6-tris(1,1-dimethylethyl)phenoxy]-",,3727,,"1,3,2-Dioxaphosphorinane, 5-butyl-5-ethyl-2-[2,4,6-tris(1,1-dimethylethyl)phenoxy]-",161717-32-4,organophosphates,Antioxidants,Organophosphates
1181,MPCFWEONUVXKGI-UHFFFAOYSA-N,Cc1nc2c(ccc3nc(NC(=O)c4ccccc4I)sc32)s1,451.30,33,CHNOIS,"S, P or Si",,,1,"2-iodo-N-(7-methyl-[1,3]thiazolo[5,4-e][1,3]benzothiazol-2-yl)benzamide",,8181,,"2-iodo-N-(7-methyl-[1,3]thiazolo[5,4-e][1,3]benzothiazol-2-yl)benzamide",394228-05-8,,,
1182,CKDSSRXGNPFPPZ-UHFFFAOYSA-N,CC(=O)Nc1ccc(Nc2cc(S(=O)(=O)O)c(N)c3c2C(=O)c2ccccc2C3=O)cc1,451.50,49,CHNOS,"S, P or Si",,,1,,yes: the neutral parent's PubChem name by InChIKey,,11315,Acid blue 40,6424-85-7,,,
1183,UQWIHFJXDRNUDP-UHFFFAOYSA-N,COc1cc(S(=O)(=O)O)c(C)cc1N=Nc1c(O)ccc2cc(S(=O)(=O)O)ccc12,452.50,46,CHNOS,"S, P or Si",,,1,,yes: the neutral parent's PubChem name by InChIKey,,6054,Allura Red AC,25956-17-6,azodyes,,Azo dyes
1184,ZRTMMFCMMXBJSG-UHFFFAOYSA-N,COc1ccc(C)cc1N=Nc1c(S(=O)(=O)O)cc2ccc(S(=O)(=O)O)cc2c1O,452.50,46,CHNOS,"S, P or Si",,,1,,yes: the neutral parent's PubChem name by InChIKey,,10272,"2,6-Naphthalenedisulfonic acid, 4-hydroxy-3-((2-methoxy-5-methylphenyl)azo)-, disodium salt",5864-85-7,,,
1185,ANVREEJNGJMLOV-UHFFFAOYSA-N,CC(C)c1ccc(OP(=O)(Oc2ccc(C(C)C)cc2)Oc2ccc(C(C)C)cc2)cc1,452.50,65,CHOP,"S, P or Si",,,2,Tris(4-isopropylphenyl) phosphate,,5608;6398,,Tris(4-isopropylphenyl) phosphate | Tris(4-isopropylphenyl) phosphate,2502-15-0;26967-76-0,organophosphates,,Organophosphates
1186,FPIUEVPELBLXGL-UHFFFAOYSA-N,CCCc1ccccc1OP(=O)(Oc1ccccc1CCC)Oc1ccccc1CCC,452.50,65,CHOP,"S, P or Si",,,1,Tris(2-propylphenyl) phosphate,,14515,,Tris(2-propylphenyl) phosphate,84642-70-6,organophosphates,,Organophosphates
1187,LIPMRGQQBZJCTM-UHFFFAOYSA-N,CC(C)c1ccccc1OP(=O)(Oc1ccccc1C(C)C)Oc1ccccc1C(C)C,452.50,65,CHOP,"S, P or Si",,,1,Tris(isopropylphenyl)phosphate,,16137,,Tris(isopropylphenyl)phosphate,64532-95-2,organophosphates,,Organophosphates
1188,BGVYDWVAGZBEMJ-UHFFFAOYSA-N,CCOc1ccccc1NC(=O)c1cc2ccccc2c(N=Nc2ccc(C(N)=O)cc2)c1O,454.50,56,CHNO,CHNO,,failed,1,4-[[4-(Aminocarbonyl)phenyl]azo]-N-(2-ethoxyphenyl)-3-hydroxynaphthalene-2-carboxamide,,6588,,4-[[4-(Aminocarbonyl)phenyl]azo]-N-(2-ethoxyphenyl)-3-hydroxynaphthalene-2-carboxamide,2786-76-7,,,
1189,ZHMIOPLMFZVSHY-UHFFFAOYSA-N,O=C(Nc1ccccc1SSc1ccccc1NC(=O)c1ccccc1)c1ccccc1,456.60,52,CHNOS,"S, P or Si",,,1,"2,2'-Dibenzoylaminodiphenyl disulfide",,2667,,"2,2'-Dibenzoylaminodiphenyl disulfide",135-57-9,,,
1190,UESGEYFCYSJZSZ-UHFFFAOYSA-N,CC(C)(C)c1cc(C(C)(C)C)c2op(O)oc3c(C(C)(C)C)cc(C(C)(C)C)cc3c2c1,456.60,73,CHOP,"S, P or Si",,,1,"6-Hydroxy-2,4,8,10-tetra-tert-butyldibenzo[d,f][1,3,2]dioxaphosphepin",,17750,,"6-Hydroxy-2,4,8,10-tetra-tert-butyldibenzo[d,f][1,3,2]dioxaphosphepin",,,,
1191,WHZXTVOEGZRRJM-UHFFFAOYSA-N,O=C(O)C=C(F)C(F)(F)C(F)(F)C(F)(F)C(F)(F)C(F)(F)C(F)(F)C(F)(F)F,458.10,30,CHOF,halogen,,thermodynamics_pending,1,"3,4,4,5,5,6,6,7,7,8,8,9,9,10,10,10-Hexadecafluorodec-2-enoic acid",,12831,,"3,4,4,5,5,6,6,7,7,8,8,9,9,10,10,10-Hexadecafluorodec-2-enoic acid",70887-84-2,PFASs,,PFAS
1192,OBJOZRVSMLPASY-UHFFFAOYSA-N,O=S(=O)(O)c1cc(O)c2ccc3c(S(=O)(=O)O)cc(S(=O)(=O)O)c4ccc1c2c34,458.40,39,CHOS,"S, P or Si",,,1,,yes: the neutral parent's PubChem name by InChIKey,,11166,Pyranine,6358-69-6,,,
1193,NLWPUNWFCUWCEU-UHFFFAOYSA-N,O=S(=O)(O)c1ccc2c(N=Nc3ccc(S(=O)(=O)O)c4ccccc34)c(O)ccc2c1,458.50,45,CHNOS,"S, P or Si",,,1,,yes: the neutral parent's PubChem name by InChIKey,,5210,Acid Red 13,2302-96-7,azodyes,,Azo dyes
1194,TVWOWDDBXAFQDG-UHFFFAOYSA-N,O=S(=O)(O)c1ccc(N=Nc2cc(S(=O)(=O)O)c3ccccc3c2O)c2ccccc12,458.50,45,CHNOS,"S, P or Si",,,1,,yes: the neutral parent's PubChem name by InChIKey,,7750,Carmoisine,3567-69-9,,,
1195,PBZAQXHQPHZWIF-UHFFFAOYSA-N,CCOc1ccccc1NC(=O)c1cc2ccccc2c(N=Nc2ccc(Cl)cc2C)c1O,459.90,55,CHNOCl,halogen,,failed,1,"2-Naphthalenecarboxamide, 4-[(4-chloro-2-methylphenyl)azo]-N-(2-ethoxyphenyl)-3-hydroxy-",,11602,,"2-Naphthalenecarboxamide, 4-[(4-chloro-2-methylphenyl)azo]-N-(2-ethoxyphenyl)-3-hydroxy-",65907-69-9,,,
1196,MKDRTMKLHORKSV-UHFFFAOYSA-N,Cc1ccccc1N=Nc1ccc(N=Nc2cc(S(=O)(=O)O)c3ccccc3c2O)c(C)c1,460.50,53,CHNOS,"S, P or Si",,,1,Cloth Red B,,11073,,Cloth Red B,6300-53-4,,,
1197,ANYJSVKEVRJWRW-UHFFFAOYSA-N,CCCCCCCCCc1cccc2cc(S(=O)(=O)O)cc(CCCCCCCCC)c12,460.70,76,CHOS,"S, P or Si",,,1,"Naphthalenesulfonic acid, dinonyl-",,16308,,"Naphthalenesulfonic acid, dinonyl-",25322-17-2,,,
1198,ITHKKUPWEBSLAJ-UHFFFAOYSA-N,Cc1ccc([N+](=O)[O-])cc1N=Nc1c(O)c(C(=O)Nc2ccc(Cl)cc2)cc2ccccc12,460.90,50,CHNOCl,halogen,,failed,1,"2-Naphthalenecarboxamide, N-(4-chlorophenyl)-3-hydroxy-4-[(2-methyl-5-nitrophenyl)azo]-",,11274,,"2-Naphthalenecarboxamide, N-(4-chlorophenyl)-3-hydroxy-4-[(2-methyl-5-nitrophenyl)azo]-",6410-30-6,,,
1199,ICKAEAFPESRWOT-UHFFFAOYSA-N,O=S(=O)(O)C1(F)C(F)(F)C(F)(F)C(F)(C(F)(F)C(F)(F)F)C(F)(F)C1(F)F,462.10,28,CHOFS,"S, P or Si",,,1,,yes: the neutral parent's PubChem name by InChIKey,,7508,Decafluoro-4-(pentafluoroethyl)cyclohexanesulfonic acid potassium salt,335-24-0,PFASs,,PFAS
1200,XEJNLUBEFCNORG-UHFFFAOYSA-N,CCCCCCCCCCCCCOP(=O)(O)OCCCCCCCCCCCCC,462.70,86,CHOP,"S, P or Si",,,1,,yes: the neutral parent's PubChem name by InChIKey,,12324,"1-Tridecanol, hydrogen phosphate, potassium salt",68568-53-6,organophosphates,,Organophosphates
1201,LJIKWZXCXJFCCB-UHFFFAOYSA-N,CCN(CC)c1cc(NC(C)=O)c(N=Nc2c(Cl)cc([N+](=O)[O-])cc2[N+](=O)[O-])cc1OC,464.90,53,CHNOCl,halogen,,thermodynamics_pending,1,"N-(2-((2-Chloro-4,6-dinitrophenyl)azo)-5-(diethylamino)-4-methoxyphenyl)acetamide",,14066,,"N-(2-((2-Chloro-4,6-dinitrophenyl)azo)-5-(diethylamino)-4-methoxyphenyl)acetamide",79295-99-1,,,
1202,WYBOEVJIVYIEJL-UHFFFAOYSA-N,CC(C)(c1ccc(O)c(Br)c1)c1cc(Br)c(O)c(Br)c1,465.00,33,CHOBr,halogen,,thermodynamics_pending,1,Tribromobisphenol A,,11234,,Tribromobisphenol A,6386-73-8,bisphenols;phenolic_antioxidants,Bisphenols,
1203,KGLSETWPYVUTQX-UHFFFAOYSA-N,O=C=Nc1ccc(OP(=S)(Oc2ccc(N=C=O)cc2)Oc2ccc(N=C=O)cc2)cc1,465.40,44,CHNOSP,"S, P or Si",,,1,Tris(4-isocyanatophenyl) thiophosphate,,8381,,Tris(4-isocyanatophenyl) thiophosphate,4151-51-3,organophosphates,,Organophosphates
1204,YPNBSXJSFUWYMV-UHFFFAOYSA-N,CC(=O)OCCN(CCOC(C)=O)c1ccc(N=Nc2sc([N+](=O)[O-])cc2[N+](=O)[O-])cc1,465.40,51,CHNOS,"S, P or Si",,,1,"2,2'-((4-((3,5-Dinitro-2-thienyl)azo)phenyl)imino)bisethyl diacetate",,8519,,"2,2'-((4-((3,5-Dinitro-2-thienyl)azo)phenyl)imino)bisethyl diacetate",42783-06-2,,,
1205,RSNSKUBBVCGSND-UHFFFAOYSA-N,CC(=O)Nc1cc(S(=O)(=O)O)cc2cc(S(=O)(=O)O)c(N=Nc3ccccc3)c(O)c12,465.50,46,CHNOS,"S, P or Si",,,1,,yes: the neutral parent's PubChem name by InChIKey,,7966,Acid red 1,3734-67-6,,,
1206,ZUYOXNCABKZXMW-UHFFFAOYSA-N,CC(=O)OC1CCC2C3CCC4(C)C(=O)C(SCc5ccccc5)=CCC4(C)C3CCC12C,466.70,71,CHOS,"S, P or Si",,,1,3-(Benzylsulfanyl)-5-methyl-4-oxoandrost-2-en-17-yl acetate,,16575,,3-(Benzylsulfanyl)-5-methyl-4-oxoandrost-2-en-17-yl acetate,,,,
1207,BVQYIDJXNYHKRK-UHFFFAOYSA-N,CO[Si](CCC(F)(F)C(F)(F)C(F)(F)C(F)(F)C(F)(F)C(F)(F)F)(OC)OC,468.30,41,CHOFSi,"S, P or Si",,,1,"Trimethoxy(3,3,4,4,5,5,6,6,7,7,8,8,8-tridecafluorooctyl)silane",,14713,,"Trimethoxy(3,3,4,4,5,5,6,6,7,7,8,8,8-tridecafluorooctyl)silane",85857-16-5,PFASs;silanes_siloxanes_silicones,,Siloxanes and silanes;PFAS
1208,RFKITWRHKUYMRJ-UHFFFAOYSA-N,O=C(O)C1=NN(c2ccc(S(=O)(=O)O)cc2)C(=O)C1N=Nc1ccc(S(=O)(=O)O)cc1,468.40,43,CHNOS,"S, P or Si",,,1,,yes: the neutral parent's PubChem name by InChIKey,,4544,Tartrazine,1934-21-0,azodyes,,Azo dyes
1209,URZHQOCYXDNFGN-UHFFFAOYSA-N,C[Si]1(CCC(F)(F)F)O[Si](C)(CCC(F)(F)F)O[Si](C)(CCC(F)(F)F)O1,468.50,48,CHOFSi,"S, P or Si",,,1,"Cyclotrisiloxane, 2,4,6-trimethyl-2,4,6-tris(3,3,3-trifluoropropyl)-",,5301,,"Cyclotrisiloxane, 2,4,6-trimethyl-2,4,6-tris(3,3,3-trifluoropropyl)-",2374-14-3,PFASs;silanes_siloxanes_silicones,,Siloxanes and silanes;PFAS
1210,DBBPLAJYLIMROH-UHFFFAOYSA-N,CN(C)c1ccc(C(=C2C=CC(=Nc3ccccc3)c3ccccc32)c2ccc(N(C)C)cc2)cc1,469.60,67,CHN,CHNO,,,1,,yes: the neutral parent's PubChem name by InChIKey,,6009,Basic blue 26,2580-56-5,,,
1211,UCOGPFBYWMJGPX-UHFFFAOYSA-N,CCCCCCCCCCc1cccc(Oc2ccccc2S(=O)(=O)O)c1S(=O)(=O)O,470.60,61,CHOS,"S, P or Si",,,1,,yes: the neutral parent's PubChem name by InChIKey,,7843,Decyl(sulfophenoxy)benzenesulfonic acid disodium salt,36445-71-3,,,
1212,FYUIEFVEQGWFII-UHFFFAOYSA-N,CCOc1ccc(C)cc1N=Nc1ccc(N=Nc2cccc(S(=O)(=O)O)c2)c2ccccc12,474.50,56,CHNOS,"S, P or Si",,,1,,yes: the neutral parent's PubChem name by InChIKey,,12553,Sodium 3-[[4-[(2-ethoxy-5-methylphenyl)azo]-1-naphthyl]azo]benzenesulphonate,68959-00-2,,,
1213,FEUQWJRZKZQFAO-UHFFFAOYSA-N,CCCCCCCCCCCCCCCCOP(=O)(Oc1ccccc1)Oc1ccccc1,474.60,76,CHOP,"S, P or Si",,,1,"Phosphoric acid, hexadecyl diphenyl ester",,10023,,"Phosphoric acid, hexadecyl diphenyl ester",56827-92-0,organophosphates,,Organophosphates
1214,GUDSEWUOWPVZPC-UHFFFAOYSA-N,CC(C)(C)c1ccc(OP(=O)(O)Oc2ccc(C(C)(C)C)cc2C(C)(C)C)c(C(C)(C)C)c1,474.60,76,CHOP,"S, P or Si",,,2,"Bis(2,4-di-tert-butylphenyl) hydrogen phosphate",,12620;17707,,"Bis(2,4-di-tert-butylphenyl) hydrogen phosphate | Bis(2,4-di-tert-butylphenyl) hydrogen phosphate",69284-93-1,organophosphates,,Organophosphates
1215,FBBATURSCRIBHN-UHFFFAOYSA-N,CCO[Si](CCCSSCCC[Si](OCC)(OCC)OCC)(OCC)OCC,474.80,70,CHOSSi,"S, P or Si",,,1,"4,4,13,13-Tetraethoxy-3,14-dioxa-8,9-dithia-4,13-disilahexadecane",,10007,,"4,4,13,13-Tetraethoxy-3,14-dioxa-8,9-dithia-4,13-disilahexadecane",56706-10-6,silanes_siloxanes_silicones,,Siloxanes and silanes
1216,KBLPVLOHGYMDQP-UHFFFAOYSA-N,O=S(=O)(O)c1cc(O)c2c(O)c(N=Nc3cc(Cl)ccc3O)c(S(=O)(=O)O)cc2c1,474.90,41,CHNOClS,"S, P or Si",,,1,,yes: the neutral parent's PubChem name by InChIKey,,617,"Disodium 3-(5-chloro-2-hydroxyphenylazo)-4,5-dihydroxynaphthalene-2,7-disulphonate",1058-92-0,,,
1217,GLHJZDBFFXSSCS-UHFFFAOYSA-N,CN(C)CCCNC(=O)CCS(=O)(=O)c1ccc(N2CCC(c3ccc(Cl)cc3)=N2)cc1,477.00,61,CHNOClS,"S, P or Si",,,1,,yes: the neutral parent's PubChem name by InChIKey,,8531,"3-[[4-[3-(4-Chlorophenyl)-4,5-dihydro-1H-pyrazol-1-yl]phenyl]sulfonyl]-N-[3-(dimethylamino)propyl]propanamide hydrochloride (1:1)",42952-22-7,,,
1218,ALMMLSQBERCMRB-UHFFFAOYSA-N,CCN=C1C=CC(=C(c2ccc(N(CC)CC)cc2)c2ccc(N(CC)CC)cc2)c2ccccc21,477.70,75,CHN,CHNO,,,2,,yes: the neutral parent's PubChem name by InChIKey,,2450;5337,[4-[Bis[4-(diethylamino)phenyl]methylidene]naphthalen-1-ylidene]-ethylazanium | Basic blue 7,1325-87-7;2390-60-5,,,
1219,QANVQYKQPMHTAM-UHFFFAOYSA-N,CC(C)CCCCCCCOC(=O)CC(C(=O)OCCCCCCCC(C)C)S(=O)(=O)O,478.70,78,CHOS,"S, P or Si",,,2,,yes: the neutral parent's PubChem name by InChIKey,,3124;6927,"Ammonium diisodecyl sulfosuccinate | Sodium 1,4-diisodecyl sulphonatosuccinate",144093-88-9;29857-13-4,,,
1220,WFFKSTRPZWRBEW-UHFFFAOYSA-N,CCN(CC)c1ccc(N=Nc2c(Br)cc([N+](=O)[O-])cc2[N+](=O)[O-])c(NC(C)=O)c1,479.30,49,CHNOBr,halogen,,thermodynamics_pending,1,"Acetamide, N-[2-[(2-bromo-4,6-dinitrophenyl)azo]-5-(diethylamino)phenyl]-",,9424,,"Acetamide, N-[2-[(2-bromo-4,6-dinitrophenyl)azo]-5-(diethylamino)phenyl]-",52697-38-8,azodyes,,Azo dyes
1221,MWQZCIAZVZWFDV-UHFFFAOYSA-N,CC(=O)Nc1cc(S(=O)(=O)O)cc2cc(S(=O)(=O)O)c(N=Nc3ccccc3C)c(O)c12,479.50,49,CHNOS,"S, P or Si",,,1,,yes: the neutral parent's PubChem name by InChIKey,,11365,"2,7-Naphthalenedisulfonic acid, 5-(acetylamino)-4-hydroxy-3-[(2-methylphenyl)azo]-, disodium salt",6441-93-6,,,
1222,PISDRBMXQBSCIP-UHFFFAOYSA-N,FC(F)(F)C(F)(F)C(F)(F)C(F)(F)C(F)(F)C(F)(F)CC[Si](Cl)(Cl)Cl,481.50,29,CHFClSi,"S, P or Si",,,1,"Trichloro(3,3,4,4,5,5,6,6,7,7,8,8,8-tridecafluorooctyl)silane",,14016,,"Trichloro(3,3,4,4,5,5,6,6,7,7,8,8,8-tridecafluorooctyl)silane",78560-45-9,PFASs;silanes_siloxanes_silicones,,Siloxanes and silanes;PFAS
1223,IESSXLDTYTXHDL-UHFFFAOYSA-N,COC(=O)c1ccccc1N=Nc1c(O)c(C(=O)Nc2ccc3[nH]c(=O)[nH]c3c2)cc2ccccc12,481.50,55,CHNO,CHNO,,failed,1,"Benzoic acid, 2-[[3-[[(2,3-dihydro-2-oxo-1H-benzimidazol-5-yl)amino]carbonyl]-2-hydroxy-1-naphthalenyl]azo]-, methyl ester",,12683,,"Benzoic acid, 2-[[3-[[(2,3-dihydro-2-oxo-1H-benzimidazol-5-yl)amino]carbonyl]-2-hydroxy-1-naphthalenyl]azo]-, methyl ester",6985-92-8,,,
1224,XIRDTMSOGDWMOX-UHFFFAOYSA-N,O=C(O)c1c(Br)c(Br)c(Br)c(Br)c1C(=O)O,481.70,18,CHOBr,halogen,,thermodynamics_pending,2,Tetrabromophthalic acid,,2825,5857,Tetrabromophthalic acid | Disodium tetrabromophthalate,13810-83-8;25357-79-3,,,
1225,XFFSCOOTVXBLCK-UHFFFAOYSA-N,O=C(O)c1cc(N=Nc2ccc(-c3ccc(N=Nc4ccc(O)c(C(=O)O)c4)cc3)cc2)ccc1O,482.50,54,CHNO,CHNO,,,1,,yes: the neutral parent's PubChem name by InChIKey,,11423,Chrysamine,6472-91-9,,,
1226,MAUHYLITSXECQK-UHFFFAOYSA-N,Nc1ccc2cc(S(=O)(=O)O)cc(O)c2c1N=Nc1ccccc1S(=O)(=O)c1ccccc1,483.50,50,CHNOS,"S, P or Si",,,1,,yes: the neutral parent's PubChem name by InChIKey,,10958,Sodium 6-amino-4-hydroxy-5-((2-(phenylsulphonyl)phenyl)azo)naphthalene-2-sulphonate,6245-60-9,,,
1227,INDOGKYZYLAGEM-UHFFFAOYSA-N,CN(C)CCCNS(=O)(=O)C(F)(F)C(F)(F)C(F)(F)C(F)(F)C(F)(F)C(F)(F)F,484.30,42,CHNOFS,"S, P or Si",,,1,N-(3-(Dimethylamino)propyl)tridecafluorohexanesulphonamide,,9088,,N-(3-(Dimethylamino)propyl)tridecafluorohexanesulphonamide,50598-28-2,PFASs,,PFAS
1228,JQNJCQYNSLCFAC-UHFFFAOYSA-N,Cc1ccccc1NC(=O)c1cc2ccccc2c(N=Nc2cc(Cl)c(Cl)cc2Cl)c1O,484.80,48,CHNOCl,halogen,,failed,1,"2-Naphthalenecarboxamide, 3-hydroxy-N-(2-methylphenyl)-4-((2,4,5-trichlorophenyl)azo)-",,11545,,"2-Naphthalenecarboxamide, 3-hydroxy-N-(2-methylphenyl)-4-((2,4,5-trichlorophenyl)azo)-",6535-46-2,,,
1229,WKBBBTLDLKYGBI-UHFFFAOYSA-N,Brc1ccc(Oc2c(Br)cccc2Br)c(Br)c1,485.80,23,CHOBr,halogen,,thermodynamics_pending,1,"2,2',4,6'-Tetrabromodiphenyl ether",,4449,,"2,2',4,6'-Tetrabromodiphenyl ether",189084-57-9,,,
1230,WQFLVWXBCRJAQN-UHFFFAOYSA-N,Brc1cc(Br)cc(Oc2c(Br)cccc2Br)c1,485.80,23,CHOBr,halogen,,thermodynamics_pending,1,"2,3',5',6-Tetrabromodiphenyl ether",,8636,,"2,3',5',6-Tetrabromodiphenyl ether",446254-41-7,,,
1231,DMFXLIFZVRXRRR-UHFFFAOYSA-N,CCCCCCCCOC(=O)CCc1cc(-n2nc3ccc(Cl)cc3n2)c(O)c(C(C)(C)C)c1,486.10,70,CHNOCl,halogen,,thermodynamics_pending,1,Octyl 5-tert-butyl-3-(5-chloro-2H-benzotriazole-2-yl)-4-hydroxybenzenepropionate,,14385,,Octyl 5-tert-butyl-3-(5-chloro-2H-benzotriazole-2-yl)-4-hydroxybenzenepropionate,83044-89-7,benzotriazoles,UV stabilizers,
1232,GGQHNQQPLWRNHD-UHFFFAOYSA-N,CC(C)(C)c1cc2c(c(C(C)(C)C)c1)OP(=O)(O)Oc1c(cc(C(C)(C)C)cc1C(C)(C)C)C2,486.60,77,CHOP,"S, P or Si",,,2,,yes: the neutral parent's PubChem name by InChIKey,,14628;14629,"Sodium bis(2,2-methylene-bis(4,6-di-tert-butylphenyl)phosphate) | 12H-Dibenzo[d,g][1,3,2]dioxaphosphocin, 2,4,8,10-tetrakis(1,1-dimethylethyl)-6-hydroxy-, 6-oxide, lithium salt (1:1)",85209-91-2;85209-93-4,organophosphates,,Organophosphates
1233,MYMKXVFDVQUQLG-UHFFFAOYSA-N,CC1c2cc(C(C)(C)C)cc(C(C)(C)C)c2OP(F)Oc2c1cc(C(C)(C)C)cc2C(C)(C)C,486.70,78,CHOFP,"S, P or Si",,,1,"12H-Dibenzo[d,g][1,3,2]dioxaphosphocin, 2,4,8,10-tetrakis(1,1-dimethylethyl)-6-fluoro-12-methyl-",,1473,,"12H-Dibenzo[d,g][1,3,2]dioxaphosphocin, 2,4,8,10-tetrakis(1,1-dimethylethyl)-6-fluoro-12-methyl-",118337-09-0,,,
1234,FLNFGIKCCOPBMZ-UHFFFAOYSA-N,CC1=NN(c2cccc(S(=O)(=O)O)c2)C(=O)C1N=Nc1cc(Cl)c(C)cc1S(=O)(=O)O,486.90,46,CHNOClS,"S, P or Si",,,1,,yes: the neutral parent's PubChem name by InChIKey,,3467,"Benzenesulfonic acid, 4-chloro-2-[2-[4,5-dihydro-3-methyl-5-oxo-1-(3-sulfophenyl)-1H-pyrazol-4-yl]diazenyl]-5-methyl-, ammonium salt (1:2)",154946-66-4,,,
1235,SOFRHZUTPGJWAM-UHFFFAOYSA-N,COc1ccc([N+](=O)[O-])cc1N=Nc1c(O)c(C(=O)Nc2cccc([N+](=O)[O-])c2)cc2ccccc12,487.40,53,CHNO,CHNO,,failed,1,1-(2-Methoxy-5-nitrophenylazo)-2-hydroxy-3-(3-nitrophenylcarbamoyl)naphthalene,,11422,,1-(2-Methoxy-5-nitrophenylazo)-2-hydroxy-3-(3-nitrophenylcarbamoyl)naphthalene,6471-49-4,,,
1236,PNFQZDSXVPAXNN-UHFFFAOYSA-N,O=P1(NCCNP2(=O)Oc3ccccc3-c3ccccc32)Oc2ccccc2-c2ccccc21,488.40,56,CHNOP,"S, P or Si",,,1,"6,6'-(Ethane-1,2-diylbis(azanediyl))bis(dibenzo[c,e][1,2]oxaphosphinine 6-oxide)",,3044,,"6,6'-(Ethane-1,2-diylbis(azanediyl))bis(dibenzo[c,e][1,2]oxaphosphinine 6-oxide)",1421927-53-8,organophosphates,,Organophosphates
1237,JOBBTVPTPXRUBP-UHFFFAOYSA-N,O=C(CCS)OCC(COC(=O)CCS)(COC(=O)CCS)COC(=O)CCS,488.70,57,CHOS,"S, P or Si",,,1,Pentaerythritol tetrakis(3-mercaptopropionate),,13563,,Pentaerythritol tetrakis(3-mercaptopropionate),7575-23-7,,,
1238,DKEXINVRFGWAKP-UHFFFAOYSA-N,C=CCN(CC=C)c1cc(NC(C)=O)c(N=Nc2c(Cl)cc([N+](=O)[O-])cc2[N+](=O)[O-])cc1OC,488.90,55,CHNOCl,halogen,,thermodynamics_pending,1,"N-[2-[(2-Chloro-4,6-dinitrophenyl)azo]-5-(diallylamino)-4-methoxyphenyl]acetamide",,14662,,"N-[2-[(2-Chloro-4,6-dinitrophenyl)azo]-5-(diallylamino)-4-methoxyphenyl]acetamide",85508-41-4,,,
1239,XZVZLEXTMDWIEK-UHFFFAOYSA-N,CCN(C(=O)c1ccccc1)c1ccc(N=Nc2cc(S(=O)(=O)O)c3ccccc3c2O)c(C)c1,489.60,58,CHNOS,"S, P or Si",,,1,,yes: the neutral parent's PubChem name by InChIKey,,10957,Sodium 3-[[4-(benzoylethylamino)-2-methylphenyl]azo]-4-hydroxynaphthalene-1-sulphonate,6245-59-6,,,
1240,ZDTNHRWWURISAA-UHFFFAOYSA-N,O=C1OC2(c3ccccc31)c1ccc(O)c(Br)c1Oc1c2ccc(O)c1Br,490.10,37,CHOBr,halogen,,thermodynamics_pending,1,"4',5'-Dibromofluorescein",,10399,,"4',5'-Dibromofluorescein",596-03-2,,,
1241,FOGYNLXERPKEGN-MRXNPFEDSA-N,COc1cc(CCCS(=O)(=O)O)ccc1O[C@H](Cc1cccc(OC)c1O)CS(=O)(=O)O,490.60,58,CHOS,"S, P or Si",,,1,,yes: the neutral parent's PubChem name by InChIKey,,14242,"Lignosulfonic acid, sodium salt",8061-51-6,,,
1242,FOGYNLXERPKEGN-UHFFFAOYSA-N,COc1cc(CCCS(=O)(=O)O)ccc1OC(Cc1cccc(OC)c1O)CS(=O)(=O)O,490.60,58,CHOS,"S, P or Si",,,1,Lignosulfonic acid,,14244,,Lignosulfonic acid,8062-15-5,,,
1243,NAEXAHVLTQKKCY-UHFFFAOYSA-N,O=C(Nc1ccc2[nH]c(=O)[nH]c2c1)c1cc2ccccc2c(N=Nc2cc(Cl)ccc2Cl)c1O,492.30,49,CHNOCl,halogen,,failed,1,"4-((2,5-Dichlorophenyl)azo)-N-(2,3-dihydro-2-oxo-1H-benzimidazol-5-yl)-3-hydroxynaphthalene-2-carboxamide",,12692,,"4-((2,5-Dichlorophenyl)azo)-N-(2,3-dihydro-2-oxo-1H-benzimidazol-5-yl)-3-hydroxynaphthalene-2-carboxamide",6992-11-6,,,
1244,LYSZZWVPQOQEFH-UHFFFAOYSA-N,COc1ccccc1N=Nc1c(S(=O)(=O)O)cc2cc(NC(=O)c3ccc(N)cc3)ccc2c1O,492.50,55,CHNOS,"S, P or Si",,,1,,yes: the neutral parent's PubChem name by InChIKey,,11417,"2-Naphthalenesulfonic acid, 7-((4-aminobenzoyl)amino)-4-hydroxy-3-((2-methoxyphenyl)azo)-, monosodium salt",6470-23-1,,,
1245,AYGCARMRWMGABG-UHFFFAOYSA-N,CCN(CC)S(=O)(=O)c1ccc(OC)c(N=Nc2cc(S(=O)(=O)O)c3ccccc3c2O)c1,493.60,56,CHNOS,"S, P or Si",,,1,,yes: the neutral parent's PubChem name by InChIKey,,14704,Sodium 3-((5-((diethylamino)sulphonyl)-2-methoxyphenyl)azo)-4-hydroxynaphthalene-1-sulphonate,85721-12-6,,,
1246,LORSVOJSXMHDHF-UHFFFAOYSA-N,CC(C)(C)c1ccc(OP(=O)(Oc2ccc(C(C)(C)C)cc2)Oc2ccc(C(C)(C)C)cc2)cc1,494.60,74,CHOP,"S, P or Si",,,1,Tris(4-tert-butylphenyl) phosphate,,13958,,Tris(4-tert-butylphenyl) phosphate,78-33-1,organophosphates,,Organophosphates
1247,LWYPBQJBRGDLOI-UHFFFAOYSA-N,CC(C)Cc1ccc(OP(=O)(Oc2ccc(CC(C)C)cc2)Oc2ccc(CC(C)C)cc2)cc1,494.60,74,CHOP,"S, P or Si",,,1,"Phenol, isobutylenated, phosphate (3:1)",,12507,,"Phenol, isobutylenated, phosphate (3:1)",68937-40-6,organophosphates,,Organophosphates
1248,HPLQLQQLRLADHV-UHFFFAOYSA-N,CCCCCCCCc1ccc(P(=O)(OCCCCCC(C)C)OCCCCCC(C)C)cc1,494.70,89,CHOP,"S, P or Si",,,1,Diisooctyl p-octylphenyl phosphite,,11976,,Diisooctyl p-octylphenyl phosphite,68133-13-1,organophosphates,,Organophosphates
1249,GWWYFEYLWLUZFT-UHFFFAOYSA-N,COc1ccccc1N=Nc1c(S(=O)(=O)O)cc2cc(S(=O)(=O)O)cc(NC(C)=O)c2c1O,495.50,50,CHNOS,"S, P or Si",,,1,,yes: the neutral parent's PubChem name by InChIKey,,11661,"C.I. Acid Violet 12, disodium salt",6625-46-3,,,
1250,HAWOYHHDVYZZGS-UHFFFAOYSA-N,CCN(CC)c1ccc2cc(C3(S(=O)(=O)O)Nc4cc(S(N)(=O)=O)ccc4O3)c(=O)oc2c1,495.50,54,CHNOS,"S, P or Si",,,1,,yes: the neutral parent's PubChem name by InChIKey,,15631,Sodium 5-(aminosulphonyl)-2-(7-(diethylamino)-2-oxo-2H-1-benzopyran-3-yl)benzoxazolesulphonate,93859-32-6,,,
1251,ALXCWDABTQQKAH-UHFFFAOYSA-N,CCOCCCNS(=O)(=O)c1ccc(Oc2cc(O)c3c(c2N)C(=O)c2ccccc2C3=O)cc1,496.50,59,CHNOS,"S, P or Si",,,1,"4-[(1-Amino-9,10-dihydro-4-hydroxy-9,10-dioxo-2-anthryl)oxy]-N-(3-ethoxypropyl)benzenesulphonamide",,13043,,"4-[(1-Amino-9,10-dihydro-4-hydroxy-9,10-dioxo-2-anthryl)oxy]-N-(3-ethoxypropyl)benzenesulphonamide",72363-26-9,,,
1252,JPSITVNBUQSBEV-UHFFFAOYSA-N,C(CSSCCC[Si]12OCCN(CCO1)CCO2)C[Si]12OCCN(CCO1)CCO2,496.80,66,CHNOSSi,"S, P or Si",,,1,"Bis[3-(2,8,9-trioxa-5-aza-1-silabicyclo[3.3.3]undec-1-YL)propyl] disulfide",,14892,,"Bis[3-(2,8,9-trioxa-5-aza-1-silabicyclo[3.3.3]undec-1-YL)propyl] disulfide",883794-93-2,silanes_siloxanes_silicones,,Siloxanes and silanes
1253,KWBZWRZCDGHBIQ-UHFFFAOYSA-N,CCCCOCCO[Si](OCCOCCCC)(OCCOCCCC)OCCOCCCC,496.80,85,CHOSi,"S, P or Si",,,1,Tetrakis(2-butoxyethyl) orthosilicate,,4392,,Tetrakis(2-butoxyethyl) orthosilicate,18765-38-3,silanes_siloxanes_silicones,,Siloxanes and silanes
1254,HECMZBWRWWVBJI-UHFFFAOYSA-N,COc1cc([N+](=O)[O-])ccc1N=Nc1c(O)c(C(=O)Nc2ccc3[nH]c(=O)[nH]c3c2)cc2ccccc12,498.50,55,CHNO,CHNO,,failed,1,"2-Naphthalenecarboxamide, N-(2,3-dihydro-2-oxo-1H-benzimidazol-5-yl)-3-hydroxy-4-[(2-methoxy-4-nitrophenyl)azo]-",,12684,,"2-Naphthalenecarboxamide, N-(2,3-dihydro-2-oxo-1H-benzimidazol-5-yl)-3-hydroxy-4-[(2-methoxy-4-nitrophenyl)azo]-",6985-95-1,,,
1255,LYLUJWGZVASHOS-UHFFFAOYSA-N,CCCCCCCCCCCCc1c(Oc2ccccc2S(=O)(=O)O)cccc1S(=O)(=O)O,498.70,67,CHOS,"S, P or Si",,,1,Disodium dodecyl(sulphonatophenoxy)benzenesulphonate,,6697,,Disodium dodecyl(sulphonatophenoxy)benzenesulphonate,28519-02-0,,,
1256,ZPIMPPJEDUQYEW-UHFFFAOYSA-N,CCCCCCCCCCCCc1ccc(Oc2ccc(S(=O)(=O)O)cc2)cc1S(=O)(=O)O,498.70,67,CHOS,"S, P or Si",,,1,Dodecyl(sulfophenoxy)benzenesulfonic acid,,7002,,Dodecyl(sulfophenoxy)benzenesulfonic acid,30260-72-1,,,
1257,RRRXPPIDPYTNJG-UHFFFAOYSA-N,NS(=O)(=O)C(F)(F)C(F)(F)C(F)(F)C(F)(F)C(F)(F)C(F)(F)C(F)(F)C(F)(F)F,499.10,31,CHNOFS,"S, P or Si",,,1,Perfluorooctanesulfonamide,,13533,,Perfluorooctanesulfonamide,754-91-6,PFASs,,PFAS
1258,ZANPXYOZKRDYBB-UHFFFAOYSA-N,CCN(Cc1ccccc1S(=O)(=O)O)c1ccc(N=Nc2ccc(N=Nc3ccccc3)cc2)cc1,499.60,61,CHNOS,"S, P or Si",,,1,,yes: the neutral parent's PubChem name by InChIKey,,10808,"Benzenesulfonic acid, ((ethyl(4-((4-(phenylazo)phenyl)azo)phenyl)amino)methyl)-, sodium salt",61827-80-3,,,
1259,SRTQDAZYCNOJON-UHFFFAOYSA-N,COCCCNc1nc(NCCCOC)c(N=Nc2sc(C(=O)OC)c(C)c2C#N)c(C)c1C#N,499.60,64,CHNOS,"S, P or Si",,,1,"2-Thiophenecarboxylic acid, 4-cyano-5-[[5-cyano-2,6-bis[(3-methoxypropyl)amino]-4-methyl-3-pyridinyl]azo]-3-methyl-, methyl ester",,13116,,"2-Thiophenecarboxylic acid, 4-cyano-5-[[5-cyano-2,6-bis[(3-methoxypropyl)amino]-4-methyl-3-pyridinyl]azo]-3-methyl-, methyl ester",72968-71-9,,,
1260,QPGYGIVRJIICGZ-UHFFFAOYSA-N,O=C1OS(=O)(=O)c2c(Br)c(Br)c(Br)c(Br)c21,499.80,16,COBrS,"S, P or Si",,,1,"3H-2,1-Benzoxathiol-3-one, 4,5,6,7-tetrabromo-, 1,1-dioxide",,12226,,"3H-2,1-Benzoxathiol-3-one, 4,5,6,7-tetrabromo-, 1,1-dioxide",68460-01-5,,,
1261,LNNHYUOWYOSHPH-UHFFFAOYSA-N,O=C1c2ccccc2-c2ccc3c4c([N+](=O)[O-])cc5c6c(ccc(c7ccc1c2c73)c64)C(=O)c1ccccc1-5,501.50,54,CHNO,CHNO,,failed,1,"Anthra[9,1,2-cde]benzo[rst]pentaphene-5,10-dione, 16-nitro-",,2145,,"Anthra[9,1,2-cde]benzo[rst]pentaphene-5,10-dione, 16-nitro-",128-60-9,,,
1262,ZGWIHQVDQSMSDT-UHFFFAOYSA-N,CCCCC(CC)CNS(=O)(=O)c1ccc(N=Nc2c(C)c(C#N)c(O)n(CCCC)c2=O)cc1,501.70,70,CHNOS,"S, P or Si",,,1,"Benzenesulfonamide, 4-[(1-butyl-5-cyano-1,6-dihydro-2-hydroxy-4-methyl-6-oxo-3-pyridinyl)azo]-N-(2-ethylhexyl)-",,9791,,"Benzenesulfonamide, 4-[(1-butyl-5-cyano-1,6-dihydro-2-hydroxy-4-methyl-6-oxo-3-pyridinyl)azo]-N-(2-ethylhexyl)-",55290-62-5,azodyes,,Azo dyes
1263,UHZVOVCIPHZPEI-UHFFFAOYSA-N,CC(=O)Nc1ccc(NC(=O)c2cc3ccccc3c(N=Nc3cc(C(N)=O)ccc3Cl)c2O)cc1,501.90,56,CHNOCl,halogen,,failed,1,N-[4-(Acetylamino)phenyl]-4-[[5-(aminocarbonyl)-2-chlorophenyl]azo]-3-hydroxynaphthalene-2-carboxamide,,1843,,N-[4-(Acetylamino)phenyl]-4-[[5-(aminocarbonyl)-2-chlorophenyl]azo]-3-hydroxynaphthalene-2-carboxamide,12236-64-5,,,
1264,BHFJBHMTEDLICO-UHFFFAOYSA-N,O=S(=O)(F)C(F)(F)C(F)(F)C(F)(F)C(F)(F)C(F)(F)C(F)(F)C(F)(F)C(F)(F)F,502.10,29,COFS,"S, P or Si",,,1,Perfluorooctanesulfonyl fluoride,,7102,,Perfluorooctanesulfonyl fluoride,307-35-7,PFASs,,PFAS
1265,QEDNBHNWMHJNAB-UHFFFAOYSA-N,CC(C)CCCCCCCOP(OCCCCCCCC(C)C)OCCCCCCCC(C)C,502.80,97,CHOP,"S, P or Si",,,1,Triisodecyl phosphite,,5877,,Triisodecyl phosphite,25448-25-3,organophosphates,,Organophosphates
1266,QQBLOZGVRHAYGT-UHFFFAOYSA-N,CCCCCCCCCCOP(OCCCCCCCCCC)OCCCCCCCCCC,502.80,97,CHOP,"S, P or Si",,,1,Tridecyl phosphite,,6835,,Tridecyl phosphite,2929-86-4,organophosphates,,Organophosphates
1267,OWZREIFADZCYQD-NSHGMRRFSA-N,CC1(C)[C@H](C(=O)O[C@H](C#N)c2cccc(Oc3ccccc3)c2)[C@@H]1C=C(Br)Br,505.20,47,CHNOBr,halogen,,thermodynamics_pending,1,Deltamethrin,,9463,,Deltamethrin,52918-63-5,,,
1268,KLFNHRIZTXWZHT-UHFFFAOYSA-N,CCO[Si](CCCSSSCCC[Si](OCC)(OCC)OCC)(OCC)OCC,506.90,71,CHOSSi,"S, P or Si",,,1,"4,4,14,14-Tetraethoxy-3,15-dioxa-8,9,10-trithia-4,14-disilaheptadecane",,10008,,"4,4,14,14-Tetraethoxy-3,15-dioxa-8,9,10-trithia-4,14-disilaheptadecane",56706-11-7,silanes_siloxanes_silicones,,Siloxanes and silanes
1269,DWYWPBYWDAZKNX-UHFFFAOYSA-N,CC1=NN(c2cc(Cl)c(S(=O)(=O)O)cc2Cl)C(=O)C1N=Nc1ccc(S(=O)(=O)O)cc1,507.30,43,CHNOClS,"S, P or Si",,,1,,yes: the neutral parent's PubChem name by InChIKey,,11177,"C.I. Acid Yellow 17, disodium salt",6359-98-4,azodyes,,Azo dyes
1270,UOJXCGAWGJWRNV-UHFFFAOYSA-N,CC1=NN(c2cccc(S(=O)(=O)O)c2)C(=O)C1N=Nc1cc(Cl)c(Cl)cc1S(=O)(=O)O,507.30,43,CHNOClS,"S, P or Si",,,1,,yes: the neutral parent's PubChem name by InChIKey,,11531,"Disodium 4,5-dichloro-2-((4,5-dihydro-3-methyl-5-oxo-1-(3-sulphonatophenyl)-1H-pyrazol-4-yl)azo)benzenesulphonate",65212-76-2,,,
1271,DGTLOIKLYHWFLN-UHFFFAOYSA-N,COC(=O)C1=C(C)NC(C)=C(C(=O)OCCSCCOC(=O)C2=C(C)NC(C)=C(C(=O)OC)C2)C1,508.60,67,CHNOS,"S, P or Si",,,1,"3,5-Pyridinedicarboxylic acid, 1,4-dihydro-2,6-dimethyl-, 3,3'-(thiodi-2,1-ethanediyl) 5,5'-dimethyl ester",,1636,,"3,5-Pyridinedicarboxylic acid, 1,4-dihydro-2,6-dimethyl-, 3,3'-(thiodi-2,1-ethanediyl) 5,5'-dimethyl ester",120218-34-0,,,
1272,YLUZWKKWWSCRSR-UHFFFAOYSA-N,CC(C)CCCCCCCOP1OCC2(CO1)COP(OCCCCCCCC(C)C)OC2,508.60,83,CHOP,"S, P or Si",,,1,Diisodecyl pentaerythritol diphosphite,,6257,,Diisodecyl pentaerythritol diphosphite,26544-27-4,organophosphates,,Organophosphates
1273,WRYGOBYUNBNKLX-UHFFFAOYSA-N,OCN(CO)c1nc(CCC(Br)(Br)Br)nc(N(CO)CO)n1,510.00,38,CHNOBr,halogen,,thermodynamics_pending,1,"Methanol, (6-(3,3,3-tribromopropyl)-s-triazine-2,4-diyldinitrilo)tetra-",,15307,,"Methanol, (6-(3,3,3-tribromopropyl)-s-triazine-2,4-diyldinitrilo)tetra-",90751-07-8,,,
1274,AVYKQOAMZCAHRG-UHFFFAOYSA-N,CCO[Si](CCC(F)(F)C(F)(F)C(F)(F)C(F)(F)C(F)(F)C(F)(F)F)(OCC)OCC,510.40,50,CHOFSi,"S, P or Si",,,1,"1h,1h,2h,2h-Perfluorooctyltriethoxysilane",,9277,,"1h,1h,2h,2h-Perfluorooctyltriethoxysilane",51851-37-7,PFASs;silanes_siloxanes_silicones,,Siloxanes and silanes;PFAS
1275,VKWTWQFXBPNXLB-UHFFFAOYSA-N,Cc1cc(N=Nc2ccc(-c3ccc(N=Nc4cc(C)c(O)c(C(=O)O)c4)cc3)cc2)cc(C(=O)O)c1O,510.50,60,CHNO,CHNO,,,1,,yes: the neutral parent's PubChem name by InChIKey,,11324,C.I. Direct Yellow 20,6426-62-6,,,
1276,UGCDBQWJXSAYIL-UHFFFAOYSA-N,O=c1c2ccccc2c(=O)c2c1cc(Cl)c1[nH]c3c([nH]c12)c(Cl)cc1c(=O)c2ccccc2c(=O)c13,511.30,48,CHNOCl,halogen,,thermodynamics_pending,1,Vat blue 6,,2191,,Vat blue 6,130-20-1,,,
1277,PIEQFSVTZMAUJA-UHFFFAOYSA-N,O=S(=O)(O)c1cc(S(=O)(=O)O)c2c(N=Nc3ccc(N=Nc4ccccc4)cc3)c(O)ccc2c1,512.50,51,CHNOS,"S, P or Si",,,1,,yes: the neutral parent's PubChem name by InChIKey,,9625,Acid red 73,5413-75-2,,,
1278,QHXMGBJYVJFXEU-UHFFFAOYSA-N,O=S(=O)(O)c1ccc2c(N=Nc3ccc(N=Nc4ccccc4)cc3)c(O)c(S(=O)(=O)O)cc2c1,512.50,51,CHNOS,"S, P or Si",,,1,,yes: the neutral parent's PubChem name by InChIKey,,10919,Ponceau SS,6226-78-4,,,
1279,SRMWNTGHXHOWBT-UHFFFAOYSA-N,CNS(=O)(=O)C(F)(F)C(F)(F)C(F)(F)C(F)(F)C(F)(F)C(F)(F)C(F)(F)C(F)(F)F,513.20,34,CHNOFS,"S, P or Si",,,1,Heptadecafluoro-N-methyloctanesulphonamide,,7234,,Heptadecafluoro-N-methyloctanesulphonamide,31506-32-8,PFASs,,PFAS
1280,KPDMSHIPXXAVNZ-UHFFFAOYSA-N,O=C(O)c1cc(N=Nc2ccc(Sc3ccc(N=Nc4ccc(O)c(C(=O)O)c4)cc3)cc2)ccc1O,514.50,55,CHNOS,"S, P or Si",,,1,,yes: the neutral parent's PubChem name by InChIKey,,14146,"Benzoic acid, 3,3'-(thiobis(phenyleneazo))bis(6-hydroxy-, disodium salt",8003-87-0,,,
1281,JZKPKNSYAHAKJY-UHFFFAOYSA-N,Cc1ccc(S(=O)(=O)C(C)(C)C(=O)c2ccc(Sc3ccc(C(=O)c4ccccc4)cc3)cc2)cc1,514.70,62,CHOS,"S, P or Si",,,1,"1-Propanone, 1-[4-[(4-benzoylphenyl)thio]phenyl]-2-methyl-2-[(4-methylphenyl)sulfonyl]-",,6466,,"1-Propanone, 1-[4-[(4-benzoylphenyl)thio]phenyl]-2-methyl-2-[(4-methylphenyl)sulfonyl]-",272460-97-6,,,
1282,ZEFSGHVBJCEKAZ-UHFFFAOYSA-N,CCOP(Oc1c(C)cc(C(C)(C)C)cc1C(C)(C)C)Oc1c(C)cc(C(C)(C)C)cc1C(C)(C)C,514.70,87,CHOP,"S, P or Si",,,1,"Bis(2,4-DI-tert-butyl-6-methyl phenyl) ethyl phosphite",,3166,,"Bis(2,4-DI-tert-butyl-6-methyl phenyl) ethyl phosphite",145650-60-8,organophosphates,Antioxidants,Organophosphates
1283,GHKOFFNLGXMVNJ-UHFFFAOYSA-N,CCCCCCCCCCCCOC(=O)CCSCCC(=O)OCCCCCCCCCCCC,514.90,93,CHOS,"S, P or Si",,,1,Dilauryl thiodipropionate,,1910,,Dilauryl thiodipropionate,123-28-4,,Antioxidants,
1284,JBJBSAHNMRBDSH-UHFFFAOYSA-N,COc1ccc(C(=O)Nc2ccccc2)cc1N=Nc1c(O)c(C(=O)Nc2ccccc2)cc2ccccc12,516.60,63,CHNO,CHNO,,failed,1,"2-Naphthalenecarboxamide, 3-hydroxy-4-[[2-methoxy-5-[(phenylamino)carbonyl]phenyl]azo]-N-phenyl-",,11273,,"2-Naphthalenecarboxamide, 3-hydroxy-4-[[2-methoxy-5-[(phenylamino)carbonyl]phenyl]azo]-N-phenyl-",6410-29-3,,,
1285,SQAKQVFOMMLRPR-IWGRKNQJSA-N,O=S(=O)(O)c1ccccc1/C=C/c1ccc(-c2ccc(/C=C/c3ccccc3S(=O)(=O)O)cc2)cc1,518.60,58,CHOS,"S, P or Si",,,1,,yes: the neutral parent's PubChem name by InChIKey,,6494,"Disodium 4,4'-bis(2-sulfostyryl)biphenyl",27344-41-8,,,
1286,GSANOGQCVHBHIF-UHFFFAOYSA-N,C[Si]1(C)O[Si](C)(C)O[Si](C)(C)O[Si](C)(C)O[Si](C)(C)O[Si](C)(C)O[Si](C)(C)O1,519.10,70,CHOSi,"S, P or Si",,,1,Tetradecamethylcycloheptasiloxane,,771,,Tetradecamethylcycloheptasiloxane,107-50-6,silanes_siloxanes_silicones,,Siloxanes and silanes
1287,MGYNSFHFMQUQLF-UHFFFAOYSA-N,CCCCCCCCC=CCCCCCCCC(=O)NCC(C)OC(=O)CC(C(=O)O)S(=O)(=O)O,519.70,80,CHNOS,"S, P or Si",,,1,,yes: the neutral parent's PubChem name by InChIKey,,11839,"Butanedioic acid, sulfo-, 4-[1-methyl-2-[(1-oxo-9-octadecenyl)amino]ethyl] ester, disodium salt",67815-88-7,,,
1288,QTBVKOOJIOBHNV-UHFFFAOYSA-N,CC(=O)Nc1cc(N)c(S(=O)(=O)O)cc1N=Nc1ccc(S(=O)(=O)CCOS(=O)(=O)O)cc1,522.50,51,CHNOS,"S, P or Si",,,1,,yes: the neutral parent's PubChem name by InChIKey,,15694,"4-Acetamido-5-((4-((2-(sulphooxy)ethyl)sulphonyl)phenyl)azo)anthranilic acid, sodium salt",94158-82-4,,,
1289,MPPPYZPOWCOBCE-UHFFFAOYSA-N,CCCCCCCCCCCCCOCCOCCOCCOCCOCCOCCOCC(=O)O,522.70,90,CHO,CHNO,,,1,,yes: the neutral parent's PubChem name by InChIKey,,527,"3,6,9,12,15,18,21-Heptaoxatetratriacontanoic acid, sodium salt (1:1)",104503-68-6,,,
1290,ZCEURBBJHMJEOG-UHFFFAOYSA-N,CC(C)CCCCCCCCCCOP(OCCCCCCCCCCC(C)C)Oc1ccccc1,522.80,95,CHOP,"S, P or Si",,,1,Diisotridecyl phenyl phosphite,,11852,,Diisotridecyl phenyl phosphite,67874-37-7,organophosphates,Antioxidants,Organophosphates
1291,OFVRAFISISJRPV-UHFFFAOYSA-N,CCCCOC(=O)c1ccccc1N=Nc1c(O)c(C(=O)Nc2ccc3[nH]c(=O)[nH]c3c2)cc2ccccc12,523.50,64,CHNO,CHNO,,failed,1,"Benzoic acid, 2-[[3-[[(2,3-dihydro-2-oxo-1H-benzimidazol-5-yl)amino]carbonyl]-2-hydroxy-1-naphthalenyl]azo]-, butyl ester",,7274,,"Benzoic acid, 2-[[3-[[(2,3-dihydro-2-oxo-1H-benzimidazol-5-yl)amino]carbonyl]-2-hydroxy-1-naphthalenyl]azo]-, butyl ester",31778-10-6,,,
1292,OGLNEHXQSLFBEQ-UHFFFAOYSA-N,Cc1ccc(-n2c(O)c(C3=NC(=C(C#N)C(=O)Nc4ccc(Cl)cc4)c4ccccc43)c(=O)[nH]c2=O)cc1,523.90,56,CHNOCl,halogen,,failed,1,"Acetamide, N-(4-chlorophenyl)-2-cyano-2-[2,3-dihydro-3-[tetrahydro-1-(4-methylphenyl)-2,4,6-trioxo-5(2H)-pyrimidinylidene]-1H-isoindol-1-ylidene]-",,14722,,"Acetamide, N-(4-chlorophenyl)-2-cyano-2-[2,3-dihydro-3-[tetrahydro-1-(4-methylphenyl)-2,4,6-trioxo-5(2H)-pyrimidinylidene]-1H-isoindol-1-ylidene]-",85959-60-0,,,
1293,CFKONAWMNQERAG-UHFFFAOYSA-N,O=C(CCS)OCCn1c(=O)n(CCOC(=O)CCS)c(=O)n(CCOC(=O)CCS)c1=O,525.60,60,CHNOS,"S, P or Si",,,1,"Propanoic acid, 3-mercapto-, (2,4,6-trioxo-1,3,5-triazine-1,3,5(2H,4H,6H)-triyl)tri-2,1-ethanediyl ester",,7801,,"Propanoic acid, 3-mercapto-, (2,4,6-trioxo-1,3,5-triazine-1,3,5(2H,4H,6H)-triyl)tri-2,1-ethanediyl ester",36196-44-8,,,
1294,RJZLMBIYRSBCDQ-UHFFFAOYSA-N,CCN(c1ccccc1)S(=O)(=O)c1ccccc1N=Nc1c(N)ccc2cc(S(=O)(=O)O)cc(O)c12,526.60,58,CHNOS,"S, P or Si",,,1,,yes: the neutral parent's PubChem name by InChIKey,,12822,Sodium 6-amino-5-[[2-[(ethylphenylamino)sulphonyl]phenyl]azo]-4-hydroxynaphthalene-2-sulphonate,70865-30-4,,,
1295,CCEKAJIANROZEO-UHFFFAOYSA-N,CCNS(=O)(=O)C(F)(F)C(F)(F)C(F)(F)C(F)(F)C(F)(F)C(F)(F)C(F)(F)C(F)(F)F,527.20,37,CHNOFS,"S, P or Si",,,1,Sulfluramid,,8380,,Sulfluramid,4151-50-2,PFASs,,PFAS
1296,WGIIJSJDWAQMMF-UHFFFAOYSA-N,Nc1ccc2c(O)c(N=Nc3ccc(N=Nc4ccc(S(=O)(=O)O)cc4)cc3)c(S(=O)(=O)O)cc2c1,527.50,53,CHNOS,"S, P or Si",,,1,,yes: the neutral parent's PubChem name by InChIKey,,11072,Disodium 7-amino-4-hydroxy-3-[[4-[(4-sulphonatophenyl)azo]phenyl]azo]naphthalene-2-sulphonate,6300-50-1,,,
1297,ALVYVCQIFHTIRD-UHFFFAOYSA-N,O=S(=O)(O)CCC(F)(F)C(F)(F)C(F)(F)C(F)(F)C(F)(F)C(F)(F)C(F)(F)C(F)(F)F,528.20,36,CHOFS,"S, P or Si",,,1,,yes: the neutral parent's PubChem name by InChIKey,,8923,"3,3,4,4,5,5,6,6,7,7,8,8,9,9,10,10,10-Heptadecafluorodecane-1-sulfonate",481071-78-7,PFASs,,PFAS
1298,BELGUQVGZMFEAQ-UHFFFAOYSA-N,CCCCC(CC)COC(=O)c1c(Cl)c(Cl)c(Cl)c(Cl)c1C(=O)OCC(CC)CCCC,528.30,66,CHOCl,halogen,,thermodynamics_pending,1,"1,2-Benzenedicarboxylic acid, 3,4,5,6-tetrachloro-, bis(2-ethylhexyl) ester",,7663,,"1,2-Benzenedicarboxylic acid, 3,4,5,6-tetrachloro-, bis(2-ethylhexyl) ester",34832-88-7,,,
1299,QYPMQVPIDNIKAJ-UHFFFAOYSA-N,CC(=O)OCCN(C)S(=O)(=O)c1ccc2c(N=Nc3ccc(N=Nc4ccccc4)cc3)c(O)ccc2c1,531.60,63,CHNOS,"S, P or Si",,,1,"2-Naphthalenesulfonamide, N-[2-(acetyloxy)ethyl]-6-hydroxy-N-methyl-5-[[4-(phenylazo)phenyl]azo]-",,12735,,"2-Naphthalenesulfonamide, N-[2-(acetyloxy)ethyl]-6-hydroxy-N-methyl-5-[[4-(phenylazo)phenyl]azo]-",70210-08-1,azodyes,,Azo dyes
1300,BARWIPMJPCRCTP-CLFAGFIQSA-N,CCCCCCCC/C=C\CCCCCCCCOC(=O)CCCCCCC/C=C\CCCCCCCC,532.90,106,CHO,CHNO,,failed,1,Oleyl oleate,,7897,,Oleyl oleate,3687-45-4,,,
1301,NFVSFLUJRHRSJG-UHFFFAOYSA-N,C[Si](C)(C)O[Si](C)(C)O[Si](C)(C)O[Si](C)(C)O[Si](C)(C)O[Si](C)(C)O[Si](C)(C)C,533.20,77,CHOSi,"S, P or Si",,,1,Hexadecamethylheptasiloxane,,9613,,Hexadecamethylheptasiloxane,541-01-5,silanes_siloxanes_silicones,,Siloxanes and silanes
1302,WXDXQSMFRITTEJ-UHFFFAOYSA-N,C=CCN(CC=C)c1cc(NC(C)=O)c(N=Nc2c(Br)cc([N+](=O)[O-])cc2[N+](=O)[O-])cc1OC,533.30,55,CHNOBr,halogen,,thermodynamics_pending,1,"N-[2-[(2-Bromo-4,6-dinitrophenyl)azo]-5-(diallylamino)-4-methoxyphenyl]acetamide",,9278,,"N-[2-[(2-Bromo-4,6-dinitrophenyl)azo]-5-(diallylamino)-4-methoxyphenyl]acetamide",51868-46-3,,,
1303,VTFXHGBOGGGYDO-UHFFFAOYSA-N,CCCCCCCCCCCCSCc1cc(C)c(O)c(CSCCCCCCCCCCCC)c1,537.00,96,CHOS,"S, P or Si",,,1,"2,4-Bis((dodecylthio)methyl)-6-methylphenol",,1048,,"2,4-Bis((dodecylthio)methyl)-6-methylphenol",110675-26-8,,,
1304,IHARBQHTSDOPQR-UHFFFAOYSA-N,Cc1cc(N=Nc2ccc(-c3ccc(N=Nc4cc(S(=O)(=O)O)c5ccccc5c4N)cc3)cc2)ccc1O,537.60,62,CHNOS,"S, P or Si",,,1,,yes: the neutral parent's PubChem name by InChIKey,,11491,C.I. Direct Orange 25,6486-43-7,,,
1305,JFYWXSJIMAKWKU-UHFFFAOYSA-N,Nc1ccc(N=Nc2ccc(-c3ccc(N=Nc4cc(S(=O)(=O)O)c5ccccc5c4N)cc3)cc2)c(N)c1,537.60,62,CHNOS,"S, P or Si",,,1,,yes: the neutral parent's PubChem name by InChIKey,,11489,C.I. Direct Brown 86,6486-30-2,,,
1306,IRPXADUBAQAOKL-UHFFFAOYSA-N,O=S(=O)(O)c1ccc2c(N=Nc3ccc(S(=O)(=O)O)c4ccccc34)c(O)c(S(=O)(=O)O)cc2c1,538.50,49,CHNOS,"S, P or Si",,,1,,yes: the neutral parent's PubChem name by InChIKey,,15404,Amaranth,915-67-3,azodyes,,Azo dyes
1307,JZGWEIPJUAIDHM-UHFFFAOYSA-N,O=S(=O)(O)c1cc(S(=O)(=O)O)c2c(N=Nc3ccc(S(=O)(=O)O)c4ccccc34)c(O)ccc2c1,538.50,49,CHNOS,"S, P or Si",,,1,,yes: the neutral parent's PubChem name by InChIKey,,6108,Ponceau 4R,2611-82-7,azodyes,,Azo dyes
1308,WUNKCFGESKCYFD-UHFFFAOYSA-N,Cc1cc(-c2ccc(N=Nc3cc(C)c(O)c(C(=O)O)c3)c(C)c2)ccc1N=Nc1cc(C)c(O)c(C(=O)O)c1,538.60,66,CHNO,CHNO,,,1,,yes: the neutral parent's PubChem name by InChIKey,,11400,C.I. Direct Yellow 48,6459-97-8,,,
1309,VTHOKNTVYKTUPI-UHFFFAOYSA-N,CCO[Si](CCCSSSSCCC[Si](OCC)(OCC)OCC)(OCC)OCC,539.00,72,CHOSSi,"S, P or Si",,,1,"4,4,15,15-Tetraethoxy-3,16-dioxa-8,9,10,11-tetrathia-4,15-disilaoctadecane",,8258,,"4,4,15,15-Tetraethoxy-3,16-dioxa-8,9,10,11-tetrathia-4,15-disilaoctadecane",40372-72-3,silanes_siloxanes_silicones,,Siloxanes and silanes
1310,BJJVXUJLPKXFRE-UHFFFAOYSA-N,Cc1ccccc1N=Nc1ccc(N=Nc2c(O)c(S(=O)(=O)O)cc3cc(S(=O)(=O)O)ccc23)c(C)c1,540.60,57,CHNOS,"S, P or Si",,,1,,yes: the neutral parent's PubChem name by InChIKey,,10920,"Disodium 3-hydroxy-4-[[2-methyl-4-[(o-tolyl)azo]phenyl]azo]naphthalene-2,7-disulphonate",6226-80-8,,,
1311,FKDGKTNDRAXENR-UHFFFAOYSA-N,CC1=CC(=C(c2ccc(N)c(S(=O)(=O)O)c2)c2ccc(N)c(S(=O)(=O)O)c2)C=C(S(=O)(=O)O)C1=N,541.60,54,CHNOS,"S, P or Si",,,1,,yes: the neutral parent's PubChem name by InChIKey,,7357,Acid violet 19,3244-88-0,,,
1312,MZHULIWXRDLGRR-UHFFFAOYSA-N,CCCCCCCCCCCCCOC(=O)CCSCCC(=O)OCCCCCCCCCCCCC,542.90,99,CHOS,"S, P or Si",,,1,Di(tridecyl) thiodipropionate,,627,,Di(tridecyl) thiodipropionate,10595-72-9,,Antioxidants,
1313,IKHKJYWPWWBSFZ-UHFFFAOYSA-N,CCN(CC)c1ccc(C(=C2C=CC(=[N+](CC)CC)C=C2)c2ccc(S(=O)(=O)O)cc2S(=O)(=O)[O-])cc1,544.70,69,CHNOS,"S, P or Si",,,1,,yes: the neutral parent's PubChem name by InChIKey,,2166,Sulfan Blue,129-17-9,,,
1314,WITDFSFZHZYQHB-UHFFFAOYSA-N,S=C(SSC(=S)N(Cc1ccccc1)Cc1ccccc1)N(Cc1ccccc1)Cc1ccccc1,544.80,64,CHNS,"S, P or Si",,,1,Tetrabenzylthiuram disulfide,,623,,Tetrabenzylthiuram disulfide,10591-85-2,,,
1315,VTLHIRNKQSFSJS-UHFFFAOYSA-N,CC(S)CC(=O)OCC(COC(=O)CC(C)S)(COC(=O)CC(C)S)COC(=O)CC(C)S,544.80,69,CHOS,"S, P or Si",,,1,Pentaerythritol tetrakis(3-mercaptobutyrate),,7273,,Pentaerythritol tetrakis(3-mercaptobutyrate),31775-89-0,,,
1316,PHLASVAENYNAOW-UHFFFAOYSA-N,C[Si](O[Si](C)(c1ccccc1)c1ccccc1)(O[Si](C)(c1ccccc1)c1ccccc1)c1ccccc1,546.90,72,CHOSi,"S, P or Si",,,1,"1,3,5-Trimethyl-1,1,3,5,5-pentaphenyltrisiloxane",,7567,,"1,3,5-Trimethyl-1,1,3,5,5-pentaphenyltrisiloxane",3390-61-2,silanes_siloxanes_silicones,,Siloxanes and silanes
1317,KCCVQDMMMLWLRF-UHFFFAOYSA-N,Nc1ccc(N=Nc2ccc(-c3ccc(N=Nc4c(S(=O)(=O)O)cc5ccc(N)cc5c4O)cc3)cc2)c(N)c1,553.60,63,CHNOS,"S, P or Si",,,1,,yes: the neutral parent's PubChem name by InChIKey,,11490,C.I. Direct Brown 56,6486-31-3,,,
1318,KBKLKHJKTXJHPE-UHFFFAOYSA-N,CC1=NN(c2cc(S(=O)(=O)O)ccc2Cl)C(=O)C1N=Nc1cc(Cl)ccc1Oc1ccccc1Cl,553.80,50,CHNOClS,"S, P or Si",,,1,,yes: the neutral parent's PubChem name by InChIKey,,13052,"Sodium 4-chloro-3-[4-[[5-chloro-2-(2-chlorophenoxy)phenyl]azo]-4,5-dihydro-3-methyl-5-oxo-1H-pyrazol-1-yl]benzenesulphonate",72479-28-8,,,
1319,QEFJYMFUMVHTBR-UHFFFAOYSA-N,CN(C)c1ccc(C(=C2C=CC(=[N+](C)C)C=C2)c2c(O)c(S(=O)(=O)[O-])cc3cc(S(=O)(=O)O)ccc23)cc1,554.60,64,CHNOS,"S, P or Si",,,1,,yes: the neutral parent's PubChem name by InChIKey,,7141,Acid green 50,3087-16-9,,,
1320,COQWGWFPDSGFJS-UHFFFAOYSA-N,CCCCCCCCCCCCCCCCc1c(Oc2ccccc2S(=O)(=O)O)cccc1S(=O)(=O)O,554.80,79,CHOS,"S, P or Si",,,1,,yes: the neutral parent's PubChem name by InChIKey,,11527,Disodium hexadecyl(sulfophenoxy)benzenesulfonate,65143-89-7,,,
1321,UUNRYKCXJSDLRD-UHFFFAOYSA-N,CCCCCCCCCCCCSC(=S)SSC(=S)SCCCCCCCCCCCC,555.10,82,CHS,"S, P or Si",,,1,Bis(dodecylsulfanylthiocarbonyl) disulfide,,14807,,Bis(dodecylsulfanylthiocarbonyl) disulfide,870532-86-8,,,
1322,YDQLECBCTASDOZ-UHFFFAOYSA-N,CCCCCCCCCCCCCCCCCCn1c(=O)c2ccc3sc4ccccc4c4ccc(c1=O)c2c34,555.80,85,CHNOS,"S, P or Si",,,1,"2-Octadecyl-1H-thioxantheno[2,1,9-def]isoquinoline-1,3(2H)-dione",,2088,,"2-Octadecyl-1H-thioxantheno[2,1,9-def]isoquinoline-1,3(2H)-dione",12671-74-8,,,
1323,YBCHZIOIOXESGA-UHFFFAOYSA-N,CCCCCCCCCCCCCOC(=O)C(CC(=O)OC1CC(C)(C)NC(C)(C)C1)C(CC(=O)O)C(=O)O,555.80,92,CHNO,CHNO,,,1,,yes: the neutral parent's PubChem name by InChIKey,,126,"1,2,3,4-Butanetetracarboxylic acid, 2,2,6,6-tetramethyl-4-piperidinyl tridecyl ester",100631-43-4,,UV stabilizers,
1324,FTAFFTSOJBRORR-UHFFFAOYSA-N,C[N+](C)(CCCNC(=O)C(F)(F)C(F)(F)C(F)(F)C(F)(F)C(F)(F)C(F)(F)C(F)(F)F)CC(=O)[O-],556.30,50,CHNOF,halogen,,thermodynamics_pending,1,Perfluorooctaneamide betaine,,15176,,Perfluorooctaneamide betaine,90179-39-8,PFASs,,PFAS
1325,XUHUMYVYHLHMCD-UHFFFAOYSA-N,c1ccc(C2CCCCC2)c(OP(Oc2ccccc2C2CCCCC2)Oc2ccccc2C2CCCCC2)c1,556.70,85,CHOP,"S, P or Si",,,1,Tris(2-cyclohexylphenyl) phosphite,,2580,,Tris(2-cyclohexylphenyl) phosphite,13423-78-4,organophosphates,Antioxidants,Organophosphates
1326,AYLOUUCBACYHAB-UHFFFAOYSA-N,O=C(O)CNS(=O)(=O)C(F)(F)C(F)(F)C(F)(F)C(F)(F)C(F)(F)C(F)(F)C(F)(F)C(F)(F)F,557.20,37,CHNOFS,"S, P or Si",,,1,Perfluorooctane sulfonamidoacetic acid,,6620,,Perfluorooctane sulfonamidoacetic acid,2806-24-8,PFASs,,PFAS
1327,IOOMXAQUNPWDLL-UHFFFAOYSA-N,CCN(CC)c1ccc2c(-c3ccc(S(=O)(=O)O)cc3S(=O)(=O)[O-])c3ccc(=[N+](CC)CC)cc-3oc2c1,558.70,68,CHNOS,"S, P or Si",,,1,,yes: the neutral parent's PubChem name by InChIKey,,7703,Acid red 52,3520-42-1,,,
1328,FQVVGIYUIPHSRR-UHFFFAOYSA-N,CNS(=O)(=O)c1cc(C)c(N=Nc2c(O)c(C(=O)Nc3ccc4[nH]c(=O)[nH]c4c3)cc3ccccc23)cc1OC,560.60,64,CHNOS,"S, P or Si",,,1,"N-(2,3-Dihydro-2-oxo-1H-benzimidazol-5-yl)-3-hydroxy-4-((5-methoxy-2-methyl-4-((methylamino)sulphonyl)phenyl)azo)naphthalene-2-carboxamide",,10839,,"N-(2,3-Dihydro-2-oxo-1H-benzimidazol-5-yl)-3-hydroxy-4-((5-methoxy-2-methyl-4-((methylamino)sulphonyl)phenyl)azo)naphthalene-2-carboxamide",61951-98-2,,,
1329,YKGGTUUWVUHZIL-UHFFFAOYSA-N,CNS(=O)(=O)c1cc(OC)c(N=Nc2c(O)c(C(=O)Nc3ccc4[nH]c(=O)[nH]c4c3)cc3ccccc23)cc1C,560.60,64,CHNOS,"S, P or Si",,,1,"N-(2,3-dihydro-2-oxo-1H-benzimidazol-5-yl)-3-hydroxy-4-[[2-methoxy-5-methyl-4-[(methylamino)sulphonyl]phenyl]azo]naphthalene-2-carboxamide",,9286,,"N-(2,3-dihydro-2-oxo-1H-benzimidazol-5-yl)-3-hydroxy-4-[[2-methoxy-5-methyl-4-[(methylamino)sulphonyl]phenyl]azo]naphthalene-2-carboxamide",51920-12-8,,,
1330,DHAHKSQXIXFZJB-UHFFFAOYSA-N,CCN(CC)c1ccc(C(=C2C=CC(=[N+](CC)CC)C=C2)c2cc(O)c(S(=O)(=O)O)cc2S(=O)(=O)[O-])cc1,560.70,70,CHNOS,"S, P or Si",,,1,,yes: the neutral parent's PubChem name by InChIKey,,4704,Patent Blue V sodium,20262-76-4,,,
1331,HXJBFPGICPYFTI-UHFFFAOYSA-N,Cc1ccc(NS(=O)(=O)c2cc(N=Nc3c(N)ccc4cc(S(=O)(=O)O)cc(O)c34)ccc2Cl)c(C)c1,561.00,58,CHNOClS,"S, P or Si",,,1,,yes: the neutral parent's PubChem name by InChIKey,,12978,"2-Naphthalenesulfonic acid, 6-amino-5-((4-chloro-3-(((2,4-dimethylphenyl)amino)sulfonyl)phenyl)azo)-4-hydroxy-, monosodium salt",71873-39-7,,,
1332,GLZGTQYOWXFUNZ-UHFFFAOYSA-N,COc1ccc(C(=O)Nc2ccccc2)cc1N=Nc1c(O)c(C(=O)Nc2cccc([N+](=O)[O-])c2)cc2ccccc12,561.60,65,CHNO,CHNO,,failed,1,4-((5-(Anilino)carbonyl-2-methoxyphenyl)azo)-3-hydroxy-N-(3-nitrophenyl)naphthalene-2-carboxamide,,11374,,4-((5-(Anilino)carbonyl-2-methoxyphenyl)azo)-3-hydroxy-N-(3-nitrophenyl)naphthalene-2-carboxamide,6448-96-0,,,
1333,ICAXUQIEOXHXKK-UHFFFAOYSA-N,CCCCCCCCCCCCCOC(=O)CC(C(=O)OCCCCCCCCCCCCC)S(=O)(=O)O,562.90,96,CHOS,"S, P or Si",,,1,,yes: the neutral parent's PubChem name by InChIKey,,6319,Sodium ditridecyl sulfosuccinate,2673-22-5,,,
1334,XCNMHPMTEZXXTF-UHFFFAOYSA-N,CC(C)CCCCCCCCCCOC(=O)CC(C(=O)OCCCCCCCCCCC(C)C)S(=O)(=O)O,562.90,96,CHOS,"S, P or Si",,,1,,yes: the neutral parent's PubChem name by InChIKey,,9776,"Sodium 1,4-diisotridecyl sulphonatosuccinate",55184-72-0,,,
1335,AKGRMFPMFPLGPZ-UHFFFAOYSA-N,CCN(CCCS(=O)(=O)O)C(=O)C(F)(F)C(F)(F)C(F)(F)C(F)(F)C(F)(F)C(F)(F)C(F)(F)F,563.30,46,CHNOFS,"S, P or Si",,,1,,yes: the neutral parent's PubChem name by InChIKey,,14948,3-[Ethyl(perfluoro-1-oxooctyl)amino]-1-propanesulfonic acid sodium salt,89685-61-0,PFASs,,PFAS
1336,PWMAWDOHDAXMCR-UHFFFAOYSA-N,NC(=O)Nc1cc(Nc2nc(F)nc(F)c2Cl)ccc1N=Nc1ccc(S(=O)(=O)O)cc1S(=O)(=O)O,563.90,48,CHNOFClS,"S, P or Si",,,1,,yes: the neutral parent's PubChem name by InChIKey,,14423,"1,3-Benzenedisulfonic acid, 4-(2-(2-((aminocarbonyl)amino)-4-((5-chloro-2,6-difluoro-4-pyrimidinyl)amino)phenyl)diazenyl)-, sodium salt (1:2)",83763-54-6,,,
1337,WHPVYXDFIXRKLN-UHFFFAOYSA-N,Brc1ccc(Oc2cc(Br)c(Br)cc2Br)c(Br)c1,564.70,23,CHOBr,halogen,,thermodynamics_pending,2,"2,2',4,4',5-Pentabromodiphenyl ether",,10507;16141,,"2,2',4,4',5-Pentabromodiphenyl ether | 2,2',4,4',5-Pentabromodiphenyl ether",32534-81-9;60348-60-9,,,
1338,WKYQUGCIKNOXFW-UHFFFAOYSA-N,Brc1ccc(Br)c(Oc2ccc(Br)c(Br)c2Br)c1,564.70,23,CHOBr,halogen,,thermodynamics_pending,1,"2,2',3,4,5'-Pentabromodiphenyl ether",,8645,,"2,2',3,4,5'-Pentabromodiphenyl ether",446254-54-2,,,
1339,XAHYSNUYJLNDBX-UHFFFAOYSA-N,Brc1cc(Br)c(Br)c(Oc2cccc(Br)c2Br)c1,564.70,23,CHOBr,halogen,,thermodynamics_pending,1,"2,2',3,3',5-Pentabromodiphenyl ether",,8642,,"2,2',3,3',5-Pentabromodiphenyl ether",446254-51-9,,,
1340,XGFLJLJXVIMCNR-UHFFFAOYSA-N,Brc1ccc(Oc2c(Br)cccc2Br)c(Br)c1Br,564.70,23,CHOBr,halogen,,thermodynamics_pending,1,"2,2',3,4,6'-Pentabromodiphenyl ether",,8647,,"2,2',3,4,6'-Pentabromodiphenyl ether",446254-56-4,,,
1341,ZFCJNRDWGBZUED-UHFFFAOYSA-N,Brc1ccc(Br)c(Oc2c(Br)cccc2Br)c1Br,564.70,23,CHOBr,halogen,,thermodynamics_pending,1,"2,2',3,6,6'-Pentabromodiphenyl ether",,8654,,"2,2',3,6,6'-Pentabromodiphenyl ether",446254-63-3,,,
1342,WWPCXBSKDSUELS-UHFFFAOYSA-N,COc1ccc(C(=O)Nc2ccccc2)cc1N=Nc1c(O)c(C(=O)Nc2cc(Cl)ccc2C)cc2ccccc12,565.00,66,CHNOCl,halogen,,running,1,N-(5-Chloro-2-methylphenyl)-3-hydroxy-4-[[2-methoxy-5-[(phenylamino)carbonyl]phenyl]azo]naphthalene-2-carboxamide,,12067,,N-(5-Chloro-2-methylphenyl)-3-hydroxy-4-[[2-methoxy-5-[(phenylamino)carbonyl]phenyl]azo]naphthalene-2-carboxamide,68227-78-1,,,
1343,YRTAHOYMHHXQPH-UHFFFAOYSA-N,CCCCCCCCCCCCCCCCCCN(C(=O)CC(C(=O)O)S(=O)(=O)O)C(CC(=O)O)C(=O)O,565.70,85,CHNOS,"S, P or Si",,,1,,yes: the neutral parent's PubChem name by InChIKey,,8130,Tetrasodium N-(3-carboxyl-1-sulfopropyl)-N-stearyl aspartate,38916-42-6,,,
1344,JHJUYGMZIWDHMO-UHFFFAOYSA-N,O=S(=O)(c1cc(Br)c(O)c(Br)c1)c1cc(Br)c(O)c(Br)c1,565.90,27,CHOBrS,"S, P or Si",,,1,"4,4'-Sulphonylbis(2,6-dibromophenol)",,8205,,"4,4'-Sulphonylbis(2,6-dibromophenol)",39635-79-5,bisphenols;phenolic_antioxidants,Bisphenols,
1345,XZZWOTQMUOIIFX-UHFFFAOYSA-N,CC(COCC(C)OP(Oc1ccccc1)Oc1ccccc1)OP(Oc1ccccc1)Oc1ccccc1,566.50,71,CHOP,"S, P or Si",,,1,Oxybis(1-methylethylene) tetraphenyl diphosphite,,14238,,Oxybis(1-methylethylene) tetraphenyl diphosphite,80584-85-6,organophosphates,Antioxidants,Organophosphates
1346,SWZNEKIDLOGZBL-UHFFFAOYSA-N,Nc1c(N=Nc2ccc(-c3ccc(N=Nc4ccc(O)c(C(=O)O)c4)cc3)cc2)cc(S(=O)(=O)O)c2ccccc12,567.60,62,CHNOS,"S, P or Si",,,1,,yes: the neutral parent's PubChem name by InChIKey,,5406,"C.I. Direct Orange 8, disodium salt",2429-79-0,,,
1347,HJIMAFKWSKZMBK-UHFFFAOYSA-N,CO[Si](CCC(F)(F)C(F)(F)C(F)(F)C(F)(F)C(F)(F)C(F)(F)C(F)(F)C(F)(F)F)(OC)OC,568.30,47,CHOFSi,"S, P or Si",,,1,"(3,3,4,4,5,5,6,6,7,7,8,8,9,9,10,10,10-Heptadecafluorodecyl)trimethoxysilane",,14390,,"(3,3,4,4,5,5,6,6,7,7,8,8,9,9,10,10,10-Heptadecafluorodecyl)trimethoxysilane",83048-65-1,PFASs;silanes_siloxanes_silicones,,Siloxanes and silanes;PFAS
1348,LMNSTFYYSDVEOA-UHFFFAOYSA-N,Cc1cc(C)c(Nc2cc(S(=O)(=O)O)c(N)c3c2C(=O)c2ccccc2C3=O)c(C)c1CNC(=O)c1ccccc1,569.60,68,CHNOS,"S, P or Si",,,1,,yes: the neutral parent's PubChem name by InChIKey,,11840,"2-Anthracenesulfonic acid, 1-amino-4-[[3-[(benzoylamino)methyl]-2,4,6-trimethylphenyl]amino]-9,10-dihydro-9,10-dioxo-, monosodium salt",67827-60-5,,,
1349,JGWNUTNRGYFHGD-UHFFFAOYSA-N,CCCCCCCCCCCCCOC(=O)C(CC(=O)OC1CC(C)(C)N(C)C(C)(C)C1)C(CC(=O)O)C(=O)O,569.80,95,CHNO,CHNO,,,1,,yes: the neutral parent's PubChem name by InChIKey,,804,"1,2,3,4-Butanetetracarboxylic acid, 1,2,2,6,6-pentamethyl-4-piperidinyl tridecyl ester",107119-91-5,,UV stabilizers,
1350,OKOCIUJVPQKDLL-UHFFFAOYSA-N,C[N+](C)(CCCNS(=O)(=O)CCC(F)(F)C(F)(F)C(F)(F)C(F)(F)C(F)(F)C(F)(F)F)CC(=O)[O-],570.40,54,CHNOFS,"S, P or Si",,,1,"1-Propanaminium, N-(carboxymethyl)-N,N-dimethyl-3-(((3,3,4,4,5,5,6,6,7,7,8,8,8-tridecafluorooctyl)sulfonyl)amino)-, inner salt",,7625,,"1-Propanaminium, N-(carboxymethyl)-N,N-dimethyl-3-(((3,3,4,4,5,5,6,6,7,7,8,8,8-tridecafluorooctyl)sulfonyl)amino)-, inner salt",34455-29-3,PFASs,,PFAS
1351,FRDNONBEXWDRDM-UHFFFAOYSA-N,CCCCC(CC)COC(=O)CC(CC(=O)OCC(CC)CCCC)(OC(C)=O)C(=O)OCC(CC)CCCC,570.80,98,CHO,CHNO,,failed,1,"1,2,3-Propanetricarboxylic acid, 2-(acetyloxy)-, tris(2-ethylhexyl) ester",,3111,,"1,2,3-Propanetricarboxylic acid, 2-(acetyloxy)-, tris(2-ethylhexyl) ester",144-15-0,,,
1352,LVEOKSIILWWVEO-UHFFFAOYSA-N,CCCCCCCCCCCCCCOC(=O)CCSCCC(=O)OCCCCCCCCCCCCCC,571.00,105,CHOS,"S, P or Si",,,1,Dimyristyl thiodipropionate,,3869,,Dimyristyl thiodipropionate,16545-54-3,,Antioxidants,
1353,MQQKTNDBASEZSD-UHFFFAOYSA-N,CCCCCCCCCCCCCCCCCCSSCCCCCCCCCCCCCCCCCC,571.10,112,CHS,"S, P or Si",,,1,"Disulfide, dioctadecyl",,5602,,"Disulfide, dioctadecyl",2500-88-1,,,
1354,QNDHIRFIMVNHBN-UHFFFAOYSA-N,CN(CC(=O)O)S(=O)(=O)C(F)(F)C(F)(F)C(F)(F)C(F)(F)C(F)(F)C(F)(F)C(F)(F)C(F)(F)F,571.20,40,CHNOFS,"S, P or Si",,,1,2-(N-Methylperfluorooctanesulfonamido)acetic acid,,5272,,2-(N-Methylperfluorooctanesulfonamido)acetic acid,2355-31-9,PFASs,,PFAS
1355,XRQKNNNAKHZPSP-UHFFFAOYSA-N,COc1c(Br)cc(C(C)(C)c2cc(Br)c(OC)c(Br)c2)cc1Br,571.90,39,CHOBr,halogen,,thermodynamics_pending,1,Tetrabromobisphenol A bismethyl ether,,8031,,Tetrabromobisphenol A bismethyl ether,37853-61-5,,,
1356,HKJKONMZMPUGHJ-UHFFFAOYSA-N,Nc1c(N=Nc2ccc([N+](=O)[O-])cc2)c(S(=O)(=O)O)cc2cc(S(=O)(=O)O)c(N=Nc3ccccc3)c(O)c12,572.50,55,CHNOS,"S, P or Si",,,1,,yes: the neutral parent's PubChem name by InChIKey,,715,Naphthol Blue Black,1064-48-8,azodyes;diazo_amino_hydroxyl_naphthalenedisulfonic_acid_dyes,,Azo dyes
1357,LOGJDHWBDGLMNO-UHFFFAOYSA-N,COc1ccc(C(=O)Nc2ccccc2)cc1N=Nc1c(O)c(C(=O)Nc2ccc3[nH]c(=O)[nH]c3c2)cc2ccccc12,572.60,67,CHNO,CHNO,,failed,1,"N-(2,3-Dihydro-2-oxo-1H-benzimidazol-5-yl)-3-hydroxy-4-((2-methoxy-5-((phenylamino)carbonyl)phenyl)azo)naphthalene-2-carboxamide",,1825,,"N-(2,3-Dihydro-2-oxo-1H-benzimidazol-5-yl)-3-hydroxy-4-((2-methoxy-5-((phenylamino)carbonyl)phenyl)azo)naphthalene-2-carboxamide",12225-06-8,,,
1358,UTFSODSDSZXJSJ-UHFFFAOYSA-N,CCN(CC)c1ccc(C(=C2C=CC(=[N+](CC)CC)C=C2)c2ccc(CS(=O)(=O)O)c(CS(=O)(=O)[O-])c2)cc1,572.70,75,CHNOS,"S, P or Si",,,1,,yes: the neutral parent's PubChem name by InChIKey,,15645,Acid Green A,93942-43-9,,,
1359,XXPRRHYTDCWGRP-UHFFFAOYSA-N,CCCCCCCCCc1ccc(OCCOCCOCCOCCOCCOCCOCCOCCO)cc1,572.80,96,CHO,CHNO,,failed,1,"23-(Nonylphenoxy)-3,6,9,12,15,18,21-heptaoxatricosan-1-ol",,6441,,"23-(Nonylphenoxy)-3,6,9,12,15,18,21-heptaoxatricosan-1-ol",27177-05-5,alkylphenols,Alkylphenols,
1360,INOIOAWTVPHTCJ-UHFFFAOYSA-N,CC(=O)Nc1ccc2cc(S(=O)(=O)O)c(N=Nc3ccc(S(=O)(=O)CCOS(=O)(=O)O)cc3)c(O)c2c1,573.60,56,CHNOS,"S, P or Si",,,1,,yes: the neutral parent's PubChem name by InChIKey,,4703,Reactive Orange 16,20262-58-2,,,
1361,OWICEWMBIBPFAH-UHFFFAOYSA-N,O=P(Oc1ccccc1)(Oc1ccccc1)Oc1cccc(OP(=O)(Oc2ccccc2)Oc2ccccc2)c1,574.50,64,CHOP,"S, P or Si",,,1,Resorcinol bis(diphenyl phosphate),,10129,,Resorcinol bis(diphenyl phosphate),57583-54-7,organophosphates,,Organophosphates
1362,QYRKLZKJMKCVSE-UHFFFAOYSA-N,Cc1cc(-c2ccc(N=Nc3c(N)c(C)cc(S(=O)(=O)O)c3N)c(C)c2)ccc1N=Nc1ccc(O)c(C(=O)O)c1,574.60,67,CHNOS,"S, P or Si",,,1,,yes: the neutral parent's PubChem name by InChIKey,,11669,C.I. Direct orange 6,6637-88-3,,,
1363,UYYYMGPWQPIMAL-UHFFFAOYSA-N,CNS(=O)(=O)c1cc(OC)c(N=Nc2c(O)c(C(=O)Nc3ccc4[nH]c(=O)[nH]c4c3)cc3ccccc23)cc1OC,576.60,65,CHNOS,"S, P or Si",,,1,"2-Naphthalenecarboxamide, N-(2,3-dihydro-2-oxo-1H-benzimidazol-5-yl)-4-(2-(2,5-dimethoxy-4-((methylamino)sulfonyl)phenyl)diazenyl)-3-hydroxy-",,1826,,"2-Naphthalenecarboxamide, N-(2,3-dihydro-2-oxo-1H-benzimidazol-5-yl)-4-(2-(2,5-dimethoxy-4-((methylamino)sulfonyl)phenyl)diazenyl)-3-hydroxy-",12225-08-0,,,
1364,DRLSINXEHBBLOE-UHFFFAOYSA-N,O=c1ccc(=NNc2ccc(S(=O)(=O)O)c3ccccc23)c(=O)c1=NNc1ccc(S(=O)(=O)O)c2ccccc12,578.60,58,CHNOS,"S, P or Si",,,1,,yes: the neutral parent's PubChem name by InChIKey,,10251,Acid Brown 14,5850-16-8,,,
1365,BGBDMEPBLWJCHI-UHFFFAOYSA-N,Cc1ccc(Nc2ccc(Nc3ccc(C)cc3S(=O)(=O)O)c3c2C(=O)c2ccccc2C3=O)c(S(=O)(=O)O)c1,578.60,62,CHNOS,"S, P or Si",,,1,,yes: the neutral parent's PubChem name by InChIKey,,8586,Acid Green 25,4403-90-1,,,
1366,ZIFMQFDZODRVTG-UHFFFAOYSA-N,Brc1cc2c(cc1Br)Oc1c(cc(Br)c(Br)c1Br)O2,578.70,22,CHOBr,halogen,,thermodynamics_pending,1,"1,2,3,7,8-Pentabromodibenzo-P-dioxin",,962,,"1,2,3,7,8-Pentabromodibenzo-P-dioxin",109333-34-8,PBDD_PBDF_PCDD_PCDF,,
1367,HNJRBCJUHORNHV-CJEIWIIRSA-N,O=S(=O)(O)c1cc(N=Nc2ccc(O)cc2)ccc1/C=C/c1ccc(N=Nc2ccc(O)cc2)cc1S(=O)(=O)O,580.60,60,CHNOS,"S, P or Si",,,1,,yes: the neutral parent's PubChem name by InChIKey,,7051,Brilliant Yellow,3051-11-4,,,
1368,VRTQJBZLCYJJCI-UHFFFAOYSA-N,COc1cc(N=Nc2c(Cl)cc([N+](=O)[O-])cc2[N+](=O)[O-])c(NC(C)=O)cc1N(CCOC(C)=O)CCOC(C)=O,580.90,65,CHNOCl,halogen,,running,1,C.I. Disperse Blue 79 (Cl/methoxy),,7799,,C.I. Disperse Blue 79 (Cl/methoxy),3618-73-3,,,
1369,IBHCUBFBUGYOHF-UHFFFAOYSA-N,COc1ccc(C(=O)Nc2ccccc2)cc1N=Nc1c(O)c(C(=O)Nc2cc(Cl)ccc2OC)cc2ccccc12,581.00,67,CHNOCl,halogen,,running,2,N-(5-Chloro-2-methoxyphenyl)-3-hydroxy-4-[[2-methoxy-5-[(phenylamino)carbonyl]phenyl]azo]naphthalene-2-carboxamide,,11887;16078,,N-(5-Chloro-2-methoxyphenyl)-3-hydroxy-4-[[2-methoxy-5-[(phenylamino)carbonyl]phenyl]azo]naphthalene-2-carboxamide | N-(5-Chloro-2-methoxyphenyl)-3-hydroxy-4-[[2-methoxy-5-[(phenylamino)carbonyl]phenyl]azo]naphthalene-2-carboxamide,67990-05-0;99402-80-9,,,
1370,VIFIHLXNOOCGLJ-UHFFFAOYSA-N,FC(F)(F)C(F)(F)C(F)(F)C(F)(F)C(F)(F)C(F)(F)C(F)(F)C(F)(F)CC[Si](Cl)(Cl)Cl,581.60,35,CHFClSi,"S, P or Si",,,1,"1h,1h,2h,2h-Perfluorodecyltrichlorosilane",,14015,,"1h,1h,2h,2h-Perfluorodecyltrichlorosilane",78560-44-8,PFASs;silanes_siloxanes_silicones,,Siloxanes and silanes;PFAS
1371,VGPIJNLQDSYRBZ-UHFFFAOYSA-N,Nc1c(S(=O)(=O)O)cc(Nc2cccc(S(=O)(=O)CCOS(=O)(=O)O)c2)c2c1C(=O)c1ccccc1C2=O,582.60,56,CHNOS,"S, P or Si",,,1,,yes: the neutral parent's PubChem name by InChIKey,,6010,Reactive Blue 19,2580-78-1,,,
1372,FGYJSJUSODGXAR-UHFFFAOYSA-N,CCCCCCCCOP1Oc2c(cc(C(C)(C)C)cc2C(C)(C)C)Cc2cc(C(C)(C)C)cc(C(C)(C)C)c2O1,582.90,100,CHOP,"S, P or Si",,,1,"2,4,8,10-Tetrakis(1,1-dimethylethyl)-6-(octyloxy)-12H-dibenzo[d,g][1,3,2]dioxaphosphocin",,2944,,"2,4,8,10-Tetrakis(1,1-dimethylethyl)-6-(octyloxy)-12H-dibenzo[d,g][1,3,2]dioxaphosphocin",140221-14-3,organophosphates,Antioxidants,Organophosphates
1373,LOMJGCFEVIUZMW-UHFFFAOYSA-N,CCCCC(CC)COP1Oc2c(cc(C(C)(C)C)cc2C(C)(C)C)Cc2cc(C(C)(C)C)cc(C(C)(C)C)c2O1,582.90,100,CHOP,"S, P or Si",,,1,"12H-Dibenzo[d,g][1,3,2]dioxaphosphocin, 2,4,8,10-tetrakis(1,1-dimethylethyl)-6-[(2-ethylhexyl)oxy]-",,2065,,"12H-Dibenzo[d,g][1,3,2]dioxaphosphocin, 2,4,8,10-tetrakis(1,1-dimethylethyl)-6-[(2-ethylhexyl)oxy]-",126050-54-2,organophosphates,Antioxidants,Organophosphates
1374,ZGHUDSLVQAGWEY-UHFFFAOYSA-N,O=P(OCCCl)(OCCCl)OCC(CCl)(CCl)COP(=O)(OCCCl)OCCCl,583.00,53,CHOClP,"S, P or Si",,,1,"Phosphoric acid, 2,2-bis(chloromethyl)-1,3-propanediyl tetrakis(2-chloroethyl) ester",,8039,,"Phosphoric acid, 2,2-bis(chloromethyl)-1,3-propanediyl tetrakis(2-chloroethyl) ester",38051-10-4,,,
1375,NEWDMEQZRLPOKM-UHFFFAOYSA-N,C=C(C)C(=O)OCCOCCC[Si](C)(C)O[Si](C)(C)O[Si](C)(C)O[Si](C)(C)O[Si](C)(C)CCCC,583.10,89,CHOSi,"S, P or Si",,,1,"7,7,9,9,11,11,13,13,15,15-Decamethyl-3,8,10,12,14-pentaoxa-7,9,11,13,15-pentasilanonadecan-1-yl 2-methylprop-2-enoate",,595,,"7,7,9,9,11,11,13,13,15,15-Decamethyl-3,8,10,12,14-pentaoxa-7,9,11,13,15-pentasilanonadecan-1-yl 2-methylprop-2-enoate",1052075-57-6,silanes_siloxanes_silicones,,Siloxanes and silanes
1376,IRGWFPQSVKCDEC-UHFFFAOYSA-N,Nc1ccc2cc(S(=O)(=O)O)c(N=Nc3ccc(-c4ccc(N=Nc5ccc(O)c(C(=O)O)c5)cc4)cc3)c(O)c2c1,583.60,63,CHNOS,"S, P or Si",,,1,,yes: the neutral parent's PubChem name by InChIKey,,5409,Direct brown 2,2429-82-5,,,
1377,LJASXVTURLOUPT-UHFFFAOYSA-N,Nc1ccc2c(O)c(N=Nc3ccc(-c4ccc(N=Nc5ccc(O)c(C(=O)O)c5)cc4)cc3)c(S(=O)(=O)O)cc2c1,583.60,63,CHNOS,"S, P or Si",,,1,,yes: the neutral parent's PubChem name by InChIKey,,10971,"Benzoic acid, 5-((4'-((6-amino-1-hydroxy-3-sulfo-2-naphthalenyl)azo)(1,1'-biphenyl)-4-yl)azo)-2-hydroxy-, disodium salt",6253-15-2,,,
1378,OKRYVJRSHSURIS-UHFFFAOYSA-N,Nc1ccc2cc(S(=O)(=O)O)cc(O)c2c1N=Nc1ccc(-c2ccc(N=Nc3ccc(O)c(C(=O)O)c3)cc2)cc1,583.60,63,CHNOS,"S, P or Si",,,1,,yes: the neutral parent's PubChem name by InChIKey,,5411,"C.I. Direct Red 1, disodium salt",2429-84-7,,,
1379,VQKUFBQGKRDHML-UHFFFAOYSA-N,Nc1ccc2c(O)cc(S(=O)(=O)O)cc2c1N=Nc1ccc(-c2ccc(N=Nc3ccc(O)c(C(=O)O)c3)cc2)cc1,583.60,63,CHNOS,"S, P or Si",,,1,,yes: the neutral parent's PubChem name by InChIKey,,11320,C.I. Direct Red 29,6426-54-6,,,
1380,CEDRKHWUVVXGQE-UHFFFAOYSA-N,O=C(O)c1cc(N=Nc2ccc(-c3ccc(N=Nc4c(S(=O)(=O)O)cc5cc(O)ccc5c4O)cc3)cc2)ccc1O,584.60,62,CHNOS,"S, P or Si",,,1,,yes: the neutral parent's PubChem name by InChIKey,,11881,C.I. Direct Red 52,6797-93-9,,,
1381,QZALWVBUDXNDDH-HFGOEAQHSA-N,CCCCCCCCCCCC(=O)S[C@H]1CC[C@@]2(C)C(=CC[C@H]3[C@@H]4CC[C@H](CCCCCCCC)[C@@]4(C)CC[C@@H]32)C1,585.00,109,CHOS,"S, P or Si",,,1,CID 16401982,,412,,CID 16401982,1032631-21-2,,,
1382,CKRXVVGETMYFIO-UHFFFAOYSA-N,CCN(CC(=O)O)S(=O)(=O)C(F)(F)C(F)(F)C(F)(F)C(F)(F)C(F)(F)C(F)(F)C(F)(F)C(F)(F)F,585.20,43,CHNOFS,"S, P or Si",,,2,N-Ethyl-N-[(heptadecafluorooctyl)sulphonyl]glycine,,6935,6936,"N-Ethyl-N-[(heptadecafluorooctyl)sulphonyl]glycine | Glycine, N-ethyl-N-[(heptadecafluorooctyl)sulfonyl]-, potassium salt",2991-50-6;2991-51-7,PFASs,,PFAS
1383,OSPMFGOZOJIBBW-UHFFFAOYSA-N,C=C(Br)C(=O)Nc1ccc(N=Nc2c(NC)ccc3cc(S(=O)(=O)O)cc(O)c23)c(S(=O)(=O)O)c1,585.40,52,CHNOBrS,"S, P or Si",,,1,,yes: the neutral parent's PubChem name by InChIKey,,12740,"2-Naphthalenesulfonic acid, 5-((4-((2-bromo-1-oxo-2-propenyl)amino)-2-sulfophenyl)azo)-4-hydroxy-6-(methylamino)-, disodium salt",70210-39-8,,,
1384,LMHNEMYJEYZOHV-UHFFFAOYSA-N,COc1ccc(N2C(=O)c3cccc4c(N)c(S(=O)(=O)O)cc(c34)C2=O)cc1S(=O)(=O)CCOS(=O)(=O)O,586.60,56,CHNOS,"S, P or Si",,,1,"6-Amino-2,3-dihydro-2-[4-methoxy-3-[[2-(sulfooxy)ethyl]sulfonyl]phenyl]-1,3-dioxo-1H-benz[de]isoquinoline-5-sulfonic acid",,5302,,"6-Amino-2,3-dihydro-2-[4-methoxy-3-[[2-(sulfooxy)ethyl]sulfonyl]phenyl]-1,3-dioxo-1H-benz[de]isoquinoline-5-sulfonic acid",23741-82-4,,,
1385,GZVSWPIOFCHTDW-UHFFFAOYSA-N,Cc1ccc([N+](=O)[O-])cc1N=Nc1c(S(=O)(=O)O)cc2cc(S(=O)(=O)O)c(N=Nc3ccccc3)c(O)c2c1N,586.60,58,CHNOS,"S, P or Si",,,1,,yes: the neutral parent's PubChem name by InChIKey,,10252,"2,7-Naphthalenedisulfonic acid, 4-amino-5-hydroxy-3-((2-methyl-5-nitrophenyl)azo)-6-(phenylazo)-, disodium salt",5850-41-9,,,
1386,IVIIAEVMQHEPAY-UHFFFAOYSA-N,CCCCCCCCCCCCOP(OCCCCCCCCCCCC)OCCCCCCCCCCCC,587.00,115,CHOP,"S, P or Si",,,1,Tridodecyl phosphite,,7116,,Tridodecyl phosphite,3076-63-9,organophosphates,,Organophosphates
1387,ZILZQZGAJNDJIY-ZPUQHVIOSA-N,O=S(=O)(O)c1cc(/C=C/c2ccc(-c3ccc(/C=C/c4ccc(Cl)c(S(=O)(=O)O)c4)cc3)cc2)ccc1Cl,587.50,58,CHOClS,"S, P or Si",,,1,,yes: the neutral parent's PubChem name by InChIKey,,8477,"Disodium 3,3'-((1,1'-biphenyl)-4,4'-diyldivinylene)bis(6-chlorobenzenesulphonate)",42380-62-1,,,
1388,XOJDDWZZURHJSV-UHFFFAOYSA-N,Cc1cc(-c2ccc(N=Nc3c(N)c(C)cc(S(=O)(=O)O)c3N)c(C)c2)ccc1N=Nc1cc(C)c(O)c(C(=O)O)c1,588.60,70,CHNOS,"S, P or Si",,,1,,yes: the neutral parent's PubChem name by InChIKey,,6730,C.I. Direct Orange 7,2868-76-0,,,
1389,QRLSTWVLSWCGBT-UHFFFAOYSA-N,CCCCCCCCSc1nc(Nc2cc(C(C)(C)C)c(O)c(C(C)(C)C)c2)nc(SCCCCCCCC)n1,589.00,96,CHNOS,"S, P or Si",,,1,"4-((4,6-Bis(octylthio)-1,3,5-triazin-2-yl)amino)-2,6-di-tert-butylphenol",,16064,,"4-((4,6-Bis(octylthio)-1,3,5-triazin-2-yl)amino)-2,6-di-tert-butylphenol",991-84-4,alkylphenols,Alkylphenols;Antioxidants,
1390,ZLLJOZOHXNAJLK-UHFFFAOYSA-N,COc1cc(S(=O)(=O)CCOS(=O)(=O)O)c(C)cc1N=NC1C(=O)N(c2ccc(S(=O)(=O)O)cc2)N=C1C,590.60,60,CHNOS,"S, P or Si",,,1,,yes: the neutral parent's PubChem name by InChIKey,,10883,"Benzenesulfonic acid, 4-(4,5-dihydro-4-((2-methoxy-5-methyl-4-((2-(sulfooxy)ethyl)sulfonyl)phenyl)azo)-3-methyl-5-oxo-1H-pyrazol-1-yl)-, sodium salt",62121-75-9,,,
1391,WNWZKKBGFYKSGA-UHFFFAOYSA-N,COc1cc(NC(=O)C(N=Nc2cc(OC)c(S(=O)(=O)Nc3ccccc3)cc2OC)C(C)=O)c(OC)cc1Cl,591.00,67,CHNOClS,"S, P or Si",,,1,"Butanamide, N-(4-chloro-2,5-dimethoxyphenyl)-2-((2,5-dimethoxy-4-((phenylamino)sulfonyl)phenyl)azo)-3-oxo-",,1827,,"Butanamide, N-(4-chloro-2,5-dimethoxyphenyl)-2-((2,5-dimethoxy-4-((phenylamino)sulfonyl)phenyl)azo)-3-oxo-",12225-18-2,,,
1392,PZLOAIGYSDYCSA-UHFFFAOYSA-N,Cc1ccc(S(=O)(=O)Nc2cc(S(=O)(=O)O)cc3cc(S(=O)(=O)O)c(N=Nc4ccccc4C)c(O)c23)cc1,591.60,60,CHNOS,"S, P or Si",,,1,,yes: the neutral parent's PubChem name by InChIKey,,11163,"Disodium 4-hydroxy-3-((o-tolyl)azo)-5-(((p-tolyl)sulphonyl)amino)naphthalene-2,7-disulphonate",6358-43-6,,,
1393,DLPYIYGAPYPKQX-UHFFFAOYSA-N,CC(C)CCCCCCCCCCOP1OCC2(CO1)COP(OCCCCCCCCCCC(C)C)OC2,592.80,101,CHOP,"S, P or Si",,,1,"3,9-Bis(isotridecyloxy)-2,4,8,10-tetraoxa-3,9-diphosphaspiro(5.5)undecane",,12653,,"3,9-Bis(isotridecyloxy)-2,4,8,10-tetraoxa-3,9-diphosphaspiro(5.5)undecane",69439-68-5,organophosphates,,Organophosphates
1394,XKJMJYZFAWYREL-UHFFFAOYSA-N,C[Si]1(C)O[Si](C)(C)O[Si](C)(C)O[Si](C)(C)O[Si](C)(C)O[Si](C)(C)O[Si](C)(C)O[Si](C)(C)O1,593.20,80,CHOSi,"S, P or Si",,,1,Hexadecamethylcyclooctasiloxane,,9842,,Hexadecamethylcyclooctasiloxane,556-68-3,silanes_siloxanes_silicones,,Siloxanes and silanes
1395,IEKTULOBNBFOMO-UHFFFAOYSA-N,Nc1ccc2c(O)c(N=Nc3ccc4c(O)c(N=Nc5ccccc5)c(S(=O)(=O)O)cc4c3)c(S(=O)(=O)O)cc2c1,593.60,60,CHNOS,"S, P or Si",,,1,,yes: the neutral parent's PubChem name by InChIKey,,10923,"C.I. Direct Red 16, disodium salt",6227-02-7,,,
1396,ZAYHEMRDHPVMSC-UHFFFAOYSA-N,CCCCCCCCCCCCCCCCCC(=O)NCCOC(=O)CCCCCCCCCCCCCCCCC,594.00,117,CHNO,CHNO,,failed,1,Stearic monoethanolamide stearate,,3097,,Stearic monoethanolamide stearate,14351-40-7,,,
1397,HAHOKCSDJHICOE-UHFFFAOYSA-N,O=C(O)c1ccc(C(=O)OCCOC(=O)c2ccc(C(=O)OCCOC(=O)c3ccc(C(=O)OCCO)cc3)cc2)cc1,594.50,69,CHO,CHNO,,failed,1,4-((2-((4-((2-((4-((2-Hydroxyethoxy)carbonyl)benzoyl)oxy)ethoxy)carbonyl)benzoyl)oxy)ethoxy)carbonyl)benzoic acid,,3972,,4-((2-((4-((2-((4-((2-Hydroxyethoxy)carbonyl)benzoyl)oxy)ethoxy)carbonyl)benzoyl)oxy)ethoxy)carbonyl)benzoic acid,16958-96-6,,,
1398,XRICJEBVEBHBGH-UHFFFAOYSA-N,O=S(=O)(O)c1ccccc1Nc1ccc(C(=C2C=CC(=Nc3ccccc3)C=C2)c2ccc(Nc3ccccc3)cc2)cc1,595.70,73,CHNOS,"S, P or Si",,,1,"Benzenesulfonic acid, [[4-[[4-(phenylamino)phenyl][4-(phenylimino)-2,5-cyclohexadien-1-ylidene]methyl]phenyl]amino]-",,16304,,"Benzenesulfonic acid, [[4-[[4-(phenylamino)phenyl][4-(phenylimino)-2,5-cyclohexadien-1-ylidene]methyl]phenyl]amino]-",1324-76-1,,Antioxidants,
1399,BCYNJKQQXIODNZ-UHFFFAOYSA-N,CCN(CC)c1ccc(C(c2ccc(N(CC)CC)cc2)c2c(S(=O)(=O)O)ccc3ccc(S(=O)(=O)O)cc23)cc1,596.80,77,CHNOS,"S, P or Si",,,1,"2,7-Naphthalenedisulfonic acid, 1-[bis[4-(diethylamino)phenyl]methyl]-",,12109,,"2,7-Naphthalenedisulfonic acid, 1-[bis[4-(diethylamino)phenyl]methyl]-",68345-20-0,,,
1400,DWJGOISYMPVHNX-UHFFFAOYSA-N,CCCCCCCCCCCCCCCCCCO[Si](C)(C)OCCCCCCCCCCCCCCCCCC,597.10,121,CHOSi,"S, P or Si",,,1,"Silane, dimethylbis(octadecyloxy)-",,6797,,"Silane, dimethylbis(octadecyloxy)-",29043-70-7,silanes_siloxanes_silicones,,Siloxanes and silanes
1401,JFLMLJLQKUSHDY-UHFFFAOYSA-N,CC1=NN(c2ccc(S(=O)(=O)O)cc2)C(=O)C1N=Nc1ccc(-c2ccc(N=Nc3ccc(O)c(C(=O)O)c3)cc2)cc1,598.60,65,CHNOS,"S, P or Si",,,1,,yes: the neutral parent's PubChem name by InChIKey,,2352,"Disodium 5-((4'-((4,5-dihydro-3-methyl-5-oxo-1-(4-sulphonatophenyl)-1H-pyrazol-4-yl)azo)(1,1'-biphenyl)-4-yl)azo)salicylate",13164-93-7,,,
1402,RRZCFXQTVDJDGF-UHFFFAOYSA-N,CCCCCCCCCCCCCCCCCCOC(=O)CCSCCC(=O)OCCCCCCCCCCCC,599.00,111,CHOS,"S, P or Si",,,1,Octadecyl 3-[[3-(dodecyloxy)-3-oxopropyl]thio]propionate,,2297,,Octadecyl 3-[[3-(dodecyloxy)-3-oxopropyl]thio]propionate,13103-52-1,,Antioxidants,
1403,MVIFQPPFCHUSIH-UHFFFAOYSA-N,O=C1c2ccccc2C(=O)c2c(Nc3nc(Nc4cccc5c4C(=O)c4ccccc4C5=O)nc(-c4ccccc4)n3)cccc21,599.60,67,CHNO,CHNO,,failed,1,"9,10-Anthracenedione, 1,1'-((6-phenyl-1,3,5-triazine-2,4-diyl)diimino)bis-",,8332,,"9,10-Anthracenedione, 1,1'-((6-phenyl-1,3,5-triazine-2,4-diyl)diimino)bis-",4118-16-5,,,
1404,OHRVKCZTBPSUIK-UHFFFAOYSA-N,CCCCCCCCCCCCOP(=O)(OCCCCCCCCCCCC)OCCCCCCCCCCCC,603.00,116,CHOP,"S, P or Si",,,1,Tridodecyl phosphate,,12060,,Tridodecyl phosphate,682-49-5,organophosphates,,Organophosphates
1405,AIBRSVLEQRWAEG-UHFFFAOYSA-N,CC(C)(C)c1ccc(OP2OCC3(CO2)COP(Oc2ccc(C(C)(C)C)cc2C(C)(C)C)OC3)c(C(C)(C)C)c1,604.70,91,CHOP,"S, P or Si",,,1,"3,9-Bis(2,4-di-tert-butylphenoxy)-2,4,8,10-tetraoxa-3,9-diphosphaspiro[5.5]undecane",,6325,,"3,9-Bis(2,4-di-tert-butylphenoxy)-2,4,8,10-tetraoxa-3,9-diphosphaspiro[5.5]undecane",26741-53-7,organophosphates,Antioxidants,Organophosphates
1406,COIVODZMVVUETJ-UHFFFAOYSA-N,O=S(=O)([O-])c1cc(S(=O)(=O)O)ccc1C1=c2cc3c4c(c2Oc2c1cc1c5c2CCCN5CCC1)CCC[N+]=4CCC3,606.70,72,CHNOS,"S, P or Si",,,1,Sulforhodamine 101,,10505,,Sulforhodamine 101,60311-02-6,,,
1407,VWGDPBQTSZDFMX-UHFFFAOYSA-N,C[Si](C)(C)O[Si](C)(C)O[Si](C)(C)O[Si](C)(C)O[Si](C)(C)O[Si](C)(C)O[Si](C)(C)O[Si](C)(C)C,607.30,87,CHOSi,"S, P or Si",,,1,Octadecamethyloctasiloxane,,9843,,Octadecamethyloctasiloxane,556-69-4,silanes_siloxanes_silicones,,Siloxanes and silanes
1408,PUDYEXBTJWDJKS-UHFFFAOYSA-N,COc1ccccc1N=Nc1c(S(=O)(=O)O)cc2cc(S(=O)(=O)O)cc(NS(=O)(=O)c3ccc(C)cc3)c2c1O,607.60,61,CHNOS,"S, P or Si",,,1,,yes: the neutral parent's PubChem name by InChIKey,,11510,"Disodium 4-hydroxy-3-((2-methoxyphenyl)azo)-5-(((p-tolyl)sulphonyl)amino)naphthalene-2,7-disulphonate",6505-96-0,,,
1409,QYZJZOXEQZLXDY-UHFFFAOYSA-N,O=c1c(CO)cc(=NNc2ccc(S(=O)(=O)O)c3ccccc23)c(=O)c1=NNc1ccc(S(=O)(=O)O)c2ccccc12,608.60,62,CHNOS,"S, P or Si",,,1,,yes: the neutral parent's PubChem name by InChIKey,,8791,Brown HT,4553-89-3,azodyes,,Azo dyes
1410,SEXWRZHFWPOWFA-VAWYXSNFSA-N,O=C(Nc1ccccc1)Nc1ccc(/C=C/c2ccc(NC(=O)Nc3ccccc3)cc2S(=O)(=O)O)c(S(=O)(=O)O)c1,608.70,66,CHNOS,"S, P or Si",,,1,,yes: the neutral parent's PubChem name by InChIKey,,6090,Blancophor R,2606-93-1,,,
1411,MLXDKRSDUJLNAB-UHFFFAOYSA-N,CCO[Si](CCC(F)(F)C(F)(F)C(F)(F)C(F)(F)C(F)(F)C(F)(F)C(F)(F)C(F)(F)F)(OCC)OCC,610.40,56,CHOFSi,"S, P or Si",,,1,"1H,1H,2H,2H-Perfluorodecyltriethoxysilane",,271,,"1H,1H,2H,2H-Perfluorodecyltriethoxysilane",101947-16-4,PFASs;silanes_siloxanes_silicones,,Siloxanes and silanes;PFAS
1412,CXTPGVSVYWWKGI-UHFFFAOYSA-N,CCCCCCCCCCc1c(Oc2cccc(S(=O)(=O)O)c2CCCCCCCCCC)cccc1S(=O)(=O)O,610.90,91,CHOS,"S, P or Si",,,1,,yes: the neutral parent's PubChem name by InChIKey,,12722,Disodium oxybis(decylbenzenesulphonate),70146-13-3,,,
1413,HEKSHDRHZRCZBN-UHFFFAOYSA-N,COc1cc(NC(=O)c2cc3ccccc3c(N=Nc3cc(C(=O)Nc4ccccc4)ccc3OC)c2O)c(OC)cc1Cl,611.10,71,CHNOCl,halogen,,running,1,"N-(4-Chloro-2,5-dimethoxyphenyl)-3-hydroxy-4-((2-methoxy-5-((phenylamino)carbonyl)phenyl)azo)naphthalene-2-carboxamide",,9444,,"N-(4-Chloro-2,5-dimethoxyphenyl)-3-hydroxy-4-((2-methoxy-5-((phenylamino)carbonyl)phenyl)azo)naphthalene-2-carboxamide",5280-68-2,,,
1414,VEOVSLFJWIOADK-UHFFFAOYSA-N,O=S(=O)(O)c1ccccc1Nc1ccc(C(O)(c2ccc(Nc3ccccc3)cc2)c2ccc(Nc3ccccc3)cc2)cc1,613.70,76,CHNOS,"S, P or Si",,,1,,yes: the neutral parent's PubChem name by InChIKey,,2439,Sodium 2-((4-(hydroxybis(4-(phenylamino)phenyl)methyl)phenyl)amino)benzenesulfonate,1324-80-7,,Antioxidants,
1415,JGLKESSHJGLOFL-UHFFFAOYSA-N,CCCCCCCCCCCCSCCC(=O)Oc1cc(C)c(Sc2cc(C(C)(C)C)c(O)cc2C)cc1C(C)(C)C,615.00,100,CHOS,"S, P or Si",,,1,"Propanoic acid, 3-(dodecylthio)-, 2-(1,1-dimethylethyl)-4-((5-(1,1-dimethylethyl)-4-hydroxy-2-methylphenyl)thio)-5-methylphenyl ester",,12594,,"Propanoic acid, 3-(dodecylthio)-, 2-(1,1-dimethylethyl)-4-((5-(1,1-dimethylethyl)-4-hydroxy-2-methylphenyl)thio)-5-methylphenyl ester",69075-62-3,,Antioxidants,
1416,QSJQRXPHTBITPY-UHFFFAOYSA-N,O=C(O)c1ccc(N=Nc2c(S(=O)(=O)O)cc3cc(S(=O)(=O)O)cc(Nc4nc(Cl)nc(Cl)n4)c3c2O)cc1,615.40,51,CHNOClS,"S, P or Si",,,1,,yes: the neutral parent's PubChem name by InChIKey,,1829,C.I. Reactive Red 11,12226-08-3,,,
1417,ZFZMXGCCVYUWOI-UHFFFAOYSA-N,C[Si](C)(C)O[Si](C)(C)O[Si](C)(CCCOC(=O)NC1CCC(CC2CCC(N=C=O)CC2)CC1)O[Si](C)(C)C,617.10,95,CHNOSi,"S, P or Si",,,1,3-[[dimethyl(trimethylsilyloxy)silyl]oxy-methyl-trimethylsilyloxysilyl]propyl N-[4-[(4-isocyanatocyclohexyl)methyl]cyclohexyl]carbamate,,2995,,3-[[dimethyl(trimethylsilyloxy)silyl]oxy-methyl-trimethylsilyloxysilyl]propyl N-[4-[(4-isocyanatocyclohexyl)methyl]cyclohexyl]carbamate,1411848-76-4,silanes_siloxanes_silicones,,Siloxanes and silanes
1418,LBGIGKKBCWDMBD-UHFFFAOYSA-N,Nc1ccc2c(O)c(N=Nc3ccc(-c4ccc(N=Nc5ccc(O)cc5S(=O)(=O)O)cc4)cc3)c(S(=O)(=O)O)cc2c1,619.60,64,CHNOS,"S, P or Si",,,1,,yes: the neutral parent's PubChem name by InChIKey,,11213,C.I. Direct Red 53,6375-58-2,,,
1419,DJFRYVBMXYGMAV-UHFFFAOYSA-N,CCn1c(O)c(C(N)=O)c(C)c(N=Nc2cc(Nc3nc(Cl)nc(Cl)n3)c(S(=O)(=O)O)cc2S(=O)(=O)O)c1=O,623.40,55,CHNOClS,"S, P or Si",,,1,,yes: the neutral parent's PubChem name by InChIKey,,12821,C.I. Reactive Yellow 86,70865-29-1,,,
1420,LVOJOIBIVGEQBP-UHFFFAOYSA-N,Cc1nn(-c2ccccc2)c(O)c1N=Nc1ccc(-c2ccc(N=Nc3c(C)nn(-c4ccccc4)c3O)c(Cl)c2)cc1Cl,623.50,68,CHNOCl,halogen,,failed,1,Benzidine orange,,16265,,Benzidine orange,3520-72-7,,,
1421,PWXTUWQHMIFLKL-UHFFFAOYSA-N,C=CCOc1c(Br)cc(C(C)(C)c2cc(Br)c(OCC=C)c(Br)c2)cc1Br,624.00,47,CHOBr,halogen,,thermodynamics_pending,1,Tetrabromobisphenol A diallyl ether,,5852,,Tetrabromobisphenol A diallyl ether,25327-89-3,,,
1422,DLYGWHUJQCJNSR-UHFFFAOYSA-N,CC(C)(c1ccc(OCC(O)COc2ccc(C(C)(C)c3ccc(OCC4CO4)cc3)cc2)cc1)c1ccc(OCC2CO2)cc1,624.80,90,CHO,CHNO,,failed,1,Bisphenol a dimer diglycidyl ether,,8912,,Bisphenol a dimer diglycidyl ether,47861-93-8,,,
1423,JSRUDOBCTLPTFO-UHFFFAOYSA-N,COc1cc(N=Nc2c(Br)cc([N+](=O)[O-])cc2[N+](=O)[O-])c(NC(C)=O)cc1N(CCOC(C)=O)CCOC(C)=O,625.40,65,CHNOBr,halogen,,running,1,C.I. Disperse Blue 79:1,,7798,,C.I. Disperse Blue 79:1,3618-72-2,azodyes,,Azo dyes
1424,MJRFSXANVHYUST-UHFFFAOYSA-N,CC(=O)Nc1ccc2cc(S(=O)(=O)O)c(N=Nc3ccc(-c4ccc(N=Nc5ccc(O)c(C(=O)O)c5)cc4)cc3)c(O)c2c1,625.60,68,CHNOS,"S, P or Si",,,1,,yes: the neutral parent's PubChem name by InChIKey,,11395,"Disodium 5-((4'-((7-(acetylamino)-1-hydroxy-3-sulphonato-2-naphthyl)azo)(1,1'-biphenyl)-4-yl)azo)salicylate",6459-86-5,,,
1425,DKDDANDQYBDKEG-UHFFFAOYSA-N,COc1ccccc1N=Nc1c(S(=O)(=O)O)cc2c(S(=O)(=O)O)ccc(NC(=O)c3ccc(Cl)cc3Cl)c2c1O,626.50,57,CHNOClS,"S, P or Si",,,1,,yes: the neutral parent's PubChem name by InChIKey,,11285,"1,7-Naphthalenedisulfonic acid, 4-((2,4-dichlorobenzoyl)amino)-5-hydroxy-6-((2-methoxyphenyl)azo)-, disodium salt",6416-33-7,,,
1426,AFQGZZXFOFWGCL-UHFFFAOYSA-N,Nc1ccc2cc(S(=O)(=O)O)c(N=Nc3ccc(C(=O)Nc4ccc(N=Nc5ccc(O)c(C(=O)O)c5)cc4)cc3)c(O)c2c1,626.60,67,CHNOS,"S, P or Si",,,1,,yes: the neutral parent's PubChem name by InChIKey,,13708,C.I. Direct Brown 223,76930-14-8,,,
1427,UXEKKQRJIGKQNP-VAWYXSNFSA-N,O=S(=O)(O)c1cc(-n2ncc(-c3ccccc3)n2)ccc1/C=C/c1ccc(-n2ncc(-c3ccccc3)n2)cc1S(=O)(=O)O,626.70,66,CHNOS,"S, P or Si",,,1,,yes: the neutral parent's PubChem name by InChIKey,,9328,"Dipotassium 4,4'-bis(4-phenyl-2H-1,2,3-triazol-2-yl)stilbene-2,2'-disulphonate",52237-03-3,,,
1428,MKPMKGJHFHXYGK-UHFFFAOYSA-N,CC1=NN(c2ccc(S(=O)(=O)O)cc2)C(=O)C1N=Nc1ccc(-c2ccc(N=Nc3ccc(O)c(C(=O)O)c3)c(C)c2)cc1C,626.70,71,CHNOS,"S, P or Si",,,1,2-Hydroxy-5-[[2-methyl-4-[3-methyl-4-[[3-methyl-5-oxo-1-(4-sulfophenyl)-4H-pyrazol-4-yl]diazenyl]phenyl]phenyl]diazenyl]benzoic acid,,11302,,2-Hydroxy-5-[[2-methyl-4-[3-methyl-4-[[3-methyl-5-oxo-1-(4-sulfophenyl)-4H-pyrazol-4-yl]diazenyl]phenyl]phenyl]diazenyl]benzoic acid,6420-03-7,,,
1429,LMULDSDQRQVZMW-UHFFFAOYSA-N,CCN(CC)S(=O)(=O)c1ccc(OC)c(N=Nc2c(O)c(C(=O)Nc3cc(Cl)c(OC)cc3OC)cc3ccccc23)c1,627.10,74,CHNOClS,"S, P or Si",,,1,"2-Naphthalenecarboxamide, N-(5-chloro-2,4-dimethoxyphenyl)-4-((5-((diethylamino)sulfonyl)-2-methoxyphenyl)azo)-3-hydroxy-",,11278,,"2-Naphthalenecarboxamide, N-(5-chloro-2,4-dimethoxyphenyl)-4-((5-((diethylamino)sulfonyl)-2-methoxyphenyl)azo)-3-hydroxy-",6410-41-9,,,
1430,IXDBUVCZCLQKJF-UHFFFAOYSA-N,CCCCCCCCCCCCCCCCOC(=O)CCSCCC(=O)OCCCCCCCCCCCCCCCC,627.10,117,CHOS,"S, P or Si",,,1,"Propanoic acid, 3,3'-thiobis-, dihexadecyl ester",,7424,,"Propanoic acid, 3,3'-thiobis-, dihexadecyl ester",3287-12-5,,Antioxidants,
1431,AJMAYLFJZQYRHN-UHFFFAOYSA-N,O=S(=O)(O)CCC(F)(F)C(F)(F)C(F)(F)C(F)(F)C(F)(F)C(F)(F)C(F)(F)C(F)(F)C(F)(F)C(F)(F)F,628.20,42,CHOFS,"S, P or Si",,,1,2-(Perfluorodecyl)ethane-1-sulfonic acid,,1638,,2-(Perfluorodecyl)ethane-1-sulfonic acid,120226-60-0,PFASs,,PFAS
1432,IQNJWKQQAKYRKD-UHFFFAOYSA-N,O=C(O)C1=NN(c2ccc(S(=O)(=O)O)cc2)C(=O)C1N=Nc1ccc(-c2ccc(N=Nc3ccc(O)c(C(=O)O)c3)cc2)cc1,628.60,65,CHNOS,"S, P or Si",,,1,,yes: the neutral parent's PubChem name by InChIKey,,11396,"Trisodium 4-((4'-((3-carboxylato-4-hydroxyphenyl)azo)(1,1'-biphenyl)-4-yl)azo)-4,5-dihydro-5-oxo-1-(4-sulphonatophenyl)-1H-pyrazole-3-carboxylate",6459-87-6,,,
1433,XSGREWVQEXLJBH-UHFFFAOYSA-N,COc1cc(-c2ccc(N=Nc3cc(S(=O)(=O)O)c4ccc(O)cc4c3O)c(OC)c2)ccc1N=Nc1cc(C)c(N)cc1N,628.70,73,CHNOS,"S, P or Si",,,1,,yes: the neutral parent's PubChem name by InChIKey,,2659,C.I. Direct Violet 13,13478-92-7,,,
1434,IVINYWARLXOTLP-UHFFFAOYSA-N,CC(C)CCCCCCCCCCOP(OCCCCCCCCCCC(C)C)OCCCCCCCCCCC(C)C,629.00,124,CHOP,"S, P or Si",,,1,Triisotridecyl phosphite,,13827,,Triisotridecyl phosphite,77745-66-5,organophosphates,,Organophosphates
1435,PEXOFOFLXOCMDX-UHFFFAOYSA-N,CCCCCCCCCCCCCOP(OCCCCCCCCCCCCC)OCCCCCCCCCCCCC,629.00,124,CHOP,"S, P or Si",,,1,Tris(tridecan-1-yl) phosphite,,8313,,Tris(tridecan-1-yl) phosphite,4089-53-6,organophosphates,,Organophosphates
1436,GNCOVOVCHIHPHP-UHFFFAOYSA-N,CC(=O)C(N=Nc1ccc(-c2ccc(N=NC(C(C)=O)C(=O)Nc3ccccc3)c(Cl)c2)cc1Cl)C(=O)Nc1ccccc1,629.50,70,CHNOCl,halogen,,thermodynamics_pending,1,Diarylanilide Yellow,,11171,,Diarylanilide Yellow,6358-85-6,,,
1437,GUFDWQHGQJUQIF-UHFFFAOYSA-N,CCN(Cc1cccc(S(=O)(=O)O)c1)c1ccc(N=Nc2ccc(N=Nc3cccc(S(=O)(=O)O)c3)c3ccccc23)cc1,629.70,71,CHNOS,"S, P or Si",,,1,,yes: the neutral parent's PubChem name by InChIKey,,12734,Acid Red 119,70210-06-9,azodyes,,Azo dyes
1438,IGXZMQCLUNTWCC-UHFFFAOYSA-N,O=C(Nc1ccc2c(O)c(N=Nc3ccc(N=Nc4ccc(S(=O)(=O)O)cc4)cc3)c(S(=O)(=O)O)cc2c1)c1ccccc1,631.60,65,CHNOS,"S, P or Si",,,1,,yes: the neutral parent's PubChem name by InChIKey,,6105,Direct red 81,2610-11-9,,,
1439,RJJYPCGSSMUMMI-UHFFFAOYSA-N,COc1cc(S(=O)(=O)O)c(C)cc1NC(=O)C(N=Nc1ccc(-c2nc3ccc(C)c(S(=O)(=O)O)c3s2)cc1)C(C)=O,632.70,66,CHNOS,"S, P or Si",,,2,,yes: the neutral parent's PubChem name by InChIKey,,13077;13078,Ammonium sodium 2-(4-((1-(((2-methoxy-5-methyl-4-sulphonatophenyl)amino)carbonyl)-2-oxopropyl)azo)phenyl)-6-methylbenzothiazole-7-sulphonate | Disodium 2-[4-[[1-[[(2-methoxy-5-methyl-4-sulphonatophenyl)amino]carbonyl]-2-oxopropyl]azo]phenyl]-6-methylbenzothiazole-7-sulphonate,72705-24-9;72705-26-1,benzothiazole,,Benzothiazoles
1440,WFDQLHCSKAIOER-UHFFFAOYSA-N,CCOc1ccc(N=Nc2ccc(-c3ccc(N=Nc4c(O)ccc5cc(S(=O)(=O)O)cc(S(=O)(=O)O)c45)cc3)cc2)cc1,632.70,68,CHNOS,"S, P or Si",,,1,,yes: the neutral parent's PubChem name by InChIKey,,7714,Direct Scarlet B,3530-19-6,,,
1441,SSADPHQCUURWSW-UHFFFAOYSA-N,Cc1cc(C(C)(C)C)c(OP2OCC3(CO2)COP(Oc2c(C(C)(C)C)cc(C)cc2C(C)(C)C)OC3)c(C(C)(C)C)c1,632.80,97,CHOP,"S, P or Si",,,1,"Bis(2,6-di-tert-butyl-4-methylphenyl)pentaerythritol diphosphite",,14250,,"Bis(2,6-di-tert-butyl-4-methylphenyl)pentaerythritol diphosphite",80693-00-1,,Antioxidants,
1442,ZCVKUOVTPJMGFH-UHFFFAOYSA-N,Cc1ccccc1Oc1ccccc1N=Nc1c(S(=O)(=O)O)cc2cc(S(=O)(=O)O)cc(NC(=O)c3ccccc3)c2c1O,633.70,67,CHNOS,"S, P or Si",,,1,,yes: the neutral parent's PubChem name by InChIKey,,12739,"Disodium 5-(benzoylamino)-4-hydroxy-3-[[2-(2-methylphenoxy)phenyl]azo]naphthalene-2,7-disulphonate",70210-37-6,,,
1443,ZATHVTMEPLUQKK-UHFFFAOYSA-N,Cc1cc(C)c(S(=O)(=O)O)c(C)c1Nc1ccc(Nc2c(C)cc(C)c(S(=O)(=O)O)c2C)c2c1C(=O)c1ccccc1C2=O,634.70,74,CHNOS,"S, P or Si",,,1,,yes: the neutral parent's PubChem name by InChIKey,,8734,Acid blue 80,4474-24-2,,,
1444,JZNDMMGBXUYFNQ-UHFFFAOYSA-N,CCCCCCCCCCCCSP(SCCCCCCCCCCCC)SCCCCCCCCCCCC,635.20,115,CHSP,"S, P or Si",,,1,Trilauryl trithiophosphite,,3872,,Trilauryl trithiophosphite,1656-63-9,organophosphates,,Organophosphates
1445,MDFFDZMXEZGZPB-UHFFFAOYSA-N,O=c1c2ccc3c4ccc5c6c(ccc(c7ccc(c2c37)c2nc3cccc7cccc(c73)n12)c46)c(=O)n1c2cccc3cccc(nc51)c32,636.70,70,CHNO,CHNO,,failed,1,"Anthra(2'',1'',9'':4,5,6: 6'',5'',10'':4',5',6')diisoquino(2,1-a:2',1'-a')diperimidine-12,25-dione",,12344,,"Anthra(2'',1'',9'':4,5,6: 6'',5'',10'':4',5',6')diisoquino(2,1-a:2',1'-a')diperimidine-12,25-dione",6859-32-1,,,
1446,QJTZKCXFTMUONX-UHFFFAOYSA-N,Nc1cc(N)c(N=Nc2ccc(S(=O)(=O)O)cc2)cc1N=Nc1ccc(-c2ccc(N=Nc3ccc(C(=O)O)c(O)c3)cc2)cc1,636.70,70,CHNOS,"S, P or Si",,,1,,yes: the neutral parent's PubChem name by InChIKey,,8049,C.I. Direct Brown 1,3811-71-0,,,
1447,VTLXZLNLMZETPM-UHFFFAOYSA-N,O=c1c2ccc3c4ccc5c(=O)n6c7cccc8cccc(nc6c6ccc(c9ccc(c2c39)c2nc3cccc9cccc(c93)n12)c4c56)c87,636.70,70,CHNO,CHNO,,failed,1,"Phenanthro(2'',1'',10'':4,5,6: 7'',8'',9'':4',5',6')diisoquino(2,1-a:2',1'-a')diperimidine-8,13-dione",,8395,,"Phenanthro(2'',1'',10'':4,5,6: 7'',8'',9'':4',5',6')diisoquino(2,1-a:2',1'-a')diperimidine-8,13-dione",41635-87-4,,,
1448,UUGYQSGVIHEBQD-UHFFFAOYSA-N,CC(C)(C)c1ccc(OP2(=O)OCC3(CO2)COP(=O)(Oc2ccc(C(C)(C)C)cc2C(C)(C)C)OC3)c(C(C)(C)C)c1,636.70,93,CHOP,"S, P or Si",,,1,"Bis(2,4-di-tert-butylphenyl) pentaerythritol diphosphate",,15983,,"Bis(2,4-di-tert-butylphenyl) pentaerythritol diphosphate",97994-11-1,organophosphates,,Organophosphates
1449,OKOBUGCCXMIKDM-UHFFFAOYSA-N,CC(C)(C)c1cc(CCC(=O)NCCCCCCNC(=O)CCc2cc(C(C)(C)C)c(O)c(C(C)(C)C)c2)cc(C(C)(C)C)c1O,637.00,110,CHNO,CHNO,,failed,1,"Benzenepropanamide, N,N'-1,6-hexanediylbis(3,5-bis(1,1-dimethylethyl)-4-hydroxy-",,5227,,"Benzenepropanamide, N,N'-1,6-hexanediylbis(3,5-bis(1,1-dimethylethyl)-4-hydroxy-",23128-74-7,,Antioxidants,
1450,WSEXCYJMFQVEIN-UHFFFAOYSA-N,ClC1=C(Cl)C2(Cl)C3C4CC(C3C1(Cl)C2(Cl)Cl)C1C4C2(Cl)C(Cl)=C(Cl)C1(Cl)C2(Cl)Cl,637.70,37,CHCl,halogen,,thermodynamics_pending,1,Dechlorane 603,,16115,,Dechlorane 603,13560-92-4,,,
1451,DJRZPZBRKRAGBD-UHFFFAOYSA-N,O=S(=O)(O)c1cccc(N=Nc2ccc(N=Nc3ccc(Nc4ccccc4)c4c(S(=O)(=O)O)cccc34)c3ccccc23)c1,637.70,68,CHNOS,"S, P or Si",,,1,,yes: the neutral parent's PubChem name by InChIKey,,7517,Acid blue 113,3351-05-1,azodyes,,Azo dyes
1452,MFKIBHRWIGTPSD-UHFFFAOYSA-N,O=C(O)c1cc(N=Nc2ccc(-c3ccc(N=Nc4ccc(O)c(N=Nc5ccc(S(=O)(=O)O)cc5)c4O)cc3)cc2)ccc1O,638.60,68,CHNOS,"S, P or Si",,,1,,yes: the neutral parent's PubChem name by InChIKey,,6778,C.I. Direct Brown 6,2893-80-3,,,
1453,SKQIWAJTJYWCEL-UHFFFAOYSA-N,O=C(O)c1cc(N=Nc2ccc(-c3ccc(N=Nc4c(O)ccc(N=Nc5cccc(S(=O)(=O)O)c5)c4O)cc3)cc2)ccc1O,638.60,68,CHNOS,"S, P or Si",,,1,,yes: the neutral parent's PubChem name by InChIKey,,12185,"Benzoic acid, 5-[2-[4'-[2-[2,6-dihydroxy-3-[2-(3-sulfophenyl)diazenyl]phenyl]diazenyl][1,1'-biphenyl]-4-yl]diazenyl]-2-hydroxy-, sodium salt (1:2)",6844-77-5,,,
1454,FPRRTQFUCIKTDQ-UHFFFAOYSA-N,Cc1cc(-c2ccc(N=Nc3c(N)c(C)cc(S(=O)(=O)O)c3N)c(C)c2)ccc1N=Nc1c(N)c(C)cc(S(=O)(=O)O)c1N,638.70,74,CHNOS,"S, P or Si",,,1,,yes: the neutral parent's PubChem name by InChIKey,,11254,"Disodium2,4-diamino-3-[4-[4-(2,6-diamino-3-methyl-5-sulfonatophenyl)diazenyl-2-methylphenyl]-3-methylphenyl]diazenyl-5-methylbenzenesulfonate",6405-94-3,,,
1455,VMPHSYLJUKZBJJ-UHFFFAOYSA-N,CCCCCCCCCCCC(=O)OCC(COC(=O)CCCCCCCCCCC)OC(=O)CCCCCCCCCCC,639.00,119,CHO,CHNO,,failed,1,Trilaurin,,9556,,Trilaurin,538-24-9,,,
1456,NQJUKCVIIGJHRZ-UHFFFAOYSA-N,CC(CCl)OP(=O)(OCC(CCl)(CCl)COP(=O)(OC(C)CCl)OC(C)CCl)OC(C)CCl,639.10,65,CHOClP,"S, P or Si",,,1,"2,2-Bis(chloromethyl)propane-1,3-diyl tetrakis(1-chloropropan-2-yl) bis(phosphate)",,539,,"2,2-Bis(chloromethyl)propane-1,3-diyl tetrakis(1-chloropropan-2-yl) bis(phosphate)",1047637-37-5,organophosphates,,Organophosphates
1457,CFBQBVCJVRNEDH-UHFFFAOYSA-N,CC(=O)Nc1ccc2c(O)c(N=Nc3ccc(-c4ccc(N=Nc5cc(C)c(O)c(C(=O)O)c5)cc4)cc3)c(S(=O)(=O)O)cc2c1,639.60,71,CHNOS,"S, P or Si",,,1,,yes: the neutral parent's PubChem name by InChIKey,,11688,C.I. Direct Red 59,6655-94-3,,,
1458,CTBFKFIOCGXHKS-UHFFFAOYSA-N,CC1=NN(c2ccc(S(=O)(=O)O)cc2)C(=O)C1N=Nc1ccc(-c2ccc(N=Nc3cc(C)c(O)c(C(=O)O)c3)c(C)c2)cc1C,640.70,74,CHNOS,"S, P or Si",,,1,,yes: the neutral parent's PubChem name by InChIKey,,11303,"Disodium 5-((4'-((4,5-dihydro-3-methyl-5-oxo-1-(4-sulphonatophenyl)-1H-pyrazol-4-yl)azo)-3,3'-dimethyl(1,1'-biphenyl)-4-yl)azo)-3-methylsalicylate",6420-04-8,,,
1459,CMBVJWXIWKNGIL-UHFFFAOYSA-N,COc1cc(-c2ccc(N=NC3C(=O)N(c4ccc(C)cc4)N=C3C)c(OC)c2)ccc1N=NC1C(=O)N(c2ccc(C)cc2)N=C1C,642.70,82,CHNO,CHNO,,failed,1,"4,4'-((3,3'-Dimethoxy(1,1'-biphenyl)-4,4'-diyl)bis(azo))bis(2,4-dihydro-5-methyl-2-(p-tolyl)-3H-pyrazol-3-one)",,12454,,"4,4'-((3,3'-Dimethoxy(1,1'-biphenyl)-4,4'-diyl)bis(azo))bis(2,4-dihydro-5-methyl-2-(p-tolyl)-3H-pyrazol-3-one)",6883-91-6,,,
1460,VFBJXXJYHWLXRM-UHFFFAOYSA-N,CC(C)(C)c1cc(CCC(=O)OCCSCCOC(=O)CCc2cc(C(C)(C)C)c(O)c(C(C)(C)C)c2)cc(C(C)(C)C)c1O,642.90,103,CHOS,"S, P or Si",,,1,Irganox 1035,,8376,,Irganox 1035,41484-35-9,,Antioxidants,
1461,MERWBGHMSXDWBM-UHFFFAOYSA-N,COC(=O)c1ccc(C(=O)Nc2cc(Cl)ccc2Cl)cc1N=Nc1c(O)c(C(=O)Nc2ccccc2OC)cc2ccccc12,643.50,69,CHNOCl,halogen,,running,1,"Methyl 4-(((2,5-dichlorophenyl)amino)carbonyl)-2-((2-hydroxy-3-(((2-methoxyphenyl)amino)carbonyl)-1-naphthyl)azo)benzoate",,10815,,"Methyl 4-(((2,5-dichlorophenyl)amino)carbonyl)-2-((2-hydroxy-3-(((2-methoxyphenyl)amino)carbonyl)-1-naphthyl)azo)benzoate",61847-48-1,,,
1462,WFLVELCLEGVBIH-UHFFFAOYSA-N,Brc1ccc(Oc2ccc(Br)c(Br)c2Br)c(Br)c1Br,643.60,23,CHOBr,halogen,,thermodynamics_pending,1,"Benzene, 1,2,3-tribromo-4-(2,3,4-tribromophenoxy)-",,4292,,"Benzene, 1,2,3-tribromo-4-(2,3,4-tribromophenoxy)-",182677-28-7,,,
1463,CVWSULASWLZVCH-UHFFFAOYSA-N,O=c1c2ccccc2c(=O)c2c1ccc1c3ccc4c(=O)c5c(ccc6c7ccc8c(=O)c9ccccc9c(=O)c8c7[nH]c65)c(=O)c4c3[nH]c12,646.60,68,CHNO,CHNO,,failed,1,"Dinaphtho(2,3-i:2',3'-i')benzo(1,2-a:4,5-a')dicarbazole-5,7,12,17,19,24(6H,18H)-hexone",,5002,,"Dinaphtho(2,3-i:2',3'-i')benzo(1,2-a:4,5-a')dicarbazole-5,7,12,17,19,24(6H,18H)-hexone",2172-33-0,,,
1464,DCYIADGZPJOOFN-UHFFFAOYSA-N,O=c1c2ccccc2c(=O)c2c1ccc1c2[nH]c2c3c(=O)c4ccccc4c(=O)c3c3[nH]c4c(ccc5c(=O)c6ccccc6c(=O)c54)c3c12,646.60,68,CHNO,CHNO,,failed,1,Vat brown 1,,5516,,Vat brown 1,2475-33-4,,,
1465,JKIJEFPNVSHHEI-UHFFFAOYSA-N,CC(C)(C)c1ccc(OP(Oc2ccc(C(C)(C)C)cc2C(C)(C)C)Oc2ccc(C(C)(C)C)cc2C(C)(C)C)c(C(C)(C)C)c1,646.90,109,CHOP,"S, P or Si",,,1,"Tris(2,4-di-tert-butylphenyl) phosphite",,7244,,"Tris(2,4-di-tert-butylphenyl) phosphite",31570-04-4,alkylphenols;organophosphates,Alkylphenols;Antioxidants,Organophosphates
1466,JCMYEBPPMIUWCN-UHFFFAOYSA-N,Cc1c(CNC(=O)CCl)c(C)c(Nc2cc(S(=O)(=O)O)c(N)c3c2C(=O)c2ccccc2C3=O)c(C)c1CNC(=O)CCl,647.50,71,CHNOClS,"S, P or Si",,,1,,yes: the neutral parent's PubChem name by InChIKey,,14126,"2-Anthracenesulfonic acid, 1-amino-4-((3,5-bis(((chloroacetyl)amino)methyl)-2,4,6-trimethylphenyl)amino)-9,10-dihydro-9,10-dioxo-, monosodium salt",80010-51-1,,,
1467,POHJIWSCJNKSOQ-UHFFFAOYSA-N,COc1cc(N=Nc2ccc(S(=O)(=O)O)cc2)c(C)cc1N=Nc1c(S(=O)(=O)O)cc2cc(Nc3ccccc3)ccc2c1O,647.70,70,CHNOS,"S, P or Si",,,1,,yes: the neutral parent's PubChem name by InChIKey,,10924,"C.I. Direct Violet 9, disodium salt",6227-14-1,,,
1468,VJSBNBBOSZJDKB-KPEYJIHVSA-N,CCCCCCCC/C=C\CCCCCCCCCCCCCC(=O)N[C@@H](CO)[C@H](O)/C=C/CCCCCCCCCCCCC,648.10,127,CHNO,CHNO,,failed,1,Cer(d18:1/24:1(15Z)),,16222,,Cer(d18:1/24:1(15Z)),208650-37-7,,,
1469,LZXMEVAFTXWYKR-UHFFFAOYSA-N,O=C(O)c1cc(N=Nc2ccc(-c3ccc(N=Nc4c(O)c(S(=O)(=O)O)cc5cc(S(=O)(=O)O)ccc45)cc3)cc2)ccc1O,648.60,65,CHNOS,"S, P or Si",,,1,,yes: the neutral parent's PubChem name by InChIKey,,11559,C.I. Direct Red 18,6548-26-1,,,
1470,VSSCQGWQYGFLEY-UHFFFAOYSA-N,CCCCCCCCCCCCCCCCCCSc1ccc(-c2[nH]c(O)c3c2C(=O)N=C3c2ccc(-c3ccccc3)cc2)cc1,649.00,99,CHNOS,"S, P or Si",,,1,"Pyrrolo(3,4-c)pyrrole-1,4-dione, 3-(1,1'-biphenyl)-4-yl-2,5-dihydro-6-(4-(octadecylthio)phenyl)-",,15887,,"Pyrrolo(3,4-c)pyrrole-1,4-dione, 3-(1,1'-biphenyl)-4-yl-2,5-dihydro-6-(4-(octadecylthio)phenyl)-",960522-89-8,,,
1471,QUCIBXXBUGRARB-UHFFFAOYSA-N,Cc1cc(N=Nc2ccc(S(=O)(=O)O)cc2)c(N)c(N=Nc2ccc(-c3ccc(N=Nc4ccc(O)c(C(=O)O)c4)cc3)cc2)c1N,650.70,73,CHNOS,"S, P or Si",,,1,,yes: the neutral parent's PubChem name by InChIKey,,6028,"Disodium 5-((4'-((2,6-diamino-3-methyl-5-((4-sulphonatophenyl)azo)phenyl)azo)(1,1'-biphenyl)-4-yl)azo)salicylate",2586-58-5,,,
1472,JRSUJBJSUYPODE-UHFFFAOYSA-N,CCN(CCOP(=O)(O)O)S(=O)(=O)C(F)(F)C(F)(F)C(F)(F)C(F)(F)C(F)(F)C(F)(F)C(F)(F)C(F)(F)F,651.20,49,CHNOFSP,"S, P or Si",,,1,,yes: the neutral parent's PubChem name by InChIKey,,17699,Sodium mono(N-ethyl-2-perfluorooctylsulfonaminoethyl) phosphate,,,,
1473,JLGHRHTZYNYXMD-UHFFFAOYSA-N,Cc1ccc(Nc2ccc(N=Nc3ccc(N=Nc4cccc(S(=O)(=O)O)c4)c4ccccc34)c3cccc(S(=O)(=O)O)c23)cc1,651.70,71,CHNOS,"S, P or Si",,,1,,yes: the neutral parent's PubChem name by InChIKey,,7713,Acid Blue 120,3529-01-9,,,
1474,ZALFXJGMURTKRI-UHFFFAOYSA-N,Cc1ccc2nc(-c3ccc(N=NNc4ccc(-c5nc6ccc(C)c(S(=O)(=O)O)c6s5)cc4)cc3)sc2c1S(=O)(=O)O,651.80,64,CHNOS,"S, P or Si",,,1,,yes: the neutral parent's PubChem name by InChIKey,,4301,Titan yellow,1829-00-1,,,
1475,GUXGHBVABOZQRZ-UHFFFAOYSA-N,CCCO[Si](CCC(F)(F)C(F)(F)C(F)(F)C(F)(F)C(F)(F)C(F)(F)C(F)(F)C(F)(F)F)(OCCC)OCCC,652.50,65,CHOFSi,"S, P or Si",,,1,"(3,3,4,4,5,5,6,6,7,7,8,8,9,9,10,10,10-Heptadecafluorodecyl)tripropoxysilane",,9315,,"(3,3,4,4,5,5,6,6,7,7,8,8,9,9,10,10,10-Heptadecafluorodecyl)tripropoxysilane",521084-64-0,PFASs;silanes_siloxanes_silicones,,Siloxanes and silanes;PFAS
1476,OUVSPPNCAAZLIA-UHFFFAOYSA-N,CC(C)O[Si](CCC(F)(F)C(F)(F)C(F)(F)C(F)(F)C(F)(F)C(F)(F)C(F)(F)C(F)(F)F)(OC(C)C)OC(C)C,652.50,65,CHOFSi,"S, P or Si",,,1,"(3,3,4,4,5,5,6,6,7,7,8,8,9,9,10,10,10-Heptadecafluorodecyl)triisopropoxysilane",,5486,,"(3,3,4,4,5,5,6,6,7,7,8,8,9,9,10,10,10-Heptadecafluorodecyl)triisopropoxysilane",246234-80-0,PFASs;silanes_siloxanes_silicones,,Siloxanes and silanes;PFAS
1477,HFHIDKQMGIGARX-UHFFFAOYSA-N,Nc1c(N=Nc2ccc(-c3ccc(N=Nc4cc(S(=O)(=O)O)c5ccccc5c4N)cc3)cc2)cc(S(=O)(=O)O)c2ccccc12,652.70,70,CHNOS,"S, P or Si",,,1,,yes: the neutral parent's PubChem name by InChIKey,,10094,Congo red,573-58-0,azodyes,,Azo dyes
1478,UGQQAJOWXNCOPY-MXYLTYEXSA-N,ClC1=C(Cl)[C@]2(Cl)[C@@H]3CC[C@H]4[C@@H](CC[C@@H]3[C@@]1(Cl)C2(Cl)Cl)[C@@]1(Cl)C(Cl)=C(Cl)[C@]4(Cl)C1(Cl)Cl,653.70,42,CHCl,halogen,,thermodynamics_pending,1,Syn-dodecachloropentacyclooctadecadiene,,2708,,Syn-dodecachloropentacyclooctadecadiene,135821-03-3,,,
1479,TZCACGMZCLGYSG-UHFFFAOYSA-N,Nc1c(N=Nc2ccc(-c3ccc(N=Nc4cc(S(=O)(=O)O)c5ccccc5c4O)cc3)cc2)cc(S(=O)(=O)O)c2ccccc12,653.70,69,CHNOS,"S, P or Si",,,1,,yes: the neutral parent's PubChem name by InChIKey,,5400,C.I. Direct Red 10,2429-70-1,,,
1480,XHUNMFDADWPPFX-UHFFFAOYSA-N,Nc1c(N=Nc2ccc(-c3ccc(N=Nc4c(O)ccc5cccc(S(=O)(=O)O)c45)cc3)cc2)cc(S(=O)(=O)O)c2ccccc12,653.70,69,CHNOS,"S, P or Si",,,1,,yes: the neutral parent's PubChem name by InChIKey,,6555,C.I. Direct Red 17,2769-07-5,,,
1481,DZYFEMTUCDZMSP-UHFFFAOYSA-N,COc1cc(OC)c(NC(=O)c2cc3ccccc3c(N=Nc3cc(C(=O)Nc4ccc(C(N)=O)cc4)ccc3OC)c2O)cc1Cl,654.10,75,CHNOCl,halogen,,failed,1,"4-[[5-[[[4-(aminocarbonyl)phenyl]amino]carbonyl]-2-methoxyphenyl]azo]-N-(5-chloro-2,4-dimethoxyphenyl)-3-hydroxynaphthalene-2-carboxamide",,10391,,"4-[[5-[[[4-(aminocarbonyl)phenyl]amino]carbonyl]-2-methoxyphenyl]azo]-N-(5-chloro-2,4-dimethoxyphenyl)-3-hydroxynaphthalene-2-carboxamide",59487-23-9,,,
1482,CPERTUHFXCKOES-UHFFFAOYSA-N,O=S(=O)(O)c1cc(N=Nc2c(O)ccc3ccccc23)ccc1-c1ccc(N=Nc2c(O)ccc3ccccc23)cc1S(=O)(=O)O,654.70,68,CHNOS,"S, P or Si",,,1,,yes: the neutral parent's PubChem name by InChIKey,,256,Acid Red 97,10169-02-5,azodyes,,Azo dyes
1483,CYBHMTHTRBSBGL-UHFFFAOYSA-N,O=S(=O)(O)c1cc(N=Nc2ccc(-c3ccc(N=Nc4cc(S(=O)(=O)O)c5ccccc5c4O)cc3)cc2)c(O)c2ccccc12,654.70,68,CHNOS,"S, P or Si",,,1,,yes: the neutral parent's PubChem name by InChIKey,,11325,C.I. Direct Violet 43,6426-63-7,,,
1484,WVLWRJCONHBLOT-UHFFFAOYSA-N,O=S(=O)(O)c1cccc2ccc(O)c(N=Nc3ccc(-c4ccc(N=Nc5c(O)ccc6cccc(S(=O)(=O)O)c56)cc4)cc3)c12,654.70,68,CHNOS,"S, P or Si",,,1,,yes: the neutral parent's PubChem name by InChIKey,,5211,C.I. Direct Red 44,2302-97-8,,,
1485,LSMLYSMFJGHQSH-UHFFFAOYSA-N,C=C(Br)C(=O)Nc1ccc(S(=O)(=O)O)c(N=NC2C(=O)N(c3cc(Cl)c(S(=O)(=O)O)cc3Cl)N=C2C)c1,655.30,51,CHNOClBrS,"S, P or Si",,,1,,yes: the neutral parent's PubChem name by InChIKey,,12748,"Disodium 4-[4-[[5-[(2-bromo-1-oxoallyl)amino]-2-sulphonatophenyl]azo]-4,5-dihydro-3-methyl-5-oxo-1H-pyrazol-1-YL]-2,5-dichlorobenzenesulphonate",70247-70-0,,,
1486,WZSFTHVIIGGDOI-UHFFFAOYSA-N,Cc1c(N=C2NC(=O)c3c(Cl)c(Cl)c(Cl)c(Cl)c32)cccc1N=C1NC(=O)c2c(Cl)c(Cl)c(Cl)c(Cl)c21,656.00,45,CHNOCl,halogen,,thermodynamics_pending,1,"3,3'-[(2-Methyl-1,3-phenylene)diimino]bis[4,5,6,7-tetrachloro-1H-isoindol-1-one]",,9078,,"3,3'-[(2-Methyl-1,3-phenylene)diimino]bis[4,5,6,7-tetrachloro-1H-isoindol-1-one]",5045-40-9,,,
1487,ZJRAAAWYHORFHN-UHFFFAOYSA-N,CC(C)(c1cc(Br)c(OCC2CO2)c(Br)c1)c1cc(Br)c(OCC2CO2)c(Br)c1,656.00,49,CHOBr,halogen,,thermodynamics_pending,1,Tetrabromobisphenol A diglycidyl ether,,7110,,Tetrabromobisphenol A diglycidyl ether,3072-84-2,,,
1488,MFSAJLWSXLIOHZ-UHFFFAOYSA-N,CC(C)(C)c1cc(CCC(=O)OCC(CO)(CO)COC(=O)CCc2cc(C(C)(C)C)c(O)c(C(C)(C)C)c2)cc(C(C)(C)C)c1O,656.90,107,CHO,CHNO,,failed,2,"Pentaerythritol bis(3,5-di-tert-butyl-4-hydroxyhydrocinnamate)",,7904;16594,,"Pentaerythritol bis(3,5-di-tert-butyl-4-hydroxyhydrocinnamate) | Pentaerythritol bis(3,5-di-tert-butyl-4-hydroxyhydrocinnamate)",36913-60-7,,Antioxidants,
1489,VCEOZBZYQYAEMK-UHFFFAOYSA-N,CCCCC(CC)COC(=O)CSP(=O)(SCC(=O)OCC(CC)CCCC)SCC(=O)OCC(CC)CCCC,657.00,98,CHOSP,"S, P or Si",,,1,"2-Ethylhexyl 10-ethyl-4-((2-((2-ethylhexyl)oxy)-2-oxoethyl)thio)-7-oxo-8-oxa-3,5-dithia-4-phosphatetradecanoate 4-oxide",,14411,,"2-Ethylhexyl 10-ethyl-4-((2-((2-ethylhexyl)oxy)-2-oxoethyl)thio)-7-oxo-8-oxa-3,5-dithia-4-phosphatetradecanoate 4-oxide",83547-95-9,organophosphates,,Organophosphates
1490,DHHOHVWWZLHYBC-UHFFFAOYSA-N,COc1ccc(NC(=O)C(N=Nc2ccc(-c3ccc(N=NC(C(C)=O)C(=O)Nc4ccccc4)c(Cl)c3)cc2Cl)C(C)=O)cc1,659.50,74,CHNOCl,halogen,,thermodynamics_pending,1,CID 91316050,,15193,,CID 91316050,90268-23-8,,,
1491,MHDULSOPQSUKBQ-UHFFFAOYSA-N,Clc1ccccc1-c1nc(-c2ccccc2)c(-c2ccccc2)n1C1(c2ccccc2Cl)N=C(c2ccccc2)C(c2ccccc2)=N1,659.60,76,CHNCl,halogen,,thermodynamics_pending,1,"1H-Imidazole, 2-(2-chlorophenyl)-1-[2-(2-chlorophenyl)-4,5-diphenyl-2H-imidazol-2-yl]-4,5-diphenyl-",,12984,,"1H-Imidazole, 2-(2-chlorophenyl)-1-[2-(2-chlorophenyl)-4,5-diphenyl-2H-imidazol-2-yl]-4,5-diphenyl-",7189-82-4,,,
1492,GNBQDUZSFCDONM-UHFFFAOYSA-N,O=C(O)c1cc(N=Nc2ccc(-c3ccc(N=Nc4c(S(=O)(=O)O)cc5ccc(Nc6ccccc6)cc5c4O)cc3)cc2)ccc1O,659.70,73,CHNOS,"S, P or Si",,,1,,yes: the neutral parent's PubChem name by InChIKey,,7657,Direct Fast Brown BX,3476-90-2,,,
1493,IMQLKJBTEOYOSI-UHFFFAOYSA-N,O=P(O)(O)OC1C(OP(=O)(O)O)C(OP(=O)(O)O)C(OP(=O)(O)O)C(OP(=O)(O)O)C1OP(=O)(O)O,660.00,54,CHOP,"S, P or Si",,,1,Phytic acid,,14381,,Phytic acid,83-86-3,,,
1494,UPWKNFZOZGYCQR-UHFFFAOYSA-N,CCOc1ccc(N=Nc2ccc(-c3ccc(N=Nc4c(O)ccc5cc(S(=O)(=O)O)cc(S(=O)(=O)O)c45)c(C)c3)cc2C)cc1,660.70,74,CHNOS,"S, P or Si",,,1,,yes: the neutral parent's PubChem name by InChIKey,,11158,C.I. Direct Red 39,6358-29-8,,,
1495,MSXXDBCLAKQJQT-UHFFFAOYSA-N,Cc1cc(CCCOp2oc3c(C(C)(C)C)cc(C(C)(C)C)cc3c3cc(C(C)(C)C)cc(C(C)(C)C)c3o2)cc(C(C)(C)C)c1O,660.90,108,CHOP,"S, P or Si",,,1,Sumilizer GP,,4726,,Sumilizer GP,203255-81-6,,Antioxidants,
1496,SQFXATUXPUCFFO-UHFFFAOYSA-N,CCOC(=O)c1ccccc1C(=C1C=C(Br)C(=O)C(Br)=C1)c1cc(Br)c(O)c(Br)c1,662.00,44,CHOBr,halogen,,,1,,yes: the neutral parent's PubChem name by InChIKey,,10986,Potassium tetrabromophenolphthalein ethyl ester,62637-91-6,,,
1497,AZSKHRTUXHLAHS-UHFFFAOYSA-N,CC(C)(C)c1ccc(OP(=O)(Oc2ccc(C(C)(C)C)cc2C(C)(C)C)Oc2ccc(C(C)(C)C)cc2C(C)(C)C)c(C(C)(C)C)c1,662.90,110,CHOP,"S, P or Si",,,1,"Tris(2,4-ditert-butylphenyl)phosphate",,15830,,"Tris(2,4-ditert-butylphenyl)phosphate",95906-11-9,alkylphenols;organophosphates,Alkylphenols,Organophosphates
1498,IWESGYJQEYDNBR-UHFFFAOYSA-N,Nc1c(N=Nc2ccc(-c3ccc(N=Nc4ccc(O)c(C(=O)O)c4)cc3)cc2)cc(S(=O)(=O)O)c2cc(S(=O)(=O)O)cc(O)c12,663.60,67,CHNOS,"S, P or Si",,,1,,yes: the neutral parent's PubChem name by InChIKey,,11321,"C.I. Direct Green 60, trisodium salt",6426-56-8,,,
1499,FURXDDVXYNEWJD-UHFFFAOYSA-N,CCCCCCCCSc1nc(Nc2cc(C(C)(C)C)c(O)c(C(C)(C)C)c2)nc(Nc2cc(C(C)(C)C)c(O)c(C(C)(C)C)c2)n1,664.00,108,CHNOS,"S, P or Si",,,1,Irganox 858,,16065,,Irganox 858,992-53-0,,Antioxidants,
1500,TULWTLIFUVHUDG-UHFFFAOYSA-N,Cc1cc(N=Nc2ccc(S(=O)(=O)O)cc2)c(N)c(N=Nc2ccc(-c3ccc(N=Nc4cc(C)c(O)c(C(=O)O)c4)cc3)cc2)c1N,664.70,76,CHNOS,"S, P or Si",,,1,,yes: the neutral parent's PubChem name by InChIKey,,11185,"C.I. Direct Brown 154, disodium salt",6360-54-9,,,
1501,VQXYFNSWIHBOSJ-UHFFFAOYSA-N,CCCCCCCCCCCCc1c(Oc2cccc(S(=O)(=O)O)c2CCCCCCCCCCCC)cccc1S(=O)(=O)O,667.00,103,CHOS,"S, P or Si",,,1,,yes: the neutral parent's PubChem name by InChIKey,,5775,Disodium oxybis(dodecylbenzenesulfonate),25167-32-2,,,
1502,ISXOGOLHEGHGQF-UHFFFAOYSA-N,C[Si]1(C)O[Si](C)(C)O[Si](C)(C)O[Si](C)(C)O[Si](C)(C)O[Si](C)(C)O[Si](C)(C)O[Si](C)(C)O[Si](C)(C)O1,667.40,90,CHOSi,"S, P or Si",,,1,Octadecamethylcyclononasiloxane,,9844,,Octadecamethylcyclononasiloxane,556-71-8,silanes_siloxanes_silicones,,Siloxanes and silanes
1503,KXXRNNGEMNIAFA-UHFFFAOYSA-N,Nc1ccc2cc(S(=O)(=O)O)cc(O)c2c1N=Nc1ccc(-c2ccc(N=Nc3cc(S(=O)(=O)O)c4ccccc4c3N)cc2)cc1,668.70,71,CHNOS,"S, P or Si",,,1,,yes: the neutral parent's PubChem name by InChIKey,,4551,"Disodium 4-amino-3-((4'-((2-amino-8-hydroxy-6-sulphonatonaphthyl)azo)(1,1'-biphenyl)-4-yl)azo)naphthalene-1-sulphonate",1937-35-5,,,
1504,VUXVWHOCQSLYRN-UHFFFAOYSA-N,CCN(Cc1ccccc1)c1ccc(C(=C2C=CC(=[N+](CC)Cc3ccccc3)C=C2)c2ccc(S(=O)(=O)O)cc2S(=O)(=O)[O-])cc1,668.80,83,CHNOS,"S, P or Si",,,1,,yes: the neutral parent's PubChem name by InChIKey,,7665,Alphazurine A,3486-30-4,,,
1505,WYDWPTKUEPMHAF-UHFFFAOYSA-N,Nc1ccc2cc(S(=O)(=O)O)cc(O)c2c1N=Nc1ccc(-c2ccc(N=Nc3cc(S(=O)(=O)O)c4ccccc4c3O)cc2)cc1,669.70,70,CHNOS,"S, P or Si",,,1,,yes: the neutral parent's PubChem name by InChIKey,,11397,C.I. Direct Violet 42,6459-88-7,,,
1506,YNRGPRVHDRHQOB-UHFFFAOYSA-N,Nc1cc(S(=O)(=O)O)cc2cc(S(=O)(=O)O)c(N=Nc3ccc(-c4ccc(N=Nc5c(O)ccc6ccccc56)cc4)cc3)c(O)c12,669.70,70,CHNOS,"S, P or Si",,,1,,yes: the neutral parent's PubChem name by InChIKey,,11330,C.I. Direct Blue 19,6426-68-2,,,
1507,UDSAIICHUKSCKT-UHFFFAOYSA-N,O=S1(=O)OC(c2cc(Br)c(O)c(Br)c2)(c2cc(Br)c(O)c(Br)c2)c2ccccc21,670.00,39,CHOBrS,"S, P or Si",,,1,Bromophenol Blue,,1363,,Bromophenol Blue,115-39-9,phenolic_antioxidants,,
1508,LUIHRDSKVKNQKL-UHFFFAOYSA-N,CCCCCCCCCCCCOP(Oc1ccc(C(C)(C)c2ccc(O)cc2)cc1)Oc1ccc(C(C)(C)c2ccc(O)cc2)cc1,670.90,103,CHOP,"S, P or Si",,,1,"Phosphorous acid, dodecyl bis[4-[1-(4-hydroxyphenyl)-1-methylethyl]phenyl] ester",,10509,,"Phosphorous acid, dodecyl bis[4-[1-(4-hydroxyphenyl)-1-methylethyl]phenyl] ester",60381-07-9,organophosphates,Antioxidants,Organophosphates
1509,RVZRBWKZFJCCIB-UHFFFAOYSA-N,FC(F)(F)C(F)(F)C(F)(F)C(F)(F)N(C(F)(F)C(F)(F)C(F)(F)C(F)(F)F)C(F)(F)C(F)(F)C(F)(F)C(F)(F)F,671.10,40,CNF,halogen,,thermodynamics_pending,1,Perfluorotributylamine,,7182,,Perfluorotributylamine,311-89-7,PFASs,,PFAS
1510,XAQOUXKUARYQQO-UHFFFAOYSA-N,CC(=O)C(N=Nc1ccc(-c2ccc(N=NC(C(C)=O)C(=O)Nc3ccc(C)cc3C)c(Cl)c2)cc1Cl)C(=O)Nc1ccccc1C,671.60,79,CHNOCl,halogen,,thermodynamics_pending,1,"2-[[2-chloro-4-[3-chloro-4-[[1-(2-methylanilino)-1,3-dioxobutan-2-yl]diazenyl]phenyl]phenyl]diazenyl]-N-(2,4-dimethylphenyl)-3-oxobutanamide",,14026,,"2-[[2-chloro-4-[3-chloro-4-[[1-(2-methylanilino)-1,3-dioxobutan-2-yl]diazenyl]phenyl]phenyl]diazenyl]-N-(2,4-dimethylphenyl)-3-oxobutanamide",78952-72-4,,,
1511,QPFQYKGQRDPMLL-UHFFFAOYSA-N,C[Si](C)(O)O[Si](C)(CCC(F)(F)C(F)(F)C(F)(F)C(F)(F)C(F)(F)C(F)(F)C(F)(F)C(F)(F)F)O[Si](C)(C)O,672.60,60,CHOFSi,"S, P or Si",,,1,"3-(3,3,4,4,5,5,6,6,7,7,8,8,9,9,10,10,10-Heptadecafluorodecyl)-1,1,3,5,5-pentamethyltrisiloxane-1,5-diol",,3865,,"3-(3,3,4,4,5,5,6,6,7,7,8,8,9,9,10,10,10-Heptadecafluorodecyl)-1,1,3,5,5-pentamethyltrisiloxane-1,5-diol",165320-75-2,PFASs;silanes_siloxanes_silicones,,Siloxanes and silanes;PFAS
1512,BJIIHAOJBROUGT-UHFFFAOYSA-N,O=C(O)c1cc(N=Nc2ccc(-c3ccc(N=Nc4ccc(N=Nc5ccc(O)cc5)c5cc(S(=O)(=O)O)ccc45)cc3)cc2)ccc1O,672.70,73,CHNOS,"S, P or Si",,,1,,yes: the neutral parent's PubChem name by InChIKey,,14138,"Disodium 2-hydroxy-5-((4'-((4-((4-hydroxyphenyl)azo)-6-sulfo-1-naphthalenyl)azo)(1,1'-biphenyl)-4-yl)azo)benzoate",8003-50-7,,,
1513,GFPPLTJOYVDEIS-UHFFFAOYSA-N,NC(=O)Nc1cc(Nc2nc(N)nc(Cl)n2)ccc1N=Nc1cc2c(S(=O)(=O)O)cc(S(=O)(=O)O)cc2cc1S(=O)(=O)O,674.10,59,CHNOClS,"S, P or Si",,,1,,yes: the neutral parent's PubChem name by InChIKey,,12723,"1,3,6-Naphthalenetrisulfonic acid, 7-[[2-[(aminocarbonyl)amino]-4-[(4-amino-6-chloro-1,3,5-triazin-2-yl)amino]phenyl]azo]-, trisodium salt",70161-14-7,,,
1514,YQEAEYLNUSYYOR-UHFFFAOYSA-N,Cc1cc(-c2ccc(N=Nc3c(N)c(C)cc(N=Nc4ccc(S(=O)(=O)O)cc4)c3N)c(C)c2)ccc1N=Nc1ccc(O)c(C(=O)O)c1,678.70,79,CHNOS,"S, P or Si",,,1,,yes: the neutral parent's PubChem name by InChIKey,,11472,"Benzoic acid, 5-((4'-((2,6-diamino-3-methyl-5-((4-sulfophenyl)azo)phenyl)azo)-3,3'-dimethyl(1,1'-biphenyl)-4-yl)azo)-2-hydroxy-, disodium salt",64743-15-3,,,
1515,NTPFJSYVROWMFR-CLFAGFIQSA-N,CCCCCCCC/C=C\CCCCCCCCOC(=O)CCSCCC(=O)OCCCCCCCC/C=C\CCCCCCCC,679.10,125,CHOS,"S, P or Si",,,1,"Dioleyl 3,3'-thiodipropionate",,3996,,"Dioleyl 3,3'-thiodipropionate",17043-10-6,,Antioxidants,
1516,GJOBSDXUXPWWLI-UHFFFAOYSA-N,Cc1cc(-c2ccc(N=Nc3c(N)ccc4cc(S(=O)(=O)O)ccc34)c(C)c2)ccc1N=Nc1c(N)ccc2cc(S(=O)(=O)O)ccc12,680.80,76,CHNOS,"S, P or Si",,,1,,yes: the neutral parent's PubChem name by InChIKey,,11256,Benzopurpurine B,6406-01-5,,,
1517,PYPYDHUIORYEHW-UHFFFAOYSA-N,Cc1cc(-c2ccc(N=Nc3cc(S(=O)(=O)O)c4ccccc4c3N)c(C)c2)ccc1N=Nc1cc(S(=O)(=O)O)c2ccccc2c1N,680.80,76,CHNOS,"S, P or Si",,,1,,yes: the neutral parent's PubChem name by InChIKey,,16066,C.I. Direct Red 2,992-59-6,azodyes,,Azo dyes
1518,YTAQZOQFZWGRSR-UHFFFAOYSA-N,Cc1cc(-c2ccc(N=Nc3c(N)ccc4cc(S(=O)(=O)O)ccc34)c(C)c2)ccc1N=Nc1cc(S(=O)(=O)O)c2ccccc2c1N,680.80,76,CHNOS,"S, P or Si",,,1,,yes: the neutral parent's PubChem name by InChIKey,,11604,"Disodium 4-amino-3-((4'-((2-amino-6-sulphonatonaphthyl)azo)-3,3'-dimethyl(1,1'-biphenyl)-4-yl)azo)naphthalene-1-sulphonate",6598-56-7,,,
1519,GSAHAZJWNMHSNI-UHFFFAOYSA-N,CCCCCCCCCCCC(=O)OCC(CC)(COC(=O)CCCCCCCCCCC)COC(=O)CCCCCCCCCCC,681.10,128,CHO,CHNO,,failed,1,Trimethylolpropane trilaurate,,5832,,Trimethylolpropane trilaurate,25268-73-9,,,
1520,JIIHLVXSBCEXML-UHFFFAOYSA-N,CCCCCCCCCCCCCCCCCCSCCC1CCCC(SCCCCCCCCCCCCCCCCCC)C1,681.30,134,CHS,"S, P or Si",,,1,1-(Octadecylthio)-3-(2-(octadecylthio)ethyl)cyclohexane,,7179,,1-(Octadecylthio)-3-(2-(octadecylthio)ethyl)cyclohexane,31098-14-3,,,
1521,PBJYUKDUFRLNCF-UHFFFAOYSA-N,CCCCCCCCCCCCCCCCCCSC1CCC(CC)CC1SCCCCCCCCCCCCCCCCCC,681.30,134,CHS,"S, P or Si",,,1,"4-Ethyl-1,2-bis(octadecylsulfanyl)cyclohexane",,8008,,"4-Ethyl-1,2-bis(octadecylsulfanyl)cyclohexane",37625-75-5,,,
1522,XVNZQBSRKFXKSM-UHFFFAOYSA-N,C[Si](C)(C)O[Si](C)(C)O[Si](C)(C)O[Si](C)(C)O[Si](C)(C)O[Si](C)(C)O[Si](C)(C)O[Si](C)(C)O[Si](C)(C)C,681.50,97,CHOSi,"S, P or Si",,,1,Eicosamethylnonasiloxane,,6245,,Eicosamethylnonasiloxane,2652-13-3,silanes_siloxanes_silicones,,Siloxanes and silanes
1523,JZLADYAUHHNOQP-UHFFFAOYSA-N,Cc1cc(-c2ccc(N=Nc3cc(S(=O)(=O)O)c4ccccc4c3O)c(C)c2)ccc1N=Nc1cc(S(=O)(=O)O)c2ccccc2c1N,681.80,75,CHNOS,"S, P or Si",,,1,,yes: the neutral parent's PubChem name by InChIKey,,11419,C.I. Direct Violet 21,6470-45-7,,,
1524,FNDUEIJXHJVNEI-UHFFFAOYSA-N,Cc1cccc(-c2ccc(N=Nc3cc(N=Nc4cc(S(=O)(=O)O)c5ccccc5c4O)c(O)c4cccc(S(=O)(=O)O)c34)c(C)c2)c1,682.70,74,CHNOS,"S, P or Si",,,1,,yes: the neutral parent's PubChem name by InChIKey,,11304,"1-Naphthalenesulfonic acid, 4-hydroxy-3-((4'-((1-hydroxy-5-sulfo-2-naphthalenyl)azo)-3,3'-dimethyl(1,1'-biphenyl)-4-yl)azo)-, disodium salt",6420-06-0,,,
1525,PWWSSIYVTQUJQQ-UHFFFAOYSA-N,CCCCCCCCCCCCCCCCCCOC(=O)CCSCCC(=O)OCCCCCCCCCCCCCCCCCC,683.20,129,CHOS,"S, P or Si",,,1,Distearyl thiodipropionate,,12625,,Distearyl thiodipropionate,693-36-7,,Antioxidants,
1526,MPTZYMIJXLJHHT-UHFFFAOYSA-N,Nc1ccc2cc(S(=O)(=O)O)cc(O)c2c1N=Nc1ccc(-c2ccc(N=Nc3c(N)ccc4cc(S(=O)(=O)O)cc(O)c34)cc2)cc1,684.70,72,CHNOS,"S, P or Si",,,1,,yes: the neutral parent's PubChem name by InChIKey,,6029,Chlorazol Violet N,2586-60-9,,,
1527,NQIZGXPCLFZQSD-UHFFFAOYSA-N,Nc1ccc2c(O)c(N=Nc3ccc(-c4ccc(N=Nc5c(N)ccc6cc(S(=O)(=O)O)cc(O)c56)cc4)cc3)c(S(=O)(=O)O)cc2c1,684.70,72,CHNOS,"S, P or Si",,,1,,yes: the neutral parent's PubChem name by InChIKey,,11425,C.I. Direct Violet 4,6472-95-3,,,
1528,QAKXRULOCWWMQS-UHFFFAOYSA-N,Nc1ccc2c(O)c(N=Nc3ccc(-c4ccc(N=Nc5c(S(=O)(=O)O)cc6cc(N)ccc6c5O)cc4)cc3)c(S(=O)(=O)O)cc2c1,684.70,72,CHNOS,"S, P or Si",,,1,,yes: the neutral parent's PubChem name by InChIKey,,5405,"2-Naphthalenesulfonic acid, 3,3'-((1,1'-biphenyl)-4,4'-diylbis(azo))bis(7-amino-4-hydroxy-, disodium salt",2429-75-6,,,
1529,TZZQEZXVMNEFRX-UHFFFAOYSA-N,Nc1ccc2cc(S(=O)(=O)O)c(N=Nc3ccc(-c4ccc(N=Nc5c(S(=O)(=O)O)cc6ccc(N)cc6c5O)cc4)cc3)c(O)c2c1,684.70,72,CHNOS,"S, P or Si",,,1,,yes: the neutral parent's PubChem name by InChIKey,,7808,"2-Naphthalenesulfonic acid, 3,3'-((1,1'-biphenyl)-4,4'-diylbis(azo))bis(6-amino-4-hydroxy-, disodium salt",3626-23-1,,,
1530,ZDPLQOJMGTWYIR-UHFFFAOYSA-N,CC1=NN(c2ccccc2)C(=O)C1N=Nc1ccc(-c2ccc(N=Nc3c(O)ccc4ccccc34)cc2S(=O)(=O)O)c(S(=O)(=O)O)c1,684.70,72,CHNOS,"S, P or Si",,,1,,yes: the neutral parent's PubChem name by InChIKey,,11416,Acid Orange 56,6470-20-8,azodyes,,Azo dyes
1531,IAFBRPFISOTXSO-UHFFFAOYSA-N,CC(=O)C(N=Nc1ccc(-c2ccc(N=NC(C(C)=O)C(=O)Nc3ccc(C)cc3C)c(Cl)c2)cc1Cl)C(=O)Nc1ccc(C)cc1C,685.60,82,CHNOCl,halogen,,running,1,Diarylide Yellow,,9155,,Diarylide Yellow,5102-83-0,,,
1532,GIZXWRIHDUUGEV-UHFFFAOYSA-N,Nc1cc(N)c(N=Nc2ccc(S(=O)(=O)O)c3ccccc23)cc1N=Nc1ccc(-c2ccc(N=Nc3ccc(O)c(C(=O)O)c3)cc2)cc1,686.70,76,CHNOS,"S, P or Si",,,1,,yes: the neutral parent's PubChem name by InChIKey,,11509,C.I. Direct Brown 61,6505-33-5,,,
1533,YOLFSLXHLNWPKG-UHFFFAOYSA-N,Cc1cccc(C)c1OP(=O)(Oc1cccc(OP(=O)(Oc2c(C)cccc2C)Oc2c(C)cccc2C)c1)Oc1c(C)cccc1C,686.70,88,CHOP,"S, P or Si",,,1,"Phosphoric acid, P,P'-1,3-phenylene P,P,P',P'-tetrakis(2,6-dimethylphenyl) ester",,2880,,"Phosphoric acid, P,P'-1,3-phenylene P,P,P',P'-tetrakis(2,6-dimethylphenyl) ester",139189-30-3,organophosphates,,Organophosphates
1534,JWRKFFQQNVQJLW-UHFFFAOYSA-N,O=S(=O)(O)c1cccc2c(N=Nc3ccc(N=Nc4ccc(Nc5ccccc5)c5c(S(=O)(=O)O)cccc45)c4ccccc34)cccc12,687.80,74,CHNOS,"S, P or Si",,,1,,yes: the neutral parent's PubChem name by InChIKey,,7109,Acid Black 24,3071-73-6,azodyes,,Azo dyes
1535,NMPIFMYZEIQYPQ-UHFFFAOYSA-N,O=C(O)c1cc(N=Nc2ccc(-c3ccc(N=Nc4ccc(O)c(N=Nc5ccc(S(=O)(=O)O)c6ccccc56)c4O)cc3)cc2)ccc1O,688.70,74,CHNOS,"S, P or Si",,,1,,yes: the neutral parent's PubChem name by InChIKey,,11366,C.I. Direct Brown 21,6442-05-3,,,
1536,MGMXGCZJYUCMGY-UHFFFAOYSA-N,CCCCCCCCCc1ccc(OP(Oc2ccc(CCCCCCCCC)cc2)Oc2ccc(CCCCCCCCC)cc2)cc1,689.00,118,CHOP,"S, P or Si",,,1,Tris(4-nonylphenyl) phosphite,,7048,,Tris(4-nonylphenyl) phosphite,3050-88-2,organophosphates,Antioxidants,Organophosphates
1537,WGKLOLBTFWFKOD-UHFFFAOYSA-N,CCCCCCCCCc1ccccc1OP(Oc1ccccc1CCCCCCCCC)Oc1ccccc1CCCCCCCCC,689.00,118,CHOP,"S, P or Si",,,1,Tris(nonylphenyl) phosphite,,6247,,Tris(nonylphenyl) phosphite,26523-78-4,organophosphates,Antioxidants,Organophosphates
1538,BQPNUOYXSVUVMY-UHFFFAOYSA-N,CC(C)(c1ccc(OP(=O)(Oc2ccccc2)Oc2ccccc2)cc1)c1ccc(OP(=O)(Oc2ccccc2)Oc2ccccc2)cc1,692.60,83,CHOP,"S, P or Si",,,1,Bisphenol A bis(diphenyl phosphate),,10390,,Bisphenol A bis(diphenyl phosphate),5945-33-5,organophosphates,,Organophosphates
1539,ZEQKDWDRONOMOT-ZPGRZCPFSA-N,ClP1(Cl)=NP(Cl)(Cl)=N[P@](Cl)(Nc2ccc3c(c2)OCCO3)=N[P@@](Cl)(Nc2ccc3c(c2)OCCO3)=N1,693.00,52,CHNOClP,"S, P or Si",,,1,Tetramer,,2504,,Tetramer,133294-82-3,,,
1540,ZEUAKOUTLQUQDN-UHFFFAOYSA-N,S=C(SSCCCCCCSSC(=S)N(Cc1ccccc1)Cc1ccccc1)N(Cc1ccccc1)Cc1ccccc1,693.10,84,CHNS,"S, P or Si",,,1,"1,6-Bis((dibenzylthiocarbamoyl)disulfanyl)hexane",,3389,,"1,6-Bis((dibenzylthiocarbamoyl)disulfanyl)hexane",151900-44-6,,,
1541,JGHYLRKFEBSKQG-UHFFFAOYSA-N,NC(=O)Nc1cc(Nc2nc(Cl)nc(Cl)n2)ccc1N=Nc1cc2c(S(=O)(=O)O)cc(S(=O)(=O)O)cc2cc1S(=O)(=O)O,693.50,57,CHNOClS,"S, P or Si",,,1,,yes: the neutral parent's PubChem name by InChIKey,,10101,Reactive Orange 86,57359-00-9,,,
1542,RNFJDJUURJAICM-UHFFFAOYSA-N,c1ccc(OP2(Oc3ccccc3)=NP(Oc3ccccc3)(Oc3ccccc3)=NP(Oc3ccccc3)(Oc3ccccc3)=N2)cc1,693.60,78,CHNOP,"S, P or Si",,,1,Hexaphenoxycyclotriphosphazene,,1474,,Hexaphenoxycyclotriphosphazene,1184-10-7,organophosphates,,Organophosphates
1543,ZEHOVWPIGREOPO-UHFFFAOYSA-N,O=C1c2c(Cl)c(Cl)c(Cl)c(Cl)c2C(=O)C1c1ccc2cccc(N3C(=O)c4c(Cl)c(Cl)c(Cl)c(Cl)c4C3=O)c2n1,694.00,46,CHNOCl,halogen,,thermodynamics_pending,1,"3,4,5,6-Tetrachloro-N-[2-(4,5,6,7-tetrachloro-2,3-dihydro-1,3-dioxo-1H-inden-2-yl)-8-quinolyl]phthalimide",,6982,,"3,4,5,6-Tetrachloro-N-[2-(4,5,6,7-tetrachloro-2,3-dihydro-1,3-dioxo-1H-inden-2-yl)-8-quinolyl]phthalimide",30125-47-4,,,
1544,TZOCNIUPCRBERM-UHFFFAOYSA-N,FC(F)(F)C(F)(F)C(F)(F)C(F)(F)C(F)(F)C(F)(F)C(F)(F)C(F)(F)C(F)(F)C(F)(F)C(F)(F)I,696.00,35,CFI,halogen,,thermodynamics_pending,1,Tricosafluoroundecyl iodide,,7104,,Tricosafluoroundecyl iodide,307-50-6,PFASs,,PFAS
1545,ORZCZCGENZIZPQ-UHFFFAOYSA-N,Cc1cc(N=Nc2ccc(C=Cc3ccc(N=Nc4c(C)cc(O)cc4C(=O)O)cc3S(=O)(=O)O)c(S(=O)(=O)O)c2)cc(C(=O)O)c1O,696.70,72,CHNOS,"S, P or Si",,,1,,yes: the neutral parent's PubChem name by InChIKey,,9537,"Benzoic acid, 3,3'-(1,2-ethenediylbis((3-sulfo-4,1-phenylene)azo))bis(6-hydroxy-5-methyl-, tetralithium salt",53523-90-3,azodyes,,Azo dyes
1546,FVWKLGOINOMUFC-UHFFFAOYSA-N,CCCCCCCCCc1ccccc1OCCOCCOCCOCCOCCOCCOCCOCCOCCOP(=O)(O)O,696.80,108,CHOP,"S, P or Si",,,1,[Nonylphenol nona(oxyethylene)] dihydrogen phosphate,,11654,,[Nonylphenol nona(oxyethylene)] dihydrogen phosphate,66197-78-2,organophosphates,,Organophosphates
1547,IBKKMFMBXQARGV-UHFFFAOYSA-N,CCCCCCCCC(=O)OCC(COC(=O)CCCCCCCC)(COC(=O)CCCCCCCC)COC(=O)CCCCCCCC,697.10,125,CHO,CHNO,,failed,1,"Nonanoic acid, 2,2-bis[[(1-oxononyl)oxy]methyl]-1,3-propanediyl ester",,3133,,"Nonanoic acid, 2,2-bis[[(1-oxononyl)oxy]methyl]-1,3-propanediyl ester",14450-05-6,,,
1548,PPKAGMLCLQWXJX-UHFFFAOYSA-N,CC(C)CCCCCC(=O)OCC(COC(=O)CCCCCC(C)C)(COC(=O)CCCCCC(C)C)COC(=O)CCCCCC(C)C,697.10,125,CHO,CHNO,,failed,1,Pentaerythrityl tetraisononanoate,,15624,,Pentaerythrityl tetraisononanoate,93803-89-5,,,
1549,YWJGNYMMXDJUCM-UHFFFAOYSA-N,CCCCCCCCCCCCCCCCCCCCCCCCCCCCCCCCCCCCCCOC(=O)C(F)(F)C(F)(F)F,697.10,125,CHOF,halogen,,running,1,Octatriacontyl pentafluoropropionate,,17204,,Octatriacontyl pentafluoropropionate,,,,
1550,IMQYZLJIDNYQLX-UHFFFAOYSA-N,CCCCCCCCCCCCCCCCCCOC(=O)CC(O)(CC(=O)OCCCCCCCCCCCCCCCCCC)C(=O)O,697.10,129,CHO,CHNO,,,1,,yes: the neutral parent's PubChem name by InChIKey,,6884,2-Hydroxy-4-octadecoxy-2-(2-octadecoxy-2-oxoethyl)-4-oxobutanoate,29589-99-9,,,
1551,PQYJRMFWJJONBO-UHFFFAOYSA-N,O=P(OCC(Br)CBr)(OCC(Br)CBr)OCC(Br)CBr,697.60,35,CHOBrP,"S, P or Si",,,1,"Tris(2,3-dibromopropyl) phosphate",,2057,,"Tris(2,3-dibromopropyl) phosphate",126-72-7,,,
1552,HUCQGVZBBHHYNU-UHFFFAOYSA-N,Cc1cc(-c2ccc(N=Nc3c(S(=O)(=O)O)cc4cc(N)ccc4c3O)c(C)c2)ccc1N=Nc1cc(S(=O)(=O)O)c2ccccc2c1O,697.80,76,CHNOS,"S, P or Si",,,1,,yes: the neutral parent's PubChem name by InChIKey,,5402,Oxamine Blue 4R,2429-72-3,,,
1553,PCTIVQXSOQMKQD-UHFFFAOYSA-N,O=C(O)c1cc(N=Nc2ccc(-c3ccc(N=Nc4c(O)ccc(N=Nc5cc(S(=O)(=O)O)cc(C(=O)O)c5O)c4O)cc3)cc2)ccc1O,698.60,72,CHNOS,"S, P or Si",,,1,,yes: the neutral parent's PubChem name by InChIKey,,12078,"C.I. Direct Brown 173, trisodium salt",6826-64-8,,,
1554,QHBNXTANSXXLEE-UHFFFAOYSA-N,Cc1cc(S(=O)(=O)O)c(N)c(N=Nc2ccc(-c3ccc(N=Nc4cc(N=Nc5ccc(S(=O)(=O)O)cc5)c(N)cc4N)cc3)cc2)c1N,700.80,77,CHNOS,"S, P or Si",yes,,1,,yes: the neutral parent's PubChem name by InChIKey,,12114,C.I. Direct Brown 7,6837-86-1,,,
1555,HCAQPAMZCORZDE-UHFFFAOYSA-N,Cc1cc(C(C)(C)C)c(O)c(C2(c3cc(C)cc(C4(c5cc(C)cc(C(C)(C)C)c5O)CCC5C6CCC(C6)C54)c3O)CCC3C4CCC(C4)C32)c1,701.00,116,CHO,CHNO,yes,,1,"Phenol, 2,6-bis((3-(1,1-dimethylethyl)-2-hydroxy-5-methylphenyl)octahydro-4,7-methano-1H-indenyl)-4-methyl-",,7292,,"Phenol, 2,6-bis((3-(1,1-dimethylethyl)-2-hydroxy-5-methylphenyl)octahydro-4,7-methano-1H-indenyl)-4-methyl-",31851-03-3,,Antioxidants,
1556,NKHVPWOARFMIPG-UHFFFAOYSA-N,O=P(O)(C(F)(F)C(F)(F)C(F)(F)C(F)(F)C(F)(F)C(F)(F)F)C(F)(F)C(F)(F)C(F)(F)C(F)(F)C(F)(F)C(F)(F)F,702.10,42,CHOFP,"S, P or Si",yes,,1,Bis(tridecafluorohexyl)phosphinic acid,,8244,,Bis(tridecafluorohexyl)phosphinic acid,40143-77-9,PFASs;organophosphates,,Organophosphates;PFAS
1557,VSNGRWKEPXWVJU-UHFFFAOYSA-N,O=S(=O)(O)c1cc2cc(Nc3nc(F)nc(F)c3Cl)ccc2c(O)c1N=Nc1ccc2c(S(=O)(=O)O)cccc2c1S(=O)(=O)O,702.10,59,CHNOFClS,"S, P or Si",yes,,1,,yes: the neutral parent's PubChem name by InChIKey,,14424,"2-((6-((5-Chloro-2,6-difluoro-4-pyrimidinyl)amino)-1-hydroxy-3-sulpho-2-naphthyl)azo)naphthalene-1,5-disulphonic acid, sodium salt",83763-57-9,,,
1558,IVYHYBGYMRTTOP-UHFFFAOYSA-N,Nc1ccc(N=Nc2ccc3c(S(=O)(=O)O)cc(N=Nc4ccc(-c5ccc(N=Nc6ccc(O)c(C(=O)O)c6)cc5)cc4)c(N)c3c2O)cc1,702.70,77,CHNOS,"S, P or Si",yes,,1,,yes: the neutral parent's PubChem name by InChIKey,,11186,C.I. Direct Green 39,6360-57-2,,,
1559,JUYFCILENJXBKA-UHFFFAOYSA-N,COc1ccc(C(=O)Nc2cccc(C(F)(F)F)c2)cc1N=Nc1c(O)c(C(=O)Nc2ccc(NC(=O)c3ccccc3)cc2)cc2ccccc12,703.70,80,CHNOF,halogen,yes,,1,N-[4-(benzoylamino)phenyl]-3-hydroxy-4-[[2-methoxy-5-[[[3-(trifluoromethyl)phenyl]amino]carbonyl]phenyl]azo]naphthalene-2-carboxamide,,4866,,N-[4-(benzoylamino)phenyl]-3-hydroxy-4-[[2-methoxy-5-[[[3-(trifluoromethyl)phenyl]amino]carbonyl]phenyl]azo]naphthalene-2-carboxamide,20981-12-8,PFASs,,PFAS
1560,IWFAGJMZYCEETM-UHFFFAOYSA-N,Cc1ccc(S(=O)(=O)Nc2cc(S(=O)(=O)O)cc3cc(S(=O)(=O)O)c(N=Nc4cc(Cl)ccc4Oc4ccccc4)c(O)c23)cc1,704.20,68,CHNOClS,"S, P or Si",yes,,1,,yes: the neutral parent's PubChem name by InChIKey,,11287,"Disodium 3-[(5-chloro-2-phenoxyphenyl)azo]-4-hydroxy-5-[[(p-tolyl)sulphonyl]amino]naphthalene-2,7-disulphonate",6416-66-6,,,
1561,UUEDINPOVKWVAZ-UHFFFAOYSA-N,CCCCC(CC)COC(=O)c1c(Br)c(Br)c(Br)c(Br)c1C(=O)OCC(CC)CCCC,706.10,66,CHOBr,halogen,yes,,1,Bis(2-ethylhexyl) tetrabromophthalate,,6087,,Bis(2-ethylhexyl) tetrabromophthalate,26040-51-7,,,
1562,JXWDAVSERCQYSS-UHFFFAOYSA-N,Brc1cc(-c2cc(Br)c(Br)c(Br)c2Br)cc(Br)c1Br,706.50,22,CHBr,halogen,yes,,1,"2,3,3',4,4',5,5'-Heptabromobiphenyl",,14908,,"2,3,3',4,4',5,5'-Heptabromobiphenyl",88700-06-5,,,
1563,RPGHQOFAFNAVNA-UHFFFAOYSA-N,Brc1cc(Br)c(-c2cc(Br)c(Br)c(Br)c2Br)cc1Br,706.50,22,CHBr,halogen,yes,,1,"2,2',3,4,4',5,5'-Heptabromobiphenyl",,11801,,"2,2',3,4,4',5,5'-Heptabromobiphenyl",67733-52-2,,,
1564,SMVYDWVPKUOWAJ-UHFFFAOYSA-N,Brc1cccc(-c2c(Br)c(Br)c(Br)c(Br)c2Br)c1Br,706.50,22,CHBr,halogen,yes,,1,"2,2',3,3',4,5,6-Heptabromobiphenyl",,7699,,"2,2',3,3',4,5,6-Heptabromobiphenyl",35194-78-6,,,
1565,NFAVIZJKOVSCKV-UHFFFAOYSA-N,O=C=Nc1ccc(Cc2ccc(N=C3N(c4ccc(Cc5ccc(N=C=O)cc5)cc4)C(=O)N3c3ccc(Cc4ccc(N=C=O)cc4)cc3)cc2)cc1,706.80,84,CHNO,CHNO,yes,,1,"1,3-Diazetidin-2-one, 1,3-bis(4-((4-isocyanatophenyl)methyl)phenyl)-4-((4-((4-isocyanatophenyl)methyl)phenyl)imino)-",,7183,,"1,3-Diazetidin-2-one, 1,3-bis(4-((4-isocyanatophenyl)methyl)phenyl)-4-((4-((4-isocyanatophenyl)methyl)phenyl)imino)-",31107-36-5,,,
1566,HHHVICDYYBLIAG-UHFFFAOYSA-N,C=C(Br)C(=O)Nc1ccc(N=Nc2c(N)ccc3cc(S(=O)(=O)O)ccc23)c(S(=O)(=O)c2ccc(C)c(S(=O)(=O)O)c2)c1,709.60,64,CHNOBrS,"S, P or Si",yes,,1,,yes: the neutral parent's PubChem name by InChIKey,,14621,Lanasol Red 6G,85187-33-3,,,
1567,XWLUOSGZFMLRHF-UHFFFAOYSA-N,CC(C)C1C=C2CCC3C(C)(COC(=O)c4ccccc4C(=O)OCC4(C)CCCC5(C)C6CCC(C(C)C)C=C6CCC45)CCCC3(C)C2CC1,711.10,122,CHO,CHNO,yes,,1,Dihydroabietyl phthalate,,6332,,Dihydroabietyl phthalate,26760-71-4,,Phthalates,
1568,AJXJXJFNFUNEKT-UHFFFAOYSA-N,Clc1c(Cl)c(Cl)c(-c2c(Cl)c(Cl)c(Cl)c(Cl)c2-c2c(Cl)c(Cl)c(Cl)c(Cl)c2Cl)c(Cl)c1Cl,712.50,32,CCl,halogen,yes,,1,"1,1':2',1''-Terphenyl, 2,2'',3,3',3'',4,4',4'',5,5',5'',6,6',6''-tetradecachloro-",,8480,,"1,1':2',1''-Terphenyl, 2,2'',3,3',3'',4,4',4'',5,5',5'',6,6',6''-tetradecachloro-",42429-88-9,,,
1569,XKNUVBQTZXGYHL-UHFFFAOYSA-N,O=C(Nc1ccc2c(O)c(N=Nc3ccccc3)c(S(=O)(=O)O)cc2c1)Nc1ccc2c(O)c(N=Nc3ccccc3)c(S(=O)(=O)O)cc2c1,712.70,74,CHNOS,"S, P or Si",yes,,1,,yes: the neutral parent's PubChem name by InChIKey,,7811,Direct Orange S,3626-36-6,azodyes,,Azo dyes
1570,DZXPRYUVRGUYGO-UHFFFAOYSA-N,COc1cc(-c2ccc(N=Nc3cc(S(=O)(=O)O)c4ccccc4c3N)c(OC)c2)ccc1N=Nc1cc(S(=O)(=O)O)c2ccccc2c1N,712.80,78,CHNOS,"S, P or Si",yes,,1,,yes: the neutral parent's PubChem name by InChIKey,,6729,Benzopurpurin 10B,2868-75-9,,,
1571,VPTNFOBUFBZZFO-UHFFFAOYSA-N,COc1cc(-c2ccc(N=Nc3cc(S(=O)(=O)O)c4ccccc4c3O)c(OC)c2)ccc1N=Nc1cc(S(=O)(=O)O)c2ccccc2c1N,713.80,77,CHNOS,"S, P or Si",yes,,1,,yes: the neutral parent's PubChem name by InChIKey,,11342,C.I. Direct violet 32,6428-94-0,,,
1572,HHIMHPSTBORQAB-UHFFFAOYSA-N,COc1cc(-c2ccc(N=Nc3cc(S(=O)(=O)O)c4ccccc4c3O)c(OC)c2)ccc1N=Nc1cc(S(=O)(=O)O)c2ccccc2c1O,714.70,76,CHNOS,"S, P or Si",yes,,1,,yes: the neutral parent's PubChem name by InChIKey,,5401,C.I. Direct blue 8,2429-71-2,azodyes,,Azo dyes
1573,WBBRXOTXXGMTND-UHFFFAOYSA-N,CC1=NN(c2ccccc2)C(=O)C1N=Nc1ccc(-c2ccc(N=NC3C(=O)N(c4ccccc4)N=C3C)cc2S(=O)(=O)O)c(S(=O)(=O)O)c1,714.70,76,CHNOS,"S, P or Si",yes,,1,,yes: the neutral parent's PubChem name by InChIKey,,11212,Acid yellow 42,6375-55-9,,,
1574,XBOVMYYXPJSURC-UHFFFAOYSA-N,CN(c1ccc2c(O)c(N=Nc3ccc4c(S(=O)(=O)O)cccc4c3S(=O)(=O)O)c(S(=O)(=O)O)cc2c1)c1nc(Cl)nc(Cl)n1,715.50,61,CHNOClS,"S, P or Si",yes,,1,,yes: the neutral parent's PubChem name by InChIKey,,12789,C.I. Reactive Orange 4,70616-90-9,,,
1575,JNIJCZYECFEPRX-UHFFFAOYSA-N,Nc1cc(N)c(N=Nc2ccc(S(=O)(=O)O)cc2S(=O)(=O)O)cc1N=Nc1ccc(-c2ccc(N=Nc3ccc(O)c(C(=O)O)c3)cc2)cc1,716.70,74,CHNOS,"S, P or Si",yes,,1,,yes: the neutral parent's PubChem name by InChIKey,,11481,C.I. Direct Brown 79,6483-77-8,,,
1576,AUTINFVSBXCWKB-UHFFFAOYSA-N,O=C(O)c1cc(N=Nc2ccc(-c3ccc(N=Nc4ccc(N=Nc5ccc(O)c(C(=O)O)c5)c5cc(S(=O)(=O)O)ccc45)cc3)cc2)ccc1O,716.70,76,CHNOS,"S, P or Si",yes,,1,,yes: the neutral parent's PubChem name by InChIKey,,7810,"C.I. Direct Brown 101, trisodium salt",3626-29-7,,,
1577,BZKXDIAAIOXKAH-UHFFFAOYSA-N,COC(=O)c1ccc(C(=O)OC)c(N=NC(C(C)=O)C(=O)Nc2ccc(NC(=O)C(N=Nc3cc(C(=O)OC)ccc3C(=O)OC)C(C)=O)cc2)c1,716.70,84,CHNO,CHNO,yes,,1,"Tetramethyl 2,2'-[1,4-phenylenebis[imino(1-acetyl-2-oxoethane-1,2-diyl)azo]]bisterephthalate",,12278,,"Tetramethyl 2,2'-[1,4-phenylenebis[imino(1-acetyl-2-oxoethane-1,2-diyl)azo]]bisterephthalate",68516-73-4,,,
1578,SHDUFLICMXOBPA-UHFFFAOYSA-N,CC(C)(C)c1cc(C(C)(C)C)c(OP2OCC3(CO2)COP(Oc2c(C(C)(C)C)cc(C(C)(C)C)cc2C(C)(C)C)OC3)c(C(C)(C)C)c1,716.90,115,CHOP,"S, P or Si",yes,,1,"2,4,8,10-Tetraoxa-3,9-diphosphaspiro(5.5)undecane, 3,9-bis(2,4,6-tris(1,1-dimethylethyl)phenoxy)-",,2084,,"2,4,8,10-Tetraoxa-3,9-diphosphaspiro(5.5)undecane, 3,9-bis(2,4,6-tris(1,1-dimethylethyl)phenoxy)-",126505-35-9,organophosphates,Antioxidants,Organophosphates
1579,LNBRYDZEIVHGHO-UHFFFAOYSA-N,CCOc1ccc(NC(=O)C(N=Nc2ccc(-c3ccc(N=NC(C(C)=O)C(=O)Nc4ccc(OCC)cc4)c(Cl)c3)cc2Cl)C(C)=O)cc1,717.60,84,CHNOCl,halogen,yes,,1,"2,2'-((3,3'-Dichloro(1,1'-biphenyl)-4,4'-diyl)bis(azo))bis(N-(4-ethoxyphenyl)-3-oxobutyramide)",,7272,,"2,2'-((3,3'-Dichloro(1,1'-biphenyl)-4,4'-diyl)bis(azo))bis(N-(4-ethoxyphenyl)-3-oxobutyramide)",31775-20-9,,,
1580,JISOUFWSRUCDMJ-UHFFFAOYSA-N,Brc1cc2c(oc3c(Br)c(Br)c(Br)c(Br)c32)c(Br)c1Br,720.50,21,CHOBr,halogen,yes,,2,"1,2,3,4,6,7,8-Heptabromodibenzofuran",,826;11057,,"1,2,3,4,6,7,8-Heptabromodibenzofuran | 1,2,3,4,6,7,8-Heptabromodibenzofuran",107555-95-3;62994-32-5,PBDD_PBDF_PCDD_PCDF,,
1581,RFUPGXOBNPMYIM-UHFFFAOYSA-N,Brc1cc2oc3c(Br)c(Br)c(Br)c(Br)c3c2c(Br)c1Br,720.50,21,CHOBr,halogen,yes,,1,"1,2,3,4,7,8,9-Heptabromodibenzofuran",,3735,,"1,2,3,4,7,8,9-Heptabromodibenzofuran",161880-51-9,PBDD_PBDF_PCDD_PCDF,,
1582,XMWRBQBLMFGWIX-UHFFFAOYSA-N,c12c3c4c5c1c1c6c7c2c2c8c3c3c9c4c4c%10c5c5c1c1c6c6c%11c7c2c2c7c8c3c3c8c9c4c4c9c%10c5c5c1c1c6c6c%11c2c2c7c3c3c8c4c4c9c5c1c1c6c2c3c41,720.70,60,C,CHNO,yes,,1,Buckminsterfullerene,,16090,,Buckminsterfullerene,99685-96-8,alkenes,,
1583,YJZABUDYNSQPMV-UHFFFAOYSA-N,Nc1c(N=Nc2ccc(-c3ccc(N=Nc4cc(S(=O)(=O)O)c5ccccc5c4N)c(Cl)c3)cc2Cl)cc(S(=O)(=O)O)c2ccccc12,721.60,70,CHNOClS,"S, P or Si",yes,,1,,yes: the neutral parent's PubChem name by InChIKey,,11418,"Disodium 3,3'-((3,3'-dichloro(1,1'-biphenyl)-4,4'-diyl)bis(azo))bis(4-aminonaphthalene-1-sulphonate)",6470-31-1,,,
1584,SKMNWICOBCDSSQ-UHFFFAOYSA-N,CC(C)(C)c1cc(CCC(=O)OCCN2C(C)(C)CC(OC(=O)CCc3cc(C(C)(C)C)c(O)c(C(C)(C)C)c3)CC2(C)C)cc(C(C)(C)C)c1O,722.10,123,CHNO,CHNO,yes,,1,"Benzenepropanoic acid, 3,5-bis(1,1-dimethylethyl)-4-hydroxy-, 1-(2-(3-(3,5-bis(1,1-dimethylethyl)-4-hydroxyphenyl)-1-oxopropoxy)ethyl)-2,2,6,6-tetramethyl-4-piperidinyl ester",,13206,,"Benzenepropanoic acid, 3,5-bis(1,1-dimethylethyl)-4-hydroxy-, 1-(2-(3-(3,5-bis(1,1-dimethylethyl)-4-hydroxyphenyl)-1-oxopropoxy)ethyl)-2,2,6,6-tetramethyl-4-piperidinyl ester",73754-27-5,,Antioxidants;UV stabilizers,
1585,ABLZOLAUBUSUHT-UHFFFAOYSA-N,Brc1cc(Br)cc(Oc2c(Br)c(Br)c(Br)c(Br)c2Br)c1,722.50,23,CHOBr,halogen,yes,,1,"2,3,3',4,5,5',6-Heptabromodiphenyl ether",,8300,,"2,3,3',4,5,5',6-Heptabromodiphenyl ether",407578-53-4,,,
1586,AUFJSWANTKXCFZ-UHFFFAOYSA-N,Brc1cc(Oc2c(Br)c(Br)cc(Br)c2Br)cc(Br)c1Br,722.50,23,CHOBr,halogen,yes,,1,"2,3,3',4',5,5',6-Heptabromodiphenyl ether",,8720,,"2,3,3',4',5,5',6-Heptabromodiphenyl ether",446255-34-1,,,
1587,BNBFKFHSIPERIM-UHFFFAOYSA-N,Brc1cc(Oc2c(Br)cc(Br)c(Br)c2Br)cc(Br)c1Br,722.50,23,CHOBr,halogen,yes,,1,"2,3,3',4,4',5',6-Heptabromodiphenyl ether",,8719,,"2,3,3',4,4',5',6-Heptabromodiphenyl ether",446255-30-7,,,
1588,COVXWWKOLMNRQE-UHFFFAOYSA-N,Brc1ccc(Br)c(Oc2c(Br)c(Br)cc(Br)c2Br)c1Br,722.50,23,CHOBr,halogen,yes,,1,"2,2',3,3',5,6,6'-Heptabromodiphenyl ether",,8715,,"2,2',3,3',5,6,6'-Heptabromodiphenyl ether",446255-25-0,,,
1589,CQVLRTUESBMMJW-UHFFFAOYSA-N,Brc1cc(Oc2cc(Br)c(Br)c(Br)c2Br)cc(Br)c1Br,722.50,23,CHOBr,halogen,yes,,1,"2,3,3',4,4',5,5'-Heptabromodiphenyl ether",,6038,,"2,3,3',4,4',5,5'-Heptabromodiphenyl ether",259087-35-9,,,
1590,DLPNCMQTNWLTHD-UHFFFAOYSA-N,Brc1ccc(Oc2cc(Br)c(Br)c(Br)c2Br)c(Br)c1Br,722.50,23,CHOBr,halogen,yes,,1,"2,2',3,3',4,4',5-Heptabromodiphenyl ether",,7402,,"2,2',3,3',4,4',5-Heptabromodiphenyl ether",327185-13-7,,,
1591,DSRRSKFMOJQETR-UHFFFAOYSA-N,Brc1cc(Br)c(Br)c(Oc2cc(Br)c(Br)c(Br)c2Br)c1,722.50,23,CHOBr,halogen,yes,,1,"2,2',3,3',4,5,5'-Heptabromodiphenyl ether",,8305,,"2,2',3,3',4,5,5'-Heptabromodiphenyl ether",407606-59-1,,,
1592,FRMMMROUUPQUMZ-UHFFFAOYSA-N,Brc1ccc(Oc2c(Br)cc(Br)c(Br)c2Br)c(Br)c1Br,722.50,23,CHOBr,halogen,yes,,1,"2,2',3,3',4,4',6-Heptabromodiphenyl ether",,8710,,"2,2',3,3',4,4',6-Heptabromodiphenyl ether",446255-19-2,,,
1593,GVNRIAPLVGNZPL-UHFFFAOYSA-N,Brc1ccc(Oc2c(Br)c(Br)c(Br)c(Br)c2Br)c(Br)c1,722.50,23,CHOBr,halogen,yes,,1,"2,2',3,4,4',5,6-Heptabromodiphenyl ether",,4459,,"2,2',3,4,4',5,6-Heptabromodiphenyl ether",189084-67-1,,,
1594,ILPSCQCLBHQUEM-UHFFFAOYSA-N,Brc1cc(Br)c(Oc2c(Br)cc(Br)c(Br)c2Br)cc1Br,722.50,23,CHOBr,halogen,yes,,1,"2,2',3,4,4',5',6-Heptabromodiphenyl ether",,4808,,"2,2',3,4,4',5',6-Heptabromodiphenyl ether",207122-16-5,,,
1595,JHDCZVAQPRXHEL-UHFFFAOYSA-N,Brc1cc(Br)c(Oc2c(Br)cc(Br)c(Br)c2Br)c(Br)c1,722.50,23,CHOBr,halogen,yes,,1,"Benzene, 1,2,3,5-tetrabromo-4-(2,4,6-tribromophenoxy)-",,1452,,"Benzene, 1,2,3,5-tetrabromo-4-(2,4,6-tribromophenoxy)-",117948-63-7,,,
1596,NLBLNZDNOSSGPW-UHFFFAOYSA-N,Brc1cccc(Oc2c(Br)c(Br)c(Br)c(Br)c2Br)c1Br,722.50,23,CHOBr,halogen,yes,,1,Heptabromodiphenyl ether,,12505,,Heptabromodiphenyl ether,68928-80-3,,,
1597,OUEYHQIMJGHOQN-UHFFFAOYSA-N,Brc1ccc(Oc2c(Br)c(Br)c(Br)c(Br)c2Br)cc1Br,722.50,23,CHOBr,halogen,yes,,1,"2,3,3',4,4',5,6-Heptabromodiphenyl ether",,4460,,"2,3,3',4,4',5,6-Heptabromodiphenyl ether",189084-68-2,,,
1598,RFZPXOBFDARWHV-UHFFFAOYSA-N,Brc1cc(Br)c(Oc2c(Br)c(Br)cc(Br)c2Br)cc1Br,722.50,23,CHOBr,halogen,yes,,1,"2,2',3,4',5,5',6-Heptabromodiphenyl ether",,8718,,"2,2',3,4',5,5',6-Heptabromodiphenyl ether",446255-28-3,,,
1599,STMBXVOJNOJRPZ-UHFFFAOYSA-N,Brc1cc(Br)c(Oc2cc(Br)c(Br)c(Br)c2Br)cc1Br,722.50,23,CHOBr,halogen,yes,,1,"2,2',3,4,4',5,5'-Heptabromodiphenyl ether",,8716,,"2,2',3,4,4',5,5'-Heptabromodiphenyl ether",446255-26-1,,,
1600,SWUALKCOTZOSMY-UHFFFAOYSA-N,Brc1cc(Br)c(Oc2c(Br)ccc(Br)c2Br)c(Br)c1Br,722.50,23,CHOBr,halogen,yes,,1,"2,2',3,3',4,6,6'-Heptabromodiphenyl ether",,8306,,"2,2',3,3',4,6,6'-Heptabromodiphenyl ether",407606-61-5,,,
1601,UWUVZUPEEORCRG-UHFFFAOYSA-N,Brc1cc(Br)c(Br)c(Oc2c(Br)c(Br)cc(Br)c2Br)c1,722.50,23,CHOBr,halogen,yes,,1,"2,2',3,3',5,5',6-Heptabromodiphenyl ether",,8714,,"2,2',3,3',5,5',6-Heptabromodiphenyl ether",446255-24-9,,,
1602,VUUWOHUOYUGBEO-UHFFFAOYSA-N,Brc1cc(Oc2c(Br)ccc(Br)c2Br)c(Br)c(Br)c1Br,722.50,23,CHOBr,halogen,yes,,1,"2,2',3,3',4,5,6'-Heptabromodiphenyl ether",,8711,,"2,2',3,3',4,5,6'-Heptabromodiphenyl ether",446255-21-6,,,
1603,WUFQDCMRKKDNSF-UHFFFAOYSA-N,Brc1cccc(Br)c1Oc1c(Br)c(Br)c(Br)c(Br)c1Br,722.50,23,CHOBr,halogen,yes,,1,"2,2',3,4,5,6,6'-Heptabromodiphenyl ether",,8717,,"2,2',3,4,5,6,6'-Heptabromodiphenyl ether",446255-27-2,,,
1604,YATZWTXATDYQCK-UHFFFAOYSA-N,Brc1cc(Br)c(Br)c(Oc2c(Br)cc(Br)c(Br)c2Br)c1,722.50,23,CHOBr,halogen,yes,,1,"2,2',3,3',4,5',6-Heptabromodiphenyl ether",,8712,,"2,2',3,3',4,5',6-Heptabromodiphenyl ether",446255-22-7,,,
1605,YGYDHFDPVGAMTL-UHFFFAOYSA-N,Brc1cc(Br)c(Oc2c(Br)c(Br)cc(Br)c2Br)c(Br)c1,722.50,23,CHOBr,halogen,yes,,1,"2,2',3,4',5,6,6'-Heptabromodiphenyl ether",,1414,,"2,2',3,4',5,6,6'-Heptabromodiphenyl ether",116995-32-5,,,
1606,YRNMIFAQDSUFTR-UHFFFAOYSA-N,Brc1ccc(Br)c(Oc2c(Br)c(Br)c(Br)c(Br)c2Br)c1,722.50,23,CHOBr,halogen,yes,,1,"2,2',3,4,5,5',6-Heptabromodiphenyl ether",,8272,,"2,2',3,4,5,5',6-Heptabromodiphenyl ether",405237-86-7,,,
1607,ZHUHLPXIJIBQBJ-UHFFFAOYSA-N,Brc1ccc(Oc2c(Br)c(Br)cc(Br)c2Br)c(Br)c1Br,722.50,23,CHOBr,halogen,yes,,1,"2,2',3,3',4,5',6'-Heptabromodiphenyl ether",,8713,,"2,2',3,3',4,5',6'-Heptabromodiphenyl ether",446255-23-8,,,
1608,ZYHDTADADSNMLV-UHFFFAOYSA-N,Brc1cc(Br)c(Oc2cc(Br)c(Br)c(Br)c2Br)c(Br)c1,722.50,23,CHOBr,halogen,yes,,1,"2,2',3,4,4',5,6'-Heptabromodiphenyl ether",,8596,,"2,2',3,4,4',5,6'-Heptabromodiphenyl ether",442690-45-1,,,
1609,GGJCJILRDPQOQQ-UHFFFAOYSA-N,O=C(O)c1cc(N=Nc2ccc(-c3ccc(N=Nc4ccc(N=Nc5cc(S(=O)(=O)O)c6ccccc6c5O)c5ccccc45)cc3)cc2)ccc1O,722.70,79,CHNOS,"S, P or Si",yes,,1,,yes: the neutral parent's PubChem name by InChIKey,,11376,C.I. Direct Black 40,6449-81-6,,,
1610,SVDFQQGETUITSO-UHFFFAOYSA-N,Nc1c(N=Nc2ccc(-c3ccc(N=Nc4ccc(O)cc4)cc3)cc2)c(S(=O)(=O)O)cc2cc(S(=O)(=O)O)c(N=Nc3ccccc3)c(O)c12,723.70,76,CHNOS,"S, P or Si",yes,,1,,yes: the neutral parent's PubChem name by InChIKey,,7809,C.I. Direct green 1,3626-28-6,,,
1611,ZMZRBDGIUSLHEX-UHFFFAOYSA-N,O=S(=O)(O)c1ccc(N=Nc2ccc(N=Nc3c(S(=O)(=O)O)cc4cc(Nc5nc(NCCO)nc(NCCO)n5)ccc4c3O)cc2)cc1,724.70,78,CHNOS,"S, P or Si",yes,,1,,yes: the neutral parent's PubChem name by InChIKey,,12064,"2-Naphthalenesulfonic acid, 7-((4,6-bis((2-hydroxyethyl)amino)-1,3,5-triazin-2-yl)amino)-4-hydroxy-3-((4-((4-sulfophenyl)azo)phenyl)azo)-, disodium salt",68201-95-6,,,
1612,JFMYRCRXYIIGBB-UHFFFAOYSA-N,CC(=O)C(N=Nc1ccc(Cl)cc1Cl)C(=O)Nc1ccc(-c2ccc(NC(=O)C(N=Nc3ccc(Cl)cc3Cl)C(C)=O)c(C)c2)cc1C,726.40,76,CHNOCl,halogen,yes,,1,Light Yellow JN,,10427,,Light Yellow JN,5979-28-2,,,
1613,RVIBUAHWQKVQEF-UHFFFAOYSA-N,CCOc1cc2c(cc1NC(=O)c1ccccc1)Oc1c(NC(C)=O)c3c(c(NC(C)=O)c1=N2)Oc1cc(NC(=O)c2ccccc2)c(OCC)cc1N=3,726.70,88,CHNO,CHNO,yes,,1,"Benzamide, N,N'-[6,13-bis(acetylamino)-2,9-diethoxy-3,10-triphenodioxazinediyl]bis-",,4173,,"Benzamide, N,N'-[6,13-bis(acetylamino)-2,9-diethoxy-3,10-triphenodioxazinediyl]bis-",17741-63-8,,,
1614,DUPDOFDRVXJYOF-UHFFFAOYSA-N,BrCC(Br)COc1nc(OCC(Br)CBr)nc(OCC(Br)CBr)n1,728.70,39,CHNOBr,halogen,yes,,1,"1,3,5-Triazine, 2,4,6-tris(2,3-dibromopropoxy)-",,9367,,"1,3,5-Triazine, 2,4,6-tris(2,3-dibromopropoxy)-",52434-59-0,,,
1615,NZUPFZNVGSWLQC-UHFFFAOYSA-N,O=c1n(CC(Br)CBr)c(=O)n(CC(Br)CBr)c(=O)n1CC(Br)CBr,728.70,39,CHNOBr,halogen,yes,,1,"1,3,5-Tris(2,3-dibromopropyl)-1,3,5-triazinane-2,4,6-trione",,9368,,"1,3,5-Tris(2,3-dibromopropyl)-1,3,5-triazinane-2,4,6-trione",52434-90-9,,,
1616,DTNCRFMSBPTEKH-UHFFFAOYSA-N,CC1=NN(c2cc(S(=O)(=O)O)c3cccc(S(=O)(=O)O)c3c2)C(=O)C1N=Nc1ccc(-c2ccc(N=Nc3ccc(O)c(C(=O)O)c3)cc2)cc1,728.70,75,CHNOS,"S, P or Si",yes,,1,,yes: the neutral parent's PubChem name by InChIKey,,2383,C.I. Direct Orange 33,13190-99-3,,,
1617,DAUWYVUKZMSMCP-UHFFFAOYSA-N,COc1cc(-c2ccc(N=Nc3c(S(=O)(=O)O)cc4cc(N)ccc4c3O)c(OC)c2)ccc1N=Nc1cc(S(=O)(=O)O)c2ccccc2c1O,729.70,78,CHNOS,"S, P or Si",yes,,2,,yes: the neutral parent's PubChem name by InChIKey,,1051;11375,"C.I. Direct blue 151, disodium salt | C.I. Direct blue 151, disodium salt",110735-25-6;6449-35-0,azodyes,,Azo dyes
1618,NPKFSFQEYLFRPM-UHFFFAOYSA-N,COc1cc(-c2ccc(N=Nc3c(O)ccc4ccccc34)c(OC)c2)ccc1N=Nc1ccc2c(S(=O)(=O)O)cc(S(=O)(=O)O)c(N)c2c1O,729.70,78,CHNOS,"S, P or Si",yes,,1,Chlorazol Blue RW,,6027,,Chlorazol Blue RW,2586-57-4,,,
1619,SPJYXNHHZOGJIX-UHFFFAOYSA-N,CCOc1cc2c(cc1NC(=O)c1ccccc1)OC1C(=N2)C(NC(C)=O)C2Oc3cc(NC(=O)c4ccccc4)c(OCC)cc3N=C2C1NC(C)=O,730.80,92,CHNO,CHNO,yes,,1,"Benzamide, N,N'-(6,13-bis(acetylamino)-2,9-diethoxy-5a,6,12a,13-tetrahydro-3,10-triphenodioxazinediyl)bis-",,10171,,"Benzamide, N,N'-(6,13-bis(acetylamino)-2,9-diethoxy-5a,6,12a,13-tetrahydro-3,10-triphenodioxazinediyl)bis-",57971-98-9,,,
1620,LFEGLDRNIDJMKB-UHFFFAOYSA-N,C=C(C)C(=O)OCCC(F)(F)C(F)(F)C(F)(F)C(F)(F)C(F)(F)C(F)(F)C(F)(F)C(F)(F)C(F)(F)C(F)(F)C(F)(F)C(F)(F)F,732.20,54,CHOF,halogen,yes,,1,"3,3,4,4,5,5,6,6,7,7,8,8,9,9,10,10,11,11,12,12,13,13,14,14,14-Pentacosafluorotetradecyl methacrylate",,10488,,"3,3,4,4,5,5,6,6,7,7,8,8,9,9,10,10,11,11,12,12,13,13,14,14,14-Pentacosafluorotetradecyl methacrylate",6014-75-1,PFASs,,PFAS
1621,PUNNQKXGKNOLTB-UHFFFAOYSA-N,CC(=O)C(N=Nc1ccccc1OCCOc1ccccc1N=NC(C(C)=O)C(=O)Nc1ccc2[nH]c(=O)[nH]c2c1)C(=O)Nc1ccc2[nH]c(=O)[nH]c2c1,732.70,86,CHNO,CHNO,yes,,1,"Butanamide, 2,2'-(1,2-ethanediylbis(oxy-2,1-phenylene-2,1-diazenediyl))bis(N-(2,3-dihydro-2-oxo-1H-benzimidazol-5-yl)-3-oxo-",,13858,,"Butanamide, 2,2'-(1,2-ethanediylbis(oxy-2,1-phenylene-2,1-diazenediyl))bis(N-(2,3-dihydro-2-oxo-1H-benzimidazol-5-yl)-3-oxo-",77804-81-0,,,
1622,JWCPTRZEQHAVOA-UHFFFAOYSA-N,O=S(=O)(O)c1cc2cccc(S(=O)(=O)O)c2c(O)c1N=Nc1ccc(-c2ccc(N=Nc3c(O)ccc4cccc(S(=O)(=O)O)c34)cc2)cc1,734.70,72,CHNOS,"S, P or Si",yes,,1,,yes: the neutral parent's PubChem name by InChIKey,,11424,C.I. Direct Violet 36,6472-94-2,,,
1623,LMKBZNJJQISXRN-UHFFFAOYSA-N,O=S(=O)(O)c1cc(S(=O)(=O)O)c2c(O)c(N=Nc3ccc(-c4ccc(N=Nc5c(O)ccc6ccccc56)cc4)cc3)c(S(=O)(=O)O)cc2c1,734.70,72,CHNOS,"S, P or Si",yes,,1,,yes: the neutral parent's PubChem name by InChIKey,,11329,"1,3,6-Naphthalenetrisulfonic acid, 8-hydroxy-7-((4'-((2-hydroxy-1-naphthalenyl)azo)-(1,1'-biphenyl)-4-yl)-azo)-, trisodium salt",6426-67-1,,,
1624,BYUWMHWFKPXFKX-UHFFFAOYSA-N,Cc1cc(N=Nc2ccc(S(=O)(=O)O)cc2)c(N)c(N=Nc2ccc(-c3ccc(N=Nc4c(S(=O)(=O)O)cc(N)c(Cl)c4N)cc3)cc2)c1N,735.20,77,CHNOClS,"S, P or Si",yes,,1,,yes: the neutral parent's PubChem name by InChIKey,,11696,C.I. Direct Brown 17,6661-48-9,,,
1625,KTCBIBVSRIRNAG-UHFFFAOYSA-N,CCN(c1ccccc1)c1nc(Cl)nc(Nc2cc(S(=O)(=O)O)cc3cc(S(=O)(=O)O)c(N=Nc4ccccc4S(=O)(=O)O)c(O)c23)n1,736.20,70,CHNOClS,"S, P or Si",yes,,1,,yes: the neutral parent's PubChem name by InChIKey,,13093,"2,7-Naphthalenedisulfonic acid, 5-((4-chloro-6-(ethylphenylamino)-1,3,5-triazin-2-yl)amino)-4-hydroxy-3-((2-sulfophenyl)azo)-, trisodium salt",72829-25-5,,,
1626,FPCROEVBHPWKPI-UHFFFAOYSA-N,Brc1cc2c(c(Br)c1Br)Oc1c(Br)c(Br)c(Br)c(Br)c1O2,736.50,22,CHOBr,halogen,yes,,2,"1,2,3,4,6,7,8-Heptabromodibenzo-p-dioxin",,438;1075,,"1,2,3,4,6,7,8-Heptabromodibenzo-p-dioxin | 1,2,3,4,6,7,8-Heptabromodibenzo-p-dioxin",103456-43-5;110999-47-8,PBDD_PBDF_PCDD_PCDF,,
1627,ATFARZXNCCWOKJ-UHFFFAOYSA-N,Nc1ccc(N=Nc2ccc(-c3ccc(N=Nc4c(S(=O)(=O)O)cc5cc(S(=O)(=O)O)c(N=Nc6ccccc6)c(O)c5c4N)cc3)cc2)c(N)c1,737.80,79,CHNOS,"S, P or Si",yes,,1,,yes: the neutral parent's PubChem name by InChIKey,,4552,C.I. Direct Black 38,1937-37-7,,,
1628,PLYDMIIYRWUYBP-UHFFFAOYSA-N,CCOC(=O)C1=NN(c2ccccc2)C(=O)C1N=Nc1ccc(-c2ccc(N=NC3C(=O)N(c4ccccc4)N=C3C(=O)OCC)c(Cl)c2)cc1Cl,739.60,80,CHNOCl,halogen,yes,,1,Piper Red,,11172,,Piper Red,6358-87-8,,,
1629,BTWMAWYAYFSBNC-UHFFFAOYSA-N,CCN(CC)c1ccc(C(=C2C=CC(=[N+](CC)Cc3cccc(S(=O)(=O)[O-])c3)C=C2)c2ccc(N(CC)Cc3cccc(S(=O)(=O)O)c3)cc2)cc1,740.00,97,CHNOS,"S, P or Si",yes,,1,,yes: the neutral parent's PubChem name by InChIKey,,8345,Violet bnp,4129-84-4,,,
1630,CGRTZESQZZGAAU-UHFFFAOYSA-N,Cc1cc(CCC(=O)OCC(C)(C)C2OCC3(CO2)COC(C(C)(C)COC(=O)CCc2cc(C)c(O)c(C(C)(C)C)c2)OC3)cc(C(C)(C)C)c1O,741.00,117,CHO,CHNO,yes,,1,Sumilizer AG 80,,15250,,Sumilizer AG 80,90498-90-1,,Antioxidants,
1631,CDNNKGWZSNSADW-UHFFFAOYSA-N,C[Si]1(C)O[Si](C)(C)O[Si](C)(C)O[Si](C)(C)O[Si](C)(C)O[Si](C)(C)O[Si](C)(C)O[Si](C)(C)O[Si](C)(C)O[Si](C)(C)O1,741.50,100,CHOSi,"S, P or Si",yes,,1,"Cyclodecasiloxane, eicosamethyl-",,4393,,"Cyclodecasiloxane, eicosamethyl-",18772-36-6,silanes_siloxanes_silicones,,Siloxanes and silanes
1632,ZDTUSRHTEVWVKX-UHFFFAOYSA-N,CC(=O)C(N=Nc1ccc(-c2ccc(N=NC(C(C)=O)C(=O)Nc3ccc4[nH]c(=O)[nH]c4c3)c(Cl)c2)cc1Cl)C(=O)Nc1ccc2[nH]c(=O)[nH]c2c1,741.60,78,CHNOCl,halogen,yes,,1,"2-[[2-chloro-4-[3-chloro-4-[[1,3-dioxo-1-[(2-oxo-1,3-dihydrobenzimidazol-5-yl)amino]butan-2-yl]diazenyl]phenyl]phenyl]diazenyl]-3-oxo-N-(2-oxo-1,3-dihydrobenzimidazol-5-yl)butanamide",,14001,,"2-[[2-chloro-4-[3-chloro-4-[[1,3-dioxo-1-[(2-oxo-1,3-dihydrobenzimidazol-5-yl)amino]butan-2-yl]diazenyl]phenyl]phenyl]diazenyl]-3-oxo-N-(2-oxo-1,3-dihydrobenzimidazol-5-yl)butanamide",78245-94-0,,,
1633,QGDVRSFGOFOZDL-UHFFFAOYSA-N,O=C(O)c1ccc(C(=O)OCCOC(=O)c2ccc(C(=O)OCCOC(=O)c3ccc(C(=O)OCCOC(=O)c4ccc(C(=O)O)cc4)cc3)cc2)cc1,742.60,84,CHO,CHNO,yes,,1,"4,4'-(((((4,4'-((Ethane-1,2-diylbis(oxy))bis(carbonyl))bis(benzoyl))bis(oxy))bis(ethane-2,1-diyl))bis(oxy))bis(carbonyl))dibenzoic acid",,1835,,"4,4'-(((((4,4'-((Ethane-1,2-diylbis(oxy))bis(carbonyl))bis(benzoyl))bis(oxy))bis(ethane-2,1-diyl))bis(oxy))bis(carbonyl))dibenzoic acid",122295-57-2,,,
1634,PFJHJMYVYPBCOV-UHFFFAOYSA-N,O=c1nc(Nc2ccccc2)[nH]c(Nc2ccc(C=Cc3ccc(Nc4nc(=O)nc(Nc5ccccc5)[nH]4)cc3S(=O)(=O)O)c(S(=O)(=O)O)c2)n1,742.80,78,CHNOS,"S, P or Si",yes,,1,,yes: the neutral parent's PubChem name by InChIKey,,2080,"disodium;5-[(6-anilino-4-oxo-1H-1,3,5-triazin-2-yl)amino]-2-[2-[4-[(6-anilino-4-oxo-1H-1,3,5-triazin-2-yl)amino]-2-sulfonatophenyl]ethenyl]benzenesulfonate",1264-32-0,,,
1635,MCXMOFFTONCDOD-UHFFFAOYSA-N,Nc1ccc(OC2C=CC(c3cccc(C4=CC(=C(C(F)(F)F)C(F)(F)F)C(Oc5ccc(N)cc5)C=C4)c3)=CC2=C(C(F)(F)F)C(F)(F)F)cc1,744.60,76,CHNOF,halogen,yes,,1,"Benzenamine, 4,4'-[1,3-phenylenebis[[2,2,2-trifluoro-1-(trifluoromethyl)ethylidene]-4,1-phenyleneoxy]]bis-",,14943,,"Benzenamine, 4,4'-[1,3-phenylenebis[[2,2,2-trifluoro-1-(trifluoromethyl)ethylidene]-4,1-phenyleneoxy]]bis-",89444-72-4,PFASs,,PFAS
1636,WBYCUETVRCXUPE-UHFFFAOYSA-N,FC(F)(F)C(F)(F)C(F)(F)C(F)(F)C(F)(F)C(F)(F)C(F)(F)C(F)(F)C(F)(F)C(F)(F)C(F)(F)C(F)(F)I,746.00,38,CFI,halogen,yes,,1,Perfluorododecyl iodide,,7106,,Perfluorododecyl iodide,307-60-8,PFASs,,PFAS
1637,QFGRYMRXLSEGSS-UHFFFAOYSA-N,Cc1cc(N=Nc2ccc(Nc3nc(N)nc(Cl)n3)c3c(S(=O)(=O)O)cccc23)c(C)cc1N=Nc1cc(S(=O)(=O)O)ccc1S(=O)(=O)O,748.20,71,CHNOClS,"S, P or Si",yes,,1,,yes: the neutral parent's PubChem name by InChIKey,,12737,"Trisodium 2-[[4-[[4-[(4-amino-6-chloro-1,3,5-triazin-2-YL)amino]-5-sulphonatonaphthyl]azo]-2,5-dimethylphenyl]azo]benzene-1,4-disulphonate",70210-13-8,,,
1638,HVIWWOHGRQDGNG-UHFFFAOYSA-N,Nc1ccc2c(O)c(N=Nc3ccc(-c4ccc(N=Nc5c(N)ccc6c(S(=O)(=O)O)cc(S(=O)(=O)O)cc56)cc4)cc3)c(S(=O)(=O)O)cc2c1,748.80,75,CHNOS,"S, P or Si",yes,,1,,yes: the neutral parent's PubChem name by InChIKey,,11562,C.I. Direct Red 42,6548-39-6,,,
1639,IIVHMXZYGGBGCJ-UHFFFAOYSA-N,Nc1ccc2cc(S(=O)(=O)O)cc(O)c2c1N=Nc1ccc(-c2ccc(N=Nc3c(N)c(S(=O)(=O)O)cc4cc(S(=O)(=O)O)ccc34)cc2)cc1,748.80,75,CHNOS,"S, P or Si",yes,,1,,yes: the neutral parent's PubChem name by InChIKey,,11493,C.I. Direct Red 43,6486-50-6,,,
1640,MBQDQBMHMGTXRU-UHFFFAOYSA-N,Nc1ccc2c(O)c(N=Nc3ccc(-c4ccc(N=Nc5c(N)c(S(=O)(=O)O)cc6cc(S(=O)(=O)O)ccc56)cc4)cc3)c(S(=O)(=O)O)cc2c1,748.80,75,CHNOS,"S, P or Si",yes,,1,,yes: the neutral parent's PubChem name by InChIKey,,11492,C.I. Direct Red 60,6486-49-3,,,
1641,CTRXDTYTAAKVSM-UHFFFAOYSA-N,CCN(Cc1cccc(S(=O)(=O)O)c1)c1ccc(C(=C2C=CC(=[N+](CC)Cc3cccc(S(=O)(=O)O)c3)C=C2)c2ccccc2S(=O)(=O)[O-])cc1,748.90,87,CHNOS,"S, P or Si",yes,,3,FD&C Blue No. 1 aluminum lake,,12497,6239;8081,C.I. Acid Blue 9 | Brilliant Blue FCF | FD&C Blue No. 1 aluminum lake,2650-18-2;3844-45-9;68921-42-6,,,
1642,CRNFQEMHVQWVRL-UHFFFAOYSA-N,Nc1ccc2c(O)c(N=Nc3ccc(-c4ccc(N=Nc5c(S(=O)(=O)O)cc6cc(S(=O)(=O)O)ccc6c5O)cc4)cc3)c(S(=O)(=O)O)cc2c1,749.80,74,CHNOS,"S, P or Si",yes,,1,,yes: the neutral parent's PubChem name by InChIKey,,11326,"3-((4'-((6-Amino-1-hydroxy-3-sulpho-2-naphthyl)azo)(1,1'-biphenyl)-4-yl)azo)-4-hydroxynaphthalene-2,7-disulphonic acid, sodium salt",6426-64-8,,,
1643,SSCZDTNBVDOOPJ-UHFFFAOYSA-N,Nc1cc(S(=O)(=O)O)cc2cc(S(=O)(=O)O)c(N=Nc3ccc(-c4ccc(N=Nc5cc(S(=O)(=O)O)c6ccccc6c5O)cc4)cc3)c(O)c12,749.80,74,CHNOS,"S, P or Si",yes,,1,,yes: the neutral parent's PubChem name by InChIKey,,11534,C.I. Direct Blue 230,6527-65-7,,,
1644,SYISGOFNRAKINR-UHFFFAOYSA-N,Nc1ccc(S(=O)(=O)O)c2ccc(N=Nc3ccc(-c4ccc(N=Nc5c(S(=O)(=O)O)cc6cccc(S(=O)(=O)O)c6c5O)cc4)cc3)c(O)c12,749.80,74,CHNOS,"S, P or Si",yes,,1,,yes: the neutral parent's PubChem name by InChIKey,,11328,C.I. Direct Blue 16,6426-66-0,,,
1645,YQUVVYLWWQCBMM-UHFFFAOYSA-N,O=S(=O)(O)c1ccc2c(N=Nc3ccc(-c4ccc(N=Nc5c(S(=O)(=O)O)cc6cc(S(=O)(=O)O)cc(O)c6c5O)cc4)cc3)c(O)ccc2c1,750.70,73,CHNOS,"S, P or Si",yes,,1,,yes: the neutral parent's PubChem name by InChIKey,,11331,C.I. Direct Blue 58,6426-69-3,,,
1646,PXUJYZVHENREBB-UHFFFAOYSA-N,O=C1c2ccc3c4ccc5c6c(ccc(c7ccc(c2c37)C(=O)N1c1ccc(N=Nc2ccccc2)cc1)c64)C(=O)N(c1ccc(N=Nc2ccccc2)cc1)C5=O,750.80,84,CHNO,CHNO,yes,,1,"2,9-bis[4-(Phenylazo)phenyl]anthra[2,1,9-def:6,5,10-d'e'f']diisoquinoline-1,3,8,10(2H,9H)-tetrone",,7044,,"2,9-bis[4-(Phenylazo)phenyl]anthra[2,1,9-def:6,5,10-d'e'f']diisoquinoline-1,3,8,10(2H,9H)-tetrone",3049-71-6,,,
1647,BKBDZNUWZUWXOC-UHFFFAOYSA-N,Cc1cc(N=Nc2ccc(-c3ccc(N=Nc4c(S(=O)(=O)O)cc5cc(S(=O)(=O)O)c(N=Nc6ccccc6)c(O)c5c4N)cc3)cc2)c(N)cc1N,751.80,82,CHNOS,"S, P or Si",yes,,1,,yes: the neutral parent's PubChem name by InChIKey,,5410,"C.I. Direct Black 4, disodium salt",2429-83-6,,,
1648,GRZZYVBHEFMFJF-UHFFFAOYSA-N,Cc1cc(N=Nc2ccc(S(=O)(=O)O)cc2)c(N)c(N=Nc2ccc(-c3ccc(N=Nc4c(S(=O)(=O)O)cc5ccc(N)cc5c4O)cc3)cc2)c1N,751.80,82,CHNOS,"S, P or Si",yes,,1,,yes: the neutral parent's PubChem name by InChIKey,,11377,C.I. Direct Brown 68,6449-85-0,,,
1649,XMWLONDOCTYTNJ-UHFFFAOYSA-N,Cc1cc(-c2ccc(N=Nc3c(S(=O)(=O)O)cc4cc(S(=O)(=O)O)c(N=Nc5ccccc5)c(O)c4c3N)c(C)c2)ccc1N=Nc1ccc(O)cc1,751.80,82,CHNOS,"S, P or Si",yes,,1,,yes: the neutral parent's PubChem name by InChIKey,,13046,CID 101946518,72390-60-4,,,
1650,CTCGHGAGCLXAHB-UHFFFAOYSA-N,COc1cc(NC(=O)C(N=Nc2ccc(-c3ccc(N=NC(C(C)=O)C(=O)Nc4ccc(C)cc4C)c(Cl)c3)cc2Cl)C(C)=O)c(OC)cc1Cl,752.10,84,CHNOCl,halogen,yes,,1,"Butanamide, N-(4-chloro-2,5-dimethoxyphenyl)-2-((3,3'-dichloro-4'-((1-(((2,4-dimethylphenyl)amino)carbonyl)-2-oxopropyl)azo)(1,1'-biphenyl)-4-yl)azo)-3-oxo-",,15194,,"Butanamide, N-(4-chloro-2,5-dimethoxyphenyl)-2-((3,3'-dichloro-4'-((1-(((2,4-dimethylphenyl)amino)carbonyl)-2-oxopropyl)azo)(1,1'-biphenyl)-4-yl)azo)-3-oxo-",90268-24-9,,,
1651,DFNSDIWLISNFQD-UHFFFAOYSA-N,Nc1ccc(N=Nc2ccc(-c3ccc(N=Nc4c(S(=O)(=O)O)cc5cc(S(=O)(=O)O)c(N=Nc6ccc(N)cc6N)cc5c4O)cc3)cc2)c(N)c1,752.80,81,CHNOS,"S, P or Si",yes,,1,,yes: the neutral parent's PubChem name by InChIKey,,225,"C.I. Direct Brown 151, disodium salt",10130-38-8,,,
1652,MQOUTHOOTZTGLN-UHFFFAOYSA-N,CCN(CC)c1ccc(C(=C2C=CC(=[N+](CC)Cc3cccc(S(=O)(=O)[O-])c3)C=C2)c2ccc(N(CC)Cc3cccc(S(=O)(=O)O)c3)cc2)c(C)c1,754.00,100,CHNOS,"S, P or Si",yes,,1,,yes: the neutral parent's PubChem name by InChIKey,,10270,Acid Blue 15,5863-46-7,,,
1653,GPWXTTPSHZOIKO-UHFFFAOYSA-N,CC(=O)C(N=Nc1cc(Cl)c(-c2cc(Cl)c(N=NC(C(C)=O)C(=O)Nc3ccc(C)cc3C)cc2Cl)cc1Cl)C(=O)Nc1ccc(C)cc1C,754.50,82,CHNOCl,halogen,yes,,1,"2-[[2,5-dichloro-4-[2,5-dichloro-4-[[1-(2,4-dimethylanilino)-1,3-dioxobutan-2-yl]diazenyl]phenyl]phenyl]diazenyl]-N-(2,4-dimethylphenyl)-3-oxobutanamide",,5059,,"2-[[2,5-dichloro-4-[2,5-dichloro-4-[[1-(2,4-dimethylanilino)-1,3-dioxobutan-2-yl]diazenyl]phenyl]phenyl]diazenyl]-N-(2,4-dimethylphenyl)-3-oxobutanamide",22094-93-5,,,
1654,KZKGWVLEJATMQM-UHFFFAOYSA-N,Cc1ccc(S(=O)(=O)Oc2ccc(N=Nc3ccc(-c4ccc(N=Nc5c(N)c(S(=O)(=O)O)cc6cc(S(=O)(=O)O)ccc56)cc4)cc3)cc2)cc1,757.80,79,CHNOS,"S, P or Si",yes,,1,,yes: the neutral parent's PubChem name by InChIKey,,5407,Acid Orange 45,2429-80-3,,,
1655,ZQXVHPTYWBBDIU-UHFFFAOYSA-N,Nc1c(N=Nc2ccccc2Cl)c(S(=O)(=O)O)cc2cc(S(=O)(=O)O)c(N=Nc3ccc(-c4ccc(N=Nc5ccc(O)cc5)cc4)cc3)c(O)c12,758.20,76,CHNOClS,"S, P or Si",yes,,1,,yes: the neutral parent's PubChem name by InChIKey,,11188,C.I. Direct Green 10,6360-61-8,,,
1656,GEBQZQZOCZZYTN-UHFFFAOYSA-N,Cc1ccc(S(=O)(=O)Oc2ccc(N=Nc3ccc(-c4ccc(N=Nc5c(O)ccc6cc(S(=O)(=O)O)cc(S(=O)(=O)O)c56)cc4)cc3)cc2)cc1,758.80,78,CHNOS,"S, P or Si",yes,,1,,yes: the neutral parent's PubChem name by InChIKey,,7749,"C.I. Acid Red 88, disodium salt",3567-65-5,,,
1657,HMTDGDBRRCDOMD-UHFFFAOYSA-N,Cc1ccc(S(=O)(=O)Oc2ccc(N=Nc3ccc(-c4ccc(N=Nc5c(S(=O)(=O)O)cc6cc(S(=O)(=O)O)ccc6c5O)cc4)cc3)cc2)cc1,758.80,78,CHNOS,"S, P or Si",yes,,1,,yes: the neutral parent's PubChem name by InChIKey,,11161,C.I. Acid Red 323,6358-34-5,,,
1658,XSYQXXVSXOYVET-UHFFFAOYSA-N,Cc1cc(N=C2NC(=O)c3c(Cl)c(Cl)c(Cl)c(Cl)c32)ccc1N=Nc1ccc(N=C2NC(=O)c3c(Cl)c(Cl)c(Cl)c(Cl)c32)cc1,760.10,57,CHNOCl,halogen,yes,,1,"4,5,6,7-Tetrachloro-3-[[3-methyl-4-[[4-[(4,5,6,7-tetrachloro-1-oxo-1H-isoindol-3-YL)amino]phenyl]azo]phenyl]amino]-1H-isoindol-1-one",,8295,,"4,5,6,7-Tetrachloro-3-[[3-methyl-4-[[4-[(4,5,6,7-tetrachloro-1-oxo-1H-isoindol-3-YL)amino]phenyl]azo]phenyl]amino]-1H-isoindol-1-one",40716-47-0,,,
1659,FFLNNRGRLMXJSR-UHFFFAOYSA-N,Cc1cccc(C)c1OP(=O)(Oc1ccc(-c2ccc(OP(=O)(Oc3c(C)cccc3C)Oc3c(C)cccc3C)cc2)cc1)Oc1c(C)cccc1C,762.80,98,CHOP,"S, P or Si",yes,,1,"4,4'-Biphenylylenebis(oxy)bisphosphonic acid tetrakis(2,6-dimethylphenyl) ester",,3235,,"4,4'-Biphenylylenebis(oxy)bisphosphonic acid tetrakis(2,6-dimethylphenyl) ester",147263-99-8,organophosphates,,Organophosphates
1660,ZDUOTHMDVYXZBS-UHFFFAOYSA-N,OCCC(F)(F)C(F)(F)C(F)(F)C(F)(F)C(F)(F)C(F)(F)C(F)(F)C(F)(F)C(F)(F)C(F)(F)C(F)(F)C(F)(F)C(F)(F)C(F)(F)F,764.20,51,CHOF,halogen,yes,,1,2-(Perfluorotetradecyl)ethanol,,10539,,2-(Perfluorotetradecyl)ethanol,60699-51-6,PFASs,,PFAS
1661,GESVHGKJMQQNFN-UHFFFAOYSA-N,Nc1ccc2c(O)c(N=Nc3ccc(-c4ccc(N=Nc5c(S(=O)(=O)O)cc6cc(S(=O)(=O)O)cc(N)c6c5O)cc4)cc3)c(S(=O)(=O)O)cc2c1,764.80,76,CHNOS,"S, P or Si",yes,,1,,yes: the neutral parent's PubChem name by InChIKey,,11398,"5-Amino-3-((4'-((6-amino-1-hydroxy-3-sulpho-2-naphthyl)azo)(1,1'-biphenyl)-4-yl)azo)-4-hydroxynaphthalene-2,7-disulphonic acid, sodium salt",6459-89-8,,,
1662,JDKKCKKFTIMFFD-UHFFFAOYSA-N,Nc1ccc2cc(S(=O)(=O)O)c(N=Nc3ccc(-c4ccc(N=Nc5c(S(=O)(=O)O)cc6cc(S(=O)(=O)O)cc(N)c6c5O)cc4)cc3)c(O)c2c1,764.80,76,CHNOS,"S, P or Si",yes,,1,,yes: the neutral parent's PubChem name by InChIKey,,5403,C.I. Direct Blue 2,2429-73-4,,,
1663,STZWDPAECFYYSS-UHFFFAOYSA-N,Nc1cc(S(=O)(=O)O)cc2cc(S(=O)(=O)O)c(N=Nc3ccc(-c4ccc(N=Nc5ccc6c(S(=O)(=O)O)ccc(N)c6c5O)cc4)cc3)c(O)c12,764.80,76,CHNOS,"S, P or Si",yes,,1,,yes: the neutral parent's PubChem name by InChIKey,,11335,C.I. Direct Blue 64,6426-74-0,,,
1664,VVJKKKDJADMKNM-UHFFFAOYSA-N,CCN(Cc1cccc(S(=O)(=O)O)c1)c1ccc(C(=C2C=CC(=[N+](CC)Cc3cccc(S(=O)(=O)O)c3)C=C2)c2ccc(O)cc2S(=O)(=O)[O-])cc1,764.90,88,CHNOS,"S, P or Si",yes,,1,,yes: the neutral parent's PubChem name by InChIKey,,5269,Fast Green FCF,2353-45-9,,,
1665,BKYPURRMPMHCEO-UHFFFAOYSA-N,Cc1cc(-c2ccc(N=Nc3c(S(=O)(=O)O)cc4cc(S(=O)(=O)O)c(N=Nc5ccccc5)c(O)c4c3N)c(C)c2)ccc1N=Nc1ccc(N)cc1N,765.80,85,CHNOS,"S, P or Si",yes,,1,,yes: the neutral parent's PubChem name by InChIKey,,9729,"2,7-Naphthalenedisulfonic acid, 4-amino-3-[2-[4'-[2-(2,4-diaminophenyl)diazenyl]-3,3'-dimethyl[1,1'-biphenyl]-4-yl]diazenyl]-5-hydroxy-6-(2-phenyldiazenyl)-, sodium salt (1:2)",54804-85-2,,,
1666,YVLOLDWQUHHGGU-UHFFFAOYSA-N,C=CC(=O)OCCC(F)(F)C(F)(F)C(F)(F)C(F)(F)C(F)(F)C(F)(F)C(F)(F)C(F)(F)C(F)(F)C(F)(F)C(F)(C(F)(F)F)C(F)(F)F,768.20,54,CHOF,halogen,yes,,1,"3,3,4,4,5,5,6,6,7,7,8,8,9,9,10,10,11,11,12,12,13,14,14,14-Tetracosafluoro-13-(trifluoromethyl)tetradecyl acrylate",,9465,,"3,3,4,4,5,5,6,6,7,7,8,8,9,9,10,10,11,11,12,12,13,14,14,14-Tetracosafluoro-13-(trifluoromethyl)tetradecyl acrylate",52956-82-8,PFASs,,PFAS
1667,STOOUUMSJPLRNI-UHFFFAOYSA-N,Nc1c(N=Nc2ccc([N+](=O)[O-])cc2)c(S(=O)(=O)O)cc2cc(S(=O)(=O)O)c(N=Nc3ccc(-c4ccc(N=Nc5ccc(O)cc5)cc4)cc3)c(O)c12,768.70,78,CHNOS,"S, P or Si",yes,,1,,yes: the neutral parent's PubChem name by InChIKey,,8560,Direct Green 6,4335-09-5,,,
1668,WTZSFTBPHXWONC-UHFFFAOYSA-N,O=C1OCCOC(=O)c2ccc(cc2)C(=O)OCCOC(=O)c2ccc(cc2)C(=O)OCCOC(=O)c2ccc(cc2)C(=O)OCCOC(=O)c2ccc1cc2,768.70,88,CHO,CHNO,yes,,1,"3,6,13,16,23,26,33,36-Octaoxapentacyclo[36.2.2.28,11.218,21.228,31]octatetraconta-8,10,18,20,28,30,38,40,41,43,45,47-dodecaene-2,7,12,17,22,27,32,37-octone",,3706,,"3,6,13,16,23,26,33,36-Octaoxapentacyclo[36.2.2.28,11.218,21.228,31]octatetraconta-8,10,18,20,28,30,38,40,41,43,45,47-dodecaene-2,7,12,17,22,27,32,37-octone",16104-96-4,,,
1669,VSNAWXHIKBJFHM-BUHFOSPRSA-N,CNc1nc(Nc2ccccc2)nc(Nc2ccc(/C=C/c3ccc(Nc4nc(NC)nc(Nc5ccccc5)n4)cc3S(=O)(=O)O)c(S(=O)(=O)O)c2)n1,768.80,86,CHNOS,"S, P or Si",yes,,1,"Benzenesulfonic acid, 2,2'-(1,2-ethenediyl)bis(5-((4-(methylamino)-6-(phenylamino)-1,3,5-triazin-2-yl)amino)-",,7746,,"Benzenesulfonic acid, 2,2'-(1,2-ethenediyl)bis(5-((4-(methylamino)-6-(phenylamino)-1,3,5-triazin-2-yl)amino)-",35632-99-6,,,
1670,WJRZUIZLUJDSSZ-UHFFFAOYSA-N,Nc1c(N=Nc2ccc(-c3ccc(N=Nc4ccc(O)cc4)cc3)cc2)c(S(=O)(=O)O)cc2cc(S(=O)(=O)O)c(N=Nc3cccc4ccccc34)c(O)c12,773.80,82,CHNOS,"S, P or Si",yes,,1,,yes: the neutral parent's PubChem name by InChIKey,,11498,C.I. Direct Green 19,6486-58-4,,,
1671,DBXLDZXWSFMBRB-UHFFFAOYSA-N,FC(F)(F)C(F)(F)C(F)(F)C(F)(F)C(F)(F)C(F)(F)C(F)(F)C(F)(F)C(F)(F)C(F)(F)C(F)(F)C(F)(F)CCI,774.00,44,CHFI,halogen,yes,,1,"1,1,1,2,2,3,3,4,4,5,5,6,6,7,7,8,8,9,9,10,10,11,11,12,12-Pentacosafluoro-14-iodotetradecane",,6961,,"1,1,1,2,2,3,3,4,4,5,5,6,6,7,7,8,8,9,9,10,10,11,11,12,12-Pentacosafluoro-14-iodotetradecane",30046-31-2,PFASs,,PFAS
1672,VSAWBBYYMBQKIK-UHFFFAOYSA-N,Cc1c(Cc2cc(C(C)(C)C)c(O)c(C(C)(C)C)c2)c(C)c(Cc2cc(C(C)(C)C)c(O)c(C(C)(C)C)c2)c(C)c1Cc1cc(C(C)(C)C)c(O)c(C(C)(C)C)c1,775.20,135,CHO,CHNO,yes,,1,"1,3,5-Trimethyl-2,4,6-tris(3,5-di-tert-butyl-4-hydroxybenzyl)benzene",,4009,,"1,3,5-Trimethyl-2,4,6-tris(3,5-di-tert-butyl-4-hydroxybenzyl)benzene",1709-70-2,alkylphenols,Alkylphenols;Antioxidants,
1673,CBQHCUWUDNIAIN-UHFFFAOYSA-N,Cc1nn(-c2cccc(S(=O)(=O)O)c2)c(N)c1N=Nc1ccc(S(=O)(=O)c2ccc(N=Nc3c(C)nn(-c4cccc(S(=O)(=O)O)c4)c3N)cc2)cc1,776.80,81,CHNOS,"S, P or Si",yes,,1,,yes: the neutral parent's PubChem name by InChIKey,,12880,"Benzenesulfonic acid, 3,3'-(sulfonylbis(4,1-phenyleneazo(5-imino-3-methyl-1H-pyrazole-4,1-diyl)))bis-, disodium salt",71033-19-7,,,
1674,MVHCRZFTWQKEEH-UHFFFAOYSA-N,COc1cc(N=Nc2cc(S(=O)(=O)O)c3cccc(S(=O)(=O)O)c3c2)c(C)cc1N=Nc1c(S(=O)(=O)O)cc2cc(Nc3ccccc3)ccc2c1O,777.80,80,CHNOS,"S, P or Si",yes,,1,,yes: the neutral parent's PubChem name by InChIKey,,10925,"C.I. Direct Violet 35, trisodium salt",6227-20-9,,,
1675,NOFURVVUAXWPPB-UHFFFAOYSA-N,Cc1cc(-c2ccc(N=Nc3c(S(=O)(=O)O)cc4cc(S(=O)(=O)O)cc(N)c4c3O)c(C)c2)ccc1N=Nc1cc(S(=O)(=O)O)c2ccccc2c1O,777.80,80,CHNOS,"S, P or Si",yes,,1,Blue RX,,11305,,Blue RX,6420-09-3,,,
1676,VKYPCMAKLFPTTC-UHFFFAOYSA-N,Cc1cc(-c2ccc(N=Nc3c(S(=O)(=O)O)cc4cc(S(=O)(=O)O)cc(O)c4c3O)c(C)c2)ccc1N=Nc1cc(S(=O)(=O)O)c2ccccc2c1O,778.80,79,CHNOS,"S, P or Si",yes,,1,,yes: the neutral parent's PubChem name by InChIKey,,9678,Dianil Blue 2R,5442-09-1,,,
1677,RXERRVKLABZRCU-UHFFFAOYSA-N,CC(=O)Nc1ccc(S(=O)(=O)O)c2cc(S(=O)(=O)O)c(N=Nc3ccc(N=Nc4ccc(S(=O)(=O)O)cc4)c4ccc(S(=O)(=O)O)cc34)c(O)c12,779.80,72,CHNOS,"S, P or Si",yes,,1,,yes: the neutral parent's PubChem name by InChIKey,,5787,Black PN,2519-30-4,azodyes,,Azo dyes
1678,CNJPXTNLTQOBJY-UHFFFAOYSA-N,CC1(C)CC(N=C=O)CC(C)(Cn2c(=O)n(CC3(C)CC(N=C=O)CC(C)(C)C3)c(=O)n(CC3(C)CC(NC(=O)N4CCCCCC4=O)CC(C)(C)C3)c2=O)C1,780.00,121,CHNO,CHNO,yes,,1,"Hexahydro-2-oxo-N-(3,3,5-trimethyl-5-((tetrahydro-3,5-bis((5-isocyanato-1,3,3-trimethylcyclohexyl)methyl)-2,4,6-trioxo-1,3,5-triazin-1(2H)-yl)methyl)cyclohexyl)-1H-azepine-1-carboxamide",,2072,,"Hexahydro-2-oxo-N-(3,3,5-trimethyl-5-((tetrahydro-3,5-bis((5-isocyanato-1,3,3-trimethylcyclohexyl)methyl)-2,4,6-trioxo-1,3,5-triazin-1(2H)-yl)methyl)cyclohexyl)-1H-azepine-1-carboxamide",1262431-48-0,,,
1679,RUASBGDJNNJFOJ-UHFFFAOYSA-N,Cc1ccc(Cl)cc1N=Nc1c(O)c(C(=O)Nc2cc(C)c(NC(=O)c3cc4ccccc4c(N=Nc4cc(Cl)ccc4C)c3O)cc2C)cc2ccccc12,781.70,90,CHNOCl,halogen,yes,,1,"2-Naphthalenecarboxamide, N,N'-(2,5-dimethyl-1,4-phenylene)bis(4-((5-chloro-2-methylphenyl)azo)-3-hydroxy-",,14076,,"2-Naphthalenecarboxamide, N,N'-(2,5-dimethyl-1,4-phenylene)bis(4-((5-chloro-2-methylphenyl)azo)-3-hydroxy-",79665-24-0,,,
1680,NZSKSDOUVOVFHC-UHFFFAOYSA-N,C=C(C)C(=O)OCCC(F)(F)C(F)(F)C(F)(F)C(F)(F)C(F)(F)C(F)(F)C(F)(F)C(F)(F)C(F)(F)C(F)(F)C(F)(C(F)(F)F)C(F)(F)F,782.20,57,CHOF,halogen,yes,,1,"3,3,4,4,5,5,6,6,7,7,8,8,9,9,10,10,11,11,12,12,13,14,14,14-Tetracosafluoro-13-(trifluoromethyl)tetradecyl methacrylate",,13261,,"3,3,4,4,5,5,6,6,7,7,8,8,9,9,10,10,11,11,12,12,13,14,14,14-Tetracosafluoro-13-(trifluoromethyl)tetradecyl methacrylate",74256-15-8,PFASs,,PFAS
1681,BSDCSWILUSLVLO-UHFFFAOYSA-N,Nc1ccc(N=Nc2cc(S(=O)(=O)O)cc3cc(S(=O)(=O)O)c(N=Nc4ccc(-c5ccc(N=Nc6ccc(O)c(C(=O)O)c6)cc5)cc4)c(O)c23)c(N)c1,782.80,81,CHNOS,"S, P or Si",yes,,1,,yes: the neutral parent's PubChem name by InChIKey,,8822,C.I. Direct Brown 51,4623-91-0,,,
1682,VNQNXQYZMPJLQX-UHFFFAOYSA-N,CC(C)(C)c1cc(Cn2c(=O)n(Cc3cc(C(C)(C)C)c(O)c(C(C)(C)C)c3)c(=O)n(Cc3cc(C(C)(C)C)c(O)c(C(C)(C)C)c3)c2=O)cc(C(C)(C)C)c1O,784.10,126,CHNO,CHNO,yes,,1,"1,3,5-Tris(3,5-di-tert-butyl-4-hydroxybenzyl)-1,3,5-triazinane-2,4,6-trione",,6552,,"1,3,5-Tris(3,5-di-tert-butyl-4-hydroxybenzyl)-1,3,5-triazinane-2,4,6-trione",27676-62-6,,Antioxidants,
1683,HKEVWQJUIHMHIH-UHFFFAOYSA-N,O=C(O)c1cc(N=Nc2ccc(-c3ccc(N=Nc4c(S(=O)(=O)O)cc5cc(S(=O)(=O)O)cc(N=Nc6ccc(O)cc6O)c5c4O)cc3)cc2)ccc1O,784.70,79,CHNOS,"S, P or Si",yes,,1,,yes: the neutral parent's PubChem name by InChIKey,,318,Direct Brown 159,10214-11-6,,,
1684,HHYHNDNRLUQCEG-UHFFFAOYSA-N,Brc1cc(-c2cc(Br)c(Br)c(Br)c2Br)c(Br)c(Br)c1Br,785.40,22,CHBr,halogen,yes,,1,"2,2',3,3',4,4',5,5'-Octabromobiphenyl",,11857,,"2,2',3,3',4,4',5,5'-Octabromobiphenyl",67889-00-3,,,
1685,NDRKXFLZSRHAJE-UHFFFAOYSA-N,Brc1ccc(-c2c(Br)c(Br)c(Br)c(Br)c2Br)c(Br)c1Br,785.40,22,CHBr,halogen,yes,,1,Octabromobiphenyl,,6586,,Octabromobiphenyl,27858-07-7,,,
1686,ZYIBVBKZZZDFOY-UHFFFAOYSA-N,O=C1OC2(c3cc(Br)c(O)c(Br)c3Oc3c2cc(Br)c(O)c3Br)c2c(Cl)c(Cl)c(Cl)c(Cl)c21,785.70,37,CHOClBr,halogen,yes,,1,,yes: the neutral parent's PubChem name by InChIKey,,4335,Acid red 92,18472-87-2,,,
1687,SIGHAVOYMKYMPO-UHFFFAOYSA-N,Cc1ccc(S(=O)(=O)Oc2ccc(N=Nc3ccc(-c4ccc(N=Nc5c(O)ccc6cc(S(=O)(=O)O)cc(S(=O)(=O)O)c56)c(C)c4)cc3C)cc2)cc1,786.90,84,CHNOS,"S, P or Si",yes,,1,,yes: the neutral parent's PubChem name by InChIKey,,11399,C.I. Acid Red 114,6459-94-5,azodyes,,Azo dyes
1688,NVMGCGBELVIYMJ-UHFFFAOYSA-N,Cc1ccc(S(=O)(=O)Nc2cc(S(=O)(=O)O)cc3cc(S(=O)(=O)O)c(N=Nc4ccc(Oc5ccccc5C)cc4Oc4ccccc4C)c(O)c23)cc1,789.90,85,CHNOS,"S, P or Si",yes,,1,,yes: the neutral parent's PubChem name by InChIKey,,12733,"Disodium 3-[[2,4-Bis(2-Methylphenoxy)Phenyl]Azo]-4-Hydroxy-5-[[(P-Tolyl)Sulphonyl]Amino]Naphthalene-2,7-Disulphonate",70210-05-8,azodyes,,Azo dyes
1689,ZDYYWMSLMLTXDM-UHFFFAOYSA-N,O=P(O)(OCCC(F)(F)C(F)(F)C(F)(F)C(F)(F)C(F)(F)C(F)(F)F)OCCC(F)(F)C(F)(F)C(F)(F)C(F)(F)C(F)(F)C(F)(F)F,790.20,56,CHOFP,"S, P or Si",yes,,1,"Bis(3,3,4,4,5,5,6,6,7,7,8,8,8-tridecafluoro-1-octanol) hydrogen phosphate",,10142,,"Bis(3,3,4,4,5,5,6,6,7,7,8,8,8-tridecafluoro-1-octanol) hydrogen phosphate",57677-95-9,PFASs;organophosphates,,Organophosphates;PFAS
1690,NZNAAUDJKMURFU-UHFFFAOYSA-N,CC1(C)CC(OC(=O)CC(C(=O)OC2CC(C)(C)NC(C)(C)C2)C(CC(=O)OC2CC(C)(C)NC(C)(C)C2)C(=O)OC2CC(C)(C)NC(C)(C)C2)CC(C)(C)N1,791.10,134,CHNO,CHNO,yes,,1,"Tetrakis(2,2,6,6-tetramethyl-4-piperidyl) butane-1,2,3,4-tetracarboxylate",,11252,,"Tetrakis(2,2,6,6-tetramethyl-4-piperidyl) butane-1,2,3,4-tetracarboxylate",64022-61-3,,UV stabilizers,
1691,XNGNDQURRPIVMP-UHFFFAOYSA-N,Nc1c(N=Nc2cc(Cl)ccc2Cl)c(S(=O)(=O)O)cc2cc(S(=O)(=O)O)c(N=Nc3ccc(-c4ccc(N=Nc5ccc(O)cc5)cc4)cc3)c(O)c12,792.60,76,CHNOClS,"S, P or Si",yes,,1,,yes: the neutral parent's PubChem name by InChIKey,,11497,C.I. Direct Green 12,6486-55-1,,,
1692,CXCSSAYCIOQQJB-UHFFFAOYSA-N,Cc1cc(-c2ccc(N=Nc3c(S(=O)(=O)O)cc4cc(S(=O)(=O)O)cc(N)c4c3O)c(C)c2)ccc1N=Nc1c(S(=O)(=O)O)cc2cc(N)ccc2c1O,792.80,82,CHNOS,"S, P or Si",yes,,1,,yes: the neutral parent's PubChem name by InChIKey,,11306,"Trisodium 5-amino-3-((4'-((6-amino-1-hydroxy-3-sulphonato-2-naphthyl)azo)-3,3'-dimethyl(1,1'-biphenyl)-4-yl)azo)-4-hydroxynaphthalene-2,7-disulphonate",6420-22-0,azodyes,,Azo dyes
1693,VSIKJPJINIDELZ-UHFFFAOYSA-N,c1ccc([Si]2(c3ccccc3)O[Si](c3ccccc3)(c3ccccc3)O[Si](c3ccccc3)(c3ccccc3)O[Si](c3ccccc3)(c3ccccc3)O2)cc1,793.20,96,CHOSi,"S, P or Si",yes,,1,Octaphenylcyclotetrasiloxane,,9707,,Octaphenylcyclotetrasiloxane,546-56-5,silanes_siloxanes_silicones,,Siloxanes and silanes
1694,NQDGNYQKISTHLK-UHFFFAOYSA-N,O=C(Nc1ccc(NC(=O)c2cc3ccccc3c(N=Nc3cc(Cl)ccc3Cl)c2O)cc1)c1cc2ccccc2c(N=Nc2cc(Cl)ccc2Cl)c1O,794.50,78,CHNOCl,halogen,yes,,2,"N,N'-Phenylene-1,4-bis[4-[(2,5-dichlorophenyl)azo]-3-hydroxynaphthalene-2-carboxamide]",,8140;12960,,"N,N'-Phenylene-1,4-bis[4-[(2,5-dichlorophenyl)azo]-3-hydroxynaphthalene-2-carboxamide] | N,N'-Phenylene-1,4-bis[4-[(2,5-dichlorophenyl)azo]-3-hydroxynaphthalene-2-carboxamide]",3905-19-9;71819-52-8,,,
1695,QOFIUPTVGWCKNZ-UHFFFAOYSA-N,COc1cc(-c2ccc(N=Nc3c(S(=O)(=O)O)cc4cc(S(=O)(=O)O)ccc4c3O)c(OC)c2)ccc1N=Nc1cc(S(=O)(=O)O)c2ccccc2c1O,794.80,80,CHNOS,"S, P or Si",yes,,1,,yes: the neutral parent's PubChem name by InChIKey,,11428,"Trisodium 4-hydroxy-3-((4'-((1-hydroxy-4-sulphonato-2-naphthyl)azo)-3,3'-dimethoxy(1,1'-biphenyl)-4-yl)azo)naphthalene-2,7-disulphonate",6473-33-2,,,
1696,XGKKZABZUBBORN-UHFFFAOYSA-N,COc1cc(N=Nc2cccc(S(=O)(=O)O)c2)ccc1Nc1nc(Nc2ccc(N=Nc3cccc(S(=O)(=O)O)c3)cc2OC)nc(N(CCO)CCO)n1,794.80,89,CHNOS,"S, P or Si",yes,,1,,yes: the neutral parent's PubChem name by InChIKey,,9330,"Disodium 3,3'-((6-(bis(2-hydroxyethyl)amino)-1,3,5-triazine-2,4-diyl)bis(imino(3-methoxy-4,1-phenylene)azo))bis(benzenesulphonate)",52238-69-4,,,
1697,JOWXNCPELQZFHF-UHFFFAOYSA-N,CC(C)(C)c1cc(C(C)(CC(=O)OCCOC(=O)CC(C)(c2ccc(O)c(C(C)(C)C)c2)c2ccc(O)c(C(C)(C)C)c2)c2ccc(O)c(C(C)(C)C)c2)ccc1O,795.10,124,CHO,CHNO,yes,,1,"Ethylene bis[3,3-bis(3-tert-butyl-4-hydroxyphenyl)butyrate]",,7369,,"Ethylene bis[3,3-bis(3-tert-butyl-4-hydroxyphenyl)butyrate]",32509-66-3,bisphenols;phenolic_antioxidants,Bisphenols;Antioxidants,
1698,DSXBFFPIBZRADQ-UHFFFAOYSA-N,FC(F)(F)C(F)(F)C(F)(F)C(F)(F)C(F)(F)C(F)(F)C(F)(F)C(F)(F)C(F)(F)C(F)(F)C(F)(F)C(F)(F)C(F)(F)I,796.00,41,CFI,halogen,yes,,1,Perfluorotridecyl iodide,,7996,,Perfluorotridecyl iodide,376-04-5,PFASs,,PFAS
1699,UHFPYSDLCDSLDC-UHFFFAOYSA-N,FC(F)(F)C(F)(C(F)(F)F)C(F)(F)C(F)(F)C(F)(F)C(F)(F)C(F)(F)C(F)(F)C(F)(F)C(F)(F)C(F)(F)C(F)(F)I,796.00,41,CFI,halogen,yes,,1,"1,1,1,2,3,3,4,4,5,5,6,6,7,7,8,8,9,9,10,10,11,11,12,12-Tetracosafluoro-12-iodo-2-(trifluoromethyl)dodecane",,7362,,"1,1,1,2,3,3,4,4,5,5,6,6,7,7,8,8,9,9,10,10,11,11,12,12-Tetracosafluoro-12-iodo-2-(trifluoromethyl)dodecane",3248-61-1,PFASs,,PFAS
1700,AGZQJVVQOQGFKV-UHFFFAOYSA-N,Cc1cc(C2(c3ccc(N=Nc4c(S(=O)(=O)O)cc5ccc(O)cc5c4O)c(C)c3)CCCCC2)ccc1N=Nc1c(S(=O)(=O)O)cc2ccc(O)cc2c1O,796.90,92,CHNOS,"S, P or Si",yes,,1,,yes: the neutral parent's PubChem name by InChIKey,,11511,"2-Naphthalenesulfonic acid, 3,3'-(cyclohexylidenebis((2-methyl-4,1-phenylene)azo))bis(4,6-dihydroxy-, disodium salt",6507-79-5,,,
1701,HCPYVPARJNWQLE-UHFFFAOYSA-N,CCNc1nc(Nc2ccccc2)nc(Nc2ccc(C=Cc3ccc(Nc4nc(NCC)nc(Nc5ccccc5)n4)cc3S(=O)(=O)O)c(S(=O)(=O)O)c2)n1,796.90,92,CHNOS,"S, P or Si",yes,,1,,yes: the neutral parent's PubChem name by InChIKey,,5469,Disodium bisethylphenyltriaminotriazine stilbenedisulfonate,24565-13-7,,,
1702,AYYCRXDSCYPSRP-UHFFFAOYSA-N,Cc1cc(C)c(S(=O)(=O)NC2CCCCC2)c(C)c1Nc1ccc(Nc2c(C)cc(C)c(S(=O)(=O)NC3CCCCC3)c2C)c2c1C(=O)c1ccccc1C2=O,797.10,108,CHNOS,"S, P or Si",yes,,1,"Benzenesulfonamide, 3,3'-[(9,10-dihydro-9,10-dioxo-1,4-anthracenediyl)diimino]bis[N-cyclohexyl-2,4,6-trimethyl-",,5273,,"Benzenesulfonamide, 3,3'-[(9,10-dihydro-9,10-dioxo-1,4-anthracenediyl)diimino]bis[N-cyclohexyl-2,4,6-trimethyl-",23552-74-1,,,
1703,KFXCWKVNSWWAAO-UHFFFAOYSA-N,C=CC(=O)OCC(O)CC(F)(F)C(F)(F)C(F)(F)C(F)(F)C(F)(F)C(F)(F)C(F)(F)C(F)(F)C(F)(F)C(F)(F)C(F)(C(F)(F)F)C(F)(F)F,798.20,58,CHOF,halogen,yes,,1,"4,4,5,5,6,6,7,7,8,8,9,9,10,10,11,11,12,12,13,13,14,15,15,15-Tetracosafluoro-2-hydroxy-14-(trifluoromethyl)pentadecyl acrylate",,3688,,"4,4,5,5,6,6,7,7,8,8,9,9,10,10,11,11,12,12,13,13,14,15,15,15-Tetracosafluoro-2-hydroxy-14-(trifluoromethyl)pentadecyl acrylate",16083-87-7,PFASs,,PFAS
1704,AFULNCZZUNYPLY-UHFFFAOYSA-N,Nc1cc(O)ccc1N=Nc1cc(S(=O)(=O)[O-])c([N+](N=Nc2ccc([N+](=O)[O-])cc2)=Nc2cc([N+](=O)[O-])cc([N+](=O)[O-])c2O)c2cc(S(=O)(=O)O)cc(O)c12,798.60,73,CHNOS,"S, P or Si",yes,,1,,yes: the neutral parent's PubChem name by InChIKey,,14504,"Disodium;4-[(2-amino-4-hydroxyphenyl)diazenyl]-1-[(2-hydroxy-3,5-dinitrophenyl)imino-[(4-nitrophenyl)diazenyl]azaniumyl]-5-oxidonaphthalene-2,7-disulfonate",84522-43-0,,,
1705,JRDWDRVPBYIYGL-UHFFFAOYSA-N,Brc1c(Br)c(Br)c2c(oc3c(Br)c(Br)c(Br)c(Br)c32)c1Br,799.40,21,COBr,halogen,yes,,1,"1,2,3,4,6,7,8,9-Octabromo-dibenzofuran",,442,,"1,2,3,4,6,7,8,9-Octabromo-dibenzofuran",103582-29-2,PBDD_PBDF_PCDD_PCDF,,
1706,DLFQBOOBABMDKU-UHFFFAOYSA-N,O=[N+]([O-])c1ccc(N=Nc2c(O)c(N=Nc3cc([N+](=O)[O-])cc([N+](=O)[O-])c3O)cc(N=Nc3cc(S(=O)(=O)O)cc4cc(S(=O)(=O)O)cc(O)c34)c2O)cc1,799.60,72,CHNOS,"S, P or Si",yes,,1,,yes: the neutral parent's PubChem name by InChIKey,,14175,Acid Brown 75,8011-86-7,,,
1707,UTQVVBUYIUOANP-UHFFFAOYSA-N,O=[N+]([O-])c1ccc(N=Nc2cc(N=Nc3cc(S(=O)(=O)O)cc4cc(S(=O)(=O)O)c(N=Nc5cc([N+](=O)[O-])cc([N+](=O)[O-])c5O)c(O)c34)c(O)cc2O)cc1,799.60,72,CHNOS,"S, P or Si",yes,,1,,yes: the neutral parent's PubChem name by InChIKey,,12013,"2,7-Naphthalenedisulfonic acid, 5-((2,4-dihydroxy-5-((4-nitrophenyl)azo)phenyl)azo)-4-hydroxy-3-((2-hydroxy-3,5-dinitrophenyl)azo)-, disodium salt",68155-63-5,azodyes,,Azo dyes
1708,RQMOQTBRMUJYKS-UHFFFAOYSA-N,O=C(O)CNc1ccc2c(O)c(N=Nc3ccc(-c4ccc(N=Nc5c(S(=O)(=O)O)cc6cc(NCC(=O)O)ccc6c5O)cc4)cc3)c(S(=O)(=O)O)cc2c1,800.80,84,CHNOS,"S, P or Si",yes,,1,,yes: the neutral parent's PubChem name by InChIKey,,11338,C.I. Direct Violet 38,6426-77-3,,,
1709,YVAFYUHCNZDFTN-UHFFFAOYSA-N,O=C1CCCCC(=O)OCCCCOC(=O)CCCCC(=O)OCCCCOC(=O)CCCCC(=O)OCCCCOC(=O)CCCCC(=O)OCCCCO1,800.90,120,CHO,CHNO,yes,,1,"1,6,13,18,25,30,37,42-Octaoxacyclooctatetracontane-7,12,19,24,31,36,43,48-octaone",,16711,,"1,6,13,18,25,30,37,42-Octaoxacyclooctatetracontane-7,12,19,24,31,36,43,48-octaone",,,,
1710,YSNHIFDTKFOOER-UHFFFAOYSA-N,CCCCN(c1nc(N(CCO)CCO)nc(N(CCCC)C2CC(C)(C)N(OC3CCCCC3)C(C)(C)C2)n1)C1CC(C)(C)N(OC2CCCCC2)C(C)(C)C1,801.20,141,CHNO,CHNO,yes,,1,"Ethanol, 2,2'-[[4,6-bis[butyl[1-(cyclohexyloxy)-2,2,6,6-tetramethyl-4-piperidinyl]amino]-1,3,5-triazin-2-yl]imino]bis-",,3359,,"Ethanol, 2,2'-[[4,6-bis[butyl[1-(cyclohexyloxy)-2,2,6,6-tetramethyl-4-piperidinyl]amino]-1,3,5-triazin-2-yl]imino]bis-",150686-85-4,,UV stabilizers,
1711,AAFUUKPTSPVXJH-UHFFFAOYSA-N,Brc1cc(Br)c(Oc2c(Br)cc(Br)c(Br)c2Br)c(Br)c1Br,801.40,23,CHOBr,halogen,yes,,1,"2,2',3,3',4,4',6,6'-Octabromodiphenyl ether",,1453,,"2,2',3,3',4,4',6,6'-Octabromodiphenyl ether",117964-21-3,,,
1712,AHNZLQAZTWRRDW-UHFFFAOYSA-N,Brc1cc(Br)c(Br)c(Oc2c(Br)c(Br)cc(Br)c2Br)c1Br,801.40,23,CHOBr,halogen,yes,,1,"2,2',3,3',5,5',6,6'-Octabromodiphenyl ether",,11831,,"2,2',3,3',5,5',6,6'-Octabromodiphenyl ether",67797-09-5,,,
1713,CVMKCYDBEYHNBM-UHFFFAOYSA-N,Brc1cc(Oc2c(Br)c(Br)c(Br)c(Br)c2Br)cc(Br)c1Br,801.40,23,CHOBr,halogen,yes,,1,"2,3,3',4,4',5,5',6-Octabromodiphenyl ether",,8728,,"2,3,3',4,4',5,5',6-Octabromodiphenyl ether",446255-56-7,,,
1714,GPQLSLKPHQEEOP-UHFFFAOYSA-N,Brc1ccc(Oc2c(Br)c(Br)c(Br)c(Br)c2Br)c(Br)c1Br,801.40,23,CHOBr,halogen,yes,,1,"2,2',3,3',4,4',5,6-Octabromodiphenyl ether",,8721,,"2,2',3,3',4,4',5,6-Octabromodiphenyl ether",446255-38-5,,,
1715,HQWFMMKREWXIGN-UHFFFAOYSA-N,Brc1cc(Br)c(Oc2c(Br)c(Br)cc(Br)c2Br)c(Br)c1Br,801.40,23,CHOBr,halogen,yes,,1,"2,2',3,3',4,5',6,6'-Octabromodiphenyl ether",,8726,,"2,2',3,3',4,5',6,6'-Octabromodiphenyl ether",446255-50-1,,,
1716,IBKRHVDFFHQOSC-UHFFFAOYSA-N,Brc1cc(Br)c(Br)c(Oc2c(Br)c(Br)c(Br)c(Br)c2Br)c1,801.40,23,CHOBr,halogen,yes,,1,"2,2',3,3',4,5,5',6-Octabromodiphenyl ether",,8723,,"2,2',3,3',4,5,5',6-Octabromodiphenyl ether",446255-42-1,,,
1717,IEWFKOVTVJNWFF-UHFFFAOYSA-N,Brc1cc(Oc2c(Br)cc(Br)c(Br)c2Br)c(Br)c(Br)c1Br,801.40,23,CHOBr,halogen,yes,,1,"2,2',3,3',4,4',5,6'-Octabromodiphenyl ether",,8722,,"2,2',3,3',4,4',5,6'-Octabromodiphenyl ether",446255-39-6,,,
1718,JNSLJYRXDGBNBE-UHFFFAOYSA-N,Brc1cc(Oc2c(Br)c(Br)cc(Br)c2Br)c(Br)c(Br)c1Br,801.40,23,CHOBr,halogen,yes,,1,"2,2',3,3',4,5,5',6'-Octabromodiphenyl ether",,8724,,"2,2',3,3',4,5,5',6'-Octabromodiphenyl ether",446255-43-2,,,
1719,JWMXGEPFVCRXQR-UHFFFAOYSA-N,Brc1ccc(Br)c(Oc2c(Br)c(Br)c(Br)c(Br)c2Br)c1Br,801.40,23,CHOBr,halogen,yes,,1,"2,2',3,3',4,5,6,6'-Octabromodiphenyl ether",,8725,,"2,2',3,3',4,5,6,6'-Octabromodiphenyl ether",446255-46-5,,,
1720,ORYGKUIDIMIRNN-UHFFFAOYSA-N,Brc1cc(Oc2cc(Br)c(Br)c(Br)c2Br)c(Br)c(Br)c1Br,801.40,23,CHOBr,halogen,yes,,2,Octabromodiphenyl ether,,7374;14656,,Octabromodiphenyl ether | Octabromodiphenyl ether,32536-52-0;85446-17-9,,,
1721,RTUZOQFRIPIWPS-UHFFFAOYSA-N,Brc1cc(Br)c(Oc2c(Br)c(Br)c(Br)c(Br)c2Br)cc1Br,801.40,23,CHOBr,halogen,yes,,1,"2,2',3,4,4',5,5',6-Octabromodiphenyl ether",,7550,,"2,2',3,4,4',5,5',6-Octabromodiphenyl ether",337513-72-1,,,
1722,YZABCBOJTHQTSX-UHFFFAOYSA-N,Brc1cc(Br)c(Oc2c(Br)c(Br)c(Br)c(Br)c2Br)c(Br)c1,801.40,23,CHOBr,halogen,yes,,1,"2,2',3,4,4',5,6,6'-Octabromodiphenyl ether",,8727,,"2,2',3,4,4',5,6,6'-Octabromodiphenyl ether",446255-54-5,,,
1723,CUNNYUYNEAFVBM-UHFFFAOYSA-N,Nc1ccc(N=Nc2ccc(N=Nc3ccc(-c4ccc(N=Nc5ccc(O)c(C(=O)O)c5)cc4)cc3)c3ccc(S(=O)(=O)O)cc23)c2cc(S(=O)(=O)O)ccc12,801.80,84,CHNOS,"S, P or Si",yes,,1,,yes: the neutral parent's PubChem name by InChIKey,,11183,C.I. Direct Brown 27,6360-29-8,,,
1724,CQORQFOHIKVJET-UHFFFAOYSA-N,O=P(O)(C(F)(F)C(F)(F)C(F)(F)C(F)(F)C(F)(F)C(F)(F)F)C(F)(F)C(F)(F)C(F)(F)C(F)(F)C(F)(F)C(F)(F)C(F)(F)C(F)(F)F,802.10,48,CHOFP,"S, P or Si",yes,,1,,yes: the neutral parent's PubChem name by InChIKey,,16609,Sodium perfluorohexylperfluorooctylphosphinate,,,,
1725,FSOCPGAIDKKLAY-UHFFFAOYSA-N,Cc1ccc(S(=O)(=O)Oc2ccc(N=Nc3ccc(N=Nc4ccc(Nc5ccc([N+](=O)[O-])cc5S(=O)(=O)O)cc4)c4ccc(S(=O)(=O)O)cc34)cc2)cc1,802.80,81,CHNOS,"S, P or Si",yes,,1,,yes: the neutral parent's PubChem name by InChIKey,,13117,"2-Naphthalenesulfonic acid, 8-((4-(((4-methylphenyl)sulfonyl)oxy)phenyl)azo)-5-((4-((4-nitro-2-sulfophenyl)amino)phenyl)azo)-, disodium salt",72968-81-1,azodyes,,Azo dyes
1726,UKPCWWVIRIKHNU-UHFFFAOYSA-N,Nc1cc(S(=O)(=O)O)cc2cc(S(=O)(=O)O)c(N=Nc3ccc(Nc4ccc(N=Nc5ccc(Nc6ccccc6)cc5O)cc4)c(S(=O)(=O)O)c3)c(O)c12,805.80,82,CHNOS,"S, P or Si",yes,,1,,yes: the neutral parent's PubChem name by InChIKey,,14634,"5-Amino-3-((4-((4-((4-anilino-2-hydroxyphenyl)azo)phenyl)amino)-3-sulphophenyl)azo)-4-hydroxynaphthalene-2,7-disulphonic acid, sodium salt",85223-31-0,,,
1727,RKCSOSKLQHQNTB-UHFFFAOYSA-N,Cc1cc(N=Nc2ccc(-c3ccc(N=Nc4c(S(=O)(=O)O)cc5cc(S(=O)(=O)O)c(N=Nc6cc(Cl)ccc6Cl)c(N)c5c4O)cc3)cc2)ccc1O,806.70,79,CHNOClS,"S, P or Si",yes,,1,,yes: the neutral parent's PubChem name by InChIKey,,11190,"C.I. Direct Green 7, disodium salt",6360-64-1,,,
1728,FRWIZZALLMGSGY-UHFFFAOYSA-N,Cc1ccccc1N=Nc1c(S(=O)(=O)O)cc2cc(NC(=O)Nc3ccc4c(O)c(N=Nc5ccc(S(=O)(=O)O)cc5)c(S(=O)(=O)O)cc4c3)ccc2c1O,806.80,81,CHNOS,"S, P or Si",yes,,1,,yes: the neutral parent's PubChem name by InChIKey,,11168,C.I. Direct Orange 108,6358-79-8,,,
1729,NBEDTLDKOMPAQK-UHFFFAOYSA-N,O=C(OC(=O)C(F)(F)C(F)(F)C(F)(F)C(F)(F)C(F)(F)C(F)(F)C(F)(F)F)C(F)(F)C(F)(F)C(F)(F)C(F)(F)C(F)(F)C(F)(F)C(F)(F)F,810.10,49,COF,halogen,yes,,1,Perfluorooctanoic anhydride,,7507,,Perfluorooctanoic anhydride,33496-48-9,PFASs,,PFAS
1730,PAFBNXZJAXDPGJ-UHFFFAOYSA-N,Cc1cc(-c2ccc(N=Nc3c(S(=O)(=O)O)cc4cc(S(=O)(=O)O)cc(N=Nc5ccc(N)cc5N)c4c3O)c(C)c2)ccc1N=Nc1ccc(O)c(C(=O)O)c1,810.80,87,CHNOS,"S, P or Si",yes,,1,,yes: the neutral parent's PubChem name by InChIKey,,11506,"C.I. Direct brown 52, trisodium salt",6505-12-0,,,
1731,JWXSMZJIYUUXSV-UHFFFAOYSA-N,Cc1cc(Cc2cc(C)cc(C(C)(C)C)c2OC(=O)c2ccc(C(=O)Oc3c(Cc4cc(C)cc(C(C)(C)C)c4O)cc(C)cc3C(C)(C)C)cc2)c(O)c(C(C)(C)C)c1,811.10,126,CHO,CHNO,yes,,1,"1,4-Benzenedicarboxylic acid, bis[2-(1,1-dimethylethyl)-6-[[3-(1,1-dimethylethyl)-2-hydroxy-5-methylphenyl]methyl]-4-methylphenyl] ester",,10126,,"1,4-Benzenedicarboxylic acid, bis[2-(1,1-dimethylethyl)-6-[[3-(1,1-dimethylethyl)-2-hydroxy-5-methylphenyl]methyl]-4-methylphenyl] ester",57569-40-1,,Antioxidants,
1732,PHLSTKMDJVXERN-UHFFFAOYSA-N,Nc1c(N=Nc2ccc([N+](=O)[O-])cc2)c(S(=O)(=O)O)cc2cc(S(=O)(=O)O)c(N=Nc3ccc(-c4ccc(N=Nc5ccc(O)c(C(=O)O)c5)cc4)cc3)c(O)c12,812.80,81,CHNOS,"S, P or Si",yes,,1,,yes: the neutral parent's PubChem name by InChIKey,,9645,Direct Green 8,5422-17-3,,,
1733,VCPSIOPDEPVQIS-UHFFFAOYSA-N,Nc1c(N=Nc2ccccc2[N+](=O)[O-])c(S(=O)(=O)O)cc2cc(S(=O)(=O)O)c(N=Nc3ccc(-c4ccc(N=Nc5ccc(O)c(C(=O)O)c5)cc4)cc3)c(O)c12,812.80,81,CHNOS,"S, P or Si",yes,,1,,yes: the neutral parent's PubChem name by InChIKey,,11189,C.I. Direct Green 9,6360-62-9,,,
1734,OJMBMWRMTMHMSZ-UHFFFAOYSA-N,O=C(O)C(F)(F)C(F)(F)C(F)(F)C(F)(F)C(F)(F)C(F)(F)C(F)(F)C(F)(F)C(F)(F)C(F)(F)C(F)(F)C(F)(F)C(F)(F)C(F)(F)C(F)(F)F,814.10,50,CHOF,halogen,yes,,1,Perfluorohexadecanoic acid,,11868,,Perfluorohexadecanoic acid,67905-19-5,PFASs,,PFAS
1735,WJZIASMHSNQZJC-UHFFFAOYSA-N,O=S(=O)(O)c1cc(S(=O)(=O)O)c2c(N=Nc3ccc(-c4ccc(N=Nc5c(O)ccc6cc(S(=O)(=O)O)cc(S(=O)(=O)O)c56)cc4)cc3)c(O)ccc2c1,814.80,76,CHNOS,"S, P or Si",yes,,1,,yes: the neutral parent's PubChem name by InChIKey,,11333,C.I. Direct Violet 45,6426-72-8,,,
1736,XAHTWKGGNHXJRP-UHFFFAOYSA-N,Brc1c(Br)c(Br)c2c(c1Br)Oc1c(Br)c(Br)c(Br)c(Br)c1O2,815.40,22,COBr,halogen,yes,,1,Octabromodibenzo-P-dioxin,,5001,,Octabromodibenzo-P-dioxin,2170-45-8,PBDD_PBDF_PCDD_PCDF,,
1737,DEIFTGQLWVGWHP-UHFFFAOYSA-N,Nc1c(N=Nc2ccc(-c3ccc(N=Nc4ccc(O)c(C(=O)O)c4)cc3)cc2)c(S(=O)(=O)O)c(N=Nc2cccc3ccccc23)c2cc(S(=O)(=O)O)cc(O)c12,817.80,85,CHNOS,"S, P or Si",yes,,1,,yes: the neutral parent's PubChem name by InChIKey,,2441,C.I. Direct Brown 75,1324-84-1,,,
1738,NKXPXRNUMARIMZ-UHFFFAOYSA-N,COc1cc(NC(=O)C(N=Nc2ccc(-c3ccc(N=NC(C(C)=O)C(=O)Nc4cc(OC)c(Cl)cc4OC)c(Cl)c3)cc2Cl)C(C)=O)c(OC)cc1Cl,818.50,86,CHNOCl,halogen,yes,,1,"2,2'-[(3,3'-Dichloro[1,1'-biphenyl]-4,4'-diyl)bis(azo)]bis[N-(4-chloro-2,5-dimethoxyphenyl)-3-oxobutyramide]",,9849,,"2,2'-[(3,3'-Dichloro[1,1'-biphenyl]-4,4'-diyl)bis(azo)]bis[N-(4-chloro-2,5-dimethoxyphenyl)-3-oxobutyramide]",5567-15-7,,,
1739,ZLTQWYRZPUULAJ-UHFFFAOYSA-N,COc1cc(-c2ccc(N=Nc3c(O)ccc4cc(S(=O)(=O)O)cc(S(=O)(=O)O)c34)c(OC)c2)ccc1N=Nc1ccc(OS(=O)(=O)c2ccc(C)cc2)cc1,818.90,86,CHNOS,"S, P or Si",yes,,1,,yes: the neutral parent's PubChem name by InChIKey,,11561,"Disodium 8-[[3,3'-dimethoxy-4'-[[4-[[(p-tolyl)sulphonyl]oxy]phenyl]azo][1,1'-biphenyl]-4-yl]azo]-7-hydroxynaphthalene-1,3-disulphonate",6548-30-7,azodyes,,Azo dyes
1740,HYEFCMYYZLVGFL-UHFFFAOYSA-N,C=CS(=O)(=O)CCOCCNc1nc(F)nc(Nc2ccc(N=Nc3cc4c(S(=O)(=O)O)cc(S(=O)(=O)O)cc4cc3S(=O)(=O)O)c(NC(N)=O)c2)n1,819.80,79,CHNOFS,"S, P or Si",yes,,1,,yes: the neutral parent's PubChem name by InChIKey,,712,"Trisodium 7-(4-(4-fluoro-6-(2-(2-vinylsulfonylethoxy)ethylamino)-1,3,5-triazine-2-ylamino)-2-ureidophenylazo)naphthalene-1,3,6-trisulfonate",106359-91-5,,,
1741,NEEAHSGZHHYWDL-UHFFFAOYSA-N,Cc1ccccc1N=Nc1c(S(=O)(=O)O)cc2cc(NC(=O)Nc3ccc4c(S(=O)(=O)O)c(N=Nc5ccc(S(=O)(=O)O)cc5C)c(O)cc4c3)ccc2c1O,820.80,84,CHNOS,"S, P or Si",yes,,1,,yes: the neutral parent's PubChem name by InChIKey,,11308,Trisodium 4-hydroxy-7-((((5-hydroxy-7-sulphonato-6-((o-tolyl)azo)-2-naphthyl)amino)carbonyl)amino)-3-((2-methyl-4-sulphonatophenyl)azo)naphthalene-2-sulphonate,6420-43-5,azodyes,,Azo dyes
1742,ACCYCJOHUMRMMV-NHJGESHHSA-N,CC1(C)[C@@H](O[C@@H]2O[C@H](C(=O)O)[C@@H](O)[C@H](O)[C@H]2O[C@@H]2O[C@H](C(=O)O)[C@@H](O)[C@H](O)[C@H]2O)CC[C@]2(C)[C@H]3C(=O)C=C4[C@@H]5C[C@]6(C)C[C@@H](OC6=O)[C@]5(C)CC[C@@]4(C)[C@]3(C)CC[C@@H]12,820.90,118,CHO,CHNO,yes,,1,Licoricesaponin E2,,1544,,Licoricesaponin E2,119417-96-8,,,
1743,LPLVUJXQOOQHMX-QWBHMCJMSA-N,CC1(C)[C@@H](O[C@H]2O[C@H](C(=O)O)[C@@H](O)[C@H](O)[C@H]2O[C@@H]2O[C@H](C(=O)O)[C@@H](O)[C@H](O)[C@H]2O)CC[C@]2(C)[C@H]3C(=O)C=C4[C@@H]5C[C@@](C)(C(=O)O)CC[C@]5(C)CC[C@@]4(C)[C@]3(C)CC[C@@H]12,822.90,120,CHO,CHNO,yes,,1,,yes: the neutral parent's PubChem name by InChIKey,,9585,Ammonium glycyrrhizate,53956-04-0,,,
1744,IRINQDULKPPFCW-UHFFFAOYSA-N,CCOC(=O)c1ccccc1N=Nc1c(C)c(C#N)c(O)n(CCN(CCn2c(O)c(C#N)c(C)c(N=Nc3ccccc3C(=O)OCC)c2=O)C(=O)c2ccccc2)c1=O,825.80,100,CHNO,CHNO,yes,,1,"2,2'-((Benzoylimino)bis(2,1-ethanediyl(5-cyano-2-hydroxy-4-methyl-6-oxo-1,3(6H)-pyridinediyl)azo))bisbenzoic acid, diethyl ester",,8804,,"2,2'-((Benzoylimino)bis(2,1-ethanediyl(5-cyano-2-hydroxy-4-methyl-6-oxo-1,3(6H)-pyridinediyl)azo))bisbenzoic acid, diethyl ester",459856-74-7,,,
1745,DLFFEROLSDLSTE-UHFFFAOYSA-N,O=S(=O)(O)c1cc(S(=O)(=O)O)c2c(N=Nc3ccc(-c4ccc(N=Nc5c(S(=O)(=O)O)cc6cc(Nc7ccccc7)ccc6c5O)cc4)cc3)c(O)ccc2c1,825.90,84,CHNOS,"S, P or Si",yes,,1,,yes: the neutral parent's PubChem name by InChIKey,,11513,"1,3-Naphthalenedisulfonic acid, 7-hydroxy-8-((4'-((1-hydroxy-6-(phenylamino)-3-sulfo-2-naphthalenyl)azo)(1,1'-biphenyl)-4-yl)azo)-, trisodium salt",6507-84-2,,,
1746,XKXJRPAWMFZKDW-UHFFFAOYSA-N,O=S(=O)(O)c1ccc2c(O)c(N=Nc3ccc(-c4ccc(N=Nc5c(S(=O)(=O)O)cc6cc(Nc7ccccc7)ccc6c5O)cc4)cc3)c(S(=O)(=O)O)cc2c1,825.90,84,CHNOS,"S, P or Si",yes,,1,,yes: the neutral parent's PubChem name by InChIKey,,11327,C.I. Direct Violet 17,6426-65-9,,,
1747,IJBLMBVNVKWXHY-UHFFFAOYSA-N,O=C(Nc1ccc(NC(=O)c2cc3ccccc3c(N=Nc3cc(Cl)ccc3Cl)c2O)c(Cl)c1)c1cc2ccccc2c(N=Nc2cc(Cl)ccc2Cl)c1O,828.90,78,CHNOCl,halogen,yes,,1,"2-Naphthalenecarboxamide, N,N'-(2-chloro-1,4-phenylene)bis[4-[(2,5-dichlorophenyl)azo]-3-hydroxy-",,9447,,"2-Naphthalenecarboxamide, N,N'-(2-chloro-1,4-phenylene)bis[4-[(2,5-dichlorophenyl)azo]-3-hydroxy-",5280-78-4,,,
1748,KLVRPMUTIRAYBC-UHFFFAOYSA-N,C=C(C)C(=O)OCCC(F)(F)C(F)(F)C(F)(F)C(F)(F)C(F)(F)C(F)(F)C(F)(F)C(F)(F)C(F)(F)C(F)(F)C(F)(F)C(F)(F)C(F)(F)C(F)(F)F,832.20,60,CHOF,halogen,yes,,1,"2-Propenoic acid, 2-methyl-, 3,3,4,4,5,5,6,6,7,7,8,8,9,9,10,10,11,11,12,12,13,13,14,14,15,15,16,16,16-nonacosafluorohexadecyl ester",,9006,,"2-Propenoic acid, 2-methyl-, 3,3,4,4,5,5,6,6,7,7,8,8,9,9,10,10,11,11,12,12,13,13,14,14,15,15,16,16,16-nonacosafluorohexadecyl ester",4980-53-4,PFASs,,PFAS
1749,LXQBVTPPBNWKGG-UHFFFAOYSA-N,Cc1cc(C2C(=O)Oc3c2cc(C(C)(C)C)cc3C(C)(C)C)cc(C)c1OP1Oc2c(cc(C(C)(C)C)cc2C(C)(C)C)C(C)c2cc(C(C)(C)C)cc(C(C)(C)C)c2O1,833.10,133,CHOP,"S, P or Si",yes,,1,"2(3H)-Benzofuranone, 5,7-bis(1,1-dimethylethyl)-3-[3,5-dimethyl-4-[[2,4,8,10-tetrakis(1,1-dimethylethyl)-12-methyl-12H-dibenzo[d,g][1,3,2]dioxaphosphocin-6-yl]oxy]phenyl]-",,4232,,"2(3H)-Benzofuranone, 5,7-bis(1,1-dimethylethyl)-3-[3,5-dimethyl-4-[[2,4,8,10-tetrakis(1,1-dimethylethyl)-12-methyl-12H-dibenzo[d,g][1,3,2]dioxaphosphocin-6-yl]oxy]phenyl]-",1803088-15-4,organophosphates,Antioxidants,Organophosphates
1750,WYURWDOWOGIKTK-BQYQJAHWSA-N,O=S(=O)(O)c1cc(-n2nc3ccc4c(S(=O)(=O)O)cccc4c3n2)ccc1/C=C/c1ccc(-n2nc3ccc4c(S(=O)(=O)O)cccc4c3n2)cc1S(=O)(=O)O,834.80,78,CHNOS,"S, P or Si",yes,,1,,yes: the neutral parent's PubChem name by InChIKey,,13262,Blankophor G,7426-67-7,benzotriazoles,,
1751,OALHHIHQOFIMEF-UHFFFAOYSA-N,O=C1OC2(c3ccccc31)c1cc(I)c(O)c(I)c1Oc1c2cc(I)c(O)c1I,835.90,37,CHOI,halogen,yes,,1,,yes: the neutral parent's PubChem name by InChIKey,,3831,Erythrosine,16423-68-0,,,
1752,RQOXTBNOVJMAHF-UHFFFAOYSA-N,COc1ccccc1N=Nc1c(S(=O)(=O)O)cc2cc(NC(=O)Nc3ccc4c(O)c(N=Nc5ccc(S(=O)(=O)O)cc5C)c(S(=O)(=O)O)cc4c3)ccc2c1O,836.80,85,CHNOS,"S, P or Si",yes,,1,,yes: the neutral parent's PubChem name by InChIKey,,11309,Direct red 24,6420-44-6,,,
1753,DMAGFMYFBVTRIA-ZAQUEYBZSA-N,Cc1cc(-c2ccccc2OC[C@@H]2CCCC[C@H]2COc2ccccc2-c2cc(C)cc(-n3c4ccccc4c4ccccc43)c2O)c(O)c(-n2c3ccccc3c3ccccc32)c1,839.00,114,CHNO,CHNO,yes,,1,"rel-2',2'''-[(1R,2R)-1,2-Cyclohexanediylbis(methyleneoxy)]bis[3-(9H-carbazol-9-yl)-5-methyl[1,1'-biphenyl]-2-ol",,15393,,"rel-2',2'''-[(1R,2R)-1,2-Cyclohexanediylbis(methyleneoxy)]bis[3-(9H-carbazol-9-yl)-5-methyl[1,1'-biphenyl]-2-ol",911296-54-3,,,
1754,PADXLTATLMUKBQ-KWMFLLDMSA-N,COC1/C=C\OC2(C)Oc3c(C)c(O)c4c(O)c(c(/C=[N+](/[O-])N5CCN(C)CC5)c(O)c4c3C2=O)NC(=O)/C(C)=C\C=C/C(C)C(O)C(C)C(O)C(C)C(OC(C)=O)C1C,839.00,118,CHNO,CHNO,yes,,1,"1-[(9Z,19Z,21Z)-13-acetyloxy-2,15,17,27,29-pentahydroxy-11-methoxy-3,7,12,14,16,18,22-heptamethyl-6,23-dioxo-8,30-dioxa-24-azatetracyclo[23.3.1.14,7.05,28]triaconta-1(29),2,4,9,19,21,25,27-octaen-26-yl]-N-(4-methylpiperazin-1-yl)methanimine oxide",,9292,,"1-[(9Z,19Z,21Z)-13-acetyloxy-2,15,17,27,29-pentahydroxy-11-methoxy-3,7,12,14,16,18,22-heptamethyl-6,23-dioxo-8,30-dioxa-24-azatetracyclo[23.3.1.14,7.05,28]triaconta-1(29),2,4,9,19,21,25,27-octaen-26-yl]-N-(4-methylpiperazin-1-yl)methanimine oxide",51963-55-4,,,
1755,FQJYSFQAQUXERU-UHFFFAOYSA-N,Nc1c(S(=O)(=O)O)cc(S(=O)(=O)O)c2ccc(N=Nc3ccc(-c4ccc(N=Nc5c(S(=O)(=O)O)cc6cc(Nc7ccccc7)ccc6c5O)cc4)cc3)c(O)c12,840.90,86,CHNOS,"S, P or Si",yes,,1,,yes: the neutral parent's PubChem name by InChIKey,,11337,C.I. Direct Blue 177,6426-76-2,,,
1756,WCBTUUOHVGMSLY-UHFFFAOYSA-N,C=CS(=O)(=O)CCOCCNc1nc(Cl)nc(Nc2cc(S(=O)(=O)O)cc3cc(S(=O)(=O)O)c(N=Nc4ccc5ccccc5c4S(=O)(=O)O)c(O)c23)n1,844.30,80,CHNOClS,"S, P or Si",yes,,1,,yes: the neutral parent's PubChem name by InChIKey,,6060,"2,7-Naphthalenedisulfonic acid, 5-((4-chloro-6-((2-(2-(ethenylsulfonyl)ethoxy)ethyl)amino)-1,3,5-triazin-2-yl)amino)-4-hydroxy-3-(2-(1-sulfo-2-naphthalenyl)diazenyl)-, sodium salt (1:3)",259795-03-4,,,
1757,JFWLZGFQYNTGAI-UHFFFAOYSA-N,O=C(Nc1cccc2c(NC(=O)c3cc4ccccc4c(N=Nc4cccc(Cl)c4Cl)c3O)cccc12)c1cc2ccccc2c(N=Nc2cccc(Cl)c2Cl)c1O,844.50,84,CHNOCl,halogen,yes,,1,"N,N'-Naphthalene-1,5-diylbis(4-((2,3-dichlorophenyl)azo)-3-hydroxynaphthalene-2-carboxamide)",,12279,,"N,N'-Naphthalene-1,5-diylbis(4-((2,3-dichlorophenyl)azo)-3-hydroxynaphthalene-2-carboxamide)",68516-75-6,,,
1758,IZPWYVQTUVBMCO-UHFFFAOYSA-N,Nc1cc(S(=O)(=O)O)cc2cc(S(=O)(=O)O)c(N=Nc3ccc(-c4ccc(N=Nc5c(S(=O)(=O)O)cc6cc(S(=O)(=O)O)cc(N)c6c5O)cc4)cc3)c(O)c12,844.80,80,CHNOS,"S, P or Si",yes,,1,,yes: the neutral parent's PubChem name by InChIKey,,6080,C.I. Direct Blue 6,2602-46-2,,,
1759,MHIPPKXKESHCIO-UHFFFAOYSA-N,FC(F)(F)C(F)(F)C(F)(F)C(F)(F)C(F)(F)C(F)(F)C(F)(F)C(F)(F)C(F)(F)C(F)(F)C(F)(F)C(F)(F)C(F)(F)C(F)(F)I,846.00,44,CFI,halogen,yes,,1,Nonacosafluoro-1-iodotetradecane,,7107,,Nonacosafluoro-1-iodotetradecane,307-63-1,PFASs,,PFAS
1760,YXECGXCUSASWPV-UHFFFAOYSA-N,O=S(=O)(O)c1cc(O)c2c(O)c(N=Nc3ccc(-c4ccc(N=Nc5c(S(=O)(=O)O)cc6cc(S(=O)(=O)O)cc(O)c6c5O)cc4)cc3)c(S(=O)(=O)O)cc2c1,846.80,78,CHNOS,"S, P or Si",yes,,1,,yes: the neutral parent's PubChem name by InChIKey,,11334,C.I. Direct Blue 49,6426-73-9,,,
1761,ZNEBZIJCDDCNRC-SWTLDUCYSA-N,CC(=O)OC[C@H]1O[C@@](COC(=O)C(C)C)(O[C@H]2O[C@H](COC(C)=O)[C@@H](OC(=O)C(C)C)[C@H](OC(=O)C(C)C)[C@H]2OC(=O)C(C)C)[C@@H](OC(=O)C(C)C)[C@@H]1OC(=O)C(C)C,846.90,121,CHO,CHNO,yes,,1,"alpha-D-Glucopyranoside, beta-D-fructofuranosyl, diacetate hexakis(2-methylpropanoate)",,16175,,"alpha-D-Glucopyranoside, beta-D-fructofuranosyl, diacetate hexakis(2-methylpropanoate)",126-13-6,,,
1762,WUPCFMITFBVJMS-UHFFFAOYSA-N,CN1C(C)(C)CC(OC(=O)CC(C(=O)OC2CC(C)(C)N(C)C(C)(C)C2)C(CC(=O)OC2CC(C)(C)N(C)C(C)(C)C2)C(=O)OC2CC(C)(C)N(C)C(C)(C)C2)CC1(C)C,847.20,146,CHNO,CHNO,yes,,1,"1,2,3,4-Butanetetracarboxylic acid, 1,2,3,4-tetrakis(1,2,2,6,6-pentamethyl-4-piperidinyl) ester",,15435,,"1,2,3,4-Butanetetracarboxylic acid, 1,2,3,4-tetrakis(1,2,2,6,6-pentamethyl-4-piperidinyl) ester",91788-83-9,,UV stabilizers,
1763,LFIPRZQWYZWHJN-UHFFFAOYSA-N,C[Si](C)(CCCOC(=O)NC1CCC(CC2CCC(N=C=O)CC2)CC1)O[Si](C)(C)O[Si](C)(C)CCCOC(=O)NC1CCC(CC2CCC(N=C=O)CC2)CC1,849.30,133,CHNOSi,"S, P or Si",yes,,1,3-[[[3-[[4-[(4-isocyanatocyclohexyl)methyl]cyclohexyl]carbamoyloxy]propyl-dimethylsilyl]oxy-dimethylsilyl]oxy-dimethylsilyl]propyl N-[4-[(4-isocyanatocyclohexyl)methyl]cyclohexyl]carbamate,,2994,,3-[[[3-[[4-[(4-isocyanatocyclohexyl)methyl]cyclohexyl]carbamoyloxy]propyl-dimethylsilyl]oxy-dimethylsilyl]oxy-dimethylsilyl]propyl N-[4-[(4-isocyanatocyclohexyl)methyl]cyclohexyl]carbamate,1411847-67-0,silanes_siloxanes_silicones,,Siloxanes and silanes
1764,IDISPOJSCQQBFF-UHFFFAOYSA-N,O=C(Nc1ccc(NC(=O)c2cc3ccccc3c(N=Nc3ccc(Cl)cc3[N+](=O)[O-])c2O)c(Cl)c1)c1cc2ccccc2c(N=Nc2ccc(Cl)cc2[N+](=O)[O-])c1O,850.00,82,CHNOCl,halogen,yes,,1,"N,N'-(2-Chloro-1,4-phenylene)bis(4-((4-chloro-2-nitrophenyl)azo)-3-hydroxynaphthalene-2-carboxamide)",,7773,,"N,N'-(2-Chloro-1,4-phenylene)bis(4-((4-chloro-2-nitrophenyl)azo)-3-hydroxynaphthalene-2-carboxamide)",35869-64-8,,,
1765,QSFJQSAXHHUOHR-UHFFFAOYSA-N,Nc1c(N=Nc2ccc(-c3ccc(N=Nc4c(S(=O)(=O)O)cc5cc(S(=O)(=O)O)c(N=Nc6ccccc6)c(O)c5c4N)cc3)cc2)ccc2c(S(=O)(=O)O)cccc12,852.90,87,CHNOS,"S, P or Si",yes,,1,,yes: the neutral parent's PubChem name by InChIKey,,11496,"2,7-Naphthalenedisulfonic acid, 4-amino-3-((4'-((1-amino-5-sulfo-2-naphthalenyl)azo)(1,1'-biphenyl)-4-yl)azo)-5-hydroxy-6-(phenylazo)-, trisodium salt",6486-54-0,,,
1766,WBWXVCMXGYSMQA-UHFFFAOYSA-N,CC(C)(c1ccccc1)c1ccc(OP2OCC3(CO2)COP(Oc2ccc(C(C)(C)c4ccccc4)cc2C(C)(C)c2ccccc2)OC3)c(C(C)(C)c2ccccc2)c1,853.00,119,CHOP,"S, P or Si",yes,,1,"3,9-Bis(2,4-dicumylphenoxy)-2,4,8,10-tetraoxa-3,9-diphosphaspiro[5.5]undecane",,3466,,"3,9-Bis(2,4-dicumylphenoxy)-2,4,8,10-tetraoxa-3,9-diphosphaspiro[5.5]undecane",154862-43-8,organophosphates,Antioxidants,Organophosphates
1767,MTYFLWBSAJJYJS-UHFFFAOYSA-N,Cc1ccccc1N=Nc1c(S(=O)(=O)O)cc2cc(NC(=O)Nc3ccc4c(O)c(N=Nc5ccc6cc(S(=O)(=O)O)ccc6c5)c(S(=O)(=O)O)cc4c3)ccc2c1O,856.90,87,CHNOS,"S, P or Si",yes,,1,,yes: the neutral parent's PubChem name by InChIKey,,11409,Direct Red 73,6460-01-1,,,
1768,WNUUEQSIAHJIGU-BUHFOSPRSA-N,CN(CCO)c1nc(Nc2ccccc2)nc(Nc2ccc(/C=C/c3ccc(Nc4nc(Nc5ccccc5)nc(N(C)CCO)n4)cc3S(=O)(=O)O)c(S(=O)(=O)O)c2)n1,856.90,100,CHNOS,"S, P or Si",yes,,1,,yes: the neutral parent's PubChem name by InChIKey,,2857,Tinopal 5BM,13863-31-5,,,
1769,NLWJOLRIRSJRKQ-UHFFFAOYSA-N,CC(=O)C(N=Nc1ccc(N=Nc2c(S(=O)(=O)O)cc3cc(S(=O)(=O)O)c(N=Nc4ccc(S(=O)(=O)O)c5ccccc45)c(O)c3c2N)cc1)C(=O)Nc1ccccc1,860.90,87,CHNOS,"S, P or Si",yes,,1,,yes: the neutral parent's PubChem name by InChIKey,,14063,"2,7-Naphthalenedisulfonic acid, 4-amino-5-hydroxy-3-((4-((2-oxo-1-((phenylamino)carbonyl)propyl)azo)phenyl)azo)-6-((4-sulfo-1-naphthalenyl)azo)-, trisodium salt",79135-92-5,diazo_amino_hydroxyl_naphthalenedisulfonic_acid_dyes,,
1770,KLOBVOJCYFKUOI-UHFFFAOYSA-N,Nc1ccc(N=Nc2ccc(NS(=O)(=O)c3ccc(N=Nc4c(S(=O)(=O)O)cc5cc(S(=O)(=O)O)c(N=Nc6ccc([N+](=O)[O-])cc6)c(N)c5c4O)cc3)cc2)c(N)c1,861.90,86,CHNOS,"S, P or Si",yes,,1,,yes: the neutral parent's PubChem name by InChIKey,,4690,Acid black 242,201792-73-6,diazo_amino_hydroxyl_naphthalenedisulfonic_acid_dyes,,
1771,BNOJIFCMRRONPS-UHFFFAOYSA-N,O=C(Nc1cc(Cl)c(NC(=O)c2cc3ccccc3c(N=Nc3cc(Cl)ccc3Cl)c2O)cc1Cl)c1cc2ccccc2c(N=Nc2cc(Cl)ccc2Cl)c1O,863.40,78,CHNOCl,halogen,yes,,1,"N,N'-(2,5-Dichloro-1,4-phenylene)bis[4-[(2,5-dichlorophenyl)azo]-3-hydroxynaphthalene-2-carboxamide]",,8281,,"N,N'-(2,5-Dichloro-1,4-phenylene)bis[4-[(2,5-dichlorophenyl)azo]-3-hydroxynaphthalene-2-carboxamide]",40618-31-3,,,
1772,JQIOLMICJSHGLH-UHFFFAOYSA-N,Nc1c(N=Nc2ccc([N+](=O)[O-])cc2)c(S(=O)(=O)O)cc2cc(S(=O)(=O)O)c(N=Nc3ccc(NS(=O)(=O)c4ccc(N=Nc5ccc(O)cc5O)cc4)cc3)c(O)c12,863.80,84,CHNOS,"S, P or Si",yes,,1,,yes: the neutral parent's PubChem name by InChIKey,,1482,"4-Amino-6-[2-[4-[[[4-[2-(2,4-dihydroxyphenyl)diazenyl]phenyl]sulfonyl]amino]phenyl]diazenyl]-5-hydroxy-3-[2-(4-nitrophenyl)diazenyl]-2,7-naphthalenedisulfonic acid sodium salt (1:2)",1185314-63-9,,,
1773,USXMEZVRIJLDML-UHFFFAOYSA-N,Nc1c(N=Nc2ccc([N+](=O)[O-])cc2)c(S(=O)(=O)O)cc2cc(S(=O)(=O)O)c(N=Nc3ccc(S(=O)(=O)Nc4ccc(N=Nc5ccc(O)cc5O)cc4)cc3)c(O)c12,863.80,84,CHNOS,"S, P or Si",yes,,1,,yes: the neutral parent's PubChem name by InChIKey,,2909,"2,7-Naphthalenedisulfonic acid, 4-amino-6-[2-[4-[[[4-[2-(2,4-dihydroxyphenyl)diazenyl]phenyl]amino]sulfonyl]phenyl]diazenyl]-5-hydroxy-3-[2-(4-nitrophenyl)diazenyl]-, sodium salt (1:2)",1397283-80-5,diazo_amino_hydroxyl_naphthalenedisulfonic_acid_dyes,,
1774,LWICCBMIAPTSTO-UHFFFAOYSA-N,Brc1cc(Br)c(-c2c(Br)c(Br)c(Br)c(Br)c2Br)c(Br)c1Br,864.30,22,CHBr,halogen,yes,,1,"2,2',3,3',4,4',5,6,6'-Nonabromobiphenyl",,6559,,"2,2',3,3',4,4',5,6,6'-Nonabromobiphenyl",27753-52-2,,,
1775,QLERKXRXNDBTDM-UHFFFAOYSA-N,Brc1cc(-c2c(Br)c(Br)c(Br)c(Br)c2Br)c(Br)c(Br)c1Br,864.30,22,CHBr,halogen,yes,,1,"2,2',3,3',4,4',5,5',6-Nonabromobiphenyl",,12617,,"2,2',3,3',4,4',5,5',6-Nonabromobiphenyl",69278-62-2,,,
1776,NJFHJVQWJLIZHF-XVKREQDHSA-N,CC(=O)O[C@@H]1[C@@H](OC(C)=O)[C@@H]2OC[C@H]3O[C@@H](OCC4OC(OC[C@@H](O2)[C@H]1OC(C)=O)[C@H](OC(C)=O)[C@@H](OC(C)=O)[C@@H]4OC(C)=O)[C@H](OC(C)=O)[C@@H](OC(C)=O)[C@@H]3OC(C)=O,864.80,108,CHO,CHNO,yes,,1,"O-Glucopyranosyl(1-6)(3) 1,6''-anhydride nonaacetate",,15896,,"O-Glucopyranosyl(1-6)(3) 1,6''-anhydride nonaacetate",96399-51-8,,,
1777,DYJSZBVSJTVTKJ-UHFFFAOYSA-N,CC1(C)c2c(Br)c(Br)c(Br)c(Br)c2C(C)(c2cccc(Br)c2Br)C1(Br)Br,867.50,38,CHBr,halogen,yes,,1,"Octabromo-2,3-dihydro-1,1,3-trimethyl-3-phenyl-1H-indene",,3490,,"Octabromo-2,3-dihydro-1,1,3-trimethyl-3-phenyl-1H-indene",155613-93-7,,,
1778,MVUXOUVWNWWKOU-UHFFFAOYSA-N,CC1(C)CC(C)(c2cc(Br)c(Br)c(Br)c2Br)c2c(Br)c(Br)c(Br)c(Br)c21,867.50,38,CHBr,halogen,yes,,1,OctaInd,,911,,OctaInd,1084889-51-9,,,
1779,VCEPSAITQNAZCU-UHFFFAOYSA-N,C=CC(=O)OCCC(F)(F)C(F)(F)C(F)(F)C(F)(F)C(F)(F)C(F)(F)C(F)(F)C(F)(F)C(F)(F)C(F)(F)C(F)(F)C(F)(F)C(F)(C(F)(F)F)C(F)(F)F,868.20,60,CHOF,halogen,yes,,1,"3,3,4,4,5,5,6,6,7,7,8,8,9,9,10,10,11,11,12,12,13,13,14,14,15,16,16,16-Octacosafluoro-15-(trifluoromethyl)hexadecyl acrylate",,15407,,"3,3,4,4,5,5,6,6,7,7,8,8,9,9,10,10,11,11,12,12,13,13,14,14,15,16,16,16-Octacosafluoro-15-(trifluoromethyl)hexadecyl acrylate",91615-22-4,PFASs,,PFAS
1780,VMDYMJSKWCVEEB-UHFFFAOYSA-N,CC(C)(C)c1cc(CCC(=O)N2CN(C(=O)CCc3cc(C(C)(C)C)c(O)c(C(C)(C)C)c3)CN(C(=O)CCc3cc(C(C)(C)C)c(O)c(C(C)(C)C)c3)C2)cc(C(C)(C)C)c1O,868.30,144,CHNO,CHNO,yes,,1,"1,3,5-Tris(3,5-di-tert-butyl-4-hydroxyhydrocinnamoyl)hexahydro-S-triazine",,6132,,"1,3,5-Tris(3,5-di-tert-butyl-4-hydroxyhydrocinnamoyl)hexahydro-S-triazine",26175-70-2,,Antioxidants,
1781,XJAFNUYWDPNWST-UHFFFAOYSA-N,O=C(Nc1ccc(-c2ccc(NC(=O)c3cc4ccccc4c(N=Nc4ccccc4Cl)c3O)c(Cl)c2)cc1Cl)c1cc2ccccc2c(N=Nc2ccccc2Cl)c1O,870.60,88,CHNOCl,halogen,yes,,1,"N,N'-(3,3'-Dichloro[1,1'-biphenyl]-4,4'-diyl)bis[4-[(2-chlorophenyl)azo]-3-hydroxynaphthalene-2-carboxamide]",,9446,,"N,N'-(3,3'-Dichloro[1,1'-biphenyl]-4,4'-diyl)bis[4-[(2-chlorophenyl)azo]-3-hydroxynaphthalene-2-carboxamide]",5280-74-0,,,
1782,COXVTLYNGOIATD-UHFFFAOYSA-N,Cc1cc(-c2ccc(N=Nc3ccc4c(S(=O)(=O)O)cc(S(=O)(=O)O)c(N)c4c3O)c(C)c2)ccc1N=Nc1ccc2c(S(=O)(=O)O)cc(S(=O)(=O)O)c(N)c2c1O,872.90,86,CHNOS,"S, P or Si",yes,,1,,yes: the neutral parent's PubChem name by InChIKey,,7218,Evans blue,314-13-6,azodyes,,Azo dyes
1783,ZBNARPCCDMHDDV-UHFFFAOYSA-N,Cc1cc(-c2ccc(N=Nc3c(S(=O)(=O)O)cc4cc(S(=O)(=O)O)cc(N)c4c3O)c(C)c2)ccc1N=Nc1c(S(=O)(=O)O)cc2cc(S(=O)(=O)O)cc(N)c2c1O,872.90,86,CHNOS,"S, P or Si",yes,,1,,yes: the neutral parent's PubChem name by InChIKey,,12998,Trypan blue,72-57-1,azodyes,,Azo dyes
1784,KHGHLOYBMLYJPS-UHFFFAOYSA-N,FC(F)(F)C(F)(F)C(F)(F)C(F)(F)C(F)(F)C(F)(F)C(F)(F)C(F)(F)C(F)(F)C(F)(F)C(F)(F)C(F)(F)C(F)(F)C(F)(F)CCI,874.10,50,CHFI,halogen,yes,,1,"1,1,1,2,2,3,3,4,4,5,5,6,6,7,7,8,8,9,9,10,10,11,11,12,12,13,13,14,14-Nonacosafluoro-16-iodohexadecane",,11566,,"1,1,1,2,2,3,3,4,4,5,5,6,6,7,7,8,8,9,9,10,10,11,11,12,12,13,13,14,14-Nonacosafluoro-16-iodohexadecane",65510-55-6,PFASs,,PFAS
1785,ROGNBMSOQTYMME-UHFFFAOYSA-N,Cc1cc(-c2ccc(N=Nc3c(S(=O)(=O)O)cc4cc(S(=O)(=O)O)cc(O)c4c3O)c(C)c2)ccc1N=Nc1c(S(=O)(=O)O)cc2cc(S(=O)(=O)O)cc(O)c2c1O,874.90,84,CHNOS,"S, P or Si",yes,,1,,yes: the neutral parent's PubChem name by InChIKey,,4952,C.I. Direct blue 25,2150-54-1,azodyes,,Azo dyes
1786,ASGZXYIDLFWXID-UHFFFAOYSA-N,Brc1cc(Br)c(Br)c(Oc2c(Br)c(Br)c(Br)c(Br)c2Br)c1Br,880.30,23,CHOBr,halogen,yes,,1,"2,2',3,3',4,5,5',6,6'-Nonabromodiphenyl ether",,8572,,"2,2',3,3',4,5,5',6,6'-Nonabromodiphenyl ether",437701-78-5,,,
1787,CYRHBNRLQMLULE-UHFFFAOYSA-N,Brc1cc(Oc2c(Br)c(Br)c(Br)c(Br)c2Br)c(Br)c(Br)c1Br,880.30,23,CHOBr,halogen,yes,,2,Nonabromodiphenyl ether,,11129;11239,,Nonabromodiphenyl ether | Nonabromodiphenyl ether,63387-28-0;63936-56-1,,,
1788,IEEVDIAVLGLVOW-UHFFFAOYSA-N,Brc1cc(Br)c(Oc2c(Br)c(Br)c(Br)c(Br)c2Br)c(Br)c1Br,880.30,23,CHOBr,halogen,yes,,1,"2,2',3,3',4,4',5,6,6'-Nonabromodiphenyl ether",,8573,,"2,2',3,3',4,4',5,6,6'-Nonabromodiphenyl ether",437701-79-6,,,
1789,HZVHSLWVAJMAKH-UHFFFAOYSA-N,O=C1OCCCCOC(=O)c2ccc(cc2)C(=O)OCCCCOC(=O)c2ccc(cc2)C(=O)OCCCCOC(=O)c2ccc(cc2)C(=O)OCCCCOC(=O)c2ccc1cc2,880.90,112,CHO,CHNO,yes,,1,"Cyclotetrakis(1,4-butylene Terephthalate)",,6834,,"Cyclotetrakis(1,4-butylene Terephthalate)",29278-72-6,,,
1790,FXVPOIQQSVLCLD-UHFFFAOYSA-N,Nc1c(S(=O)(=O)O)cc2cc(S(=O)(=O)O)ccc2c1N=Nc1ccc(-c2ccc(N=Nc3c(N)c(S(=O)(=O)O)cc4cc(S(=O)(=O)O)ccc34)c(Cl)c2)cc1Cl,881.70,78,CHNOClS,"S, P or Si",yes,,1,,yes: the neutral parent's PubChem name by InChIKey,,11560,Direct Red 46,6548-29-4,azodyes,,Azo dyes
1791,WSPGUHLVXPTGNB-UHFFFAOYSA-N,C=C(C)C(=O)OCCC(F)(F)C(F)(F)C(F)(F)C(F)(F)C(F)(F)C(F)(F)C(F)(F)C(F)(F)C(F)(F)C(F)(F)C(F)(F)C(F)(F)C(F)(C(F)(F)F)C(F)(F)F,882.20,63,CHOF,halogen,yes,,1,"3,3,4,4,5,5,6,6,7,7,8,8,9,9,10,10,11,11,12,12,13,13,14,14,15,16,16,16-Octacosafluoro-15-(trifluoromethyl)hexadecyl methacrylate",,15692,,"3,3,4,4,5,5,6,6,7,7,8,8,9,9,10,10,11,11,12,12,13,13,14,14,15,16,16,16-Octacosafluoro-15-(trifluoromethyl)hexadecyl methacrylate",94158-64-2,PFASs,,PFAS
1792,GYUXOTJIIYGBCX-UHFFFAOYSA-N,COc1cc(-c2ccc(N=Nc3c(S(=O)(=O)O)cc4cccc(S(=O)(=O)O)c4c3O)c(OC)c2)ccc1N=Nc1c(S(=O)(=O)O)cc2cc(Nc3ccccc3)ccc2c1O,885.90,92,CHNOS,"S, P or Si",yes,,1,,yes: the neutral parent's PubChem name by InChIKey,,11689,"Trisodium 8-hydroxy-7-((4'-((1-hydroxy-6-(phenylamino)-3-sulphonato-2-naphthyl)azo)-3,3'-dimethoxy(1,1'-biphenyl)-4-yl)azo)naphthalene-1,6-disulphonate",6655-96-5,,,
1793,SOGKSNZFDBFKCV-UHFFFAOYSA-N,C[Si]1(C)O[Si](C)(C)O[Si](C)(C)O[Si](C)(C)O[Si](C)(C)O[Si](C)(C)O[Si](C)(C)O[Si](C)(C)O[Si](C)(C)O[Si](C)(C)O[Si](C)(C)O[Si](C)(C)O1,889.90,120,CHOSi,"S, P or Si",yes,,1,Tetracosamethyl-cyclododecasiloxane,,4463,,Tetracosamethyl-cyclododecasiloxane,18919-94-3,silanes_siloxanes_silicones,,Siloxanes and silanes
1794,IJIMFKKYEMAYQN-UHFFFAOYSA-N,Nc1cc(N)c(N=Nc2ccc(S(=O)(=O)O)c3ccccc23)cc1N=Nc1ccc(-c2ccc(N=Nc3cc(N=Nc4ccc(S(=O)(=O)O)c5ccccc45)c(N)cc3N)cc2)cc1,891.00,98,CHNOS,"S, P or Si",yes,,1,,yes: the neutral parent's PubChem name by InChIKey,,11426,C.I. Direct Brown 39,6473-06-9,,,
1795,CCRYUWIVRLYGBO-UHFFFAOYSA-N,FC(F)(F)C(F)(C(F)(F)F)C(F)(F)C(F)(F)C(F)(F)C(F)(F)C(F)(F)C(F)(F)C(F)(F)C(F)(F)C(F)(F)C(F)(F)C(F)(F)C(F)(F)I,896.00,47,CFI,halogen,yes,,1,"Tetradecane, 1,1,1,2,3,3,4,4,5,5,6,6,7,7,8,8,9,9,10,10,11,11,12,12,13,13,14,14-octacosafluoro-14-iodo-2-(trifluoromethyl)-",,7363,,"Tetradecane, 1,1,1,2,3,3,4,4,5,5,6,6,7,7,8,8,9,9,10,10,11,11,12,12,13,13,14,14-octacosafluoro-14-iodo-2-(trifluoromethyl)-",3248-63-3,PFASs,,PFAS
1796,SVOCBPYVHOTFRV-UHFFFAOYSA-N,FC(F)(F)C(F)(F)C(F)(F)C(F)(F)C(F)(F)C(F)(F)C(F)(F)C(F)(F)C(F)(F)C(F)(F)C(F)(F)C(F)(F)C(F)(F)C(F)(F)C(F)(F)I,896.00,47,CFI,halogen,yes,,1,Hentriacontafluoropentadecyl iodide,,7514,,Hentriacontafluoropentadecyl iodide,335-79-5,PFASs,,PFAS
1797,JZWSGEZNRDXUIX-UHFFFAOYSA-N,O=S(=O)(O)OCCS(=O)(=O)c1ccc(N=Nc2c(S(=O)(=O)O)cc3cc(S(=O)(=O)O)cc(Nc4nc(Cl)nc(Nc5cccc(S(=O)(=O)O)c5)n4)c3c2O)cc1,896.30,78,CHNOClS,"S, P or Si",yes,,1,,yes: the neutral parent's PubChem name by InChIKey,,14025,Reactive Red 198,78952-61-1,,,
1798,WVZPPSUMWZROGE-UHFFFAOYSA-N,C=C(O)C(=O)OCCCC(F)(F)C(F)(F)C(F)(F)C(F)(F)C(F)(F)C(F)(F)C(F)(F)C(F)(F)C(F)(F)C(F)(F)C(F)(F)C(F)(F)C(F)(C(F)(F)F)C(F)(F)F,898.20,64,CHOF,halogen,yes,,1,"4,4,5,5,6,6,7,7,8,8,9,9,10,10,11,11,12,12,13,13,14,14,15,15,16,17,17,17-Octacosafluoro-2-hydroxy-16-(trifluoromethyl)heptadecyl acrylate",,3687,,"4,4,5,5,6,6,7,7,8,8,9,9,10,10,11,11,12,12,13,13,14,14,15,15,16,17,17,17-Octacosafluoro-2-hydroxy-16-(trifluoromethyl)heptadecyl acrylate",16083-78-6,PFASs,,PFAS
1799,SWVFFYFFEMGNNS-UHFFFAOYSA-N,Cc1cc(S(=O)(=O)O)ccc1N=Nc1c(S(=O)(=O)O)cc2cc(NC(=O)Nc3ccc4c(O)c(N=Nc5ccc(S(=O)(=O)O)cc5C)c(S(=O)(=O)O)cc4c3)ccc2c1O,900.90,88,CHNOS,"S, P or Si",yes,,1,,yes: the neutral parent's PubChem name by InChIKey,,6736,"7,7'-(Carbonyldiimino)bis4-hydroxy-3-(2-methyl-4-sulphonatophenyl)azonaphthalene-2-sulphonate (sodium salt)",28706-33-4,,,
1800,RJYWXFHROGZUDJ-UHFFFAOYSA-N,COc1cc(-c2ccc(N=Nc3c(S(=O)(=O)O)cc4cc(Nc5ccccc5)ccc4c3O)c(OC)c2)ccc1N=Nc1ccc2c(S(=O)(=O)O)cc(S(=O)(=O)O)c(N)c2c1O,900.90,94,CHNOS,"S, P or Si",yes,,1,,yes: the neutral parent's PubChem name by InChIKey,,11799,C.I. Direct Blue 215,6771-80-8,,,
1801,NGXJTOMGAJYYDH-UHFFFAOYSA-N,CCn1c(O)c(N=Nc2cc(Nc3nc(Cl)nc(Nc4ccc(S(=O)(=O)O)c(Nc5nc(N)nc(Cl)n5)c4)n3)c(S(=O)(=O)O)cc2S(=O)(=O)O)c(C)c(C(N)=O)c1=O,903.70,82,CHNOClS,"S, P or Si",yes,,1,"1,3-Benzenedisulfonic acid, 4-((5-(aminocarbonyl)-1-ethyl-1,6-dihydro-2-hydroxy-4-methyl-6-oxo-3-pyridinyl)azo)-6-((4-((3-((4-amino-6-chloro-1,3,5-triazin-2-yl)amino)-4-sulfophenyl)amino)-6-chloro-1,3,5-triazin-2-yl)amino)-",,15644,,"1,3-Benzenedisulfonic acid, 4-((5-(aminocarbonyl)-1-ethyl-1,6-dihydro-2-hydroxy-4-methyl-6-oxo-3-pyridinyl)azo)-6-((4-((3-((4-amino-6-chloro-1,3,5-triazin-2-yl)amino)-4-sulfophenyl)amino)-6-chloro-1,3,5-triazin-2-yl)amino)-",93941-80-1,,,
1802,OTKRGWXWWWNPKU-UHFFFAOYSA-N,Nc1c(N=Nc2ccc(S(=O)(=O)CCOS(=O)(=O)O)cc2)c(S(=O)(=O)O)cc2cc(S(=O)(=O)O)c(N=Nc3ccc(S(=O)(=O)CCOS(=O)(=O)O)cc3)c(O)c12,903.90,81,CHNOS,"S, P or Si",yes,,1,,yes: the neutral parent's PubChem name by InChIKey,,4013,Reactive Black 5,17095-24-8,azodyes,,Azo dyes
1803,KIZIRROTJQVUGJ-UHFFFAOYSA-N,COc1cc(-c2ccc(N=Nc3c(S(=O)(=O)O)cc4cc(S(=O)(=O)O)cc(N)c4c3O)c(OC)c2)ccc1N=Nc1c(S(=O)(=O)O)cc2cc(S(=O)(=O)O)cc(N)c2c1O,904.90,88,CHNOS,"S, P or Si",yes,,1,,yes: the neutral parent's PubChem name by InChIKey,,5404,Direct blue 15,2429-74-5,azodyes,,Azo dyes
1804,OHMJKMNGYYWCHB-UHFFFAOYSA-N,COc1cc(-c2ccc(N=Nc3ccc4c(S(=O)(=O)O)cc(S(=O)(=O)O)c(N)c4c3O)c(OC)c2)ccc1N=Nc1ccc2c(S(=O)(=O)O)cc(S(=O)(=O)O)c(N)c2c1O,904.90,88,CHNOS,"S, P or Si",yes,,1,,yes: the neutral parent's PubChem name by InChIKey,,6103,Chicago Sky Blue 6B,2610-05-1,azodyes,,Azo dyes
1805,QKCQTSMOZQZOJP-UHFFFAOYSA-N,COc1cc(-c2ccc(N=Nc3c(S(=O)(=O)O)cc4cc(S(=O)(=O)O)cc(O)c4c3O)c(OC)c2)ccc1N=Nc1c(S(=O)(=O)O)cc2cc(S(=O)(=O)O)cc(O)c2c1O,906.90,86,CHNOS,"S, P or Si",yes,,1,,yes: the neutral parent's PubChem name by InChIKey,,8434,C.I. Direct blue 10,4198-19-0,,,
1806,PHBXFYLJODFETJ-UHFFFAOYSA-N,Cc1ccccc1Nc1cc(O)ccc1N=Nc1ccc(-c2ccc(N=Nc3c(S(=O)(=O)O)cc4cc(S(=O)(=O)O)c(N=Nc5ccc(S(=O)(=O)O)cc5)c(O)c4c3N)cc2)cc1,909.00,95,CHNOS,"S, P or Si",yes,,1,,yes: the neutral parent's PubChem name by InChIKey,,11169,C.I. Acid Black 94,6358-80-1,,,
1807,FIGVSQKKPIKBST-UHFFFAOYSA-N,COC(=O)CCCC1(c2ccccc2)C23c4c5c6c7c8c9c(c%10c%11c2c2c4c4c%12c5c5c6c6c8c8c%13c9c9c%10c%10c%11c%11c2c2c4c4c%12c%12c5c5c6c8c6c8c%13c9c9c%10c%10c%11c2c2c4c4c%12c5c6c5c8c9c%10c2c45)C713,910.90,88,CHO,CHNO,yes,,1,"3'H-Cyclopropa[1,9][5,6]fullerene-C60-Ih-3'-butanoic acid, 3'-phenyl-, methyl ester",,3689,,"3'H-Cyclopropa[1,9][5,6]fullerene-C60-Ih-3'-butanoic acid, 3'-phenyl-, methyl ester",160848-22-6,,,
1808,HLFSLNUYVSKXFA-UHFFFAOYSA-N,Nc1ccc2ccc(N)c(N=Nc3ccc(-c4ccc(N=Nc5c(S(=O)(=O)O)cc6cc(S(=O)(=O)O)c(N=Nc7ccc([N+](=O)[O-])cc7S(=O)(=O)O)c(O)c6c5N)cc4)cc3)c2c1,912.90,91,CHNOS,"S, P or Si",yes,,1,,yes: the neutral parent's PubChem name by InChIKey,,11187,C.I. Acid Black 66,6360-59-4,,,
1809,AYSXDYBYQBGAQO-UHFFFAOYSA-N,Nc1ccc2cc(S(=O)(=O)O)c(N=Nc3ccc(-c4ccc(N=Nc5c(S(=O)(=O)O)cc6cc(S(=O)(=O)O)c(N=Nc7ccc([N+](=O)[O-])cc7)c(N)c6c5O)cc4)cc3)c(O)c2c1,913.90,90,CHNOS,"S, P or Si",yes,,1,,yes: the neutral parent's PubChem name by InChIKey,,8846,"2,7-Naphthalenedisulfonic acid, 4-amino-6-((4'-((7-amino-1-hydroxy-3-sulfo-2-naphthalenyl)azo)(1,1'-biphenyl)-4-yl)azo)-5-hydroxy-3-((4-nitrophenyl)azo)-, trisodium salt",4656-30-8,,,
1810,ZTSDOGSKTICNPQ-UHFFFAOYSA-N,O=C(O)C(F)(F)C(F)(F)C(F)(F)C(F)(F)C(F)(F)C(F)(F)C(F)(F)C(F)(F)C(F)(F)C(F)(F)C(F)(F)C(F)(F)C(F)(F)C(F)(F)C(F)(F)C(F)(F)C(F)(F)F,914.10,56,CHOF,halogen,yes,,1,Perfluorooctadecanoic acid,,3854,,Perfluorooctadecanoic acid,16517-11-6,PFASs,,PFAS
1811,MLIPLRICHBJSFY-UHFFFAOYSA-N,CC(=O)C(N=Nc1cc(C(=O)Nc2cc(Cl)ccc2C)ccc1Cl)C(=O)Nc1cc(C)c(NC(=O)C(N=Nc2cc(C(=O)Nc3cc(Cl)ccc3C)ccc2Cl)C(C)=O)cc1C,916.60,100,CHNOCl,halogen,yes,,1,"3,3'-[(2,5-Dimethyl-p-phenylene)bis[imino(1-acetyl-2-oxoethylene)azo]]bis[4-chloro-N-(5-chloro-o-tolyl)benzamide]",,9448,,"3,3'-[(2,5-Dimethyl-p-phenylene)bis[imino(1-acetyl-2-oxoethylene)azo]]bis[4-chloro-N-(5-chloro-o-tolyl)benzamide]",5280-80-8,,,
1812,PLTOWUBLEPQHQC-UHFFFAOYSA-N,CC(C)(C)c1cc(CCC(=O)OCC(CO)(COC(=O)CCc2cc(C(C)(C)C)c(O)c(C(C)(C)C)c2)COC(=O)CCc2cc(C(C)(C)C)c(O)c(C(C)(C)C)c2)cc(C(C)(C)C)c1O,917.30,150,CHO,CHNO,yes,,1,"Pentaerythritol tris(3,5-di-tert-butyl-4-hydroxyhydrocinnamate)",,14514,,"Pentaerythritol tris(3,5-di-tert-butyl-4-hydroxyhydrocinnamate)",84633-54-5,,Antioxidants,
1813,LNHWUZDJHVJDIA-UHFFFAOYSA-N,COc1cc(-c2ccc(N=Nc3c(O)ccc4cc(S(=O)(=O)O)ccc34)c(OC)c2)ccc1N=Nc1c(S(=O)(=O)O)cc2c(N=Nc3ccc([N+](=O)[O-])cc3C(=O)O)c(N)ccc2c1O,922.90,95,CHNOS,"S, P or Si",yes,,1,,yes: the neutral parent's PubChem name by InChIKey,,14397,"Benzoic acid, 2-[[2-amino-5-hydroxy-6-[[4'-[(2-hydroxy-6-sulfo-1-naphthalenyl)azo]-3,3'-dimethoxy[1,1'-biphenyl]-4-yl]azo]-7-sulfo-1-naphthalenyl]azo]-5-nitro-, sodium salt",83221-79-8,,,
1814,XMMBDRPGSLCQJK-UHFFFAOYSA-N,Nc1ccc(N=Nc2cccc(N=Nc3c(N=Nc4cc(S(=O)(=O)O)c(N=Nc5ccc(-c6ccc(N=Nc7ccc(O)c(C(=O)O)c7)cc6)cc5)c5ccccc45)ccc(N)c3N)c2)c(N)c1,925.00,104,CHNOS,"S, P or Si",yes,,1,,yes: the neutral parent's PubChem name by InChIKey,,7487,C.I. Direct Brown 25,33363-87-0,,,
1815,KTIRDZPYBSANLK-UHFFFAOYSA-N,Cc1ccc(C(=O)OC(C)C)cc1N=Nc1c(O)c(C(=O)Nc2cc(Cl)c(NC(=O)c3cc4ccccc4c(N=Nc4cc(C(=O)OC(C)C)ccc4C)c3O)cc2Cl)cc2ccccc12,925.80,108,CHNOCl,halogen,yes,,1,"Benzoic acid, 3,3'-[(2,5-dichloro-1,4-phenylene)bis[iminocarbonyl(2-hydroxy-3,1-naphthalenediyl)azo]]bis[4-methyl-, bis(1-methylethyl) ester",,12934,,"Benzoic acid, 3,3'-[(2,5-dichloro-1,4-phenylene)bis[iminocarbonyl(2-hydroxy-3,1-naphthalenediyl)azo]]bis[4-methyl-, bis(1-methylethyl) ester",71566-54-6,,,
1816,PYZZWCXOEADQTK-UHFFFAOYSA-N,COc1cc(N=Nc2cc(S(=O)(=O)O)c3cccc(S(=O)(=O)O)c3c2)c(C)cc1NC(=O)Nc1cc(C)c(N=Nc2cc(S(=O)(=O)O)c3cccc(S(=O)(=O)O)c3c2)cc1OC,929.00,94,CHNOS,"S, P or Si",yes,,1,,yes: the neutral parent's PubChem name by InChIKey,,11307,Direct Yellow 34,6420-33-3,azodyes,,Azo dyes
1817,ZUBICKPRAVNZDE-UHFFFAOYSA-N,Cc1cc(-c2cc(C(C)(C)C)cc(C(C)(C)C)c2)c(O)c(-c2cc(C(C)(C)C)ccc2OCCCOc2ccc(C(C)(C)C)cc2-c2cc(C)cc(-c3cc(C(C)(C)C)cc(C(C)(C)C)c3)c2O)c1,929.40,153,CHO,CHNO,yes,,1,"[1,1':3',1''-Terphenyl]-2'-ol, 2,2'''-[1,3-propanediylbis(oxy)]bis[3'',5,5''-tris(1,1-dimethylethyl)-5'-methyl-",,518,,"[1,1':3',1''-Terphenyl]-2'-ol, 2,2'''-[1,3-propanediylbis(oxy)]bis[3'',5,5''-tris(1,1-dimethylethyl)-5'-methyl-",1042662-40-7,,,
1818,GEVPMCITMSGJKL-UHFFFAOYSA-N,O=C(Nc1cc(Cl)c(NC(=O)c2cc3ccccc3c(N=Nc3cc(C(F)(F)F)ccc3Cl)c2O)cc1Cl)c1cc2ccccc2c(N=Nc2cc(C(F)(F)F)ccc2Cl)c1O,930.50,84,CHNOFCl,halogen,yes,,1,"N,N'-(2,5-dichloro-1,4-phenylene)bis[4-[[2-chloro-5-(trifluoromethyl)phenyl]azo]-3-hydroxynaphthalene-2-carboxamide]",,9331,,"N,N'-(2,5-dichloro-1,4-phenylene)bis[4-[[2-chloro-5-(trifluoromethyl)phenyl]azo]-3-hydroxynaphthalene-2-carboxamide]",52238-92-3,PFASs,,PFAS
1819,ZUALWZZTVZJCFI-UHFFFAOYSA-N,COc1ccc(S(=O)(=O)CCOS(=O)(=O)O)cc1N=Nc1c(S(=O)(=O)O)cc2cc(S(=O)(=O)O)c(N=Nc3ccc(S(=O)(=O)CCOS(=O)(=O)O)cc3)c(N)c2c1O,933.90,85,CHNOS,"S, P or Si",yes,,1,,yes: the neutral parent's PubChem name by InChIKey,,15646,"Tetrasodium 4-amino-5-hydroxy-6-((2-methoxy-5-((2-(sulphonatooxy)ethyl)sulphonyl)phenyl)azo)-3-((4-((2-(sulphonatooxy)ethyl)sulphonyl)phenyl)azo)naphthalene-2,7-disulphonate",93951-21-4,,,
1820,PFTIMORLWNOYIQ-UHFFFAOYSA-N,CC(=O)C(N=Nc1cc(C(=O)Nc2cccc(Cl)c2C)ccc1Cl)C(=O)Nc1cc(Cl)c(NC(=O)C(N=Nc2cc(C(=O)Nc3cccc(Cl)c3C)ccc2Cl)C(C)=O)cc1C,937.10,97,CHNOCl,halogen,yes,,1,"3,3'-[(2-Chloro-5-methyl-p-phenylene)bis[imino(1-acetyl-2-oxoethylene)azo]]bis[4-chloro-N-(3-chloro-o-tolyl)benzamide]",,9882,,"3,3'-[(2-Chloro-5-methyl-p-phenylene)bis[imino(1-acetyl-2-oxoethylene)azo]]bis[4-chloro-N-(3-chloro-o-tolyl)benzamide]",5580-57-4,,,
1821,WXAIFKZFGHKMDZ-UHFFFAOYSA-N,Nc1ccc2cc(S(=O)(=O)O)c(N=Nc3ccc(-c4ccc(N=Nc5c(S(=O)(=O)O)cc6cc(S(=O)(=O)O)c(N=Nc7cc(Cl)ccc7Cl)c(N)c6c5O)cc4)cc3)c(O)c2c1,937.80,88,CHNOClS,"S, P or Si",yes,,1,,yes: the neutral parent's PubChem name by InChIKey,,11191,C.I. Direct Blue 51,6360-65-2,,,
1822,BLYVOCSVMBEJLS-UHFFFAOYSA-N,NC(=O)Nc1cc(Nc2nc(Cl)nc(Nc3cccc(S(=O)(=O)CCOS(=O)(=O)O)c3)n2)ccc1N=Nc1cc2c(S(=O)(=O)O)cc(S(=O)(=O)O)cc2cc1S(=O)(=O)O,938.30,83,CHNOClS,"S, P or Si",yes,,1,,yes: the neutral parent's PubChem name by InChIKey,,14185,C.I. Reactive Yellow 145,80157-00-2,,,
1823,AQPHBYQUCKHJLT-UHFFFAOYSA-N,Brc1c(Br)c(Br)c(-c2c(Br)c(Br)c(Br)c(Br)c2Br)c(Br)c1Br,943.20,22,CBr,halogen,yes,,1,Decabromobiphenyl,,2741,,Decabromobiphenyl,13654-09-6,PBDEs,,
1824,YDRDTDKISFMAQR-SBGDMIGBSA-N,CC(C)C1=CC2=CC[C@@H]3[C@](C)(CCC[C@@]3(C)C(=O)OCC(COC(=O)[C@]3(C)CCC[C@@]4(C)[C@H]3CC=C3C=C(C(C)C)CC[C@@H]34)OC(=O)[C@]3(C)CCC[C@@]4(C)[C@H]3CC=C3C=C(C(C)C)CC[C@@H]34)[C@H]2CC1,945.40,161,CHO,CHNO,yes,,1,Glyceryl triabietate,,4794,,Glyceryl triabietate,20633-97-0,,,
1825,MEXQRXXROOSHGK-UHFFFAOYSA-N,FC(OC(F)(F)C(F)(OC(F)(F)C(F)(OC(F)(F)C(F)(OC(F)(F)C(F)(OC(F)(F)C(F)(F)C(F)(F)F)C(F)(F)F)C(F)(F)F)C(F)(F)F)C(F)(F)F)C(F)(F)F,950.10,58,CHOF,halogen,yes,,1,"2H-Tricosafluoro-5,8,11,14-tetrakis(trifluoromethyl)-3,6,9,12,15-pentaoxaoctadecane",,7986,,"2H-Tricosafluoro-5,8,11,14-tetrakis(trifluoromethyl)-3,6,9,12,15-pentaoxaoctadecane",37486-69-4,PFASs,,PFAS
1826,DYIZJUDNMOIZQO-UHFFFAOYSA-N,O=C1c2c(Br)c(Br)c(Br)c(Br)c2C(=O)N1CCN1C(=O)c2c(Br)c(Br)c(Br)c(Br)c2C1=O,951.50,36,CHNOBr,halogen,yes,,1,"N,N-Ethylene-bis(tetrabromophthalimide)",,7377,,"N,N-Ethylene-bis(tetrabromophthalimide)",32588-76-4,,,
1827,ADHAFJLXGIAZAN-UHFFFAOYSA-N,CC(=O)C(N=Nc1cc(C(=O)Nc2cc(Cl)ccc2C)ccc1Cl)C(=O)Nc1cc(Cl)c(NC(=O)C(N=Nc2cc(C(=O)Nc3cc(Cl)ccc3C)ccc2Cl)C(C)=O)cc1Cl,957.50,94,CHNOCl,halogen,yes,,1,"3,3'-[(2,5-Dichloro-p-phenylene)bis[imino(1-acetyl-2-oxoethylene)azo]]bis[4-chloro-N-(5-chloro-o-tolyl)benzamide]",,9883,,"3,3'-[(2,5-Dichloro-p-phenylene)bis[imino(1-acetyl-2-oxoethylene)azo]]bis[4-chloro-N-(5-chloro-o-tolyl)benzamide]",5580-58-5,,,
1828,HIZWWNRIKFQNJD-UHFFFAOYSA-N,CC(=O)C(N=Nc1cc(C(=O)Nc2cc(Cl)ccc2Cl)ccc1Cl)C(=O)Nc1cc(C)c(NC(=O)C(N=Nc2cc(C(=O)Nc3cc(Cl)ccc3Cl)ccc2Cl)C(C)=O)cc1C,957.50,94,CHNOCl,halogen,yes,,1,"4-chloro-3-[[1-[4-[[2-[[2-chloro-5-[(2,5-dichlorophenyl)carbamoyl]phenyl]diazenyl]-3-oxobutanoyl]amino]-2,5-dimethylanilino]-1,3-dioxobutan-2-yl]diazenyl]-N-(2,5-dichlorophenyl)benzamide",,13618,,"4-chloro-3-[[1-[4-[[2-[[2-chloro-5-[(2,5-dichlorophenyl)carbamoyl]phenyl]diazenyl]-3-oxobutanoyl]amino]-2,5-dimethylanilino]-1,3-dioxobutan-2-yl]diazenyl]-N-(2,5-dichlorophenyl)benzamide",76233-82-4,,,
1829,LVWYQUGWJKUBQW-UHFFFAOYSA-N,O=C1OCCOC(=O)c2ccc(cc2)C(=O)OCCOC(=O)c2ccc(cc2)C(=O)OCCOC(=O)c2ccc(cc2)C(=O)OCCOC(=O)c2ccc(cc2)C(=O)OCCOC(=O)c2ccc1cc2,960.90,110,CHO,CHNO,yes,,1,"3,6,13,16,23,26,33,36,43,46-Decaoxahexacyclo[46.2.2.28,11.218,21.228,31.238,41]hexaconta-1(51),8,10,18,20,28(56),29,31(55),38(54),39,41(53),48(52),49,57,59-pentadecaene-2,7,12,17,22,27,32,37,42,47-decone",,3707,,"3,6,13,16,23,26,33,36,43,46-Decaoxahexacyclo[46.2.2.28,11.218,21.228,31.238,41]hexaconta-1(51),8,10,18,20,28(56),29,31(55),38(54),39,41(53),48(52),49,57,59-pentadecaene-2,7,12,17,22,27,32,37,42,47-decone",16104-97-5,,,
1830,RNAPSAHKBFUGDK-UHFFFAOYSA-N,COc1cc(N=Nc2cc(S(=O)(=O)O)cc3cc(S(=O)(=O)O)cc(O)c23)c(C)cc1NC(=O)Nc1cc(C)c(N=Nc2cc(S(=O)(=O)O)cc3cc(S(=O)(=O)O)cc(O)c23)cc1OC,961.00,96,CHNOS,"S, P or Si",yes,,1,,yes: the neutral parent's PubChem name by InChIKey,,4550,"C.I. Direct Red 79, tetrasodium salt",1937-34-4,,,
1831,MPQNFNSSRBYRRH-UHFFFAOYSA-N,CN1C(C)(C)CN(CCN(c2nc(N(CCN3CC(C)(C)N(C)C(C)(C)C3=O)C3CCCCC3)nc(N(CCN3CC(C)(C)N(C)C(C)(C)C3=O)C3CCCCC3)n2)C2CCCCC2)C(=O)C1(C)C,961.40,165,CHNO,CHNO,yes,,1,"1-[2-[[4,6-Bis[cyclohexyl-[2-(3,3,4,5,5-pentamethyl-2-oxopiperazin-1-yl)ethyl]amino]-1,3,5-triazin-2-yl]-cyclohexylamino]ethyl]-3,3,4,5,5-pentamethylpiperazin-2-one",,2210,,"1-[2-[[4,6-Bis[cyclohexyl-[2-(3,3,4,5,5-pentamethyl-2-oxopiperazin-1-yl)ethyl]amino]-1,3,5-triazin-2-yl]-cyclohexylamino]ethyl]-3,3,4,5,5-pentamethylpiperazin-2-one",130277-45-1,,,
1832,MPLUILWLGXVNJY-UHFFFAOYSA-N,Cc1cc(-c2ccc(N=Nc3c(S(=O)(=O)O)cc4ccc(N=Nc5cc(S(=O)(=O)O)c6cccc(O)c6c5O)cc4c3O)c(C)c2)ccc1N=Nc1cc(S(=O)(=O)O)c2cccc(O)c2c1O,965.00,99,CHNOS,"S, P or Si",yes,,1,,yes: the neutral parent's PubChem name by InChIKey,,12813,C.I. Direct Blue 26,7082-31-7,,,
1833,CWZVMVIHYSYLSI-UHFFFAOYSA-N,O=S(=O)(c1cc(Br)c(OCC(Br)CBr)c(Br)c1)c1cc(Br)c(OCC(Br)CBr)c(Br)c1,965.60,45,CHOBrS,"S, P or Si",yes,,1,"1,1'-Sulfonylbis(3,5-dibromo-4-(2,3-dibromopropoxy)benzene)",,8512,,"1,1'-Sulfonylbis(3,5-dibromo-4-(2,3-dibromopropoxy)benzene)",42757-55-1,,,
1834,DFEQHQYWWRRCOR-UHFFFAOYSA-N,Nc1cc(N)c(N=Nc2cc(S(=O)(=O)O)cc3cc(S(=O)(=O)O)c(N=Nc4ccc(-c5ccc(N=Nc6ccc(O)c(C(=O)O)c6)cc5)cc4)c(O)c23)cc1N=Nc1ccc(S(=O)(=O)O)cc1,966.90,97,CHNOS,"S, P or Si",yes,,1,,yes: the neutral parent's PubChem name by InChIKey,,14414,"Benzoic acid, 5-[[4'-[[8-[[2,4-diamino-5-[(4-sulfophenyl)azo]phenyl]azo]-1-hydroxy-3,6-disulfo-2-naphthalenyl]azo][1,1'-biphenyl]-4-yl]azo]-2-hydroxy-, tetrasodium salt",83606-72-8,,,
1835,QOFPQLOFSZXYPY-UHFFFAOYSA-N,C=CC(=O)OCCC(F)(F)C(F)(F)C(F)(F)C(F)(F)C(F)(F)C(F)(F)C(F)(F)C(F)(F)C(F)(F)C(F)(F)C(F)(F)C(F)(F)C(F)(F)C(F)(F)C(F)(C(F)(F)F)C(F)(F)F,968.20,66,CHOF,halogen,yes,,1,"3,3,4,4,5,5,6,6,7,7,8,8,9,9,10,10,11,11,12,12,13,13,14,14,15,15,16,16,17,18,18,18-Dotriacontafluoro-17-(trifluoromethyl)octadecyl acrylate",,15691,,"3,3,4,4,5,5,6,6,7,7,8,8,9,9,10,10,11,11,12,12,13,13,14,14,15,15,16,16,17,18,18,18-Dotriacontafluoro-17-(trifluoromethyl)octadecyl acrylate",94158-63-1,PFASs,,PFAS
1836,BZQKBFHEWDPQHD-UHFFFAOYSA-N,Brc1c(Br)c(Br)c(CCc2c(Br)c(Br)c(Br)c(Br)c2Br)c(Br)c1Br,971.20,28,CHBr,halogen,yes,,1,"1,2-Bis(perbromophenyl)ethane",,14540,,"1,2-Bis(perbromophenyl)ethane",84852-53-9,,,
1837,IYOVSGHZOIZSDC-UHFFFAOYSA-N,CC(Br)(CBr)COc1c(Br)cc(C(C)(C)c2cc(Br)c(OCC(C)(Br)CBr)c(Br)c2)cc1Br,971.70,57,CHOBr,halogen,yes,,1,"1,1'-(Isopropylidene)bis(3,5-dibromo-4-(2,3-dibromo-2-methylpropoxy)benzene)",,15958,,"1,1'-(Isopropylidene)bis(3,5-dibromo-4-(2,3-dibromo-2-methylpropoxy)benzene)",97416-84-7,,,
1838,UPTHZACOSZQKJN-UHFFFAOYSA-N,O=C(Nc1ccc2c(O)c(N=Nc3ccc4cc(S(=O)(=O)O)ccc4c3)c(S(=O)(=O)O)cc2c1)Nc1ccc2c(O)c(N=Nc3ccc4cc(S(=O)(=O)O)ccc4c3)c(S(=O)(=O)O)cc2c1,973.00,94,CHNOS,"S, P or Si",yes,,1,,yes: the neutral parent's PubChem name by InChIKey,,6735,"7,7'-(Carbonyldiimino)bis4-hydroxy-3-(6-sulphonato-2-naphthyl)azonaphthalene-2-sulphonate (sodium salt)",28706-25-4,,,
1839,IICCLYANAQEHCI-UHFFFAOYSA-N,O=C1OC2(c3cc(I)c(O)c(I)c3Oc3c2cc(I)c(O)c3I)c2c(Cl)c(Cl)c(Cl)c(Cl)c21,973.70,37,CHOClI,halogen,yes,,2,,yes: the neutral parent's PubChem name by InChIKey,,11100;11101,"Spiro(isobenzofuran-1(3H),9'-(9H)xanthen)-3-one, 4,5,6,7-tetrachloro-3',6'-dihydroxy-2',4',5',7'-tetraiodo-, dipotassium salt | Xantryl",632-68-8;632-69-9,,,
1840,UHLVINFHJXUXCW-UHFFFAOYSA-N,Cc1cc(Nc2nc(NCCO)nc(Nc3ccc(N=Nc4cc(S(=O)(=O)O)c5cccc(S(=O)(=O)O)c5c4)c(C)c3)n2)ccc1N=Nc1cc(S(=O)(=O)O)c2cccc(S(=O)(=O)O)c2c1,979.00,100,CHNOS,"S, P or Si",yes,,1,,yes: the neutral parent's PubChem name by InChIKey,,9134,"Tetrasodium 3,3'-((6-((2-hydroxyethyl)amino)-1,3,5-triazine-2,4-diyl)bis(imino(2-methyl-4,1-phenylene)azo))bisnaphthalene-1,5-disulphonate",50925-42-3,,,
1841,BEMICOOQLAQVTK-UHFFFAOYSA-N,C=C(C)C(=O)OCCC(F)(F)C(F)(F)C(F)(F)C(F)(F)C(F)(F)C(F)(F)C(F)(F)C(F)(F)C(F)(F)C(F)(F)C(F)(F)C(F)(F)C(F)(F)C(F)(F)C(F)(C(F)(F)F)C(F)(F)F,982.30,69,CHOF,halogen,yes,,1,"3,3,4,4,5,5,6,6,7,7,8,8,9,9,10,10,11,11,12,12,13,13,14,14,15,15,16,16,17,18,18,18-Dotriacontafluoro-17-(trifluoromethyl)octadecyl methacrylate",,15693,,"3,3,4,4,5,5,6,6,7,7,8,8,9,9,10,10,11,11,12,12,13,13,14,14,15,15,16,16,17,18,18,18-Dotriacontafluoro-17-(trifluoromethyl)octadecyl methacrylate",94158-65-3,PFASs,,PFAS
1842,WXAUKIULWFTVGW-UHFFFAOYSA-N,O=[N+]([O-])c1ccc(Nc2ccc(N=Nc3cc(N=Nc4ccc(N=Nc5ccc(Nc6ccc([N+](=O)[O-])cc6S(=O)(=O)O)cc5)c5c(S(=O)(=O)O)cccc45)c(O)cc3O)cc2)c(S(=O)(=O)O)c1,984.90,96,CHNOS,"S, P or Si",yes,,1,,yes: the neutral parent's PubChem name by InChIKey,,13059,"Naphthalenesulfonic acid, 5-((2,4-dihydroxy-5-((4-((4-nitro-2-sulfophenyl)amino)phenyl)azo)phenyl)azo)-8-((4-((4-nitro-2-sulfophenyl)amino)phenyl)azo)-, trisodium salt",72496-92-5,azodyes,,Azo dyes
1843,SBVPWEXFELHUBP-UHFFFAOYSA-N,Nc1c(N=Nc2ccc3cc(S(=O)(=O)O)cc(O)c3c2)ccc(N=Nc2cc(S(=O)(=O)O)cc3cc(S(=O)(=O)O)c(N=Nc4ccc(-c5ccc(N=Nc6ccc(O)cc6)cc5)cc4)c(O)c23)c1N,989.00,101,CHNOS,"S, P or Si",yes,,1,,yes: the neutral parent's PubChem name by InChIKey,,2442,C.I. Direct Brown 33,1324-87-4,,,
1844,BCSZQTDMXPAYQX-BQYQJAHWSA-N,O=S(=O)(O)c1cccc(Nc2nc(NCCO)nc(Nc3ccc(/C=C/c4ccc(Nc5nc(NCCO)nc(Nc6cccc(S(=O)(=O)O)c6)n5)cc4S(=O)(=O)O)c(S(=O)(=O)O)c3)n2)c1,989.00,102,CHNOS,"S, P or Si",yes,,1,,yes: the neutral parent's PubChem name by InChIKey,,3797,"4,4'-Bis((4-((2-hydroxyethyl)amino)-6-(m-sulphoanilino)-1,3,5-triazin-2-yl)amino)stilbene-2,2'-disulphonic acid, sodium salt",16324-27-9,,,
1845,AFWOYEYXUDHGHF-UHFFFAOYSA-N,O=P(O)(OCCC(F)(F)C(F)(F)C(F)(F)C(F)(F)C(F)(F)C(F)(F)C(F)(F)C(F)(F)F)OCCC(F)(F)C(F)(F)C(F)(F)C(F)(F)C(F)(F)C(F)(F)C(F)(F)C(F)(F)F,990.20,68,CHOFP,"S, P or Si",yes,,1,"Bis(3,3,4,4,5,5,6,6,7,7,8,8,9,9,10,10,10-heptadecafluorodecyl) hydrogen phosphate",,11833,,"Bis(3,3,4,4,5,5,6,6,7,7,8,8,9,9,10,10,10-heptadecafluorodecyl) hydrogen phosphate",678-41-1,PFASs;organophosphates,,Organophosphates;PFAS
1846,BNYFFXPYABZWAY-UHFFFAOYSA-N,Nc1ccc2c(O)c(N=Nc3ccc(-c4ccc(N=Nc5c(S(=O)(=O)O)cc6cc(S(=O)(=O)O)cc(N)c6c5O)cc4)cc3)c(S(=O)(=O)O)cc2c1N=Nc1ccc([N+](=O)[O-])cc1S(=O)(=O)O,993.90,94,CHNOS,"S, P or Si",yes,,1,,yes: the neutral parent's PubChem name by InChIKey,,13079,C.I. Direct Blue 43,7273-59-8,,,
1847,PEVCFUGKAIGEMQ-UHFFFAOYSA-N,O=C(Nc1ccc(S(=O)(=O)Cl)cc1NC(=O)C(F)(F)C(F)(F)C(F)(F)C(F)(F)C(F)(F)C(F)(F)C(F)(F)F)C(F)(F)C(F)(F)C(F)(F)C(F)(F)C(F)(F)C(F)(F)C(F)(F)F,998.80,65,CHNOFClS,"S, P or Si",yes,,1,"3,4-Bis((2,2,3,3,4,4,5,5,6,6,7,7,8,8,8-pentadecafluoro-1-oxooctyl)amino)benzenesulphonyl chloride",,5385,,"3,4-Bis((2,2,3,3,4,4,5,5,6,6,7,7,8,8,8-pentadecafluoro-1-oxooctyl)amino)benzenesulphonyl chloride",24216-05-5,PFASs,,PFAS
1848,WQMHDROTYAFKGY-UHFFFAOYSA-N,Nc1cc(S(=O)(=O)O)cc2cc(S(=O)(=O)O)c(N=Nc3ccc(-c4ccc(N=Nc5ccc(N=Nc6c(S(=O)(=O)O)cc7cc(S(=O)(=O)O)cc(N)c7c6O)c6ccccc56)cc4)cc3)c(O)c12,999.00,98,CHNOS,"S, P or Si",yes,,1,,yes: the neutral parent's PubChem name by InChIKey,,12113,C.I. Direct Black 83,6837-80-5,,,
1849,JJEPQBZQAGCZTH-UHFFFAOYSA-N,Brc1c(Br)c(Br)c(OCCOc2c(Br)c(Br)c(Br)c(Br)c2Br)c(Br)c1Br,1003.20,30,CHOBr,halogen,yes,,1,"1,2-Bis(pentabromophenoxy)ethane",,10618,,"1,2-Bis(pentabromophenoxy)ethane",61262-53-1,,,
1850,XAUGVXXNNOTSRJ-UHFFFAOYSA-N,CC1(C)CC(NC(=O)N2CCCCCC2=O)CC(C)(Cn2c(=O)n(CC3(C)CC(NC(=O)N4CCCCCC4=O)CC(C)(C)C3)c(=O)n(CC3(C)CC(NC(=O)N4CCCCCC4=O)CC(C)(C)C3)c2=O)C1,1006.30,159,CHNO,CHNO,yes,,1,"1H-Azepine-1-carboxamide, N,N',N''-[(2,4,6-trioxo-1,3,5-triazine-1,3,5(2H,4H,6H)-triyl)tris[methylene(3,5,5-trimethyl-3,1-cyclohexanediyl)]]tris[hexahydro-2-oxo-",,12557,,"1H-Azepine-1-carboxamide, N,N',N''-[(2,4,6-trioxo-1,3,5-triazine-1,3,5(2H,4H,6H)-triyl)tris[methylene(3,5,5-trimethyl-3,1-cyclohexanediyl)]]tris[hexahydro-2-oxo-",68975-83-7,,,
1851,VYLIERSAAASOON-ONEGZZNKSA-N,CN(CCO)c1nc(Nc2ccc(S(=O)(=O)O)cc2)nc(Nc2ccc(/C=C/c3ccc(Nc4nc(Nc5ccc(S(=O)(=O)O)cc5)nc(N(C)CCO)n4)cc3S(=O)(=O)O)c(S(=O)(=O)O)c2)n1,1017.10,108,CHNOS,"S, P or Si",yes,,1,,yes: the neutral parent's PubChem name by InChIKey,,13257,"Tetrasodium 4,4'-bis((4-((2-hydroxyethyl)methylamino)-6-((4-sulphonatophenyl)amino)-1,3,5-triazin-2-yl)amino)stilbene-2,2'-disulphonate",74228-28-7,,,
1852,YJJVSHVOKFXOIV-UHFFFAOYSA-N,Nc1cc(S(=O)(=O)O)cc2cc(S(=O)(=O)O)c(N=Nc3ccc(-c4ccc(N=Nc5c(S(=O)(=O)O)cc6cc(S(=O)(=O)O)c(N=Nc7cc(Cl)ccc7Cl)c(N)c6c5O)cc4)cc3)c(O)c12,1017.80,92,CHNOClS,"S, P or Si",yes,,1,,yes: the neutral parent's PubChem name by InChIKey,,11387,C.I. Direct Blue 11,6451-04-3,,,
1853,BHYQWBKCXBXPKM-UHFFFAOYSA-N,O=P(OCC(CBr)(CBr)CBr)(OCC(CBr)(CBr)CBr)OCC(CBr)(CBr)CBr,1018.50,53,CHOBrP,"S, P or Si",yes,,1,Tris(tribromoneopentyl)phosphate,,4515,,Tris(tribromoneopentyl)phosphate,19186-97-1,organophosphates,,Organophosphates
1854,SLUMLSYIYAUTQK-UHFFFAOYSA-N,O=S(=O)(O)OCCS(=O)(=O)c1cccc(Nc2nc(Cl)nc(Nc3cc(S(=O)(=O)O)cc4cc(S(=O)(=O)O)c(N=Nc5ccc6c(S(=O)(=O)O)cccc6c5S(=O)(=O)O)c(O)c34)n2)c1,1026.40,88,CHNOClS,"S, P or Si",yes,,1,,yes: the neutral parent's PubChem name by InChIKey,,13777,"1,5-Naphthalenedisulfonic acid, 2-[[8-[[4-chloro-6-[[3-[[2-(sulfooxy)ethyl]sulfonyl]phenyl]amino]-1,3,5-triazin-2-yl]amino]-1-hydroxy-3,6-disulfo-2-naphthalenyl]azo]-, pentasodium salt",77365-64-1,,,
1855,LTUBIUJLEIJQCO-UHFFFAOYSA-N,Cc1cc(NC(=O)c2cc3ccccc3c(N=Nc3cc(C(=O)OC(C)C)ccc3C(=O)OC(C)C)c2O)c(C)cc1NC(=O)c1cc2ccccc2c(N=Nc2cc(C(=O)OC(C)C)ccc2C(=O)OC(C)C)c1O,1029.10,132,CHNO,CHNO,yes,,1,"1,4-Benzenedicarboxylic acid, 2,2'-((2,5-dimethyl-1,4-phenylene)bis(iminocarbonyl(2-hydroxy-3,1-naphthalenediyl)-2,1-diazenediyl))bis-, 1,1',4,4'-tetrakis(1-methylethyl) ester",,14248,,"1,4-Benzenedicarboxylic acid, 2,2'-((2,5-dimethyl-1,4-phenylene)bis(iminocarbonyl(2-hydroxy-3,1-naphthalenediyl)-2,1-diazenediyl))bis-, 1,1',4,4'-tetrakis(1-methylethyl) ester",80648-58-4,,,
1856,SAIRNRIVDZZHPU-UHFFFAOYSA-N,Cc1cc(N=Nc2cc3c(O)c(N=Nc4ccc(S(=O)(=O)O)c5ccccc45)c(S(=O)(=O)O)cc3cc2S(=O)(=O)O)c(N)c(N=Nc2ccc(-c3ccc(N=Nc4ccc(O)c(C(=O)O)c4)cc3)cc2)c1N,1031.00,106,CHNOS,"S, P or Si",yes,,1,,yes: the neutral parent's PubChem name by InChIKey,,5408,Direct Brown 31,2429-81-4,,,
1857,MDVHWMJJDVGUQN-UHFFFAOYSA-N,Nc1ccc(N=Nc2ccc3cc(S(=O)(=O)O)c(N=Nc4cc(S(=O)(=O)O)cc5cc(S(=O)(=O)O)c(N=Nc6ccc(-c7ccc(N=Nc8ccc(O)c(C(=O)O)c8)cc7)cc6)c(O)c45)c(O)c3c2)c(N)c1,1033.00,104,CHNOS,"S, P or Si",yes,,1,,yes: the neutral parent's PubChem name by InChIKey,,11341,C.I. Direct Brown 73,6428-43-9,,,
1858,NTECSKIELZJUFU-UHFFFAOYSA-N,Nc1ccc(N=Nc2ccc3c(O)c(N=Nc4cc(S(=O)(=O)O)cc5cc(S(=O)(=O)O)c(N=Nc6ccc(-c7ccc(N=Nc8ccc(O)c(C(=O)O)c8)cc7)cc6)c(O)c45)c(S(=O)(=O)O)cc3c2)c(N)c1,1033.00,104,CHNOS,"S, P or Si",yes,,1,,yes: the neutral parent's PubChem name by InChIKey,,11340,C.I. Direct Brown 70,6428-42-8,,,
1859,BEIOEBMXPVYLRY-UHFFFAOYSA-N,CC(C)(C)c1ccc(OP(Oc2ccc(C(C)(C)C)cc2C(C)(C)C)c2ccc(-c3ccc(P(Oc4ccc(C(C)(C)C)cc4C(C)(C)C)Oc4ccc(C(C)(C)C)cc4C(C)(C)C)cc3)cc2)c(C(C)(C)C)c1,1035.40,166,CHOP,"S, P or Si",yes,,2,"Tetrakis(2,4-di-tert-butylphenyl) [1,1'-biphenyl]-4,4'-diylbis(phosphonite)",,3440;8100,,"Tetrakis(2,4-di-tert-butylphenyl) [1,1'-biphenyl]-4,4'-diylbis(phosphonite) | Tetrakis(2,4-di-tert-butylphenyl) [1,1'-biphenyl]-4,4'-diylbis(phosphonite)",153453-64-6;38613-77-3,organophosphates,,Organophosphates
1860,WSXNCJNDCDTRSA-UHFFFAOYSA-N,FC(F)(F)C(F)(F)C(F)(F)C(F)(F)C(F)(F)C(F)(F)C(F)(F)C(F)(F)C(F)(F)C(F)(F)C(F)(F)C(F)(F)C(F)(F)C(F)(F)C(F)(F)C(F)(F)C(F)(F)C(F)(F)C(F)(F)C(F)(F)F,1038.10,62,CF,halogen,yes,,1,Perfluoroeicosane,,7995,,Perfluoroeicosane,37589-57-4,PFASs,,PFAS
1861,JQWHLRMVIUHJSI-UHFFFAOYSA-N,Cc1cc(C)c(C2=C(c3sc(C)c(C4=C(c5c(C)sc(C6=C(c7c(C)sc(-c8ccccc8)c7C)C(F)(F)C(F)(F)C6(F)F)c5C)C(F)(F)C(F)(F)C4(F)F)c3C)C(F)(F)C(F)(F)C2(F)F)s1,1041.00,97,CHFS,"S, P or Si",yes,,2,Trimer,,11573;16596,,Trimer | Trimer,65559-16-2,,,
1862,MQRCHVBRBGNZGJ-UHFFFAOYSA-N,CC(C)(C)c1cc(CCC(=O)OCCn2c(=O)n(CCOC(=O)CCc3cc(C(C)(C)C)c(O)c(C(C)(C)C)c3)c(=O)n(CCOC(=O)CCc3cc(C(C)(C)C)c(O)c(C(C)(C)C)c3)c2=O)cc(C(C)(C)C)c1O,1042.40,162,CHNO,CHNO,yes,,1,"(2,4,6-Trioxo-1,3,5-triazine-1,3,5(2H,4H,6H)-triyl)tri-2,1-ethanediyl tris(3,5-di-tert-butyl-4-hydroxyhydrocinnamate)",,7591,,"(2,4,6-Trioxo-1,3,5-triazine-1,3,5(2H,4H,6H)-triyl)tri-2,1-ethanediyl tris(3,5-di-tert-butyl-4-hydroxyhydrocinnamate)",34137-09-2,,Antioxidants,
1863,KTAOIBPHDVTOGV-UHFFFAOYSA-N,Nc1cc(S(=O)(=O)O)c(Nc2ccc3c(c2S(=O)(=O)O)Oc2c(Cl)c4c(c(Cl)c2=N3)Oc2c(ccc(Nc3cc(S(=O)(=O)O)c(N)cc3S(=O)(=O)O)c2S(=O)(=O)O)N=4)cc1S(=O)(=O)O,1047.80,84,CHNOClS,"S, P or Si",yes,,1,"3,10-Bis((4-amino-2,5-disulphophenyl)amino)-6,13-dichlorotriphenodioxazine-4,11-disulphonic acid",,14024,,"3,10-Bis((4-amino-2,5-disulphophenyl)amino)-6,13-dichlorotriphenodioxazine-4,11-disulphonic acid",78925-22-1,,Antioxidants,
1864,XDJMVQWHMUCIMI-UHFFFAOYSA-N,Cc1cc(Cc2cc(C)cc(C(C)(C)C)c2OP(Oc2c(Cc3cc(C)cc(C(C)(C)C)c3O)cc(C)cc2C(C)(C)C)Oc2c(Cc3cc(C)cc(C(C)(C)C)c3O)cc(C)cc2C(C)(C)C)c(O)c(C(C)(C)C)c1,1049.50,169,CHOP,"S, P or Si",yes,,1,"Phenol, 2,2'-methylenebis(6-(1,1-dimethylethyl)-4-methyl-, phosphite (3:1)",,7295,,"Phenol, 2,2'-methylenebis(6-(1,1-dimethylethyl)-4-methyl-, phosphite (3:1)",31877-16-4,organophosphates,Antioxidants,Organophosphates
1865,CVSXFBFIOUYODT-UHFFFAOYSA-N,N#CC(C(=O)OCC(COC(=O)C(C#N)=C(c1ccccc1)c1ccccc1)(COC(=O)C(C#N)=C(c1ccccc1)c1ccccc1)COC(=O)C(C#N)=C(c1ccccc1)c1ccccc1)=C(c1ccccc1)c1ccccc1,1061.20,129,CHNO,CHNO,yes,,1,"2,2-Bis(((2-cyano-3,3-diphenylacryloyl)oxy)methyl)propane-1,3-diyl bis(2-cyano-3,3-diphenylacrylate)",,4201,,"2,2-Bis(((2-cyano-3,3-diphenylacryloyl)oxy)methyl)propane-1,3-diyl bis(2-cyano-3,3-diphenylacrylate)",178671-58-4,,UV stabilizers,
1866,BDFBPPCACYFGFA-UHFFFAOYSA-N,Brc1cc(Br)c(Oc2nc(Oc3c(Br)cc(Br)cc3Br)nc(Oc3c(Br)cc(Br)cc3Br)n2)c(Br)c1,1067.40,42,CHNOBr,halogen,yes,,2,"2,4,6-Tris(2,4,6-tribromophenoxy)-1,3,5-triazine",,5962;17646,,"2,4,6-Tris(2,4,6-tribromophenoxy)-1,3,5-triazine | 2,4,6-Tris(2,4,6-tribromophenoxy)-1,3,5-triazine",25713-60-4,,,
1867,UWTDBBXDZGVBKT-UHFFFAOYSA-N,O=[N+]([O-])c1ccc(Nc2ccc(N=Nc3cc(N=Nc4cc(S(=O)(=O)O)cc5cc(S(=O)(=O)O)c(N=Nc6ccc(Nc7ccc([N+](=O)[O-])cc7S(=O)(=O)O)cc6)c(O)c45)c(O)cc3O)cc2)c(S(=O)(=O)O)c1,1081.00,101,CHNOS,"S, P or Si",yes,,1,,yes: the neutral parent's PubChem name by InChIKey,,12738,"2,7-Naphthalenedisulfonic acid, 5-(2-(2,4-dihydroxy-5-(2-(4-((4-nitro-2-sulfophenyl)amino)phenyl)diazenyl)phenyl)diazenyl)-4-hydroxy-3-(2-(4-((4-nitro-2-sulfophenyl)amino)phenyl)diazenyl)-, sodium salt (1:4)",70210-34-3,azodyes,,Azo dyes
1868,VZGHPTHHEBVYQY-UHFFFAOYSA-N,Brc1cccc(-c2c(Br)c(Br)c(Br)c(Br)c2-c2c(Br)c(Br)c(Br)c(Br)c2Br)c1Br,1098.20,32,CHBr,halogen,yes,,1,Undecabromoterphenyl,,14443,,Undecabromoterphenyl,83929-80-0,,,
1869,AYTNDRBDLBIUPZ-UHFFFAOYSA-N,O=C1OCCCCOC(=O)c2ccc(cc2)C(=O)OCCCCOC(=O)c2ccc(cc2)C(=O)OCCCCOC(=O)c2ccc(cc2)C(=O)OCCCCOC(=O)c2ccc(cc2)C(=O)OCCCCOC(=O)c2ccc1cc2,1101.10,140,CHO,CHNO,yes,,1,PBT pentamer,,14331,,PBT pentamer,82298-33-7,,,
1870,BZOOHIARAFBZEV-UHFFFAOYSA-N,Cc1cc(O)c(C(C)(C)C)cc1Sc1cc(C(C)(C)C)c(OP(Oc2cc(C)c(Sc3cc(C(C)(C)C)c(O)cc3C)cc2C(C)(C)C)Oc2cc(C)c(Sc3cc(C(C)(C)C)c(O)cc3C)cc2C(C)(C)C)cc1C,1103.60,163,CHOSP,"S, P or Si",yes,,1,Tris[2-tert-butyl-4-(5-tert-butyl-4-hydroxy-2-methylphenyl)sulfanyl-5-methylphenyl] phosphite,,7817,,Tris[2-tert-butyl-4-(5-tert-butyl-4-hydroxy-2-methylphenyl)sulfanyl-5-methylphenyl] phosphite,36339-47-6,organophosphates,Antioxidants,Organophosphates
1871,LIXRDKDLRMBFRK-UHFFFAOYSA-N,O=C1OCCOC(=O)c2ccc(cc2)C(=O)OCCOC(=O)c2ccc(cc2)C(=O)OCCOC(=O)c2ccc(cc2)C(=O)OCCOC(=O)c2ccc(cc2)C(=O)OCCOC(=O)c2ccc(cc2)C(=O)OCCOC(=O)c2ccc1cc2,1153.00,132,CHO,CHNO,yes,,1,"3,6,13,16,23,26,33,36,43,46,53,56-Dodecaoxaheptacyclo[56.2.2.28,11.218,21.228,31.238,41.248,51]doheptaconta-1(61),8,10,18,20,28,30,38(66),39,41(65),48(64),49,51(63),58(62),59,67,69,71-octadecaene-2,7,12,17,22,27,32,37,42,47,52,57-dodecone",,6889,,"3,6,13,16,23,26,33,36,43,46,53,56-Dodecaoxaheptacyclo[56.2.2.28,11.218,21.228,31.238,41.248,51]doheptaconta-1(61),8,10,18,20,28,30,38(66),39,41(65),48(64),49,51(63),58(62),59,67,69,71-octadecaene-2,7,12,17,22,27,32,37,42,47,52,57-dodecone",29644-29-9,,,
1872,PBSLELUZCGIGGM-UHFFFAOYSA-N,O=S(=O)(O)c1cc(N=Nc2c(O)ccc3ccccc23)c2c(O)c(N=Nc3ccc(-c4ccc(N=Nc5c(S(=O)(=O)O)cc6cc(S(=O)(=O)O)cc(N=Nc7c(O)ccc8ccccc78)c6c5O)cc4)cc3)c(S(=O)(=O)O)cc2c1,1155.20,114,CHNOS,"S, P or Si",yes,,1,,yes: the neutral parent's PubChem name by InChIKey,,11167,C.I. Direct Black 100,6358-73-2,,,
1873,KCRQNWFXVRCJKJ-UHFFFAOYSA-N,Brc1ccc(-c2c(Br)c(Br)c(Br)c(Br)c2Br)c(-c2c(Br)c(Br)c(Br)c(Br)c2Br)c1Br,1177.10,32,CHBr,halogen,yes,,1,Dodecabromoterphenyl,,14074,,Dodecabromoterphenyl,79596-31-9,,,
1874,BGYHLZZASRKEJE-UHFFFAOYSA-N,CC(C)(C)c1cc(CCC(=O)OCC(COC(=O)CCc2cc(C(C)(C)C)c(O)c(C(C)(C)C)c2)(COC(=O)CCc2cc(C(C)(C)C)c(O)c(C(C)(C)C)c2)COC(=O)CCc2cc(C(C)(C)C)c(O)c(C(C)(C)C)c2)cc(C(C)(C)C)c1O,1177.70,193,CHO,CHNO,yes,,1,"Pentaerythritol tetrakis(3-(3,5-di-tert-butyl-4-hydroxyphenyl)propionate)",,11707,,"Pentaerythritol tetrakis(3-(3,5-di-tert-butyl-4-hydroxyphenyl)propionate)",6683-19-8,,Antioxidants,
1875,QMXSCDIANZDPCU-UHFFFAOYSA-N,CC(C)(C)CC(C)(C)Nc1nc2nc(n1)N(C1CC(C)(C)NC(C)(C)C1)CCCCCCN(C1CC(C)(C)NC(C)(C)C1)c1nc(NC(C)(C)CC(C)(C)C)nc(n1)N(C1CC(C)(C)NC(C)(C)C1)CCCCCCN2C1CC(C)(C)NC(C)(C)C1,1197.90,218,CHN,CHNO,yes,,1,"2,9,11,13,15,22,24,26,27,28-Decaazatricyclo(21.3.1.110,14)octacosa-1(27),10,12,14(28),23,25-hexaene-12,25-diamine, N12,N25-bis(1,1,3,3-tetramethylbutyl)-2,9,15,22-tetrakis(2,2,6,6-tetramethyl-4-piperidinyl)-",,14737,,"2,9,11,13,15,22,24,26,27,28-Decaazatricyclo(21.3.1.110,14)octacosa-1(27),10,12,14(28),23,25-hexaene-12,25-diamine, N12,N25-bis(1,1,3,3-tetramethylbutyl)-2,9,15,22-tetrakis(2,2,6,6-tetramethyl-4-piperidinyl)-",86168-95-8,,UV stabilizers,
1876,LLNJVJXRCGUEHH-UHFFFAOYSA-N,COc1cc(N=Nc2cc(S(=O)(=O)O)cc3cc(S(=O)(=O)O)cc(O)c23)c(C)cc1N=Nc1c(S(=O)(=O)O)cc2cc(S(=O)(=O)O)cc(Nc3nc(Nc4ccccc4)nc(Nc4ccc(N=Nc5ccc(O)c(C(=O)O)c5)cc4)n3)c2c1O,1223.20,122,CHNOS,"S, P or Si",yes,,1,,yes: the neutral parent's PubChem name by InChIKey,,11235,"C.I. Direct Green 26, pentasodium salt",6388-26-7,,,
1877,LXURQYPCRWMXGL-UHFFFAOYSA-N,Nc1c(N=Nc2cc(Nc3nc(Cl)nc(Nc4cccc(S(=O)(=O)CCOS(=O)(=O)O)c4)n3)ccc2S(=O)(=O)O)c(S(=O)(=O)O)cc2cc(S(=O)(=O)O)c(N=Nc3ccc4c(S(=O)(=O)O)cccc4c3S(=O)(=O)O)c(O)c12,1225.60,106,CHNOClS,"S, P or Si",yes,,1,,yes: the neutral parent's PubChem name by InChIKey,,15635,"1,5-Naphthalenedisulfonic acid, 2-(2-(8-amino-7-(2-(5-((4-chloro-6-((3-((2-(sulfooxy)ethyl)sulfonyl)phenyl)amino)-1,3,5-triazin-2-yl)amino)-2-sulfophenyl)diazenyl)-1-hydroxy-3,6-disulfo-2-naphthalenyl)diazenyl)-, sodium salt (1:6)",93912-64-2,,,
1878,VOCMTGRPDQPZFA-UHFFFAOYSA-N,CC(=O)C(N=Nc1cc(C(=O)Nc2cc(C(F)(F)F)ccc2Oc2ccc(Cl)cc2)ccc1Cl)C(=O)Nc1cc(Cl)c(NC(=O)C(N=Nc2cc(C(=O)Nc3cc(C(F)(F)F)ccc3Oc3ccc(Cl)cc3)ccc2Cl)C(C)=O)cc1C,1229.20,119,CHNOFCl,halogen,yes,,1,"Benzamide, 3,3'-[(2-chloro-5-methyl-1,4-phenylene)bis[imino(1-acetyl-2-oxo-2,1-ethanediyl)-2,1-diazenediyl]]bis[4-chloro-N-[2-(4-chlorophenoxy)-5-(trifluoromethyl)phenyl]-",,14083,,"Benzamide, 3,3'-[(2-chloro-5-methyl-1,4-phenylene)bis[imino(1-acetyl-2-oxo-2,1-ethanediyl)-2,1-diazenediyl]]bis[4-chloro-N-[2-(4-chlorophenoxy)-5-(trifluoromethyl)phenyl]-",79953-85-8,PFASs,,PFAS
1879,IUNAENBIEJRAKZ-UHFFFAOYSA-N,O=C(Nc1ccc2c(O)c(N=Nc3ccc(N=Nc4ccc(S(=O)(=O)O)cc4)cc3S(=O)(=O)O)c(S(=O)(=O)O)cc2c1)Nc1ccc2c(O)c(N=Nc3ccc(N=Nc4ccc(S(=O)(=O)O)cc4)cc3S(=O)(=O)O)c(S(=O)(=O)O)cc2c1,1241.20,114,CHNOS,"S, P or Si",yes,,1,,yes: the neutral parent's PubChem name by InChIKey,,6104,Direct Red 80,2610-10-8,,,
1880,NLJYVSRAICBDSH-UHFFFAOYSA-N,ClC1(Cl)C(Cl)(Cl)C(Cl)(Cl)C(Cl)(Cl)C(Cl)(Cl)C(Cl)(Cl)C(Cl)(Cl)C(Cl)(Cl)C(Cl)(Cl)C(Cl)(Cl)C(Cl)(Cl)C(Cl)(Cl)C(Cl)(Cl)C(Cl)(Cl)C1(Cl)Cl,1243.80,45,CCl,halogen,yes,,1,Triacontachlorocyclopentadecane,,13178,,Triacontachlorocyclopentadecane,7346-98-7,,,
1881,KIZSBUXZSFRTCV-UHFFFAOYSA-N,Nc1c(N=Nc2cc(Nc3nc(Cl)nc(Nc4cccc(S(=O)(=O)O)c4)n3)ccc2S(=O)(=O)O)c(S(=O)(=O)O)cc2cc(S(=O)(=O)O)c(N=Nc3cc(Nc4nc(Cl)nc(Nc5cccc(S(=O)(=O)O)c5)n4)ccc3S(=O)(=O)O)c(O)c12,1287.10,111,CHNOClS,"S, P or Si",yes,,1,,yes: the neutral parent's PubChem name by InChIKey,,11977,"Hexasodium 4-amino-3,6-bis((5-((4-chloro-6-((3-sulphonatophenyl)amino)-1,3,5-triazin-2-yl)amino)-2-sulphonatophenyl)azo)-5-hydroxynaphthalene-2,7-disulphonate",68133-24-4,,,
1882,OVSNDJXCFPSPDZ-UHFFFAOYSA-N,O=S(=O)(O)c1cc(Nc2nc(Cl)nc(Nc3ccc(Nc4nc(Cl)nc(Nc5cc(S(=O)(=O)O)cc6cc(S(=O)(=O)O)c(N=Nc7ccccc7S(=O)(=O)O)c(O)c56)n4)cc3)n2)c2c(O)c(N=Nc3ccccc3S(=O)(=O)O)c(S(=O)(=O)O)cc2c1,1338.10,116,CHNOClS,"S, P or Si",yes,,1,,yes: the neutral parent's PubChem name by InChIKey,,12066,"4,4'-1,4-Phenylenebisimino(6-chloro-1,3,5-triazine-4,2-diyl)iminobis5-hydroxy-6-(2-sulphonatophenyl)azonaphthalene-2,7-disulphonate (sodium salt)",68214-04-0,,,
1883,VMQIGRVYMJNUAD-UHFFFAOYSA-N,O=C1OCCOC(=O)c2ccc(cc2)C(=O)OCCOC(=O)c2ccc(cc2)C(=O)OCCOC(=O)c2ccc(cc2)C(=O)OCCOC(=O)c2ccc(cc2)C(=O)OCCOC(=O)c2ccc(cc2)C(=O)OCCOC(=O)c2ccc(cc2)C(=O)OCCOC(=O)c2ccc1cc2,1345.20,154,CHO,CHNO,yes,,1,"3,6,13,16,23,26,33,36,43,46,53,56,63,66-Tetradecaoxaoctacyclo[66.2.2.28,11.218,21.228,31.238,41.248,51.258,61]tetraoctaconta-1(71),8,10,18,20,28,30,38(78),39,41(77),48(76),49,51(75),58(74),59,61(73),68(72),69,79,81,83-henicosaene-2,7,12,17,22,27,32,37,42,47,52,57,62,67-tetradecone",,6893,,"3,6,13,16,23,26,33,36,43,46,53,56,63,66-Tetradecaoxaoctacyclo[66.2.2.28,11.218,21.228,31.238,41.248,51.258,61]tetraoctaconta-1(71),8,10,18,20,28,30,38(78),39,41(77),48(76),49,51(75),58(74),59,61(73),68(72),69,79,81,83-henicosaene-2,7,12,17,22,27,32,37,42,47,52,57,62,67-tetradecone",29668-12-0,,,
1884,SNBKZRLIISDZQB-UHFFFAOYSA-N,O=S(=O)(O)c1ccc(Nc2nc(Cl)nc(NCCN=c3ccc4nc5c(Cl)c6c(c(Cl)c5oc-4c3S(=O)(=O)O)Nc3ccc(NCCNc4nc(Cl)nc(Nc5ccc(S(=O)(=O)O)cc5S(=O)(=O)O)n4)c(S(=O)(=O)O)c3O6)n2)c(S(=O)(=O)O)c1,1361.00,114,CHNOClS,"S, P or Si",yes,,1,,yes: the neutral parent's PubChem name by InChIKey,,14501,"4,11-Triphenodioxazinedisulfonic acid, 6,13-dichloro-3,10-bis[[2-[[4-chloro-6-[(2,4-disulfophenyl)amino]-1,3,5-triazin-2-yl]amino]ethyl]amino]-, sodium salt (1:6)",84434-51-5,,Antioxidants,
1885,YMIUHIAWWDYGGU-UHFFFAOYSA-N,Brc1c(Br)c(Br)c(Oc2c(Br)c(Br)c(Oc3c(Br)c(Br)c(Br)c(Br)c3Br)c(Br)c2Br)c(Br)c1Br,1366.90,34,COBr,halogen,yes,,1,"Tetradecabromo-1,4-diphenoxybenzene",,10303,,"Tetradecabromo-1,4-diphenoxybenzene",58965-66-5,,,
1886,YAGPRJYCDKGWJR-UHFFFAOYSA-N,CC(C)(C)c1cc(C(C)(C)C)c2op(OCCN(CCOp3oc4c(C(C)(C)C)cc(C(C)(C)C)cc4c4cc(C(C)(C)C)cc(C(C)(C)C)c4o3)CCOp3oc4c(C(C)(C)C)cc(C(C)(C)C)cc4c4cc(C(C)(C)C)cc(C(C)(C)C)c4o3)oc3c(C(C)(C)C)cc(C(C)(C)C)cc3c2c1,1465.00,235,CHNOP,"S, P or Si",yes,,1,"Tris[2-[[2,4,8,10-tetra-tert-butyldibenzo[d,f][1,3,2]dioxaphosphepin-6-yl]oxy]ethyl]amine",,14218,,"Tris[2-[[2,4,8,10-tetra-tert-butyldibenzo[d,f][1,3,2]dioxaphosphepin-6-yl]oxy]ethyl]amine",80410-33-9,organophosphates,,Organophosphates
1887,OZVLPQZIQJZPJY-UHFFFAOYSA-N,O=S(=O)(O)c1cc(N=Nc2ccc3c(S(=O)(=O)O)cccc3c2S(=O)(=O)O)c2c(O)c(Nc3nc(Cl)nc(Nc4ccc(Nc5nc(Cl)nc(Nc6c(S(=O)(=O)O)cc7cc(S(=O)(=O)O)cc(N=Nc8ccc9c(S(=O)(=O)O)cccc9c8S(=O)(=O)O)c7c6O)n5)cc4)n3)c(S(=O)(=O)O)cc2c1,1598.40,136,CHNOClS,"S, P or Si",yes,,1,,yes: the neutral parent's PubChem name by InChIKey,,12871,"2,2'-1,4-Phenylenebisimino(6-chloro-1,3,5-triazine-4,2-diyl)imino(1-hydroxy-3,6-disulphonatonaphthalene-2,8-diyl)azob isnaphthalene-1,5-disulphonate (sodium salt)",71002-20-5,,,
