name,smiles,plastchem_id,cas,inchikey,molecular_weight_g_mol,extra_elements
"(1S,2S,4R)-1,2-Dibromo-4-[(1R)-1,2-dibromoethyl]cyclohexane",C1C[C@@H]([C@H](C[C@@H]1[C@H](CBr)Br)Br)Br,16113,1232836-49-5,PQRRSJBLKOPVJV-KVPKETBZSA-N,427.8,Br
"(2,2-Dibromovinyl)benzene",C1=CC=C(C=C1)C=C(Br)Br,7277,31780-26-4,CYLVUSZHVURAOY-UHFFFAOYSA-N,261.94,Br
(Allyloxy)tribromobenzene,C=CCOC1=C(C(=C(C=C1)Br)Br)Br,6339,26762-91-4,FJNNYLPBIOZVIQ-UHFFFAOYSA-N,370.86,Br
"1,2,3,4-Tetrabromodibenzo-p-dioxin",C1=CC=C2C(=C1)OC3=C(O2)C(=C(C(=C3Br)Br)Br)Br,434,103456-39-9,AKUPIABWVUYZPX-UHFFFAOYSA-N,499.77,Br
"1,2,3-Tribromo-dibenzofuran",C1=CC=C2C(=C1)C3=C(C(=C(C=C3O2)Br)Br)Br,436,103456-41-3,XDHQNCQRLUFFIB-UHFFFAOYSA-N,404.88,Br
"1,2,3-Tribromooxanthrene",C1=CC=C2C(=C1)OC3=CC(=C(C(=C3O2)Br)Br)Br,433,103456-38-8,KZPCRMUPGLGTEF-UHFFFAOYSA-N,420.88,Br
"1,2,5,6-Tetrabromocyclooctane",C1CC(C(CCC(C1Br)Br)Br)Br,7303,3194-57-8,RZLXIANUDLLFHN-UHFFFAOYSA-N,427.8,Br
"1,2-Dibromo-2,4-dicyanobutane",C(CC(CBr)(C#N)Br)C#N,7753,35691-65-7,DHVLDKHFGIVEIP-UHFFFAOYSA-N,265.93,Br
"1,2-Dibromo-3-(2-bromophenoxy)benzene",C1=CC=C(C(=C1)OC2=C(C(=CC=C2)Br)Br)Br,3225,147217-74-1,VRNGWCVCSHJUEJ-UHFFFAOYSA-N,406.89,Br
"1,2-Dibromo-3-(3-bromophenoxy)benzene",C1=CC(=CC(=C1)Br)OC2=C(C(=CC=C2)Br)Br,3227,147217-76-3,RQJUBSPXDSGLRB-UHFFFAOYSA-N,406.89,Br
"1,2-Dibromo-4-(1,2-dibromoethyl)cyclohexane",C1CC(C(CC1C(CBr)Br)Br)Br,7471,3322-93-8,PQRRSJBLKOPVJV-UHFFFAOYSA-N,427.8,Br
"1,2-Dibromo-4-(3-bromophenoxy)benzene",C1=CC(=CC(=C1)Br)OC2=CC(=C(C=C2)Br)Br,3231,147217-80-9,CDVYKQPKJYPWRO-UHFFFAOYSA-N,406.89,Br
"1,2-Dibromo-dibenzofuran",C1=CC=C2C(=C1)C3=C(O2)C=CC(=C3Br)Br,435,103456-40-2,GPOPKCSRDACCHP-UHFFFAOYSA-N,325.98,Br
"1,2-Dibromoethane",C(CBr)Br,681,106-93-4,PAAZPARNPHGIKF-UHFFFAOYSA-N,187.86,Br
"1,2-Dibromooxanthrene",C1=CC=C2C(=C1)OC3=C(O2)C(=C(C=C3)Br)Br,432,103456-37-7,MKXZILBIAQNODC-UHFFFAOYSA-N,341.98,Br
"1,3,5,7-Tetrabromocyclooctane",C1C(CC(CC(CC1Br)Br)Br)Br,7224,31454-48-5,RTLBBTQCDMYRRE-UHFFFAOYSA-N,427.8,Br
"1,3-Dibromo-2-(2-bromophenoxy)benzene",C1=CC=C(C(=C1)OC2=C(C=CC=C2Br)Br)Br,3224,147217-73-0,YDFQHBRKURQGAH-UHFFFAOYSA-N,406.89,Br
"1,3-Dibromo-2-(3-bromophenoxy)benzene",C1=CC(=CC(=C1)Br)OC2=C(C=CC=C2Br)Br,7543,337513-53-8,JUPZALSVNWJHII-UHFFFAOYSA-N,406.89,Br
"1,3-Dibromo-2-(4-bromophenoxy)benzene",C1=CC(=C(C(=C1)Br)OC2=CC=C(C=C2)Br)Br,4452,189084-60-4,TYDVYKIQSZGUMV-UHFFFAOYSA-N,406.89,Br
"1,3-Dibromo-5-(3-bromophenoxy)benzene",C1=CC(=CC(=C1)Br)OC2=CC(=CC(=C2)Br)Br,3230,147217-79-6,XUKPJLVONRTECE-UHFFFAOYSA-N,406.89,Br
"1,3-Dibromo-5-(4-bromophenoxy)benzene",C1=CC(=CC=C1OC2=CC(=CC(=C2)Br)Br)Br,8304,407606-57-9,UFFNOPDHJNQYKD-UHFFFAOYSA-N,406.89,Br
"1,3-Dibromo-5-phenoxybenzene",C1=CC=C(C=C1)OC2=CC(=CC(=C2)Br)Br,8835,46438-88-4,FOXBZJLXVUHYQZ-UHFFFAOYSA-N,328,Br
"1,3-Dibromobenzene",C1=CC(=CC(=C1)Br)Br,859,108-36-1,JSRLURSZEMLAFO-UHFFFAOYSA-N,235.9,Br
"1,4-Bis(2-bromoethyl)benzene",C1=CC(=CC=C1CCBr)CCBr,8785,4542-72-7,KLVPRNNDJXCLKH-UHFFFAOYSA-N,292.01,Br
"1,4-Dibromo-2-(2-bromophenoxy)benzene",C1=CC=C(C(=C1)OC2=C(C=CC(=C2)Br)Br)Br,8303,407606-55-7,FAZLXBWRNJAGSV-UHFFFAOYSA-N,406.89,Br
"1,4-Dibromo-2-(3-bromophenoxy)benzene",C1=CC(=CC(=C1)Br)OC2=C(C=CC(=C2)Br)Br,7551,337513-75-4,VUOBKVBAFJQQDB-UHFFFAOYSA-N,406.89,Br
"1,4-Dibromo-2-(4-bromophenoxy)benzene",C1=CC(=CC=C1OC2=C(C=CC(=C2)Br)Br)Br,11516,65075-08-3,PURZBWMLFRWRMG-UHFFFAOYSA-N,406.89,Br
"1,4-Dibromobenzene",C1=CC(=CC=C1Br)Br,651,106-37-6,SWJPEBQEEAHIGZ-UHFFFAOYSA-N,235.9,Br
1-(4-Bromobutyl)-2-piperidinone,C1CCN(C(=O)C1)CCCCBr,4580,195194-80-0,OBYSASJZICHTJD-UHFFFAOYSA-N,234.13,Br
1-Amino-4-anilino-2-bromoanthraquinone,C1=CC=C(C=C1)NC2=CC(=C(C3=C2C(=O)C4=CC=CC=C4C3=O)N)Br,3533,1564-71-2,BMIJUARACLJZMP-UHFFFAOYSA-N,393.2,Br
1-Bromo-2-(2-phenylphenyl)benzene,C1=CC=C(C=C1)C2=CC=CC=C2C3=CC=CC=C3Br,13521,75295-57-7,YTLIDPYQVRVSCY-UHFFFAOYSA-N,309.2,Br
1-Bromo-2-phenoxybenzene,C1=CC=C(C=C1)OC2=CC=CC=C2Br,12750,7025-06-1,RRWFUWRLNIZICP-UHFFFAOYSA-N,249.1,Br
1-Bromo-2-phenoxybenzene,C1=CC=C(C=C1)OC2=CC=CC=C2Br,7856,36563-47-0,RRWFUWRLNIZICP-UHFFFAOYSA-N,249.1,Br
1-Bromo-2-propanol,CC(CBr)O,10838,61951-89-1,WEGOLYBUWCMMMY-UHFFFAOYSA-N,138.99,Br
1-Bromo-3-phenoxybenzene,C1=CC=C(C=C1)OC2=CC(=CC=C2)Br,12433,6876-00-2,AHDAKFFMKLQPTD-UHFFFAOYSA-N,249.1,Br
1-Bromo-4-phenoxybenzene,C1=CC=C(C=C1)OC2=CC=C(C=C2)Br,160,101-55-3,JDUYPUMQALQRCN-UHFFFAOYSA-N,249.1,Br
1-Bromoadamantane,C1C2CC3CC1CC(C2)(C3)Br,13691,768-90-1,VQHPRVYDKRESCL-UHFFFAOYSA-N,215.13,Br
1-Bromodecane,CCCCCCCCCCBr,1219,112-29-8,MYMSJFSOOQERIO-UHFFFAOYSA-N,221.18,Br
1-Bromodibenzo-p-dioxin,C1=CC=C2C(=C1)OC3=C(O2)C(=CC=C3)Br,429,103456-34-4,HEAUGIUDKRRLPJ-UHFFFAOYSA-N,263.09,Br
1-Bromodibenzofuran,C1=CC=C2C(=C1)C3=C(O2)C=CC=C3Br,430,103456-35-5,WUYYVOWEBMOELQ-UHFFFAOYSA-N,247.09,Br
1-Bromododecane,CCCCCCCCCCCCBr,3075,143-15-7,PBLNBZIONSLZBU-UHFFFAOYSA-N,249.23,Br
1-Bromohexadecane,CCCCCCCCCCCCCCCCBr,1254,112-82-3,HNTGIJLWHDPAFN-UHFFFAOYSA-N,305.34,Br
1-Bromopentadecane,CCCCCCCCCCCCCCCBr,11035,629-72-1,JKOTZBXSNOGCIF-UHFFFAOYSA-N,291.31,Br
1-Bromopentane,CCCCCBr,1005,110-53-2,YZWKKMVJZFACSU-UHFFFAOYSA-N,151.04,Br
1-Bromopropane,CCCBr,682,106-94-5,CYNYIHKIEHGYOZ-UHFFFAOYSA-N,122.99,Br
1-Bromotridecane,CCCCCCCCCCCCCBr,13658,765-09-3,BFDNZQUBFCYTIC-UHFFFAOYSA-N,263.26,Br
"1H-Pyrrole-2,5-dione, 1-(2,4,6-tribromophenyl)-",C1=CC(=O)N(C1=O)C2=C(C=C(C=C2Br)Br)Br,10426,59789-51-4,ONEIBTGSNPDDSB-UHFFFAOYSA-N,409.86,Br
"2,2',3,3'-Tetrabromodiphenyl ether",C1=CC(=C(C(=C1)Br)Br)OC2=C(C(=CC=C2)Br)Br,7552,337513-77-6,SXSUUFZWSVMTRL-UHFFFAOYSA-N,485.79,Br
"2,2',3,4'-Tetrabromodiphenyl ether",C1=CC(=C(C(=C1)Br)Br)OC2=C(C=C(C=C2)Br)Br,8613,446254-18-8,HQDQKPAHIDGGMH-UHFFFAOYSA-N,485.79,Br
"2,2',3,4-Tetrabromodiphenyl ether",C1=CC=C(C(=C1)OC2=C(C(=C(C=C2)Br)Br)Br)Br,7549,337513-68-5,UAEBSKBXZAIRMX-UHFFFAOYSA-N,485.79,Br
"2,2',3,5'-Tetrabromodiphenyl ether",C1=CC(=C(C(=C1)Br)Br)OC2=C(C=CC(=C2)Br)Br,8615,446254-20-2,VBGBGTYMDIVKNK-UHFFFAOYSA-N,485.79,Br
"2,2',3,5-Tetrabromodiphenyl ether",C1=CC=C(C(=C1)OC2=C(C(=CC(=C2)Br)Br)Br)Br,8614,446254-19-9,LKMQHSYDVDIECC-UHFFFAOYSA-N,485.79,Br
"2,2',3,6'-Tetrabromodiphenyl ether",C1=CC(=C(C(=C1)Br)Br)OC2=C(C=CC=C2Br)Br,8617,446254-22-4,GBUUKJRFSKCMTB-UHFFFAOYSA-N,485.79,Br
"2,2',3,6-Tetrabromodiphenyl ether",C1=CC=C(C(=C1)OC2=C(C=CC(=C2Br)Br)Br)Br,8616,446254-21-3,VTFWUBIOZQCMQS-UHFFFAOYSA-N,485.79,Br
"2,2',4,4'-Tetrabromodiphenyl ether",C1=CC(=C(C=C1Br)Br)OC2=C(C=C(C=C2)Br)Br,9662,5436-43-1,XYBSIYMGXVUVGY-UHFFFAOYSA-N,485.79,Br
"2,2',4,5'-Tetrabromobiphenyl",C1=CC(=C(C=C1Br)Br)C2=C(C=CC(=C2)Br)Br,10473,60044-24-8,LUASYBWZXWTYKK-UHFFFAOYSA-N,469.79,Br
"2,2',4,5'-Tetrabromodiphenyl ether",C1=CC(=C(C=C1Br)Br)OC2=C(C=CC(=C2)Br)Br,5433,243982-82-3,QWVDUBDYUPHNHY-UHFFFAOYSA-N,485.79,Br
"2,2',4,5-Tetrabromodiphenyl ether",C1=CC=C(C(=C1)OC2=CC(=C(C=C2Br)Br)Br)Br,7545,337513-55-0,FJGDNHOVDFREMP-UHFFFAOYSA-N,485.79,Br
"2,2',4,6'-Tetrabromodiphenyl ether",C1=CC(=C(C(=C1)Br)OC2=C(C=C(C=C2)Br)Br)Br,4449,189084-57-9,WKBBBTLDLKYGBI-UHFFFAOYSA-N,485.79,Br
"2,2',4,6-Tetrabromodiphenyl ether",C1=CC=C(C(=C1)OC2=C(C=C(C=C2Br)Br)Br)Br,8618,446254-23-5,FXUAKFRJBKFDSY-UHFFFAOYSA-N,485.79,Br
"2,2',4-Tribromodiphenyl ether",C1=CC=C(C(=C1)OC2=C(C=C(C=C2)Br)Br)Br,3226,147217-75-2,VYBFILXLBMWOLI-UHFFFAOYSA-N,406.89,Br
"2,2',5,5'-Tetrabromodiphenyl ether",C1=CC(=C(C=C1Br)OC2=C(C=CC(=C2)Br)Br)Br,8619,446254-24-6,CDTHXJORUCZHMD-UHFFFAOYSA-N,485.79,Br
"2,2',5,6'-Tetrabromodiphenyl ether",C1=CC(=C(C(=C1)Br)OC2=C(C=CC(=C2)Br)Br)Br,8620,446254-25-7,SDVQGIMOFXMKHR-UHFFFAOYSA-N,485.79,Br
"2,2',5-Tribromobiphenyl",C1=CC=C(C(=C1)C2=C(C=CC(=C2)Br)Br)Br,10324,59080-34-1,IYDNWMCMGNRWET-UHFFFAOYSA-N,390.9,Br
"2,2',6,6'-Tetrabromodiphenyl ether",C1=CC(=C(C(=C1)Br)OC2=C(C=CC=C2Br)Br)Br,8621,446254-26-8,WCDCHQGVTZHVSO-UHFFFAOYSA-N,485.79,Br
"2,2'-Dibromodiphenyl ether",C1=CC=C(C(=C1)OC2=CC=CC=C2Br)Br,9231,51452-87-0,JMSKYMHFNWGUJG-UHFFFAOYSA-N,328,Br
"2,2,2-Tribromoethanol",C(C(Br)(Br)Br)O,13496,75-80-9,YFDSDPIBEUFTMI-UHFFFAOYSA-N,282.76,Br
"2,2-Bis(bromomethyl)-1,3-propanediol",C(C(CO)(CBr)CBr)O,7436,3296-90-0,CHUGKEQJSLOLHL-UHFFFAOYSA-N,261.94,Br
"2,2-Dibromo-2-cyanoacetamide",C(#N)C(C(=O)N)(Br)Br,327,10222-01-2,UUIVKBHZENILKB-UHFFFAOYSA-N,241.87,Br
"2,3',4',5'-Tetrabromodiphenyl ether",C1=CC=C(C(=C1)OC2=CC(=C(C(=C2)Br)Br)Br)Br,8638,446254-43-9,NCSWBJSFVPJPPK-UHFFFAOYSA-N,485.79,Br
"2,3',4',5-Tetrabromodiphenyl ether",C1=CC(=C(C=C1OC2=C(C=CC(=C2)Br)Br)Br)Br,8634,446254-39-3,GHQMTYWQVJZWAR-UHFFFAOYSA-N,485.79,Br
"2,3',4',6-Tetrabromodiphenyl ether",C1=CC(=C(C(=C1)Br)OC2=CC(=C(C=C2)Br)Br)Br,4454,189084-62-6,COPAGYRSCJVION-UHFFFAOYSA-N,485.79,Br
"2,3',4,4'-Tetrabromodiphenyl ether",C1=CC(=C(C=C1OC2=C(C=C(C=C2)Br)Br)Br)Br,4453,189084-61-5,DHUMTYRHKMCVAG-UHFFFAOYSA-N,485.79,Br
"2,3',4,5'-Tetrabromodiphenyl ether",C1=CC(=C(C=C1Br)Br)OC2=CC(=CC(=C2)Br)Br,8633,446254-38-2,UFWGRLCUOLLWAO-UHFFFAOYSA-N,485.79,Br
"2,3',4,5-Tetrabromodiphenyl ether",C1=CC(=CC(=C1)Br)OC2=CC(=C(C=C2Br)Br)Br,8632,446254-37-1,OARGWSONVLGXQA-UHFFFAOYSA-N,485.79,Br
"2,3',4,6-Tetrabromodiphenyl ether",C1=CC(=CC(=C1)Br)OC2=C(C=C(C=C2Br)Br)Br,7400,327185-09-1,NHZNRCYNZJADTG-UHFFFAOYSA-N,485.79,Br
"2,3',5',6-Tetrabromodiphenyl ether",C1=CC(=C(C(=C1)Br)OC2=CC(=CC(=C2)Br)Br)Br,8636,446254-41-7,WQFLVWXBCRJAQN-UHFFFAOYSA-N,485.79,Br
"2,3',5'-Tribromodiphenyl ether",C1=CC=C(C(=C1)OC2=CC(=CC(=C2)Br)Br)Br,8612,446254-17-7,XMNXHCHZIPYCNA-UHFFFAOYSA-N,406.89,Br
"2,3',5,5'-Tetrabromodiphenyl ether",C1=CC(=C(C=C1Br)OC2=CC(=CC(=C2)Br)Br)Br,8635,446254-40-6,GBBNZKQTOOZGIS-UHFFFAOYSA-N,485.79,Br
"2,3'-Dibromodiphenyl ether",C1=CC=C(C(=C1)OC2=CC(=CC=C2)Br)Br,3223,147217-72-9,GODQTPRKFHOLPH-UHFFFAOYSA-N,328,Br
"2,3,3',4'-Tetrabromobiphenyl",C1=CC(=C(C(=C1)Br)Br)C2=CC(=C(C=C2)Br)Br,8241,40088-45-7,GEASNODZMCZDOU-UHFFFAOYSA-N,469.79,Br
"2,3,3',4'-Tetrabromodiphenyl ether",C1=CC(=C(C(=C1)Br)Br)OC2=CC(=C(C=C2)Br)Br,8623,446254-28-0,NFOIVCGFYJIYIB-UHFFFAOYSA-N,485.79,Br
"2,3,3',4-Tetrabromodiphenyl ether",C1=CC(=CC(=C1)Br)OC2=C(C(=C(C=C2)Br)Br)Br,8242,40088-47-9,VIHUMJGEWQPWOT-UHFFFAOYSA-N,485.79,Br
"2,3,3',4-Tetrabromodiphenyl ether",C1=CC(=CC(=C1)Br)OC2=C(C(=C(C=C2)Br)Br)Br,8622,446254-27-9,VIHUMJGEWQPWOT-UHFFFAOYSA-N,485.79,Br
"2,3,3',5'-Tetrabromodiphenyl ether",C1=CC(=C(C(=C1)Br)Br)OC2=CC(=CC(=C2)Br)Br,8624,446254-29-1,SWOYBZHGPZIRHS-UHFFFAOYSA-N,485.79,Br
"2,3,3',5-Tetrabromodiphenyl ether",C1=CC(=CC(=C1)Br)OC2=C(C(=CC(=C2)Br)Br)Br,7553,337513-82-3,CSIFWDKYUJLQEB-UHFFFAOYSA-N,485.79,Br
"2,3,3',6-Tetrabromodiphenyl ether",C1=CC(=CC(=C1)Br)OC2=C(C=CC(=C2Br)Br)Br,8625,446254-30-4,DMAMJZQQOWYEHT-UHFFFAOYSA-N,485.79,Br
"2,3,4',5-Tetrabromodiphenyl ether",C1=CC(=CC=C1OC2=C(C(=CC(=C2)Br)Br)Br)Br,8629,446254-34-8,HNICYXFGCWPYGC-UHFFFAOYSA-N,485.79,Br
"2,3,4',6-Tetrabromodiphenyl ether",C1=CC(=CC=C1OC2=C(C=CC(=C2Br)Br)Br)Br,8630,446254-35-9,LDCXVFJUWKKBNY-UHFFFAOYSA-N,485.79,Br
"2,3,4'-Tribromodiphenyl ether",C1=CC(=C(C(=C1)Br)Br)OC2=CC=C(C=C2)Br,8610,446254-15-5,WZHNIFQVNBINLF-UHFFFAOYSA-N,406.89,Br
"2,3,4,4'-Tetrabromodiphenyl ether",C1=CC(=CC=C1OC2=C(C(=C(C=C2)Br)Br)Br)Br,8626,446254-31-5,ARERIMFZYPFJAV-UHFFFAOYSA-N,485.79,Br
"2,3,4,5,6-Pentabromotoluene",CC1=C(C(=C(C(=C1Br)Br)Br)Br)Br,14793,87-83-2,OZHJEQVYCBTHJT-UHFFFAOYSA-N,486.62,Br
"2,3,4,5-Tetrabromodiphenyl ether",C1=CC=C(C=C1)OC2=CC(=C(C(=C2Br)Br)Br)Br,8627,446254-32-6,NDRSXNBQWAOQPP-UHFFFAOYSA-N,485.79,Br
"2,3,4,5-Tetrabromophenol",C1=C(C(=C(C(=C1Br)Br)Br)Br)O,7816,36313-15-2,KXZRECGEDVBJPM-UHFFFAOYSA-N,409.69,Br
"2,3,4,6-Tetrabromodiphenyl ether",C1=CC=C(C=C1)OC2=C(C(=C(C=C2Br)Br)Br)Br,8628,446254-33-7,YIQYWYZZLOZVRM-UHFFFAOYSA-N,485.79,Br
"2,3,4,6-Tetrabromophenol",C1=C(C(=C(C(=C1Br)Br)Br)O)Br,3119,14400-94-3,CXPJZISGVIVNEL-UHFFFAOYSA-N,409.69,Br
"2,3,4-Tribromobiphenyl",C1=CC=C(C=C1)C2=C(C(=C(C=C2)Br)Br)Br,9178,51202-79-0,MKDZJIHLRSIZOV-UHFFFAOYSA-N,390.9,Br
"2,3,4-Tribromodiphenyl ether",C1=CC=C(C=C1)OC2=C(C(=C(C=C2)Br)Br)Br,7548,337513-67-4,RXWRVYYPLRPDOS-UHFFFAOYSA-N,406.89,Br
"2,3,5,6-Tetrabromo-p-xylene",CC1=C(C(=C(C(=C1Br)Br)C)Br)Br,5264,23488-38-2,RXKOKVQKECXYOT-UHFFFAOYSA-N,421.75,Br
"2,3,5,6-Tetrabromodiphenyl ether",C1=CC=C(C=C1)OC2=C(C(=CC(=C2Br)Br)Br)Br,8631,446254-36-0,HPEUYVBOPJQVPN-UHFFFAOYSA-N,485.79,Br
"2,3,5-Tribromodiphenyl ether",C1=CC=C(C=C1)OC2=C(C(=CC(=C2)Br)Br)Br,8611,446254-16-6,XQHLKDAUZRXBGC-UHFFFAOYSA-N,406.89,Br
"2,3,6-Tribromodiphenyl ether",C1=CC=C(C=C1)OC2=C(C=CC(=C2Br)Br)Br,5019,218304-36-0,GFLRHBRMAZDOIG-UHFFFAOYSA-N,406.89,Br
"2,3,6-Tribromophenol",C1=CC(=C(C(=C1Br)O)Br)Br,6638,28165-57-3,VCNCNAPAHSSWCI-UHFFFAOYSA-N,330.8,Br
"2,3,7,8-Tetrabromodibenzo-P-dioxin",C1=C2C(=CC(=C1Br)Br)OC3=CC(=C(C=C3O2)Br)Br,9086,50585-41-6,JZLQUWSWOJPCAK-UHFFFAOYSA-N,499.77,Br
"2,3,7,8-Tetrabromodibenzofuran",C1=C2C3=CC(=C(C=C3OC2=CC(=C1Br)Br)Br)Br,11802,67733-57-7,HCSRVQXNLHZQNM-UHFFFAOYSA-N,483.77,Br
"2,3-Dibromobiphenyl",C1=CC=C(C=C1)C2=C(C(=CC=C2)Br)Br,6515,27479-65-8,ODVMOIOUMCXTPS-UHFFFAOYSA-N,312,Br
"2,3-Dibromodiphenyl ether",C1=CC=C(C=C1)OC2=C(C(=CC=C2)Br)Br,16128,446254-14-4,JTYRXXKXOULVAP-UHFFFAOYSA-N,328,Br
"2,3-Dibromodiphenyl ether",C1=CC=C(C=C1)OC2=C(C(=CC=C2)Br)Br,9542,53563-56-7,JTYRXXKXOULVAP-UHFFFAOYSA-N,328,Br
"2,3-Dibromophenol",C1=CC(=C(C(=C1)Br)Br)O,10103,57383-80-9,FNAKEOXYWBWIRT-UHFFFAOYSA-N,251.9,Br
"2,3-Dibromophenol",C1=CC(=C(C(=C1)Br)Br)O,6694,28514-45-6,FNAKEOXYWBWIRT-UHFFFAOYSA-N,251.9,Br
"2,3-Dibromopropanal",C(C(C=O)Br)Br,9323,5221-17-0,ZMDDOWQHSDJXDW-UHFFFAOYSA-N,215.87,Br
"2,4'-Dibromodiphenyl ether",C1=CC=C(C(=C1)OC2=CC=C(C=C2)Br)Br,3222,147217-71-8,RJQLQJZMLISKRJ-UHFFFAOYSA-N,328,Br
"2,4,4',5-Tetrabromodiphenyl ether",C1=CC(=CC=C1OC2=CC(=C(C=C2Br)Br)Br)Br,8637,446254-42-8,LXCFDVVDUVPAGR-UHFFFAOYSA-N,485.79,Br
"2,4,4',6-Tetrabromodiphenyl ether",C1=CC(=CC=C1OC2=C(C=C(C=C2Br)Br)Br)Br,4455,189084-63-7,BWCNKMFFUGBFGB-UHFFFAOYSA-N,485.79,Br
"2,4,5-Tribromodiphenyl ether",C1=CC=C(C=C1)OC2=CC(=C(C=C2Br)Br)Br,7546,337513-56-1,LTMKAFUXYKEDLR-UHFFFAOYSA-N,406.89,Br
"2,4,6-Tribromobiphenyl",C1=CC=C(C=C1)C2=C(C=C(C=C2Br)Br)Br,10323,59080-33-0,YCLZBYQDXVJFII-UHFFFAOYSA-N,390.9,Br
"2,4,6-Tribromodiphenyl ether",C1=CC=C(C=C1)OC2=C(C=C(C=C2Br)Br)Br,3501,155999-95-4,TVZAPPGLBLTACB-UHFFFAOYSA-N,406.89,Br
"2,4,6-Tribromophenol",C1=C(C=C(C(=C1Br)O)Br)Br,1467,118-79-6,BSWWXRFVMJHFBN-UHFFFAOYSA-N,330.8,Br
"2,4,6-Tribromophenyl acrylate",C=CC(=O)OC1=C(C=C(C=C1Br)Br)Br,7979,3741-77-3,CNLVUQQHXLTOTC-UHFFFAOYSA-N,384.85,Br
"2,4,6-Tribromophenyl methacrylate",CC(=C)C(=O)OC1=C(C=C(C=C1Br)Br)Br,8018,37721-71-4,HAYWJKBZHDIUPU-UHFFFAOYSA-N,398.87,Br
"2,4-Dibromo-1-(3-bromophenoxy)benzene",C1=CC(=CC(=C1)Br)OC2=C(C=C(C=C2)Br)Br,3228,147217-77-4,AURKEOPYVUYTLO-UHFFFAOYSA-N,406.89,Br
"2,4-Dibromo-1-(4-bromophenoxy)benzene",C1=CC(=CC=C1OC2=C(C=C(C=C2)Br)Br)Br,8349,41318-75-6,UPNBETHEXPIWQX-UHFFFAOYSA-N,406.89,Br
"2,4-Dibromodiphenyl ether",C1=CC=C(C=C1)OC2=C(C=C(C=C2)Br)Br,4028,171977-44-9,JMCIHKKTRDLVCO-UHFFFAOYSA-N,328,Br
"2,4-Dibromophenol",C1=CC(=C(C=C1Br)Br)O,10663,615-58-7,FAXWFCTVSHEODL-UHFFFAOYSA-N,251.9,Br
"2,4-Dibromophenyl glycidyl ether",C1C(O1)COC2=C(C=C(C=C2)Br)Br,4694,20217-01-0,NFWLWLQSZIJYFR-UHFFFAOYSA-N,307.97,Br
"2,5-Dibromobiphenyl",C1=CC=C(C=C1)C2=C(C=CC(=C2)Br)Br,10110,57422-77-2,MHQCPXUMZCNOSF-UHFFFAOYSA-N,312,Br
"2,5-Dibromophenol",C1=CC(=C(C=C1Br)O)Br,16123,28165-52-8,GUXWVUVLXIJHQF-UHFFFAOYSA-N,251.9,Br
"2,6-Dibromo-4-nitroaniline",C1=C(C=C(C(=C1Br)N)Br)[N+](=O)[O-],14362,827-94-1,YMZIFDLWYUSZCC-UHFFFAOYSA-N,295.92,Br
"2,6-Dibromodiphenyl ether",C1=CC=C(C=C1)OC2=C(C=CC=C2Br)Br,9287,51930-04-2,MUVDKHMQIZJFTC-UHFFFAOYSA-N,328,Br
"2,6-Dibromophenol",C1=CC(=C(C(=C1)Br)O)Br,10549,608-33-3,SSIZLKDLDKIHEV-UHFFFAOYSA-N,251.9,Br
"2-(Bromomethyl)-2-(2-methylphenyl)-1,3-dioxolane",CC1=CC=CC=C1C2(OCCO2)CBr,5376,24169-43-5,YDMVKSOPAXNKMW-UHFFFAOYSA-N,257.12,Br
"2-Adamantanol, 2-(bromomethyl)-",C1C2CC3CC1CC(C2)C3(CBr)O,17686,,PWWUWHMOPRWJLR-UHFFFAOYSA-N,245.16,Br
"2-Bromo-1,4-di-tert-butylbenzene",CC(C)(C)C1=CC(=C(C=C1)C(C)(C)C)Br,11708,6683-74-5,JFRPIGCUUJRXMT-UHFFFAOYSA-N,269.22,Br
2-Bromo-4'-hydroxyacetophenone,C1=CC(=CC=C1C(=O)CBr)O,5542,2491-38-5,LJYOFQHKEWTQRH-UHFFFAOYSA-N,215.04,Br
2-Bromo-p-terphenyl,C1=CC=C(C=C1)C2=CC=C(C=C2)C3=CC=CC=C3Br,7420,3282-24-4,RIPZAKKOEJWWQD-UHFFFAOYSA-N,309.2,Br
"2-Bromoallyl(2,4,6-tribromophenyl) ether",C=C(COC1=C(C=C(C=C1Br)Br)Br)Br,16093,99717-56-3,RLPZXGWCSHFKJI-UHFFFAOYSA-N,449.76,Br
2-Bromobiphenyl,C1=CC=C(C=C1)C2=CC=CC=C2Br,4781,2052-07-5,KTADSLDAUJLZGL-UHFFFAOYSA-N,233.1,Br
2-Bromododecane,CCCCCCCCCCC(C)Br,2377,13187-99-0,GIUUCQVKMWBSRT-UHFFFAOYSA-N,249.23,Br
2-Bromoethyl acrylate,C=CC(=O)OCCBr,8932,4823-47-6,CDZAAIHWZYWBSS-UHFFFAOYSA-N,179.01,Br
2-Bromooctane,CCCCCCC(C)Br,9859,557-35-7,FTJHYGJLHCGQHQ-UHFFFAOYSA-N,193.12,Br
2-Bromophenol,C1=CC=C(C(=C1)O)Br,15761,95-56-7,VADKRMSMGWJZCF-UHFFFAOYSA-N,173.01,Br
2-Bromophenol,C1=CC=C(C(=C1)O)Br,7409,32762-51-9,VADKRMSMGWJZCF-UHFFFAOYSA-N,173.01,Br
2-Bromopropiophenone,CC(C(=O)C1=CC=CC=C1)Br,4895,2114-00-3,WPDWOCRJBPXJFM-UHFFFAOYSA-N,213.07,Br
2-Nitrobutyl bromoacetate,CCC(COC(=O)CBr)[N+](=O)[O-],7419,32815-96-6,WSJZSGQAZLMVKM-UHFFFAOYSA-N,240.05,Br
"3,3',4,4'-Tetrabromodiphenyl ether",C1=CC(=C(C=C1OC2=CC(=C(C=C2)Br)Br)Br)Br,15616,93703-48-1,RYGLOWMCGZHYRQ-UHFFFAOYSA-N,485.79,Br
"3,3',4,5'-Tetrabromodiphenyl ether",C1=CC(=C(C=C1OC2=CC(=CC(=C2)Br)Br)Br)Br,8640,446254-48-4,LELQGHJEUVRPEV-UHFFFAOYSA-N,485.79,Br
"3,3',4,5-Tetrabromodiphenyl ether",C1=CC(=CC(=C1)Br)OC2=CC(=C(C(=C2)Br)Br)Br,8639,446254-45-1,HWOBLTZZSVXBOJ-UHFFFAOYSA-N,485.79,Br
"3,3',5,5'-Tetrabromodiphenyl ether",C1=C(C=C(C=C1Br)Br)OC2=CC(=CC(=C2)Br)Br,403,103173-66-6,HFIOZJQRZKNPKJ-UHFFFAOYSA-N,485.79,Br
"3,3'-Dibromobisphenol A",CC(C)(C1=CC(=C(C=C1)O)Br)C2=CC(=C(C=C2)O)Br,6863,29426-78-6,CKNCVRMXCLUOJI-UHFFFAOYSA-N,386.08,Br
"3,3'-Dibromodiphenyl ether",C1=CC(=CC(=C1)Br)OC2=CC(=CC=C2)Br,12592,6903-63-5,ALSVFJIXSNRBLE-UHFFFAOYSA-N,328,Br
"3,4'-Dibromodiphenyl ether",C1=CC(=CC(=C1)Br)OC2=CC=C(C=C2)Br,14416,83694-71-7,BGPOVBPKODCMMN-UHFFFAOYSA-N,328,Br
"3,4,4',5-Tetrabromodiphenyl ether",C1=CC(=CC=C1OC2=CC(=C(C(=C2)Br)Br)Br)Br,8641,446254-50-8,ULFOIXCXIWHJDS-UHFFFAOYSA-N,485.79,Br
"3,4,4'-Tribromodiphenyl ether",C1=CC(=CC=C1OC2=CC(=C(C=C2)Br)Br)Br,3232,147217-81-0,YALAYFVVZFORPV-UHFFFAOYSA-N,406.89,Br
"3,4,5-Tribromodiphenyl ether",C1=CC=C(C=C1)OC2=CC(=C(C(=C2)Br)Br)Br,7544,337513-54-9,DPGVQKLGQZZLMI-UHFFFAOYSA-N,406.89,Br
"3,4,5-Tribromophenol",C1=C(C=C(C(=C1Br)Br)Br)O,1405,116434-90-3,KAVNMOZXRFSVPM-UHFFFAOYSA-N,330.8,Br
"3,4-Dibromodiphenyl ether",C1=CC=C(C=C1)OC2=CC(=C(C=C2)Br)Br,4451,189084-59-1,SUUJFDKVPDCZQZ-UHFFFAOYSA-N,328,Br
"3,4-Dibromophenol",C1=CC(=C(C=C1O)Br)Br,10662,615-56-5,KYZSNVXYOQKZAK-UHFFFAOYSA-N,251.9,Br
"3,5-Dibromophenol",C1=C(C=C(C=C1Br)Br)O,16135,626-41-5,PZFMWYNHJFZBPO-UHFFFAOYSA-N,251.9,Br
"3-((4-((2,6-Dibromo-4-nitrophenyl)azo)phenyl)ethylamino)propiononitrile",CCN(CCC#N)C1=CC=C(C=C1)N=NC2=C(C=C(C=C2Br)[N+](=O)[O-])Br,9788,55281-26-0,MWMJPPMTXZJLIK-UHFFFAOYSA-N,481.1,Br
"3-Bromo-2,2-bis(bromomethyl)propanol",C(C(CBr)(CBr)CBr)O,3406,1522-92-5,QEJPOEGPNIVDMK-UHFFFAOYSA-N,324.84,Br
"3-Bromo-2,2-bis(bromomethyl)propanol",C(C(CBr)(CBr)CBr)O,7850,36483-57-5,QEJPOEGPNIVDMK-UHFFFAOYSA-N,324.84,Br
3-Bromo-p-terphenyl,C1=CC=C(C=C1)C2=CC=C(C=C2)C3=CC(=CC=C3)Br,4151,1762-87-4,JJKJPQMYYSMPBE-UHFFFAOYSA-N,309.2,Br
3-Bromobiphenyl,C1=CC=C(C=C1)C2=CC(=CC=C2)Br,4890,2113-57-7,USYQKCQEVBFJRP-UHFFFAOYSA-N,233.1,Br
3-Bromophenol,C1=CC(=CC(=C1)Br)O,16132,591-20-8,MNOJRWOWILAHAV-UHFFFAOYSA-N,173.01,Br
"4',5'-Dibromofluorescein",C1=CC=C2C(=C1)C(=O)OC23C4=C(C(=C(C=C4)O)Br)OC5=C3C=CC(=C5Br)O,10399,596-03-2,ZDTNHRWWURISAA-UHFFFAOYSA-N,490.1,Br
"4,10-Dibromoanthanthrone",C1=CC2=C(C=C3C4=C2C(=C1)C(=O)C5=CC(=C6C=CC=C(C6=C54)C3=O)Br)Br,8574,4378-61-4,HTENFZMEHKCNMD-UHFFFAOYSA-N,464.1,Br
"4,4''-Dibromo-p-terphenyl",C1=CC(=CC=C1C2=CC=C(C=C2)Br)C3=CC=C(C=C3)Br,4181,17788-94-2,VAIPJQIPFPRJKJ-UHFFFAOYSA-N,388.1,Br
"4,4'-Dibromo-2,2',3,3'-tetrahydro-1,1'-spirobi[indene]-7,7'-diol",C1CC2(CCC3=C(C=CC(=C32)O)Br)C4=C(C=CC(=C41)Br)O,11989,681481-91-4,OZVMVFKUNSNXQC-UHFFFAOYSA-N,410.1,Br
"4,4'-Dibromobiphenyl",C1=CC(=CC=C1C2=CC=C(C=C2)Br)Br,15458,92-86-4,HQJQYILBCQPYBI-UHFFFAOYSA-N,312,Br
4-Bromo-p-terphenyl,C1=CC=C(C=C1)C2=CC=C(C=C2)C3=CC=C(C=C3)Br,4150,1762-84-1,XNBGHWRYLJOQAU-UHFFFAOYSA-N,309.2,Br
4-Bromoanisole,COC1=CC=C(C=C1)Br,504,104-92-7,QJPJQTDYNZXKQF-UHFFFAOYSA-N,187.03,Br
4-Bromophenol,C1=CC(=CC=C1O)Br,16138,106-41-2,GZFGOTFRPZRKDS-UHFFFAOYSA-N,173.01,Br
"5-Bromo-5-nitro-1,3-dioxane",C1C(COCO1)([N+](=O)[O-])Br,6957,30007-47-7,XVBRCOKDZVQYAY-UHFFFAOYSA-N,212,Br
7-(Bromomethyl)pentadec-7-ene,CCCCCCCC=C(CCCCCC)CBr,15686,941228-34-8,LKEXDKKHKNXGSM-UHFFFAOYSA-N,303.32,Br
"9,10-Anthracenedione, 1-[(2,6-dibromo-4-methylphenyl)amino]-4-hydroxy-",CC1=CC(=C(C(=C1)Br)NC2=C3C(=C(C=C2)O)C(=O)C4=CC=CC=C4C3=O)Br,12069,68239-61-2,GUTWGLKCVAFMPJ-UHFFFAOYSA-N,487.1,Br
"9,10-Bis(bromomethyl)anthracene",C1=CC=C2C(=C1)C(=C3C=CC=CC3=C2CBr)CBr,7611,34373-96-1,YHEMDXGFCREMGG-UHFFFAOYSA-N,364.07,Br
"Acetamide, N-[2-[(2-bromo-4,6-dinitrophenyl)azo]-5-(diethylamino)phenyl]-",CCN(CC)C1=CC(=C(C=C1)N=NC2=C(C=C(C=C2Br)[N+](=O)[O-])[N+](=O)[O-])NC(=O)C,9424,52697-38-8,WFFKSTRPZWRBEW-UHFFFAOYSA-N,479.3,Br
"Allyl 2,4,6-tribromophenyl ether",C=CCOC1=C(C=C(C=C1Br)Br)Br,7415,3278-89-5,RZLLIOPGUFOWOD-UHFFFAOYSA-N,370.86,Br
Allyl bromide,C=CCBr,683,106-95-6,BHELZAPQIKSEDF-UHFFFAOYSA-N,120.98,Br
"Benzene, 1,4-dibromo-2-phenoxy-",C1=CC=C(C=C1)OC2=C(C=CC(=C2)Br)Br,7547,337513-66-3,URDWJMUOJJSXAE-UHFFFAOYSA-N,328,Br
Benzoyl bromide,C1=CC=C(C=C1)C(=O)Br,10801,618-32-6,AQIHMSVIAGNIDM-UHFFFAOYSA-N,185.02,Br
Benzyl bromide,C1=CC=C(C=C1)CBr,8,100-39-0,AGEZXYOZHKGVCM-UHFFFAOYSA-N,171.03,Br
Benzyl bromoacetate,C1=CC=C(C=C1)COC(=O)CBr,9663,5437-45-6,JHVLLYQQQYIWKX-UHFFFAOYSA-N,229.07,Br
Bis(4-bromophenyl) ether,C1=CC(=CC=C1OC2=CC=C(C=C2)Br)Br,4769,2050-47-7,YAWIAFUBXXPJMQ-UHFFFAOYSA-N,328,Br
Bromobenzene,C1=CC=C(C=C1)Br,886,108-86-1,QARVLSVVCXYDNA-UHFFFAOYSA-N,157.01,Br
Bromoform,C(Br)(Br)Br,13464,75-25-2,DIKBFYAXUHHXCS-UHFFFAOYSA-N,252.73,Br
Bronopol,C(C(CO)([N+](=O)[O-])Br)O,9300,52-51-7,LVDKZNITIUWNER-UHFFFAOYSA-N,199.99,Br
C.I. Disperse yellow 64,C1=CC=C2C(=C1)C(=O)C(C2=O)C3=NC4=CC=CC=C4C(=C3O)Br,404,10319-14-9,DVBLPJWQXDCAKU-UHFFFAOYSA-N,368.2,Br
Dibromomethane,C(Br)Br,13236,74-95-3,FJBFPHVGVWTDIP-UHFFFAOYSA-N,173.83,Br
Ethylene bromoacetate,C(COC(=O)CBr)OC(=O)CBr,8029,3785-34-0,WGHAPLWNJPAJDE-UHFFFAOYSA-N,303.93,Br
N-[2-[(2-Bromo-6-cyano-4-nitrophenyl)azo]-5-(diethylamino)phenyl]acetamide,CCN(CC)C1=CC(=C(C=C1)N=NC2=C(C=C(C=C2Br)[N+](=O)[O-])C#N)NC(=O)C,5865,2537-62-4,KTXMBTRTVMMWQS-UHFFFAOYSA-N,459.3,Br
Pentabromobenzene,C1=C(C(=C(C(=C1Br)Br)Br)Br)Br,10551,608-90-2,LLVVSBBXENOOQY-UHFFFAOYSA-N,472.59,Br
Pentabromophenol,C1(=C(C(=C(C(=C1Br)Br)Br)Br)Br)O,10550,608-71-9,SVHOVVJFOWGYJO-UHFFFAOYSA-N,488.59,Br
"Phenol, 2,3,5-tribromo-",C1=C(C=C(C(=C1O)Br)Br)Br,10104,57383-81-0,SKDJCHZVXDLVIE-UHFFFAOYSA-N,330.8,Br
"Phenol, 2,4,5-tribromo-",C1=C(C(=CC(=C1Br)Br)Br)O,3120,14401-61-7,XPUSKKJATQFMBF-UHFFFAOYSA-N,330.8,Br
"Phenol, tribromo-",C1=CC(=C(C(=C1O)Br)Br)Br,2854,138507-65-0,OUCSIUCEQVCDEL-UHFFFAOYSA-N,330.8,Br
"Phenol, tribromo-",C1=CC(=C(C(=C1O)Br)Br)Br,5866,25376-38-9,OUCSIUCEQVCDEL-UHFFFAOYSA-N,330.8,Br
Tetrabromophthalic acid,C1(=C(C(=C(C(=C1Br)Br)Br)Br)C(=O)O)C(=O)O,2825,13810-83-8,XIRDTMSOGDWMOX-UHFFFAOYSA-N,481.71,Br
Tetrabromophthalic anhydride,C12=C(C(=C(C(=C1Br)Br)Br)Br)C(=O)OC2=O,11102,632-79-1,QHWKHLYUUZGSCW-UHFFFAOYSA-N,463.7,Br
"trans-2,3-Dibromo-2-butene-1,4-diol",C(/C(=C(/CO)\Br)/Br)O,7341,3234-02-4,MELXIJRBKWTTJH-ONEGZZNKSA-N,245.9,Br
Tribromobisphenol A,CC(C)(C1=CC(=C(C=C1)O)Br)C2=CC(=C(C(=C2)Br)O)Br,11234,6386-73-8,WYBOEVJIVYIEJL-UHFFFAOYSA-N,465,Br
Tribromodiphenyl ether,C1=CC=C(C(=C1)OC2=CC(=C(C=C2)Br)Br)Br,3229,147217-78-5,BUQBQEYUVAKJQK-UHFFFAOYSA-N,406.89,Br
Tribromodiphenyl ether,C1=CC=C(C(=C1)OC2=CC(=C(C=C2)Br)Br)Br,8991,49690-94-0,BUQBQEYUVAKJQK-UHFFFAOYSA-N,406.89,Br
Tribromostyrene,C1=CC=C(C=C1)C(=C(Br)Br)Br,10638,61368-34-1,JVPKLOPETWVKQD-UHFFFAOYSA-N,340.84,Br
Tribromsalan,C1=CC(=CC=C1NC(=O)C2=C(C(=CC(=C2)Br)Br)O)Br,17327,,KVSKGMLNBAPGKH-UHFFFAOYSA-N,449.92,Br
Vinyl bromide,C=CBr,10375,593-60-2,INLLPKCGLOXCIV-UHFFFAOYSA-N,106.95,Br
(2-Chloroethoxy)benzene,C1=CC=C(C=C1)OCCCl,10902,622-86-6,VQUYNUJARXBNPK-UHFFFAOYSA-N,156.61,Cl
(R)-(-)-Epichlorohydrin,C1[C@@H](O1)CCl,9249,51594-55-9,BRLQWZUYTZBJKN-VKHMYHEASA-N,92.52,Cl
"1,1'-[Peroxybis(carbonyloxy)]bis(4-chlorobutane)",C(CCCl)COC(=O)OOC(=O)OCCCCCl,3051,14245-74-0,JCEMSQWGBZLEDB-UHFFFAOYSA-N,303.13,Cl
"1,1,1,2,2,3,3,4,4-Nonachloroundecane",CCCCCCCC(C(C(C(Cl)(Cl)Cl)(Cl)Cl)(Cl)Cl)(Cl)Cl,5042,219697-11-7,UHGDVTKWTLCBDN-UHFFFAOYSA-N,466.3,Cl
"1,1,1,2-Tetrachloroethane",C(C(Cl)(Cl)Cl)Cl,11070,630-20-6,QVLAWKAXOMEXPM-UHFFFAOYSA-N,167.8,Cl
"1,1,1,3,5,7,9,11,11-Nonachloroundecane",C(C(CC(CC(Cl)Cl)Cl)Cl)C(CC(CC(Cl)(Cl)Cl)Cl)Cl,4482,18993-26-5,KMRBTUMTZQIMDK-UHFFFAOYSA-N,466.3,Cl
"1,1,1,3,6,7,10,11-Octachloroundecane",C(CC(C(CCC(CCl)Cl)Cl)Cl)C(CC(Cl)(Cl)Cl)Cl,10493,601523-20-0,FLSNQDQVDFQSOG-UHFFFAOYSA-N,431.9,Cl
"1,1,1,3,9,11,11,11-Octachloroundecane",C(CCC(CC(Cl)(Cl)Cl)Cl)CCC(CC(Cl)(Cl)Cl)Cl,10494,601523-25-5,GYNMKPTWBKSWPK-UHFFFAOYSA-N,431.9,Cl
"1,1,1-Trichloroethane",CC(Cl)(Cl)Cl,12867,71-55-6,UOCLXMDMGBRAIB-UHFFFAOYSA-N,133.4,Cl
"1,1,2,2-Tetrachloroethane",C(C(Cl)Cl)(Cl)Cl,14039,79-34-5,QPFMBZIOSGYJDE-UHFFFAOYSA-N,167.8,Cl
"1,1,2,3,4,5,6,11-Octachloroundecane",C(CCC(C(C(C(C(C(Cl)Cl)Cl)Cl)Cl)Cl)Cl)CCCl,7815,36312-81-9,JGTAEQOCBGXSLC-UHFFFAOYSA-N,431.9,Cl
"1,1,2,3-Tetrachloropropene",C(C(=C(Cl)Cl)Cl)Cl,523,10436-39-2,UMGQVBVEWTXECF-UHFFFAOYSA-N,179.9,Cl
"1,1,2-Trichloroethane",C(C(Cl)Cl)Cl,14027,79-00-5,UBOXGVDOUJQMTN-UHFFFAOYSA-N,133.4,Cl
"1,1,2-Trichloropropane",CC(C(Cl)Cl)Cl,10435,598-77-6,GRSQYISVQKPZCW-UHFFFAOYSA-N,147.43,Cl
"1,1,3,3,4,4-Hexachloro-1-butene",C(=C(Cl)Cl)C(C(Cl)Cl)(Cl)Cl,7676,34973-39-2,ABMSWFCHXPNDHQ-UHFFFAOYSA-N,262.8,Cl
"1,1-Bis(p-chlorophenyl)-2-chloroethene",C1=CC(=CC=C1C(=CCl)C2=CC=C(C=C2)Cl)Cl,323,1022-22-6,LNKQQZFLNUVWQQ-UHFFFAOYSA-N,283.6,Cl
"1,1-Dichlorobuta-1,3-diene",C=CC=C(Cl)Cl,6710,28577-62-0,PDKAXHLOFWCWIH-UHFFFAOYSA-N,122.98,Cl
"1,1-Dichloroethane",CC(Cl)Cl,13468,75-34-3,SCYULBFZEHDVBN-UHFFFAOYSA-N,98.96,Cl
"1,1-Dichloropropene",CC=C(Cl)Cl,9952,563-58-6,ZAIDIVBQUMFXEC-UHFFFAOYSA-N,110.97,Cl
"1,16-Dichlorohexadecane",C(CCCCCCCCCl)CCCCCCCCl,13776,7735-39-9,NSSAWKUCPRHLNT-UHFFFAOYSA-N,295.3,Cl
"1,2,3,4,6,7,8,9-Octachlorodibenzofuran",C12=C(C(=C(C(=C1Cl)Cl)Cl)Cl)OC3=C2C(=C(C(=C3Cl)Cl)Cl)Cl,8138,39001-02-0,RHIROFAGUQOFLU-UHFFFAOYSA-N,443.7,Cl
"1,2,3,4,6,7,8-Heptachlorodibenzo-P-dioxin",C1=C2C(=C(C(=C1Cl)Cl)Cl)OC3=C(O2)C(=C(C(=C3Cl)Cl)Cl)Cl,7767,35822-46-9,WCLNVRQZUKYVAI-UHFFFAOYSA-N,425.3,Cl
"1,2,3,4,6,7,8-Heptachlorodibenzofuran",C1=C2C3=C(C(=C(C(=C3Cl)Cl)Cl)Cl)OC2=C(C(=C1Cl)Cl)Cl,11765,67562-39-4,WDMKCPIVJOGHBF-UHFFFAOYSA-N,409.3,Cl
"1,2,3,4,7,8,9-Heptachlorodibenzofuran",C1=C2C(=C(C(=C1Cl)Cl)Cl)C3=C(O2)C(=C(C(=C3Cl)Cl)Cl)Cl,9850,55673-89-7,VEZCTZWLJYWARH-UHFFFAOYSA-N,409.3,Cl
"1,2,3,4,7,8-Hexachlorodibenzo-P-dioxin",C1=C2C(=CC(=C1Cl)Cl)OC3=C(O2)C(=C(C(=C3Cl)Cl)Cl)Cl,8150,39227-28-6,WCYYQNSQJHPVMG-UHFFFAOYSA-N,390.9,Cl
"1,2,3,4,7,8-Hexachlorodibenzofuran",C1=C2C(=CC(=C1Cl)Cl)OC3=C2C(=C(C(=C3Cl)Cl)Cl)Cl,12792,70648-26-9,LVYBAQIVPKCOEE-UHFFFAOYSA-N,374.9,Cl
"1,2,3,4-Tetrachlorobenzene",C1=CC(=C(C(=C1Cl)Cl)Cl)Cl,11135,634-66-2,GBDZXPJXOMHESU-UHFFFAOYSA-N,215.9,Cl
"1,2,3,5-Tetrachlorobenzene",C1=C(C=C(C(=C1Cl)Cl)Cl)Cl,11136,634-90-2,QZYNWJQFTJXIRN-UHFFFAOYSA-N,215.9,Cl
"1,2,3,6,7,8-Hexachlorodibenzo-P-dioxin",C1=C2C(=C(C(=C1Cl)Cl)Cl)OC3=CC(=C(C(=C3O2)Cl)Cl)Cl,10135,57653-85-7,YCLUIPQDHHPDJJ-UHFFFAOYSA-N,390.9,Cl
"1,2,3,6,7,8-Hexachlorodibenzofuran",C1=C2C3=C(C(=C(C=C3OC2=C(C(=C1Cl)Cl)Cl)Cl)Cl)Cl,10072,57117-44-9,JEYJJJXOFWNEHN-UHFFFAOYSA-N,374.9,Cl
"1,2,3,7,8,9-Hexachlorodibenzo-P-dioxin",C1=C2C(=C(C(=C1Cl)Cl)Cl)OC3=C(C(=C(C=C3O2)Cl)Cl)Cl,4562,19408-74-3,LGIRBUBHIWTVCK-UHFFFAOYSA-N,390.9,Cl
"1,2,3,7,8,9-Hexachlorodibenzofuran",C1=C2C(=C(C(=C1Cl)Cl)Cl)C3=C(C(=C(C=C3O2)Cl)Cl)Cl,13107,72918-21-9,PYUSJFJVDVSXIU-UHFFFAOYSA-N,374.9,Cl
"1,2,3,7,8-Pentachlorodibenzo-P-dioxin",C1=C2C(=CC(=C1Cl)Cl)OC3=C(C(=C(C=C3O2)Cl)Cl)Cl,8256,40321-76-4,FSPZPQQWDODWAU-UHFFFAOYSA-N,356.4,Cl
"1,2,3,7,8-Pentachlorodibenzofuran",C1=C2C(=CC(=C1Cl)Cl)OC3=CC(=C(C(=C23)Cl)Cl)Cl,10071,57117-41-6,SBMIVUVRFPGOEB-UHFFFAOYSA-N,340.4,Cl
"1,2,3-Trichlorobenzene",C1=CC(=C(C(=C1)Cl)Cl)Cl,14784,87-61-6,RELMFMZEBKVZJC-UHFFFAOYSA-N,181.4,Cl
"1,2,3-Trichlorobenzene",C1=CC(=C(C(=C1)Cl)Cl)Cl,1601,12002-48-1,RELMFMZEBKVZJC-UHFFFAOYSA-N,181.4,Cl
"1,2,3-Trichloropropane",C(C(CCl)Cl)Cl,15871,96-18-4,CFXQEHVMCRXUSD-UHFFFAOYSA-N,147.43,Cl
"1,2,3-Trichloropropene",C(/C(=C/Cl)/Cl)Cl,2304,13116-57-9,HIILBTHBHCLUER-IWQZZHSRSA-N,145.41,Cl
"1,2,4,5,7-Pentachloronaphthalene",C1=C(C=C(C2=C1C(=C(C=C2Cl)Cl)Cl)Cl)Cl,2404,1321-64-8,WYLDWCYZCFRVRH-UHFFFAOYSA-N,300.4,Cl
"1,2,4,5-Tetrachlorobenzene",C1=C(C(=CC(=C1Cl)Cl)Cl)Cl,15777,95-94-3,JHBKHLUZVFWLAG-UHFFFAOYSA-N,215.9,Cl
"1,2,4-Trichlorobenzene",C1=CC(=C(C=C1Cl)Cl)Cl,1584,120-82-1,PBKONEOXTCPAFI-UHFFFAOYSA-N,181.4,Cl
"1,2-Dichloro-3-(chloromethyl)benzene",C1=CC(=C(C(=C1)Cl)Cl)CCl,17202,,AIPJZPPOFWCJRC-UHFFFAOYSA-N,195.5,Cl
"1,2-Dichloro-3-[(2,3-dichlorophenyl)methyl]-4-methylbenzene",CC1=C(C(=C(C=C1)Cl)Cl)CC2=C(C(=CC=C2)Cl)Cl,13619,76253-60-6,VFDKJOGFZHCXDA-UHFFFAOYSA-N,320,Cl
"1,2-Dichlorobenzene",C1=CC=C(C(=C1)Cl)Cl,15756,95-50-1,RFFLAFLAYFXFSW-UHFFFAOYSA-N,147,Cl
"1,2-Dichlorobenzene",C1=CC=C(C(=C1)Cl)Cl,5845,25321-22-6,RFFLAFLAYFXFSW-UHFFFAOYSA-N,147,Cl
"1,2-Dichloroethane",C(CCl)Cl,753,107-06-2,WSLDOOZREJYCGB-UHFFFAOYSA-N,98.96,Cl
"1,2-Dichloroethylene",C(=CCl)Cl,9598,540-59-0,KFUSEUYYWQURPO-UHFFFAOYSA-N,96.94,Cl
"1,2-Dichloropropane",CC(CCl)Cl,13976,78-87-5,KNKRKFALVUDBJE-UHFFFAOYSA-N,112.98,Cl
"1,2-Epoxy-3,3,3-trichloropropane",C1C(O1)C(Cl)(Cl)Cl,7135,3083-23-6,VFEXYZINKMLLAK-UHFFFAOYSA-N,161.41,Cl
"1,3,5-Benzenetricarbonyl trichloride",C1=C(C=C(C=C1C(=O)Cl)C(=O)Cl)C(=O)Cl,8594,4422-95-1,UWCPYKQBIPYOLX-UHFFFAOYSA-N,265.5,Cl
"1,3,5-Trichlorobenzene",C1=C(C=C(C=C1Cl)Cl)Cl,878,108-70-3,XKEFYDZQGKAQCN-UHFFFAOYSA-N,181.4,Cl
"1,3-Butadiene, 1,1,2-trichloro-",C=CC(=C(Cl)Cl)Cl,6698,2852-07-5,ZFBGKBGUMMBBMY-UHFFFAOYSA-N,157.42,Cl
"1,3-Dichloro-2-propanol",C(C(CCl)O)Cl,15873,96-23-1,DEWLEGDTCGBNGU-UHFFFAOYSA-N,128.98,Cl
"1,3-Dichloro-5,5-dimethylhydantoin",CC1(C(=O)N(C(=O)N1Cl)Cl)C,1457,118-52-5,KEQGZUUPPQEDPF-UHFFFAOYSA-N,197.02,Cl
"1,3-Dichlorobenzene",C1=CC(=CC(=C1)Cl)Cl,9619,541-73-1,ZPQOPVIELGIULI-UHFFFAOYSA-N,147,Cl
"1,3-Dichlorobut-2-ene",C/C(=C\CCl)/Cl,15512,926-57-8,WLIADPFXSACYLS-DUXPYHPUSA-N,124.99,Cl
"1,3-Dichloropropane",C(CCl)CCl,3019,142-28-9,YHRUOJUYPBUZOS-UHFFFAOYSA-N,112.98,Cl
"1,3-Dichloropropene",C(C=CCl)Cl,9637,542-75-6,UOORRWUZONOOLO-UHFFFAOYSA-N,110.97,Cl
"1,3:2,4-Bis-O-((4-chlorophenyl)methylene)-D-glucitol",C[C@]1([C@H]2[C@H](COC(O2)C3=CC=C(C=C3)Cl)OC(O1)C4=CC=C(C=C4)Cl)[C@@H](CO)O,14329,82203-23-4,YULFFYZCWUUTNC-YWPNNVDBSA-N,441.3,Cl
"1,4-Bis(chloromethyl)benzene",C1=CC(=CC=C1CCl)CCl,10927,623-25-6,ZZHIDJWUJRKHGX-UHFFFAOYSA-N,175.05,Cl
"1,4-Bis(chloromethyl)naphthalene",C1=CC=C2C(=CC=C(C2=C1)CCl)CCl,11598,6586-89-6,PMIHHEJEQAQZET-UHFFFAOYSA-N,225.11,Cl
"1,4-Diamino-2,3-dichloroanthraquinone",C1=CC=C2C(=C1)C(=O)C3=C(C2=O)C(=C(C(=C3N)Cl)Cl)N,14267,81-42-5,KZYAYVSWIPZDKL-UHFFFAOYSA-N,307.1,Cl
"1,4-Dichloro-2-butene, (2E)-",C(/C=C/CCl)Cl,1008,110-57-6,FQDIANVAWVHZIR-OWOJBTEDSA-N,124.99,Cl
"1,4-Dichloro-2-butene, (2E)-",C(/C=C/CCl)Cl,13639,764-41-0,FQDIANVAWVHZIR-OWOJBTEDSA-N,124.99,Cl
"1,4-Dichlorobenzene",C1=CC(=CC=C1Cl)Cl,655,106-46-7,OCJBOOLMMGQPQU-UHFFFAOYSA-N,147,Cl
"1,4-Dichlorobutane",C(CCCl)CCl,1007,110-56-5,KJDRSWPQXHESDQ-UHFFFAOYSA-N,127.01,Cl
"1,6-Dichlorohexane",C(CCCCl)CCCl,4981,2163-00-0,OVISMSJCKCDOPU-UHFFFAOYSA-N,155.06,Cl
1-((2-Chloro-4-nitrophenyl)azo)-2-naphthol,C1=CC=C2C(=C1)C=CC(=C2N=NC3=C(C=C(C=C3)[N+](=O)[O-])Cl)O,6635,2814-77-9,XLTMWFMRJZDFFD-UHFFFAOYSA-N,327.72,Cl
1-(2-Chloropropyl)-5-nitro-2-(phenylmethyl)-1H-benzimidazole,CC(CN1C2=C(C=C(C=C2)[N+](=O)[O-])N=C1CC3=CC=CC=C3)Cl,12983,7189-76-6,QPTDFPXUTRROQZ-UHFFFAOYSA-N,329.8,Cl
1-(Chloromethyl)naphthalene,C1=CC=C2C(=C1)C=CC=C2CCl,14727,86-52-2,XMWGTKZEDLCVIG-UHFFFAOYSA-N,176.64,Cl
1-Adamantanecarbonyl chloride,C1C2CC3CC1CC(C2)(C3)C(=O)Cl,4854,2094-72-6,MIBQYWIOHFTKHD-UHFFFAOYSA-N,198.69,Cl
"1-Butyl-5-((4-chlorophenyl)azo)-1,2-dihydro-6-hydroxy-4-methyl-2-oxonicotinonitrile",CCCCN1C(=C(C(=C(C1=O)N=NC2=CC=C(C=C2)Cl)C)C#N)O,14444,83929-90-2,MWAWPZSULSWTAA-UHFFFAOYSA-N,344.8,Cl
1-Chloro-2-(trichloromethyl)benzene,C1=CC=C(C(=C1)C(Cl)(Cl)Cl)Cl,4932,2136-89-2,MFHPYLFZSCSNST-UHFFFAOYSA-N,229.9,Cl
1-Chloro-2-nitropropane,CC(CCl)[N+](=O)[O-],5391,2425-66-3,FPJNQQRSBJPGHM-UHFFFAOYSA-N,123.54,Cl
1-Chloro-2-propanol,CC(CCl)O,2097,127-00-4,YYTSGNJTASLUOY-UHFFFAOYSA-N,94.54,Cl
"1-Chloro-3,3-dimethylbutane",CC(C)(C)CCCl,6699,2855-08-5,XGCKOSFYXBAPQM-UHFFFAOYSA-N,120.62,Cl
1-Chloro-3-nitrobenzene,C1=CC(=CC(=C1)Cl)[N+](=O)[O-],1728,121-73-3,KMAQZIILEGKYQZ-UHFFFAOYSA-N,157.55,Cl
"1-Chloro-4-(1,2,2-trichlorovinyl)benzene",C1=CC(=CC=C1C(=C(Cl)Cl)Cl)Cl,8874,4714-35-6,KQRVRRKQNVBFMN-UHFFFAOYSA-N,241.9,Cl
1-Chloro-4-nitrobenzene,C1=CC(=CC=C1[N+](=O)[O-])Cl,1,100-00-5,CZGCEKJOLUNIFY-UHFFFAOYSA-N,157.55,Cl
1-Chlorodecane,CCCCCCCCCCCl,56,1002-69-3,ZTEHOZMYMCEYRM-UHFFFAOYSA-N,176.72,Cl
1-Chlorododecane,CCCCCCCCCCCCCl,1236,112-52-7,YAYNEUUHHLGGAH-UHFFFAOYSA-N,204.78,Cl
1-Chloroeicosane,CCCCCCCCCCCCCCCCCCCCCl,8459,42217-02-7,AFGNVSCTEXUEJE-UHFFFAOYSA-N,317,Cl
1-Chloroheptacosane,CCCCCCCCCCCCCCCCCCCCCCCCCCCCl,10867,62016-79-9,SHDKPHGPBNHILS-UHFFFAOYSA-N,415.2,Cl
1-Chlorohexadecane,CCCCCCCCCCCCCCCCCl,8944,4860-03-1,CLWAXFZCVYJLLM-UHFFFAOYSA-N,260.9,Cl
1-Chloronaphthalene,C1=CC=C2C(=C1)C=CC=C2Cl,14966,90-13-1,JTPNRXUCIXHOKM-UHFFFAOYSA-N,162.61,Cl
1-Chlorooctadecane,CCCCCCCCCCCCCCCCCCCl,7562,3386-33-2,VUQPJRPDRDVQMN-UHFFFAOYSA-N,288.9,Cl
1-Chlorooctane,CCCCCCCCCl,1123,111-85-3,CNDHHGUSRIZDSL-UHFFFAOYSA-N,148.67,Cl
1-Chlorotetradecane,CCCCCCCCCCCCCCCl,5390,2425-54-9,RNHWYOLIEJIAMV-UHFFFAOYSA-N,232.83,Cl
1-Chloroundecane,CCCCCCCCCCCCl,5514,2473-03-2,ZHKKNUKCXPWZOP-UHFFFAOYSA-N,190.75,Cl
"1H-Isoindol-1-one, 3,3'-[(2,5-dichloro-1,4-phenylene)diimino]bis-",C1=CC=C2C(=C1)C(=NC3=CC(=C(C=C3Cl)N=C4C5=CC=CC=C5C(=O)N4)Cl)NC2=O,9153,51016-63-8,ABRHAPVKULGVAO-UHFFFAOYSA-N,435.3,Cl
"2',3,4,4',5-Pentachlorobiphenyl",C1=CC(=C(C=C1Cl)Cl)C2=CC(=C(C(=C2)Cl)Cl)Cl,11564,65510-44-3,YAHNWSSFXMVPOU-UHFFFAOYSA-N,326.4,Cl
"2',3,4-Trichlorobiphenyl",C1=CC=C(C(=C1)C2=CC(=C(C=C2)Cl)Cl)Cl,8087,38444-86-9,RIMXLXBUOQMDHV-UHFFFAOYSA-N,257.5,Cl
"2'-(2-Chloro-4,6-dinitrophenylazo)-5'-(diethylamino)acetanilide",CCN(CC)C1=CC(=C(C=C1)N=NC2=C(C=C(C=C2Cl)[N+](=O)[O-])[N+](=O)[O-])NC(=O)C,11691,66557-45-7,YREBUQFUGONNSP-UHFFFAOYSA-N,434.8,Cl
2'-Chloroacetophenone,CC(=O)C1=CC=CC=C1Cl,4939,2142-68-9,ZDOYHCIRUPHUHN-UHFFFAOYSA-N,154.59,Cl
"2,10-Dichloro-8,16-pyranthrenedione",C1=CC2=C(C=C1Cl)C(=O)C3=C4C2=CC5=C6C4=C(C=C3)C=C7C6=C(C=C5)C(=O)C8=C7C=CC(=C8)Cl,13160,73309-48-5,LAQIPKVMDJFAOB-UHFFFAOYSA-N,475.3,Cl
"2,2',3,3',4,4',5,5',6-Nonachlorobiphenyl",C1=C(C(=C(C(=C1Cl)Cl)Cl)Cl)C2=C(C(=C(C(=C2Cl)Cl)Cl)Cl)Cl,8247,40186-72-9,JFIMDKGRGPNPRQ-UHFFFAOYSA-N,464.2,Cl
"2,2',3,3',4,4',5,5'-Octachlorobiphenyl",C1=C(C(=C(C(=C1Cl)Cl)Cl)Cl)C2=CC(=C(C(=C2Cl)Cl)Cl)Cl,7758,35694-08-7,DTMRKGRREZAYAP-UHFFFAOYSA-N,429.8,Cl
"2,2',3,3',4,4',5,6,6'-Nonachlorobiphenyl",C1=C(C(=C(C(=C1Cl)Cl)Cl)C2=C(C(=C(C(=C2Cl)Cl)Cl)Cl)Cl)Cl,9420,52663-79-3,YGDPIDTZOQGPAX-UHFFFAOYSA-N,464.2,Cl
"2,2',3,3',4,4',5,6-Octachlorobiphenyl",C1=CC(=C(C(=C1C2=C(C(=C(C(=C2Cl)Cl)Cl)Cl)Cl)Cl)Cl)Cl,9419,52663-78-2,JAHJITLFJSDRCG-UHFFFAOYSA-N,429.8,Cl
"2,2',3,3',4,4',5-Heptachlorobiphenyl",C1=CC(=C(C(=C1C2=CC(=C(C(=C2Cl)Cl)Cl)Cl)Cl)Cl)Cl,7685,35065-30-6,RMPWIIKNWPVWNG-UHFFFAOYSA-N,395.3,Cl
"2,2',3,3',4,4',6,6'-Octachlorobiphenyl",C1=C(C(=C(C(=C1Cl)Cl)Cl)C2=C(C(=C(C=C2Cl)Cl)Cl)Cl)Cl,7453,33091-17-7,YPDBBDKYNWRFMF-UHFFFAOYSA-N,429.8,Cl
"2,2',3,3',4,4',6-Heptachlorobiphenyl",C1=CC(=C(C(=C1C2=C(C(=C(C=C2Cl)Cl)Cl)Cl)Cl)Cl)Cl,9413,52663-71-5,TZMHVHLTPWKZCI-UHFFFAOYSA-N,395.3,Cl
"2,2',3,3',4,4'-Hexachlorobiphenyl",C1=CC(=C(C(=C1C2=C(C(=C(C=C2)Cl)Cl)Cl)Cl)Cl)Cl,1062,11096-82-5,BTAGRXWGMYTPBY-UHFFFAOYSA-N,360.9,Cl
"2,2',3,3',4,4'-Hexachlorobiphenyl",C1=CC(=C(C(=C1C2=C(C(=C(C=C2)Cl)Cl)Cl)Cl)Cl)Cl,8071,38380-07-3,BTAGRXWGMYTPBY-UHFFFAOYSA-N,360.9,Cl
"2,2',3,3',4,5',6'-Heptachlorobiphenyl",C1=CC(=C(C(=C1C2=C(C(=CC(=C2Cl)Cl)Cl)Cl)Cl)Cl)Cl,9412,52663-70-4,CXOYNJAHPUASHN-UHFFFAOYSA-N,395.3,Cl
"2,2',3,3',4,5',6,6'-Octachlorobiphenyl",C1=C(C(=C(C(=C1Cl)Cl)Cl)C2=C(C(=CC(=C2Cl)Cl)Cl)Cl)Cl,8246,40186-71-8,LJQOBQLZTUSEJA-UHFFFAOYSA-N,429.8,Cl
"2,2',3,3',4,5'-Hexachlorobiphenyl",C1=CC(=C(C(=C1C2=C(C(=CC(=C2)Cl)Cl)Cl)Cl)Cl)Cl,9408,52663-66-8,YFSLABAYQDPWPF-UHFFFAOYSA-N,360.9,Cl
"2,2',3,3',4,5,5',6'-Octachlorobiphenyl",C1=C(C(=C(C(=C1Cl)Cl)Cl)Cl)C2=C(C(=CC(=C2Cl)Cl)Cl)Cl,9416,52663-75-9,HJBYDWKNARZTMJ-UHFFFAOYSA-N,429.8,Cl
"2,2',3,3',4,5,5',6,6'-Nonachlorobiphenyl",C1=C(C(=C(C(=C1Cl)Cl)C2=C(C(=C(C(=C2Cl)Cl)Cl)Cl)Cl)Cl)Cl,9418,52663-77-1,XIFFTDRFWYFAPO-UHFFFAOYSA-N,464.2,Cl
"2,2',3,3',4,5,5'-Heptachlorobiphenyl",C1=C(C=C(C(=C1C2=CC(=C(C(=C2Cl)Cl)Cl)Cl)Cl)Cl)Cl,9415,52663-74-8,HOPMUCXYRNOABF-UHFFFAOYSA-N,395.3,Cl
"2,2',3,3',4,5,6'-Heptachlorobiphenyl",C1=CC(=C(C(=C1Cl)C2=CC(=C(C(=C2Cl)Cl)Cl)Cl)Cl)Cl,8078,38411-25-5,ZDLMBNHYTPHDLF-UHFFFAOYSA-N,395.3,Cl
"2,2',3,3',4,5,6,6'-Octachlorobiphenyl",C1=CC(=C(C(=C1Cl)C2=C(C(=C(C(=C2Cl)Cl)Cl)Cl)Cl)Cl)Cl,9414,52663-73-7,HHXNVASVVVNNDG-UHFFFAOYSA-N,429.8,Cl
"2,2',3,3',4,5-Hexachlorobiphenyl",C1=CC(=C(C(=C1)Cl)Cl)C2=CC(=C(C(=C2Cl)Cl)Cl)Cl,9782,55215-18-4,VQQKIXKPMJTUMP-UHFFFAOYSA-N,360.9,Cl
"2,2',3,3',4,6'-Hexachlorobiphenyl",C1=CC(=C(C(=C1C2=C(C=CC(=C2Cl)Cl)Cl)Cl)Cl)Cl,8070,38380-05-1,OKBJVIVEFXPEOU-UHFFFAOYSA-N,360.9,Cl
"2,2',3,3',4,6,6'-Heptachlorobiphenyl",C1=CC(=C(C(=C1Cl)C2=C(C(=C(C=C2Cl)Cl)Cl)Cl)Cl)Cl,9407,52663-65-7,HGMYRFJAJNYBRX-UHFFFAOYSA-N,395.3,Cl
"2,2',3,3',4,6-Hexachlorobiphenyl",C1=CC(=C(C(=C1)Cl)Cl)C2=C(C(=C(C=C2Cl)Cl)Cl)Cl,10800,61798-70-7,WDLTVNWWEZJMPF-UHFFFAOYSA-N,360.9,Cl
"2,2',3,3',4-Pentachlorobiphenyl",C1=CC(=C(C(=C1)Cl)Cl)C2=C(C(=C(C=C2)Cl)Cl)Cl,1064,11097-69-1,AUGNBQPSMWGAJE-UHFFFAOYSA-N,326.4,Cl
"2,2',3,3',4-Pentachlorobiphenyl",C1=CC(=C(C(=C1)Cl)Cl)C2=C(C(=C(C=C2)Cl)Cl)Cl,9405,52663-62-4,AUGNBQPSMWGAJE-UHFFFAOYSA-N,326.4,Cl
"2,2',3,3',5,5',6,6'-Octachlorobiphenyl",C1=C(C(=C(C(=C1Cl)Cl)C2=C(C(=CC(=C2Cl)Cl)Cl)Cl)Cl)Cl,4933,2136-99-4,JPOPEORRMSDUIP-UHFFFAOYSA-N,429.8,Cl
"2,2',3,3',5,5',6-Heptachlorobiphenyl",C1=C(C=C(C(=C1C2=C(C(=CC(=C2Cl)Cl)Cl)Cl)Cl)Cl)Cl,9409,52663-67-9,WCIBKXHMIXUQHK-UHFFFAOYSA-N,395.3,Cl
"2,2',3,3',5,6'-Hexachlorobiphenyl",C1=CC(=C(C(=C1Cl)C2=C(C(=CC(=C2)Cl)Cl)Cl)Cl)Cl,9439,52744-13-5,UUTNFLRSJBQQJM-UHFFFAOYSA-N,360.9,Cl
"2,2',3,3',5,6-Hexachlorobiphenyl",C1=CC(=C(C(=C1)Cl)Cl)C2=C(C(=CC(=C2Cl)Cl)Cl)Cl,9431,52704-70-8,RVWLHPJFOKUPNM-UHFFFAOYSA-N,360.9,Cl
"2,2',3,3',5-Pentachlorobiphenyl",C1=CC(=C(C(=C1)Cl)Cl)C2=C(C(=CC(=C2)Cl)Cl)Cl,10489,60145-20-2,SUBRHHYLRGOTHL-UHFFFAOYSA-N,326.4,Cl
"2,2',3,3',6,6'-Hexachlorobiphenyl",C1=CC(=C(C(=C1Cl)C2=C(C=CC(=C2Cl)Cl)Cl)Cl)Cl,8077,38411-22-2,FZFUUSROAHKTTF-UHFFFAOYSA-N,360.9,Cl
"2,2',3,3',6-Pentachlorobiphenyl",C1=CC(=C(C(=C1)Cl)Cl)C2=C(C=CC(=C2Cl)Cl)Cl,9403,52663-60-2,QVWUJLANSDKRAH-UHFFFAOYSA-N,326.4,Cl
"2,2',3,3'-Tetrachlorobiphenyl",C1=CC(=C(C(=C1)Cl)Cl)C2=C(C(=CC=C2)Cl)Cl,8089,38444-93-8,VTLYHLREPCPDKX-UHFFFAOYSA-N,292,Cl
"2,2',3,4',5',6-Hexachlorobiphenyl",C1=CC(=C(C(=C1Cl)C2=CC(=C(C=C2Cl)Cl)Cl)Cl)Cl,8069,38380-04-0,LKHLFUVHHXCNJH-UHFFFAOYSA-N,360.9,Cl
"2,2',3,4',5'-Pentachlorobiphenyl",C1=CC(=C(C(=C1)Cl)Cl)C2=CC(=C(C=C2Cl)Cl)Cl,8375,41464-51-1,JTUSORDQZVOEAZ-UHFFFAOYSA-N,326.4,Cl
"2,2',3,4',5,5',6-Heptachlorobiphenyl",C1=C(C(=CC(=C1Cl)Cl)Cl)C2=C(C(=CC(=C2Cl)Cl)Cl)Cl,9410,52663-68-0,UDMZPLROONOSEF-UHFFFAOYSA-N,395.3,Cl
"2,2',3,4',5,5'-Hexachlorobiphenyl",C1=C(C=C(C(=C1C2=CC(=C(C=C2Cl)Cl)Cl)Cl)Cl)Cl,9285,51908-16-8,BQHCQAQLTCQFJZ-UHFFFAOYSA-N,360.9,Cl
"2,2',3,4',5,6-Hexachlorobiphenyl",C1=CC(=C(C=C1Cl)Cl)C2=C(C(=CC(=C2Cl)Cl)Cl)Cl,12053,68194-13-8,AQONCPKMJSBHQT-UHFFFAOYSA-N,360.9,Cl
"2,2',3,4',6-Pentachlorobiphenyl",C1=CC(=C(C=C1Cl)Cl)C2=C(C=CC(=C2Cl)Cl)Cl,12052,68194-05-8,CXKIGWXPPVZSQK-UHFFFAOYSA-N,326.4,Cl
"2,2',3,4'-Tetrachlorobiphenyl",C1=CC(=C(C(=C1)Cl)Cl)C2=C(C=C(C=C2)Cl)Cl,7854,36559-22-5,ALFHIHDQSYXSGP-UHFFFAOYSA-N,292,Cl
"2,2',3,4,4',5',6-Heptachlorobiphenyl",C1=C(C(=CC(=C1Cl)Cl)Cl)C2=C(C(=C(C=C2Cl)Cl)Cl)Cl,9411,52663-69-1,KQBFUDNJKCZEDQ-UHFFFAOYSA-N,395.3,Cl
"2,2',3,4,4',5'-Hexachlorobiphenyl",C1=CC(=C(C(=C1C2=CC(=C(C=C2Cl)Cl)Cl)Cl)Cl)Cl,7683,35065-28-2,RPUMZMSNLZHIGZ-UHFFFAOYSA-N,360.9,Cl
"2,2',3,4,4',5,5',6-Octachlorobiphenyl",C1=C(C(=CC(=C1Cl)Cl)Cl)C2=C(C(=C(C(=C2Cl)Cl)Cl)Cl)Cl,9417,52663-76-0,DCPDZFRGNJDWPP-UHFFFAOYSA-N,429.8,Cl
"2,2',3,4,4',5,5'-Heptachlorobiphenyl",C1=C(C(=CC(=C1Cl)Cl)Cl)C2=CC(=C(C(=C2Cl)Cl)Cl)Cl,7684,35065-29-3,WBHQEUPUMONIKF-UHFFFAOYSA-N,395.3,Cl
"2,2',3,4,4',5,6'-Heptachlorobiphenyl",C1=C(C=C(C(=C1Cl)C2=CC(=C(C(=C2Cl)Cl)Cl)Cl)Cl)Cl,10492,60145-23-5,RXRLRYZUMSYVLS-UHFFFAOYSA-N,395.3,Cl
"2,2',3,4,4',5,6,6'-Octachlorobiphenyl",C1=C(C=C(C(=C1Cl)C2=C(C(=C(C(=C2Cl)Cl)Cl)Cl)Cl)Cl)Cl,13370,74472-52-9,JDZUWXRNKHXZFE-UHFFFAOYSA-N,429.8,Cl
"2,2',3,4,4',5-Hexachlorobiphenyl",C1=CC(=C(C=C1Cl)Cl)C2=CC(=C(C(=C2Cl)Cl)Cl)Cl,7757,35694-06-5,CKLLRBPBZLTGDJ-UHFFFAOYSA-N,360.9,Cl
"2,2',3,4,4'-Pentachlorobiphenyl",C1=CC(=C(C=C1Cl)Cl)C2=C(C(=C(C=C2)Cl)Cl)Cl,11565,65510-45-4,LACXVZHAJMVESG-UHFFFAOYSA-N,326.4,Cl
"2,2',3,4,5',6-Hexachlorobiphenyl",C1=CC(=C(C=C1Cl)C2=C(C(=C(C=C2Cl)Cl)Cl)Cl)Cl,12054,68194-14-9,CXXRQFOKRZJAJA-UHFFFAOYSA-N,360.9,Cl
"2,2',3,4,5'-Pentachlorobiphenyl",C1=CC(=C(C=C1Cl)C2=C(C(=C(C=C2)Cl)Cl)Cl)Cl,8067,38380-02-8,OPKYDBFRKPQCBS-UHFFFAOYSA-N,326.4,Cl
"2,2',3,4,5,5',6-Heptachlorobiphenyl",C1=CC(=C(C=C1Cl)C2=C(C(=C(C(=C2Cl)Cl)Cl)Cl)Cl)Cl,9433,52712-05-7,PYZHTHZEHQHHEN-UHFFFAOYSA-N,395.3,Cl
"2,2',3,4,5,5'-Hexachlorobiphenyl",C1=CC(=C(C=C1Cl)C2=CC(=C(C(=C2Cl)Cl)Cl)Cl)Cl,9432,52712-04-6,UCLKLGIYGBLTSM-UHFFFAOYSA-N,360.9,Cl
"2,2',3,4,5,6'-Hexachlorobiphenyl",C1=CC(=C(C(=C1)Cl)C2=CC(=C(C(=C2Cl)Cl)Cl)Cl)Cl,12055,68194-15-0,UQPQKLGBEKEZBV-UHFFFAOYSA-N,360.9,Cl
"2,2',3,4,6'-Pentachlorobiphenyl",C1=CC(=C(C(=C1)Cl)C2=C(C(=C(C=C2)Cl)Cl)Cl)Cl,13188,73575-57-2,GLOOIONSKMZYQZ-UHFFFAOYSA-N,326.4,Cl
"2,2',3,4,6,6'-Hexachlorobiphenyl",C1=CC(=C(C(=C1)Cl)C2=C(C(=C(C=C2Cl)Cl)Cl)Cl)Cl,13366,74472-40-5,JZFZCLFEPXCRCA-UHFFFAOYSA-N,360.9,Cl
"2,2',3,4-Tetrachlorobiphenyl",C1=CC=C(C(=C1)C2=C(C(=C(C=C2)Cl)Cl)Cl)Cl,9402,52663-59-9,SEWHDNLIHDBVDZ-UHFFFAOYSA-N,292,Cl
"2,2',3,5',6-Pentachlorobiphenyl",C1=CC(=C(C=C1Cl)C2=C(C=CC(=C2Cl)Cl)Cl)Cl,8065,38379-99-6,GXNNLIMMEXHBKV-UHFFFAOYSA-N,326.4,Cl
"2,2',3,5'-Tetrachlorobiphenyl",C1=CC(=C(C(=C1)Cl)Cl)C2=C(C=CC(=C2)Cl)Cl,8369,41464-39-5,ALDJIKXAHSDLLB-UHFFFAOYSA-N,292,Cl
"2,2',3,5,5',6-Hexachlorobiphenyl",C1=CC(=C(C=C1Cl)C2=C(C(=CC(=C2Cl)Cl)Cl)Cl)Cl,9406,52663-63-5,UHCLFIWDCYOTOL-UHFFFAOYSA-N,360.9,Cl
"2,2',3,5,5'-Pentachlorobiphenyl",C1=CC(=C(C=C1Cl)C2=C(C(=CC(=C2)Cl)Cl)Cl)Cl,9404,52663-61-3,CRCBRZBVCDKPGA-UHFFFAOYSA-N,326.4,Cl
"2,2',3,5-Tetrachlorobiphenyl",C1=CC=C(C(=C1)C2=C(C(=CC(=C2)Cl)Cl)Cl)Cl,12761,70362-46-8,NRBNBYFPJCCKTO-UHFFFAOYSA-N,292,Cl
"2,2',3,6'-Tetrachlorobiphenyl",C1=CC(=C(C(=C1)Cl)Cl)C2=C(C=CC=C2Cl)Cl,8374,41464-47-5,CUGLICQCTXWQNF-UHFFFAOYSA-N,292,Cl
"2,2',3,6,6'-Pentachlorobiphenyl",C1=CC(=C(C(=C1)Cl)C2=C(C=CC(=C2Cl)Cl)Cl)Cl,13187,73575-54-9,QQFGAXUIQVKBKU-UHFFFAOYSA-N,326.4,Cl
"2,2',3,6-Tetrachlorobiphenyl",C1=CC=C(C(=C1)C2=C(C=CC(=C2Cl)Cl)Cl)Cl,12760,70362-45-7,VHGHHZZTMJLTJX-UHFFFAOYSA-N,292,Cl
"2,2',3-Trichlorobiphenyl",C1=CC=C(C(=C1)C2=C(C(=CC=C2)Cl)Cl)Cl,8084,38444-78-9,XVIZMMSINIOIQP-UHFFFAOYSA-N,257.5,Cl
"2,2',4,4',5,5'-Hexachlorobiphenyl",C1=C(C(=CC(=C1Cl)Cl)Cl)C2=CC(=C(C=C2Cl)Cl)Cl,7682,35065-27-1,MVWHGTYKUMDIHL-UHFFFAOYSA-N,360.9,Cl
"2,2',4,4',5,6'-Hexachlorobiphenyl",C1=C(C=C(C(=C1Cl)C2=CC(=C(C=C2Cl)Cl)Cl)Cl)Cl,10491,60145-22-4,QXZHEJWDLVUFFB-UHFFFAOYSA-N,360.9,Cl
"2,2',4,4',5-Pentachlorobiphenyl",C1=CC(=C(C=C1Cl)Cl)C2=CC(=C(C=C2Cl)Cl)Cl,8066,38380-01-7,LMQJBFRGXHMNOX-UHFFFAOYSA-N,326.4,Cl
"2,2',4,4',6,6'-Hexachlorobiphenyl",C1=C(C=C(C(=C1Cl)C2=C(C=C(C=C2Cl)Cl)Cl)Cl)Cl,7571,33979-03-2,ICOAEPDGFWLUTI-UHFFFAOYSA-N,360.9,Cl
"2,2',4,4',6-Pentachlorobiphenyl",C1=CC(=C(C=C1Cl)Cl)C2=C(C=C(C=C2Cl)Cl)Cl,8196,39485-83-1,RKUAZJIXKHPFRK-UHFFFAOYSA-N,326.4,Cl
"2,2',4,4'-Tetrachlorobiphenyl",C1=CC(=C(C=C1Cl)Cl)C2=C(C=C(C=C2)Cl)Cl,16261,53469-21-9,QORAVNMWUNPXAO-UHFFFAOYSA-N,292,Cl
"2,2',4,4'-Tetrachlorobiphenyl",C1=CC(=C(C=C1Cl)Cl)C2=C(C=C(C=C2)Cl)Cl,5427,2437-79-8,QORAVNMWUNPXAO-UHFFFAOYSA-N,292,Cl
"2,2',4,5',6-Pentachlorobiphenyl",C1=CC(=C(C=C1Cl)C2=C(C=C(C=C2Cl)Cl)Cl)Cl,10490,60145-21-3,PQHZWWBJPCNNGI-UHFFFAOYSA-N,326.4,Cl
"2,2',4,5'-Tetrachlorobiphenyl",C1=CC(=C(C=C1Cl)Cl)C2=C(C=CC(=C2)Cl)Cl,8370,41464-40-8,ZWPVHELAQPIZHO-UHFFFAOYSA-N,292,Cl
"2,2',4,5,5'-Pentachlorobiphenyl",C1=CC(=C(C=C1Cl)C2=CC(=C(C=C2Cl)Cl)Cl)Cl,8016,37680-73-2,LAHWLEDBADHJGA-UHFFFAOYSA-N,326.4,Cl
"2,2',4,5-Tetrachlorobiphenyl",C1=CC=C(C(=C1)C2=CC(=C(C=C2Cl)Cl)Cl)Cl,12762,70362-47-9,XBTHILIDLBPRPM-UHFFFAOYSA-N,292,Cl
"2,2',4,6'-Tetrachlorobiphenyl",C1=CC(=C(C(=C1)Cl)C2=C(C=C(C=C2)Cl)Cl)Cl,12051,68194-04-7,WVHNUGRFECMVLQ-UHFFFAOYSA-N,292,Cl
"2,2',4,6,6'-Pentachlorobiphenyl",C1=CC(=C(C(=C1)Cl)C2=C(C=C(C=C2Cl)Cl)Cl)Cl,9988,56558-16-8,MTCPZNVSDFCBBE-UHFFFAOYSA-N,326.4,Cl
"2,2',4,6-Tetrachlorobiphenyl",C1=CC=C(C(=C1)C2=C(C=C(C=C2Cl)Cl)Cl)Cl,11001,62796-65-0,VLLVVZDKBSYMCG-UHFFFAOYSA-N,292,Cl
"2,2',4-Trichlorobiphenyl",C1=CC=C(C(=C1)C2=C(C=C(C=C2)Cl)Cl)Cl,8014,37680-66-3,YKKYCYQDUUXNLN-UHFFFAOYSA-N,257.5,Cl
"2,2',5,5'-Tetrachlorobiphenyl",C1=CC(=C(C=C1Cl)C2=C(C=CC(=C2)Cl)Cl)Cl,7756,35693-99-3,HCWZEPKLWVAEOV-UHFFFAOYSA-N,292,Cl
"2,2',5,6'-Tetrachlorobiphenyl",C1=CC(=C(C(=C1)Cl)C2=C(C=CC(=C2)Cl)Cl)Cl,8371,41464-41-9,SFTUSTXGTCCSHX-UHFFFAOYSA-N,292,Cl
"2,2',5-Trichlorobiphenyl",C1=CC=C(C(=C1)C2=C(C=CC(=C2)Cl)Cl)Cl,8013,37680-65-2,DCMURXAZTZQAFB-UHFFFAOYSA-N,257.5,Cl
"2,2'-Dichlorobiphenyl",C1=CC=C(C(=C1)C2=CC=CC=C2Cl)Cl,2211,13029-08-8,JAYCNKDKIKZTAF-UHFFFAOYSA-N,223.09,Cl
"2,2,2-Trichloro-1-phenylethanol",C1=CC=C(C=C1)C(C(Cl)(Cl)Cl)O,4662,2000-43-3,ABFRBTDJEKZSRM-UHFFFAOYSA-N,225.5,Cl
"2,2,2-Trichloro-1-phenylethyl acetate",CC(=O)OC(C1=CC=CC=C1)C(Cl)(Cl)Cl,14968,90-17-5,JKRWZLOCPLZZEI-UHFFFAOYSA-N,267.5,Cl
"2,2,2-Trichloroethyl acetate",CC(=O)OCC(Cl)(Cl)Cl,10964,625-24-1,XHAXVDWUMCHTCY-UHFFFAOYSA-N,191.44,Cl
"2,2-Dichloropropane",CC(C)(Cl)Cl,10385,594-20-7,ZEOVXNVKXIPWMS-UHFFFAOYSA-N,112.98,Cl
"2,3',4',5'-Tetrachlorobiphenyl",C1=CC=C(C(=C1)C2=CC(=C(C(=C2)Cl)Cl)Cl)Cl,12763,70362-48-0,QILUYCYPNYWMIL-UHFFFAOYSA-N,292,Cl
"2,3',4',5,5'-Pentachlorobiphenyl",C1=CC(=C(C=C1Cl)C2=CC(=C(C(=C2)Cl)Cl)Cl)Cl,12768,70424-70-3,PIVBPZFQXKMHBD-UHFFFAOYSA-N,326.4,Cl
"2,3',4',5-Tetrachlorobiphenyl",C1=CC(=C(C=C1C2=C(C=CC(=C2)Cl)Cl)Cl)Cl,7379,32598-11-1,KENZYIHFBRWMOD-UHFFFAOYSA-N,292,Cl
"2,3',4',6-Tetrachlorobiphenyl",C1=CC(=C(C(=C1)Cl)C2=CC(=C(C=C2)Cl)Cl)Cl,8373,41464-46-4,WYVBETQIUHPLFO-UHFFFAOYSA-N,292,Cl
"2,3',4,4',5-Pentachlorobiphenyl",C1=CC(=C(C=C1C2=CC(=C(C=C2Cl)Cl)Cl)Cl)Cl,7236,31508-00-6,IUTPYMGCWINGEY-UHFFFAOYSA-N,326.4,Cl
"2,3',4,4',6-Pentachlorobiphenyl",C1=CC(=C(C=C1C2=C(C=C(C=C2Cl)Cl)Cl)Cl)Cl,9989,56558-17-9,OAEQTHQGPZKTQP-UHFFFAOYSA-N,326.4,Cl
"2,3',4,4'-Tetrachlorobiphenyl",C1=CC(=C(C=C1C2=C(C=C(C=C2)Cl)Cl)Cl)Cl,7378,32598-10-0,RKLLTEAEZIJBAU-UHFFFAOYSA-N,292,Cl
"2,3',4,6-Tetrachlorobiphenyl",C1=CC(=CC(=C1)Cl)C2=C(C=C(C=C2Cl)Cl)Cl,10498,60233-24-1,CKUBKYSLNCKBOI-UHFFFAOYSA-N,292,Cl
"2,3',4-Trichlorobiphenyl",C1=CC(=CC(=C1)Cl)C2=C(C=C(C=C2)Cl)Cl,9867,55712-37-3,XBBZAULFUPBZSP-UHFFFAOYSA-N,257.5,Cl
"2,3',5'-Trichlorobiphenyl",C1=CC=C(C(=C1)C2=CC(=CC(=C2)Cl)Cl)Cl,8015,37680-68-5,GXVMAQACUOSFJF-UHFFFAOYSA-N,257.5,Cl
"2,3',5-Trichlorobiphenyl",C1=CC(=CC(=C1)Cl)C2=C(C=CC(=C2)Cl)Cl,8085,38444-81-4,ONNCPBRWFSKDMQ-UHFFFAOYSA-N,257.5,Cl
"2,3',6-Trichlorobiphenyl",C1=CC(=CC(=C1)Cl)C2=C(C=CC=C2Cl)Cl,8082,38444-76-7,VQOFJPFYTCHPTR-UHFFFAOYSA-N,257.5,Cl
"2,3'-Dichlorobiphenyl",C1=CC=C(C(=C1)C2=CC(=CC=C2)Cl)Cl,5909,25569-80-6,ZHBBDTRJIVXKEX-UHFFFAOYSA-N,223.09,Cl
"2,3,3',4',5,6-Hexachlorobiphenyl",C1=CC(=C(C=C1C2=C(C(=CC(=C2Cl)Cl)Cl)Cl)Cl)Cl,13368,74472-44-9,ZAGRQXMWMRUYRB-UHFFFAOYSA-N,360.9,Cl
"2,3,3',4',5-Pentachlorobiphenyl",C1=CC(=C(C=C1C2=C(C(=CC(=C2)Cl)Cl)Cl)Cl)Cl,12767,70424-68-9,PVYBHVJTMRRXLG-UHFFFAOYSA-N,326.4,Cl
"2,3,3',4',6-Pentachlorobiphenyl",C1=CC(=C(C=C1C2=C(C=CC(=C2Cl)Cl)Cl)Cl)Cl,8068,38380-03-9,ARXHIJMGSIYYRZ-UHFFFAOYSA-N,326.4,Cl
"2,3,3',4'-Tetrachlorobiphenyl",C1=CC(=C(C(=C1)Cl)Cl)C2=CC(=C(C=C2)Cl)Cl,8372,41464-43-1,UNCGJRRROFURDV-UHFFFAOYSA-N,292,Cl
"2,3,3',4,4',5'-Hexachlorobiphenyl",C1=CC(=C(C(=C1C2=CC(=C(C(=C2)Cl)Cl)Cl)Cl)Cl)Cl,12676,69782-90-7,YTWXDQVNPCIEOX-UHFFFAOYSA-N,360.9,Cl
"2,3,3',4,4',5,5',6-Octachlorobiphenyl",C1=C(C=C(C(=C1Cl)Cl)Cl)C2=C(C(=C(C(=C2Cl)Cl)Cl)Cl)Cl,13371,74472-53-0,VXXBCDUYUQKWCK-UHFFFAOYSA-N,429.8,Cl
"2,3,3',4,4',5,6-Heptachlorobiphenyl",C1=CC(=C(C=C1C2=C(C(=C(C(=C2Cl)Cl)Cl)Cl)Cl)Cl)Cl,8353,41411-64-7,TYEDCFVCFDKSBK-UHFFFAOYSA-N,395.3,Cl
"2,3,3',4,4',5-Hexachlorobiphenyl",C1=CC(=C(C=C1C2=CC(=C(C(=C2Cl)Cl)Cl)Cl)Cl)Cl,8072,38380-08-4,LCXMEXLGMKFLQO-UHFFFAOYSA-N,360.9,Cl
"2,3,3',4,4',6-Hexachlorobiphenyl",C1=CC(=C(C=C1C2=C(C(=C(C=C2Cl)Cl)Cl)Cl)Cl)Cl,13367,74472-42-7,ZQUPQXINXTWCQR-UHFFFAOYSA-N,360.9,Cl
"2,3,3',4,4'-Pentachlorobiphenyl",C1=CC(=C(C=C1C2=C(C(=C(C=C2)Cl)Cl)Cl)Cl)Cl,7381,32598-14-4,WIDHRBRBACOVOY-UHFFFAOYSA-N,326.4,Cl
"2,3,3',4,5,5',6-Heptachlorobiphenyl",C1=C(C=C(C=C1Cl)Cl)C2=C(C(=C(C(=C2Cl)Cl)Cl)Cl)Cl,13369,74472-51-8,ZUTDUGMNROUBOX-UHFFFAOYSA-N,395.3,Cl
"2,3,3',4-Tetrachlorobiphenyl",C1=CC(=CC(=C1)Cl)C2=C(C(=C(C=C2)Cl)Cl)Cl,13267,74338-24-2,ZKGSEEWIVLAUNH-UHFFFAOYSA-N,292,Cl
"2,3,3',5,6-Pentachlorobiphenyl",C1=CC(=CC(=C1)Cl)C2=C(C(=CC(=C2Cl)Cl)Cl)Cl,13364,74472-36-9,NTKSJAPQYKCFPP-UHFFFAOYSA-N,326.4,Cl
"2,3,3-Tris[(36Cl)chloro]prop-2-enoic acid",C(=C([36Cl])[36Cl])(C(=O)O)[36Cl],4445,18901-22-9,WMUBNWIGNSIRDH-VMGGCIAMSA-N,176.94,Cl
"2,3,4',5-Tetrachlorobiphenyl",C1=CC(=CC=C1C2=C(C(=CC(=C2)Cl)Cl)Cl)Cl,13363,74472-34-7,CITMYAMXIZQCJD-UHFFFAOYSA-N,292,Cl
"2,3,4',6-Tetrachlorobiphenyl",C1=CC(=CC=C1C2=C(C=CC(=C2Cl)Cl)Cl)Cl,9401,52663-58-8,FXRXQYZZALWWGA-UHFFFAOYSA-N,292,Cl
"2,3,4'-Trichlorobiphenyl",C1=CC(=C(C(=C1)Cl)Cl)C2=CC=C(C=C2)Cl,8086,38444-85-8,ZMHWQAHZKUPENF-UHFFFAOYSA-N,257.5,Cl
"2,3,4,4',5-Pentachlorobiphenyl",C1=CC(=CC=C1C2=CC(=C(C(=C2Cl)Cl)Cl)Cl)Cl,13365,74472-37-0,SXZSFWHOSHAKMN-UHFFFAOYSA-N,326.4,Cl
"2,3,4,4'-Tetrachlorobiphenyl",C1=CC(=CC=C1C2=C(C(=C(C=C2)Cl)Cl)Cl)Cl,7448,33025-41-1,XLDBTRJKXLKYTC-UHFFFAOYSA-N,292,Cl
"2,3,4,6,7,8-Hexachlorodibenzofuran",C1=C2C3=CC(=C(C(=C3OC2=C(C(=C1Cl)Cl)Cl)Cl)Cl)Cl,10559,60851-34-5,XTAHLACQOVXINQ-UHFFFAOYSA-N,374.9,Cl
"2,3,4,6-Tetrachloroanisole",COC1=C(C(=C(C=C1Cl)Cl)Cl)Cl,15622,938-22-7,ITXDBGLYYSJNPK-UHFFFAOYSA-N,245.9,Cl
"2,3,4,6-Tetrachlorophenol",C1=C(C(=C(C(=C1Cl)Cl)Cl)O)Cl,10180,58-90-2,VGVRPFIJEJYOFN-UHFFFAOYSA-N,231.9,Cl
"2,3,4,7,8-Pentachlorodibenzofuran",C1=C2C3=CC(=C(C(=C3OC2=CC(=C1Cl)Cl)Cl)Cl)Cl,10070,57117-31-4,OGBQILNBLMPPDP-UHFFFAOYSA-N,340.4,Cl
"2,3,4-Trichlorobiphenyl",C1=CC=C(C=C1)C2=C(C(=C(C=C2)Cl)Cl)Cl,9866,55702-46-0,IUYHQGMDSZOPDZ-UHFFFAOYSA-N,257.5,Cl
"2,3,4-Trichloronitrobenzene",C1=CC(=C(C(=C1[N+](=O)[O-])Cl)Cl)Cl,4168,17700-09-3,BGKIECJVXXHLDP-UHFFFAOYSA-N,226.4,Cl
"2,3,5,6-Tetrachloroaniline",C1=C(C(=C(C(=C1Cl)Cl)N)Cl)Cl,7661,3481-20-7,YTDHEFNWWHSXSU-UHFFFAOYSA-N,230.9,Cl
"2,3,5,6-Tetrachlorobiphenyl",C1=CC=C(C=C1)C2=C(C(=CC(=C2Cl)Cl)Cl)Cl,7477,33284-54-7,BLAYIQLVUNIICD-UHFFFAOYSA-N,292,Cl
"2,3,6-Trichlorobiphenyl",C1=CC=C(C=C1)C2=C(C=CC(=C2Cl)Cl)Cl,9865,55702-45-9,LVROLHVSYNLFBE-UHFFFAOYSA-N,257.5,Cl
"2,3,6-Trichlorotoluene",CC1=C(C=CC(=C1Cl)Cl)Cl,4821,2077-46-5,UZYYBZNZSSNYSA-UHFFFAOYSA-N,195.5,Cl
"2,3,7,8-Tetrachlorodibenzo-P-dioxin",C1=C2C(=CC(=C1Cl)Cl)OC3=CC(=C(C=C3O2)Cl)Cl,4114,1746-01-6,HGUFODBRKLSHSI-UHFFFAOYSA-N,322,Cl
"2,3,7,8-Tetrachlorodibenzofuran",C1=C2C3=CC(=C(C=C3OC2=CC(=C1Cl)Cl)Cl)Cl,9180,51207-31-9,KSMVNVHUTQZITP-UHFFFAOYSA-N,306,Cl
"2,3-Dichloro-1-propene",C=C(CCl)Cl,13977,78-88-6,FALCMQXTWHPRIH-UHFFFAOYSA-N,110.97,Cl
"2,3-Dichloroaniline",C1=CC(=C(C(=C1)Cl)Cl)N,10548,608-27-5,BRPSAOUFIJSKOT-UHFFFAOYSA-N,162.01,Cl
"2,3-Dichlorobiphenyl",C1=CC=C(C=C1)C2=C(C(=CC=C2)Cl)Cl,3879,16605-91-7,XOMKZKJEJBZBJJ-UHFFFAOYSA-N,223.09,Cl
"2,3-Dichlorophenol",C1=CC(=C(C(=C1)Cl)Cl)O,10130,576-24-9,UMPSXRYVXUPCOS-UHFFFAOYSA-N,163,Cl
"2,3-Dichlorotoluene",CC1=C(C(=CC=C1)Cl)Cl,7411,32768-54-0,GWLKCPXYBLCEKC-UHFFFAOYSA-N,161.03,Cl
"2,4',5-Trichlorobiphenyl",C1=CC(=CC=C1C2=C(C=CC(=C2)Cl)Cl)Cl,3880,16606-02-3,VAHKBZSAUKPEOV-UHFFFAOYSA-N,257.5,Cl
"2,4',6-Trichlorobiphenyl",C1=CC(=C(C(=C1)Cl)C2=CC=C(C=C2)Cl)Cl,8083,38444-77-8,IHIDFKLAWYPTKB-UHFFFAOYSA-N,257.5,Cl
"2,4'-Dichlorobiphenyl",C1=CC=C(C(=C1)C2=CC=C(C=C2)Cl)Cl,7669,34883-43-7,UFNIBRDIUNVOMX-UHFFFAOYSA-N,223.09,Cl
"2,4,4',5-Tetrachlorobiphenyl",C1=CC(=CC=C1C2=CC(=C(C=C2Cl)Cl)Cl)Cl,7392,32690-93-0,TULCXSBAPHCWCF-UHFFFAOYSA-N,292,Cl
"2,4,4'-Trichlorobiphenyl",C1=CC(=CC=C1C2=C(C=C(C=C2)Cl)Cl)Cl,12716,7012-37-5,BZTYNSQSZHARAZ-UHFFFAOYSA-N,257.5,Cl
"2,4,5-Trichloroaniline",C1=C(C(=CC(=C1Cl)Cl)Cl)N,11180,636-30-6,GUMCAKKKNKYFEB-UHFFFAOYSA-N,196.5,Cl
"2,4,5-Trichlorobiphenyl",C1=CC=C(C=C1)C2=CC(=C(C=C2Cl)Cl)Cl,3608,15862-07-4,VGVIKVCCUATMNG-UHFFFAOYSA-N,257.5,Cl
"2,4,5-Trichlorophenol",C1=C(C(=CC(=C1Cl)Cl)Cl)O,15778,95-95-4,LHJGJYXLEPZJPM-UHFFFAOYSA-N,197.4,Cl
"2,4,5-Trichlorotoluene",CC1=CC(=C(C=C1Cl)Cl)Cl,11671,6639-30-1,ZCXHZKNWIYVQNC-UHFFFAOYSA-N,195.5,Cl
"2,4,6-Cycloheptatrien-1-one, 2,5-dichloro-",C1=CC(=O)C(=CC=C1Cl)Cl,12937,7157-27-9,MPKYYRIGUWMAMA-UHFFFAOYSA-N,175.01,Cl
"2,4,6-Trichloroanisole",COC1=C(C=C(C=C1Cl)Cl)Cl,14780,87-40-1,WCVOGSZTONGSQY-UHFFFAOYSA-N,211.5,Cl
"2,4,6-Trichlorobiphenyl",C1=CC=C(C=C1)C2=C(C=C(C=C2Cl)Cl)Cl,7755,35693-92-6,MTLMVEWEYZFYTH-UHFFFAOYSA-N,257.5,Cl
"2,4,6-Trichloroheptane",CC(CC(CC(C)Cl)Cl)Cl,2240,13049-21-3,ZIELQSWVHXTKFD-UHFFFAOYSA-N,203.5,Cl
"2,4,6-Trichlorophenol",C1=C(C=C(C(=C1Cl)O)Cl)Cl,14853,88-06-2,LINPIYWFGCPVIE-UHFFFAOYSA-N,197.4,Cl
"2,4,6-Trichlorophenyl isocyanate",C1=C(C=C(C(=C1Cl)N=C=O)Cl)Cl,5657,2505-31-9,VDYWXVDWKFAUKE-UHFFFAOYSA-N,222.5,Cl
"2,4,6-Tris(4-chlorophenyl)-1,3,5-triazine",C1=CC(=CC=C1C2=NC(=NC(=N2)C3=CC=C(C=C3)Cl)C4=CC=C(C=C4)Cl)Cl,7185,3114-54-3,HNUCWEZQTAGOAW-UHFFFAOYSA-N,412.7,Cl
"2,4-D 2-Ethylhexyl ester",CCCCC(CC)COC(=O)COC1=C(C=C(C=C1)Cl)Cl,4531,1928-43-4,QZSFJRIWRPJUOH-UHFFFAOYSA-N,333.2,Cl
"2,4-D Isooctyl ester",CC(C)CCCCCOC(=O)COC1=C(C=C(C=C1)Cl)Cl,5782,25168-26-7,BBPLSOGERZQYQC-UHFFFAOYSA-N,333.2,Cl
"2,4-Di-tert-butyl-6-(5-chloro-2H-benzotriazol-2-yl)phenol",CC(C)(C)C1=CC(=C(C(=C1)N2N=C3C=CC(=CC3=N2)Cl)O)C(C)(C)C,17213,,UWSMKYBKUPAEJQ-UHFFFAOYSA-N,357.9,Cl
"2,4-Di-tert-butyl-6-(5-chloro-2H-benzotriazol-2-yl)phenol",CC(C)(C)C1=CC(=C(C(=C1)N2N=C3C=CC(=CC3=N2)Cl)O)C(C)(C)C,8103,3864-99-1,UWSMKYBKUPAEJQ-UHFFFAOYSA-N,357.9,Cl
"2,4-Dichloroaniline",C1=CC(=C(C=C1Cl)Cl)N,9810,554-00-7,KQCMTOWTPBNWDB-UHFFFAOYSA-N,162.01,Cl
"2,4-Dichlorobenzyl alcohol",C1=CC(=C(C=C1Cl)Cl)CO,4178,1777-82-8,DBHODFSFBXJZNY-UHFFFAOYSA-N,177.02,Cl
"2,4-Dichlorobiphenyl",C1=CC=C(C=C1)C2=C(C=C(C=C2)Cl)Cl,7476,33284-50-3,WEJZHZJJXPXXMU-UHFFFAOYSA-N,223.09,Cl
"2,4-Dichloronitrobenzene",C1=CC(=C(C=C1Cl)Cl)[N+](=O)[O-],10580,611-06-3,QUIMTLZDMCNYGY-UHFFFAOYSA-N,192,Cl
"2,4-Dichlorophenol",C1=CC(=C(C=C1Cl)Cl)O,1585,120-83-2,HFZWRUODUSTPEG-UHFFFAOYSA-N,163,Cl
"2,4-Dichlorotoluene",CC1=C(C=C(C=C1)Cl)Cl,15769,95-73-8,FUNUTBJJKQIVSY-UHFFFAOYSA-N,161.03,Cl
"2,4-Methano-1H-indene, 4-chlorooctahydro-",C1CC2CC3CC2C(C1)(C3)Cl,16030,98640-25-6,GNUXBPXWPFJHHK-UHFFFAOYSA-N,170.68,Cl
"2,5-Dichloro-p-xylene",CC1=CC(=C(C=C1Cl)C)Cl,1288,1124-05-6,UTGSRNVBAFCOEU-UHFFFAOYSA-N,175.05,Cl
"2,5-Dichloroaniline",C1=CC(=C(C=C1Cl)N)Cl,15773,95-82-9,AVYGCQXNNJPXSS-UHFFFAOYSA-N,162.01,Cl
"2,5-Dichlorobenzophenone",C1=CC=C(C=C1)C(=O)C2=C(C=CC(=C2)Cl)Cl,3883,16611-67-9,FAVKIHMGRWRACA-UHFFFAOYSA-N,251.1,Cl
"2,5-Dichlorobiphenyl",C1=CC=C(C=C1)C2=C(C=CC(=C2)Cl)Cl,7667,34883-39-1,KKQWHYGECTYFIA-UHFFFAOYSA-N,223.09,Cl
"2,5-Dichlorotoluene",CC1=C(C=CC(=C1)Cl)Cl,4558,19398-61-9,KFAKZJUYBOYVKA-UHFFFAOYSA-N,161.03,Cl
"2,6-Dichloro-1,4-phenylenediamine",C1=C(C=C(C(=C1Cl)N)Cl)N,10562,609-20-1,HQCHAOKWWKLXQH-UHFFFAOYSA-N,177.03,Cl
"2,6-Dichloro-4-nitroaniline",C1=C(C=C(C(=C1Cl)N)Cl)[N+](=O)[O-],16037,99-30-9,BIXZHMJUSMUDOQ-UHFFFAOYSA-N,207.01,Cl
"2,6-Dichloro-N-phenylaniline",C1=CC=C(C=C1)NC2=C(C=CC=C2Cl)Cl,3426,15307-93-4,HDUUZPLYVVQTKN-UHFFFAOYSA-N,238.11,Cl
"2,6-Dichlorobiphenyl",C1=CC=C(C=C1)C2=C(C=CC=C2Cl)Cl,7462,33146-45-1,IYZWUWBAFUBNCH-UHFFFAOYSA-N,223.09,Cl
"2,6-Dichlorophenol",C1=CC(=C(C(=C1)Cl)O)Cl,14786,87-65-0,HOLHYSJJBXSLMV-UHFFFAOYSA-N,163,Cl
"2,6-Dichlorotoluene",CC1=C(C=CC=C1Cl)Cl,1464,118-69-4,DMEDNTFWIHCBRK-UHFFFAOYSA-N,161.03,Cl
"2,7-Dichlorodibenzo-P-dioxin",C1=CC2=C(C=C1Cl)OC3=C(O2)C=C(C=C3)Cl,7560,33857-26-0,NBFMTHWVRBOVPE-UHFFFAOYSA-N,253.08,Cl
"2,9-Dichloro-5,12-dihydroquino[2,3-b]acridine-7,14-dione",C1=CC2=C(C=C1Cl)C(=O)C3=CC4=C(C=C3N2)C(=O)C5=C(N4)C=CC(=C5)Cl,10837,61932-63-6,XPZQBGDNVOHQIS-UHFFFAOYSA-N,381.2,Cl
"2,9-Dichloro-5,12-dihydroquino[2,3-b]acridine-7,14-dione",C1=CC2=C(C=C1Cl)C(=O)C3=CC4=C(C=C3N2)C(=O)C5=C(N4)C=CC(=C5)Cl,7149,3089-17-6,XPZQBGDNVOHQIS-UHFFFAOYSA-N,381.2,Cl
2-(4-Chlorophenoxy)ethanol,C1=CC(=CC=C1OCCO)Cl,4464,1892-43-9,GEGSSUSEWOHAFE-UHFFFAOYSA-N,172.61,Cl
"2-[(4-Chloro-2-nitrophenyl)azo]-N-(2,3-dihydro-2-oxo-1H-benzimidazol-5-yl)-3-oxobutyramide",CC(=O)C(C(=O)NC1=CC2=C(C=C1)NC(=O)N2)N=NC3=C(C=C(C=C3)Cl)[N+](=O)[O-],1842,12236-62-3,DLQMNSDNQWLFSS-UHFFFAOYSA-N,416.8,Cl
"2-[(4-chloro-2-nitrophenyl)azo]-N-(2,4-dimethylphenyl)-3-oxobutyramide",CC1=CC(=C(C=C1)NC(=O)C(C(=O)C)N=NC2=C(C=C(C=C2)Cl)[N+](=O)[O-])C,11487,6486-26-6,GPZGURVRGFCPNQ-UHFFFAOYSA-N,388.8,Cl
2-[(4-chloro-2-nitrophenyl)azo]-N-(4-chloro-o-tolyl)-3-oxobutyramide,CC1=C(C=CC(=C1)Cl)NC(=O)C(C(=O)C)N=NC2=C(C=C(C=C2)Cl)[N+](=O)[O-],7355,32432-45-4,WLFKZMHSYFTYSW-UHFFFAOYSA-N,409.2,Cl
2-[(4-Chloro-2-nitrophenyl)azo]-N-(4-ethoxyphenyl)-3-oxobutyramide,CCOC1=CC=C(C=C1)NC(=O)C(C(=O)C)N=NC2=C(C=C(C=C2)Cl)[N+](=O)[O-],9350,52320-66-8,ZCDDNAUHUZEVSJ-UHFFFAOYSA-N,404.8,Cl
"2-[N-(2-Cyanoethyl)-4-[(2,6-dichloro-4-nitrophenyl)azo]anilino]ethyl acetate",CC(=O)OCCN(CCC#N)C1=CC=C(C=C1)N=NC2=C(C=C(C=C2Cl)[N+](=O)[O-])Cl,9391,5261-31-4,ROPYWXVRNREIQD-UHFFFAOYSA-N,450.3,Cl
2-Amino-4-chloro-6-methoxypyrimidine,COC1=CC(=NC(=N1)N)Cl,10098,5734-64-5,VFEYBTFCBZMBAU-UHFFFAOYSA-N,159.57,Cl
2-Benzyl-4-chlorophenol,C1=CC=C(C=C1)CC2=C(C=CC(=C2)Cl)O,1568,120-32-1,NCKMMSIFQUPKCK-UHFFFAOYSA-N,218.68,Cl
2-Chloro-1-propanol,CC(CO)Cl,13978,78-89-7,VZIQXGLTRZLBEX-UHFFFAOYSA-N,94.54,Cl
2-Chloro-2-(phenylhydrazono)acetic acid ethyl ester,CCOC(=O)/C(=N/NC1=CC=CC=C1)/Cl,14990,9000-40-2,LZCJYKSOIZQABU-LCYFTJDESA-N,226.66,Cl
2-Chloro-2-methylpentane,CCCC(C)(C)Cl,8559,4325-48-8,NXXHAWKBICGUCK-UHFFFAOYSA-N,120.62,Cl
"2-Chloro-4,6-dinitroaniline",C1=C(C=C(C(=C1[N+](=O)[O-])N)Cl)[N+](=O)[O-],7716,3531-19-9,LHRIICYSGQGXSX-UHFFFAOYSA-N,217.57,Cl
2-Chloro-4-nitroaniline,C1=CC(=C(C=C1[N+](=O)[O-])Cl)N,1730,121-87-9,LOCWBQIWHWIRGN-UHFFFAOYSA-N,172.57,Cl
"2-Chloro-N,N-dimethylethanamine",CN(C)CCCl,789,107-99-3,WQMAANNAZKNUDL-UHFFFAOYSA-N,107.58,Cl
2-Chloro-N-(hydroxymethyl)acetamide,C(C(=O)NCO)Cl,6665,2832-19-1,TXNSZCSYBXHETP-UHFFFAOYSA-N,123.54,Cl
2-Chloroacetamide,C(C(=O)N)Cl,14030,79-07-2,VXIVSQZSERGHQP-UHFFFAOYSA-N,93.51,Cl
2-Chloroacetophenone,C1=CC=C(C=C1)C(=O)CCl,9488,532-27-4,IMACFCSSMIZSPP-UHFFFAOYSA-N,154.59,Cl
2-Chloroaniline,C1=CC=C(C(=C1)N)Cl,15757,95-51-2,AKCRQHGQIJBRMN-UHFFFAOYSA-N,127.57,Cl
2-Chlorobenzamide,C1=CC=C(C(=C1)C(=O)N)Cl,10563,609-66-5,RBGDLYUEXLWQBZ-UHFFFAOYSA-N,155.58,Cl
2-Chlorobiphenyl,C1=CC=C(C=C1)C2=CC=CC=C2Cl,4777,2051-60-7,LAXBNTIAOJWAOP-UHFFFAOYSA-N,188.65,Cl
2-Chloroethanol,C(CCl)O,754,107-07-3,SZIFAVKTNFCBPC-UHFFFAOYSA-N,80.51,Cl
2-Chlorophenol,C1=CC=C(C(=C1)O)Cl,15762,95-57-8,ISPYQTSUDJAMAB-UHFFFAOYSA-N,128.55,Cl
2-Chlorophenyl isocyanate,C1=CC=C(C(=C1)N=C=O)Cl,7467,3320-83-0,NOHQUGRVHSJYMR-UHFFFAOYSA-N,153.56,Cl
2-Chloropropane,CC(C)Cl,13467,75-29-6,ULYZAYCEDJDHCC-UHFFFAOYSA-N,78.54,Cl
2-Chlorotoluene,CC1=CC=CC=C1Cl,15755,95-49-8,IBSQPLPBRSHTTG-UHFFFAOYSA-N,126.58,Cl
2-Ethylhexanoyl chloride,CCCCC(CC)C(=O)Cl,13594,760-67-8,WFSGQBNCVASPMW-UHFFFAOYSA-N,162.66,Cl
2-Ethylhexyl chloroacetate,CCCCC(CC)COC(=O)CCl,9529,5345-58-4,QZBQQHUYQKGPLQ-UHFFFAOYSA-N,206.71,Cl
2-Ethylhexyl chloroformate,CCCCC(CC)COC(=O)Cl,5452,24468-13-1,RTGLJCSUKOLTEM-UHFFFAOYSA-N,192.68,Cl
"2-Furoic acid, 5-(chloromethyl)-, butyl ester",CCCCOC(=O)C1=CC=C(O1)CCl,5031,21893-86-7,USECJSOQKIOKSX-UHFFFAOYSA-N,216.66,Cl
"2-Naphthalenecarboxamide, 3-hydroxy-N-(2-methylphenyl)-4-((2,4,5-trichlorophenyl)azo)-",CC1=CC=CC=C1NC(=O)C2=CC3=CC=CC=C3C(=C2O)N=NC4=CC(=C(C=C4Cl)Cl)Cl,11545,6535-46-2,JQNJCQYNSLCFAC-UHFFFAOYSA-N,484.8,Cl
"2-Naphthalenecarboxamide, 4-[(2,5-dichlorophenyl)azo]-3-hydroxy-N-(2-methoxyphenyl)-",COC1=CC=CC=C1NC(=O)C2=CC3=CC=CC=C3C(=C2O)N=NC4=C(C=CC(=C4)Cl)Cl,11276,6410-38-4,IBVDQFFVBKPVPB-UHFFFAOYSA-N,466.3,Cl
"2-Naphthalenecarboxamide, 4-[(2,5-dichlorophenyl)azo]-N-(2,5-dimethoxyphenyl)-3-hydroxy-",COC1=CC(=C(C=C1)OC)NC(=O)C2=CC3=CC=CC=C3C(=C2O)N=NC4=C(C=CC(=C4)Cl)Cl,11277,6410-40-8,CVRPSWGFUCJAFC-UHFFFAOYSA-N,496.3,Cl
"2-Naphthalenecarboxamide, 4-[(2-chlorophenyl)azo]-3-hydroxy-N-phenyl-",C1=CC=C(C=C1)NC(=O)C2=CC3=CC=CC=C3C(=C2O)N=NC4=CC=CC=C4Cl,11272,6410-26-0,XNANGTRPTFPPPE-UHFFFAOYSA-N,401.8,Cl
"2-Naphthalenecarboxamide, 4-[(4-chloro-2-methylphenyl)azo]-N-(2-ethoxyphenyl)-3-hydroxy-",CCOC1=CC=CC=C1NC(=O)C2=CC3=CC=CC=C3C(=C2O)N=NC4=C(C=C(C=C4)Cl)C,11602,65907-69-9,PBZAQXHQPHZWIF-UHFFFAOYSA-N,459.9,Cl
"2-Naphthalenecarboxamide, N-(4-chlorophenyl)-3-hydroxy-4-[(2-methyl-5-nitrophenyl)azo]-",CC1=C(C=C(C=C1)[N+](=O)[O-])N=NC2=C(C(=CC3=CC=CC=C32)C(=O)NC4=CC=C(C=C4)Cl)O,11274,6410-30-6,ITHKKUPWEBSLAJ-UHFFFAOYSA-N,460.9,Cl
"2H-1,3-Benzoxazine, 6-chloro-3,4-dihydro-3-phenyl-",C1C2=C(C=CC(=C2)Cl)OCN1C3=CC=CC=C3,9282,51892-04-7,ANDMOXODDHVMFN-UHFFFAOYSA-N,245.7,Cl
"3,10-Dichloro-5,12-dihydroquinolino[2,3-b]acridine-7,14-dione",C1=CC2=C(C=C1Cl)NC3=CC4=C(C=C3C2=O)NC5=C(C4=O)C=CC(=C5)Cl,7760,3573-01-1,UEPOQKGAZQWGDM-UHFFFAOYSA-N,381.2,Cl
"3,3',4,4'-Tetrachlorobiphenyl",C1=CC(=C(C=C1C2=CC(=C(C=C2)Cl)Cl)Cl)Cl,7380,32598-13-3,UQMGJOKDKOLIDP-UHFFFAOYSA-N,292,Cl
"3,3',4,5-Tetrachlorobiphenyl",C1=CC(=CC(=C1)Cl)C2=CC(=C(C(=C2)Cl)Cl)Cl,12764,70362-49-1,SXFLURRQRFKBNN-UHFFFAOYSA-N,292,Cl
"3,3',5,5'-Tetrachlorobiphenyl",C1=C(C=C(C=C1Cl)Cl)C2=CC(=CC(=C2)Cl)Cl,2091,12672-29-6,UTMWFJSRHLYRPY-UHFFFAOYSA-N,292,Cl
"3,3',5-Trichlorobiphenyl",C1=CC(=CC(=C1)Cl)C2=CC(=CC(=C2)Cl)Cl,2095,12674-11-2,RIBGNAJQTOXRDK-UHFFFAOYSA-N,257.5,Cl
"3,3'-Dichlorobenzidine",C1=CC(=C(C=C1C2=CC(=C(C=C2)N)Cl)Cl)N,15351,91-94-1,HUWXDEQWWKGHRV-UHFFFAOYSA-N,253.12,Cl
"3,3'-Dichlorobiphenyl",C1=CC(=CC(=C1)Cl)C2=CC(=CC=C2)Cl,4771,2050-67-1,KTXUOWUHFLBZPW-UHFFFAOYSA-N,223.09,Cl
"3,3'-Dichlorobiphenyl",C1=CC(=CC(=C1)Cl)C2=CC(=CC=C2)Cl,9847,55600-34-5,KTXUOWUHFLBZPW-UHFFFAOYSA-N,223.09,Cl
"3,3-Bis(chloromethyl)oxetane",C1C(CO1)(CCl)CCl,13971,78-71-7,CXURGFRDGROIKG-UHFFFAOYSA-N,155.02,Cl
"3,4'-Dichlorobiphenyl",C1=CC(=CC(=C1)Cl)C2=CC=C(C=C2)Cl,6904,2974-90-5,CJDNEKOMKXLSBN-UHFFFAOYSA-N,223.09,Cl
"3,4,4',5-Tetrachlorobiphenyl",C1=CC(=CC=C1C2=CC(=C(C(=C2)Cl)Cl)Cl)Cl,12765,70362-50-4,BHWVLZJTVIYLIV-UHFFFAOYSA-N,292,Cl
"3,4,4'-Trichlorobiphenyl",C1=CC(=CC=C1C2=CC(=C(C=C2)Cl)Cl)Cl,8088,38444-90-5,YZANRISAORXTHU-UHFFFAOYSA-N,257.5,Cl
"3,4-Dichloroaniline",C1=CC(=C(C=C1N)Cl)Cl,15771,95-76-1,SDYWXFYBZPNOFX-UHFFFAOYSA-N,162.01,Cl
"3,4-Dichlorobenzyl chloride",C1=CC(=C(C=C1CCl)Cl)Cl,288,102-47-6,YZIFVWOCPGPNHB-UHFFFAOYSA-N,195.5,Cl
"3,4-Dichlorobiphenyl",C1=CC=C(C=C1)C2=CC(=C(C=C2)Cl)Cl,6905,2974-92-7,ZGHQUYZPMWMLBM-UHFFFAOYSA-N,223.09,Cl
"3,4-Dichlorophenyl isocyanate",C1=CC(=C(C=C1N=C=O)Cl)Cl,285,102-36-3,MFUVCHZWGSJKEQ-UHFFFAOYSA-N,188.01,Cl
"3,4-Dichlorotoluene",CC1=CC(=C(C=C1)Cl)Cl,15770,95-75-0,WYUIWKFIFOJVKW-UHFFFAOYSA-N,161.03,Cl
"3,5,5-Trimethylhexanoyl chloride",CC(CC(=O)Cl)CC(C)(C)C,7877,36727-29-4,GEKPNPPFAYJZRD-UHFFFAOYSA-N,176.68,Cl
"3,5-Dichloroaniline",C1=C(C=C(C=C1Cl)Cl)N,10981,626-43-7,UQRLKWGPEVNVHT-UHFFFAOYSA-N,162.01,Cl
"3,5-Dichlorobiphenyl",C1=CC=C(C=C1)C2=CC(=CC(=C2)Cl)Cl,7668,34883-41-5,QHZSDTDMQZPUKC-UHFFFAOYSA-N,223.09,Cl
"3,5-Dichlorophenol",C1=C(C=C(C=C1Cl)Cl)O,10332,591-35-5,VPOMSPZBQMDLTM-UHFFFAOYSA-N,163,Cl
"3-((5-Amino-2-chlorophenyl)amino)-1-(2,4,6-trichlorophenyl)-1H-pyrazol-5(4H)-one",C1C(=NC2=C(C=CC(=C2)N)Cl)NN(C1=O)C3=C(C=C(C=C3Cl)Cl)Cl,9520,53411-33-9,LDWDFXXBUGPHRO-UHFFFAOYSA-N,404.1,Cl
3-(5-Chlorobenzoxazol-2-yl)-7-diethylaminocoumarin,CCN(CC)C1=CC2=C(C=C1)C=C(C(=O)O2)C3=NC4=C(O3)C=CC(=C4)Cl,7764,35773-43-4,CBNSBRVOBGWOBM-UHFFFAOYSA-N,368.8,Cl
3-(Chloromethyl)heptane,CCCCC(CC)CCl,1900,123-04-6,WLVCBAMXYMWGLJ-UHFFFAOYSA-N,148.67,Cl
"3-[(4-Chloro-2-nitrophenyl)azo]-2-methylpyrazolo[5,1-b]quinazolin-9(1H)-one",CC1=C(C2=NC3=CC=CC=C3C(=O)N2N1)N=NC4=C(C=C(C=C4)Cl)[N+](=O)[O-],13266,74336-59-7,XJYVVHWZCYUMQY-UHFFFAOYSA-N,382.8,Cl
3-[[4-[(2-Chloro-4-nitrophenyl)azo]phenyl]ethylamino]propiononitrile,CCN(CCC#N)C1=CC=C(C=C1)N=NC2=C(C=C(C=C2)[N+](=O)[O-])Cl,8312,40880-51-1,NPBDWXMKLFBNIW-UHFFFAOYSA-N,357.8,Cl
"3-Chloro-1,2-propanediol",C(C(CCl)O)O,15874,96-24-2,SSZWWUDQMAHNAQ-UHFFFAOYSA-N,110.54,Cl
3-Chloro-2-hydroxypropyl methacrylate,CC(=C)C(=O)OCC(CCl)O,2350,13159-52-9,DDKMFQGAZVMXQV-UHFFFAOYSA-N,178.61,Cl
3-Chloro-2-methylaniline,CC1=C(C=CC=C1Cl)N,14783,87-60-5,ZUVPLKVDZNDZCM-UHFFFAOYSA-N,141.6,Cl
3-Chloro-2-methylpropene,CC(=C)CCl,9951,563-47-3,OHXAOPZTJOUYKM-UHFFFAOYSA-N,90.55,Cl
3-Chloroaniline,C1=CC(=CC(=C1)Cl)N,863,108-42-9,PNPCRKVUWYDDST-UHFFFAOYSA-N,127.57,Cl
3-Chlorobenzophenone,C1=CC=C(C=C1)C(=O)C2=CC(=CC=C2)Cl,252,1016-78-0,CPLWKNRPZVNELG-UHFFFAOYSA-N,216.66,Cl
3-Chlorobiphenyl,C1=CC=C(C=C1)C2=CC(=CC=C2)Cl,1134,11104-28-2,NMWSKOLWZZWHPL-UHFFFAOYSA-N,188.65,Cl
3-Chlorophthalic anhydride,C1=CC2=C(C(=C1)Cl)C(=O)OC2=O,1418,117-21-5,UERPUZBSSSAZJE-UHFFFAOYSA-N,182.56,Cl
3-Chloropropionitrile,C(CCl)C#N,9638,542-76-7,GNHMRTZZNHZDDM-UHFFFAOYSA-N,89.52,Cl
3-Chlorotoluene,CC1=CC(=CC=C1)Cl,862,108-41-8,OSOUNOBYRMOXQQ-UHFFFAOYSA-N,126.58,Cl
3-Cyclohexene-1-carbonyl chloride,C1CC(CC=C1)C(=O)Cl,15578,932-67-2,CXWMHIRIXVNVQN-UHFFFAOYSA-N,144.6,Cl
"3-Pyridinecarbonitrile, 1-butyl-5-[(4-chloro-2-nitrophenyl)azo]-1,6-dihydro-2-hydroxy-4-methyl-6-oxo-",CCCCN1C(=C(C(=C(C1=O)N=NC2=C(C=C(C=C2)Cl)[N+](=O)[O-])C)C#N)O,14421,83748-28-1,GCEKBFALPSNSRO-UHFFFAOYSA-N,389.8,Cl
"3-Pyridinecarbonitrile, 5-[(4-chloro-2-nitrophenyl)azo]-1,6-dihydro-2-hydroxy-4-methyl-6-oxo-1-propyl-",CCCN1C(=C(C(=C(C1=O)N=NC2=C(C=C(C=C2)Cl)[N+](=O)[O-])C)C#N)O,14420,83748-27-0,YOXAAGNCYGONKU-UHFFFAOYSA-N,375.76,Cl
4'-Acetamido-2-[(5-carbamoyl-2-chlorophenyl)azo]acetoacetanilide,CC(=O)C(C(=O)NC1=CC=C(C=C1)NC(=O)C)N=NC2=C(C=CC(=C2)C(=O)N)Cl,6992,30191-02-7,OZMMPFKPKJORTG-UHFFFAOYSA-N,415.8,Cl
4'-Chloropropiophenone,CCC(=O)C1=CC=C(C=C1)Cl,11020,6285-05-8,ADCYRBXQAJXJTD-UHFFFAOYSA-N,168.62,Cl
"4,11-Dichloro-5,12-dihydroquino[2,3-b]acridine-7,14-dione",C1=CC2=C(C(=C1)Cl)NC3=CC4=C(C=C3C2=O)NC5=C(C4=O)C=CC=C5Cl,7148,3089-16-5,BFEJTCHFLJECJN-UHFFFAOYSA-N,381.2,Cl
"4,4'-Bis(chloromethyl)-1,1'-biphenyl",C1=CC(=CC=C1CCl)C2=CC=C(C=C2)CCl,3895,1667-10-3,INZDTEICWPZYJM-UHFFFAOYSA-N,251.1,Cl
"4,4'-Dichlormethyl-bibenzyl",C1=CC(=CC=C1CCC2=CC=C(C=C2)CCl)CCl,8041,38058-86-5,CHSOWRCULULXEF-UHFFFAOYSA-N,279.2,Cl
"4,4'-Dichlorobiphenyl",C1=CC(=CC=C1C2=CC=C(C=C2)Cl)Cl,4772,2050-68-2,YTBRNEUEFCNVHC-UHFFFAOYSA-N,223.09,Cl
"4,4'-Methylenebis(2-chloroaniline)",C1=CC(=C(C=C1CC2=CC(=C(C=C2)N)Cl)Cl)N,153,101-14-4,IBOFVQJTBBUKMU-UHFFFAOYSA-N,267.15,Cl
"4-((2,5-Dichlorophenyl)azo)-N-(2,3-dihydro-2-oxo-1H-benzimidazol-5-yl)-3-hydroxynaphthalene-2-carboxamide",C1=CC=C2C(=C1)C=C(C(=C2N=NC3=C(C=CC(=C3)Cl)Cl)O)C(=O)NC4=CC5=C(C=C4)NC(=O)N5,12692,6992-11-6,NAEXAHVLTQKKCY-UHFFFAOYSA-N,492.3,Cl
"4-((2,5-Dichlorophenyl)azo)-N-(2-ethoxyphenyl)-3-hydroxynaphthalene-2-carboxamide",CCOC1=CC=CC=C1NC(=O)C2=CC3=CC=CC=C3C(=C2O)N=NC4=C(C=CC(=C4)Cl)Cl,11164,6358-48-1,UVVPXDIKEOWIMC-UHFFFAOYSA-N,480.3,Cl
"4-(5-Chloro-2H-benzo[d][1,2,3]triazol-2-yl)-3-hydroxyphenyl benzoate",C1=CC=C(C=C1)C(=O)OC2=CC(=C(C=C2)N3N=C4C=CC(=CC4=N3)Cl)O,3962,169198-72-5,HWSDZRBDEVTBSM-UHFFFAOYSA-N,365.8,Cl
"4-[(2,5-Dichlorophenyl)azo]-3-hydroxy-N-phenylnaphthalene-2-carboxamide",C1=CC=C(C=C1)NC(=O)C2=CC3=CC=CC=C3C(=C2O)N=NC4=C(C=CC(=C4)Cl)Cl,10514,6041-94-7,HXJSTOXKASOAQW-UHFFFAOYSA-N,436.3,Cl
4-[(2-Chloro-4-nitrophenyl)azo]-N-ethyl-n-[2-[1-(2-methylpropoxy)ethoxy]ethyl]aniline,CCN(CCOC(C)OCC(C)C)C1=CC=C(C=C1)N=NC2=C(C=C(C=C2)[N+](=O)[O-])Cl,14709,85750-13-6,VWRRSPVNTFSBNV-UHFFFAOYSA-N,448.9,Cl
"4-[(E)-2-(2,5-dichlorophenyl)-1-diazenyl]-5-methyl-2-phenyl-2,4-dihydro-3H-pyrazol-3-one",CC1=NN(C(=O)C1N=NC2=C(C=CC(=C2)Cl)Cl)C3=CC=CC=C3,11261,6407-75-6,SYIDJAUAPDQFRN-UHFFFAOYSA-N,347.2,Cl
"4-Chloro-2,5-dimethoxyaniline",COC1=CC(=C(C=C1N)OC)Cl,11165,6358-64-1,YGUFQYGSBVXPMC-UHFFFAOYSA-N,187.62,Cl
4-Chloro-2-methylaniline,CC1=C(C=CC(=C1)Cl)N,15767,95-69-2,CXNVOWPRHWWCQR-UHFFFAOYSA-N,141.6,Cl
4-Chloro-2-methylbutan-2-ol,CC(C)(CCCl)O,4643,1985-88-2,IODFUQIUARVWJV-UHFFFAOYSA-N,122.59,Cl
4-Chloro-2-nitroaniline,C1=CC(=C(C=C1Cl)[N+](=O)[O-])N,14925,89-63-4,PBGKNXWGYQPUJK-UHFFFAOYSA-N,172.57,Cl
"4-Chloro-3,5-dimethylanisole",CC1=CC(=CC(=C1Cl)C)OC,12681,6981-15-3,XPKNQQCTKKHCHV-UHFFFAOYSA-N,170.63,Cl
4-Chloro-3-methylphenol,CC1=C(C=CC(=C1)O)Cl,10309,59-50-7,CFKMVGJGLGKFKI-UHFFFAOYSA-N,142.58,Cl
4-Chloro-4'-hydroxybenzophenone,C1=CC(=CC=C1C(=O)C2=CC=C(C=C2)Cl)O,8437,42019-78-3,RUETVLNXAGWCDS-UHFFFAOYSA-N,232.66,Cl
4-Chloroaniline,C1=CC(=CC=C1N)Cl,656,106-47-8,QSNSCYSYFYORTR-UHFFFAOYSA-N,127.57,Cl
4-Chlorobenzonitrile,C1=CC(=CC=C1C#N)Cl,10926,623-03-0,GJNGXPDXRVXSEH-UHFFFAOYSA-N,137.56,Cl
4-Chlorobenzophenone,C1=CC=C(C=C1)C(=O)C2=CC=C(C=C2)Cl,2566,134-85-0,UGVRJVHOJNYEHR-UHFFFAOYSA-N,216.66,Cl
4-Chlorobenzyl alcohol,C1=CC(=CC=C1CO)Cl,14821,873-76-7,PTHGDVCPCZKZKR-UHFFFAOYSA-N,142.58,Cl
4-Chlorobiphenyl,C1=CC=C(C=C1)C2=CC=C(C=C2)Cl,4778,2051-62-9,FPWNLURCHDRMHC-UHFFFAOYSA-N,188.65,Cl
4-Chlorophenyl acrylate,C=CC(=O)OC1=CC=C(C=C1)Cl,2732,13633-87-9,IGHDIBHFCIOXGK-UHFFFAOYSA-N,182.6,Cl
4-Chlorophenyl isocyanate,C1=CC(=CC=C1N=C=O)Cl,482,104-12-1,ADAKRBAJFHTIEW-UHFFFAOYSA-N,153.56,Cl
4-Chlorophthalic anhydride,C1=CC2=C(C=C1Cl)C(=O)OC2=O,1455,118-45-6,BTTRMCQEPDPCPA-UHFFFAOYSA-N,182.56,Cl
4-Chlorotoluene,CC1=CC=C(C=C1)Cl,653,106-43-4,NPDACUSDTOMAMK-UHFFFAOYSA-N,126.58,Cl
4-Morpholinecarbonyl chloride,C1COCCN1C(=O)Cl,3383,15159-40-7,XMWFMEYDRNJSOO-UHFFFAOYSA-N,149.57,Cl
"4a-Dichloromethyl-4,4a,5,6,7,8-hexahydro-3H-naphthalen-2-one",C1CCC2(CCC(=O)C=C2C1)C(Cl)Cl,4476,18963-08-1,USVCJXSSLDMRBC-UHFFFAOYSA-N,233.13,Cl
"5-(4,6-Dichlorotriazinyl)aminofluorescein",C1=CC2=C(C=C1NC3=NC(=NC(=N3)Cl)Cl)C(=O)OC24C5=C(C=C(C=C5)O)OC6=C4C=CC(=C6)O,9212,51306-35-5,HWQQCFPHXPNXHC-UHFFFAOYSA-N,495.3,Cl
"5-[(3,4-Dichlorophenyl)azo]-1,2-dihydro-6-hydroxy-1,4-dimethyl-2-oxonicotinonitrile",CC1=C(C(=O)N(C(=C1C#N)O)C)N=NC2=CC(=C(C=C2)Cl)Cl,14399,83249-52-9,JPVPLXKLBHAQLE-UHFFFAOYSA-N,337.2,Cl
5-Chloro-2-(4-chlorophenoxy)phenol,C1=CC(=CC=C1OC2=C(C=C(C=C2)Cl)O)Cl,7556,3380-30-1,BYNQFCJOHGOKSS-UHFFFAOYSA-N,255.09,Cl
5-Chloro-2-hydroxy-4-methylbenzophenone,CC1=CC(=C(C=C1Cl)C(=O)C2=CC=CC=C2)O,12432,68751-90-6,IOGQACQRFGDUPT-UHFFFAOYSA-N,246.69,Cl
5-Chlorobenzotriazole,C1=CC2=NNN=C2C=C1Cl,15673,94-97-3,PZBQVZFITSVHAW-UHFFFAOYSA-N,153.57,Cl
6-Chloro-1-hexanol,C(CCCCl)CCO,4674,2009-83-8,JNTPTNNCGDAGEJ-UHFFFAOYSA-N,136.62,Cl
Acetochlor,CCC1=CC=CC(=C1N(COCC)C(=O)CCl)C,7599,34256-82-1,VTNQPKFIQCLBDU-UHFFFAOYSA-N,269.77,Cl
Acetyl chloride,CC(=O)Cl,13470,75-36-5,WETWJCDKMRHUPV-UHFFFAOYSA-N,78.5,Cl
Alachlor,CCC1=C(C(=CC=C1)CC)N(COC)C(=O)CCl,3650,15972-60-8,XCSGPAVHZFQHGE-UHFFFAOYSA-N,269.77,Cl
Aldrite,C1[C@@H]2C=C[C@H]1[C@H]3[C@@H]2[C@]4(C(=C([C@@]3(C4(Cl)Cl)Cl)Cl)Cl)Cl,7154,309-00-2,QBYJBZPUGVGKQQ-SJJAEHHWSA-N,364.9,Cl
Allyl chloride,C=CCCl,752,107-05-1,OSDWBNJEKMUWAV-UHFFFAOYSA-N,76.52,Cl
Amylene dichloride,CC(C(C)(C)Cl)Cl,9112,507-45-9,TXTORVZCRUFBBO-UHFFFAOYSA-N,141.04,Cl
Atrazine,CCNC1=NC(=NC(=N1)Cl)NC(C)C,4504,1912-24-9,MXWJVTOOROXGIU-UHFFFAOYSA-N,215.68,Cl
Benzal chloride,C1=CC=C(C=C1)C(Cl)Cl,16010,98-87-3,CAHQGWAXKLQREW-UHFFFAOYSA-N,161.03,Cl
"Benzenamine, 4,4'-methylenebis[3-chloro-2,6-diethyl-",CCC1=CC(=C(C(=C1N)CC)Cl)CC2=C(C(=C(C(=C2)CC)N)CC)Cl,705,106246-33-7,VIOMIGLBMQVNLY-UHFFFAOYSA-N,379.4,Cl
"Benzene, 1,3-dichloro-5-(1,1-dimethylethyl)-2-methoxy-",CC(C)(C)C1=CC(=C(C(=C1)Cl)OC)Cl,9777,55191-16-7,MTOROSUNXZKMLR-UHFFFAOYSA-N,233.13,Cl
"Benzenepropanoic acid, 3-(5-chloro-2H-benzotriazol-2-yl)-5-(1,1-dimethylethyl)-4-hydroxy-, 2-ethylhexyl ester",CCCCC(CC)COC(=O)CCC1=CC(=C(C(=C1)N2N=C3C=CC(=CC3=N2)Cl)O)C(C)(C)C,14386,83044-90-0,AWEVLIFGIMIQHY-UHFFFAOYSA-N,486,Cl
"Benzoic acid, 10-chlorodecyl ester",C1=CC=C(C=C1)C(=O)OCCCCCCCCCCCl,17641,,RUTRECRHHBPSSS-UHFFFAOYSA-N,296.8,Cl
"Benzoic acid, 3,5-diamino-4-chloro-, 2-methylpropyl ester",CC(C)COC(=O)C1=CC(=C(C(=C1)N)Cl)N,7437,32961-44-7,KHUIRIRTZCOEMK-UHFFFAOYSA-N,242.7,Cl
"Benzoic acid, 4-(allyloxy)-3,5-dichloro-, allyl ester",C=CCOC1=C(C=C(C=C1Cl)C(=O)OCC=C)Cl,15443,91954-47-1,HUNRSLGZDCMRMJ-UHFFFAOYSA-N,287.13,Cl
Benzoyl chloride,C1=CC=C(C=C1)C(=O)Cl,16011,98-88-4,PASDCCFISLVPSO-UHFFFAOYSA-N,140.56,Cl
Benzyl Chloride,C1=CC=C(C=C1)CCl,13,100-44-7,KCXMKQUNVWSEMD-UHFFFAOYSA-N,126.58,Cl
beta-Chlorostyrene,C1=CC=C(C=C1)/C=C/Cl,10897,622-25-3,SBYMUDUGTIKLCR-VOTSOKGWSA-N,138.59,Cl
"Bis(2,3-dichloropropyl) Ether",C(C(CCl)Cl)OCC(CCl)Cl,13824,7774-68-7,DWUVEXODBSOVSX-UHFFFAOYSA-N,239.9,Cl
"Bis(2,4-dichlorobenzoyl) peroxide",C1=CC(=C(C=C1Cl)Cl)C(=O)OOC(=O)C2=C(C=C(C=C2)Cl)Cl,2478,133-14-2,WRXCBRHBHGNNQA-UHFFFAOYSA-N,380,Cl
Bis(2-chlorobenzoyl) peroxide,C1=CC=C(C(=C1)C(=O)OOC(=O)C2=CC=CC=C2Cl)Cl,7013,3033-73-6,JMYZLRSSLFFUQN-UHFFFAOYSA-N,311.1,Cl
Bis(2-chloroethoxy)methane,C(CCl)OCOCCCl,1128,111-91-1,NLXGURFLBLRZRO-UHFFFAOYSA-N,173.03,Cl
Bis(2-chloroethyl) ether,C(CCl)OCCCl,1098,111-44-4,ZNSMNVMLTJELDZ-UHFFFAOYSA-N,143.01,Cl
Bis(2-chloroisopropyl)ether,CC(C)(OC(C)(C)Cl)Cl,8206,39638-32-9,BULHJTXRZFEUDQ-UHFFFAOYSA-N,171.06,Cl
"Bis(3,3-dichloropropoxy)methane",C(COCOCCC(Cl)Cl)C(Cl)Cl,14952,89774-77-6,QODLOKFYXBIIRA-UHFFFAOYSA-N,270,Cl
Bis(4-chlorobenzoyl) peroxide,C1=CC(=CC=C1C(=O)OOC(=O)C2=CC=C(C=C2)Cl)Cl,15655,94-17-7,OXYKVVLTXXXVRT-UHFFFAOYSA-N,311.1,Cl
Bis(chloromethyl) ether,C(OCCl)Cl,9641,542-88-1,HRQGCQVOJVTVLU-UHFFFAOYSA-N,114.96,Cl
"Bisphenol A (3-chloro-2-hydroxypropyl) (2,3-dihydroxypropyl) ether",CC(C)(C1=CC=C(C=C1)OCC(CO)O)C2=CC=C(C=C2)OCC(CCl)O,5190,227947-06-0,HDTYUHNZRYZEEB-UHFFFAOYSA-N,394.9,Cl
Bisphenol A (3-chloro-2-hydroxypropyl)glycidyl ether,CC(C)(C1=CC=C(C=C1)OCC2CO2)C3=CC=C(C=C3)OCC(CCl)O,2846,13836-48-1,HLLOKZYCSSQYEB-UHFFFAOYSA-N,376.9,Cl
Bisphenol A bis(3-chloro-2-hydroxypropyl) ether,CC(C)(C1=CC=C(C=C1)OCC(CCl)O)C2=CC=C(C=C2)OCC(CCl)O,8918,4809-35-2,PTCFDJRJOGPUFE-UHFFFAOYSA-N,413.3,Cl
Bisphenol C,C1=CC(=CC=C1C(=C(Cl)Cl)C2=CC=C(C=C2)O)O,3292,14868-03-2,OWEYKIWAZBBXJK-UHFFFAOYSA-N,281.1,Cl
Bisphenol F Bis(2-chloro-1-propanol) Ether,C1=CC(=CC=C1CC2=CC=C(C=C2)OCC(CO)Cl)OCC(CO)Cl,7984,374772-79-9,VAFXFEBPCUMOIF-UHFFFAOYSA-N,385.3,Cl
Bumetrizole,CC1=CC(=C(C(=C1)N2N=C3C=CC(=CC3=N2)Cl)O)C(C)(C)C,8134,3896-11-5,OCWYEMOEOGEQAN-UHFFFAOYSA-N,315.8,Cl
"Butanamide, 2-((4-chloro-2-nitrophenyl)azo)-N-(2-methoxyphenyl)-3-oxo-",CC(=O)C(C(=O)NC1=CC=CC=C1OC)N=NC2=C(C=C(C=C2)Cl)[N+](=O)[O-],2678,13515-40-7,QPHCXDDGQQLPIM-UHFFFAOYSA-N,390.8,Cl
"Butanamide, 2-((4-chloro-2-nitrophenyl)azo)-N-(4-methoxyphenyl)-3-oxo-",CC(=O)C(C(=O)NC1=CC=C(C=C1)OC)N=NC2=C(C=C(C=C2)Cl)[N+](=O)[O-],5300,23739-66-4,OFVGYSFBEXROII-UHFFFAOYSA-N,390.8,Cl
"Butanamide, 2-[(4-chloro-2-nitrophenyl)azo]-3-oxo-N-phenyl-",CC(=O)C(C(=O)NC1=CC=CC=C1)N=NC2=C(C=C(C=C2)Cl)[N+](=O)[O-],8323,4106-76-7,KBNQUAQMTGZQGJ-UHFFFAOYSA-N,360.75,Cl
"Butanamide, 2-[(4-chloro-2-nitrophenyl)azo]-N-(2-chlorophenyl)-3-oxo-",CC(=O)C(C(=O)NC1=CC=CC=C1Cl)N=NC2=C(C=C(C=C2)Cl)[N+](=O)[O-],11486,6486-23-3,QTSNFLIDNYOATQ-UHFFFAOYSA-N,395.2,Cl
"Butanamide, N-(4-chloro-2,5-dimethoxyphenyl)-2-[(4-chloro-2-methylphenyl)azo]-3-oxo-",CC1=C(C=CC(=C1)Cl)N=NC(C(=O)C)C(=O)NC2=CC(=C(C=C2OC)Cl)OC,6796,2904-04-3,NEPSDTXFAQMVCI-UHFFFAOYSA-N,424.3,Cl
"Butanamide, N-(5-chloro-2-methoxyphenyl)-2-[(2-methoxy-4-nitrophenyl)azo]-3-oxo-",CC(=O)C(C(=O)NC1=C(C=CC(=C1)Cl)OC)N=NC2=C(C=C(C=C2)[N+](=O)[O-])OC,3653,15993-42-7,AYOFXUHULUCJBF-UHFFFAOYSA-N,420.8,Cl
C.I. Direct Brown 60,CC1(CC2=C(C(=O)C1)C(=CC(=O)N2C3=CC(=CC=C3)Cl)O)C,11322,6426-57-9,VEKYARKTHZYQAW-UHFFFAOYSA-N,317.8,Cl
Carbon Tetrachloride,C(Cl)(Cl)(Cl)Cl,9907,56-23-5,VZGDMQKNWNREIO-UHFFFAOYSA-N,153.8,Cl
Chloral,C(=O)C(Cl)(Cl)Cl,13499,75-87-6,HFFLGKNGCAIQMO-UHFFFAOYSA-N,147.38,Cl
Chloral Hydrate,C(C(Cl)(Cl)Cl)(O)O,6994,302-17-0,RNFNDJAIBTYOQL-UHFFFAOYSA-N,165.4,Cl
Chloranil,C1(=C(C(=O)C(=C(C1=O)Cl)Cl)Cl)Cl,1466,118-75-2,UGNWTBMOAKPKBL-UHFFFAOYSA-N,245.9,Cl
Chlordane,C1C2C(C(C1Cl)Cl)C3(C(=C(C2(C3(Cl)Cl)Cl)Cl)Cl)Cl,10053,57-74-9,BIWJNBZANLAXMG-UHFFFAOYSA-N,409.8,Cl
Chlorendic acid,C1(C(C2(C(=C(C1(C2(Cl)Cl)Cl)Cl)Cl)Cl)C(=O)O)C(=O)O,1361,115-28-6,DJKGDNKYTKCJKD-UHFFFAOYSA-N,388.8,Cl
"Chlorendic acid, diallyl ester",C=CCOC(=O)C1C(C2(C(=C(C1(C2(Cl)Cl)Cl)Cl)Cl)Cl)C(=O)OCC=C,7339,3232-62-0,CJKWEXMFQPNNTL-UHFFFAOYSA-N,469,Cl
Chlorendic anhydride,C12C(C(=O)OC1=O)C3(C(=C(C2(C3(Cl)Cl)Cl)Cl)Cl)Cl,1360,115-27-5,FLBJFXNAEMSXGL-UHFFFAOYSA-N,370.8,Cl
Chlorfenethol,CC(C1=CC=C(C=C1)Cl)(C2=CC=C(C=C2)Cl)O,17203,,URYAFVKLYSEINW-UHFFFAOYSA-N,267.1,Cl
Chloroacetic acid,C(C(=O)O)Cl,14033,79-11-8,FOCAUTSVDIKZOP-UHFFFAOYSA-N,94.5,Cl
Chloroacetone,CC(=O)CCl,13983,78-95-5,BULLHNJGPPOUOX-UHFFFAOYSA-N,92.52,Cl
Chlorobenzene,C1=CC=C(C=C1)Cl,889,108-90-7,MVPPADPHJFYWMZ-UHFFFAOYSA-N,112.55,Cl
Chloroethane,CCCl,13450,75-00-3,HRYZWHHZPQKTII-UHFFFAOYSA-N,64.51,Cl
Chloroform,C(Cl)(Cl)Cl,11722,67-66-3,HEDRZPFGACZZDS-UHFFFAOYSA-N,119.37,Cl
Chlorohydroquinone,C1=CC(=C(C=C1O)Cl)O,10664,615-67-8,AJPXTSMULZANCB-UHFFFAOYSA-N,144.55,Cl
Chloromethane,CCl,13232,74-87-3,NEHMKBQYUWJMIP-UHFFFAOYSA-N,50.49,Cl
Chloromethyl ethyl ether,CCOCCl,7296,3188-13-4,FCYRSDMGOLYDHL-UHFFFAOYSA-N,94.54,Cl
Chloromethyl methyl ether,COCCl,765,107-30-2,XJUZRXYOEPSWMB-UHFFFAOYSA-N,80.51,Cl
Chloroprene,C=CC(=C)Cl,15139,9010-98-4,YACLQRRMGMJLJV-UHFFFAOYSA-N,88.53,Cl
Chloroprene,C=CC(=C)Cl,2063,126-99-8,YACLQRRMGMJLJV-UHFFFAOYSA-N,88.53,Cl
Chlorothalonil,C(#N)C1=C(C(=C(C(=C1Cl)Cl)Cl)C#N)Cl,4479,1897-45-6,CRQQGFGUEAVUIL-UHFFFAOYSA-N,265.9,Cl
Chlorotoluron,CC1=C(C=C(C=C1)NC(=O)N(C)C)Cl,3483,15545-48-9,JXCGFZXSOMJFOA-UHFFFAOYSA-N,212.67,Cl
Chloroxylenol,CC1=CC(=CC(=C1Cl)C)O,14851,88-04-0,OSDLLIBGSJNGJE-UHFFFAOYSA-N,156.61,Cl
"cis-1,2-Dichloroethylene",C(=C\Cl)\Cl,3503,156-59-2,KFUSEUYYWQURPO-UPHRSURJSA-N,96.94,Cl
cis-Chlordane,C1[C@H]2[C@@H]([C@H]([C@H]1Cl)Cl)[C@]3(C(=C([C@@]2(C3(Cl)Cl)Cl)Cl)Cl)Cl,9158,5103-71-9,BIWJNBZANLAXMG-KMMBHOGFSA-N,409.8,Cl
Climbazole,CC(C)(C)C(=O)C(N1C=CN=C1)OC2=CC=C(C=C2)Cl,16830,,OWEGWHBOCFMBLP-UHFFFAOYSA-N,292.76,Cl
Climbazole,CC(C)(C)C(=O)C(N1C=CN=C1)OC2=CC=C(C=C2)Cl,8045,38083-17-9,OWEGWHBOCFMBLP-UHFFFAOYSA-N,292.76,Cl
Clofenotane,C1=CC(=CC=C1C(C2=CC=C(C=C2)Cl)C(Cl)(Cl)Cl)Cl,9027,50-29-3,YVGGHNCTFXOJCH-UHFFFAOYSA-N,354.5,Cl
Cyanazine,CCNC1=NC(=NC(=N1)Cl)NC(C)(C)C#N,5004,21725-46-2,MZZBPDKVEFVLFF-UHFFFAOYSA-N,240.69,Cl
Cyanuric chloride,C1(=NC(=NC(=N1)Cl)Cl)Cl,881,108-77-0,MGNCLNQXLYJVJD-UHFFFAOYSA-N,184.41,Cl
"Cyclohexene, 1-chloro-4-(1-chloroethenyl)-",C=C(C1CCC(=CC1)Cl)Cl,2694,13547-06-3,RRBHRPHCJASXKZ-UHFFFAOYSA-N,177.07,Cl
Cyclohexyl 2-chloroacetate,C1CCC(CC1)OC(=O)CCl,12669,6975-91-3,IBFHBLOKQVCABG-UHFFFAOYSA-N,176.64,Cl
"Cyclopropane, 2-chloro-1-ethyl-1-methyl-",CCC1(CC1Cl)C,7612,343926-09-0,KQUOTZVUIAGCSG-UHFFFAOYSA-N,118.6,Cl
Cypermethrin,CC1(C(C1C(=O)OC(C#N)C2=CC(=CC=C2)OC3=CC=CC=C3)C=C(Cl)Cl)C,11753,67375-30-8,KAATUXNTWXVJKI-UHFFFAOYSA-N,416.3,Cl
Cypermethrin,CC1(C(C1C(=O)OC(C#N)C2=CC(=CC=C2)OC3=CC=CC=C3)C=C(Cl)Cl)C,9348,52315-07-8,KAATUXNTWXVJKI-UHFFFAOYSA-N,416.3,Cl
Cyproconazole,CC(C1CC1)C(CN2C=NC=N2)(C3=CC=C(C=C3)Cl)O,15713,94361-06-5,UFNOUKDBUJZYDE-UHFFFAOYSA-N,291.77,Cl
Decyl 2-chloropropanoate,CCCCCCCCCCOC(=O)C(C)Cl,14764,86711-78-6,ZULQXFOAUSXCIJ-UHFFFAOYSA-N,248.79,Cl
Deethylatrazine,CC(C)NC1=NC(=NC(=N1)N)Cl,10825,6190-65-4,DFWFIQKMSFGDCQ-UHFFFAOYSA-N,187.63,Cl
Deisopropylatrazine,CCNC1=NC(=NC(=N1)N)Cl,131,1007-28-9,IVENSCMCQBJAKW-UHFFFAOYSA-N,173.6,Cl
Desethylterbuthylazine,CC(C)(C)NC1=NC(=NC(=N1)N)Cl,6983,30125-63-4,LMKQNTMFZLAJDV-UHFFFAOYSA-N,201.66,Cl
Diazepam,CN1C(=O)CN=C(C2=C1C=CC(=C2)Cl)C3=CC=CC=C3,8578,439-14-5,AAOVKJBEBIDNHE-UHFFFAOYSA-N,284.74,Cl
"Dichloro-5,12-dihydroquino(2,3-b)acridine-7,14-dione",C1=CC=C2C(=C1)C(=O)C3=C(N2)C(=C4C(=C3Cl)NC5=CC=CC=C5C4=O)Cl,8115,38720-66-0,UFLLEPHODSEMJD-UHFFFAOYSA-N,381.2,Cl
Dichloroisocyanuric acid,C1(=O)NC(=O)N(C(=O)N1Cl)Cl,6577,2782-57-2,CEJLBZWIKQJOAT-UHFFFAOYSA-N,197.96,Cl
Dichloronitromethane,C([N+](=O)[O-])(Cl)Cl,12893,7119-89-3,XUNYLLBGLKGFHO-UHFFFAOYSA-N,129.93,Cl
Dichlorophene,C1=CC(=C(C=C1Cl)CC2=C(C=CC(=C2)Cl)O)O,15916,97-23-4,MDNWOSOZYLHTCG-UHFFFAOYSA-N,269.12,Cl
Dieldrin,C1[C@@H]2[C@H]3[C@@H]([C@H]1[C@H]4[C@@H]2O4)[C@]5(C(=C([C@@]3(C5(Cl)Cl)Cl)Cl)Cl)Cl,10463,60-57-1,DFBKLUNHFCTMDC-PICURKEMSA-N,380.9,Cl
Dimethylcarbamoyl chloride,CN(C)C(=O)Cl,14043,79-44-7,YIIMEMSDCNDGTB-UHFFFAOYSA-N,107.54,Cl
Dipropyl tetrachlorophthalate,CCCOC(=O)C1=C(C(=C(C(=C1Cl)Cl)Cl)Cl)C(=O)OCCC,12619,6928-67-2,QJRSPJSHRYYBJL-UHFFFAOYSA-N,388.1,Cl
Disperse Orange 37,CCN(CCC#N)C1=CC=C(C=C1)N=NC2=C(C=C(C=C2Cl)[N+](=O)[O-])Cl,2488,13301-61-6,KHZRTXVUEZJYNE-UHFFFAOYSA-N,392.2,Cl
Diuron,CN(C)C(=O)NC1=CC(=C(C=C1)Cl)Cl,7439,330-54-1,XMTQQYYKAHVGBJ-UHFFFAOYSA-N,233.09,Cl
Endrin aldehyde,C1C(C2C3C1C4C5(C2(C(C3(C45Cl)Cl)(Cl)Cl)Cl)Cl)C=O,13254,7421-93-4,HCTWZIFNBBCVGM-UHFFFAOYSA-N,380.9,Cl
Endrin ketone,C1C2C3C4C1C(=O)C2C5(C3(C(C4(C5Cl)Cl)(Cl)Cl)Cl)Cl,9533,53494-70-5,IZHZFAQWVKBTSL-UHFFFAOYSA-N,380.9,Cl
Enilconazole,C=CCOC(CN1C=CN=C1)C2=C(C=C(C=C2)Cl)Cl,7742,35554-44-0,PZBPKYOVPCNPJY-UHFFFAOYSA-N,297.2,Cl
Epichlorohydrin,C1C(O1)CCl,677,106-89-8,BRLQWZUYTZBJKN-UHFFFAOYSA-N,92.52,Cl
Epoxyheptachlor,[C@@H]12[C@@H]([C@H]([C@@H]3[C@H]1O3)Cl)[C@]4(C(=C([C@@]2(C4(Cl)Cl)Cl)Cl)Cl)Cl,336,1024-57-3,ZXFXBSWRVIQKOD-UOFFAGTMSA-N,389.3,Cl
Esfenvalerate,CC(C)[C@@H](C1=CC=C(C=C1)Cl)C(=O)O[C@H](C#N)C2=CC(=CC=C2)OC3=CC=CC=C3,11657,66230-04-4,NYPJDWWKZLNGGM-RPWUZVMVSA-N,419.9,Cl
"Ethyl 2,4-dichlorophenoxyacetate",CCOC(=O)COC1=C(C=C(C=C1)Cl)Cl,9500,533-23-3,JSLBZIVMVVHMDJ-UHFFFAOYSA-N,249.09,Cl
"ethyl N-(5-chloro-3-(4-(diethylamino)-2-methylphenylimino)-4-methyl-6-oxo-1,4-cyclohexadienyl)carbamate",CCN(CC)C1=CC(=C(C=C1)N=C[C@H]2C=C(C(=O)C(=C2C)Cl)NC(=O)OCC)C,2040,125630-94-6,PXALOSRQFNJYSK-MRXNPFEDSA-N,417.9,Cl
Glafenine,C1=CC=C(C(=C1)C(=O)OCC(CO)O)NC2=C3C=CC(=CC3=NC=C2)Cl,8056,3820-67-5,GWOFUCIGLDBNKM-UHFFFAOYSA-N,372.8,Cl
Heptachlor,C1=CC(C2C1C3(C(=C(C2(C3(Cl)Cl)Cl)Cl)Cl)Cl)Cl,13588,76-44-8,FRCCEHPWNOQAEU-UHFFFAOYSA-N,373.3,Cl
"Hexachloro-1,3-butadiene",C(=C(Cl)Cl)(C(=C(Cl)Cl)Cl)Cl,14789,87-68-3,RWNKSTSCBHKHTB-UHFFFAOYSA-N,260.8,Cl
Hexachlorobenzene,C1(=C(C(=C(C(=C1Cl)Cl)Cl)Cl)Cl)Cl,1465,118-74-1,CKAPSXZOOQJIBF-UHFFFAOYSA-N,284.8,Cl
Hexachlorocyclohexane,C1(C(C(C(C(C1Cl)Cl)Cl)Cl)Cl)Cl,10179,58-89-9,JLYXXMFPNIAWKQ-UHFFFAOYSA-N,290.8,Cl
Hexachlorocyclohexane,C1(C(C(C(C(C1Cl)Cl)Cl)Cl)Cl)Cl,7298,319-84-6,JLYXXMFPNIAWKQ-UHFFFAOYSA-N,290.8,Cl
Hexachlorocyclohexane,C1(C(C(C(C(C1Cl)Cl)Cl)Cl)Cl)Cl,7299,319-85-7,JLYXXMFPNIAWKQ-UHFFFAOYSA-N,290.8,Cl
Hexachlorocyclohexane,C1(C(C(C(C(C1Cl)Cl)Cl)Cl)Cl)Cl,7300,319-86-8,JLYXXMFPNIAWKQ-UHFFFAOYSA-N,290.8,Cl
Hexachlorocyclopentadiene,C1(=C(C(C(=C1Cl)Cl)(Cl)Cl)Cl)Cl,13720,77-47-4,VUNCWTMEJYMOOR-UHFFFAOYSA-N,272.8,Cl
Hexachloroethane,C(C(Cl)(Cl)Cl)(Cl)(Cl)Cl,11725,67-72-1,VHHHONWQHHHLTI-UHFFFAOYSA-N,236.7,Cl
Hexadrin,C1[C@@H]2[C@@H]3[C@H]([C@H]1[C@H]4[C@@H]2O4)[C@@]5(C(=C([C@]3(C5(Cl)Cl)Cl)Cl)Cl)Cl,12994,72-20-8,DFBKLUNHFCTMDC-GKRDHZSOSA-N,380.9,Cl
"Hexanal, 2-chloro-",CCCCC(C=O)Cl,13614,762-39-0,WSMIPVGUPYXHDT-UHFFFAOYSA-N,134.6,Cl
"Isophthalic acid, butyl 10-chlorodecyl ester",CCCCOC(=O)C1=CC(=CC=C1)C(=O)OCCCCCCCCCCCl,17065,,CTHULQCRNLWOBT-UHFFFAOYSA-N,396.9,Cl
Isophthaloyl dichloride,C1=CC(=CC(=C1)C(=O)Cl)C(=O)Cl,16045,99-63-8,FDQSRULYDNDXQB-UHFFFAOYSA-N,203.02,Cl
Isopropyl chloroformate,CC(C)OC(=O)Cl,853,108-23-6,IVRIRQXJSNCSPQ-UHFFFAOYSA-N,122.55,Cl
Linoleoyl chloride,CCCCC/C=C\C/C=C\CCCCCCCC(=O)Cl,13385,7459-33-8,FBWMYSQUTZRHAT-HZJYTTRNSA-N,298.9,Cl
Linuron,CN(C(=O)NC1=CC(=C(C=C1)Cl)Cl)OC,7440,330-55-2,XKJMBINCVNINCA-UHFFFAOYSA-N,249.09,Cl
MCPA-isooctyl,CC1=C(C=CC(=C1)Cl)OCC(=O)OCCCCCC(C)C,6254,26544-20-7,PDIYKJRLQHHRAG-UHFFFAOYSA-N,312.8,Cl
Methacryloyl chloride,CC(=C)C(=O)Cl,15463,920-46-7,VHRYZQNGTZXDNX-UHFFFAOYSA-N,104.53,Cl
Methoxychlor,COC1=CC=C(C=C1)C(C2=CC=C(C=C2)OC)C(Cl)(Cl)Cl,12995,72-43-5,IAKOZHOLGAGEJT-UHFFFAOYSA-N,345.6,Cl
Methylene Chloride,C(Cl)Cl,13458,75-09-2,YMWUJEATGCHHMB-UHFFFAOYSA-N,84.93,Cl
Metolachlor,CCC1=CC=CC(=C1N(C(C)COC)C(=O)CCl)C,9181,51218-45-2,WVQBLGZPHOPPFO-UHFFFAOYSA-N,283.79,Cl
Mitotane,C1=CC=C(C(=C1)C(C2=CC=C(C=C2)Cl)C(Cl)Cl)Cl,9470,53-19-0,JWBOIMRXGHLCPP-UHFFFAOYSA-N,320,Cl
Monuron,CN(C)C(=O)NC1=CC=C(C=C1)Cl,3337,150-68-5,BMLIZLVNXIYGCK-UHFFFAOYSA-N,198.65,Cl
"N-(2-((2-Chloro-4,6-dinitrophenyl)azo)-5-(diethylamino)-4-methoxyphenyl)acetamide",CCN(CC)C1=C(C=C(C(=C1)NC(=O)C)N=NC2=C(C=C(C=C2Cl)[N+](=O)[O-])[N+](=O)[O-])OC,14066,79295-99-1,LJIKWZXCXJFCCB-UHFFFAOYSA-N,464.9,Cl
"N-(2-Chloroethyl)-4-((2,6-dichloro-4-nitrophenyl)azo)-N-ethyl-m-toluidine",CCN(CCCl)C1=CC(=C(C=C1)N=NC2=C(C=C(C=C2Cl)[N+](=O)[O-])Cl)C,11209,63741-10-6,UGDJBKWHSWJSMB-UHFFFAOYSA-N,415.7,Cl
"N-[2-[(2-Chloro-4,6-dinitrophenyl)azo]-5-(diallylamino)-4-methoxyphenyl]acetamide",CC(=O)NC1=CC(=C(C=C1N=NC2=C(C=C(C=C2Cl)[N+](=O)[O-])[N+](=O)[O-])OC)N(CC=C)CC=C,14662,85508-41-4,DKEXINVRFGWAKP-UHFFFAOYSA-N,488.9,Cl
N-butyl Chloride,CCCCCl,942,109-69-3,VFWCMGCRMGJXDK-UHFFFAOYSA-N,92.57,Cl
Neodecanoyl chloride,CC(C)(C)CCCCCC(=O)Cl,8254,40292-82-8,WOFMVUZGDHWHLJ-UHFFFAOYSA-N,190.71,Cl
Neophyl chloride,CC(C)(CCl)C1=CC=CC=C1,9236,515-40-2,DNXXUUPUQXSUFH-UHFFFAOYSA-N,168.66,Cl
Nitrapyrin,C1=CC(=NC(=C1)Cl)C(Cl)(Cl)Cl,4536,1929-82-4,DCUJJWWUNKIJPH-UHFFFAOYSA-N,230.9,Cl
Nordazepam,C1C(=O)NC2=C(C=C(C=C2)Cl)C(=N1)C3=CC=CC=C3,914,1088-11-5,AKPLHCDWDRPJGD-UHFFFAOYSA-N,270.71,Cl
"O,P'-Dde",C1=CC=C(C(=C1)C(=C(Cl)Cl)C2=CC=C(C=C2)Cl)Cl,7596,3424-82-6,ZDYJWDIWLRZXDB-UHFFFAOYSA-N,318,Cl
"O,P'-Ddt",C1=CC=C(C(=C1)C(C2=CC=C(C=C2)Cl)C(Cl)(Cl)Cl)Cl,14023,789-02-6,CVUGPAFCQJIYDT-UHFFFAOYSA-N,354.5,Cl
OCTACHLORODIBENZO-p-DIOXIN,C12=C(C(=C(C(=C1Cl)Cl)Cl)Cl)OC3=C(O2)C(=C(C(=C3Cl)Cl)Cl)Cl,7389,3268-87-9,FOIBFBMSLDGNHL-UHFFFAOYSA-N,459.7,Cl
Octachloronaphthalene,C12=C(C(=C(C(=C1Cl)Cl)Cl)Cl)C(=C(C(=C2Cl)Cl)Cl)Cl,5114,2234-13-1,RTNLUFLDZOAXIC-UHFFFAOYSA-N,403.7,Cl
Octadecyl chloroacetate,CCCCCCCCCCCCCCCCCCOC(=O)CCl,9531,5348-82-3,HDNSRULOUMXYKG-UHFFFAOYSA-N,347,Cl
Octyl 5-tert-butyl-3-(5-chloro-2H-benzotriazole-2-yl)-4-hydroxybenzenepropionate,CCCCCCCCOC(=O)CCC1=CC(=C(C(=C1)N2N=C3C=CC(=CC3=N2)Cl)O)C(C)(C)C,14385,83044-89-7,DMFXLIFZVRXRRR-UHFFFAOYSA-N,486,Cl
Oleyl chloride,CCCCCCCC/C=C\CCCCCCCCCl,3852,16507-61-2,IFABLCIRROMTAN-KTKRTIGZSA-N,286.9,Cl
"p,p'-DDD",C1=CC(=CC=C1C(C2=CC=C(C=C2)Cl)C(Cl)Cl)Cl,12996,72-54-8,AHJKRLASYNVKDZ-UHFFFAOYSA-N,320,Cl
"p,p'-DDE",C1=CC(=CC=C1C(=C(Cl)Cl)C2=CC=C(C=C2)Cl)Cl,12997,72-55-9,UCNVFOCBFJOQAL-UHFFFAOYSA-N,318,Cl
"p,p'-Methoxychlor olefin",COC1=CC=C(C=C1)C(=C(Cl)Cl)C2=CC=C(C=C2)OC,4927,2132-70-9,YCRYSVKEWAWTGI-UHFFFAOYSA-N,309.2,Cl
Palmitoyl chloride,CCCCCCCCCCCCCCCC(=O)Cl,1246,112-67-4,ARBOVOVUTSQWSS-UHFFFAOYSA-N,274.9,Cl
Paraclox,C1=CC(=CC=C1C(=O)/C(=N\O)/Cl)O,7673,34911-46-1,YHOOPWNLHRKWEM-CSKARUKUSA-N,199.59,Cl
Pentachloroaniline,C1(=C(C(=C(C(=C1Cl)Cl)Cl)Cl)Cl)N,9426,527-20-8,KHCZSJXTDDHLGJ-UHFFFAOYSA-N,265.3,Cl
Pentachloroanisole,COC1=C(C(=C(C(=C1Cl)Cl)Cl)Cl)Cl,4284,1825-21-4,BBABSCYTNHOKOG-UHFFFAOYSA-N,280.4,Cl
Pentachlorobenzene,C1=C(C(=C(C(=C1Cl)Cl)Cl)Cl)Cl,10552,608-93-5,CEOCDNVZRAIOQZ-UHFFFAOYSA-N,250.3,Cl
Pentachlorobutadiene,C(=C(Cl)Cl)C(=C(Cl)Cl)Cl,4936,21400-41-9,WVFBDVFCOCLEFM-UHFFFAOYSA-N,226.3,Cl
Pentachloroethane,C(C(Cl)(Cl)Cl)(Cl)Cl,13580,76-01-7,BNIXVQGCZULYKV-UHFFFAOYSA-N,202.3,Cl
Pentachlorophenol,C1(=C(C(=C(C(=C1Cl)Cl)Cl)Cl)Cl)O,14796,87-86-5,IZUPBVBPLAPZRR-UHFFFAOYSA-N,266.3,Cl
Pentachloropyridine,C1(=C(C(=NC(=C1Cl)Cl)Cl)Cl)Cl,5009,2176-62-7,DNDPLEAVNVOOQZ-UHFFFAOYSA-N,251.3,Cl
Permethrin,CC1(C(C1C(=O)OCC2=CC(=CC=C2)OC3=CC=CC=C3)C=C(Cl)Cl)C,9397,52645-53-1,RLLPVAHGXHCWKJ-UHFFFAOYSA-N,391.3,Cl
Phenaglycodol,CC(C)(C(C)(C1=CC=C(C=C1)Cl)O)O,14051,79-93-6,HTYIXCKSEQQCJO-UHFFFAOYSA-N,214.69,Cl
Phosgene,C(=O)(Cl)Cl,13473,75-44-5,YGYAWVDWMABLBF-UHFFFAOYSA-N,98.91,Cl
"Propanenitrile, 3,3'-[[4-[(2-chloro-4-nitrophenyl)azo]phenyl]imino]bis-",C1=CC(=CC=C1N=NC2=C(C=C(C=C2)[N+](=O)[O-])Cl)N(CCC#N)CCC#N,8278,4058-30-4,ZXXVVTBKBDDTSE-UHFFFAOYSA-N,382.8,Cl
"Propanenitrile, 3-[[2-(acetyloxy)ethyl][4-[(2-chloro-4-nitrophenyl)azo]phenyl]amino]-",CC(=O)OCCN(CCC#N)C1=CC=C(C=C1)N=NC2=C(C=C(C=C2)[N+](=O)[O-])Cl,10497,6021-61-0,XSTSGWJEOIPFED-UHFFFAOYSA-N,415.8,Cl
Propanil,CCC(=O)NC1=CC(=C(C=C1)Cl)Cl,12835,709-98-8,LFULEKSKNZEWOE-UHFFFAOYSA-N,218.08,Cl
Propazine,CC(C)NC1=NC(=NC(=N1)Cl)NC(C)C,2869,139-40-2,WJNRPILHGGKWCK-UHFFFAOYSA-N,229.71,Cl
Propiconazole,CCCC1COC(O1)(CN2C=NC=N2)C3=C(C=C(C=C3)Cl)Cl,10495,60207-90-1,STJLVHWMYQXCPB-UHFFFAOYSA-N,342.2,Cl
Propyzamide,CC(C)(C#C)NC(=O)C1=CC(=CC(=C1)Cl)Cl,5344,23950-58-5,PHNUZKMIPFFYSO-UHFFFAOYSA-N,256.12,Cl
"Pyrrolo[3,4-c]pyrrole-1,4-dione, 3,6-bis(4-chlorophenyl)-2,5-dihydro-",C1=CC(=CC=C1C2=C3C(=C(N2)O)C(=NC3=O)C4=CC=C(C=C4)Cl)Cl,14512,84632-65-5,IWCLHLSTAOEFCW-UHFFFAOYSA-N,357.2,Cl
"Quino[2,3-b]acridine-7,14-dione, 2,9-dichloro-5,6,12,13-tetrahydro-",C1C2=C(CC3=C1NC4=C(C3=O)C=C(C=C4)Cl)NC5=C(C2=O)C=C(C=C5)Cl,9160,51085-07-5,QSHKTWMVEGIPMA-UHFFFAOYSA-N,383.2,Cl
Simazine,CCNC1=NC(=NC(=N1)Cl)NCC,1789,122-34-9,ODCWYMIRDDJXKW-UHFFFAOYSA-N,201.66,Cl
Solvent Red 135,C1=CC2=C3C(=C1)N=C4C5=C(C(=C(C(=C5Cl)Cl)Cl)Cl)C(=O)N4C3=CC=C2,4815,20749-68-2,UBZVRROHBDDCQY-UHFFFAOYSA-N,408.1,Cl
Solvent yellow 157,C1=CC=C2C(=C1)C=CC(=N2)C3C(=O)C4=C(C3=O)C(=C(C(=C4Cl)Cl)Cl)Cl,6595,27908-75-4,FTQURCYYMGCGDB-UHFFFAOYSA-N,411.1,Cl
"Succinic acid, 2-(2-chlorophenoxy)ethyl ethyl ester",CCOC(=O)CCC(=O)OCCOC1=CC=CC=C1Cl,16612,,CHSIRNHJPJDHLW-UHFFFAOYSA-N,300.73,Cl
Tebuconazole,CC(C)(C)C(CCC1=CC=C(C=C1)Cl)(CN2C=NC=N2)O,824,107534-96-3,PXMNMQRDXWABCY-UHFFFAOYSA-N,307.82,Cl
Terbuthylazine,CCNC1=NC(=NC(=N1)Cl)NC(C)(C)C,10349,5915-41-3,FZXISNSWEXTPMF-UHFFFAOYSA-N,229.71,Cl
Terephthaloyl chloride,C1=CC(=CC=C1C(=O)Cl)C(=O)Cl,5,100-20-9,LXEJRKJRKIFVNY-UHFFFAOYSA-N,203.02,Cl
Tetrachlorobisphenol A,CC(C)(C1=CC(=C(C(=C1)Cl)O)Cl)C2=CC(=C(C(=C2)Cl)O)Cl,14053,79-95-8,KYPYTERUKNKOLP-UHFFFAOYSA-N,366.1,Cl
Tetrachloroethylene,C(=C(Cl)Cl)(Cl)Cl,2100,127-18-4,CYTYCFOTNPOANT-UHFFFAOYSA-N,165.8,Cl
Tetrachlorophthalic acid,C1(=C(C(=C(C(=C1Cl)Cl)Cl)Cl)C(=O)O)C(=O)O,11099,632-58-6,WZHHYIOUKQNLQM-UHFFFAOYSA-N,303.9,Cl
Tetrachlorophthalic anhydride,C12=C(C(=C(C(=C1Cl)Cl)Cl)Cl)C(=O)OC2=O,1417,117-08-8,AUHHYELHRWCWEZ-UHFFFAOYSA-N,285.9,Cl
"trans-1,2-Dichloroethylene",C(=C/Cl)\Cl,3504,156-60-5,KFUSEUYYWQURPO-OWOJBTEDSA-N,96.94,Cl
trans-Chlordane,C1[C@H]2[C@@H]([C@H]([C@@H]1Cl)Cl)[C@]3(C(=C([C@@]2(C3(Cl)Cl)Cl)Cl)Cl)Cl,9159,5103-74-2,BIWJNBZANLAXMG-MPPHZFHBSA-N,409.8,Cl
trans-Nonachlor,[C@@H]12[C@@H]([C@H](C([C@H]1Cl)Cl)Cl)[C@]3(C(=C([C@@]2(C3(Cl)Cl)Cl)Cl)Cl)Cl,8214,39765-80-5,OCHOKXCPKDPNQU-FLVMBEMLSA-N,444.2,Cl
Triadimefon,CC(C)(C)C(=O)C(N1C=NC=N1)OC2=CC=C(C=C2)Cl,8550,43121-43-3,WURBVZBTWMNKQT-UHFFFAOYSA-N,293.75,Cl
Trichloroethylene,C(=C(Cl)Cl)Cl,14028,79-01-6,XSTXAVWGXDQKEL-UHFFFAOYSA-N,131.38,Cl
Trichloroisocyanuric acid,C1(=O)N(C(=O)N(C(=O)N1Cl)Cl)Cl,14798,87-90-1,YRIZYWQGELRKNT-UHFFFAOYSA-N,232.41,Cl
Trichloromelamine,C1(=NC(=NC(=N1)NCl)NCl)NCl,13685,7673-09-8,KEPNSIARSTUPGS-UHFFFAOYSA-N,229.45,Cl
Triclosan,C1=CC(=C(C=C1Cl)O)OC2=C(C=C(C=C2)Cl)Cl,7557,3380-34-5,XEFQLINVKFYRCS-UHFFFAOYSA-N,289.5,Cl
"Tricyclo[8.2.2.24,7]hexadeca-4,6,10,12,13,15-hexaene, dichloro-",C1C(C2=CC=C(CC(C3=CC=C1C=C3)Cl)C=C2)Cl,6760,28804-46-8,VRBFTYUMFJWSJY-UHFFFAOYSA-N,277.2,Cl
"Tricyclo[8.2.2.24,7]hexadeca-4,6,10,12,13,15-hexaene, tetrachloro-",C1CC2=C(C(=C(CCC3=C(C(=C1C=C3)Cl)Cl)C=C2)Cl)Cl,7049,30501-29-2,QYFSCKPZVYAASR-UHFFFAOYSA-N,346.1,Cl
Trimellitic anhydride chloride,C1=CC2=C(C=C1C(=O)Cl)C(=O)OC2=O,1656,1204-28-0,NJMOHBDCGXJLNJ-UHFFFAOYSA-N,210.57,Cl
Undecyl 2-chlorobenzoate,CCCCCCCCCCCOC(=O)C1=CC=CC=C1Cl,15945,97221-96-0,LZZUEDTUAJZZBG-UHFFFAOYSA-N,310.9,Cl
Vinyl Chloride,C=CCl,13451,75-01-4,BZHJMEDXRYGGRV-UHFFFAOYSA-N,62.5,Cl
Vinyl chloroacetate,C=COC(=O)CCl,5879,2549-51-1,XJELOQYISYPGDX-UHFFFAOYSA-N,120.53,Cl
Vinylbenzyl chloride,C=CC(C1=CC=CC=C1)Cl,16252,30030-25-2,SLBOQBILGNEPEB-UHFFFAOYSA-N,152.62,Cl
Vinylidene chloride,C=C(Cl)Cl,13469,75-35-4,LGXVIGDEPROXKC-UHFFFAOYSA-N,96.94,Cl
1-Bromo-2-chlorobenzene,C1=CC=C(C(=C1)Cl)Br,12641,694-80-4,QBELEDRHMPMKHP-UHFFFAOYSA-N,191.45,"Cl,Br"
"1-Bromo-3-chloro-5,5-dimethyl-2,4-imidazolidinedione",CC1(C(=O)N(C(=O)N1Br)Cl)C,3685,16079-88-2,PIEXCQIOSMOEOU-UHFFFAOYSA-N,241.47,"Cl,Br"
1-Bromo-3-chloropropane,C(CCl)CBr,943,109-70-6,MFESCIUQSIBMSM-UHFFFAOYSA-N,157.44,"Cl,Br"
1-Bromo-4-chlorobutane,C(CCBr)CCl,12645,6940-78-9,NIDSRGCVYOEDFW-UHFFFAOYSA-N,171.46,"Cl,Br"
"2-Bromo-4,6-dichloroaniline",C1=C(C=C(C(=C1Cl)N)Br)Cl,12665,697-86-9,DTPADCOGQUOGHT-UHFFFAOYSA-N,240.91,"Cl,Br"
2-Bromo-6-chloro-4-nitroaniline,C1=C(C=C(C(=C1Cl)N)Br)[N+](=O)[O-],16036,99-29-6,GLUCALKKMFBJEB-UHFFFAOYSA-N,251.46,"Cl,Br"
"Bromochloro-5,5-dimethylimidazolidine-2,4-dione",C(C1(C(=O)NC(=O)N1)CBr)Cl,7399,32718-18-6,BUUDGFAFKIZPSR-UHFFFAOYSA-N,241.47,"Cl,Br"
Bromochloromethane,C(Cl)Br,13237,74-97-5,JPOXNPPZZKNXOV-UHFFFAOYSA-N,129.38,"Cl,Br"
Bromodichloromethane,C(Cl)(Cl)Br,13465,75-27-4,FMWLUWPQPKEARP-UHFFFAOYSA-N,163.83,"Cl,Br"
Chlorodibromomethane,C(Cl)(Br)Br,1989,124-48-1,GATVIKZLVQHOMN-UHFFFAOYSA-N,208.28,"Cl,Br"
"(2Z)-1,1,1,4,4,4-hexafluorobut-2-ene",C(=C\C(F)(F)F)\C(F)(F)F,12607,692-49-9,NLOLSXYRJFEOTA-UPHRSURJSA-N,164.05,F
(Nonafluorobutyl)trifluorooxirane,C1(C(O1)(F)F)(C(C(C(C(F)(F)F)(F)F)(F)F)(F)F)F,13085,72804-48-9,HBBPUTOQGBFWPQ-UHFFFAOYSA-N,316.04,F
(Perfluorohexyl)ethylene,C=CC(C(C(C(C(C(F)(F)F)(F)F)(F)F)(F)F)(F)F)(F)F,5837,25291-17-2,FYQFWFHDPNXORA-UHFFFAOYSA-N,346.09,F
"(trans,trans)-4-(4-Ethoxy-2,3-difluorophenyl)-4'-pentyl-1,1'-bi(cyclohexane)",CCCCCC1CCC(CC1)C2CCC(CC2)C3=C(C(=C(C=C3)OCC)F)F,2017,124728-81-0,GLZNOTOAQDMKMM-UHFFFAOYSA-N,392.6,F
"1,1,1,2,3,3,3-Heptafluoropropane",C(C(F)(F)F)(C(F)(F)F)F,8545,431-89-0,YFMFNYKEUDLDTL-UHFFFAOYSA-N,170.03,F
"1,1,1,2-Tetrafluoroethane",C(C(F)(F)F)F,14275,811-97-2,LVGUZGTVOIAKKC-UHFFFAOYSA-N,102.03,F
"1,1,1,3,3,3-Hexafluoro-2-propanol",C(C(F)(F)F)(C(F)(F)F)O,15464,920-66-1,BYEAHWXPCBROCE-UHFFFAOYSA-N,168.04,F
"1,1,1,3,3-Pentafluorobutane",CC(CC(F)(F)F)(F)F,8279,406-58-6,WZLFPVPRZGTCKP-UHFFFAOYSA-N,148.07,F
"1,1,1,3,3-Pentafluoropropane",C(C(F)F)C(F)(F)F,8807,460-73-1,MSSNHSVIGIHOJA-UHFFFAOYSA-N,134.05,F
"1,1,1-Trifluoro-2-(trifluoromethyl)pent-4-en-2-ol",C=CCC(C(F)(F)F)(C(F)(F)F)O,11408,646-97-9,VHSCQANAKTXZTG-UHFFFAOYSA-N,208.1,F
"1,1,1-Trifluoroethane",CC(F)(F)F,8436,420-46-2,UJPMYEOUBPIPHQ-UHFFFAOYSA-N,84.04,F
"1,1,2,2,3,3,4,4,5,5,6,6,7-Tridecafluorooctan-1-ol",CC(C(C(C(C(C(C(O)(F)F)(F)F)(F)F)(F)F)(F)F)(F)F)F,1300,112708-16-4,KIRIXOGQHXHZKY-UHFFFAOYSA-N,364.1,F
"1,1,2,2-Tetrafluoroethane",C(C(F)F)(F)F,7778,359-35-3,WXGNWUVNYMJENI-UHFFFAOYSA-N,102.03,F
"1,1,2,2-Tetrahydroperfluoro-1-decanol",C(CO)C(C(C(C(C(C(C(C(F)(F)F)(F)F)(F)F)(F)F)(F)F)(F)F)(F)F)(F)F,11832,678-39-7,JJUBFBTUBACDHW-UHFFFAOYSA-N,464.12,F
"1,1-Difluoroethane",CC(F)F,13471,75-37-6,NPNPZTNLOVBDOC-UHFFFAOYSA-N,66.05,F
"1,2,2,3,3,4,4,5-Octafluoro-6-oxabicyclo[3.1.0]hexane",C12(C(O1)(C(C(C2(F)F)(F)F)(F)F)F)F,12870,710-70-3,VHOKEHVUOYFQKD-UHFFFAOYSA-N,228.04,F
"1,2,2,3,5,6,6-Heptafluoro-7-(trifluoromethyl)-4,8-dioxatricyclo[5.1.0.03,5]octane",C12(C(O1)(C(C3(C(C2(F)F)(O3)F)F)(F)F)F)C(F)(F)F,2239,130482-35-8,NQRAQFXUPHIGAH-UHFFFAOYSA-N,306.06,F
"1,2,3,4,5,5,6,6-Octafluorobicyclo[2.2.2]oct-2-ene",C1CC2(C(=C(C1(C(C2(F)F)(F)F)F)F)F)F,7225,31462-62-1,MILCJPLPEMJWKH-UHFFFAOYSA-N,252.1,F
"1,2,3,4,5-Pentafluoro-6-[2,3,4,6-tetrafluoro-5-(2,3,4,5,6-pentafluorophenyl)phenyl]benzene",C1(=C(C(=C(C(=C1F)F)F)C2=C(C(=C(C(=C2F)F)F)F)F)F)C3=C(C(=C(C(=C3F)F)F)F)F,3742,16218-79-4,JINIKWBFAGTLJM-UHFFFAOYSA-N,482.2,F
"1,2-Difluoroethane",C(CF)F,10953,624-72-6,AHFMSNDOYCFEPH-UHFFFAOYSA-N,66.05,F
"1,2-Epoxyperfluorobutane",C1(C(O1)(F)F)(C(C(F)(F)F)(F)F)F,7914,3709-90-8,ZEZAFHZIZCXHGO-UHFFFAOYSA-N,216.03,F
"1,3,3,3-Tetrafluoroprop-1-ene",C(=C/F)\C(F)(F)F,3842,1645-83-6,CDOOAUSHHFGWSA-OWOJBTEDSA-N,114.04,F
"1,3,3,3-Tetrafluoroprop-1-ene",C(=C/F)\C(F)(F)F,6806,29118-24-9,CDOOAUSHHFGWSA-OWOJBTEDSA-N,114.04,F
"1,3-Diaminotetrafluorobenzene",C1(=C(C(=C(C(=C1F)F)F)N)F)N,1561,1198-63-6,FXGQUGCFZKMIJW-UHFFFAOYSA-N,180.1,F
"1,3-Dioxole, 2,2,4-trifluoro-5-(trifluoromethoxy)-",C1(=C(OC(O1)(F)F)F)OC(F)(F)F,3723,161611-74-1,JSGITCLSCUKHFW-UHFFFAOYSA-N,210.03,F
"1,3-Isobenzofurandione, 5,5'-[2,2,2-trifluoro-1-(trifluoromethyl)ethylidene]bis-",C1=CC2=C(C=C1C(C3=CC4=C(C=C3)C(=O)OC4=O)(C(F)(F)F)C(F)(F)F)C(=O)OC2=O,1049,1107-00-2,QHHKLPCQTTWFSS-UHFFFAOYSA-N,444.2,F
"1,4-Bis(2-hydroxyhexafluoroisopropyl)benzene",C1=CC(=CC=C1C(C(F)(F)F)(C(F)(F)F)O)C(C(F)(F)F)(C(F)(F)F)O,4654,1992-15-0,YTJDSANDEZLYOU-UHFFFAOYSA-N,410.15,F
"1,4-Bis(4-fluorobenzoyl)benzene",C1=CC(=CC=C1C(=O)C2=CC=C(C=C2)F)C(=O)C3=CC=C(C=C3)F,12156,68418-51-9,LLJNTLUXOZPFQB-UHFFFAOYSA-N,322.3,F
"1,6-Divinylperfluorohexane",C=CC(C(C(C(C(C(C=C)(F)F)(F)F)(F)F)(F)F)(F)F)(F)F,4220,1800-91-5,PDFSXHZXNZCKNF-UHFFFAOYSA-N,354.13,F
"1-[(6-Fluoro-3-methoxyquinoxalin-2-yl)aminocarbonyl]-4-(3,5-dimethoxyphenyl)piperazine",COC1=CC(=CC(=C1)N2CCN(CC2)C(=O)NC3=NC4=C(C=C(C=C4)F)N=C3OC)OC,14912,888479-29-6,IBXPCUONFLPMCV-UHFFFAOYSA-N,441.5,F
"1-[Difluoro(trifluoromethoxy)methoxy]-1,2,2-trifluoroethene",C(=C(F)F)(OC(OC(F)(F)F)(F)F)F,12714,700874-87-9,PODVJTKDNVRRMS-UHFFFAOYSA-N,232.03,F
1-Fluorododecane,CCCCCCCCCCCCF,7498,334-68-9,YHYBNVZCQIDLSQ-UHFFFAOYSA-N,188.32,F
1-Fluorotetradecane,CCCCCCCCCCCCCCF,10372,593-33-9,YRDSYPITPPQNED-UHFFFAOYSA-N,216.38,F
"1-Octanol, trifluoroacetate",CCCCCCCCOC(=O)C(F)(F)F,5925,2561-21-9,MGRWEFWRZHQSRH-UHFFFAOYSA-N,226.24,F
"1H,1H,2H-Perfluoro-1-decene",C=CC(C(C(C(C(C(C(C(F)(F)F)(F)F)(F)F)(F)F)(F)F)(F)F)(F)F)(F)F,4989,21652-58-4,NKAMGQZDVMQEJL-UHFFFAOYSA-N,446.1,F
"1H,1H,5H-Octafluoropentyl methacrylate",CC(=C)C(=O)OCC(C(C(C(F)F)(F)F)(F)F)(F)F,7737,355-93-1,ZNJXRXXJPIFFAO-UHFFFAOYSA-N,300.15,F
1H-Perfluorohexane,C(C(C(C(C(C(F)(F)F)(F)F)(F)F)(F)F)(F)F)(F)F,7733,355-37-3,XJSRKJAHJGCPGC-UHFFFAOYSA-N,320.05,F
"2',4'-Difluoroacetophenone",CC(=O)C1=C(C=C(C=C1)F)F,7830,364-83-0,QEWHNJPLPZOEKU-UHFFFAOYSA-N,156.13,F
2'-Fluoro-2-hydroxy-4-methoxybenzophenone,COC1=CC(=C(C=C1)C(=O)C2=CC=CC=C2F)O,7189,3119-88-8,VVOYPINUWBAVQM-UHFFFAOYSA-N,246.23,F
"2,2'-Bis(trifluoromethyl)benzidine",C1=CC(=C(C=C1N)C(F)(F)F)C2=C(C=C(C=C2)N)C(F)(F)F,7587,341-58-2,NVKGJHAQGWCWDI-UHFFFAOYSA-N,320.23,F
"2,2,2-Trifluoroethanol",C(C(F)(F)F)O,13500,75-89-8,RHQDFWAXVIIEBN-UHFFFAOYSA-N,100.04,F
"2,2,2-Trifluoroethyl acrylate",C=CC(=O)OCC(F)(F)F,8291,407-47-6,VBHXIMACZBQHPX-UHFFFAOYSA-N,154.09,F
"2,2,2-Trifluoroethyl methacrylate",CC(=C)C(=O)OCC(F)(F)F,7702,352-87-4,QTKPMCIBUROOGY-UHFFFAOYSA-N,168.11,F
"2,2,3,3,4,4,4-Heptafluorobutyl acrylate",C=CC(=O)OCC(C(C(F)(F)F)(F)F)(F)F,8478,424-64-6,PLXOUIVCSUBZIX-UHFFFAOYSA-N,254.1,F
"2,2,3,3,4,4,5,5,6,6,7,7-Dodecafluoroheptyl methacrylate",CC(=C)C(=O)OCC(C(C(C(C(C(F)F)(F)F)(F)F)(F)F)(F)F)(F)F,5163,2261-99-6,YJKHMSPWWGBKTN-UHFFFAOYSA-N,400.16,F
"2,2,3,3,4,4,5,5,6,7,7,7-Dodecafluoro-6-(trifluoromethyl)heptanoic acid",C(=O)(C(C(C(C(C(C(F)(F)F)(C(F)(F)F)F)(F)F)(F)F)(F)F)(F)F)O,3385,15166-06-0,KPBOPOXIOBBZTR-UHFFFAOYSA-N,414.07,F
"2,2,3,3,4,4,5,5-Octafluoro-1-pentanol",C(C(C(C(C(F)F)(F)F)(F)F)(F)F)O,7736,355-80-6,JUGSKHLZINSXPQ-UHFFFAOYSA-N,232.07,F
"2,2,3,3,4,4,5,5-Octafluoropentyl acrylate",C=CC(=O)OCC(C(C(C(F)F)(F)F)(F)F)(F)F,8001,376-84-1,WISUNKZXQSKYMR-UHFFFAOYSA-N,286.12,F
"2,2,3,3,4,4,5,6,6,7,7,7-Dodecafluoro-5-(trifluoromethyl)heptanoic acid",C(=O)(C(C(C(C(C(C(F)(F)F)(F)F)(C(F)(F)F)F)(F)F)(F)F)(F)F)O,15329,909009-42-3,HDWNCRCOUUAYQG-UHFFFAOYSA-N,414.07,F
"2,2,3,3,4,4,6,6,6-Nonafluoro-5,5-bis(trifluoromethyl)hexanoic acid",C(=O)(C(C(C(C(C(F)(F)F)(C(F)(F)F)C(F)(F)F)(F)F)(F)F)(F)F)O,1345,1144512-34-4,GTHPUDUCLLCPLT-UHFFFAOYSA-N,414.07,F
"2,2,3,3,4,5,5,6,6,6-Decafluoro-4-(pentafluoroethyl)hexanoic acid",C(=O)(C(C(C(C(C(F)(F)F)(F)F)(C(C(F)(F)F)(F)F)F)(F)F)(F)F)O,4422,1882109-79-6,FLDAOAOUZFAVRT-UHFFFAOYSA-N,414.07,F
"2,2,3,3,4,5,5,6,6,7,7,7-Dodecafluoro-4-(trifluoromethyl)heptanoic acid",C(=O)(C(C(C(C(C(C(F)(F)F)(F)F)(F)F)(C(F)(F)F)F)(F)F)(F)F)O,1344,1144512-18-4,RGXLMLZPWKONOH-UHFFFAOYSA-N,414.07,F
"2,2,3,3,4,5,6,6,6-Nonafluoro-4,5-bis(trifluoromethyl)hexanoic acid",C(=O)(C(C(C(C(C(F)(F)F)(C(F)(F)F)F)(C(F)(F)F)F)(F)F)(F)F)O,1347,1144512-36-6,YQPBELLZGQBWJP-UHFFFAOYSA-N,414.07,F
"2,2,3,3,5,5,6,6,6-Nonafluoro-4,4-bis(trifluoromethyl)hexanoic acid",C(=O)(C(C(C(C(C(F)(F)F)(F)F)(C(F)(F)F)C(F)(F)F)(F)F)(F)F)O,1531,1192593-79-5,UDFRHYDOIIBODA-UHFFFAOYSA-N,414.07,F
"2,2,3,3-Tetrafluoro-1-propanol",C(C(C(F)F)(F)F)O,13587,76-37-9,NBUKAOOFKZFCGD-UHFFFAOYSA-N,132.06,F
"2,2,3,3-Tetrafluoropropyl methacrylate",CC(=C)C(=O)OCC(C(F)F)(F)F,8749,45102-52-1,RSVZYSKAPMBSMY-UHFFFAOYSA-N,200.13,F
"2,2,3,4,4,4-Hexafluorobutyl acrylate",C=CC(=O)OCC(C(C(F)(F)F)F)(F)F,9605,54052-90-3,LMVLEDTVXAGBJV-UHFFFAOYSA-N,236.11,F
"2,2,3,4,4,4-Hexafluorobutyl methacrylate",CC(=C)C(=O)OCC(C(C(F)(F)F)F)(F)F,7831,36405-47-7,DFVPUWGVOPDJTC-UHFFFAOYSA-N,250.14,F
"2,2,3,4,4,5,5,5-Octafluoro-3-(1,1,1,2,3,3,3-heptafluoropropan-2-yl)pentanoic acid",C(=O)(C(C(C(C(F)(F)F)(C(F)(F)F)F)(C(C(F)(F)F)(F)F)F)(F)F)O,4411,1882109-68-3,VMZZQFPAUSWERK-UHFFFAOYSA-N,414.07,F
"2,2,3,4,4,5,5,6,6,6-Decafluoro-3-(pentafluoroethyl)hexanoic acid",C(=O)(C(C(C(C(C(F)(F)F)(F)F)(F)F)(C(C(F)(F)F)(F)F)F)(F)F)O,4421,1882109-78-5,WWMBSMIBXPWLPT-UHFFFAOYSA-N,414.07,F
"2,2,3,4,4,5,5,6,6,7,7,7-Dodecafluoro-3-(trifluoromethyl)heptanoic acid",C(=O)(C(C(C(C(C(C(F)(F)F)(F)F)(F)F)(F)F)(C(F)(F)F)F)(F)F)O,12779,705240-04-6,FUGOJSZHPNUCLK-UHFFFAOYSA-N,414.07,F
"2,2,3,4,4,5,6,6,6-Nonafluoro-3,5-bis(trifluoromethyl)hexanoic acid",C(=O)(C(C(C(C(C(F)(F)F)(C(F)(F)F)F)(F)F)(C(F)(F)F)F)(F)F)O,1346,1144512-35-5,RCVKPKVLBNNSMW-UHFFFAOYSA-N,414.07,F
"2,2,3,4,5,5,6,6,6-Nonafluoro-3,4-bis(trifluoromethyl)hexanoic acid",C(=O)(C(C(C(C(C(F)(F)F)(F)F)(C(F)(F)F)F)(C(F)(F)F)F)(F)F)O,4424,1882109-81-0,NIYNIRHIBYCSLY-UHFFFAOYSA-N,414.07,F
"2,2,3,5,5,5-Hexafluoro-3,4,4-tris(trifluoromethyl)pentanoic acid",C(=O)(C(C(C(C(F)(F)F)(C(F)(F)F)C(F)(F)F)(C(F)(F)F)F)(F)F)O,4418,1882109-75-2,ZOUAOKCYZHRSAC-UHFFFAOYSA-N,414.07,F
"2,2,4,4,5,5,5-Heptafluoro-3-(pentafluoroethyl)-3-(trifluoromethyl)pentanoic acid",C(=O)(C(C(C(C(F)(F)F)(F)F)(C(C(F)(F)F)(F)F)C(F)(F)F)(F)F)O,4410,1882109-67-2,BRACVULZXKBSDR-UHFFFAOYSA-N,414.07,F
"2,2,4,4,5,5,6,6,6-Nonafluoro-3,3-bis(trifluoromethyl)hexanoic acid",C(=O)(C(C(C(C(C(F)(F)F)(F)F)(F)F)(C(F)(F)F)C(F)(F)F)(F)F)O,4249,1812247-20-3,QTNXQUUMDZPDRJ-UHFFFAOYSA-N,414.07,F
"2,2,4,5,5,5-Hexafluoro-3,3,4-tris(trifluoromethyl)pentanoic acid",C(=O)(C(C(C(C(F)(F)F)(C(F)(F)F)F)(C(F)(F)F)C(F)(F)F)(F)F)O,4417,1882109-74-1,FAJNUIJJBSAMFG-UHFFFAOYSA-N,414.07,F
"2,2-Bis(3-amino-4-hydroxyphenyl)hexafluoropropane",C1=CC(=C(C=C1C(C2=CC(=C(C=C2)O)N)(C(F)(F)F)C(F)(F)F)N)O,14412,83558-87-6,MSTZGVRUOMBULC-UHFFFAOYSA-N,366.26,F
"2,2-Bis(3-aminophenyl)hexafluoropropane",C1=CC(=CC(=C1)N)C(C2=CC(=CC=C2)N)(C(F)(F)F)C(F)(F)F,8880,47250-53-3,UVUCUHVQYAPMEU-UHFFFAOYSA-N,334.26,F
"2,3,3,3-Tetrafluoro-2-(heptafluoropropoxy)propanoic acid",C(=O)(C(C(F)(F)F)(OC(C(C(F)(F)F)(F)F)(F)F)F)O,2451,13252-13-6,CSEBNABAWMZWIF-UHFFFAOYSA-N,330.05,F
"2,3,3,3-Tetrafluoropropene",C=C(C(F)(F)F)F,13532,754-12-1,FXRLMCRCYDHQFW-UHFFFAOYSA-N,114.04,F
"2,3,3,4,4,4-Hexafluoro-2-[1,1,1,3,3,3-hexafluoro-2-(trifluoromethyl)propan-2-yl]butanoic acid",C(=O)(C(C(C(F)(F)F)(C(F)(F)F)C(F)(F)F)(C(C(F)(F)F)(F)F)F)O,4403,1882109-60-5,LEVVSRBRUBTUPV-UHFFFAOYSA-N,414.07,F
"2,3,3,4,4,5,5,5-Octafluoro-2-(1,1,1,2,3,3,3-heptafluoropropan-2-yl)pentanoic acid",C(=O)(C(C(C(F)(F)F)(C(F)(F)F)F)(C(C(C(F)(F)F)(F)F)(F)F)F)O,4419,1882109-76-3,FGXQAZCGBWVETF-UHFFFAOYSA-N,414.07,F
"2,3,3,4,4,5,5,5-Octafluoro-2-(heptafluoropropyl)pentanoic acid",C(=O)(C(C(C(C(F)(F)F)(F)F)(F)F)(C(C(C(F)(F)F)(F)F)(F)F)F)O,4420,1882109-77-4,KLIYVROPYNNGCN-UHFFFAOYSA-N,414.07,F
"2,3,3,4,4,5,5,6,6,6-Decafluoro-2-(pentafluoroethyl)hexanoic acid",C(=O)(C(C(C(C(C(F)(F)F)(F)F)(F)F)(F)F)(C(C(F)(F)F)(F)F)F)O,7744,35605-76-6,NJLCWERAEIXEIB-UHFFFAOYSA-N,414.07,F
"2,3,3,4,4,5,5,6,6,7,7,7-Dodecafluoro-2-(trifluoromethyl)heptanoic acid",C(=O)(C(C(C(C(C(C(F)(F)F)(F)F)(F)F)(F)F)(F)F)(C(F)(F)F)F)O,4818,207678-51-1,DHELITDTJHABDT-UHFFFAOYSA-N,414.07,F
"2,3,3,4,4,5,5-Heptafluoro-1-pentene",C=C(C(C(C(F)F)(F)F)(F)F)F,3462,1547-26-8,ZHKVUSSHABANQG-UHFFFAOYSA-N,196.07,F
"2,3,3,4,4,5,6,6,6-Nonafluoro-2,5-bis(trifluoromethyl)hexanoic acid",C(=O)(C(C(C(C(C(F)(F)F)(C(F)(F)F)F)(F)F)(F)F)(C(F)(F)F)F)O,4423,1882109-80-9,XYSKFGIOQNTGLA-UHFFFAOYSA-N,414.07,F
"2,3,3,4,5,5,5-Heptafluoro-2-(pentafluoroethyl)-4-(trifluoromethyl)pentanoic acid",C(=O)(C(C(C(C(F)(F)F)(C(F)(F)F)F)(F)F)(C(C(F)(F)F)(F)F)F)O,4408,1882109-65-0,RPJPRDHJIVARDS-UHFFFAOYSA-N,414.07,F
"2,3,3,4,5,5,6,6,6-Nonafluoro-2,4-bis(trifluoromethyl)hexanoic acid",C(=O)(C(C(C(C(C(F)(F)F)(F)F)(C(F)(F)F)F)(F)F)(C(F)(F)F)F)O,4248,1812247-19-0,XATJWKOXFKNUBI-UHFFFAOYSA-N,414.07,F
"2,3,3,5,5,5-Hexafluoro-2,4,4-tris(trifluoromethyl)pentanoic acid",C(=O)(C(C(C(C(F)(F)F)(C(F)(F)F)C(F)(F)F)(F)F)(C(F)(F)F)F)O,4416,1882109-73-0,XREGJQQQMQWWNN-UHFFFAOYSA-N,414.07,F
"2,3,3-Trifluoro-2-oxiranecarbonyl fluoride",C(=O)(C1(C(O1)(F)F)F)F,5441,24419-82-7,SMRIHEXLECXGRS-UHFFFAOYSA-N,144.02,F
"2,3,4,4,4-Pentafluoro-2-(1,1,1,2,3,3,3-heptafluoropropan-2-yl)-3-(trifluoromethyl)butanoic acid",C(=O)(C(C(C(F)(F)F)(C(F)(F)F)F)(C(C(F)(F)F)(C(F)(F)F)F)F)O,4404,1882109-61-6,GFNPDTZZIUOUQV-UHFFFAOYSA-N,414.07,F
"2,3,4,4,5,5,5-Heptafluoro-2-(pentafluoroethyl)-3-(trifluoromethyl)pentanoic acid",C(=O)(C(C(C(C(F)(F)F)(F)F)(C(F)(F)F)F)(C(C(F)(F)F)(F)F)F)O,4407,1882109-64-9,HRVVLSKWJWJIBO-UHFFFAOYSA-N,414.07,F
"2,3,4,4,5,5,5-Heptafluoro-3-(pentafluoroethyl)-2-(trifluoromethyl)pentanoic acid",C(=O)(C(C(C(C(F)(F)F)(F)F)(C(C(F)(F)F)(F)F)F)(C(F)(F)F)F)O,4409,1882109-66-1,ACAHRYLWSNWTFN-UHFFFAOYSA-N,414.07,F
"2,3,4,4,5,5,6,6,6-Nonafluoro-2,3-bis(trifluoromethyl)hexanoic acid",C(=O)(C(C(C(C(C(F)(F)F)(F)F)(F)F)(C(F)(F)F)F)(C(F)(F)F)F)O,4247,1812247-18-9,IKYRNTJITFLYOS-UHFFFAOYSA-N,414.07,F
"2,3,4,5,5,5-Hexafluoro-2,3,4-tris(trifluoromethyl)pentanoic acid",C(=O)(C(C(C(C(F)(F)F)(C(F)(F)F)F)(C(F)(F)F)F)(C(F)(F)F)F)O,4415,1882109-72-9,CSDNZCNEOLXCQF-UHFFFAOYSA-N,414.07,F
"2,3-Difluoro-2,3-bis(trifluoromethyl)oxirane",C1(C(O1)(C(F)(F)F)F)(C(F)(F)F)F,13771,773-29-5,SVENBAIZELMMEQ-UHFFFAOYSA-N,216.03,F
"2,3-Difluoromandelic acid",C1=CC(=C(C(=C1)F)F)C(C(=O)O)O,4823,207974-19-4,LBJOAPZLJUKPRG-UHFFFAOYSA-N,188.13,F
"2,4,4'-Trifluorobenzophenone",C1=CC(=CC=C1C(=O)C2=C(C=C(C=C2)F)F)F,14233,80512-44-3,IMMOAYTWCPNYML-UHFFFAOYSA-N,236.19,F
"2,4,4,5,5,5-Hexafluoro-2,3,3-tris(trifluoromethyl)pentanoic acid",C(=O)(C(C(C(C(F)(F)F)(F)F)(C(F)(F)F)C(F)(F)F)(C(F)(F)F)F)O,4414,1882109-71-8,LMMJTWPCVVCSMX-UHFFFAOYSA-N,414.07,F
"2-(3-Fluorophenyl)tetrahydroimidazo[1,5-a]pyridine-1,3(2h,5h)-dione",C1CCN2C(C1)C(=O)N(C2=O)C3=CC(=CC=C3)F,10541,60725-62-4,YVCJMNSBDCPIIG-UHFFFAOYSA-N,248.25,F
2-(Trifluoromethyl)acrylic acid,C=C(C(=O)O)C(F)(F)F,8047,381-98-6,VLSRKCIBHNJFHA-UHFFFAOYSA-N,140.06,F
"2H,2H,3H,3H-Perfluorooctanoic acid",C(CC(C(C(C(C(F)(F)F)(F)F)(F)F)(F)F)(F)F)C(=O)O,15401,914637-49-3,ABFCFCPCGMHSRX-UHFFFAOYSA-N,342.11,F
"2H,3H-Decafluoropentane",C(C(C(F)(F)F)F)(C(C(F)(F)F)(F)F)F,2852,138495-42-8,RIQRGMUSBYGDBL-UHFFFAOYSA-N,252.05,F
"3,3,3-Trifluoro-2-(trifluoromethyl)propene",C=C(C(F)(F)F)C(F)(F)F,8053,382-10-5,QMIWYOZFFSLIAK-UHFFFAOYSA-N,164.05,F
"3,3,3-Trifluoropropene",C=CC(F)(F)F,11778,677-21-4,FDMFUZHCIRHGRG-UHFFFAOYSA-N,96.05,F
"3,3,3-Trifluoropropyl prop-2-enoate",C=CC(=O)OCCC(F)(F)F,11579,65605-70-1,NWBWGFFZPIVONT-UHFFFAOYSA-N,168.11,F
"3,3,4,4,4-Pentafluoro-2,2-bis(pentafluoroethyl)butanoic acid",C(=O)(C(C(C(F)(F)F)(F)F)(C(C(F)(F)F)(F)F)C(C(F)(F)F)(F)F)O,4401,1882109-58-1,KMHDVPWWYHOSMO-UHFFFAOYSA-N,414.07,F
"3,3,4,4,4-Pentafluoro-2-(1,1,1,2,3,3,3-heptafluoropropan-2-yl)-2-(trifluoromethyl)butanoic acid",C(=O)(C(C(C(F)(F)F)(C(F)(F)F)F)(C(C(F)(F)F)(F)F)C(F)(F)F)O,4402,1882109-59-2,TZIYPPGHIRPIHL-UHFFFAOYSA-N,414.07,F
"3,3,4,4,5,5,5-Heptafluoro-2-(pentafluoroethyl)-2-(trifluoromethyl)pentanoic acid",C(=O)(C(C(C(C(F)(F)F)(F)F)(F)F)(C(C(F)(F)F)(F)F)C(F)(F)F)O,4406,1882109-63-8,URRHYEJOULCMJO-UHFFFAOYSA-N,414.07,F
"3,3,4,4,5,5,6,6,6-Nonafluoro-1-hexene",C=CC(C(C(C(F)(F)F)(F)F)(F)F)(F)F,4564,19430-93-4,GVEUEBXMTMZVSD-UHFFFAOYSA-N,246.07,F
"3,3,4,4,5,5,6,6,6-Nonafluoro-2,2-bis(trifluoromethyl)hexanoic acid",C(=O)(C(C(C(C(C(F)(F)F)(F)F)(F)F)(F)F)(C(F)(F)F)C(F)(F)F)O,4246,1812247-17-8,RSKSDKSQFDVCFE-UHFFFAOYSA-N,414.07,F
"3,3,4,4,5,5,6,6,7,7,8,8,8-Tridecafluorooctan-1-ol",C(CO)C(C(C(C(C(C(F)(F)F)(F)F)(F)F)(F)F)(F)F)(F)F,11415,647-42-7,GRJRKPMIRMSBNK-UHFFFAOYSA-N,364.1,F
"3,3,4,4,5,5,6,6,7,7,8,8,8-Tridecafluorooctanoic acid",C(C(=O)O)C(C(C(C(C(C(F)(F)F)(F)F)(F)F)(F)F)(F)F)(F)F,9568,53826-12-3,LRWIIEJPCFNNCZ-UHFFFAOYSA-N,378.09,F
"3,3,4,4,5,5,6,6,7,7,8,8,8-Tridecafluorooctyl acrylate",C=CC(=O)OCCC(C(C(C(C(C(F)(F)F)(F)F)(F)F)(F)F)(F)F)(F)F,4127,17527-29-6,VPKQPPJQTZJZDB-UHFFFAOYSA-N,418.15,F
"3,3,4,5,5,5-Hexafluoro-2,2,4-tris(trifluoromethyl)pentanoic acid",C(=O)(C(C(C(C(F)(F)F)(C(F)(F)F)F)(F)F)(C(F)(F)F)C(F)(F)F)O,4413,1882109-70-7,UYKWRMHTULSOPZ-UHFFFAOYSA-N,414.07,F
"3,3-Bis(trifluoromethyl)-2-fluoro-2-(pentafluoroethyl)oxirane",C1(C(O1)(C(C(F)(F)F)(F)F)F)(C(F)(F)F)C(F)(F)F,14021,788-67-0,NOESGFSFSJKFIF-UHFFFAOYSA-N,316.04,F
"3,4,4,5,5,5-Hexafluoro-2,2,3-tris(trifluoromethyl)pentanoic acid",C(=O)(C(C(C(C(F)(F)F)(F)F)(C(F)(F)F)F)(C(F)(F)F)C(F)(F)F)O,4412,1882109-69-4,UROAJJYOWOISMM-UHFFFAOYSA-N,414.07,F
"3,4,4,5,5,6,6,7,7,8,8,8-Dodecafluorooct-2-enoic acid",C(=C(C(C(C(C(C(F)(F)F)(F)F)(F)F)(F)F)(F)F)F)C(=O)O,12832,70887-88-6,BKOBFLVYTXYFQZ-UHFFFAOYSA-N,358.08,F
"3,4,4,5,5,6,6,7,7,8,8,9,9,10,10,10-Hexadecafluorodec-2-enoic acid",C(=C(C(C(C(C(C(C(C(F)(F)F)(F)F)(F)F)(F)F)(F)F)(F)F)(F)F)F)C(=O)O,12831,70887-84-2,WHZXTVOEGZRRJM-UHFFFAOYSA-N,458.1,F
3-(1-(Difluoro((trifluorovinyl)oxy)methyl)tetrafluoroethoxy)tetrafluoropropionitrile,C(#N)C(C(OC(C(OC(=C(F)F)F)(F)F)(C(F)(F)F)F)(F)F)(F)F,12680,69804-19-9,LYIPDZSLYLDLCU-UHFFFAOYSA-N,389.07,F
"3-(Bicyclo[2.2.1]hept-5-EN-2-YL)-1,1,1-trifluoro-2-(trifluoromethyl)propan-2-OL",C1C2CC(C1C=C2)CC(C(F)(F)F)(C(F)(F)F)O,4599,196314-61-1,NIQLOLNJWXWZHX-UHFFFAOYSA-N,274.2,F
3-(Trifluoromethyl)aniline,C1=CC(=CC(=C1)N)C(F)(F)F,15992,98-16-8,VIUDTWATMPPKEL-UHFFFAOYSA-N,161.12,F
"3-[2,6-Difluoro-4-[4-(4-propylcyclohexyl)cyclohexyl]phenoxy]propyl prop-2-enoate",CCCC1CCC(CC1)C2CCC(CC2)C3=CC(=C(C(=C3)F)OCCCOC(=O)C=C)F,5897,255386-69-7,ASAKUAYZQZYEHO-UHFFFAOYSA-N,448.6,F
"3-Fluoro-4-[1-hydroxy-2-(propan-2-ylamino)ethyl]benzene-1,2-diol",CC(C)NCC(C1=C(C(=C(C=C1)O)O)F)O,10635,61338-98-5,KEYFTYUBFSDBRW-UHFFFAOYSA-N,229.25,F
"4,4'-Difluorobenzophenone",C1=CC(=CC=C1C(=O)C2=CC=C(C=C2)F)F,7628,345-92-6,LSQARZALBDFYQZ-UHFFFAOYSA-N,218.2,F
"4,4,4-Trifluoro-2,2,3,3-tetrakis(trifluoromethyl)butanoic acid",C(=O)(C(C(C(F)(F)F)(C(F)(F)F)C(F)(F)F)(C(F)(F)F)C(F)(F)F)O,4405,1882109-62-7,YAMSANNBBMRZIT-UHFFFAOYSA-N,414.07,F
"4,4,5,5,6,6,7,7,8,8,9,9,9-Tridecafluorononyl 2-methylprop-2-enoate",CC(=C)C(=O)OCCCC(C(C(C(C(C(F)(F)F)(F)F)(F)F)(F)F)(F)F)(F)F,1890,1228350-17-1,AIIUJTLQIOPZBE-UHFFFAOYSA-N,446.2,F
"4,5-Epoxy-1,1,2,3,3,4,5,5-octafluoropent-1-ene",C(=C(F)F)(C(C1(C(O1)(F)F)F)(F)F)F,3456,15453-08-4,ZHOFEJCLMUIOIW-UHFFFAOYSA-N,228.04,F
4-(Trifluoroacetyl)benzoic acid,C1=CC(=CC=C1C(=O)C(F)(F)F)C(=O)O,10287,58808-59-6,WLTZCRCZDLLXQP-UHFFFAOYSA-N,218.13,F
"4-Fluorobenzene-1,3-diamine",C1=CC(=C(C=C1N)N)F,10987,6264-67-1,QNDFYLBDUWCFJO-UHFFFAOYSA-N,126.13,F
4-Fluorotoluene,CC1=CC=C(C=C1)F,7700,352-32-9,WRWPPGUCZBJXKX-UHFFFAOYSA-N,110.13,F
4-Trifluoromethylphenyl-2-biphenylyl-3-hydroxypropionic acid,C1=CC=C(C=C1)C2=CC=CC=C2C(C(C3=CC=C(C=C3)C(F)(F)F)O)C(=O)O,3009,141901-74-8,WZCPXDVHGSRSLT-UHFFFAOYSA-N,386.4,F
"5-Fluorobenzene-1,3-diamine",C1=C(C=C(C=C1N)F)N,7922,372-41-8,LIYOGZUQGPRENF-UHFFFAOYSA-N,126.13,F
"6-[2,6-Difluoro-4-[4-(4-propylcyclohexyl)cyclohexyl]phenoxy]hexyl prop-2-enoate",CCCC1CCC(CC1)C2CCC(CC2)C3=CC(=C(C(=C3)F)OCCCCCCOC(=O)C=C)F,5898,255386-72-2,YMUKRYIUVCBGFA-UHFFFAOYSA-N,490.7,F
"9,9-Bis(4-amino-3-fluorophenyl)fluorene",C1=CC=C2C(=C1)C3=CC=CC=C3C2(C4=CC(=C(C=C4)N)F)C5=CC(=C(C=C5)N)F,2136,127926-65-2,RXNKCIBVUNMMAD-UHFFFAOYSA-N,384.4,F
"[4-(4-Fluorophenyl)piperazin-1-yl][5-(4-methylphenyl)-7-(trifluoromethyl)-4,5,6,7-tetrahydropyrazolo[1,5-a]pyrimidin-3-yl]methanone",CC1=CC=C(C=C1)C2CC(N3C(=C(C=N3)C(=O)N4CCN(CC4)C5=CC=C(C=C5)F)N2)C(F)(F)F,10537,6069-97-2,VXAVQJDQPAVANR-UHFFFAOYSA-N,487.5,F
"Anthracene, decafluoro-",C12=C(C(=C3C(=C1F)C(=C(C(=C3F)F)F)F)F)C(=C(C(=C2F)F)F)F,3596,1580-19-4,SYVNSELUWFDWOQ-UHFFFAOYSA-N,358.13,F
Benzotrifluoride,C1=CC=C(C=C1)C(F)(F)F,15987,98-08-8,GETTZEONDQJALK-UHFFFAOYSA-N,146.11,F
"Bis(2,2,2-trifluoroethyl) itaconate",C=C(CC(=O)OCC(F)(F)F)C(=O)OCC(F)(F)F,528,104534-96-5,IRXUFAGEXMCXHZ-UHFFFAOYSA-N,294.15,F
Bis(hexafluoroisopropyl)itaconate,C=C(CC(=O)OC(C(F)(F)F)C(F)(F)F)C(=O)OC(C(F)(F)F)C(F)(F)F,16026,98452-82-5,OICRDFIVTSEVJJ-UHFFFAOYSA-N,430.14,F
Bisphenol AF,C1=CC(=CC=C1C(C2=CC=C(C=C2)O)(C(F)(F)F)C(F)(F)F)O,3251,1478-61-1,ZFVMWEVVKGLCIJ-UHFFFAOYSA-N,336.23,F
C.I. Direct Brown 58,C1=CC2=C(C=C1F)C(=O)C(=C(N2)[O-])[N+]#N,11323,6426-59-1,VNQQLHXLCIQNRP-UHFFFAOYSA-N,205.15,F
Carbon tetrafluoride,C(F)(F)(F)F,13489,75-73-0,TXEYQDLBPFQVAA-UHFFFAOYSA-N,88.004,F
"Decafluoro-1,2-epoxycyclohexane",C12(C(O1)(C(C(C(C2(F)F)(F)F)(F)F)(F)F)F)F,10368,5927-67-3,ZWSICHXNVFXDHH-UHFFFAOYSA-N,278.05,F
"Decanoic acid, 3,3,4,4,5,5,6,6,7,7,8,8,9,9,10,10,10-heptadecafluoro-",C(C(=O)O)C(C(C(C(C(C(C(C(F)(F)F)(F)F)(F)F)(F)F)(F)F)(F)F)(F)F)(F)F,6583,27854-31-5,XTBXSCIWOVSSGB-UHFFFAOYSA-N,478.1,F
Diethyl perfluoroadipate,CCOC(=O)C(C(C(C(C(=O)OCC)(F)F)(F)F)(F)F)(F)F,7999,376-50-1,UBMQHNSEGKYMTP-UHFFFAOYSA-N,346.17,F
Dodecafluorotriphenylene,C12=C(C3=C(C4=C1C(=C(C(=C4F)F)F)F)C(=C(C(=C3F)F)F)F)C(=C(C(=C2F)F)F)F,3999,17051-14-8,IMVCZNRQMXBQAI-UHFFFAOYSA-N,444.2,F
Eicosyl trifluoroacetate,CCCCCCCCCCCCCCCCCCCCOC(=O)C(F)(F)F,17165,,JELHWUPDJFSSDO-UHFFFAOYSA-N,394.6,F
"Ether, ethyl heptafluoroisobutenyl",CCOC(=C(C(F)(F)F)C(F)(F)F)F,7788,360-58-7,BSZWZZSFVRISOG-UHFFFAOYSA-N,226.09,F
Ethyl fluoroacetate,CCOC(=O)CF,8803,459-72-3,VCYZVXRKYPKDQB-UHFFFAOYSA-N,106.1,F
Ethyl perfluorooctanoate,CCOC(=O)C(C(C(C(C(C(C(F)(F)F)(F)F)(F)F)(F)F)(F)F)(F)F)(F)F,7174,3108-24-5,JTOFFHFAQBLPTM-UHFFFAOYSA-N,442.12,F
Etoxazole,CCOC1=C(C=CC(=C1)C(C)(C)C)C2COC(=N2)C3=C(C=CC=C3F)F,3430,153233-91-1,IXSZQYVWNJNRAL-UHFFFAOYSA-N,359.4,F
Fludioxonil,C1=CC(=C2C(=C1)OC(O2)(F)F)C3=CNC=C3C#N,2321,131341-86-1,MUJOIMFVNIBMKC-UHFFFAOYSA-N,248.18,F
Fluometuron,CN(C)C(=O)NC1=CC=CC(=C1)C(F)(F)F,4984,2164-17-2,RZILCCPWPBTYDO-UHFFFAOYSA-N,232.2,F
Fluorobenzene,C1=CC=C(C=C1)F,8816,462-06-6,PYLWMHQQBFSUBP-UHFFFAOYSA-N,96.1,F
"Fumaric acid, 2-ethylhexyl 2,2,3,3-tetrafluoropropyl ester",CCCCC(CC)COC(=O)/C=C/C(=O)OCC(C(F)F)(F)F,16585,,IKRJXJOZTVGTLH-BQYQJAHWSA-N,342.33,F
Heptafluorobutyric acid,C(=O)(C(C(C(F)(F)F)(F)F)(F)F)O,7987,375-22-4,YPJUNDFVDDCYIH-UHFFFAOYSA-N,214.04,F
"Heptafluorobutyric acid, n-tetradecyl ester",CCCCCCCCCCCCCCOC(=O)C(C(C(F)(F)F)(F)F)(F)F,13194,7365-36-8,QIUJCCVBRUUHMI-UHFFFAOYSA-N,410.4,F
Heptafluoropropyl trifluorovinyl ether,C(=C(F)F)(OC(C(C(F)(F)F)(F)F)(F)F)F,3747,1623-05-8,KHXKESCWFMPTFT-UHFFFAOYSA-N,266.04,F
Hexafluoroacetone,C(=O)(C(F)(F)F)C(F)(F)F,12125,684-16-2,VBZWSGALLODQNC-UHFFFAOYSA-N,166.02,F
Hexafluoroethane,C(C(F)(F)F)(F)(F)F,13583,76-16-4,WMIYKQLTONQJES-UHFFFAOYSA-N,138.01,F
Hexafluoroisopropyl acrylate,C=CC(=O)OC(C(F)(F)F)C(F)(F)F,4976,2160-89-6,MNSWITGNWZSAMC-UHFFFAOYSA-N,222.08,F
Hexafluoroisopropyl methacrylate,CC(=C)C(=O)OC(C(F)(F)F)C(F)(F)F,7078,3063-94-3,FMQPBWHSNCRVQJ-UHFFFAOYSA-N,236.11,F
Hexafluoropropene,C(=C(F)F)(C(F)(F)F)F,1393,116-15-4,HCDGVLDPFQMKDK-UHFFFAOYSA-N,150.02,F
Hexafluoropropylene oxide,C1(C(O1)(F)F)(C(F)(F)F)F,8520,428-59-1,PGFXOWRDDHCDTE-UHFFFAOYSA-N,166.02,F
Hexanoyl fluoride,CCCCCC(=O)F,7923,372-80-5,AURYBMCZYGIOJH-UHFFFAOYSA-N,118.15,F
Methacryloyl fluoride,CC(=C)C(=O)F,8046,381-67-9,QPWDDANCLNNEQF-UHFFFAOYSA-N,88.08,F
"Methyl 2,2,3,3-tetrafluoro-3-methoxypropionate",COC(=O)C(C(OC)(F)F)(F)F,13540,755-73-7,NDNOUXQCMAHOSA-UHFFFAOYSA-N,190.09,F
Methyl perfluorooctanoate,COC(=O)C(C(C(C(C(C(C(F)(F)F)(F)F)(F)F)(F)F)(F)F)(F)F)(F)F,7998,376-27-2,XOCNYZFAMHDXJK-UHFFFAOYSA-N,428.09,F
"N-(2,3-Dihydro-2-oxo-1H-benzimidazol-5-yl)-3-oxo-2-[[2-(trifluoromethyl)phenyl]azo]butyramide",CC(=O)C(C(=O)NC1=CC2=C(C=C1)NC(=O)N2)N=NC3=CC=CC=C3C(F)(F)F,11980,68134-22-5,VBNVBMNKUIJLPP-UHFFFAOYSA-N,405.3,F
"N-(3-Aminopropyl)-2,2,3,3,4,4,5,5,6,6,7,7,8,8,8-pentadecafluorooctanamide",C(CN)CNC(=O)C(C(C(C(C(C(C(F)(F)F)(F)F)(F)F)(F)F)(F)F)(F)F)(F)F,14718,85938-56-3,YIQVOMZDSOSAQY-UHFFFAOYSA-N,470.18,F
N-hydroxy-N'-[2-(trifluoromethyl)phenyl]pyridine-3-carboximidamide,C1=CC=C(C(=C1)C(F)(F)F)N=C(C2=CN=CC=C2)NO,6764,288246-53-7,QBQQPVCKEDSAHQ-UHFFFAOYSA-N,281.23,F
"Octadecyl 2,2,2-trifluoroacetate",CCCCCCCCCCCCCCCCCCOC(=O)C(F)(F)F,14069,79392-43-1,YZVKTRPQHJKFOD-UHFFFAOYSA-N,366.5,F
Octafluoroadiponitrile,C(#N)C(C(C(C(C#N)(F)F)(F)F)(F)F)(F)F,8000,376-53-4,PZIVXXORSILYOQ-UHFFFAOYSA-N,252.06,F
Octafluorocyclobutane,C1(C(C(C1(F)F)(F)F)(F)F)(F)F,1359,115-25-3,BCCOBQSFUDVTJQ-UHFFFAOYSA-N,200.03,F
"Oleyl alcohol, trifluoroacetate",CCCCCCCC/C=C\CCCCCCCCOC(=O)C(F)(F)F,17425,,FLDNEOWDJOPXSX-KTKRTIGZSA-N,364.5,F
"Oxirane, 2,2-difluoro-3,3-bis(trifluoromethyl)-",C1(C(O1)(F)F)(C(F)(F)F)C(F)(F)F,12802,707-13-1,PLDYTCVFPKKAJR-UHFFFAOYSA-N,216.03,F
Parylene F dimer,C1CC2=C(C(=C(CCC3=C(C(=C1C(=C3F)F)F)F)C(=C2F)F)F)F,4194,1785-64-4,GUHKMHMGKKRFDT-UHFFFAOYSA-N,352.22,F
"Pentafluoro(1,2,2-trifluoro-2-((trifluorovinyl)oxy)-1-(trifluoromethyl)ethoxy)benzene",C1(=C(C(=C(C(=C1F)F)F)F)F)OC(C(OC(=C(F)F)F)(F)F)(C(F)(F)F)F,5460,24520-19-2,QYMQYPBAGDZNMY-UHFFFAOYSA-N,430.09,F
Pentafluoroethane,C(C(F)(F)F)(F)F,7725,354-33-6,GTLACDSXYULKMZ-UHFFFAOYSA-N,120.02,F
Pentafluoroethyl trifluorovinyl ether,C(=C(F)F)(OC(C(F)(F)F)(F)F)F,551,10493-43-3,GWTYBAOENKSFAY-UHFFFAOYSA-N,216.03,F
Pentafluorophenyl acrylate,C=CC(=O)OC1=C(C(=C(C(=C1F)F)F)F)F,12895,71195-85-2,RFOWDPMCXHVGET-UHFFFAOYSA-N,238.11,F
Pentafluorophenyl methacrylate,CC(=C)C(=O)OC1=C(C(=C(C(=C1F)F)F)F)F,2735,13642-97-2,NIJWSVFNELSKMF-UHFFFAOYSA-N,252.14,F
Perfluoro(4-methylpent-2-ene),C(=C(/C(F)(F)F)\F)(\C(C(F)(F)F)(C(F)(F)F)F)/F,7913,3709-71-5,SAPOZTRFWJZUFT-OWOJBTEDSA-N,300.04,F
"Perfluoro-1,2-epoxycyclobutane",C12(C(O1)(C(C2(F)F)(F)F)F)F,2500,13324-28-2,OIAVJQSVVHMJHE-UHFFFAOYSA-N,178.03,F
Perfluoro-1-oxaspiro[2.3]hexane,C12(C(C(C1(F)F)(F)F)(F)F)C(O2)(F)F,9515,53389-66-5,JVCXYVODGWWIOV-UHFFFAOYSA-N,228.04,F
"Perfluoro-2,2'-(1,2-ethanediyl)bis-oxirane",C1(C(O1)(F)F)(C(C(C2(C(O2)(F)F)F)(F)F)(F)F)F,2941,140173-03-1,UTEGYLJVQXSTIH-UHFFFAOYSA-N,294.05,F
"Perfluoro-2,2'-butane-1,4-diylbis(oxirane)",C1(C(O1)(F)F)(C(C(C(C(C2(C(O2)(F)F)F)(F)F)(F)F)(F)F)(F)F)F,2774,13714-88-0,KUYLGGIQLBBOOJ-UHFFFAOYSA-N,394.06,F
Perfluoro-2-(3-methoxypropyl)oxirane,C1(C(O1)(F)F)(C(C(C(OC(F)(F)F)(F)F)(F)F)(F)F)F,12979,71877-16-2,HQRZVUSNOWHPGL-UHFFFAOYSA-N,332.04,F
Perfluoro-2-(hex-5-en-1-yl)oxirane,C(=C(F)F)(C(C(C(C(C1(C(O1)(F)F)F)(F)F)(F)F)(F)F)(F)F)F,13035,72264-78-9,MLTKFTOZVPXXNE-UHFFFAOYSA-N,378.06,F
Perfluoro-2-(phenoxymethyl)oxirane,C1(=C(C(=C(C(=C1F)F)F)F)F)OC(C2(C(O2)(F)F)F)(F)F,14492,84329-68-0,MNUGJPVDFUAQFZ-UHFFFAOYSA-N,330.08,F
"Perfluoro-2-methyl-2,3-di(propan-2-yl)oxirane",C1(C(O1)(C(C(F)(F)F)(C(F)(F)F)F)F)(C(C(F)(F)F)(C(F)(F)F)F)C(F)(F)F,5271,2355-27-3,VAVDAKXAYJCHRZ-UHFFFAOYSA-N,466.07,F
Perfluoro-2-{[(propan-2-yl)oxy]methyl}oxirane,C1(C(O1)(F)F)(C(OC(C(F)(F)F)(C(F)(F)F)F)(F)F)F,14498,84424-45-3,NJWINAKTEYVLBA-UHFFFAOYSA-N,332.04,F
Perfluoro-3-(oxiran-2-yl)propanoyl fluoride,C(=O)(C(C(C1(C(O1)(F)F)F)(F)F)(F)F)F,2942,140173-04-2,LQZMTWGRXNIZMD-UHFFFAOYSA-N,244.04,F
Perfluoro-p-terphenyl,C1(=C(C(=C(C(=C1F)F)C2=C(C(=C(C(=C2F)F)F)F)F)F)F)C3=C(C(=C(C(=C3F)F)F)F)F,6970,3008-31-9,OZQSEPKJIUMPRU-UHFFFAOYSA-N,482.2,F
Perfluoroglutaronitrile,C(#N)C(C(C(C#N)(F)F)(F)F)(F)F,8002,376-89-6,YDLOFKOZJGMQBZ-UHFFFAOYSA-N,202.06,F
Perfluoroheptanoic acid,C(=O)(C(C(C(C(C(C(F)(F)F)(F)F)(F)F)(F)F)(F)F)(F)F)O,7989,375-85-9,ZWBAMYVPMDSJGQ-UHFFFAOYSA-N,364.06,F
Perfluorohexanoic acid,C(=O)(C(C(C(C(C(F)(F)F)(F)F)(F)F)(F)F)(F)F)O,7101,307-24-4,PXUULQAPEKKVAH-UHFFFAOYSA-N,314.05,F
Perfluoroisobutylene,C(=C(F)F)(C(F)(F)F)C(F)(F)F,8054,382-21-8,DAFIBNSJXIGBQB-UHFFFAOYSA-N,200.03,F
Perfluorononanoic acid,C(=O)(C(C(C(C(C(C(C(C(F)(F)F)(F)F)(F)F)(F)F)(F)F)(F)F)(F)F)(F)F)O,7991,375-95-1,UZUFPBIDKMEQEQ-UHFFFAOYSA-N,464.08,F
Perfluorooctanamide,C(=O)(C(C(C(C(C(C(C(F)(F)F)(F)F)(F)F)(F)F)(F)F)(F)F)(F)F)N,8471,423-54-1,UGMUDSKJLAUMTC-UHFFFAOYSA-N,413.08,F
Perfluorooctanoic acid,C(=O)(C(C(C(C(C(C(C(F)(F)F)(F)F)(F)F)(F)F)(F)F)(F)F)(F)F)O,7511,335-67-1,SNGREZUHAYWORS-UHFFFAOYSA-N,414.07,F
Perfluorooctanoyl fluoride,C(=O)(C(C(C(C(C(C(C(F)(F)F)(F)F)(F)F)(F)F)(F)F)(F)F)(F)F)F,7510,335-66-0,ZILWJLIFAGWGLE-UHFFFAOYSA-N,416.06,F
Perfluorotetramethylethylene oxide,C1(C(O1)(C(F)(F)F)C(F)(F)F)(C(F)(F)F)C(F)(F)F,4005,1708-78-7,NFUWEAMDFKXVFH-UHFFFAOYSA-N,316.04,F
Perfluorovaleric acid,C(=O)(C(C(C(C(F)(F)F)(F)F)(F)F)(F)F)O,6417,2706-90-3,CXZGQIAOTKWCDB-UHFFFAOYSA-N,264.05,F
Perflutren,C(C(F)(F)F)(C(F)(F)F)(F)F,13584,76-19-7,QYSGYZVSCZSLHT-UHFFFAOYSA-N,188.02,F
"Phen-1,4-diol, 2,3-dimethyl-5-trifluoromethyl-",CC1=C(C=C(C(=C1C)O)C(F)(F)F)O,17433,,TYCIZVUOGKUPFF-UHFFFAOYSA-N,206.16,F
Tetradecyl trifluoroacetate,CCCCCCCCCCCCCCOC(=O)C(F)(F)F,10906,6222-02-2,UVIFJLAXCAKUFR-UHFFFAOYSA-N,310.39,F
"Tetrafluoro-1,4-benzoquinone",C1(=C(C(=O)C(=C(C1=O)F)F)F)F,9427,527-21-9,JKLYZOGJWVAIQS-UHFFFAOYSA-N,180.06,F
Tetrafluoroethylene,C(=C(F)F)(F)F,1392,116-14-3,BFKJFAAPBSQJPD-UHFFFAOYSA-N,100.01,F
Tetrafluoroethylene,C(=C(F)F)(F)F,15005,9002-84-0,BFKJFAAPBSQJPD-UHFFFAOYSA-N,100.01,F
Triamcinolone Acetonide,C[C@]12C[C@@H]([C@]3([C@H]([C@@H]1C[C@@H]4[C@]2(OC(O4)(C)C)C(=O)CO)CCC5=CC(=O)C=C[C@@]53C)F)O,13586,76-25-5,YNDXUCZADRHECN-JNQJZLCISA-N,434.5,F
Tridecafluorohexylethyl methacrylate,CC(=C)C(=O)OCCC(C(C(C(C(C(F)(F)F)(F)F)(F)F)(F)F)(F)F)(F)F,4940,2144-53-8,CDXFIRXEAJABAZ-UHFFFAOYSA-N,432.18,F
Tridecyl trifluoroacetate,CCCCCCCCCCCCCOC(=O)C(F)(F)F,9563,53800-02-5,DKWJQENYIDPCEX-UHFFFAOYSA-N,296.37,F
"Trifluoro(1,1,2,2,3,4,4-heptafluorobut-3-enyl)oxirane",C(=C(F)F)(C(C(C1(C(O1)(F)F)F)(F)F)(F)F)F,3457,15453-10-8,NYAGRQZHLFYEOA-UHFFFAOYSA-N,278.05,F
Trifluoroacetic Acid,C(=O)(C(F)(F)F)O,13581,76-05-1,DTQVDTLACAAQTR-UHFFFAOYSA-N,114.02,F
Trifluoroethylene,C(=C(F)F)F,7777,359-11-5,MIZLGWKEZAPEFJ-UHFFFAOYSA-N,82.02,F
Trifluoromethane,C(F)(F)F,13475,75-46-7,XPDWGBQVDMORPB-UHFFFAOYSA-N,70.014,F
Trifluoromethyl trifluorovinyl ether,C(=C(F)F)(OC(F)(F)F)F,1490,1187-93-5,BLTXWCKMNMYXEA-UHFFFAOYSA-N,166.02,F
Trifluralin,CCCN(CCC)C1=C(C=C(C=C1[N+](=O)[O-])C(F)(F)F)[N+](=O)[O-],3601,1582-09-8,ZSDSQXJSNMTJDA-UHFFFAOYSA-N,335.28,F
Vinyl fluoride,C=CF,13452,75-02-5,XUCNUKMRBVNAPB-UHFFFAOYSA-N,46.04,F
Vinylidene fluoride,C=C(F)F,13472,75-38-7,BQCIDUSAKPWEOX-UHFFFAOYSA-N,64.03,F
"2-Bromo-1,1-difluoroethane",C(C(F)F)Br,7776,359-07-9,JVYROUWXXSWCMI-UHFFFAOYSA-N,144.95,"F,Br"
Bromotrifluoroethylene,C(=C(F)Br)(F)F,10434,598-73-2,AYCANDRGVPTASA-UHFFFAOYSA-N,160.92,"F,Br"
Dibromodifluoromethane,C(F)(F)(Br)Br,13484,75-61-6,AZSZCFSOHXEJQE-UHFFFAOYSA-N,209.82,"F,Br"
1-Bromo-2-iodotetrafluoroethane,C(C(F)(F)I)(F)(F)Br,8448,421-70-5,ZYNPYKGTNSXKPI-UHFFFAOYSA-N,306.82,"F,Br,I"
"1,1,2-Trichlorotrifluoroethane",C(C(F)(Cl)Cl)(F)(F)Cl,13582,76-13-1,AJDIZQLSFPQPEY-UHFFFAOYSA-N,187.37,"F,Cl"
"1,1-Dichloro-1-fluoroethane",CC(F)(Cl)Cl,4024,1717-00-6,FRCHKSNAZZFGCA-UHFFFAOYSA-N,116.95,"F,Cl"
"1,2-Dichloro-1-fluoroethane",C(C(F)Cl)Cl,8538,430-57-9,NDKGUMMLYBINOC-UHFFFAOYSA-N,116.95,"F,Cl"
"1,3-Dichloro-1,1,2,2,3-pentafluoropropane",C(C(C(F)(F)Cl)(F)F)(F)Cl,9113,507-55-1,UJIGKESMIPTWJH-UHFFFAOYSA-N,202.93,"F,Cl"
"1,3-Dichloro-2-fluorobenzene",C1=CC(=C(C(=C1)Cl)F)Cl,5169,2268-05-5,JORVCRLRRRRLFI-UHFFFAOYSA-N,164.99,"F,Cl"
"1-Chloro-1,1,2,2-tetrafluoroethane",C(C(F)(F)Cl)(F)F,7724,354-25-6,JQZFYIGAYWLRCC-UHFFFAOYSA-N,136.47,"F,Cl"
"1-Chloro-1,1-difluoroethane",CC(F)(F)Cl,13486,75-68-3,BHNZEZWIUMJCGF-UHFFFAOYSA-N,100.49,"F,Cl"
1-Chloro-2-fluoroethylene,C(=C/Cl)\F,8805,460-16-2,MTKHTBWXSHYCGS-OWOJBTEDSA-N,80.49,"F,Cl"
"1-Propene, 1-chloro-3,3,3-trifluoro-, (1E)-",C(=C/Cl)\C(F)(F)F,342,102687-65-0,LDTMPQQAWUMPKS-OWOJBTEDSA-N,130.49,"F,Cl"
"1-Propene, 3-chloro-1,1,2,3,3-pentafluoro-",C(=C(F)F)(C(F)(F)Cl)F,14045,79-47-0,IJTAKAGEJXIJPQ-UHFFFAOYSA-N,166.48,"F,Cl"
"2,2-Dichloro-1,1,1-trifluoroethane",C(C(F)(F)F)(Cl)Cl,7073,306-83-2,OHMHBGPWCHTMQE-UHFFFAOYSA-N,152.93,"F,Cl"
"2-[[2-Chloro-5-(trifluoromethyl)phenyl]azo]-N-(2,3-dihydro-2-oxo-1H-benzimidazol-5-yl)-3-oxobutyramide",CC(=O)C(C(=O)NC1=CC2=C(C=C1)NC(=O)N2)N=NC3=C(C=CC(=C3)C(F)(F)F)Cl,12124,68399-99-5,DZEAVLGCIUOLBY-UHFFFAOYSA-N,439.8,"F,Cl"
"2-Chloro-1,1,1,2-tetrafluoroethane",C(C(F)(F)F)(F)Cl,6673,2837-89-0,BOUGCJDAQLKBQH-UHFFFAOYSA-N,136.47,"F,Cl"
2-Chloro-6-fluorophenol,C1=CC(=C(C(=C1)Cl)O)F,4741,2040-90-6,QIAQIYQASAWZPP-UHFFFAOYSA-N,146.54,"F,Cl"
"3,3-Dichloro-1,1,1,2,2-pentafluoropropane",C(C(C(F)(F)F)(F)F)(Cl)Cl,8454,422-56-0,COAUHYBSXMIJDK-UHFFFAOYSA-N,202.93,"F,Cl"
"3,5-Dichloro-4-(1,1,2,2-tetrafluoroethoxy)aniline",C1=C(C=C(C(=C1Cl)OC(C(F)F)(F)F)Cl)N,512,104147-32-2,JIPDPVQPKLVDIU-UHFFFAOYSA-N,278.03,"F,Cl"
"3-Chloro-1,1,1-trifluoro-3-methylbutane",CC(C)(CC(F)(F)F)Cl,7701,352-46-5,NLNXDLJMRFTNPX-UHFFFAOYSA-N,160.56,"F,Cl"
"3-Chloro-1,1,1-trifluoropropane",C(CCl)C(F)(F)F,8806,460-35-5,ZPIFKCVYZBVZIV-UHFFFAOYSA-N,132.51,"F,Cl"
3-Chloro-4-fluoroaniline,C1=CC(=C(C=C1N)Cl)F,7876,367-21-5,YSEMCVGMNUUNRK-UHFFFAOYSA-N,145.56,"F,Cl"
4-Chloro-2-(trifluoromethyl)aniline,C1=CC(=C(C=C1Cl)C(F)(F)F)N,8604,445-03-4,CVINWVPRKDIGLL-UHFFFAOYSA-N,195.57,"F,Cl"
4-Chlorobenzotrifluoride,C1=CC(=CC=C1C(F)(F)F)Cl,16001,98-56-6,QULYNCCPRWKEMF-UHFFFAOYSA-N,180.55,"F,Cl"
Bifenthrin,CC1=C(C=CC=C1C2=CC=CC=C2)COC(=O)[C@@H]3[C@@H](C3(C)C)/C=C(/C(F)(F)F)\Cl,14358,82657-04-3,OMFRMAHOUUJSGP-IRHGGOMRSA-N,422.9,"F,Cl"
Chlorodifluoromethane,C(F)(F)Cl,13474,75-45-6,VOPWNXZWBYDODV-UHFFFAOYSA-N,86.47,"F,Cl"
Chlorotrifluoroethylene,C(=C(F)Cl)(F)F,14040,79-38-9,UUAGAQFQZIEFAH-UHFFFAOYSA-N,116.47,"F,Cl"
Cyfluthrin,CC1(C(C1C(=O)OC(C#N)C2=CC(=C(C=C2)F)OC3=CC=CC=C3)C=C(Cl)Cl)C,12110,68359-37-5,QQODLKZGRKWIFG-UHFFFAOYSA-N,434.3,"F,Cl"
Dichlorodifluoromethane,C(F)(F)(Cl)Cl,13488,75-71-8,PXBRQCKWGAHEHS-UHFFFAOYSA-N,120.91,"F,Cl"
Flufenoxuron,C1=CC(=C(C(=C1)F)C(=O)NC(=O)NC2=C(C=C(C=C2)OC3=C(C=C(C=C3)C(F)(F)F)Cl)F)F,248,101463-69-8,RYLHNOVXKPXDIP-UHFFFAOYSA-N,488.8,"F,Cl"
N-[4-chloro-3-(trifluoromethyl)phenyl]pyridine-4-carboxamide,C1=CC(=C(C=C1NC(=O)C2=CC=NC=C2)C(F)(F)F)Cl,11343,6428-98-4,OCWMCLZVPLFFEU-UHFFFAOYSA-N,300.66,"F,Cl"
Perfluorooctanoyl chloride,C(=O)(C(C(C(C(C(C(C(F)(F)F)(F)F)(F)F)(F)F)(F)F)(F)F)(F)F)Cl,7509,335-64-8,AQQBRCXWZZAFOK-UHFFFAOYSA-N,432.51,"F,Cl"
Trichlorofluoromethane,C(F)(Cl)(Cl)Cl,13487,75-69-4,CYRMSUTZVYGINF-UHFFFAOYSA-N,137.36,"F,Cl"
Chlorfenapyr,CCOCN1C(=C(C(=C1C(F)(F)F)Br)C#N)C2=CC=C(C=C2)Cl,1855,122453-73-0,CWFOCCVIPCEQCK-UHFFFAOYSA-N,407.61,"F,Cl,Br"
"1,1,1,2,2,3,3-Heptafluoro-5-iodopentane",C(CI)C(C(C(F)(F)F)(F)F)(F)F,12047,68188-12-5,TZNRRNKRZXHADL-UHFFFAOYSA-N,323.98,"F,I"
"1,3-Diiodoperfluoropropane",C(C(F)(F)I)(C(F)(F)I)(F)F,8455,422-91-3,WIEYKFZUVTYEIY-UHFFFAOYSA-N,403.83,"F,I"
"2-Fluoro-3,4-diiodo-6-(pyrrolidin-1-yl)pyridine",C1CCN(C1)C2=NC(=C(C(=C2)I)I)F,1892,1228665-88-0,YEFDZAFDZLXQMO-UHFFFAOYSA-N,417.99,"F,I"
"3-Iodo-1,1,2,2-tetrafluoropropyl trifluorovinyl ether",C(C(C(OC(=C(F)F)F)(F)F)(F)F)I,693,106108-22-9,XXRDNYJWRWNIMR-UHFFFAOYSA-N,337.96,"F,I"
Pentafluoroiodoethane,C(C(F)(F)I)(F)(F)F,7726,354-64-3,UXPOJVLZTPGWFX-UHFFFAOYSA-N,245.92,"F,I"
Perfluorobutyl iodide,C(C(C(F)(F)I)(F)F)(C(F)(F)F)(F)F,8469,423-39-2,PGRFXXCKHGIFSV-UHFFFAOYSA-N,345.93,"F,I"
Perfluorohexyl iodide,C(C(C(C(F)(F)I)(F)F)(F)F)(C(C(F)(F)F)(F)F)(F)F,7734,355-43-1,BULLJMKUVKYZDJ-UHFFFAOYSA-N,445.95,"F,I"
"12H-Dibenzo[d,g][1,3,2]dioxaphosphocin, 2,4,8,10-tetrakis(1,1-dimethylethyl)-6-fluoro-12-methyl-",CC1C2=C(C(=CC(=C2)C(C)(C)C)C(C)(C)C)OP(OC3=C1C=C(C=C3C(C)(C)C)C(C)(C)C)F,1473,118337-09-0,MYMKXVFDVQUQLG-UHFFFAOYSA-N,486.6,"F,P"
"1-Octanesulfonic acid, 3,3,4,4,5,5,6,6,7,7,8,8,8-tridecafluoro-",C(CS(=O)(=O)O)C(C(C(C(C(C(F)(F)F)(F)F)(F)F)(F)F)(F)F)(F)F,6544,27619-97-2,VIONGDJUYAYOPU-UHFFFAOYSA-N,428.17,"F,S"
"1-Pentanesulfonic acid, 1,1,2,2,3,3,4,4,5,5,5-undecafluoro-",C(C(C(F)(F)F)(F)F)(C(C(F)(F)S(=O)(=O)O)(F)F)(F)F,6418,2706-91-4,ACEKLXZRZOWKRY-UHFFFAOYSA-N,350.11,"F,S"
"Acetyl fluoride, difluoro(fluorosulfonyl)-",C(=O)(C(F)(F)S(=O)(=O)F)F,11779,677-67-8,YIHXQSQQJBEAKK-UHFFFAOYSA-N,180.08,"F,S"
"Ethanesulfonyl fluoride, 1,1,2,2-tetrafluoro-2-((1,2,2-trifluoroethenyl)oxy)-",C(=C(F)F)(OC(C(F)(F)S(=O)(=O)F)(F)F)F,6875,29514-94-1,VQUGQIYAVYQSAB-UHFFFAOYSA-N,280.1,"F,S"
Methyl nonafluorobutanesulfonate,COS(=O)(=O)C(C(C(C(F)(F)F)(F)F)(F)F)(F)F,11250,6401-03-2,DJQMSULGPPSGHC-UHFFFAOYSA-N,314.13,"F,S"
Methyl trifluoromethanesulfonate,COS(=O)(=O)C(F)(F)F,7478,333-27-7,OIRDBPQYVWXNSJ-UHFFFAOYSA-N,164.11,"F,S"
N-(3-(Dimethylamino)propyl)tridecafluorohexanesulphonamide,CN(C)CCCNS(=O)(=O)C(C(C(C(C(C(F)(F)F)(F)F)(F)F)(F)F)(F)F)(F)F,9088,50598-28-2,INDOGKYZYLAGEM-UHFFFAOYSA-N,484.28,"F,S"
Pentafluoroethanesulfonic acid,C(C(F)(F)S(=O)(=O)O)(F)(F)F,7727,354-88-1,GKNWQHIXXANPTN-UHFFFAOYSA-N,200.09,"F,S"
"Perfluoro(4-methyl-3,6-dioxaoct-7-ene)sulfonyl fluoride",C(=C(F)F)(OC(C(C(F)(F)F)(OC(C(F)(F)S(=O)(=O)F)(F)F)F)(F)F)F,3693,16090-14-5,KTCQQCLZUOZFEI-UHFFFAOYSA-N,446.12,"F,S"
Perfluorobutanesulfonic acid,C(C(C(F)(F)S(=O)(=O)O)(F)F)(C(F)(F)F)(F)F,7988,375-73-5,JGTNAGYHADQMCM-UHFFFAOYSA-N,300.1,"F,S"
Perfluorobutylsulphonamide,C(C(C(F)(F)S(=O)(=O)N)(F)F)(C(F)(F)F)(F)F,7015,30334-69-1,FUVKFLJWBHVMHX-UHFFFAOYSA-N,299.12,"F,S"
Perfluoroheptanesulfonic acid,C(C(C(C(F)(F)F)(F)F)(F)F)(C(C(C(F)(F)S(=O)(=O)O)(F)F)(F)F)(F)F,7990,375-92-8,OYGQVDSRYXATEL-UHFFFAOYSA-N,450.12,"F,S"
Perfluorohexanesulfonamide,C(C(C(C(F)(F)S(=O)(=O)N)(F)F)(F)F)(C(C(F)(F)F)(F)F)(F)F,8435,41997-13-1,WDZLGCSJJWEQJO-UHFFFAOYSA-N,399.13,"F,S"
Perfluorohexanesulfonic acid,C(C(C(C(F)(F)S(=O)(=O)O)(F)F)(F)F)(C(C(F)(F)F)(F)F)(F)F,7735,355-46-4,QZHDEAJFRJCDMF-UHFFFAOYSA-N,400.12,"F,S"
Perfluorooctanesulfonamide,C(C(C(C(C(F)(F)S(=O)(=O)N)(F)F)(F)F)(F)F)(C(C(C(F)(F)F)(F)F)(F)F)(F)F,13533,754-91-6,RRRXPPIDPYTNJG-UHFFFAOYSA-N,499.15,"F,S"
Perfluoropropanesulfonic acid,C(C(F)(F)F)(C(F)(F)S(=O)(=O)O)(F)F,8470,423-41-6,XBWQFDNGNOOMDZ-UHFFFAOYSA-N,250.09,"F,S"
Trifluoromethanesulfonic acid,C(F)(F)(F)S(=O)(=O)O,3312,1493-13-6,ITMCEJHCFYSIIV-UHFFFAOYSA-N,150.08,"F,S"
Dichlofluanid,CN(C)S(=O)(=O)N(C1=CC=CC=C1)SC(F)(Cl)Cl,912,1085-98-9,WURGXGVFSMYFCG-UHFFFAOYSA-N,333.2,"F,S,Cl"
Fipronil,C1=C(C=C(C(=C1Cl)N2C(=C(C(=N2)C#N)S(=O)C(F)(F)F)N)Cl)C(F)(F)F,1621,120068-37-3,ZOCSXAVNDGMNBV-UHFFFAOYSA-N,437.1,"F,S,Cl"
Tolylfluanid,CC1=CC=C(C=C1)N(SC(F)(Cl)Cl)S(=O)(=O)N(C)C,13135,731-27-1,HYVWIQDYBVKITD-UHFFFAOYSA-N,347.3,"F,S,Cl"
(2-Iodoethyl)benzene,C1=CC=C(C=C1)CCI,4090,17376-04-4,KVTHPKXDLVYNCH-UHFFFAOYSA-N,232.06,I
1-Iodo-2-methylundecane,CCCCCCCCCC(C)CI,13136,73105-67-6,RTWBFGUVCAVDFO-UHFFFAOYSA-N,296.23,I
1-Iodopropane,CCCI,755,107-08-4,PVWOIHVRPOBWPI-UHFFFAOYSA-N,169.99,I
1-Iodotetradecane,CCCCCCCCCCCCCCI,4520,19218-94-1,FHQCFGPKNSSISL-UHFFFAOYSA-N,324.28,I
2-iodoterephthalic Acid,C1=CC(=C(C=C1C(=O)O)I)C(=O)O,4302,1829-22-7,LUZKKRPROWYBLR-UHFFFAOYSA-N,292.03,I
3-Iodo-2-propynyl butylcarbamate,CCCCNC(=O)OCC#CI,9818,55406-53-6,WYVVKGNFXHOCQV-UHFFFAOYSA-N,281.09,I
4-Iodophenol,C1=CC(=CC=C1O)I,9596,540-38-5,VSMDINRNYYEDRN-UHFFFAOYSA-N,220.01,I
"Benzene, (5-iodopentyl)-",C1=CC=C(C=C1)CCCCCI,16102,99858-37-4,QVQYOJLZAUEILK-UHFFFAOYSA-N,274.14,I
Iodoacetamide,C(C(=O)N)I,3116,144-48-9,PGLTVOMIXTUURA-UHFFFAOYSA-N,184.96,I
Iodobenzene,C1=CC=C(C=C1)I,10333,591-50-4,SNHMUERNLJLMHN-UHFFFAOYSA-N,204.01,I
Iodoethane,CCI,13453,75-03-6,HVTICUPFWKNHNG-UHFFFAOYSA-N,155.97,I
Iodoform,C(I)(I)I,13476,75-47-8,OKJPEAGHQZHRQV-UHFFFAOYSA-N,393.732,I
(4-Hydroxyphenyl)phosphonic acid,C1=CC(=CC=C1O)P(=O)(O)O,7555,33795-18-5,YIDVLWDHYNWHMH-UHFFFAOYSA-N,174.09,P
"(6H-Dibenz[c,e][1,2]oxaphosphorin-6-ylmethyl)-p-oxide-butanedioic acid",C1=CC=C2C(=C1)C3=CC=CC=C3P(=O)(O2)CC(CC(=O)O)C(=O)O,11155,63562-33-4,XZAXQWXHBDKYJI-UHFFFAOYSA-N,346.27,P
(Aminomethyl)phosphonic acid,C(N)P(=O)(O)O,725,1066-51-9,MGRVRXRGTBOSHW-UHFFFAOYSA-N,111.04,P
(Nitrilotris(methylene))triphosphonic acid,C(N(CP(=O)(O)O)CP(=O)(O)O)P(=O)(O)O,11300,6419-19-8,YDONNITUKPKTIG-UHFFFAOYSA-N,299.05,P
"1,3,2-Dioxaphosphorinane, 5-butyl-5-ethyl-2-[2,4,6-tris(1,1-dimethylethyl)phenoxy]-",CCCCC1(COP(OC1)OC2=C(C=C(C=C2C(C)(C)C)C(C)(C)C)C(C)(C)C)CC,3727,161717-32-4,HVDJXXVDNDLBQY-UHFFFAOYSA-N,450.6,P
"1,4-Diisobutyl-2,3,5,6-tetrahydroxy-1,4-dioxo-1,4-diphosphorinane",CC(C)CP1(=O)C(C(P(=O)(C(C1O)O)CC(C)C)O)O,2018,124788-09-6,YLYUAJJICVNRHL-UHFFFAOYSA-N,328.28,P
"1-Propanol, 3,3'-[(2-methylpropyl)phosphinylidene]bis-",CC(C)CP(=O)(CCCO)CCCO,3248,147768-39-6,RBOSLVRUYBQPOX-UHFFFAOYSA-N,222.26,P
"10-Hydroxy-9,10-dihydro-9-oxa-10-phosphaphenanthrene-10-oxide",C1=CC=C2C(=C1)C3=CC=CC=C3P(=O)(O2)O,7806,36240-31-0,YTLIXUAGIGBJAF-UHFFFAOYSA-N,232.17,P
"12H-Dibenzo[d,g][1,3,2]dioxaphosphocin, 4,8-dicyclohexyl-6-hydroxy-2,10-dimethyl-",CC1=CC2=C(C(=C1)C3CCCCC3)OP(OC4=C(C2)C=C(C=C4C5CCCCC5)C)O,13216,73912-21-7,PFUFEQATNPTGNA-UHFFFAOYSA-N,438.5,P
"2,4,8,10-Tetraoxa-3,9-diphosphaspiro[5.5]undecane, 3,9-dimethyl-, 3,9-dioxide",CP1(=O)OCC2(CO1)COP(=O)(OC2)C,6958,3001-98-7,ACRCGKKNPOZIPG-UHFFFAOYSA-N,256.13,P
"2-(6-Oxido-6H-dibenz[c,e][1,2]oxaphosphorin-6-yl)butanedioic acid",C1=CC=C2C(=C1)C3=CC=CC=C3P(=O)(O2)C(CC(=O)O)C(=O)O,11156,63562-39-0,XUKQTRYCLLDCIG-UHFFFAOYSA-N,332.24,P
2-(Phosphonooxy)ethyl acrylate,C=CC(=O)OCCOP(=O)(O)O,7325,32120-16-4,UDXXYUDJOHIIDZ-UHFFFAOYSA-N,196.09,P
2-Biphenylyl diphenyl phosphate,C1=CC=C(C=C1)C2=CC=CC=C2OP(=O)(OC3=CC=CC=C3)OC4=CC=CC=C4,2387,132-29-6,QARIOUOTENZTDH-UHFFFAOYSA-N,402.4,P
2-Ethylhexyl dihydrogen phosphate,CCCCC(CC)COP(=O)(O)O,2082,12645-31-7,LJKDOMVGKKPJBH-UHFFFAOYSA-N,210.21,P
2-Ethylhexyl diphenyl phosphate,CCCCC(CC)COP(=O)(OC1=CC=CC=C1)OC2=CC=CC=C2,1998,1241-94-7,CGSLYBDCEGBZCG-UHFFFAOYSA-N,362.4,P
2-Ethylhexyl diphenyl phosphite,CCCCC(CC)COP(OC1=CC=CC=C1)OC2=CC=CC=C2,3536,15647-08-2,XKZGIJICHCVXFV-UHFFFAOYSA-N,346.4,P
2-Methacryloyloxyethyl phosphorylcholine,CC(=C)C(=O)OCCOP(=O)([O-])OCC[N+](C)(C)C,11856,67881-98-5,ZSZRUEAFVQITHH-UHFFFAOYSA-N,295.27,P
"3,6,9,12-Tetraoxatetracosan-1-ol, dihydrogen phosphate",CCCCCCCCCCCCOCCOCCOCCOCCOP(=O)(O)O,8762,45300-87-6,PSBRNAUTQGUEPB-UHFFFAOYSA-N,442.5,P
"3,9-Diphenoxy-2,4,8,10-tetraoxa-3,9-diphosphaspiro[5.5]undecane",C1C2(COP(O1)OC3=CC=CC=C3)COP(OC2)OC4=CC=CC=C4,3114,144-35-4,SDCYWERHEYVPHL-UHFFFAOYSA-N,380.27,P
3-(Dimethylphosphono)-N-methylolpropionamide,COP(=O)(CCC(=O)NCO)OC,4676,20120-33-6,MCONGYNHPPCHSD-UHFFFAOYSA-N,211.15,P
3-(Hydroxy(phenyl)phosphoryl)propanoic acid,C1=CC=C(C=C1)P(=O)(CCC(=O)O)O,3194,14657-64-8,MORLYCDUFHDZKO-UHFFFAOYSA-N,214.15,P
3-Methyl-1-phenyl-2-phospholene 1-oxide,CC1=CP(=O)(CC1)C2=CC=CC=C2,12803,707-61-9,YMKWWHFRGALXLE-UHFFFAOYSA-N,192.19,P
"4-(Hydroxymethyl)-2,6,7-trioxa-1-phosphabicyclo[2.2.2]octane 1-oxide",C1C2(COP(=O)(O1)OC2)CO,9473,5301-78-0,YASRHLDAFCMIPB-UHFFFAOYSA-N,180.1,P
"5,5-Dimethyl-2-phenoxy-1,3,2-dioxaphosphinane",CC1(COP(OC1)OC2=CC=CC=C2)C,7062,3057-08-7,JSVDMQKVGLGYCM-UHFFFAOYSA-N,226.21,P
"6,6'-(Ethane-1,2-diylbis(azanediyl))bis(dibenzo[c,e][1,2]oxaphosphinine 6-oxide)",C1=CC=C2C(=C1)C3=CC=CC=C3P(=O)(O2)NCCNP4(=O)C5=CC=CC=C5C6=CC=CC=C6O4,3044,1421927-53-8,PNFQZDSXVPAXNN-UHFFFAOYSA-N,488.4,P
"6-(2,5-Dihydroxyphenyl)-6H-dibenzo[c,e][1,2]oxaphosphinine 6-oxide",C1=CC=C2C(=C1)C3=CC=CC=C3P(=O)(O2)C4=C(C=CC(=C4)O)O,16068,99208-50-1,KMRIWYPVRWEWRG-UHFFFAOYSA-N,324.3,P
"6-Hydroxy-2,4,8,10-tetra-tert-butyldibenzo[d,f][1,3,2]dioxaphosphepin",CC(C)(C)C1=CC2=C(C(=C1)C(C)(C)C)OP(OC3=C2C=C(C=C3C(C)(C)C)C(C)(C)C)O,17750,,UESGEYFCYSJZSZ-UHFFFAOYSA-N,456.6,P
"6H-Dibenz[c,e][1,2]oxaphosphorin-6-propanoic acid, butyl ester, 6-oxide",CCCCOC(=O)CCP1(=O)C2=CC=CC=C2C3=CC=CC=C3O1,14543,848820-98-4,JBEHRBTVEGZLAF-UHFFFAOYSA-N,344.3,P
"7-[2-(2-Hydroxymethylethoxy)methylethoxy]tetramethyl-3,6,8,11-tetraoxa-7-phosphatridecane-1,13-diol",CC(COCCCO)OP(OCCOCCO)OCCOC(C)(C)C(C)(C)O,6157,26259-91-6,UWZDFCRDAZFRFU-UHFFFAOYSA-N,430.5,P
"7-[2-(2-Hydroxymethylethoxy)methylethoxy]tetramethyl-3,6,8,11-tetraoxa-7-phosphatridecane-1,13-diol",CC(COCCCO)OP(OCCOCCO)OCCOC(C)(C)C(C)(C)O,7886,36788-39-3,UWZDFCRDAZFRFU-UHFFFAOYSA-N,430.5,P
"Bis(2,4-di-tert-butylphenyl) hydrogen phosphate",CC(C)(C)C1=CC(=C(C=C1)OP(=O)(O)OC2=C(C=C(C=C2)C(C)(C)C)C(C)(C)C)C(C)(C)C,12620,69284-93-1,GUDSEWUOWPVZPC-UHFFFAOYSA-N,474.6,P
"Bis(2,4-di-tert-butylphenyl) hydrogen phosphate",CC(C)(C)C1=CC(=C(C=C1)OP(=O)(O)OC2=C(C=C(C=C2)C(C)(C)C)C(C)(C)C)C(C)(C)C,17707,,GUDSEWUOWPVZPC-UHFFFAOYSA-N,474.6,P
Bis(2-ethylhexyl) hydrogen phosphate,CCCCC(CC)COP(=O)(O)OCC(CC)CCCC,6913,298-07-7,SEGLCEQVOFDUPX-UHFFFAOYSA-N,322.42,P
Bis(2-ethylhexyl) phenyl phosphate,CCCCC(CC)COP(=O)(OCC(CC)CCCC)OC1=CC=CC=C1,3809,16368-97-1,ZXZYMQCBRZBVIC-UHFFFAOYSA-N,398.5,P
Bis(2-ethylhexyl) phenyl phosphite,CCCCC(CC)COP(OCC(CC)CCCC)OC1=CC=CC=C1,7252,3164-60-1,AAQUCXJJDQZZOJ-UHFFFAOYSA-N,382.5,P
Bis(4-isopropylphenyl) phenyl phosphate,CC(C)C1=CC=C(C=C1)OP(=O)(OC2=CC=CC=C2)OC3=CC=C(C=C3)C(C)C,9892,55864-07-8,GQJZORIDXGBCCT-UHFFFAOYSA-N,410.4,P
Bis(methacryloyloxyethyl) hydrogen phosphate,CC(=C)C(=O)OCCOP(=O)(O)OCCOC(=O)C(=C)C,7356,32435-46-4,NXBXJOWBDCQIHF-UHFFFAOYSA-N,322.25,P
Bis(methylphenyl) phenyl phosphate,CC1=CC=C(C=C1)OP(=O)(OC2=CC=CC=C2)OC3=CC=CC=C3C,16235,26446-73-1,DAZHWGHCARQALS-UHFFFAOYSA-N,354.3,P
Bis(p-tert-butylphenyl) phenyl phosphate,CC(C)(C)C1=CC=C(C=C1)OP(=O)(OC2=CC=CC=C2)OC3=CC=C(C=C3)C(C)(C)C,1369,115-87-7,PDLPMCXGPIVYQQ-UHFFFAOYSA-N,438.5,P
Butyl dihydrogen phosphate,CCCCOP(=O)(O)O,3749,1623-15-0,BNMJSBUIDQYHIN-UHFFFAOYSA-N,154.1,P
Butyl diphenyl phosphate,CCCCOP(=O)(OC1=CC=CC=C1)OC2=CC=CC=C2,16122,2752-95-6,DIBUFQMCUZYQKN-UHFFFAOYSA-N,306.29,P
"Cyclic 3',5'-thymidine monophosphate",CC1=CN(C(=O)NC1=O)[C@H]2C[C@H]3[C@H](O2)COP(=O)(O3)O,11388,6453-60-7,QSJFDOVQWZVUQG-XLPZGREQSA-N,304.19,P
Decyl diphenyl phosphite,CCCCCCCCCCOP(OC1=CC=CC=C1)OC2=CC=CC=C2,7423,3287-06-7,GLOQRSIADGSLRX-UHFFFAOYSA-N,374.5,P
Dibutyl phenyl phosphate,CCCCOP(=O)(OCCCC)OC1=CC=CC=C1,5836,2528-36-1,YICSVBJRVMLQNS-UHFFFAOYSA-N,286.3,P
Dibutyl phosphate,CCCCOP(=O)(O)OCCCC,776,107-66-4,JYFHYPJRHGVZDY-UHFFFAOYSA-N,210.21,P
Dibutyl propylphosphonate,CCCCOP(=O)(CCC)OCCCC,8825,4628-12-0,XCUMIEFHVASVMQ-UHFFFAOYSA-N,236.29,P
Dibutylamidodiphosphoric acid,CCCCN(CCCC)P(=O)(O)OP(=O)(O)O,67,10024-88-1,FWLZLRFPZLTBRF-UHFFFAOYSA-N,289.2,P
Didecyl hydrogen phosphate,CCCCCCCCCCOP(=O)(O)OCCCCCCCCCC,13940,7795-87-1,QHAUASBJFFBWMY-UHFFFAOYSA-N,378.5,P
Didecyl phenyl phosphite,CCCCCCCCCCOP(OCCCCCCCCCC)OC1=CC=CC=C1,2033,1254-78-0,NMAKPIATXQEXBT-UHFFFAOYSA-N,438.6,P
Didodecyl hydrogen phosphate,CCCCCCCCCCCCOP(=O)(O)OCCCCCCCCCCCC,12785,7057-92-3,JTXUVYOABGUBMX-UHFFFAOYSA-N,434.6,P
Didodecyl hydrogen phosphite,CCCCCCCCCCCCOP(O)OCCCCCCCCCCCC,4924,21302-90-9,SPBMDAHKYSRJFO-UHFFFAOYSA-N,418.6,P
"Diethyl 3,5-di-tert-butyl-4-hydroxybenzylphosphonate",CCOP(=O)(CC1=CC(=C(C(=C1)C(C)(C)C)O)C(C)(C)C)OCC,15971,976-56-7,GJDRKHHGPHLVNI-UHFFFAOYSA-N,356.4,P
Diethyl allylphosphonate,CCOP(=O)(CC=C)OCC,732,1067-87-4,YPJHXRAHMUKXAE-UHFFFAOYSA-N,178.17,P
Diethyl bis(2-hydroxyethyl)aminomethylphosphonate,CCOP(=O)(CN(CCO)CCO)OCC,6574,2781-11-5,CCJKFLLIJCGHMO-UHFFFAOYSA-N,255.25,P
Diethyl ethylphosphonate,CCOP(=O)(CC)OCC,13960,78-38-6,AATNZNJRDOVKDD-UHFFFAOYSA-N,166.16,P
Diethyl hydrogen phosphate,CCOP(=O)(O)OCC,10428,598-02-7,UCQFCFPECQILOL-UHFFFAOYSA-N,154.1,P
Diisodecyl phenyl phosphite,CC(C)CCCCCCCOP(OCCCCCCCC(C)C)OC1=CC=CC=C1,5903,25550-98-5,SXXILWLQSQDLDL-UHFFFAOYSA-N,438.6,P
Diisooctyl p-octylphenyl phosphite,CCCCCCCCC1=CC=C(C=C1)P(=O)(OCCCCCC(C)C)OCCCCCC(C)C,11976,68133-13-1,HPLQLQQLRLADHV-UHFFFAOYSA-N,494.7,P
Diisooctyl phenyl phosphite,CC(C)CCCCCOP(OCCCCCC(C)C)OC1=CC=CC=C1,6255,26544-22-9,GPKQLHLOONCFDY-UHFFFAOYSA-N,382.5,P
Diisopropylphenylphosphate,CC(C)C1=C(C(=CC=C1)OP(=O)(O)O)C(C)C,9233,51496-03-8,SFFTXLYPBWITRH-UHFFFAOYSA-N,258.25,P
Dimethyl 1-hydroxybutylphosphonate,CCCC(O)P(=O)(OC)OC,5217,23054-81-1,PHJZUYURNWKKMA-UHFFFAOYSA-N,182.15,P
Dimethyl ethylphosphonate,CCP(=O)(OC)OC,10688,6163-75-3,YHQMSHVVGOSZEW-UHFFFAOYSA-N,138.1,P
Dimethyl methylphosphonate,COP(=O)(C)OC,13553,756-79-6,VONWDASPFIQPDY-UHFFFAOYSA-N,124.08,P
Dimethyl Phenylphosphonate,COP(=O)(C1=CC=CC=C1)OC,5128,2240-41-7,OXDOANYFRLHSML-UHFFFAOYSA-N,186.14,P
Dimethyl propylphosphonate,CCCP(=O)(OC)OC,4391,18755-43-6,YWDFOLFVOVCBIU-UHFFFAOYSA-N,152.13,P
Dimethyl vinylphosphonate,COP(=O)(C=C)OC,8838,4645-32-3,CQCXMYUCNSJSKG-UHFFFAOYSA-N,136.09,P
Dimethylphosphinic acid,CP(=O)(C)O,7422,3283-12-3,GOJNABIZVJCYFL-UHFFFAOYSA-N,94.05,P
Dioctyl phenyl phosphate,CCCCCCCCOP(=O)(OCCCCCCCC)OC1=CC=CC=C1,10683,6161-81-5,QHGRPTNUHWYCEN-UHFFFAOYSA-N,398.5,P
Diphenyl methyl phosphate,COP(=O)(OC1=CC=CC=C1)OC2=CC=CC=C2,1371,115-89-9,VOWPVJACXJNHBC-UHFFFAOYSA-N,264.21,P
Diphenyl methylphosphonate,CP(=O)(OC1=CC=CC=C1)OC2=CC=CC=C2,13520,7526-26-3,HPUPGAFDTWIMBR-UHFFFAOYSA-N,248.21,P
Diphenyl p-isopropylphenyl phosphate,CC(C)C1=CC=C(C=C1)OP(=O)(OC2=CC=CC=C2)OC3=CC=CC=C3,9891,55864-04-5,JUHFQCKQQLMGAB-UHFFFAOYSA-N,368.4,P
Diphenyl p-tolyl phosphate,CC1=CC=C(C=C1)OP(=O)(OC2=CC=CC=C2)OC3=CC=CC=C3,13956,78-31-9,OJUZRFGUKHQNJX-UHFFFAOYSA-N,340.3,P
Diphenyl phenylphosphonate,C1=CC=C(C=C1)OP(=O)(C2=CC=CC=C2)OC3=CC=CC=C3,7043,3049-24-9,CDOMXXVCZQOOMT-UHFFFAOYSA-N,310.3,P
Diphenyl phosphate,C1=CC=C(C=C1)OP(=O)(O)OC2=CC=CC=C2,14426,838-85-7,ASMQGLCHMVWBQR-UHFFFAOYSA-N,250.19,P
"Diphenyl(2,4,6-trimethylbenzoyl)phosphine oxide",CC1=CC(=C(C(=C1)C)C(=O)P(=O)(C2=CC=CC=C2)C3=CC=CC=C3)C,13579,75980-60-8,VFHVQBAGLAREND-UHFFFAOYSA-N,348.4,P
Ethyl dihydrogen phosphate,CCOP(=O)(O)O,3748,1623-14-9,ZJXZSIYSNXKHEA-UHFFFAOYSA-N,126.05,P
"Ethyl phenyl(2,4,6-trimethylbenzoyl)phosphinate",CCOP(=O)(C1=CC=CC=C1)C(=O)C2=C(C=C(C=C2C)C)C,14499,84434-11-7,ZMDDERVSCYEKPQ-UHFFFAOYSA-N,316.3,P
Ethylene glycol methacrylate phosphate,CC(=C)C(=O)OCCOP(=O)(O)O,5478,24599-21-1,SEILKFZTLVMHRR-UHFFFAOYSA-N,210.12,P
Etidronic Acid,CC(O)(P(=O)(O)O)P(=O)(O)O,6629,2809-21-4,DBVJJBKOTRCVKF-UHFFFAOYSA-N,206.03,P
Glufosinate,CP(=O)(CCC(C(=O)O)N)O,9194,51276-47-2,IAJOBQBIJHVGMQ-UHFFFAOYSA-N,181.13,P
Glyphosate,C(C(=O)O)NCP(=O)(O)O,802,1071-83-6,XDDAORKBJWWYJS-UHFFFAOYSA-N,169.07,P
Hexamethylphosphoramide,CN(C)P(=O)(N(C)C)N(C)C,11897,680-31-9,GNOIPBMMFNIUFM-UHFFFAOYSA-N,179.2,P
Isobutyl dihydrogen phosphate,CC(C)COP(=O)(O)O,5499,2466-73-1,SVBLDLLXNRGMBG-UHFFFAOYSA-N,154.1,P
Isobutylbis(hydroxymethyl)phosphine oxide,CC(C)CP(=O)(CO)CO,3057,142747-77-1,OZEIKKSJNYAJPR-UHFFFAOYSA-N,166.16,P
Isodecyl diphenyl phosphate,CC(C)CCCCCCCOP(=O)(OC1=CC=CC=C1)OC2=CC=CC=C2,6909,29761-21-5,RYUJRXVZSJCHDZ-UHFFFAOYSA-N,390.5,P
Isodecyl diphenyl phosphite,CC(C)CCCCCCCOP(OC1=CC=CC=C1)OC2=CC=CC=C2,6256,26544-23-0,ADRNSOYXKABLGT-UHFFFAOYSA-N,374.5,P
Isooctyl diphenyl phosphite,CC(C)CCCCCOP(OC1=CC=CC=C1)OC2=CC=CC=C2,6202,26401-27-4,YEQHNTCMAVPEKP-UHFFFAOYSA-N,346.4,P
Isopropylphenyl diphenyl phosphate,CC(C)C1=CC=CC=C1OP(=O)(OC2=CC=CC=C2)OC3=CC=CC=C3,16136,64532-94-1,JJXNVYMIYBNZQX-UHFFFAOYSA-N,368.4,P
Isopropylphenyl diphenyl phosphate,CC(C)C1=CC=CC=C1OP(=O)(OC2=CC=CC=C2)OC3=CC=CC=C3,6632,28108-99-8,JJXNVYMIYBNZQX-UHFFFAOYSA-N,368.4,P
Metepa,CC1CN1P(=O)(N2CC2C)N3CC3C,10045,57-39-6,AVUYXHYHTTVPRX-UHFFFAOYSA-N,215.23,P
Methyl dihydrogen phosphate,COP(=O)(O)O,14278,812-00-0,CAAULPUQFIIOTL-UHFFFAOYSA-N,112.02,P
Methyl diphenylphosphite,COP(OC1=CC=CC=C1)OC2=CC=CC=C2,7763,3577-87-5,NYCZNDFWFCCTPA-UHFFFAOYSA-N,248.21,P
Methyldiphenylphosphine oxide,CP(=O)(C1=CC=CC=C1)C2=CC=CC=C2,4919,2129-89-7,PEGCITODQASXKH-UHFFFAOYSA-N,216.21,P
Monoisotridecyl phosphate,CC(C)CCCCCCCCCCOP(=O)(O)O,9464,52933-07-0,ASBWGYODEQCTNZ-UHFFFAOYSA-N,280.34,P
Monotridecyl phosphate,CCCCCCCCCCCCCOP(=O)(O)O,10024,56831-62-0,GAJQCIFYLSXSEZ-UHFFFAOYSA-N,280.34,P
Octyl dihydrogen phosphate,CCCCCCCCOP(=O)(O)O,8178,39407-03-9,WRKCIHRWQZQBOL-UHFFFAOYSA-N,210.21,P
Octyl diphenyl phosphate,CCCCCCCCOP(=O)(OC1=CC=CC=C1)OC2=CC=CC=C2,1370,115-88-8,YAFOVCNAQTZDQB-UHFFFAOYSA-N,362.4,P
Octyl diphenyl phosphite,CCCCCCCCOP(OC1=CC=CC=C1)OC2=CC=CC=C2,7251,3164-55-4,AXRSHKZFNKUGQB-UHFFFAOYSA-N,346.4,P
Octylphosphonic acid,CCCCCCCCP(=O)(O)O,8879,4724-48-5,NJGCRMAPOWGWMW-UHFFFAOYSA-N,194.21,P
p-tert-Butylphenyl diphenyl phosphate,CC(C)(C)C1=CC=C(C=C1)OP(=O)(OC2=CC=CC=C2)OC3=CC=CC=C3,16021,981-40-8,ULGAVXUJJBOWOD-UHFFFAOYSA-N,382.4,P
"Phenol, isobutylenated, phosphate (3:1)",CC(C)CC1=CC=C(C=C1)OP(=O)(OC2=CC=C(C=C2)CC(C)C)OC3=CC=C(C=C3)CC(C)C,12507,68937-40-6,LWYPBQJBRGDLOI-UHFFFAOYSA-N,494.6,P
Phenyl di(p-tolyl) phosphate,CC1=CC=C(C=C1)OP(=O)(OC2=CC=CC=C2)OC3=CC=C(C=C3)C,7672,34909-69-8,NVMHZSCMWYZDCC-UHFFFAOYSA-N,354.3,P
Phenyl dihydrogen phosphate,C1=CC=C(C=C1)OP(=O)(O)O,12715,701-64-4,CMPQUABWPXYYSH-UHFFFAOYSA-N,174.09,P
"Phenylbis(2,4,6-trimethylbenzoyl)phosphine oxide",CC1=CC(=C(C(=C1)C)C(=O)P(=O)(C2=CC=CC=C2)C(=O)C3=C(C=C(C=C3C)C)C)C,3788,162881-26-7,GUCYFKSBFREPBC-UHFFFAOYSA-N,418.5,P
Phenylphosphonic acid,C1=CC=C(C=C1)P(=O)(O)O,3555,1571-33-1,QLZHNIAADXEJJP-UHFFFAOYSA-N,158.09,P
Phosphinylidynetris(oxyethylene) triacrylate,C=CC(=O)OCCOP(=O)(OCCOC(=O)C=C)OCCOC(=O)C=C,7680,35057-49-9,YQZZHMXSIYMFDK-UHFFFAOYSA-N,392.29,P
"Phosphonic acid, [(2-cyanophenyl)methyl]-, diethyl ester",CCOP(=O)(CC1=CC=CC=C1C#N)OCC,5348,23973-65-1,YDFXKRLGZYFXOE-UHFFFAOYSA-N,253.23,P
"Phosphonic acid, methyl-, (5-ethyl-2-methyl-2-oxido-1,3,2-dioxaphosphorinan-5-yl)methyl methyl ester",CCC1(COP(=O)(OC1)C)COP(=O)(C)OC,8333,41203-81-0,CFIFBLCPLCPITL-UHFFFAOYSA-N,286.2,P
"Phosphonic acid, methyl-, bis((5-ethyl-2-methyl-2-oxido-1,3,2-dioxaphosphorinan-5-yl)methyl) ester",CCC1(COP(=O)(OC1)C)COP(=O)(C)OCC2(COP(=O)(OC2)C)CC,8498,42595-45-9,WUGSTSBQFHQUJQ-UHFFFAOYSA-N,448.32,P
"Phosphoric acid, 2-methylphenyl diphenyl ester",CC1=CC=CC=C1OP(=O)(OC2=CC=CC=C2)OC3=CC=CC=C3,16234,26444-49-5,XMNDMAQKWSQVOV-UHFFFAOYSA-N,340.3,P
"Phosphoric acid, 2-methylphenyl diphenyl ester",CC1=CC=CC=C1OP(=O)(OC2=CC=CC=C2)OC3=CC=CC=C3,17185,,XMNDMAQKWSQVOV-UHFFFAOYSA-N,340.3,P
"Phosphoric acid, 2-methylphenyl diphenyl ester",CC1=CC=CC=C1OP(=O)(OC2=CC=CC=C2)OC3=CC=CC=C3,9379,5254-12-6,XMNDMAQKWSQVOV-UHFFFAOYSA-N,340.3,P
"Phosphoric acid, bis[(1,1-dimethylethyl)phenyl] phenyl ester",CC(C)(C)C1=CC=CC=C1OP(=O)(OC2=CC=CC=C2)OC3=CC=CC=C3C(C)(C)C,11582,65652-41-7,UQRSMZHDWDMLDH-UHFFFAOYSA-N,438.5,P
"Phosphoric acid, diphenyl tetradecyl ester",CCCCCCCCCCCCCCOP(=O)(OC1=CC=CC=C1)OC2=CC=CC=C2,3052,142474-86-0,RZERPLOQPHIGRF-UHFFFAOYSA-N,446.6,P
"Phosphoric acid, dodecyl diphenyl ester",CCCCCCCCCCCCOP(=O)(OC1=CC=CC=C1)OC2=CC=CC=C2,6513,27460-02-2,DLZXXNAEQGRWPX-UHFFFAOYSA-N,418.5,P
"Phosphoric acid, hexadecyl diphenyl ester",CCCCCCCCCCCCCCCCOP(=O)(OC1=CC=CC=C1)OC2=CC=CC=C2,10023,56827-92-0,FEUQWJRZKZQFAO-UHFFFAOYSA-N,474.6,P
"Phosphorin, 2,4,6-tris(1,1-dimethylethyl)-",CC(C)(C)C1=CC(=PC(=C1)C(C)(C)C)C(C)(C)C,4101,17420-29-0,GHJQOVICJOEYAD-UHFFFAOYSA-N,264.4,P
tert-Butylphenyl diphenyl phosphate,CC(C)(C)C1=CC=CC=C1OP(=O)(OC2=CC=CC=C2)OC3=CC=CC=C3,10019,56803-37-3,VDIFKDMFGPIVCQ-UHFFFAOYSA-N,382.4,P
"Tetramethyl ((1,1'-biphenyl)-4,4'-diylbis(methylene))bisphosphonate",COP(=O)(CC1=CC=C(C=C1)C2=CC=C(C=C2)CP(=O)(OC)OC)OC,6495,27344-43-0,YVTQGHMZUNKCTQ-UHFFFAOYSA-N,398.3,P
Tri-M-cresyl phosphate,CC1=CC(=CC=C1)OP(=O)(OC2=CC=CC(=C2)C)OC3=CC=CC(=C3)C,9946,563-04-2,RMLPZKRPSQVRAB-UHFFFAOYSA-N,368.4,P
Tri-m-tolylphosphine,CC1=CC(=CC=C1)P(C2=CC=CC(=C2)C)C3=CC=CC(=C3)C,10917,6224-63-1,LFNXCUNDYSYVJY-UHFFFAOYSA-N,304.4,P
Tri-O-cresyl phosphate,CC1=CC=CC=C1OP(=O)(OC2=CC=CC=C2C)OC3=CC=CC=C3C,13955,78-30-8,YSMRWXYRXBRSND-UHFFFAOYSA-N,368.4,P
Tri-o-tolyl phosphite,CC1=CC=CC=C1OP(OC2=CC=CC=C2C)OC3=CC=CC=C3C,16243,25586-42-9,BKHZQJRTFNFCTG-UHFFFAOYSA-N,352.4,P
Triallyl phosphate,C=CCOP(=O)(OCC=C)OCC=C,16119,1623-19-4,XHGIFBQQEGRTPB-UHFFFAOYSA-N,218.19,P
Tributyl phosphate,CCCCOP(=O)(OCCCC)OCCCC,2058,126-73-8,STCOOQWBFONSKY-UHFFFAOYSA-N,266.31,P
Tributylphosphine,CCCCP(CCCC)CCCC,16099,998-40-3,TUQOTMZNTHZOKS-UHFFFAOYSA-N,202.32,P
Tributylphosphine oxide,CCCCP(=O)(CCCC)CCCC,14286,814-29-9,MNZAKDODWSQONA-UHFFFAOYSA-N,218.32,P
Tricresyl phosphate,CC1=CC=C(C=C1)OP(=O)(OC2=CC=C(C=C2)C)OC3=CC=C(C=C3)C,13957,78-32-0,BOSMZFBHAYFUBJ-UHFFFAOYSA-N,368.4,P
Tricresyl phosphate,CC1=CC=C(C=C1)OP(=O)(OC2=CC=C(C=C2)C)OC3=CC=C(C=C3)C,16208,1330-78-5,BOSMZFBHAYFUBJ-UHFFFAOYSA-N,368.4,P
Triethyl phosphate,CCOP(=O)(OCC)OCC,13961,78-40-0,DQWPFSLDHJDLRL-UHFFFAOYSA-N,182.15,P
Triethyl phosphite,CCOP(OCC)OCC,1794,122-52-1,BDZBKCUKTQZUTL-UHFFFAOYSA-N,166.16,P
Triethyl phosphonoacetate,CCOC(=O)CP(=O)(OCC)OCC,14762,867-13-0,GGUBFICZYGKNTD-UHFFFAOYSA-N,224.19,P
Triethylenephosphoramide,C1CN1P(=O)(N2CC2)N3CC3,9688,545-55-1,FYAMXEPQQLNQDM-UHFFFAOYSA-N,173.15,P
Triisobutyl phosphate,CC(C)COP(=O)(OCC(C)C)OCC(C)C,2056,126-71-6,HRKAMJBPFPHCSD-UHFFFAOYSA-N,266.31,P
Triisooctyl phosphite,CC(C)CCCCCOP(OCCCCCC(C)C)OCCCCCC(C)C,5720,25103-12-2,DECPGQLXYYCNEZ-UHFFFAOYSA-N,418.6,P
Triisopropyl phosphate,CC(C)OP(=O)(OC(C)C)OC(C)C,9202,513-02-0,OXFUXNFMHFCELM-UHFFFAOYSA-N,224.23,P
Trimethyl phosphate,COP(=O)(OC)OC,9175,512-56-1,WVLBCYQITXONBZ-UHFFFAOYSA-N,140.07,P
Trimethylolpropane phosphate,CCC12COP(=O)(OC1)OC2,122,1005-93-2,BYEFHDZWRALTEN-UHFFFAOYSA-N,178.12,P
Trioctyl phosphate,CCCCCCCCOP(=O)(OCCCCCCCC)OCCCCCCCC,4239,1806-54-8,WVPGXJOLGGFBCR-UHFFFAOYSA-N,434.6,P
Triphenyl phosphate,C1=CC=C(C=C1)OP(=O)(OC2=CC=CC=C2)OC3=CC=CC=C3,1368,115-86-6,XZZNDPSIHUTMOC-UHFFFAOYSA-N,326.3,P
Triphenyl phosphite,C1=CC=C(C=C1)OP(OC2=CC=CC=C2)OC3=CC=CC=C3,152,101-02-0,HVLLSGMXQDNUAL-UHFFFAOYSA-N,310.3,P
Triphenylphosphine,C1=CC=C(C=C1)P(C2=CC=CC=C2)C3=CC=CC=C3,10501,603-35-0,RIOQSEWOXXDEQQ-UHFFFAOYSA-N,262.3,P
Triphenylphosphine oxide,C1=CC=C(C=C1)P(=O)(C2=CC=CC=C2)C3=CC=CC=C3,14060,791-28-6,FIQMHBFVRAXMOP-UHFFFAOYSA-N,278.3,P
Tripropyl phosphate,CCCOP(=O)(OCCC)OCCC,9203,513-08-6,RXPQRKFMDQNODS-UHFFFAOYSA-N,224.23,P
Tris(2-butoxyethyl) phosphate,CCCCOCCOP(=O)(OCCOCCCC)OCCOCCCC,13964,78-51-3,WTLBZVNBAKMVDP-UHFFFAOYSA-N,398.5,P
Tris(2-ethylhexyl) phosphate,CCCCC(CC)COP(=O)(OCC(CC)CCCC)OCC(CC)CCCC,13962,78-42-2,GTVWRXDRKAHEAD-UHFFFAOYSA-N,434.6,P
Tris(2-ethylhexyl) phosphite,CCCCC(CC)COP(OCC(CC)CCCC)OCC(CC)CCCC,6975,301-13-3,ILLOBGFGKYTZRO-UHFFFAOYSA-N,418.6,P
Tris(2-propylphenyl) phosphate,CCCC1=CC=CC=C1OP(=O)(OC2=CC=CC=C2CCC)OC3=CC=CC=C3CCC,14515,84642-70-6,FPIUEVPELBLXGL-UHFFFAOYSA-N,452.5,P
"Tris(3,5-xylenyl)phosphate",CC1=CC(=CC(=C1)OP(=O)(OC2=CC(=CC(=C2)C)C)OC3=CC(=CC(=C3)C)C)C,16121,25653-16-1,LLPMAOBOEQFPRE-UHFFFAOYSA-N,410.4,P
Tris(4-isopropylphenyl) phosphate,CC(C)C1=CC=C(C=C1)OP(=O)(OC2=CC=C(C=C2)C(C)C)OC3=CC=C(C=C3)C(C)C,5608,2502-15-0,ANVREEJNGJMLOV-UHFFFAOYSA-N,452.5,P
Tris(4-isopropylphenyl) phosphate,CC(C)C1=CC=C(C=C1)OP(=O)(OC2=CC=C(C=C2)C(C)C)OC3=CC=C(C=C3)C(C)C,6398,26967-76-0,ANVREEJNGJMLOV-UHFFFAOYSA-N,452.5,P
Tris(4-tert-butylphenyl) phosphate,CC(C)(C)C1=CC=C(C=C1)OP(=O)(OC2=CC=C(C=C2)C(C)(C)C)OC3=CC=C(C=C3)C(C)(C)C,13958,78-33-1,LORSVOJSXMHDHF-UHFFFAOYSA-N,494.6,P
Tris(isopropylphenyl)phosphate,CC(C)C1=CC=CC=C1OP(=O)(OC2=CC=CC=C2C(C)C)OC3=CC=CC=C3C(C)C,16137,64532-95-2,LIPMRGQQBZJCTM-UHFFFAOYSA-N,452.5,P
Tris(m-hydroxyphenyl) phosphate,C1=CC(=CC(=C1)OP(=O)(OC2=CC=CC(=C2)O)OC3=CC=CC(=C3)O)O,15689,94135-13-4,GGYSSENSJNGXLU-UHFFFAOYSA-N,374.3,P
Tris(o-ethylphenyl) phosphate,CCC1=CC=CC=C1OP(=O)(OC2=CC=CC=C2CC)OC3=CC=CC=C3CC,8101,3862-08-6,DTOOHWOPSUKNJL-UHFFFAOYSA-N,410.4,P
Trixylenyl phosphate,CC1=CC(=C(C=C1)OP(=O)(OC2=C(C=C(C=C2)C)C)OC3=C(C=C(C=C3)C)C)C,16149,25155-23-1,KOWVWXQNQNCRRS-UHFFFAOYSA-N,410.4,P
Vinylphosphonic acid,C=CP(=O)(O)O,4115,1746-03-8,ZTWTYVWXUKTLCP-UHFFFAOYSA-N,108.03,P
1-Chloropropan-2-yl bis(3-chloropropyl) phosphate,CC(CCl)OP(=O)(OCCCCl)OCCCCl,2808,137888-35-8,LURCDQJWIBOOGP-UHFFFAOYSA-N,327.6,"P,Cl"
"1-Propanol, dichloro-, phosphate (3:1)",CC(C(OP(=O)(OCCC(Cl)Cl)OCC(CCl)Cl)Cl)Cl,6284,26604-51-3,YAOMHRRYSRRRKP-UHFFFAOYSA-N,430.9,"P,Cl"
Bis(1-chloro-2-propyl)-3-(3-chloropropoxy)propyl phosphate,CC(CCl)OP(=O)(OCCCOCCCCl)OC(C)CCl,2809,137888-37-0,VCGVMOQWIMIGCQ-UHFFFAOYSA-N,385.6,"P,Cl"
Bis(2-chloro-1-methylethyl) 2-chloropropyl phosphate,CC(COP(=O)(OC(C)CCl)OC(C)CCl)Cl,13601,76025-08-6,NISNGFDWZYZNPT-UHFFFAOYSA-N,327.6,"P,Cl"
Dichlorophenylphosphine,C1=CC=C(C=C1)P(Cl)Cl,11361,644-97-3,IMDXZWRLUZPMDH-UHFFFAOYSA-N,178.98,"P,Cl"
Phenylphosphonic dichloride,C1=CC=C(C=C1)P(=O)(Cl)Cl,14341,824-72-6,IBDMRHDXAQZJAP-UHFFFAOYSA-N,194.98,"P,Cl"
Triclofos,C(C(Cl)(Cl)Cl)OP(=O)(O)O,7072,306-52-5,YYQRGCZGSFRBAM-UHFFFAOYSA-N,229.38,"P,Cl"
"Tris(1,3-dichloro-2-propyl)phosphate",C(C(CCl)OP(=O)(OC(CCl)CCl)OC(CCl)CCl)Cl,2743,13674-87-8,ASLWPAWFJZFCKF-UHFFFAOYSA-N,430.9,"P,Cl"
Tris(1-chloro-2-propyl) phosphate,CC(CCl)OP(=O)(OC(C)CCl)OC(C)CCl,2742,13674-84-5,KVMPUXDNESXNOH-UHFFFAOYSA-N,327.6,"P,Cl"
"Tris(2,3-dichloropropyl) phosphate",C(C(CCl)Cl)OP(=O)(OCC(CCl)Cl)OCC(CCl)Cl,13963,78-43-3,JZZBTMVTLBHJHL-UHFFFAOYSA-N,430.9,"P,Cl"
Tris(2-chloroethyl) phosphate,C(CCl)OP(=O)(OCCCl)OCCCl,1373,115-96-8,HQUQLFOMPYWACS-UHFFFAOYSA-N,285.5,"P,Cl"
Tris(2-chloroethyl) phosphite,C(CCl)OP(OCCCl)OCCCl,2919,140-08-9,LUVCTYHBTXSAMX-UHFFFAOYSA-N,269.5,"P,Cl"
Tris(2-chloropropyl) phosphate,CC(COP(=O)(OCC(C)Cl)OCC(C)Cl)Cl,10653,6145-73-9,GTRSAMFYSUBAGN-UHFFFAOYSA-N,327.6,"P,Cl"
Tris(3-chloropropyl) phosphate,C(COP(=O)(OCCCCl)OCCCCl)CCl,6155,26248-87-3,WOURXYYHORRGQO-UHFFFAOYSA-N,327.6,"P,Cl"
Tris(3-chloropropyl) phosphate,C(COP(=O)(OCCCCl)OCCCCl)CCl,733,1067-98-7,WOURXYYHORRGQO-UHFFFAOYSA-N,327.6,"P,Cl"
"1,3,2-Dioxaphosphorinane, 2,2'-oxybis[5,5-dimethyl-, 2,2'-disulfide",CC1(COP(=S)(OC1)OP2(=S)OCC(CO2)(C)C)C,8315,4090-51-1,GAUFKBQSTGCCOC-UHFFFAOYSA-N,346.3,"P,S"
Azinphos-ethyl,CCOP(=S)(OCC)SCN1C(=O)C2=CC=CC=C2N=N1,6216,2642-71-9,RQVGAIADHNPSME-UHFFFAOYSA-N,345.4,"P,S"
Diazinon,CCOP(=S)(OCC)OC1=NC(=NC(=C1)C)C(C)C,7479,333-41-5,FHIVAFMUCKRCQO-UHFFFAOYSA-N,304.35,"P,S"
Ethion,CCOP(=S)(OCC)SCSP(=S)(OCC)OCC,9947,563-12-2,RIZMRRKBZQXFOY-UHFFFAOYSA-N,384.5,"P,S"
Fenitrothion,CC1=C(C=CC(=C1)OP(=S)(OC)OC)[N+](=O)[O-],1784,122-14-5,ZNOLGFHPUIJIMJ-UHFFFAOYSA-N,277.24,"P,S"
Fenthion,CC1=C(C=CC(=C1)OP(=S)(OC)OC)SC,9751,55-38-9,PNVJTZOFSHSLTO-UHFFFAOYSA-N,278.3,"P,S"
Fonofos,CCOP(=S)(CC)SC1=CC=CC=C1,15714,944-22-9,KVGLBTYUCJYMND-UHFFFAOYSA-N,246.3,"P,S"
Methyl parathion,COP(=S)(OC)OC1=CC=C(C=C1)[N+](=O)[O-],6912,298-00-0,RLBIQVVOMOPOHC-UHFFFAOYSA-N,263.21,"P,S"
"O,O,O-Trimethyl phosphorothioate",COP(=S)(OC)OC,3392,152-18-1,XWSLYQXUTWUIKM-UHFFFAOYSA-N,156.14,"P,S"
"O,O,O-Triphenyl phosphorothioate",C1=CC=C(C=C1)OP(=S)(OC2=CC=CC=C2)OC3=CC=CC=C3,10415,597-82-0,IKXFIBBKEARMLL-UHFFFAOYSA-N,342.3,"P,S"
"O,O-Dimethyl phosphoramidothioate",COP(=S)(N)OC,4079,17321-47-0,NKYPKIVMIGIWOB-UHFFFAOYSA-N,141.13,"P,S"
Parathion,CCOP(=S)(OCC)OC1=CC=C(C=C1)[N+](=O)[O-],9911,56-38-2,LCCNCVORNKJIRZ-UHFFFAOYSA-N,291.26,"P,S"
Phenthoate,CCOC(=O)C(C1=CC=CC=C1)SP(=S)(OC)OC,6057,2597-03-7,XAMUDJHXFNRLCY-UHFFFAOYSA-N,320.4,"P,S"
Quinalphos,CCOP(=S)(OCC)OC1=NC2=CC=CC=C2N=C1,2714,13593-03-8,JYQUHIFYBATCCY-UHFFFAOYSA-N,298.3,"P,S"
Triazophos,CCOP(=S)(OCC)OC1=NN(C=N1)C2=CC=CC=C2,5358,24017-47-8,AMFGTOFWMRQMEM-UHFFFAOYSA-N,313.31,"P,S"
Tris(4-aminophenyl) thiophosphate,C1=CC(=CC=C1N)OP(=S)(OC2=CC=C(C=C2)N)OC3=CC=C(C=C3)N,9421,52664-35-4,MBUAAMOJATXYKR-UHFFFAOYSA-N,387.4,"P,S"
Tris(4-isocyanatophenyl) thiophosphate,C1=CC(=CC=C1N=C=O)OP(=S)(OC2=CC=C(C=C2)N=C=O)OC3=CC=C(C=C3)N=C=O,8381,4151-51-3,KGLSETWPYVUTQX-UHFFFAOYSA-N,465.4,"P,S"
Carbophenothion,CCOP(=S)(OCC)SCSC1=CC=C(C=C1)Cl,14017,786-19-6,VEDTXTNSFWUXGQ-UHFFFAOYSA-N,342.9,"P,S,Cl"
Chlorpyrifos,CCOP(=S)(OCC)OC1=NC(=C(C=C1Cl)Cl)Cl,6821,2921-88-2,SBPBAQFWLVIOKP-UHFFFAOYSA-N,350.6,"P,S,Cl"
Chlorpyrifos-methyl,COP(=S)(OC)OC1=NC(=C(C=C1Cl)Cl)Cl,9904,5598-13-0,HRBKVYFZANMGRE-UHFFFAOYSA-N,322.5,"P,S,Cl"
Methyl trithion,COP(=S)(OC)SCSC1=CC=C(C=C1)Cl,15793,953-17-3,OUCCVXVYGFBXSV-UHFFFAOYSA-N,314.8,"P,S,Cl"
((((Benzylsulfonyl)methyl)sulfonyl)methyl)benzene,C1=CC=C(C=C1)CS(=O)(=O)CS(=O)(=O)CC2=CC=CC=C2,11121,6331-52-8,DKXNMYFLQWZCGD-UHFFFAOYSA-N,324.4,S
"(1R,2R)-2-hydroxycyclohexyl 4-methylbenzenesulfonate",CC1=CC=C(C=C1)S(=O)(=O)O[C@@H]2CCCC[C@H]2O,3353,15051-90-8,BIZMDVFWYSXYEJ-CHWSQXEVSA-N,270.35,S
"(2,3-Diphenylcyclopropyl)methyl phenyl sulfoxide",C1=CC=C(C=C1)C2C(C2C3=CC=CC=C3)CS(=O)C4=CC=CC=C4,2369,131758-71-9,MVULGCSHGFLUBH-UHFFFAOYSA-N,332.5,S
"1,1'-(Isopropylidenebis(p-phenyleneoxy))bis(3-mercaptopropan-2-ol)",CC(C)(C1=CC=C(C=C1)OCC(CS)O)C2=CC=C(C=C2)OCC(CS)O,6942,29953-09-1,OLPTYESEXWLOCS-UHFFFAOYSA-N,408.6,S
"1,1'-Disulfanediyldiazepan-2-one",C1CCC(=O)N(CC1)SSN2CCCCCC2=O,5323,23847-08-7,LGBYJXBCVZKJBL-UHFFFAOYSA-N,288.4,S
"1,2,4-Trithiolane",C1SCSS1,6772,289-16-7,QHGFEUAAQKJXDI-UHFFFAOYSA-N,124.3,S
"1,2-Benzisothiazol-3(2H)-one",C1=CC=C2C(=C1)C(=O)NS2,6185,2634-33-5,DMSMPAJRVJJAGA-UHFFFAOYSA-N,151.19,S
"1,2-Benzisothiazol-3(2H)-one, 2-butyl-",CCCCN1C(=O)C2=CC=CC=C2S1,8536,4299-07-4,LUYIHWDYPAZCNN-UHFFFAOYSA-N,207.29,S
"1,2-Benzisothiazole",C1=CC=C2C(=C1)C=NS2,6453,272-16-2,CSNIZNHTOVFARY-UHFFFAOYSA-N,135.19,S
"1,2-Bis(2-mercaptoethoxy)ethane",C(COCCS)OCCS,3319,14970-87-7,HCZMHWVFVZAHCR-UHFFFAOYSA-N,182.3,S
"1,2-Dihydro-6-hydroxy-1,4-dimethyl-2-oxo-5-[[3-[(phenylsulphonyl)oxy]phenyl]azo]nicotinonitrile",CC1=C(C(=O)N(C(=C1C#N)O)C)N=NC2=CC(=CC=C2)OS(=O)(=O)C3=CC=CC=C3,10381,59312-61-7,NNRSGUGASARXPY-UHFFFAOYSA-N,424.4,S
"1,2-Dimethyldibenzothiophene",CC1=C(C2=C(C=C1)SC3=CC=CC=C32)C,7207,31317-14-3,AXDZBUZLJGBONR-UHFFFAOYSA-N,212.31,S
"1,2-Octanedisulfonic acid",CCCCCCC(CS(=O)(=O)O)S(=O)(=O)O,1327,113669-58-2,QZQALQWPHXLKSP-UHFFFAOYSA-N,274.4,S
"1,3,4-Thiadiazole-2(3H)-thione, 5,5'-dithiobis-",C1(=S)NN=C(S1)SSC2=NNC(=S)S2,13075,72676-55-2,DJCISYVIXPWVHY-UHFFFAOYSA-N,298.5,S
"1,3-Bis(benzothiazol-2-ylthiomethyl)urea",C1=CC=C2C(=C1)N=C(S2)SCNC(=O)NCSC3=NC4=CC=CC=C4S3,15750,95-35-2,WYHIYIVTCWNVCW-UHFFFAOYSA-N,418.6,S
"1,3-Di-2-thienylthieno[3,4-c][1,2,5]thiadiazole-2-SIV",C1=CSC(=C1)C2=S=C(C3=NSN=C32)C4=CC=CS4,3355,150600-72-9,KXASLJJPAUTMIH-UHFFFAOYSA-N,306.5,S
"1,3-Dibutyl-2-thiourea",CCCCNC(=S)NCCCC,932,109-46-6,KFFQABQEJATQAT-UHFFFAOYSA-N,188.34,S
"1,3-Dimethyl 5-sulfoisophthalate",COC(=O)C1=CC(=CC(=C1)S(=O)(=O)O)C(=O)OC,2816,138-25-0,HTXMGVTWXZBZNC-UHFFFAOYSA-N,274.25,S
"1,3-Dimethyl-5-(6-(phenylthio)benz(cd)indol-2(1H)-ylidene)barbituric acid",CN1C(=C(C(=O)N(C1=O)C)C2=NC3=C4C2=CC=CC4=C(C=C3)SC5=CC=CC=C5)O,10241,58470-74-9,FPSFVDSMPKJDAK-UHFFFAOYSA-N,415.5,S
"1,3-Dimethyldibenzothiophene",CC1=CC(=C2C3=CC=CC=C3SC2=C1)C,7208,31317-15-4,IPMMDFNYBNKMQS-UHFFFAOYSA-N,212.31,S
"1,3-Dinaphthalen-2-ylthiourea",C1=CC=C2C=C(C=CC2=C1)NC(=S)NC3=CC4=CC=CC=C4C=C3,1407,1166-32-1,YXGYUUQULAOVTE-UHFFFAOYSA-N,328.4,S
"1,7-Dimethyldibenzothiophene",CC1=CC2=C(C=C1)C3=C(C=CC=C3S2)C,14954,89816-53-5,VFQYQNKOTDCRKH-UHFFFAOYSA-N,212.31,S
"1,8-Di(phenylthio)anthraquinone",C1=CC=C(C=C1)SC2=CC=CC3=C2C(=O)C4=C(C3=O)C=CC=C4SC5=CC=CC=C5,2747,13676-91-0,CNRPDCKHCGUKDK-UHFFFAOYSA-N,424.5,S
1-Dodecanethiol,CCCCCCCCCCCCS,1239,112-55-0,WNAHIZMDSQCWRP-UHFFFAOYSA-N,202.4,S
1-Methyl-2-(3-methylbenzene-1-sulfonyl)benzene,CC1=CC(=CC=C1)S(=O)(=O)C2=CC=CC=C2C,10578,61097-48-1,HYCXGLRBKUIGFW-UHFFFAOYSA-N,246.33,S
1-Methyl-3-(4-methylbenzene-1-sulfonyl)benzene,CC1=CC=C(C=C1)S(=O)(=O)C2=CC=CC(=C2)C,9475,53046-20-1,CVVSKVPTZYSPSY-UHFFFAOYSA-N,246.33,S
1-Methyldibenzothiophene,CC1=C2C3=CC=CC=C3SC2=CC=C1,7206,31317-07-4,HORCQSAKJDDBKB-UHFFFAOYSA-N,198.29,S
1-Naphthalenesulfonic acid,C1=CC=C2C(=C1)C=CC=C2S(=O)(=O)O,5768,25155-19-5,PSZYNBSKGUBXEH-UHFFFAOYSA-N,208.24,S
1-Octanesulfonic acid,CCCCCCCCS(=O)(=O)O,8185,3944-72-7,WLGDAKIJYPIYLR-UHFFFAOYSA-N,194.29,S
1-Octanesulfonic-2-sulfinic acid,CCCCCCC(CS(=O)(=O)O)S(=O)O,1326,113652-56-5,JXMDJDMGDMZUQW-UHFFFAOYSA-N,258.4,S
1-Octanethiol,CCCCCCCCS,1126,111-88-6,KZCOBXFFBQJQHH-UHFFFAOYSA-N,146.3,S
1-Propanethiol,CCCS,751,107-03-9,SUVIGLJNEAMWEG-UHFFFAOYSA-N,76.16,S
1-Tert-butyl-4-methanesulfonylbenzene,CC(C)(C)C1=CC=C(C=C1)S(=O)(=O)C,5191,22796-14-1,IJCUWQJHCMMQRC-UHFFFAOYSA-N,212.31,S
1-Thiosorbitol,C([C@H]([C@H]([C@@H]([C@H](CS)O)O)O)O)O,5462,24531-57-5,DYIOSHGVFJTOAR-JGWLITMVSA-N,198.24,S
1-Undecanethiol,CCCCCCCCCCCS,9506,5332-52-5,CCIDWXHLGNEQSL-UHFFFAOYSA-N,188.38,S
"14h-Anthra[2,1,9-mna]thioxanthen-14-one",C1=CC=C2C(=C1)C3=CC=C4C5=C(C=CC(=C35)C2=O)C6=CC=CC=C6S4,3791,16294-75-0,NVNWZZLOQBHTCW-UHFFFAOYSA-N,336.4,S
"1H-Naphtho[2,1,8-mna]thioxanthen-1-one, 3-methoxy-2-phenyl-",COC1=C(C(=O)C2=C3C1=CC=C4C3=C(C=C2)C5=CC=CC=C5S4)C6=CC=CC=C6,7762,35763-62-3,AWXCEFQSHXRBSB-UHFFFAOYSA-N,392.5,S
"1H-Thioxantheno[2,1,9-def]isoquinoline-1,3(2H)-dione, 5-methoxy-2-(3-methoxypropyl)-11-nitro-",COCCCN1C(=O)C2=CC(=C3C4=CC=CC=C4SC5=C(C=C(C2=C35)C1=O)OC)[N+](=O)[O-],4223,18014-08-9,YSDPVJADGZAOBX-UHFFFAOYSA-N,450.5,S
"2(3H)-Benzothiazolethione, 3-methyl-",CN1C2=CC=CC=C2SC1=S,5155,2254-94-6,IRNRNPNZAKHEAW-UHFFFAOYSA-N,181.3,S
2(3H)-Benzothiazolone,C1=CC=C2C(=C1)NC(=O)S2,15588,934-34-9,YEDUAINPPJYDJZ-UHFFFAOYSA-N,151.19,S
"2,2'-((4-((3,5-Dinitro-2-thienyl)azo)phenyl)imino)bisethyl diacetate",CC(=O)OCCN(CCOC(=O)C)C1=CC=C(C=C1)N=NC2=C(C=C(S2)[N+](=O)[O-])[N+](=O)[O-],8519,42783-06-2,YPNBSXJSFUWYMV-UHFFFAOYSA-N,465.4,S
"2,2'-Dibenzoylaminodiphenyl disulfide",C1=CC=C(C=C1)C(=O)NC2=CC=CC=C2SSC3=CC=CC=C3NC(=O)C4=CC=CC=C4,2667,135-57-9,ZHMIOPLMFZVSHY-UHFFFAOYSA-N,456.6,S
"2,2'-Dithiobisbenzothiazole",C1=CC=C2C(=C1)N=C(S2)SSC3=NC4=CC=CC=C4S3,1582,120-78-5,AFZSMODLJJCVPP-UHFFFAOYSA-N,332.5,S
"2,2'-Dithiodipyridine",C1=CC=NC(=C1)SSC2=CC=CC=N2,4914,2127-03-9,HAXFWIACAGNFHA-UHFFFAOYSA-N,220.3,S
"2,2'-Sulfanediyldipropanoic acid",CC(C(=O)O)SC(C)C(=O)O,10194,5811-50-7,XVGDJNZHNCJHIP-UHFFFAOYSA-N,178.21,S
"2,2'-Thiobis(6-tert-butyl-p-cresol)",CC1=CC(=C(C(=C1)SC2=CC(=CC(=C2O)C(C)(C)C)C)O)C(C)(C)C,14976,90-66-4,MQWCQFCZUNBTCM-UHFFFAOYSA-N,358.5,S
"2,2'-Thiodipyridine",C1=CC=NC(=C1)SC2=CC=CC=N2,8501,4262-06-0,AQYNZOSCOWGGTP-UHFFFAOYSA-N,188.25,S
"2,2'-Thiophene-2,5-diylbis(benzoxazole)",C1=CC=C2C(=C1)N=C(O2)C3=CC=C(S3)C4=NC5=CC=CC=C5O4,6722,2866-43-5,UGFSLKRMHPGLFU-UHFFFAOYSA-N,318.4,S
"2,3,5-Trithiahexane",CSCSSC,8486,42474-44-2,MYIOBINSHMEDEY-UHFFFAOYSA-N,140.3,S
"2,3-Bis((2-mercaptoethyl)thio)-1-propanethiol",C(CSCC(CS)SCCS)S,2348,131538-00-6,CEUQYYYUSUCFKP-UHFFFAOYSA-N,260.5,S
"2,3-Di(propan-2-yl)naphthalene-1-sulfonic acid",CC(C)C1=CC2=CC=CC=C2C(=C1C(C)C)S(=O)(=O)O,2415,1322-93-6,LWEAHXKXKDCSIE-UHFFFAOYSA-N,292.4,S
"2,3-Dihydrothieno[3,4-b][1,4]dioxine",C1COC2=CSC=C2O1,2071,126213-50-1,GKWLILHTTGWKLQ-UHFFFAOYSA-N,142.18,S
"2,3-Dimethylbenzenesulfonic acid",CC1=C(C(=CC=C1)S(=O)(=O)O)C,16237,25321-41-9,ZZXDRXVIRVJQBT-UHFFFAOYSA-N,186.23,S
"2,4-Diethyl-9H-thioxanthen-9-one",CCC1=CC(=C2C(=C1)C(=O)C3=CC=CC=C3S2)CC,14364,82799-44-8,BTJPUDCSZVCXFQ-UHFFFAOYSA-N,268.4,S
"2,4-Dimethylthiazole",CC1=CSC(=N1)C,9618,541-58-2,OBSLLHNATPQFMJ-UHFFFAOYSA-N,113.18,S
"2,4-Diphenylthiophene",C1=CC=C(C=C1)C2=CC(=CS2)C3=CC=CC=C3,7475,3328-86-7,FKHVUWRLXRMJLF-UHFFFAOYSA-N,236.3,S
"2,5-Bis(5-tert-butyl-2-benzoxazolyl)thiophene",CC(C)(C)C1=CC2=C(C=C1)OC(=N2)C3=CC=C(S3)C4=NC5=C(O4)C=CC(=C5)C(C)(C)C,12902,7128-64-5,AIXZBGVLNVRQSS-UHFFFAOYSA-N,430.6,S
"2,6-Bis(methoxycarbonyl)benzene-1-sulfonic acid",COC(=O)C1=C(C(=CC=C1)C(=O)OC)S(=O)(=O)O,9141,50975-82-1,QOVUSIZUVWPIAP-UHFFFAOYSA-N,274.25,S
"2,6-Di-t-butyl-4-[3-(2,3-epoxypropylthio)propyl]phenol",CC(C)(C)C1=CC(=CC(=C1O)C(C)(C)C)CCCSCC2CO2,17167,,DHRMIZQRCVSJKS-UHFFFAOYSA-N,336.5,S
"2,6-Dimethyldibenzothiophene",CC1=CC2=C(C=C1)SC3=C(C=CC=C23)C,14955,89816-75-1,VJHNZTLASSCMOQ-UHFFFAOYSA-N,212.31,S
"2,8-Dimethyldibenzothiophene",CC1=CC2=C(C=C1)SC3=C2C=C(C=C3)C,1700,1207-15-4,RRYWCJRYULRSJM-UHFFFAOYSA-N,212.31,S
2-(((Dodecylthio)carbonothioyl)thio)-2-methylpropanoic acid,CCCCCCCCCCCCSC(=S)SC(C)(C)C(=O)O,8815,461642-78-4,DZFGVGDQHQHOKZ-UHFFFAOYSA-N,364.6,S
"2-(1,3-Benzothiazol-2-ylthio)succinic acid",C1=CC=C2C(=C1)N=C(S2)SC(CC(=O)O)C(=O)O,15787,95154-01-1,KRDSXENYLDIORL-UHFFFAOYSA-N,283.3,S
"2-(3-Methoxypropyl)-1H-thioxantheno(2,1,9-def)isoquinoline-1,3(2H)-dione",COCCCN1C(=O)C2=C3C(=CC=C4C3=C(C=C2)C5=CC=CC=C5S4)C1=O,2996,14121-47-2,GIEARNNTYXJWQQ-UHFFFAOYSA-N,375.4,S
2-(3-Thienyl)benzothiazole,C1=CC=C2C(=C1)N=C(S2)C3=CSC=C3,9968,56421-77-3,WJHVDQBJNAXATN-UHFFFAOYSA-N,217.3,S
2-(Methyldithio)isobutyraldehyde,CC(C)(C=O)SSC,11879,67952-60-7,VLBWEJJOETYCSE-UHFFFAOYSA-N,150.3,S
2-(Methylthio)benzothiazole,CSC1=NC2=CC=CC=C2S1,10661,615-22-5,UTBVIMLZIRIFFR-UHFFFAOYSA-N,181.3,S
2-(Methylthio)benzothiazole,CSC1=NC2=CC=CC=C2S1,11253,64036-43-7,UTBVIMLZIRIFFR-UHFFFAOYSA-N,181.3,S
2-(Methylthio)phenyl isothiocyanate,CSC1=CC=CC=C1N=C=S,9214,51333-75-6,SIODOISHDGRELW-UHFFFAOYSA-N,181.3,S
2-(Morpholinodithio)benzothiazole,C1COCCN1SSC2=NC3=CC=CC=C3S2,15748,95-32-9,QRYFCNPYGUORTK-UHFFFAOYSA-N,284.4,S
2-(Morpholinothio)benzothiazole,C1COCCN1SC2=NC3=CC=CC=C3S2,296,102-77-2,MHKLKWCYGIBEQF-UHFFFAOYSA-N,252.4,S
2-(N-Morpholino)ethanesulfonic acid,C1COCCN1CCS(=O)(=O)O,8600,4432-31-9,SXGZJKUKBWWHRA-UHFFFAOYSA-N,195.24,S
2-(Phenylthio)ethanol,C1=CC=C(C=C1)SCCO,12689,699-12-7,KWWZHCSQVRVQGF-UHFFFAOYSA-N,154.23,S
2-(Phenylthio)ethyl acrylate,C=CC(=O)OCCSC1=CC=CC=C1,15788,95175-38-5,RHOOUTWPJJQGSK-UHFFFAOYSA-N,208.28,S
2-(Thiocyanomethylthio)benzothiazole,C1=CC=C2C(=C1)N=C(S2)SCSC#N,4963,21564-17-0,TUBQDCKAWGHZPF-UHFFFAOYSA-N,238.4,S
2-({[3-(Methylsulfanyl)phenyl]carbamoyl}oxy)ethyl prop-2-enoate,CSC1=CC=CC(=C1)NC(=O)OCCOC(=O)C=C,1704,1207339-61-4,FYRZOXZLXPDHOF-UHFFFAOYSA-N,281.33,S
"2-[(2Z)-2-(2,6-Diamino-4-oxo-5(4H)-pyrimidinylidene)hydrazino]-3-methylbenzenesulfonic acid",CC1=C(C(=CC=C1)S(=O)(=O)O)N=NC2=C(N=C(NC2=O)N)N,2514,1333483-07-0,HRWDIJMZQCVJJT-UHFFFAOYSA-N,324.32,S
2-[[4-[4-(Oxiran-2-ylmethoxy)phenyl]sulfonylphenoxy]methyl]oxirane,C1C(O1)COC2=CC=C(C=C2)S(=O)(=O)C3=CC=C(C=C3)OCC4CO4,8117,3878-43-1,RLTACIWKRKVZKZ-UHFFFAOYSA-N,362.4,S
2-Acrylamido-2-methyl-1-propanesulfonic acid,CC(C)(CS(=O)(=O)O)NC(=O)C=C,3401,15214-89-8,XHZPRMZZQOIPDS-UHFFFAOYSA-N,207.25,S
"2-Amino-5,6-dimethylbenzothiazole",CC1=CC2=C(C=C1C)SC(=N2)N,6940,29927-08-0,IODWHFFPQHUDAG-UHFFFAOYSA-N,178.26,S
2-Amino-5-methylbenzenesulfonic acid,CC1=CC(=C(C=C1)N)S(=O)(=O)O,14864,88-44-8,LTPSRQRIPCVMKQ-UHFFFAOYSA-N,187.22,S
"2-Amino-6-methyl-4,5,6,7-tetrahydro-1-benzothiophene-3-carbonitrile",CC1CCC2=C(C1)SC(=C2C#N)N,8462,42225-04-7,VDMBPDMXBJUYMB-UHFFFAOYSA-N,192.28,S
"2-Benzothiazolesulfenamide, N-(2-benzothiazolylthio)-N-(1,1-dimethylethyl)-",CC(C)(C)N(SC1=NC2=CC=CC=C2S1)SC3=NC4=CC=CC=C4S3,7980,3741-80-8,VILGDADBAQFRJE-UHFFFAOYSA-N,403.6,S
2-Benzothiazolyl diethyldithiocarbamate,CCN(CC)C(=S)SC1=NC2=CC=CC=C2S1,15746,95-30-7,LFMQNMXVVXHZCC-UHFFFAOYSA-N,282.5,S
2-Cyanopropan-2-YL benzodithioate,CC(C)(C#N)SC(=S)C1=CC=CC=C1,4684,201611-85-0,IDSLBLWCPSAZBL-UHFFFAOYSA-N,221.3,S
2-Cyanopropan-2-yl dodecyl carbonotrithioate,CCCCCCCCCCCCSC(=S)SC(C)(C)C#N,14806,870196-83-1,QSVOWVXHKOQYIP-UHFFFAOYSA-N,345.6,S
2-Dodecylbenzenesulfonic acid,CCCCCCCCCCCCC1=CC=CC=C1S(=O)(=O)O,6439,27176-87-0,WBIQQQGBSDOWNP-UHFFFAOYSA-N,326.5,S
2-Ethyl-1-hexanethiol,CCCCC(CC)CS,13172,7341-17-5,UCJMHYXRQZYNNL-UHFFFAOYSA-N,146.3,S
2-Ethylhexyl 3-mercaptopropionate,CCCCC(CC)COC(=O)CCS,9077,50448-95-8,SUODCTNNAKSRHB-UHFFFAOYSA-N,218.36,S
2-Ethylhexyl thioglycolate,CCCCC(CC)COC(=O)CS,13668,7659-86-1,OWHSTLLOZWTNTQ-UHFFFAOYSA-N,204.33,S
2-Hydroxyethanesulfonic acid,C(CS(=O)(=O)O)O,767,107-36-8,SUMDYPCJJOFFON-UHFFFAOYSA-N,126.13,S
2-Isopropylthioxanthone,CC(C)C1=CC2=C(C=C1)SC3=CC=CC=C3C2=O,9745,5495-84-1,KTALPKYXQZGAEG-UHFFFAOYSA-N,254.3,S
2-Mercapto-N-(4-(phenylamino)phenyl)acetamide,C1=CC=C(C=C1)NC2=CC=C(C=C2)NC(=O)CS,10543,60766-26-9,PTQUXQSEBAQTFZ-UHFFFAOYSA-N,258.34,S
2-Mercaptobenzimidazole,C1=CC=C2C(=C1)NC(=S)N2,10212,583-39-1,YHMYGUUIMTVXNW-UHFFFAOYSA-N,150.2,S
2-Mercaptobenzothiazole,C1=CC=C2C(=C1)NC(=S)S2,3295,149-30-4,YXIWHUQXZSMYRE-UHFFFAOYSA-N,167.3,S
2-Mercaptoethanesulfonic acid,C(CS(=O)(=O)O)S,15091,9005-46-3,ZNEWHQLOPFWXOF-UHFFFAOYSA-N,142.2,S
2-Mercaptoethyl decanoate,CCCCCCCCCC(=O)OCCS,12503,68928-33-6,ZXNNPJMEFLZCMP-UHFFFAOYSA-N,232.38,S
2-Mercaptoethyl octanoate,CCCCCCCC(=O)OCCS,10160,57813-59-9,BHWWTWCFLZECFZ-UHFFFAOYSA-N,204.33,S
2-Mercaptoethyl oleate,CCCCCCCC/C=C\CCCCCCCC(=O)OCCS,10342,59118-78-4,WEMJWKKJHSZRQT-KTKRTIGZSA-N,342.6,S
2-Mercaptopyridine,C1=CC(=S)NC=C1,6194,2637-34-5,WHMDPDGBKYUEMW-UHFFFAOYSA-N,111.17,S
2-Mercaptothiazoline,C1CSC(=S)N1,15882,96-53-7,WGJCBBASTRWVJL-UHFFFAOYSA-N,119.21,S
2-Methoxyphenyl isothiocyanate,COC1=CC=CC=C1N=C=S,7425,3288-04-8,QKAOOWJWWKWWOZ-UHFFFAOYSA-N,165.21,S
2-Methyl-3-furanthiol,CC1=C(C=CO1)S,6711,28588-74-1,RUYNUXHHUVUINQ-UHFFFAOYSA-N,114.17,S
2-Methyl-4'-(methylthio)-2-morpholinopropiophenone,CC(C)(C(=O)C1=CC=C(C=C1)SC)N2CCOCC2,12975,71868-10-5,LWRBVKNFOYUCNP-UHFFFAOYSA-N,279.4,S
"2-Methyl-4,5-dihydrofuran-3-thiol",CC1=C(CCO1)S,6235,26486-13-5,IHRSRTFITLMUQC-UHFFFAOYSA-N,116.18,S
"2-Methyl-4,6-bis((octylthio)methyl)phenol",CCCCCCCCSCC1=CC(=C(C(=C1)C)O)CSCCCCCCCC,1044,110553-27-0,GAODDBNJCKQQDY-UHFFFAOYSA-N,424.8,S
2-Methyl-4-isothiazolin-3-one,CN1C(=O)C=CS1,6359,2682-20-4,BEGLCMHJXHIJLR-UHFFFAOYSA-N,115.16,S
2-Methylbenzenesulfonic acid,CC1=CC=CC=C1S(=O)(=O)O,14857,88-20-0,LBLYYCQCTBFVLH-UHFFFAOYSA-N,172.2,S
2-Methylpentadecane-2-thiol,CCCCCCCCCCCCCC(C)(C)S,5862,25360-09-2,ZJCZFAAXZODMQT-UHFFFAOYSA-N,258.5,S
2-Methylundecane-2-thiol,CCCCCCCCCC(C)(C)S,124,10059-13-9,FRQQKWGDKVGLFI-UHFFFAOYSA-N,202.4,S
2-Naphthalenesulfonic acid,C1=CC=C2C=C(C=CC2=C1)S(=O)(=O)O,1567,120-18-3,KVBGVZZKJNLNJU-UHFFFAOYSA-N,208.24,S
2-Naphthol-6-sulfonic acid,C1=CC2=C(C=CC(=C2)S(=O)(=O)O)C=C1O,15540,93-01-6,VVPHSMHEYVOVLH-UHFFFAOYSA-N,224.23,S
2-Phenylbenzothiazole,C1=CC=C(C=C1)C2=NC3=CC=CC=C3S2,14891,883-93-2,XBHOUXSGHYZCNH-UHFFFAOYSA-N,211.28,S
2-Propyltetrahydrothiophene,CCCC1CCCS1,3471,1551-34-4,RKTPCTKFTDSWND-UHFFFAOYSA-N,130.25,S
2-Styrenesulfonic acid,C=CC1=CC=CC=C1S(=O)(=O)O,6380,26914-43-2,VMSBGXAJJLPWKV-UHFFFAOYSA-N,184.21,S
2-Sulfamoylbenzoic acid,C1=CC=C(C(=C1)C(=O)O)S(=O)(=O)N,11097,632-24-6,KDNIOKSLVIGAAN-UHFFFAOYSA-N,201.2,S
2-Sulfobenzoic acid,C1=CC=C(C(=C1)C(=O)O)S(=O)(=O)O,11098,632-25-7,ZMPRRFPMMJQXPP-UHFFFAOYSA-N,202.19,S
2-Sulfoethyl methacrylate,CC(=C)C(=O)OCCS(=O)(=O)O,628,10595-80-9,PRAMZQXXPOLCIY-UHFFFAOYSA-N,194.21,S
"2-Thiophenecarboxylic acid, 4-cyano-5-[[5-cyano-2,6-bis[(3-methoxypropyl)amino]-4-methyl-3-pyridinyl]azo]-3-methyl-, methyl ester",CC1=C(C(=NC(=C1N=NC2=C(C(=C(S2)C(=O)OC)C)C#N)NCCCOC)NCCCOC)C#N,13116,72968-71-9,SRTQDAZYCNOJON-UHFFFAOYSA-N,499.6,S
"2-Thiophenecarboxylic acid, 5-nonyl-",CCCCCCCCCC1=CC=C(S1)C(=O)O,10424,59782-34-2,VHGMGRAPHRVWCO-UHFFFAOYSA-N,254.39,S
"2H-1-Benzopyran-2-one, 7-(diethylamino)-3-(5-phenyl-1,3,4-thiadiazol-2-yl)-",CCN(CC)C1=CC2=C(C=C1)C=C(C(=O)O2)C3=NN=C(S3)C4=CC=CC=C4,10885,62143-26-4,JBYNUUNOLLCWRY-UHFFFAOYSA-N,377.5,S
"2H-Benzimidazole-2-thione, 1,3-dihydro-4-methyl-",CC1=C2C(=CC=C1)NC(=S)N2,9587,53988-10-6,UDQCDDZBBZNIFA-UHFFFAOYSA-N,164.23,S
"3,3'-Diamino-4,4'-dihydroxydiphenyl Sulfone",C1=CC(=C(C=C1S(=O)(=O)C2=CC(=C(C=C2)O)N)N)O,13535,7545-50-8,KECOIASOKMSRFT-UHFFFAOYSA-N,280.3,S
"3,3'-Dithiodipropionic acid",C(CSSCCC(=O)O)C(=O)O,1194,1119-62-6,YCLSOMLVSHPPFV-UHFFFAOYSA-N,210.3,S
"3,3'-Sulfonyldianiline",C1=CC(=CC(=C1)S(=O)(=O)C2=CC=CC(=C2)N)N,10445,599-61-1,LJGHYPLBDBRCRZ-UHFFFAOYSA-N,248.3,S
"3,3'-Thiodipropionic acid",C(CSCCC(=O)O)C(=O)O,1086,111-17-1,ODJQKYXPKWQWNK-UHFFFAOYSA-N,178.21,S
"3,4-Diaminobenzenesulfonic acid",C1=CC(=C(C=C1S(=O)(=O)O)N)N,13417,7474-78-4,FKSRSWQTEJTBMI-UHFFFAOYSA-N,188.21,S
"3,5-Dimethylthio-2,6-diaminotoluene",CC1=C(C(=CC(=C1N)SC)SC)N,16176,106264-79-3,TXDBDYPHJXUHEO-UHFFFAOYSA-N,214.4,S
3-(5-(Aminosulfonyl)benzoxazol-2-yl)-7-(diethylamino)coumarin,CCN(CC)C1=CC2=C(C=C1)C=C(C(=O)O2)C3=NC4=C(O3)C=CC(=C4)S(=O)(=O)N,12174,68427-35-0,SDUIURJVOCHJCO-UHFFFAOYSA-N,413.4,S
3-(Benzothiazol-2-yl)-7-(diethylamino)-2-oxo-2H-1-benzopyran-4-carbonitrile,CCN(CC)C1=CC2=C(C=C1)C(=C(C(=O)O2)C3=NC4=CC=CC=C4S3)C#N,12783,70546-25-7,NDKYYKABKLOOAP-UHFFFAOYSA-N,375.4,S
3-(Benzylsulfanyl)-5-methyl-4-oxoandrost-2-en-17-yl acetate,CC(=O)OC1CCC2C1(CCC3C2CCC4(C3(CC=C(C4=O)SCC5=CC=CC=C5)C)C)C,16575,,ZUYOXNCABKZXMW-UHFFFAOYSA-N,466.7,S
"3-(Furan-2-yl)-5-(naphthalen-1-ylmethylsulfanyl)-4-phenyl-1,2,4-triazole",C1=CC=C(C=C1)N2C(=NN=C2SCC3=CC=CC4=CC=CC=C43)C5=CC=CO5,10366,5926-55-6,RXGLOZHXBFAPAH-UHFFFAOYSA-N,383.5,S
3-(Methylthio)phenyl isothiocyanate,CSC1=CC=CC(=C1)N=C=S,9215,51333-80-3,IHKAGFVCXPFGRP-UHFFFAOYSA-N,181.3,S
3-(Methylthio)propionaldehyde,CSCCC=O,7388,3268-49-3,CLUWOWRTHNNBBU-UHFFFAOYSA-N,104.17,S
3-(Methylthio)thiophene,CSC1=CSC=C1,4813,20731-74-2,OTYBVBDWIKXFDO-UHFFFAOYSA-N,130.2,S
3-(Pyridin-1-ium-1-yl)propane-1-sulfonate,C1=CC=[N+](C=C1)CCCS(=O)(=O)[O-],3463,15471-17-7,REEBJQTUIJTGAL-UHFFFAOYSA-N,201.25,S
3-Cyclohexyl-1-propylsulfonic acid,C1CCC(CC1)NCCCS(=O)(=O)O,1320,1135-40-6,PJWWRFATQTVXHA-UHFFFAOYSA-N,221.32,S
3-Ethenylbenzene-1-thiol,C=CC1=CC(=CC=C1)S,13004,72032-27-0,SCXIDQOYDZIEKQ-UHFFFAOYSA-N,136.22,S
3-Ethyldibenzothiophene,CCC1=CC2=C(C=C1)SC3=CC=CC=C32,14956,89816-98-8,OIWTUZCEIKRYCP-UHFFFAOYSA-N,212.31,S
3-Hexylthiophene,CCCCCCC1=CSC=C1,3965,1693-86-3,JEDHEMYZURJGRQ-UHFFFAOYSA-N,168.3,S
"3-Mercapto-1,2-propanediol",C(C(CS)O)O,15875,96-27-5,PJUIMOJAAPLTRJ-UHFFFAOYSA-N,108.16,S
3-Mercaptopropionic acid,C(CS)C(=O)O,787,107-96-0,DKIDEFUBRARXTE-UHFFFAOYSA-N,106.15,S
3-Methyl-2-butenyl thiocyanate,CC(=CCSC#N)C,4547,1936-96-5,QWQGGPZHETYGOZ-UHFFFAOYSA-N,127.21,S
"3-Methylbenzo(b)naphtho(2,1-d)thiophene",CC1=CC2=C(C=C1)C3=C(C=C2)C4=CC=CC=C4S3,8796,4567-45-7,JESYLDJZJBANHW-UHFFFAOYSA-N,248.3,S
3-Methylpentane-3-thiol,CCC(C)(CC)S,3821,1639-03-8,AJWVDGABWLKIGT-UHFFFAOYSA-N,118.24,S
3-Methylthiazolidine-2-thione,CN1CCSC1=S,4495,1908-87-8,RGTLAJIDOSPEDH-UHFFFAOYSA-N,133.2,S
"3-Phenylthiane,S,S-dioxide",C1CC(CS(=O)(=O)C1)C2=CC=CC=C2,11592,6581-68-6,XKCGFOMTBPFTCD-UHFFFAOYSA-N,210.29,S
3[N-Morpholino]propane sulfonic acid,C1COCCN1CCCS(=O)(=O)O,1317,1132-61-2,DVLFYONBTKHTER-UHFFFAOYSA-N,209.27,S
"4,4'-Diamino-2,2'-stilbenedisulfonic acid",C1=CC(=C(C=C1N)S(=O)(=O)O)/C=C/C2=C(C=C(C=C2)N)S(=O)(=O)O,14261,81-11-8,REJHVSOVQBJEBF-OWOJBTEDSA-N,370.4,S
"4,4'-Dinitrostilbene-2,2'-disulfonic acid",C1=CC(=C(C=C1[N+](=O)[O-])S(=O)(=O)O)/C=C/C2=C(C=C(C=C2)[N+](=O)[O-])S(=O)(=O)O,2143,128-42-7,UETHPMGVZHBAFB-OWOJBTEDSA-N,430.4,S
"4,4'-Dithiodimorpholine",C1COCCN1SSN2CCOCC2,378,103-34-4,HLBZWYXLQJQBKU-UHFFFAOYSA-N,236.4,S
"4,4'-Oxybis(benzenesulfonyl hydrazide)",C1=CC(=CC=C1OC2=CC=C(C=C2)S(=O)(=O)NN)S(=O)(=O)NN,14102,80-51-3,NBOCQTNZUPTTEI-UHFFFAOYSA-N,358.4,S
"4,4'-Sulfonyldiphenol",C1=CC(=CC=C1O)S(=O)(=O)C2=CC=C(C=C2)O,14090,80-09-1,VPWNQTHUCYMVMZ-UHFFFAOYSA-N,250.27,S
"4,4'-Thiobis(2-tert-butyl-6-methylphenol)",CC1=CC(=CC(=C1O)C(C)(C)C)SC2=CC(=C(C(=C2)C)O)C(C)(C)C,15883,96-66-2,YFHKLSPMRRWLKI-UHFFFAOYSA-N,358.5,S
"4,4'-Thiobis(6-tert-butyl-m-cresol)",CC1=CC(=C(C=C1SC2=CC(=C(C=C2C)O)C(C)(C)C)C(C)(C)C)O,15884,96-69-5,HXIQYSLFEXIOAV-UHFFFAOYSA-N,358.5,S
"4,4'-Thiodianiline",C1=CC(=CC=C1N)SC2=CC=C(C=C2)N,2873,139-65-1,ICNFHJVPAJKPHW-UHFFFAOYSA-N,216.3,S
"4,4'-Thiodiphenol",C1=CC(=CC=C1O)SC2=CC=C(C=C2)O,6295,2664-63-3,VWGKEVWFBOUAND-UHFFFAOYSA-N,218.27,S
"4,5-Dimethylthiazole",CC1=C(SC=N1)C,7766,3581-91-7,UWSONZCNXUSTKW-UHFFFAOYSA-N,113.18,S
"4,6-Dimethyldibenzothiophene",CC1=C2C(=CC=C1)C3=CC=CC(=C3S2)C,1699,1207-12-1,MYAQZIAVOLKEGW-UHFFFAOYSA-N,212.31,S
"4,9-Dimethylnaphtho[2,3-b]thiophene",CC1=C2C=CSC2=C(C3=CC=CC=C13)C,3878,16587-34-1,VFABQOLTPSBUSZ-UHFFFAOYSA-N,212.31,S
4-(2-Hydroxyethyl)-1-piperazine ethanesulfonic acid,C1CN(CCN1CCO)CCS(=O)(=O)O,13195,7365-45-9,JKMHFZQWWAIEOD-UHFFFAOYSA-N,238.31,S
4-(4-Methylphenylthio)benzophenone,CC1=CC=C(C=C1)SC2=CC=C(C=C2)C(=O)C3=CC=CC=C3,14434,83846-85-9,DBHQYYNDKZDVTN-UHFFFAOYSA-N,304.4,S
"4-(Benzothiazol-2-ylthio)-2,6-dimethylmorpholine",CC1CN(CC(O1)C)SC2=NC3=CC=CC=C3S2,297,102-78-3,DNPSGCQXSGVQSK-UHFFFAOYSA-N,280.4,S
4-(Ethylthio)toluene,CCSC1=CC=C(C=C1)C,10900,622-63-9,TXMFDSUMJLQLGB-UHFFFAOYSA-N,152.26,S
4-(Methylthio)-2-butanone,CC(=O)CCSC,7583,34047-39-7,DRGHCRKOWMAZAO-UHFFFAOYSA-N,118.2,S
4-(Methylthio)aniline,CSC1=CC=C(C=C1)N,507,104-96-1,YKFROQCFVXOUPW-UHFFFAOYSA-N,139.22,S
4-(Methylthio)benzaldehyde,CSC1=CC=C(C=C1)C=O,7626,3446-89-7,QRVYABWJVXXOTN-UHFFFAOYSA-N,152.22,S
"4-[(1-Amino-9,10-dihydro-4-hydroxy-9,10-dioxo-2-anthryl)oxy]-N-(3-ethoxypropyl)benzenesulphonamide",CCOCCCNS(=O)(=O)C1=CC=C(C=C1)OC2=C(C3=C(C(=C2)O)C(=O)C4=CC=CC=C4C3=O)N,13043,72363-26-9,ALXCWDABTQQKAH-UHFFFAOYSA-N,496.5,S
4-Cyano-4-(dodecylsulfanylthiocarbonyl)sulfanylpentanoic acid,CCCCCCCCCCCCSC(=S)SC(C)(CCC(=O)O)C#N,14805,870196-80-8,RNTXYZIABJIFKQ-UHFFFAOYSA-N,403.7,S
4-Cyano-4-(thiobenzoylthio)pentanoic acid,CC(CCC(=O)O)(C#N)SC(=S)C1=CC=CC=C1,4685,201611-92-9,YNKQCPNHMVAWHN-UHFFFAOYSA-N,279.4,S
4-Decylbenzenesulfonic acid,CCCCCCCCCCC1=CC=C(C=C1)S(=O)(=O)O,2924,140-60-3,UASQKKHYUPBQJR-UHFFFAOYSA-N,298.4,S
4-Dodecylbenzenesulfonic acid,CCCCCCCCCCCCC1=CC=C(C=C1)S(=O)(=O)O,1725,121-65-3,KWXICGTUELOLSQ-UHFFFAOYSA-N,326.5,S
4-Ethenylbenzene-1-thiol,C=CC1=CC=C(C=C1)S,8799,45708-67-6,KCCWFTFCEHVSTM-UHFFFAOYSA-N,136.22,S
4-Ethylbenzenesulfonic acid,CCC1=CC=C(C=C1)S(=O)(=O)O,10099,57352-34-8,BRIXOPDYGQCZFO-UHFFFAOYSA-N,186.23,S
4-Ethylbenzenesulfonic acid,CCC1=CC=C(C=C1)S(=O)(=O)O,16004,98-69-1,BRIXOPDYGQCZFO-UHFFFAOYSA-N,186.23,S
"4-Hydroxy-3-(2'-hydroxy-[1,1'-biphenyl]-4-yl)-6-oxo-6,7-dihydrothieno[2,3-b]pyridine-5-carbonitrile",C1=CC=C(C(=C1)C2=CC=C(C=C2)C3=CSC4=C3C(=C(C(=O)N4)C#N)O)O,14502,844499-71-4,CTESJDQKVOEUOY-UHFFFAOYSA-N,360.4,S
4-Hydroxybenzenesulfonic acid,C1=CC(=CC=C1O)S(=O)(=O)O,16003,98-67-9,FEPBITJSIHRMRT-UHFFFAOYSA-N,174.18,S
4-Isopropylbenzenesulfonic acid,CC(C)C1=CC=C(C=C1)S(=O)(=O)O,3679,16066-35-6,CVLHGLWXLDOELD-UHFFFAOYSA-N,200.26,S
4-Isopropylbenzenesulfonic acid,CC(C)C1=CC=C(C=C1)S(=O)(=O)O,8035,37953-05-2,CVLHGLWXLDOELD-UHFFFAOYSA-N,200.26,S
4-Isopropylthioxanthone,CC(C)C1=CC=CC2=C1SC3=CC=CC=C3C2=O,14435,83846-86-0,IKVYHNPVKUNCJM-UHFFFAOYSA-N,254.3,S
4-Methylbenzenesulfonohydrazide,CC1=CC=C(C=C1)S(=O)(=O)NN,3574,1576-35-8,ICGLPKIVTVWCFT-UHFFFAOYSA-N,186.23,S
4-Methyldibenzothiophene,CC1=C2C(=CC=C1)C3=CC=CC=C3S2,13203,7372-88-5,NICUQYHIOMMFGV-UHFFFAOYSA-N,198.29,S
"4-Methylnaphtho[1,2-b]thiophene",CC1=CC2=CC=CC=C2C3=C1C=CS3,11754,67388-11-8,UDHJNWLQOZSJSP-UHFFFAOYSA-N,198.29,S
4-tert-Butyl-o-thiocresol,CC1=C(C=CC(=C1)C(C)(C)C)S,3492,15570-10-2,DUZJXKYBSMFDIU-UHFFFAOYSA-N,180.31,S
4-Undecylbenzenesulfonic acid,CCCCCCCCCCCC1=CC=C(C=C1)S(=O)(=O)O,8147,39156-49-5,UCDCOJNNUVYFKJ-UHFFFAOYSA-N,312.5,S
"5,7-Di-2-thienylthieno[3,4-b]pyrazine",C1=CSC(=C1)C2=C3C(=C(S2)C4=CC=CS4)N=CC=N3,3543,156645-42-0,FQDGUWXAKHTHRK-UHFFFAOYSA-N,300.4,S
"5-[(4-nitrobenzyl)sulfanyl]-4H-1,2,4-triazol-3-amine",C1=CC(=CC=C1CSC2=NNC(=N2)N)[N+](=O)[O-],8342,41266-79-9,DEJVQZGMBZKGIR-UHFFFAOYSA-N,251.27,S
5-[(6-Sulfonaphthalen-1-yl)methyl]naphthalene-2-sulfonic acid,C1=CC2=C(C=CC(=C2)S(=O)(=O)O)C(=C1)CC3=CC=CC4=C3C=CC(=C4)S(=O)(=O)O,15319,9084-06-4,XQFKOAKYKWUBKQ-UHFFFAOYSA-N,428.5,S
"5-Methyl-1,2,3-thiadiazole",CC1=CN=NS1,9076,50406-54-7,PJBPUBIFRFCYHE-UHFFFAOYSA-N,100.14,S
"5-Methylbenzo(b)naphtho(2,1-d)thiophene",CC1=CC2=C(C3=CC=CC=C13)SC4=CC=CC=C42,8797,4567-49-1,LCIWJCAUAOQCDL-UHFFFAOYSA-N,248.3,S
5-Nitro-o-toluenesulfonic acid,CC1=C(C=C(C=C1)[N+](=O)[O-])S(=O)(=O)O,1717,121-03-9,ZDTXQHVBLWYPHS-UHFFFAOYSA-N,217.2,S
5-Sulfoisophthalic acid,C1=C(C=C(C=C1C(=O)O)S(=O)(=O)O)C(=O)O,5111,22326-31-4,CARJPEPCULYFFP-UHFFFAOYSA-N,246.2,S
"6-Amino-2,3-dihydro-1,3-dioxo-1H-benz(de)isoquinoline-5-sulphonic acid",C1=CC2=C3C(=C1)C(=O)NC(=O)C3=CC(=C2N)S(=O)(=O)O,9318,52173-68-9,CTKMZCFTOKMBBS-UHFFFAOYSA-N,292.27,S
"7,8-Dimethylbenzo(b)naphtho(2,3-d)thiophene",CC1=C(C2=CC3=C(C=C2C=C1)C4=CC=CC=C4S3)C,5578,24964-12-3,VAGBNOVDXHIPRC-UHFFFAOYSA-N,262.4,S
"7-Methylbenzo[b]naphtho[2,3-d]thiophene",CC1=C2C=C3C(=CC2=CC=C1)C4=CC=CC=C4S3,5577,24964-09-8,CKOZCPVQNQOFGX-UHFFFAOYSA-N,248.3,S
"7H-Cyclopenta[1,2-c:3,4-c/']dithiophene",C1C2=CSC=C2C3=CSC=C31,4211,17965-48-9,HHSONWXYOAPAQZ-UHFFFAOYSA-N,178.3,S
"9,10-Anthracenedione, 1-hydroxy-4-[[4-[(methylsulfonyl)oxy]phenyl]amino]-",CS(=O)(=O)OC1=CC=C(C=C1)NC2=C3C(=C(C=C2)O)C(=O)C4=CC=CC=C4C3=O,3643,1594-08-7,NTZOUXAZCADJBZ-UHFFFAOYSA-N,409.4,S
9-(Sulphooxy)octadecanoic acid,CCCCCCCCCC(CCCCCCCC(=O)O)OS(=O)(=O)O,12018,68170-59-2,FISKBOUWERTLRE-UHFFFAOYSA-N,380.5,S
[Ethyl({[ethyl(phenyl)carbamothioyl]disulfanyl}carbothioyl)amino]benzene,CCN(C1=CC=CC=C1)C(=S)SSC(=S)N(CC)C2=CC=CC=C2,8351,41365-24-6,DNCLGFHLBSMLPC-UHFFFAOYSA-N,392.6,S
"Acetic acid, (2-benzothiazolylthio)-",C1=CC=C2C(=C1)N=C(S2)SCC(=O)O,11055,6295-57-4,ZZUQWNYNSKJLPI-UHFFFAOYSA-N,225.3,S
"Acetic acid, 2,2'-[methylenebis(thio)]bis-, dibutyl ester",CCCCOC(=O)CSCSCC(=O)OCCCC,3093,14338-82-0,QCWRDNFBMVSDEY-UHFFFAOYSA-N,308.5,S
"Acetic acid, [(1-methylpropyl)thio]-",CCC(C)SCC(=O)O,5171,22683-43-8,QHFJJZPTJJVNMG-UHFFFAOYSA-N,148.23,S
"Acetic acid, mercapto-, octyl ester",CCCCCCCCOC(=O)CS,13680,7664-80-4,MADOXCFISYCULS-UHFFFAOYSA-N,204.33,S
Aldicarb,CC(C)(/C=N/OC(=O)NC)SC,1390,116-06-3,QGLZXHRNAYXIBU-WEVVVXLNSA-N,190.27,S
"alpha-(2,4,6-Cycloheptatrienyl)-alpha-phenylacetaldehyde tosyl hydrazone",CC1=CC=C(C=C1)S(=O)(=O)N/N=C\C(C2C=CC=CC=C2)C3=CC=CC=C3,5154,22532-16-7,IAVUQMBXUHLXRR-QJOMJCCJSA-N,378.5,S
Ametryn,CCNC1=NC(=NC(=N1)SC)NC(C)C,14401,834-12-8,RQVYBGPQFYCBGX-UHFFFAOYSA-N,227.33,S
Amyl methyl disulfide,CCCCCSSC,13051,72437-68-4,VDJXDNLYBDHPHP-UHFFFAOYSA-N,150.3,S
Amyl methyl sulfide,CCCCCSC,4098,1741-83-9,FOJGPFUFFHWGFQ-UHFFFAOYSA-N,118.24,S
"Anthracene-9,10-dithiol",C1=CC=C2C(=C1)C(=C3C=CC=CC3=C2S)S,14770,86756-29-8,QHWTVIYSEHVEKU-UHFFFAOYSA-N,242.4,S
"Benzamide, 2,2'-dithiobis[n-methyl-",CNC(=O)C1=CC=CC=C1SSC2=CC=CC=C2C(=O)NC,5834,2527-58-4,JEVCLNJEBFWVPD-UHFFFAOYSA-N,332.4,S
"Benzenamine, N,N-bis(2-methylpropyl)-4-((5-((2-methylpropyl)sulfonyl)-1,3,4-thiadiazol-2-yl)azo)-",CC(C)CN(CC(C)C)C1=CC=C(C=C1)N=NC2=NN=C(S2)S(=O)(=O)CC(C)C,3823,163961-34-0,BZRWOVKCTOFFIW-UHFFFAOYSA-N,437.6,S
"Benzenamine, N,N-diethyl-3-methyl-4-((5-nitro-2-thiazolyl)azo)-",CCN(CC)C1=CC(=C(C=C1)N=NC2=NC=C(S2)[N+](=O)[O-])C,12801,70693-64-0,NJVKVRKBXAKSKG-UHFFFAOYSA-N,319.38,S
"Benzene, 1,1'-[(methylthio)ethenylidene]bis-",CSC=C(C1=CC=CC=C1)C2=CC=CC=C2,3363,15096-10-3,GKRXIURAUNDFJH-UHFFFAOYSA-N,226.3,S
"Benzene, 1,1'-[2-methyl-2-(phenylthio)cyclopropylidene]bis-",CC1(CC1(C2=CC=CC=C2)C3=CC=CC=C3)SC4=CC=CC=C4,10009,56728-02-0,DKKGXIJGZVZJRU-UHFFFAOYSA-N,316.5,S
"Benzene, 1,4-bis(phenylthio)-",C1=CC=C(C=C1)SC2=CC=C(C=C2)SC3=CC=CC=C3,7639,3459-94-7,WGBYOWIYAKVOLO-UHFFFAOYSA-N,294.4,S
"Benzene, 1-(ethylthio)-3-methyl-",CCSC1=CC=CC(=C1)C,7659,34786-24-8,HYWRFKLTGRADFO-UHFFFAOYSA-N,152.26,S
"Benzenecarbothioic acid, S-(4,5-dihydro-5-thioxo-1,3,4-thiadiazol-2-yl) ester",C1=CC=C(C=C1)C(=O)SC2=NNC(=S)S2,9295,51988-14-8,KIFSWJVHFMQPOS-UHFFFAOYSA-N,254.4,S
Benzenesulfonamide,C1=CC=C(C=C1)S(=O)(=O)N,15989,98-10-2,KHBQMWCZKVMBLN-UHFFFAOYSA-N,157.19,S
"Benzenesulfonamide, 4-((4-ethoxyphenyl)amino)-N,N-dimethyl-3-nitro-",CCOC1=CC=C(C=C1)NC2=C(C=C(C=C2)S(=O)(=O)N(C)C)[N+](=O)[O-],11750,67338-59-4,SIFKXZAVMBSRMB-UHFFFAOYSA-N,365.4,S
"Benzenesulfonamide, 4-methyl-N-[4-(phenylamino)phenyl]-",CC1=CC=C(C=C1)S(=O)(=O)NC2=CC=C(C=C2)NC3=CC=CC=C3,29,100-93-6,KEZPMZSDLBJCHH-UHFFFAOYSA-N,338.4,S
"Benzenesulfonamide, N,N,4-trimethyl-",CC1=CC=C(C=C1)S(=O)(=O)N(C)C,10448,599-69-9,WZKOKGOAHBIPCI-UHFFFAOYSA-N,199.27,S
Benzenesulfonic Acid,C1=CC=C(C=C1)S(=O)(=O)O,15990,98-11-3,SRSXLGNVWSONIS-UHFFFAOYSA-N,158.18,S
"Benzenesulfonic acid, 4-methyl-, 2-(aminocarbonyl)hydrazide",CC1=CC=C(C=C1)S(=O)(=O)NNC(=O)N,479,10396-10-8,VRFNYSYURHAPFL-UHFFFAOYSA-N,229.26,S
"Benzenesulfonic acid, oxybis-, 1,1'-dihydrazide",C1=CC(=C(C(=C1)OC2=CC=CC(=C2S(=O)(=O)N)N)S(=O)(=O)N)N,6825,29221-52-1,HRYBCFHSDUUIAS-UHFFFAOYSA-N,358.4,S
Benzenesulfonohydrazide,C1=CC=C(C=C1)S(=O)(=O)NN,14093,80-17-1,VJRITMATACIYAF-UHFFFAOYSA-N,172.21,S
"Benzenesulfonothioic acid, S-phenyl ester",C1=CC=C(C=C1)SS(=O)(=O)C2=CC=CC=C2,1738,1212-08-4,ATKJLMWDXASAJA-UHFFFAOYSA-N,250.3,S
"Benzenethiol, 2-ethenyl-",C=CC1=CC=CC=C1S,14946,89664-22-2,NADUDFSNHZPLIN-UHFFFAOYSA-N,136.22,S
Benzhydryl isothiocyanate,C1=CC=C(C=C1)C(C2=CC=CC=C2)N=C=S,7738,3550-21-8,WDOSFTZMBFYTED-UHFFFAOYSA-N,225.31,S
"Benzo(b)naphtho(2,3-d)thiophene, 6-methyl-",CC1=C2C(=CC3=CC=CC=C13)C4=CC=CC=C4S2,5423,24360-63-2,SMVYLXVOJHVADR-UHFFFAOYSA-N,248.3,S
"Benzo[b]naphtho[1,2-d]thiophene",C1=CC=C2C(=C1)C=CC3=C2C4=CC=CC=C4S3,4763,205-43-6,XZUMOEVHCZXMTR-UHFFFAOYSA-N,234.3,S
"Benzo[b]naphtho[2,1-d]thiophene",C1=CC=C2C(=C1)C=CC3=C2SC4=CC=CC=C34,5335,239-35-0,YEUHHUCOSQOCIX-UHFFFAOYSA-N,234.3,S
"Benzo[b]naphtho[2,3-d]thiophene, 6,8-dimethyl-",CC1=CC2=C(C3=C(C=C2C=C1)C4=CC=CC=C4S3)C,5579,24964-16-7,RHDRETOWNKZLPR-UHFFFAOYSA-N,262.4,S
Benzo[c]thiophene,C1=CC2=CSC=C2C=C1,6403,270-82-6,LYTMVABTDYMBQK-UHFFFAOYSA-N,134.2,S
Benzothiazole,C1=CC=C2C(=C1)N=CS2,15744,95-16-9,IOJUPLGTWVMSFF-UHFFFAOYSA-N,135.19,S
Benzothiophene,C1=CC=C2C(=C1)C=CS2,15743,95-15-8,FCEHBMOGCRZNNI-UHFFFAOYSA-N,134.2,S
Benzoyl isothiocyanate,C1=CC=C(C=C1)C(=O)N=C=S,9491,532-55-8,CPEKAXYCDKETEN-UHFFFAOYSA-N,163.2,S
Benzyl diethyldithiocarbamate,CCN(CC)C(=S)SCC1=CC=CC=C1,7053,3052-61-7,SNBMGLUIIGFNFE-UHFFFAOYSA-N,239.4,S
Benzyl dimethyldithiocarbamate,CN(C)C(=S)SCC1=CC=CC=C1,13060,7250-18-2,HLZBIKHKXIJIHX-UHFFFAOYSA-N,211.4,S
Benzyl Isothiocyanate,C1=CC=C(C=C1)CN=C=S,10901,622-78-6,MDKCFLQDBWCQCV-UHFFFAOYSA-N,149.21,S
Benzyl methyl disulfide,CSSCC1=CC=CC=C1,12688,699-10-5,NWYGPVZOBBHKLI-UHFFFAOYSA-N,170.3,S
Benzyl methyl sulfide,CSCC1=CC=CC=C1,13674,766-92-7,OFQPKKGMNWASPN-UHFFFAOYSA-N,138.23,S
Beta-Mercaptoethanol,C(CS)O,10458,60-24-2,DGVVWUTYPXICAM-UHFFFAOYSA-N,78.14,S
Bethoxazin,C1CS(=O)C(=NO1)C2=CC3=CC=CC=C3S2,3799,163269-30-5,NRAYWXLNSHEHQO-UHFFFAOYSA-N,251.3,S
Binaphthyl sulfone,C1=CC=C2C=C(C=CC2=C1)S(=O)(=O)C3=CC4=CC=CC=C4C=C3,7352,32390-26-4,RIUSNQJIDQVTEH-UHFFFAOYSA-N,318.4,S
Biotin,C1[C@H]2[C@@H]([C@@H](S1)CCCCC(=O)O)NC(=O)N2,10177,58-85-5,YBJHBAHKTGYVGT-ZKWXMUAHSA-N,244.31,S
"Bis(2-ethylhexyl) 2,2'-thiobisacetate",CCCCC(CC)COC(=O)CSCC(=O)OCC(CC)CCCC,5412,24293-43-4,KYWZILPIDASSGE-UHFFFAOYSA-N,374.6,S
Bis(2-ethylhexyl) dithiodiacetate,CCCCC(CC)COC(=O)CSSCC(=O)OCC(CC)CCCC,10922,62268-47-7,YREDCFUZMPDCSM-UHFFFAOYSA-N,406.6,S
Bis(2-mercaptoethyl) sulfide,C(CSCCS)S,7759,3570-55-6,KSJBMDCFYZKAFH-UHFFFAOYSA-N,154.3,S
Bis(methylphenyl) sulphone,CC1=CC=CC=C1S(=O)(=O)C2=CC=CC=C2C,9138,5097-12-1,KZCDMIJHGSSDFO-UHFFFAOYSA-N,246.33,S
Bis(vinylsulfonyl)methane,C=CS(=O)(=O)CS(=O)(=O)C=C,7414,3278-22-6,IJHIIHORMWQZRQ-UHFFFAOYSA-N,196.2,S
Butyl 3-mercaptopropionate,CCCCOC(=O)CCS,3740,16215-21-7,MGFFVSDRCRVHLC-UHFFFAOYSA-N,162.25,S
Butyl 4-methylbenzenesulfonate,CCCCOS(=O)(=O)C1=CC=C(C=C1)C,13857,778-28-9,QYJXDIUNDMRLAO-UHFFFAOYSA-N,228.31,S
Butyl isothiocyanate,CCCCN=C=S,10360,592-82-5,LIMQQADUEULBSO-UHFFFAOYSA-N,115.2,S
C.I. Direct Black 11,CC1=C(C(=C(C(=C1C)C)CSC2=NC3=CC=CC=C3C(=O)N2CC(C)C)C)C,11494,6486-52-8,BZCZGXOSHMMHLA-UHFFFAOYSA-N,394.6,S
C.I. Direct Black 15,C1CCCC(=NNS(=O)(=O)C2=CC=CC=C2)CC1,11336,6426-75-1,PRPVSAZLTZROPD-UHFFFAOYSA-N,266.36,S
"C.I. Direct Black 41, trisodium salt",CC1=CC(=CC=C1)N(CC(=O)NC2=C(C=CC(=C2)C)OC)S(=O)(=O)C3=CC=CC=C3,11495,6486-53-9,MIXJDBGJNZNUPN-UHFFFAOYSA-N,424.5,S
C.I. Direct Violet 3,CCC1=CC=CC=C1NC2=NC(=CS2)C3=CC=CC=N3,11512,6507-83-1,RPRRBCWJGDNBAO-UHFFFAOYSA-N,281.4,S
"Carbamodithioic acid, diethyl-, ethyl ester",CCN(CC)C(=S)SCC,8887,4740-11-8,RKDROQWWHWDICV-UHFFFAOYSA-N,177.3,S
"Carbamodithioic acid, phenyl-, ethyl ester",CCSC(=S)NC1=CC=CC=C1,2227,13037-20-2,GWCGONFKYSQUBK-UHFFFAOYSA-N,197.3,S
Carbon Disulfide,C(=S)=S,13460,75-15-0,QGJOPFRUJISHPQ-UHFFFAOYSA-N,76.15,S
"Carbonic acid, dithio-, O,S-diisopropyl ester",CC(C)OC(=S)SC(C)C,4596,19615-06-6,HSNHLHNSJCYPNU-UHFFFAOYSA-N,178.3,S
"Carbonodithioic acid, O-pentyl S-2-propenyl ester",CCCCCOC(=S)SCC=C,6878,2956-12-9,WTPBLTFCXYTHNZ-UHFFFAOYSA-N,204.4,S
Carbonyl sulfide,C(=O)=S,8827,463-58-1,JJWKPURADFRFRB-UHFFFAOYSA-N,60.08,S
Chinomethionate,CC1=CC2=C(C=C1)N=C3C(=N2)SC(=O)S3,5430,2439-01-2,FBQQHUGEACOBDN-UHFFFAOYSA-N,234.3,S
Cloth Red B,CC1=CC=CC=C1N=NC2=CC(=C(C=C2)N=NC3=C(C4=CC=CC=C4C(=C3)S(=O)(=O)O)O)C,11073,6300-53-4,MKDRTMKLHORKSV-UHFFFAOYSA-N,460.5,S
Coumarin 6,CCN(CC)C1=CC2=C(C=C1)C=C(C(=O)O2)C3=NC4=CC=CC=C4S3,8057,38215-36-0,VBVAVBCYMYWNOU-UHFFFAOYSA-N,350.4,S
Cresol red,CC1=C(C=CC(=C1)C2(C3=CC=CC=C3S(=O)(=O)O2)C4=CC(=C(C=C4)O)C)O,4080,1733-12-6,OBRMNDMBJQTZHV-UHFFFAOYSA-N,382.4,S
Cyanomethyl dodecyl carbonotrithioate,CCCCCCCCCCCCSC(=S)SCC#N,14075,796045-97-1,URUIKGRSOJEVQG-UHFFFAOYSA-N,317.6,S
Cyanomethyl methyl(phenyl)carbamodithioate,CN(C1=CC=CC=C1)C(=S)SCC#N,13706,76926-16-4,FYACMHCOSCVNHO-UHFFFAOYSA-N,222.3,S
Cybutryne,CC(C)(C)NC1=NC(=NC(=N1)NC2CC2)SC,6636,28159-98-0,HDHLIWCXDDZUFH-UHFFFAOYSA-N,253.37,S
Cyclohexyl isothiocyanate,C1CCC(CC1)N=C=S,1284,1122-82-3,MZSJGCPBOVTKHR-UHFFFAOYSA-N,141.24,S
"Cyclopenta[2,1-b:3,4-b']dithiophen-4-one",C1=CSC2=C1C(=O)C3=C2SC=C3,6008,25796-77-4,HFIUHKXJUKKOIZ-UHFFFAOYSA-N,192.3,S
Cyclopenta[c]thiopyran,C1=CC2=CSC=CC2=C1,6402,270-63-3,WITCGPMUKHXQGW-UHFFFAOYSA-N,134.2,S
Cyclopentyl-1-thiaethane,CSC1CCCC1,12912,7133-36-0,OTQVGYMGQKHLMY-UHFFFAOYSA-N,116.23,S
d-Camphorsulfonic acid,CC1([C@@H]2CC[C@]1(C(=O)C2)CS(=O)(=O)O)C,7222,3144-16-9,MIOPJNTWMNEORI-GMSGAONNSA-N,232.3,S
Dapsone,C1=CC(=CC=C1N)S(=O)(=O)C2=CC=C(C=C2)N,14089,80-08-0,MQJKPEGWNLWLTK-UHFFFAOYSA-N,248.3,S
Dazomet,CN1CN(C(=S)SC1)C,9501,533-74-4,QAYICIQNSGETAS-UHFFFAOYSA-N,162.3,S
Di(2-hydroxy-5-tert-butylphenyl) sulfide,CC(C)(C)C1=CC(=C(C=C1)O)SC2=C(C=CC(=C2)C(C)(C)C)O,7404,3273-24-3,KERJVHXRZDUVKQ-UHFFFAOYSA-N,330.5,S
Di(3-methyl phenyl)sulfone,CC1=CC(=CC=C1)S(=O)(=O)C2=CC=CC(=C2)C,9139,5097-13-2,NZOSGGNRVDMIHW-UHFFFAOYSA-N,246.33,S
Di-p-tolyl sulfone,CC1=CC=C(C=C1)S(=O)(=O)C2=CC=C(C=C2)C,10447,599-66-6,WEAYCYAIVOIUMG-UHFFFAOYSA-N,246.33,S
Di-tert-dodecyl disulfide,CCCCCCCCCC(C)(C)SSC(C)(C)CCCCCCCCC,6509,27458-90-8,LEDIWWJKWAMGLD-UHFFFAOYSA-N,402.8,S
Dibenzothiophene,C1=CC=C2C(=C1)C3=CC=CC=C3S2,2391,132-65-0,IYYZUPMFVPLQIF-UHFFFAOYSA-N,184.26,S
Dibenzyl disulfide,C1=CC=C(C=C1)CSSCC2=CC=CC=C2,3335,150-60-7,GVPWHKZIJBODOX-UHFFFAOYSA-N,246.4,S
Dibenzyl sulfone,C1=CC=C(C=C1)CS(=O)(=O)CC2=CC=CC=C2,10858,620-32-6,AWHNUHMUCGRKRA-UHFFFAOYSA-N,246.33,S
"Dibutyl 2,2'-thiobisacetate",CCCCOC(=O)CSCC(=O)OCCCC,8336,4121-12-4,RIQXZINBEMXOOE-UHFFFAOYSA-N,262.37,S
Dibutyl sulfate,CCCCOS(=O)(=O)OCCCC,10963,625-22-9,LMEDOLJKVASKTP-UHFFFAOYSA-N,210.29,S
Dibutyl xanthogen disulfide,CCCCOC(=S)SSC(=S)OCCCC,581,105-77-1,QCAZHHXMIVSLMW-UHFFFAOYSA-N,298.5,S
Dicyclopentyl sulfide,C1CCC(C1)SC2CCCC2,1297,1126-65-4,MSXKFSFICXVOAJ-UHFFFAOYSA-N,170.32,S
Diethyl disulfide,CCSSCC,1017,110-81-6,CETBSQOFQKLHHZ-UHFFFAOYSA-N,122.3,S
Diethyl sulfate,CCOS(=O)(=O)OCC,11248,64-67-5,DENRZWYUOJLTMF-UHFFFAOYSA-N,154.19,S
Diisobutyl sulfone,CC(C)CS(=O)(=O)CC(C)C,552,10495-45-1,ULSLZZKKTPQNNJ-UHFFFAOYSA-N,178.29,S
Diisopropyl disulfide,CC(C)SSC(C)C,8494,4253-89-8,LZAZXBXPKRULLB-UHFFFAOYSA-N,150.3,S
Diisopropyl xanthogen disulfide,CC(C)OC(=S)SSC(=S)OC(C)C,576,105-65-7,ZWWQICJTBOCQLA-UHFFFAOYSA-N,270.5,S
Dimethipin,CC1=C(S(=O)(=O)CCS1(=O)=O)C,9792,55290-64-7,PHVNLLCAQHGNKU-UHFFFAOYSA-N,210.3,S
"Dimethyl 3,3'-thiodipropionate",COC(=O)CCSCCC(=O)OC,8348,4131-74-2,MYWWWNVEZBAKHR-UHFFFAOYSA-N,206.26,S
Dimethyl Sulfate,COS(=O)(=O)OC,13729,77-78-1,VAYGXNSJCAHWJZ-UHFFFAOYSA-N,126.13,S
Dimethyl sulfone,CS(=O)(=O)C,11724,67-71-0,HHVIBTZHLRERCL-UHFFFAOYSA-N,94.14,S
Dimethyl Sulfoxide,CS(=O)C,11723,67-68-5,IAZDPXIOMUYVGZ-UHFFFAOYSA-N,78.14,S
Dimethyl tetrasulfide,CSSSSC,10125,5756-24-1,NPNIZCVKXVRCHF-UHFFFAOYSA-N,158.3,S
Dimethyl trisulfide,CSSSC,7863,3658-80-8,YWHLKYXPLRWGSE-UHFFFAOYSA-N,126.3,S
Dimethyl(2-((2-methyl-1-oxoallyl)oxy)ethyl)(3-sulphopropyl)ammonium hydroxide,CC(=C)C(=O)OCC[N+](C)(C)CCCS(=O)(=O)[O-],7828,3637-26-1,BCAIDFOKQCVACE-UHFFFAOYSA-N,279.36,S
Dimethyldiphenylthioperoxydicarbamic acid,CC1=CC=C(C=C1)NC(=S)SSC(=S)NC2=CC=C(C=C2)C,16262,53880-86-7,DKIOSBCZGFSSFK-UHFFFAOYSA-N,364.6,S
Dipentamethylenethiuram disulfide,C1CCN(CC1)C(=S)SSC(=S)N2CCCCC2,15661,94-37-1,KNBRWWCHBRQLNY-UHFFFAOYSA-N,320.6,S
Dipentamethylenethiuram hexasulfide,C1CCN(CC1)C(=S)SSSSSSC(=S)N2CCCCC2,15943,971-15-3,HPFHYRNETZEPIV-UHFFFAOYSA-N,448.8,S
Dipentamethylenethiuram tetrasulfide,C1CCN(CC1)C(=S)SSSSC(=S)N2CCCCC2,1574,120-54-7,VNDRMZTXEFFQDR-UHFFFAOYSA-N,384.7,S
Diphenyl disulfide,C1=CC=C(C=C1)SSC2=CC=CC=C2,14883,882-33-7,GUUVPOWQJOLRAS-UHFFFAOYSA-N,218.3,S
Diphenyl sulfide,C1=CC=C(C=C1)SC2=CC=CC=C2,2874,139-66-2,LTYMSROWYAPPGB-UHFFFAOYSA-N,186.27,S
Diphenyl sulfone,C1=CC=C(C=C1)S(=O)(=O)C2=CC=CC=C2,2110,127-63-9,KZTYYGOKRVBIMI-UHFFFAOYSA-N,218.27,S
Diphenyl sulfoxide,C1=CC=C(C=C1)S(=O)C2=CC=CC=C2,15717,945-51-7,JJHHIJFTHRNPIK-UHFFFAOYSA-N,202.27,S
Diphenyldithioperoxyanhydride,C1=CC=C(C=C1)C(=S)SSC(=S)C2=CC=CC=C2,10277,5873-93-8,LWGLGSPYKZTZBM-UHFFFAOYSA-N,306.5,S
Dipropyl sulfide,CCCSCCC,1101,111-47-7,ZERULLAPCVRMCO-UHFFFAOYSA-N,118.24,S
Dipyrithione,C1=CC=[N+](C(=C1)SSC2=CC=CC=[N+]2[O-])[O-],7905,3696-28-4,ZHDBTKPXEJDTTQ-UHFFFAOYSA-N,252.3,S
Disodium dodecyl(sulphonatophenoxy)benzenesulphonate,CCCCCCCCCCCCC1=C(C=CC=C1S(=O)(=O)O)OC2=CC=CC=C2S(=O)(=O)O,6697,28519-02-0,LYLUJWGZVASHOS-UHFFFAOYSA-N,498.7,S
Disperse Blue 106,CCN(CCO)C1=CC(=C(C=C1)N=NC2=NC=C(S2)[N+](=O)[O-])C,12280,68516-81-4,UIHYHADQHHUIOF-UHFFFAOYSA-N,335.38,S
Disperse Blue 106,CCN(CCO)C1=CC(=C(C=C1)N=NC2=NC=C(S2)[N+](=O)[O-])C,1820,12223-01-7,UIHYHADQHHUIOF-UHFFFAOYSA-N,335.38,S
Disperse blue 124,CCN(CCOC(=O)C)C1=CC(=C(C=C1)N=NC2=NC=C(S2)[N+](=O)[O-])C,3379,15141-18-1,HMAJVAFLGGPIPN-UHFFFAOYSA-N,377.4,S
Disperse Yellow 42,C1=CC=C(C=C1)NC2=C(C=C(C=C2)S(=O)(=O)NC3=CC=CC=C3)[N+](=O)[O-],9186,5124-25-4,BBFRYSKTTHYWQZ-UHFFFAOYSA-N,369.4,S
Disulfiram,CCN(CC)C(=S)SSC(=S)N(CC)CC,15931,97-77-8,AUZONCFQVSMFAP-UHFFFAOYSA-N,296.5,S
Dithienylbenzo[c]thiophene,C1=CC2=C(SC(=C2C=C1)C3=CC=CS3)C4=CC=CS4,3146,144810-53-7,XJOQFQVUDPLZSK-UHFFFAOYSA-N,298.5,S
Dixanthogen,CCOC(=S)SSC(=S)OCC,9049,502-55-6,FVIGODVHAVLZOO-UHFFFAOYSA-N,242.4,S
Docusate,CCCCC(CC)COC(=O)CC(C(=O)OCC(CC)CCCC)S(=O)(=O)O,106,10041-19-7,HNSDLXPSAYFUHK-UHFFFAOYSA-N,422.6,S
Dodecyl methyl sulfide,CCCCCCCCCCCCSC,7909,3698-89-3,KJWHJDGMOQJLGF-UHFFFAOYSA-N,216.43,S
Dodecyl sulfide,CCCCCCCCCCCCSCCCCCCCCCCCC,5504,2469-45-6,UPYPTOCXMIWHSG-UHFFFAOYSA-N,370.7,S
Dodecyl(sulfophenoxy)benzenesulfonic acid,CCCCCCCCCCCCC1=C(C=C(C=C1)OC2=CC=C(C=C2)S(=O)(=O)O)S(=O)(=O)O,7002,30260-72-1,ZPIMPPJEDUQYEW-UHFFFAOYSA-N,498.7,S
Ensulizole,C1=CC=C(C=C1)C2=NC3=C(N2)C=C(C=C3)S(=O)(=O)O,6520,27503-81-7,UVCJGUGAGLDPAA-UHFFFAOYSA-N,274.3,S
Ethanethiol,CCS,13457,75-08-1,DNJIEGIFACGWOD-UHFFFAOYSA-N,62.14,S
"Ethanol, 2-(ethenylthio)-",C=CSCCO,7155,3090-56-0,CJDXLHTYSXHWDC-UHFFFAOYSA-N,104.17,S
"Ethyl 2-(5-amino-1,3,4-thiadiazol-2-yl)acetate",CCOC(=O)CC1=NN=C(S1)N,14881,88124-55-4,AHRAVYTUHNLCHS-UHFFFAOYSA-N,187.22,S
Ethyl 4-({5-ethyl-2-[(phenylcarbonyl)amino]thiophen-3-yl}methyl)piperazine-1-carboxylate,CCC1=CC(=C(S1)NC(=O)C2=CC=CC=C2)CN3CCN(CC3)C(=O)OCC,16300,6911-45-1,NXNBQTKAIDIYCE-UHFFFAOYSA-N,401.5,S
Ethyl 9-oxo-9H-thioxanthene-2-carboxylate,CCOC(=O)C1=CC2=C(C=C1)SC3=CC=CC=C3C2=O,14429,83817-60-1,PKUZBJXWIOTQFQ-UHFFFAOYSA-N,284.3,S
Ethyl isothiocyanate,CCN=C=S,9640,542-85-8,HBNYJWAFDZLWRS-UHFFFAOYSA-N,87.15,S
Ethyl p-toluenesulfonate,CCOS(=O)(=O)C1=CC=C(C=C1)C,14097,80-40-0,VRZVPALEJCLXPR-UHFFFAOYSA-N,200.26,S
Ethyl thioglycolate,CCOC(=O)CS,10932,623-51-8,PVBRSNZAOAJRKO-UHFFFAOYSA-N,120.17,S
Ethylene bis(3-mercaptopropionate),C(CS)C(=O)OCCOC(=O)CCS,5150,22504-50-3,HAQZWTGSNCDKTK-UHFFFAOYSA-N,238.3,S
Ethylene thiourea,C1CNC(=S)N1,15879,96-45-7,PDQAZBWRQCGBEV-UHFFFAOYSA-N,102.16,S
Glycol dimercaptoacetate,C(COC(=O)CS)OC(=O)CS,1935,123-81-9,PSYGHMBJXWRQFD-UHFFFAOYSA-N,210.3,S
"Hexane, 1-(methylthio)-",CCCCCCSC,4711,20291-60-5,LZRXQHHKXDXOIC-UHFFFAOYSA-N,132.27,S
Hexyl 4-methylbenzenesulfonate,CCCCCCOS(=O)(=O)C1=CC=C(C=C1)C,8074,3839-35-8,IVQOVYWBHRSGJI-UHFFFAOYSA-N,256.36,S
Isooctyl thioglycolate,CC(C)CCCCCOC(=O)CS,5719,25103-09-7,RZBBHEJLECUBJT-UHFFFAOYSA-N,204.33,S
Isopropyl isothiocyanate,CC(C)N=C=S,5153,2253-73-8,VHBFEIBMZHEWSX-UHFFFAOYSA-N,101.17,S
Isopropylthioxanthone,CC(C)C1=C2C(=CC=C1)SC3=CC=CC=C3C2=O,13508,75081-21-9,YIKSHDNOAYSSPX-UHFFFAOYSA-N,254.3,S
Lauryl 3-mercaptopropionate,CCCCCCCCCCCCOC(=O)CCS,11225,6380-71-8,ARNIBHATWCFIIK-UHFFFAOYSA-N,274.5,S
Lauryl sulfate,CCCCCCCCCCCCOS(=O)(=O)O,3371,151-41-7,MOTZDAYCYVMXPC-UHFFFAOYSA-N,266.4,S
Lignosulfonic acid,COC1=CC=CC(=C1O)CC(CS(=O)(=O)O)OC2=C(C=C(C=C2)CCCS(=O)(=O)O)OC,14244,8062-15-5,FOGYNLXERPKEGN-UHFFFAOYSA-N,490.5,S
Methanesulfonic Acid,CS(=O)(=O)O,13491,75-75-2,AFVFQIVMOAPDHO-UHFFFAOYSA-N,96.11,S
Methanethiol,CS,13235,74-93-1,LSDPWZHWYPCBBB-UHFFFAOYSA-N,48.11,S
Methionine,CSCC[C@@H](C(=O)O)N,11060,63-68-3,FFEARJCKVFRZRR-BYPYZUCNSA-N,149.21,S
Methyl (ethylsulfonyl)(methoxy)acetate,CCS(=O)(=O)C(C(=O)OC)OC,17358,,HCSOONNWNNUBRI-UHFFFAOYSA-N,196.22,S
Methyl 3-mercaptopropionate,COC(=O)CCS,6850,2935-90-2,LDTLDBDUBGAEDT-UHFFFAOYSA-N,120.17,S
Methyl diethyldithiocarbamate,CCN(CC)C(=S)SC,12345,686-07-7,JYRXPFCUABYLPD-UHFFFAOYSA-N,163.3,S
Methyl isopentyl disulfide,CC(C)CCSSC,13050,72437-56-0,XTTOMWDBKHINLK-UHFFFAOYSA-N,150.3,S
Methyl n-hexyl disulfide,CCCCCCSSC,11394,64580-52-5,WZUAZKYWEVGSEC-UHFFFAOYSA-N,164.3,S
Methyl p-toluenesulfonate,CC1=CC=C(C=C1)S(=O)(=O)OC,14101,80-48-8,VUQUOGPMUUJORT-UHFFFAOYSA-N,186.23,S
Methyl phenyl sulfoxide,CS(=O)C1=CC=CC=C1,1534,1193-82-4,JXTGICXCHWMCPM-UHFFFAOYSA-N,140.2,S
Methyl propyl disulfide,CCCSSC,5013,2179-60-4,PUCHCUYBORIUSM-UHFFFAOYSA-N,122.3,S
Methyl thiocyanate,CSC#N,9840,556-64-9,VYHVQEYOFIYNJP-UHFFFAOYSA-N,73.12,S
Methylene dibutyldithiocarbamate,CCCCN(CCCC)C(=S)SCSC(=S)N(CCCC)CCCC,340,10254-57-6,LMODBLQHQHXPEI-UHFFFAOYSA-N,422.8,S
Methylene dithiocyanate,C(SC#N)SC#N,11095,6317-18-6,JWZXKXIUSSIAMR-UHFFFAOYSA-N,130.2,S
Morpholin-4-yl morpholine-4-carbodithioate,C1COCCN1C(=S)SN2CCOCC2,2789,13752-51-7,HOEFWOBLOGZQIQ-UHFFFAOYSA-N,248.4,S
"N,N'-Bisacrylylcystamine",C=CC(=O)NCCSSCCNC(=O)C=C,10566,60984-57-8,DJVKJGIZQFBFGS-UHFFFAOYSA-N,260.4,S
"N,N'-Diethylthiourea",CCNC(=S)NCC,569,105-55-5,FLVIGYVXZHLUHP-UHFFFAOYSA-N,132.23,S
"N,N'-Dimethyldiphenylthiuram disulphide",CN(C1=CC=CC=C1)C(=S)SSC(=S)N(C)C2=CC=CC=C2,622,10591-84-1,RDQQCSOIXMZZQR-UHFFFAOYSA-N,364.6,S
"N,N-Dicyclohexyl-2-benzothiazolesulfenamide",C1CCC(CC1)N(C2CCCCC2)SC3=NC4=CC=CC=C4S3,9003,4979-32-2,CMAUJSNXENPPOF-UHFFFAOYSA-N,346.6,S
"N,N-Dimethylthioacetamide",CC(=S)N(C)C,11081,631-67-4,LKNQXZAHNDFIQY-UHFFFAOYSA-N,103.19,S
N-(2-hydroxypropyl)benzenesulfonamide,CC(CNS(=O)(=O)C1=CC=CC=C1)O,7718,35325-02-1,DHRXPBUFQGUINE-UHFFFAOYSA-N,215.27,S
"N-(7-Oxo-4,5,6,7-tetrahydro-1,3-benzothiazol-2-yl)acetamide",CC(=O)NC1=NC2=C(S1)C(=O)CCC2,3454,154404-97-4,VXXUKWLHWFFUNS-UHFFFAOYSA-N,210.26,S
N-(Cyclohexylthio)phthalimide,C1CCC(CC1)SN2C(=O)C3=CC=CC=C3C2=O,4185,17796-82-6,UEZWYKZHXASYJN-UHFFFAOYSA-N,261.34,S
N-Butylbenzenesulfonamide,CCCCNS(=O)(=O)C1=CC=CC=C1,7803,3622-84-2,IPRJXAGUEGOFGG-UHFFFAOYSA-N,213.3,S
N-Cyclohexyl-2-benzothiazolesulfenamide,C1CCC(CC1)NSC2=NC3=CC=CC=C3S2,15749,95-33-0,DEQZTKGFXNUBJL-UHFFFAOYSA-N,264.4,S
N-Cyclohexyl-4-methylbenzenesulfonamide,CC1=CC=C(C=C1)S(=O)(=O)NC2CCCCC2,14095,80-30-8,DKYVVNLWACXMDW-UHFFFAOYSA-N,253.36,S
"N-Ethyl-1,3-benzothiazol-2-amine",CCNC1=NC2=CC=CC=C2S1,6656,28291-69-2,SPJIVJKZYGYWQH-UHFFFAOYSA-N,178.26,S
N-Ethyl-3-methylbenzenesulfonamide,CCNS(=O)(=O)C1=CC=CC(=C1)C,11710,66898-18-8,BRZYPWBFHXULOO-UHFFFAOYSA-N,199.27,S
N-Ethyl-O-toluenesulfonamide,CCNS(=O)(=O)C1=CC=CC=C1C,833,1077-56-1,NATWUQFQFMZVMT-UHFFFAOYSA-N,199.27,S
N-Ethyl-P-toluenesulfonamide,CCNS(=O)(=O)C1=CC=C(C=C1)C,14096,80-39-7,OHPZPBNDOVQJMH-UHFFFAOYSA-N,199.27,S
N-Ethyl-P-toluenesulfonamide,CCNS(=O)(=O)C1=CC=C(C=C1)C,2400,1321-54-6,OHPZPBNDOVQJMH-UHFFFAOYSA-N,199.27,S
N-tert-Butyl-2-benzothiazolesulfenamide,CC(C)(C)NSC1=NC2=CC=CC=C2S1,15747,95-31-8,IUJLOAKJZQBENM-UHFFFAOYSA-N,238.4,S
"Naphthalenesulfonic acid, dinonyl-",CCCCCCCCCC1=CC=CC2=CC(=CC(=C21)CCCCCCCCC)S(=O)(=O)O,16308,25322-17-2,ANYJSVKEVRJWRW-UHFFFAOYSA-N,460.7,S
"Naphtho[2,3-b]thiophene",C1=CC=C2C=C3C(=CC2=C1)C=CS3,6354,268-77-9,CYKIHIBNSFRKQP-UHFFFAOYSA-N,184.26,S
"Nonanal, 3-(methylthio)-",CCCCCCC(CC=O)SC,10811,61837-76-1,JSYSQMMAZDDRLW-UHFFFAOYSA-N,188.33,S
"O,p'-ditolyl sulfone",CC1=CC=C(C=C1)S(=O)(=O)C2=CC=CC=C2C,8421,41908-97-8,ITAJGXLAYACITF-UHFFFAOYSA-N,246.33,S
O-Isobutyl ethylthiocarbamate,CCNC(=S)OCC(C)C,9890,55860-53-2,HMZPXZFXOANPHS-UHFFFAOYSA-N,161.27,S
O-Phenolsulfonic acid,C1=CC=C(C(=C1)O)S(=O)(=O)O,2509,1333-39-7,IULJSGIJJZZUMF-UHFFFAOYSA-N,174.18,S
O-Toluenesulfonamide,CC1=CC=CC=C1S(=O)(=O)N,14856,88-19-7,YCMLQMDWSXFTIF-UHFFFAOYSA-N,171.22,S
O-Toluenesulfonamide,CC1=CC=CC=C1S(=O)(=O)N,2505,1333-07-9,YCMLQMDWSXFTIF-UHFFFAOYSA-N,171.22,S
Octhilinone,CCCCCCCCN1C(=O)C=CS1,6250,26530-20-1,JPMIIZHYYWMHDT-UHFFFAOYSA-N,213.34,S
Octyl 3-mercaptopropionate,CCCCCCCCOC(=O)CCS,12971,71849-93-9,LWNSNYBMYBWJDN-UHFFFAOYSA-N,218.36,S
Octyl disulfide,CCCCCCCCSSCCCCCCCC,14325,822-27-5,AROCLDYPZXMJPW-UHFFFAOYSA-N,290.6,S
P-Toluenesulfinic acid,CC1=CC=C(C=C1)S(=O)O,9547,536-57-2,FXJVNINSOKCNJP-UHFFFAOYSA-N,156.2,S
P-Toluenesulfonamide,CC1=CC=C(C=C1)S(=O)(=O)N,12702,70-55-3,LMYRWZFENFIFIT-UHFFFAOYSA-N,171.22,S
p-Toluenesulfonic acid,CC1=CC=C(C=C1)S(=O)(=O)O,483,104-15-4,JOXIMZWYDAKGHI-UHFFFAOYSA-N,172.2,S
"p-Toluenesulfonic acid, isopropylidenehydrazide",CC1=CC=C(C=C1)S(=O)(=O)NN=C(C)C,8137,3900-79-6,XJXJLURHJAVZJI-UHFFFAOYSA-N,226.3,S
p-Tolyl disulfide,CC1=CC=C(C=C1)SSC2=CC=C(C=C2)C,370,103-19-5,TZOVOULUMXXLOJ-UHFFFAOYSA-N,246.4,S
p-Vinylphenyl isothiocyanate,C=CC1=CC=C(C=C1)N=C=S,3393,1520-20-3,VLYLPZIBVLBOLH-UHFFFAOYSA-N,161.23,S
Pentaerythritol tetrakis(2-mercaptoacetate),C(C(=O)OCC(COC(=O)CS)(COC(=O)CS)COC(=O)CS)S,269,10193-99-4,RUDUCNPHDIMQCY-UHFFFAOYSA-N,432.6,S
Pentaerythritol tetrakis(3-mercaptopropionate),C(CS)C(=O)OCC(COC(=O)CCS)(COC(=O)CCS)COC(=O)CCS,13563,7575-23-7,JOBBTVPTPXRUBP-UHFFFAOYSA-N,488.7,S
"Peroxide, acetyl cyclohexylsulfonyl",CC(=O)OOS(=O)(=O)C1CCCCC1,7282,3179-56-4,BSVQJWUUZCXSOL-UHFFFAOYSA-N,222.26,S
Phenacyl thiocyanate,C1=CC=C(C=C1)C(=O)CSC#N,9589,5399-30-4,DLLVIJACDVJDIP-UHFFFAOYSA-N,177.22,S
Phenol red,C1=CC=C2C(=C1)C(OS2(=O)=O)(C3=CC=C(C=C3)O)C4=CC=C(C=C4)O,3082,143-74-8,BELBBZDIHDAJOR-UHFFFAOYSA-N,354.4,S
"Phenol, 2-((ethylsulfonyl)methyl)-",CCS(=O)(=O)CC1=CC=CC=C1O,9514,53380-27-1,PMHBGORIEUVGTQ-UHFFFAOYSA-N,200.26,S
Phenothiazine,C1=CC=C2C(=C1)NC3=CC=CC=C3S2,15457,92-84-2,WJFKNYWRSNBZNX-UHFFFAOYSA-N,199.27,S
Phenyl 1-pentadecanesulfonate,CCCCCCCCCCCCCCCS(=O)(=O)OC1=CC=CC=C1,15391,91082-17-6,UDKSLGIUCGAZTK-UHFFFAOYSA-N,368.6,S
Piperidino disulfide,C1CCN(CC1)SSN2CCCCC2,324,10220-20-9,FAEFMMUOKVKFBE-UHFFFAOYSA-N,232.4,S
Prometryn,CC(C)NC1=NC(=NC(=N1)SC)NC(C)C,13101,7287-19-6,AAEVYOVXGOFMJO-UHFFFAOYSA-N,241.36,S
"Propanenitrile, 3-[[2-(acetyloxy)ethyl][4-[(6-nitro-2-benzothiazolyl)azo]phenyl]amino]-",CC(=O)OCCN(CCC#N)C1=CC=C(C=C1)N=NC2=NC3=C(S2)C=C(C=C3)[N+](=O)[O-],11979,68133-69-7,ZNUBBVSUTSNSIM-UHFFFAOYSA-N,438.5,S
"Propanoic acid, 3-mercapto-, octadecyl ester",CCCCCCCCCCCCCCCCCCOC(=O)CCS,7275,31778-15-1,UCUPUEARJPTGKU-UHFFFAOYSA-N,358.6,S
Racemethionine,CSCCC(C(=O)O)N,10310,59-51-8,FFEARJCKVFRZRR-UHFFFAOYSA-N,149.21,S
S-Benzoyl-N-(p-nitrobenzylidene)thiohydroxylamine,C1=CC=C(C=C1)C(=O)SN=CC2=CC=C(C=C2)[N+](=O)[O-],16193,139776-09-3,ZZORWWALTATITR-UHFFFAOYSA-N,286.31,S
Saccharin,C1=CC=C2C(=C1)C(=O)NS2(=O)=O,14260,81-07-2,CVHZOJJKTDOEJC-UHFFFAOYSA-N,183.19,S
sec-Butyl Methyl sulfide,CCC(C)SC,443,10359-64-5,IJRCRFQMYAJPPO-UHFFFAOYSA-N,104.22,S
Spironolactone,CC(=O)S[C@@H]1CC2=CC(=O)CC[C@@]2([C@@H]3[C@@H]1[C@@H]4CC[C@]5([C@]4(CC3)C)CCC(=O)O5)C,9299,52-01-7,LXMSZDCAJNLERA-ZHYRCANASA-N,416.6,S
Sulfanilic acid,C1=CC(=CC=C1N)S(=O)(=O)O,1724,121-57-3,HVBSAKJJOYLTQU-UHFFFAOYSA-N,173.19,S
Sulfolane,C1CCS(=O)(=O)C1,2053,126-33-0,HXJUTPCZVOIRIF-UHFFFAOYSA-N,120.17,S
Sulfosuccinic acid,C(C(C(=O)O)S(=O)(=O)O)C(=O)O,9222,5138-18-1,ULUAUXLGCMPNKK-UHFFFAOYSA-N,198.15,S
"Sulfurous acid, 2-ethylhexyl isohexyl ester",CCCCC(CC)COS(=O)OCCCC(C)C,17215,,WAMXUMONYFATAP-UHFFFAOYSA-N,278.45,S
"Sulfurous acid, 2-ethylhexyl octadecyl ester",CCCCCCCCCCCCCCCCCCOS(=O)OCC(CC)CCCC,17418,,JBYTXZITIKWYGX-UHFFFAOYSA-N,446.8,S
"Sulfurous acid, 2-propyl undecyl ester",CCCCCCCCCCCOS(=O)OC(C)C,16613,,OKEGTUGDOLJWGO-UHFFFAOYSA-N,278.45,S
"Sulfurous acid, butyl decyl ester",CCCCCCCCCCOS(=O)OCCCC,17193,,JBVHMGZUWGSNEG-UHFFFAOYSA-N,278.45,S
"Sulfurous acid, butyl dodecyl ester",CCCCCCCCCCCCOS(=O)OCCCC,15835,959095-65-9,YAPWCTMDKNJQRU-UHFFFAOYSA-N,306.5,S
"Sulfurous acid, decyl 2-ethylhexyl ester",CCCCCCCCCCOS(=O)OCC(CC)CCCC,17399,,VOHWBXINGUVCCT-UHFFFAOYSA-N,334.6,S
"Sulfurous acid, dodecyl 2-propyl ester",CCCCCCCCCCCCOS(=O)OC(C)C,15819,959002-57-4,XIDCDJNCSIIMNH-UHFFFAOYSA-N,292.5,S
"Sulfurous acid, dodecyl pentyl ester",CCCCCCCCCCCCOS(=O)OCCCCC,17194,,IGJMFVAPVPONIA-UHFFFAOYSA-N,320.5,S
"Sulfurous acid, octadecyl pentyl ester",CCCCCCCCCCCCCCCCCCOS(=O)OCCCCC,17605,,MUGLBKVIXNFMSC-UHFFFAOYSA-N,404.7,S
"Sulfurous acid, pentadecyl 2-propyl ester",CCCCCCCCCCCCCCCOS(=O)OC(C)C,17195,,BASIKHNNFOJBOF-UHFFFAOYSA-N,334.6,S
Sulisobenzone,COC1=C(C=C(C(=C1)O)C(=O)C2=CC=CC=C2)S(=O)(=O)O,8284,4065-45-6,CXVGEDCSTKKODG-UHFFFAOYSA-N,308.31,S
Terbutryn,CCNC1=NC(=NC(=N1)SC)NC(C)(C)C,14902,886-50-0,IROINLKCQGIITA-UHFFFAOYSA-N,241.36,S
Tert-dodecanethiol,CC(C)C(C)(C)C(C)(C)C(C)(C)S,5721,25103-58-6,YAJYJWXEWKRTPO-UHFFFAOYSA-N,202.4,S
tert-Nonanethiol,CCCCCCC(C)(C)S,5863,25360-10-5,MPBLPZLNKKGCGP-UHFFFAOYSA-N,160.32,S
Tetrabutylthiuram disulfide,CCCCN(CCCC)C(=S)SSC(=S)N(CCCC)CCCC,3803,1634-02-2,PGAXJQVAHDTGBB-UHFFFAOYSA-N,408.8,S
Tetramethylthiuram monosulfide,CN(C)C(=S)SC(=S)N(C)C,15930,97-74-5,REQPQFUJGGOFQL-UHFFFAOYSA-N,208.4,S
Tetrapropylenebenzenesulfonic acid,CC1CC2=C1C3=C(C4=C2C(C45CC5C)C)S(=O)(=O)OC(C3)C,1047,11067-81-5,FODHIQQNHOPUKH-UHFFFAOYSA-N,318.4,S
Thiabendazole,C1=CC=C2C(=C1)NC(=N2)C3=CSC=N3,3265,148-79-8,WJCNZQLZVWNLKY-UHFFFAOYSA-N,201.25,S
Thioacetamide,CC(=S)N,10852,62-55-5,YUKQRDCYNOVPGJ-UHFFFAOYSA-N,75.14,S
"Thiocarbamic acid, N,N-dimethyl, S-1,3-diphenyl-2-butenyl ester",C/C(=C\C(C1=CC=CC=C1)SC(=O)N(C)C)/C2=CC=CC=C2,16618,,ZZVJFOILOLRPMZ-CCEZHUSRSA-N,311.4,S
Thiocarbanilide,C1=CC=C(C=C1)NC(=S)NC2=CC=CC=C2,280,102-08-9,FCSHMCFRCYZTRQ-UHFFFAOYSA-N,228.31,S
"Thiodicarbonic diamide (((H2N)C(S))2S), tetrakis(2-methylpropyl)-",CC(C)CN(CC(C)C)C(=S)SC(=S)N(CC(C)C)CC(C)C,4751,204376-00-1,NFZRSOHGHXZUPA-UHFFFAOYSA-N,376.7,S
"Thiodiethane-1,2-diyl bis(3-aminobut-2-enoate)",C/C(=C\C(=O)OCCSCCOC(=O)/C=C(/C)\N)/N,2701,13560-49-1,GZVBGWRBVGVPLI-FKJILZIQSA-N,288.37,S
Thioglycolic acid,C(C(=O)O)S,11890,68-11-1,CWERGRDVMFNCDR-UHFFFAOYSA-N,92.12,S
Thioindigo,C1=CC=C2C(=C1)C(=O)/C(=C\3/C(=O)C4=CC=CC=C4S3)/S2,9322,522-75-8,JOUDBUYBGJYFFP-FOCLMDBBSA-N,296.4,S
"Thioperoxydicarbonic diamide ([(H2N)C(S)]2S2), tetrakis(2-methylpropyl)-",CC(C)CN(CC(C)C)C(=S)SSC(=S)N(CC(C)C)CC(C)C,7080,3064-73-1,QOTYLQBPNZRMNL-UHFFFAOYSA-N,408.8,S
Thiophene,C1=CSC=C1,5816,25233-34-5,YTPLMLYBLZKORZ-UHFFFAOYSA-N,84.14,S
Thiophene,C1=CSC=C1,978,110-02-1,YTPLMLYBLZKORZ-UHFFFAOYSA-N,84.14,S
"Thiophene, 2-(4-methylbenzylsulfonyl)-",CC1=CC=C(C=C1)CS(=O)(=O)C2=CC=CS2,3445,153837-88-8,KFVNDBSYTXLZLS-UHFFFAOYSA-N,252.4,S
"Thiopyrano[3,2-b]thiopyran-4,8-dione",C1=CSC2=C(C1=O)SC=CC2=O,4087,173679-20-4,JQEXLLJKRVPXMB-UHFFFAOYSA-N,196.3,S
"Thiopyrano[3,2-b]thiopyran-4,8-dithione",C1=CSC2=C(C1=S)SC=CC2=S,4088,173679-25-9,WUGVRHGMPQTQQH-UHFFFAOYSA-N,228.4,S
Thiourea,C(=S)(N)N,10853,62-56-6,UMGDCJDMYOKAJW-UHFFFAOYSA-N,76.12,S
Thiram,CN(C)C(=S)SSC(=S)N(C)C,2758,137-26-8,KUAZQDVKQLNFPE-UHFFFAOYSA-N,240.4,S
Tolnaftate,CC1=CC(=CC=C1)N(C)C(=S)OC2=CC3=CC=CC=C3C=C2,5351,2398-96-1,FUSNMLFNXJSCDI-UHFFFAOYSA-N,307.4,S
"Toluene-3,4-dithiol",CC1=CC(=C(C=C1)S)S,8987,496-74-2,NIAAGQAEVGMHPM-UHFFFAOYSA-N,156.3,S
Tosyl isocyanate,CC1=CC=C(C=C1)S(=O)(=O)N=C=O,8310,4083-64-1,VLJQDHDVZJXNQL-UHFFFAOYSA-N,197.21,S
Tributylthiourea,CCCCNC(=S)N(CCCC)CCCC,5387,2422-88-0,UDYXMTORTDACTG-UHFFFAOYSA-N,244.44,S
Trimethylolpropane tris(3-mercaptopropionate),CCC(COC(=O)CCS)(COC(=O)CCS)COC(=O)CCS,7441,33007-83-9,IMQFZQVZKBIPCQ-UHFFFAOYSA-N,398.6,S
Trithiocyanuric acid,C1(=S)NC(=S)NC(=S)N1,11216,638-16-4,WZRRRFSJFQTGGB-UHFFFAOYSA-N,177.3,S
Vinylsulfonic acid,C=CS(=O)(=O)O,1477,1184-84-5,NLVXSWCKKBEXTG-UHFFFAOYSA-N,108.12,S
"3H-2,1-Benzoxathiol-3-one, 4,5,6,7-tetrabromo-, 1,1-dioxide",C12=C(C(=C(C(=C1Br)Br)Br)Br)S(=O)(=O)OC2=O,12226,68460-01-5,QPGYGIVRJIICGZ-UHFFFAOYSA-N,499.76,"S,Br"
1-Chloro-4-propoxy-9H-thioxanthen-9-one,CCCOC1=C2C(=C(C=C1)Cl)C(=O)C3=CC=CC=C3S2,3058,142770-42-1,VKQJCUYEEABXNK-UHFFFAOYSA-N,304.8,"S,Cl"
1-Octanesulfonyl chloride,CCCCCCCCS(=O)(=O)Cl,13941,7795-95-1,WIVNTNLDTMNDNO-UHFFFAOYSA-N,212.74,"S,Cl"
"2,3,5,6-Tetrachloro-4-(methylsulfinyl) pyridine",CS(=O)C1=C(C(=NC(=C1Cl)Cl)Cl)Cl,515,10419-97-3,LLIGYFMMLRXXKF-UHFFFAOYSA-N,279,"S,Cl"
"2,3,5,6-Tetrachloro-4-(methylsulfonyl)pyridine",CS(=O)(=O)C1=C(C(=NC(=C1Cl)Cl)Cl)Cl,2302,13108-52-6,NMCCNOZOBBWFMN-UHFFFAOYSA-N,295,"S,Cl"
"2-((4-(3-(4-Chlorophenyl)-4,5-dihydro-1H-pyrazol-1-yl)phenyl)sulphonyl)ethanol",C1CN(N=C1C2=CC=C(C=C2)Cl)C3=CC=C(C=C3)S(=O)(=O)CCO,7855,3656-22-2,WCXDRTSNSUAZLB-UHFFFAOYSA-N,364.8,"S,Cl"
"2-[2-[2-(4-chlorophenyl)-4-(3,4-dihydropyrazol-2-yl)phenyl]sulfonylethoxy]-N,N-dimethylethanamine",CN(C)CCOCCS(=O)(=O)C1=C(C=C(C=C1)N2CCC=N2)C3=CC=C(C=C3)Cl,11648,6608-80-6,YXWITWSXVDBYQY-UHFFFAOYSA-N,436,"S,Cl"
2-Amino-4-chloro-5-methylbenzenesulfonic acid,CC1=CC(=C(C=C1Cl)N)S(=O)(=O)O,14865,88-51-7,VRLPHBSFRWMMPW-UHFFFAOYSA-N,221.66,"S,Cl"
2-Amino-5-chloro-4-ethylbenzenesulfonic acid,CCC1=CC(=C(C=C1Cl)S(=O)(=O)O)N,14866,88-56-2,DJOIZOKQHNHZPN-UHFFFAOYSA-N,235.69,"S,Cl"
"2-Naphthalenecarboxylic acid, 4-[(5-chloro-4-methyl-2-sulfophenyl)azo]-3-hydroxy-",CC1=CC(=C(C=C1Cl)N=NC2=C(C(=CC3=CC=CC=C32)C(=O)O)O)S(=O)(=O)O,9443,5280-66-0,LZNMMJSXOXXHFD-UHFFFAOYSA-N,420.8,"S,Cl"
"4,4'-Dichlorodiphenyl sulfone",C1=CC(=CC=C1S(=O)(=O)C2=CC=C(C=C2)Cl)Cl,14088,80-07-9,GPAPPPVRLPGFEQ-UHFFFAOYSA-N,287.2,"S,Cl"
"4,5-Dichloro-3H-1,2-dithiol-3-one",C1(=C(SSC1=O)Cl)Cl,1529,1192-52-5,QGSRKGWCQSATCL-UHFFFAOYSA-N,187.1,"S,Cl"
"4,7-Dichloro-2-(4,7-dichloro-3-oxobenzo[b]thien-2(3H)-ylidene)benzo[b]thiophene-3(2H)-one",C1=CC(=C2C(=C1Cl)C(=O)/C(=C\3/C(=O)C4=C(C=CC(=C4S3)Cl)Cl)/S2)Cl,3070,14295-43-3,KZFMOINJHMONLW-FOCLMDBBSA-N,434.1,"S,Cl"
4-Amino-N-(6-chloro-5-ethoxy-4-pyrimidinyl)benzenesulfonamide,CCOC1=C(N=CN=C1Cl)NS(=O)(=O)C2=CC=C(C=C2)N,10471,6003-28-7,OCWGCAWTLDBYEV-UHFFFAOYSA-N,328.78,"S,Cl"
5-Chloro-2-methyl-4-isothiazolin-3-one,CN1C(=O)C=C(S1)Cl,6131,26172-55-4,DHNRXBZYEKSXIM-UHFFFAOYSA-N,149.6,"S,Cl"
5-Chloro-3-phenyl-4-isothiazolecarbonitrile,C1=CC=C(C=C1)C2=NSC(=C2C#N)Cl,4549,19363-60-1,XVZHEHJRVLCBAM-UHFFFAOYSA-N,220.68,"S,Cl"
Benzenesulfonyl chloride,C1=CC=C(C=C1)S(=O)(=O)Cl,15988,98-09-9,CSKNSYBAZOQPLR-UHFFFAOYSA-N,176.62,"S,Cl"
beta-Endosulfan,C1[C@@H]2[C@H](COS(=O)O1)[C@@]3(C(=C([C@]2(C3(Cl)Cl)Cl)Cl)Cl)Cl,15818,959-98-8,RDYMFSUJUZBWLH-AZVNHNRSSA-N,406.9,"S,Cl"
beta-Endosulfan,C1[C@@H]2[C@H](COS(=O)O1)[C@@]3(C(=C([C@]2(C3(Cl)Cl)Cl)Cl)Cl)Cl,7468,33213-65-9,RDYMFSUJUZBWLH-AZVNHNRSSA-N,406.9,"S,Cl"
Bis(trichloromethyl)sulfone,C(S(=O)(=O)C(Cl)(Cl)Cl)(Cl)(Cl)Cl,7079,3064-70-8,YBNLWIZAWPBUKQ-UHFFFAOYSA-N,300.8,"S,Cl"
Captan,C1C=CCC2C1C(=O)N(C2=O)SC(Cl)(Cl)Cl,2476,133-06-2,LDVVMCZRFWMZSG-UHFFFAOYSA-N,300.6,"S,Cl"
Clothianidin,CN/C(=N\[N+](=O)[O-])/NCC1=CN=C(S1)Cl,4882,210880-92-5,PGOOBECODWQEAB-UHFFFAOYSA-N,249.68,"S,Cl"
D&C Red No. 30,CC1=CC(=CC2=C1C(=O)/C(=C\3/C(=O)C4=C(S3)C=C(C=C4C)Cl)/S2)Cl,5317,2379-74-0,NDDLLTAIKYHPOD-ISLYRVAYSA-N,393.3,"S,Cl"
Dansyl chloride,CN(C)C1=CC=CC2=C1C=CC=C2S(=O)(=O)Cl,10523,605-65-2,XPDXVDYUQZHFPV-UHFFFAOYSA-N,269.75,"S,Cl"
Endosulfan,C1C2C(COS(=O)O1)C3(C(=C(C2(C3(Cl)Cl)Cl)Cl)Cl)Cl,1362,115-29-7,RDYMFSUJUZBWLH-UHFFFAOYSA-N,406.9,"S,Cl"
Endosulfan sulfate,C1C2C(COS(=O)(=O)O1)C3(C(=C(C2(C3(Cl)Cl)Cl)Cl)Cl)Cl,400,1031-07-8,AAPVQEMYVNZIOO-UHFFFAOYSA-N,422.9,"S,Cl"
Ethyl 2-[(1-chloro-9-oxo-9H-thioxanthen-4-yl)oxy]acetate,CCOC(=O)COC1=C2C(=C(C=C1)Cl)C(=O)C3=CC=CC=C3S2,90,1003315-69-2,VQGRHMLEZISFRB-UHFFFAOYSA-N,348.8,"S,Cl"
Fluorescent brightener 121,C1CN(N=C1C2=CC=C(C=C2)Cl)C3=CC=C(C=C3)S(=O)(=O)N,6504,2744-49-2,VZTHUHAJEZPWNC-UHFFFAOYSA-N,335.8,"S,Cl"
Folpet,C1=CC=C2C(=C1)C(=O)N(C2=O)SC(Cl)(Cl)Cl,2477,133-07-3,HKIOYBQGHSTUDB-UHFFFAOYSA-N,296.6,"S,Cl"
Glucose isomerase from streptomyces rubiginosus,C1CN(CCN1C(=O)C2=CC=CC=C2Cl)S(=O)(=O)C3=CC=CC=C3,15268,9055-00-9,WNQJZQMIEZWFIN-UHFFFAOYSA-N,364.8,"S,Cl"
Kathon 930,CCCCCCCCN1C(=O)C(=C(S1)Cl)Cl,11353,64359-81-5,PORQOHRXAJJKGK-UHFFFAOYSA-N,282.2,"S,Cl"
Methanesulfonyl chloride,CS(=O)(=O)Cl,1990,124-63-0,QARBMVPHQWIHKH-UHFFFAOYSA-N,114.55,"S,Cl"
N-Phenyl-N-((trichloromethyl)thio)benzenesulfonamide,C1=CC=C(C=C1)N(SC(Cl)(Cl)Cl)S(=O)(=O)C2=CC=CC=C2,5192,2280-49-1,CAXJFBOSFXRPOJ-UHFFFAOYSA-N,382.7,"S,Cl"
o-Toluenesulfonyl chloride,CC1=CC=CC=C1S(=O)(=O)Cl,2482,133-59-5,HDECRAPHCDXMIJ-UHFFFAOYSA-N,190.65,"S,Cl"
P-Toluenesulfonyl chloride,CC1=CC=C(C=C1)S(=O)(=O)Cl,16002,98-59-9,YYROPELSRYBVMQ-UHFFFAOYSA-N,190.65,"S,Cl"
Pentachlorothiophenol,C1(=C(C(=C(C(=C1Cl)Cl)Cl)Cl)Cl)S,2481,133-49-3,LLMLGZUZTFMXSA-UHFFFAOYSA-N,282.4,"S,Cl"
"Phenol, 2,2'-thiobis(6-tert-butyl-4-chloro-",CC(C)(C)C1=C(C(=CC(=C1)Cl)SC2=CC(=CC(=C2O)C(C)(C)C)Cl)O,10487,6012-78-8,STBISWCOPIJZJA-UHFFFAOYSA-N,399.4,"S,Cl"
Tetradifon,C1=CC(=CC=C1S(=O)(=O)C2=CC(=C(C=C2Cl)Cl)Cl)Cl,1394,116-29-0,MLGCXEBRWGEOQX-UHFFFAOYSA-N,356,"S,Cl"
Thiacloprid,C1CSC(=NC#N)N1CC2=CN=C(C=C2)Cl,1200,111988-49-9,HOKKPVIRMVDYPB-UHFFFAOYSA-N,252.72,"S,Cl"
Thiamethoxam,CN\1COCN(/C1=N/[N+](=O)[O-])CC2=CN=C(S2)Cl,3443,153719-23-4,NWWZPOKUUAIXIW-DHZHZOJOSA-N,291.72,"S,Cl"
1-((Diiodomethyl)sulfonyl)-4-methylbenzene,CC1=CC=C(C=C1)S(=O)(=O)C(I)I,4665,20018-09-1,XOILGBPDXMVFIP-UHFFFAOYSA-N,422.02,"S,I"
"2-iodo-N-(7-methyl-[1,3]thiazolo[5,4-e][1,3]benzothiazol-2-yl)benzamide",CC1=NC2=C(S1)C=CC3=C2SC(=N3)NC(=O)C4=CC=CC=C4I,8181,394228-05-8,MPCFWEONUVXKGI-UHFFFAOYSA-N,451.3,"S,I"
